{"type": "FeatureCollection", "features": [{"id": "0", "type": "Feature", "properties": {"name": "road_network"}, "geometry": {"type": "MultiLineString", "coordinates": [[[616739.25, 3344592.75], [616738.75, 3344592.25], [616738.25, 3344592.25], [616737.75, 3344591.75], [616737.25, 3344591.75], [616736.75, 3344591.25], [616736.25, 3344591.25], [616735.75, 3344591.25], [616735.25, 3344590.75], [616734.75, 3344590.75], [616734.25, 3344590.25], [616733.75, 3344590.25], [616733.25, 3344589.75], [616732.75, 3344589.25], [616732.25, 3344588.75], [616731.75, 3344588.25], [616731.75, 3344587.75], [616731.25, 3344587.25], [616731.25, 3344586.75], [616730.75, 3344586.25], [616730.25, 3344585.75], [616730.25, 3344585.25], [616729.75, 3344584.75], [616729.75, 3344584.25], [616729.25, 3344583.75], [616729.25, 3344583.25], [616728.75, 3344582.75], [616728.75, 3344582.25], [616728.25, 3344581.75], [616728.25, 3344581.25], [616728.25, 3344580.75], [616727.75, 3344580.25], [616727.75, 3344579.75], [616727.25, 3344579.25], [616726.75, 3344578.75], [616726.25, 3344578.25], [616725.75, 3344577.75], [616725.25, 3344577.25], [616724.75, 3344576.75], [616724.25, 3344576.25]], [[616869.25, 3344592.75], [616868.75, 3344592.75], [616868.25, 3344592.75], [616867.75, 3344592.25], [616867.25, 3344592.25], [616866.75, 3344591.75], [616866.25, 3344591.75], [616865.75, 3344591.25], [616865.25, 3344591.25], [616864.75, 3344590.75], [616864.25, 3344590.75], [616863.75, 3344590.75], [616863.25, 3344590.25], [616862.75, 3344590.25], [616862.25, 3344589.75], [616861.75, 3344589.75], [616861.25, 3344589.25], [616860.75, 3344589.25], [616860.25, 3344588.75], [616859.75, 3344588.25], [616859.25, 3344587.75], [616858.75, 3344587.25], [616858.75, 3344586.75], [616858.75, 3344586.25], [616858.25, 3344585.75], [616857.75, 3344585.25], [616857.75, 3344584.75], [616857.75, 3344584.25], [616857.75, 3344583.75], [616857.25, 3344583.25], [616857.25, 3344582.75], [616857.25, 3344582.25], [616856.75, 3344581.75], [616856.75, 3344581.25], [616856.25, 3344580.75], [616856.25, 3344580.25], [616855.75, 3344579.75], [616855.75, 3344579.25], [616855.25, 3344578.75], [616855.25, 3344578.25], [616854.75, 3344577.75], [616854.75, 3344577.25], [616854.25, 3344576.75], [616854.25, 3344576.25], [616853.75, 3344575.75], [616853.25, 3344575.25], [616853.25, 3344574.75], [616852.75, 3344574.25], [616852.75, 3344573.75], [616852.25, 3344573.25], [616852.25, 3344572.75], [616851.75, 3344572.25], [616851.75, 3344571.75], [616851.25, 3344571.25], [616851.25, 3344570.75], [616851.25, 3344570.25], [616850.75, 3344569.75], [616850.75, 3344569.25], [616850.75, 3344568.75], [616850.25, 3344568.25], [616850.25, 3344567.75], [616849.75, 3344567.25], [616849.75, 3344566.75], [616849.25, 3344566.25], [616849.25, 3344565.75], [616849.25, 3344565.25], [616848.75, 3344564.75], [616848.25, 3344564.25], [616848.25, 3344563.75], [616848.25, 3344563.25], [616848.25, 3344562.75], [616847.75, 3344562.25], [616847.25, 3344561.75], [616846.75, 3344561.25], [616846.25, 3344560.75], [616845.75, 3344560.25], [616845.25, 3344559.75], [616844.75, 3344559.25], [616844.25, 3344558.75]], [[616916.75, 3344592.75], [616917.25, 3344592.75], [616917.75, 3344592.75], [616918.25, 3344592.75], [616918.75, 3344592.75], [616919.25, 3344592.75], [616919.75, 3344592.75], [616920.25, 3344592.75], [616920.75, 3344592.75], [616921.25, 3344592.75], [616921.75, 3344592.75], [616922.25, 3344592.75], [616922.75, 3344592.75], [616923.25, 3344592.75], [616923.75, 3344592.75], [616924.25, 3344592.75], [616924.75, 3344592.75], [616925.25, 3344592.75], [616925.75, 3344592.75], [616926.25, 3344592.75], [616926.75, 3344592.75], [616927.25, 3344592.75], [616927.75, 3344592.75], [616928.25, 3344592.75], [616928.75, 3344592.25], [616929.25, 3344592.25], [616929.75, 3344592.25], [616930.25, 3344592.25], [616930.75, 3344591.75], [616931.25, 3344591.75], [616931.75, 3344591.75], [616932.25, 3344591.75], [616932.75, 3344591.25], [616933.25, 3344591.25], [616933.75, 3344591.25], [616934.25, 3344591.25], [616934.75, 3344591.25], [616935.25, 3344591.25], [616935.75, 3344591.25], [616936.25, 3344591.25], [616936.75, 3344591.25], [616937.25, 3344591.25], [616937.75, 3344591.25], [616938.25, 3344591.25], [616938.75, 3344591.25], [616939.25, 3344591.25], [616939.75, 3344591.25], [616940.25, 3344591.25], [616940.75, 3344590.75], [616941.25, 3344590.75], [616941.75, 3344590.75], [616942.25, 3344590.75], [616942.75, 3344590.75], [616943.25, 3344590.25], [616943.75, 3344590.25], [616944.25, 3344590.25], [616944.75, 3344590.25], [616945.25, 3344590.25], [616945.75, 3344590.25], [616946.25, 3344589.75], [616946.75, 3344589.75], [616947.25, 3344589.75], [616947.75, 3344589.75], [616948.25, 3344589.75], [616948.75, 3344589.25], [616949.25, 3344589.25], [616949.75, 3344589.25], [616950.25, 3344589.25], [616950.75, 3344589.25], [616951.25, 3344589.25], [616951.75, 3344588.75], [616952.25, 3344588.75], [616952.75, 3344588.75], [616953.25, 3344588.75], [616953.75, 3344588.75], [616954.25, 3344588.25], [616954.75, 3344588.25], [616955.25, 3344587.75], [616955.75, 3344587.25], [616956.25, 3344587.25], [616956.75, 3344586.75], [616957.25, 3344586.75], [616957.75, 3344586.25], [616958.25, 3344586.25], [616958.75, 3344585.75], [616959.25, 3344585.75], [616959.75, 3344585.75], [616960.25, 3344585.25], [616960.75, 3344585.25], [616961.25, 3344584.75], [616961.75, 3344584.75], [616962.25, 3344584.25], [616962.75, 3344584.25], [616963.25, 3344583.75], [616963.75, 3344583.25], [616964.25, 3344582.75], [616964.75, 3344582.25], [616965.25, 3344582.25], [616965.75, 3344581.75], [616966.25, 3344581.25], [616966.75, 3344580.75], [616967.25, 3344580.75], [616967.75, 3344580.25], [616968.25, 3344580.25], [616968.75, 3344579.75], [616969.25, 3344579.25], [616969.75, 3344579.25], [616970.25, 3344578.75], [616970.75, 3344578.25], [616971.25, 3344578.25], [616971.75, 3344577.75], [616972.25, 3344577.75], [616972.75, 3344577.25], [616973.25, 3344577.25], [616973.75, 3344576.75], [616974.25, 3344576.75], [616974.75, 3344576.25], [616975.25, 3344576.25], [616975.75, 3344575.75], [616976.25, 3344575.75], [616976.75, 3344575.25], [616977.25, 3344575.25], [616977.75, 3344574.75], [616978.25, 3344574.75], [616978.75, 3344574.25], [616979.25, 3344574.25], [616979.75, 3344573.75], [616980.25, 3344573.75], [616980.75, 3344573.25], [616981.25, 3344573.25], [616981.75, 3344572.75], [616982.25, 3344572.25], [616982.75, 3344572.25], [616983.25, 3344571.75], [616983.75, 3344571.75], [616984.25, 3344571.25], [616984.75, 3344571.25], [616985.25, 3344570.75], [616985.75, 3344570.75], [616986.25, 3344570.25], [616986.75, 3344570.25], [616987.25, 3344570.25], [616987.75, 3344569.75], [616988.25, 3344569.75], [616988.75, 3344569.25], [616989.25, 3344569.25], [616989.75, 3344568.75], [616990.25, 3344568.75], [616990.75, 3344568.25], [616991.25, 3344568.25], [616991.75, 3344567.75], [616992.25, 3344567.75], [616992.75, 3344567.25], [616993.25, 3344567.25], [616993.75, 3344566.75], [616994.25, 3344566.75], [616994.75, 3344566.25], [616995.25, 3344566.25], [616995.75, 3344565.75], [616996.25, 3344565.75], [616996.75, 3344565.25], [616997.25, 3344565.25], [616997.75, 3344564.75], [616998.25, 3344564.75], [616998.75, 3344564.25], [616999.25, 3344564.25], [616999.75, 3344563.75], [617000.25, 3344563.75], [617000.75, 3344563.25], [617001.25, 3344563.25], [617001.75, 3344562.75], [617002.25, 3344562.75], [617002.75, 3344562.25], [617003.25, 3344562.25], [617003.75, 3344561.75], [617004.25, 3344561.75], [617004.75, 3344561.25], [617005.25, 3344561.25], [617005.75, 3344561.25], [617006.25, 3344560.75], [617006.75, 3344560.75], [617007.25, 3344560.25], [617007.75, 3344560.25], [617008.25, 3344560.25], [617008.75, 3344559.75], [617009.25, 3344559.75], [617009.75, 3344559.25], [617010.25, 3344559.25], [617010.75, 3344558.75], [617011.25, 3344558.75], [617011.75, 3344558.25], [617012.25, 3344558.25], [617012.75, 3344557.75], [617013.25, 3344557.75], [617013.75, 3344557.75], [617014.25, 3344557.25], [617014.75, 3344557.25], [617015.25, 3344556.75], [617015.75, 3344556.75], [617016.25, 3344556.75], [617016.75, 3344556.25], [617017.25, 3344556.25], [617017.75, 3344555.75], [617018.25, 3344555.75], [617018.75, 3344555.25], [617019.25, 3344555.25], [617019.75, 3344554.75], [617020.25, 3344554.75], [617020.75, 3344554.75], [617021.25, 3344554.25], [617021.75, 3344554.25], [617022.25, 3344553.75], [617022.75, 3344553.75], [617023.25, 3344553.25], [617023.75, 3344553.25], [617024.25, 3344552.75], [617024.75, 3344552.75], [617025.25, 3344552.75], [617025.75, 3344552.25], [617026.25, 3344552.25], [617026.75, 3344551.75], [617027.25, 3344551.75], [617027.75, 3344551.25], [617028.25, 3344551.25], [617028.75, 3344551.25], [617029.25, 3344550.75], [617029.75, 3344550.75], [617030.25, 3344550.25], [617030.75, 3344550.25], [617031.25, 3344549.75], [617031.75, 3344549.75], [617032.25, 3344549.25], [617032.75, 3344549.25], [617033.25, 3344548.75], [617033.75, 3344548.75], [617034.25, 3344548.25], [617034.75, 3344548.25], [617035.25, 3344547.75], [617035.75, 3344547.75], [617036.25, 3344547.75], [617036.75, 3344547.25], [617037.25, 3344547.25], [617037.75, 3344546.75], [617038.25, 3344546.75], [617038.75, 3344546.25], [617039.25, 3344546.25], [617039.75, 3344546.25], [617040.25, 3344545.75], [617040.75, 3344545.75], [617041.25, 3344545.25], [617041.75, 3344545.25], [617042.25, 3344544.75], [617042.75, 3344544.75], [617043.25, 3344544.25], [617043.75, 3344544.25], [617044.25, 3344544.25], [617044.75, 3344543.75], [617045.25, 3344543.75], [617045.75, 3344543.25], [617046.25, 3344543.25], [617046.75, 3344542.75], [617047.25, 3344542.75], [617047.75, 3344542.75], [617048.25, 3344542.25], [617048.75, 3344542.25], [617049.25, 3344541.75], [617049.75, 3344541.75], [617050.25, 3344541.25], [617050.75, 3344541.25], [617051.25, 3344540.75], [617051.75, 3344540.75], [617052.25, 3344540.25], [617052.75, 3344540.25], [617053.25, 3344539.75], [617053.75, 3344539.75], [617054.25, 3344539.25], [617054.75, 3344539.25], [617055.25, 3344539.25], [617055.75, 3344538.75], [617056.25, 3344538.75], [617056.75, 3344538.25], [617057.25, 3344538.25], [617057.75, 3344537.75], [617058.25, 3344537.75], [617058.75, 3344537.75], [617059.25, 3344537.25], [617059.75, 3344537.25], [617060.25, 3344536.75], [617060.75, 3344536.75], [617061.25, 3344536.75], [617061.75, 3344536.25], [617062.25, 3344536.25], [617062.75, 3344536.25], [617063.25, 3344535.75], [617063.75, 3344535.75], [617064.25, 3344535.25], [617064.75, 3344535.25], [617065.25, 3344534.75], [617065.75, 3344534.75], [617066.25, 3344534.75], [617066.75, 3344534.25], [617067.25, 3344534.25], [617067.75, 3344533.75], [617068.25, 3344533.75], [617068.75, 3344533.25], [617069.25, 3344533.25], [617069.75, 3344533.25], [617070.25, 3344532.75], [617070.75, 3344532.75], [617071.25, 3344532.25], [617071.75, 3344532.25], [617072.25, 3344531.75], [617072.75, 3344531.75], [617073.25, 3344531.25], [617073.75, 3344530.75], [617074.25, 3344530.75], [617074.75, 3344530.25], [617075.25, 3344530.25], [617075.75, 3344529.75], [617076.25, 3344529.75], [617076.75, 3344529.25], [617077.25, 3344529.25], [617077.75, 3344528.75], [617078.25, 3344528.75], [617078.75, 3344528.75], [617079.25, 3344528.25], [617079.75, 3344528.25], [617080.25, 3344527.75], [617080.75, 3344527.75], [617081.25, 3344527.25], [617081.75, 3344526.75], [617082.25, 3344526.75], [617082.75, 3344526.75], [617083.25, 3344526.25], [617083.75, 3344526.25], [617084.25, 3344526.25], [617084.75, 3344525.75], [617085.25, 3344525.75], [617085.75, 3344525.25], [617086.25, 3344525.25], [617086.75, 3344524.75], [617087.25, 3344524.75], [617087.75, 3344524.25], [617088.25, 3344524.25], [617088.75, 3344524.25], [617089.25, 3344523.75], [617089.75, 3344523.25], [617090.25, 3344523.25], [617090.75, 3344522.75], [617091.25, 3344522.75], [617091.75, 3344522.25], [617092.25, 3344521.25]], [[616706.25, 3344591.25], [616706.25, 3344590.75], [616706.75, 3344590.25], [616706.75, 3344589.75], [616706.75, 3344589.25], [616707.25, 3344588.75], [616707.25, 3344588.25], [616707.25, 3344587.75], [616707.75, 3344587.25], [616708.25, 3344587.25], [616708.75, 3344586.75], [616709.25, 3344586.25], [616709.75, 3344586.25], [616710.25, 3344585.75], [616710.75, 3344585.25], [616711.25, 3344584.75], [616711.75, 3344584.75], [616712.25, 3344584.25], [616712.75, 3344583.75], [616713.25, 3344583.25], [616713.75, 3344583.25], [616714.25, 3344582.75], [616714.75, 3344582.25], [616715.25, 3344581.75], [616715.75, 3344581.75], [616716.25, 3344581.25], [616716.75, 3344580.75], [616717.25, 3344580.75], [616717.75, 3344580.25], [616718.25, 3344579.75], [616718.75, 3344579.75], [616719.25, 3344579.25], [616719.75, 3344579.25], [616720.25, 3344579.25], [616720.75, 3344578.75], [616721.25, 3344578.75], [616721.75, 3344578.25], [616722.25, 3344578.25], [616722.75, 3344577.75], [616723.25, 3344577.25], [616723.75, 3344576.75], [616724.25, 3344576.25]], [[616831.25, 3344577.25], [616831.25, 3344576.75], [616831.25, 3344576.25], [616831.25, 3344575.75], [616831.25, 3344575.25], [616831.75, 3344574.75], [616831.75, 3344574.25], [616832.25, 3344573.75], [616832.25, 3344573.25], [616832.75, 3344572.75], [616833.25, 3344572.25], [616833.75, 3344571.75], [616833.75, 3344571.25], [616834.25, 3344570.75], [616834.25, 3344570.25], [616834.25, 3344569.75], [616834.75, 3344569.25], [616834.75, 3344568.75], [616834.75, 3344568.25], [616834.75, 3344567.75], [616835.25, 3344567.25], [616835.25, 3344566.75], [616835.25, 3344566.25], [616835.75, 3344565.75], [616835.75, 3344565.25], [616835.75, 3344564.75], [616836.25, 3344564.25], [616836.75, 3344563.75], [616837.25, 3344563.25], [616837.25, 3344562.75], [616837.75, 3344562.25], [616838.25, 3344561.75], [616838.75, 3344561.75], [616839.25, 3344561.25], [616839.75, 3344560.75], [616840.25, 3344560.75], [616840.75, 3344560.25], [616841.25, 3344559.75], [616841.75, 3344559.25], [616842.25, 3344559.25], [616842.75, 3344558.75], [616843.25, 3344558.75], [616844.25, 3344558.75]], [[616724.25, 3344576.25], [616724.25, 3344575.75], [616724.25, 3344575.25], [616724.25, 3344574.75], [616724.25, 3344574.25], [616724.25, 3344573.75], [616724.25, 3344573.25], [616724.25, 3344572.75], [616724.25, 3344572.25], [616724.25, 3344571.75], [616724.25, 3344571.25], [616724.25, 3344570.75], [616724.25, 3344570.25], [616724.25, 3344569.75], [616724.25, 3344569.25], [616724.25, 3344568.75], [616724.25, 3344568.25], [616724.25, 3344567.75], [616724.25, 3344567.25], [616724.25, 3344566.25]], [[617091.75, 3344574.75], [617091.75, 3344574.25], [617091.75, 3344573.75], [617091.25, 3344573.25], [617091.25, 3344572.75], [617091.25, 3344572.25], [617090.75, 3344571.75], [617090.75, 3344571.25], [617090.25, 3344570.75], [617090.25, 3344570.25], [617090.25, 3344569.75], [617090.25, 3344569.25], [617089.75, 3344568.75], [617089.75, 3344568.25], [617089.75, 3344567.75], [617089.25, 3344567.25], [617089.25, 3344566.75], [617089.25, 3344566.25], [617089.25, 3344565.75], [617089.25, 3344565.25], [617089.25, 3344564.75], [617089.25, 3344564.25], [617089.25, 3344563.75], [617089.25, 3344563.25], [617088.75, 3344562.75], [617088.75, 3344562.25], [617088.75, 3344561.75], [617088.75, 3344561.25], [617088.75, 3344560.75], [617088.75, 3344560.25]], [[616724.25, 3344566.25], [616723.25, 3344565.75], [616722.75, 3344565.25], [616722.25, 3344564.75], [616721.75, 3344564.75], [616721.25, 3344564.25], [616720.75, 3344564.25], [616720.25, 3344563.75], [616719.75, 3344563.25], [616719.75, 3344562.75], [616719.25, 3344562.25], [616718.75, 3344561.75], [616718.25, 3344561.25], [616717.75, 3344560.75], [616717.75, 3344560.25], [616717.25, 3344559.75], [616716.75, 3344559.25], [616716.25, 3344558.75], [616715.75, 3344558.25], [616715.75, 3344557.75], [616715.25, 3344557.25], [616715.25, 3344556.75], [616714.75, 3344556.25], [616714.25, 3344555.75], [616714.25, 3344555.25], [616713.75, 3344554.75], [616713.75, 3344554.25], [616713.25, 3344553.75], [616713.25, 3344553.25], [616712.75, 3344552.75], [616712.75, 3344552.25], [616712.25, 3344551.75], [616712.25, 3344551.25], [616711.75, 3344550.75], [616711.75, 3344550.25], [616711.25, 3344549.75], [616710.75, 3344549.25], [616710.75, 3344548.75], [616710.25, 3344548.25], [616710.25, 3344547.75], [616709.75, 3344547.25], [616709.25, 3344546.75], [616709.25, 3344546.25], [616709.25, 3344545.75], [616708.75, 3344545.25], [616708.25, 3344544.75], [616707.75, 3344544.25], [616707.75, 3344543.75], [616707.25, 3344543.25], [616707.25, 3344542.75], [616707.25, 3344542.25], [616707.25, 3344541.75], [616706.75, 3344541.25], [616706.75, 3344540.75], [616706.75, 3344540.25], [616706.75, 3344539.75], [616706.25, 3344539.25], [616706.25, 3344538.75], [616706.25, 3344538.25], [616706.25, 3344537.75], [616706.25, 3344537.25], [616705.75, 3344536.75], [616705.75, 3344536.25], [616705.75, 3344535.75], [616705.75, 3344535.25], [616705.75, 3344534.75], [616705.25, 3344534.25], [616705.25, 3344533.75], [616705.25, 3344533.25], [616705.25, 3344532.75], [616704.75, 3344532.25], [616704.75, 3344531.75]], [[616724.25, 3344566.25], [616725.25, 3344566.25], [616725.75, 3344565.75], [616726.25, 3344565.75], [616726.75, 3344565.25], [616727.25, 3344565.25], [616727.75, 3344564.75], [616728.25, 3344564.75], [616728.75, 3344564.25], [616729.25, 3344564.25], [616729.75, 3344563.75], [616730.25, 3344563.75], [616730.75, 3344563.75], [616731.25, 3344563.25], [616731.75, 3344562.75], [616732.25, 3344562.25], [616732.25, 3344561.75], [616732.75, 3344561.25], [616733.25, 3344560.75], [616733.75, 3344560.25], [616733.75, 3344559.75], [616734.25, 3344559.25], [616734.75, 3344558.75], [616735.25, 3344558.25], [616735.25, 3344557.75], [616735.75, 3344557.25], [616736.25, 3344556.75], [616736.25, 3344556.25], [616736.75, 3344555.75], [616737.25, 3344555.25], [616737.25, 3344554.75], [616737.75, 3344554.25], [616738.25, 3344553.75], [616738.25, 3344553.25], [616738.75, 3344552.75], [616738.75, 3344552.25], [616739.25, 3344551.75], [616739.75, 3344551.25], [616739.75, 3344550.75], [616740.25, 3344550.25], [616740.25, 3344549.75], [616740.75, 3344549.25], [616741.25, 3344548.75], [616741.25, 3344548.25], [616741.75, 3344547.75], [616742.25, 3344547.25], [616742.25, 3344546.75], [616742.75, 3344546.25], [616743.25, 3344545.75], [616743.25, 3344545.25], [616743.75, 3344544.75], [616744.25, 3344544.25], [616744.25, 3344543.75], [616744.75, 3344543.25], [616744.75, 3344542.75], [616745.25, 3344542.25], [616745.75, 3344541.75], [616745.75, 3344541.25], [616746.25, 3344540.75], [616746.25, 3344540.25], [616746.75, 3344539.75], [616747.25, 3344539.25], [616747.25, 3344538.75], [616747.75, 3344538.25], [616747.75, 3344537.75], [616748.25, 3344537.25], [616748.75, 3344536.75], [616748.75, 3344536.25], [616749.25, 3344535.75], [616749.75, 3344535.25], [616749.75, 3344534.75], [616750.25, 3344534.25], [616750.75, 3344533.75], [616750.75, 3344533.25], [616751.25, 3344532.75], [616751.25, 3344532.25], [616751.75, 3344531.75], [616752.25, 3344531.25], [616752.25, 3344530.75], [616752.75, 3344530.25], [616753.25, 3344529.75], [616753.25, 3344529.25], [616753.75, 3344528.75], [616754.25, 3344528.25], [616754.25, 3344527.75], [616754.75, 3344527.25], [616754.75, 3344526.75], [616755.25, 3344526.25], [616755.75, 3344525.75], [616755.75, 3344525.25], [616756.25, 3344524.75], [616756.25, 3344524.25], [616756.75, 3344523.75], [616757.25, 3344523.25], [616757.25, 3344522.75], [616757.75, 3344522.25], [616758.25, 3344521.75], [616758.25, 3344521.25], [616758.75, 3344520.75], [616758.75, 3344520.25], [616759.25, 3344519.75], [616759.75, 3344519.25], [616759.75, 3344518.75], [616760.25, 3344518.25], [616760.25, 3344517.75], [616760.75, 3344517.25], [616761.25, 3344516.75], [616761.25, 3344516.25], [616761.75, 3344515.75], [616762.25, 3344515.25], [616762.25, 3344514.75], [616762.75, 3344514.25], [616762.75, 3344513.75], [616763.25, 3344513.25], [616763.75, 3344512.75], [616763.75, 3344512.25], [616764.25, 3344511.75], [616764.25, 3344511.25], [616764.75, 3344510.75], [616765.25, 3344510.25], [616765.25, 3344509.75], [616765.75, 3344509.25], [616766.25, 3344508.75], [616766.25, 3344508.25], [616766.75, 3344507.75], [616766.75, 3344507.25], [616767.25, 3344506.75], [616767.75, 3344506.25], [616767.75, 3344505.75], [616768.25, 3344505.25], [616768.25, 3344504.75], [616768.75, 3344504.25], [616769.25, 3344503.75], [616769.25, 3344503.25], [616769.75, 3344502.75], [616770.25, 3344502.25], [616770.25, 3344501.75], [616770.75, 3344501.25], [616770.75, 3344500.75], [616771.25, 3344500.25], [616771.75, 3344499.75], [616771.75, 3344499.25], [616772.25, 3344498.75], [616772.75, 3344498.25], [616772.75, 3344497.75], [616773.25, 3344497.25], [616773.75, 3344496.75], [616773.75, 3344496.25], [616774.25, 3344495.75], [616774.25, 3344495.25], [616774.75, 3344494.75], [616775.25, 3344494.25], [616775.25, 3344493.75], [616775.75, 3344493.25], [616776.25, 3344492.75], [616776.25, 3344492.25], [616776.75, 3344491.75], [616776.75, 3344491.25], [616777.25, 3344490.75], [616777.75, 3344490.25], [616778.25, 3344489.75], [616778.25, 3344489.25], [616778.75, 3344488.75], [616778.75, 3344488.25], [616779.25, 3344487.75], [616779.75, 3344487.25], [616779.75, 3344486.75], [616780.25, 3344486.25], [616780.25, 3344485.75], [616780.75, 3344485.25], [616781.25, 3344484.75], [616781.25, 3344484.25], [616781.75, 3344483.75], [616782.25, 3344483.25], [616782.25, 3344482.75], [616782.75, 3344482.25], [616782.75, 3344481.75], [616783.25, 3344481.25], [616783.75, 3344480.75], [616783.75, 3344480.25], [616784.25, 3344479.75], [616784.75, 3344479.25], [616784.75, 3344478.75], [616785.25, 3344478.25], [616785.75, 3344477.75], [616785.75, 3344477.25], [616786.25, 3344476.75], [616786.25, 3344476.25], [616786.75, 3344475.75], [616787.25, 3344475.25], [616787.25, 3344474.75], [616787.75, 3344474.25], [616788.25, 3344473.75], [616788.25, 3344473.25], [616788.75, 3344472.75], [616789.25, 3344472.25], [616789.25, 3344471.75], [616789.75, 3344471.25], [616790.25, 3344470.75], [616790.75, 3344470.75], [616791.25, 3344470.25], [616791.75, 3344470.25], [616792.25, 3344469.75], [616792.75, 3344469.75], [616793.25, 3344469.25], [616793.75, 3344469.25], [616794.25, 3344468.75], [616794.75, 3344468.75], [616795.25, 3344468.25], [616795.75, 3344468.25], [616796.75, 3344467.75]], [[616844.25, 3344558.75], [616844.25, 3344557.75], [616844.25, 3344557.25], [616844.25, 3344556.75], [616844.75, 3344556.25], [616844.75, 3344555.75], [616844.75, 3344555.25], [616844.75, 3344554.75], [616844.75, 3344553.75]], [[616844.75, 3344553.75], [616843.75, 3344553.25], [616843.25, 3344552.75], [616842.75, 3344552.25], [616842.25, 3344551.75], [616842.25, 3344551.25], [616841.75, 3344550.75], [616841.75, 3344550.25], [616841.75, 3344549.75], [616841.25, 3344549.25], [616841.25, 3344548.75], [616841.25, 3344548.25], [616841.25, 3344547.75], [616840.75, 3344547.25], [616840.75, 3344546.75], [616840.75, 3344546.25], [616840.75, 3344545.75], [616840.75, 3344545.25], [616840.25, 3344544.75], [616840.25, 3344544.25], [616840.25, 3344543.75], [616840.25, 3344543.25], [616840.25, 3344542.75], [616840.25, 3344542.25], [616839.75, 3344541.75], [616839.75, 3344541.25], [616839.75, 3344540.75], [616839.75, 3344540.25], [616839.25, 3344539.75], [616839.25, 3344539.25], [616839.25, 3344538.75], [616838.75, 3344538.25], [616838.75, 3344537.75], [616838.25, 3344537.25], [616838.25, 3344536.75], [616837.75, 3344536.25], [616837.75, 3344535.75], [616837.25, 3344535.25], [616837.25, 3344534.75], [616836.75, 3344534.25], [616836.75, 3344533.75], [616836.25, 3344533.25], [616836.25, 3344532.75], [616835.75, 3344532.25], [616835.75, 3344531.75], [616835.25, 3344531.25], [616835.25, 3344530.75], [616834.75, 3344530.25], [616834.75, 3344529.75], [616834.25, 3344529.25], [616834.25, 3344528.75], [616833.75, 3344528.25], [616833.75, 3344527.75], [616833.25, 3344527.25], [616833.25, 3344526.75], [616832.75, 3344526.25], [616832.25, 3344525.75], [616832.25, 3344525.25], [616831.75, 3344524.75], [616831.75, 3344524.25], [616831.25, 3344523.75], [616831.25, 3344523.25], [616830.75, 3344522.75], [616830.75, 3344522.25], [616830.25, 3344521.75], [616830.25, 3344521.25], [616830.25, 3344520.75], [616829.75, 3344520.25], [616829.25, 3344519.75], [616829.25, 3344519.25], [616828.75, 3344518.75], [616828.75, 3344518.25], [616828.25, 3344517.75], [616828.25, 3344517.25], [616827.75, 3344516.75], [616827.75, 3344516.25], [616827.25, 3344515.75], [616827.25, 3344515.25], [616826.75, 3344514.75], [616826.75, 3344514.25], [616826.25, 3344513.75], [616826.25, 3344513.25], [616825.75, 3344512.75], [616825.75, 3344512.25], [616825.25, 3344511.75], [616824.75, 3344511.25], [616824.75, 3344510.75], [616824.25, 3344510.25], [616824.25, 3344509.75], [616823.75, 3344509.25], [616823.75, 3344508.75], [616823.25, 3344508.25], [616823.25, 3344507.75], [616822.75, 3344507.25], [616822.75, 3344506.75], [616822.25, 3344506.25], [616822.25, 3344505.75], [616821.75, 3344505.25], [616821.25, 3344504.75], [616821.25, 3344504.25], [616820.75, 3344503.75], [616820.75, 3344503.25], [616820.25, 3344502.75], [616820.25, 3344502.25], [616819.75, 3344501.75], [616819.25, 3344501.25], [616819.25, 3344500.75], [616818.75, 3344500.25], [616818.75, 3344499.75], [616818.25, 3344499.25], [616818.25, 3344498.75], [616817.75, 3344498.25], [616817.75, 3344497.75], [616817.25, 3344497.25], [616817.25, 3344496.75], [616816.75, 3344496.25], [616816.75, 3344495.75], [616816.25, 3344495.25], [616816.25, 3344494.75], [616815.75, 3344494.25], [616815.25, 3344493.75], [616815.25, 3344493.25], [616814.75, 3344492.75], [616814.75, 3344492.25], [616814.25, 3344491.75], [616814.25, 3344491.25], [616813.75, 3344490.75], [616813.75, 3344490.25], [616813.25, 3344489.75], [616813.25, 3344489.25], [616812.75, 3344488.75], [616812.75, 3344488.25], [616812.25, 3344487.75], [616812.25, 3344487.25], [616811.75, 3344486.75], [616811.75, 3344486.25], [616811.25, 3344485.75], [616811.25, 3344485.25], [616810.75, 3344484.75], [616810.75, 3344484.25], [616810.25, 3344483.75], [616810.25, 3344483.25], [616809.75, 3344482.75], [616809.25, 3344482.25], [616809.25, 3344481.75], [616808.75, 3344481.25], [616808.75, 3344480.75], [616808.75, 3344480.25], [616808.25, 3344479.75], [616808.25, 3344479.25], [616807.75, 3344478.75], [616807.75, 3344478.25], [616807.25, 3344477.75], [616807.25, 3344477.25], [616806.75, 3344476.75], [616806.75, 3344476.25], [616806.25, 3344475.75], [616805.75, 3344475.25], [616805.75, 3344474.75], [616805.25, 3344474.25], [616804.75, 3344473.75], [616804.75, 3344473.25], [616804.25, 3344472.75], [616803.75, 3344472.25], [616803.25, 3344471.75], [616802.75, 3344471.25], [616802.25, 3344470.75], [616801.75, 3344470.25], [616801.25, 3344470.25], [616800.75, 3344469.75], [616800.25, 3344469.75], [616799.75, 3344469.75], [616799.25, 3344469.25], [616798.75, 3344469.25], [616798.25, 3344468.75], [616797.75, 3344468.25], [616797.25, 3344468.25], [616796.75, 3344467.75]], [[616844.75, 3344553.75], [616845.25, 3344553.25], [616845.75, 3344552.75], [616846.25, 3344552.25], [616846.75, 3344552.25], [616847.25, 3344551.75], [616847.75, 3344551.25], [616848.25, 3344551.25], [616848.75, 3344550.75], [616849.25, 3344550.75], [616849.75, 3344550.75], [616850.25, 3344550.25], [616850.75, 3344550.25], [616851.25, 3344550.25], [616851.75, 3344550.25], [616852.25, 3344549.75], [616852.75, 3344549.75], [616853.25, 3344549.75], [616853.75, 3344549.25], [616854.25, 3344549.25], [616854.75, 3344548.75], [616855.25, 3344548.75], [616855.75, 3344548.25], [616856.25, 3344547.75], [616856.75, 3344547.75], [616857.25, 3344547.25], [616857.75, 3344547.25], [616858.25, 3344546.75], [616858.75, 3344546.75], [616859.25, 3344546.25], [616859.75, 3344546.25], [616860.25, 3344545.75], [616860.75, 3344545.75], [616861.25, 3344545.25], [616861.75, 3344544.75], [616862.25, 3344544.75], [616862.75, 3344544.25], [616863.25, 3344543.75], [616863.75, 3344543.75], [616864.25, 3344543.25], [616864.75, 3344542.75], [616865.25, 3344542.75], [616865.75, 3344542.25], [616866.25, 3344542.25], [616866.75, 3344541.75], [616867.25, 3344541.25], [616867.75, 3344540.75], [616868.25, 3344540.75], [616868.75, 3344540.25], [616869.25, 3344540.25], [616869.75, 3344539.75], [616870.25, 3344539.25], [616870.75, 3344539.25], [616871.25, 3344538.75], [616871.75, 3344538.25], [616872.25, 3344538.25], [616872.75, 3344537.75], [616873.25, 3344537.25], [616873.75, 3344537.25], [616874.25, 3344536.75], [616874.75, 3344536.25], [616875.25, 3344535.75], [616875.75, 3344535.75], [616876.25, 3344535.25], [616876.75, 3344534.75], [616877.25, 3344534.75], [616877.75, 3344534.25], [616878.25, 3344533.75], [616878.75, 3344533.75], [616879.25, 3344533.25], [616879.75, 3344532.75], [616880.25, 3344532.25], [616880.75, 3344531.75], [616881.25, 3344531.75], [616881.75, 3344531.25], [616882.25, 3344530.75], [616882.75, 3344530.75], [616883.25, 3344530.25], [616883.75, 3344529.75], [616884.25, 3344529.75], [616884.75, 3344529.25], [616885.25, 3344528.75], [616885.75, 3344528.75], [616886.25, 3344528.25], [616886.75, 3344527.75], [616887.25, 3344527.75], [616887.75, 3344527.25], [616888.25, 3344526.75], [616888.75, 3344526.25], [616889.25, 3344526.25], [616889.75, 3344525.75], [616890.25, 3344525.25], [616890.75, 3344525.25], [616891.25, 3344524.75], [616891.75, 3344524.75], [616892.25, 3344524.25], [616892.75, 3344523.75], [616893.25, 3344523.75], [616893.75, 3344523.25], [616894.25, 3344522.75], [616894.75, 3344522.75], [616895.25, 3344522.25], [616895.75, 3344521.75], [616896.25, 3344521.75], [616896.75, 3344521.25], [616897.25, 3344520.75], [616897.75, 3344520.75], [616898.25, 3344520.25], [616898.75, 3344519.75], [616899.25, 3344519.75], [616899.75, 3344519.25], [616900.25, 3344518.75], [616900.75, 3344518.25], [616901.25, 3344518.25], [616901.75, 3344517.75], [616902.25, 3344517.25], [616902.75, 3344516.75], [616903.25, 3344516.75], [616903.75, 3344516.25], [616904.25, 3344515.75], [616904.75, 3344515.25], [616905.25, 3344514.75], [616905.75, 3344514.75], [616906.25, 3344514.25], [616906.75, 3344513.75], [616907.25, 3344513.75], [616907.75, 3344513.25], [616908.25, 3344513.25], [616908.75, 3344512.75], [616909.25, 3344512.25], [616909.75, 3344512.25], [616910.25, 3344511.75], [616910.75, 3344511.25], [616911.25, 3344511.25], [616911.75, 3344510.75], [616912.25, 3344510.75], [616912.75, 3344510.25], [616913.25, 3344510.25], [616913.75, 3344509.75], [616914.25, 3344509.25], [616914.75, 3344509.25], [616915.25, 3344508.75], [616915.75, 3344508.75], [616916.25, 3344508.25], [616916.75, 3344508.25], [616917.25, 3344507.75], [616917.75, 3344507.25], [616918.25, 3344507.25], [616918.75, 3344506.75], [616919.25, 3344506.75], [616919.75, 3344506.25], [616920.25, 3344505.75], [616920.75, 3344505.75], [616921.25, 3344505.25], [616921.75, 3344505.25], [616922.25, 3344504.75], [616922.75, 3344504.75], [616923.25, 3344504.25], [616923.75, 3344504.25], [616924.25, 3344503.75], [616924.75, 3344503.75], [616925.25, 3344503.25], [616925.75, 3344502.75], [616926.25, 3344502.75], [616926.75, 3344502.25], [616927.25, 3344502.25], [616927.75, 3344501.75], [616928.25, 3344501.75], [616928.75, 3344501.25], [616929.25, 3344500.75], [616929.75, 3344500.75], [616930.25, 3344500.25], [616930.75, 3344499.75], [616931.25, 3344499.25], [616931.75, 3344499.25], [616932.25, 3344498.75], [616932.75, 3344498.25], [616933.25, 3344497.75], [616933.75, 3344497.25], [616933.75, 3344496.75], [616934.25, 3344496.25], [616934.25, 3344495.25]], [[617216.25, 3344532.75], [617216.25, 3344532.25], [617215.75, 3344531.75], [617215.75, 3344531.25], [617215.75, 3344530.75], [617215.75, 3344530.25], [617215.25, 3344529.75], [617215.25, 3344529.25], [617215.25, 3344528.75], [617215.25, 3344528.25], [617215.25, 3344527.75], [617214.75, 3344527.25], [617214.75, 3344526.75], [617214.75, 3344526.25], [617214.75, 3344525.75], [617214.25, 3344525.25], [617214.25, 3344524.75], [617214.25, 3344524.25], [617214.25, 3344523.75], [617214.25, 3344523.25], [617213.75, 3344522.75], [617213.75, 3344522.25], [617213.75, 3344521.75], [617213.75, 3344521.25], [617213.75, 3344520.75], [617213.25, 3344520.25], [617213.25, 3344519.75], [617213.25, 3344519.25], [617213.25, 3344518.75], [617212.75, 3344518.25], [617212.25, 3344518.25], [617211.75, 3344517.75], [617211.75, 3344517.25], [617211.25, 3344516.75], [617211.25, 3344516.25], [617210.75, 3344515.75], [617210.25, 3344515.25], [617210.25, 3344514.75], [617209.75, 3344514.25], [617209.75, 3344513.75], [617209.25, 3344513.25], [617209.25, 3344512.75], [617208.75, 3344512.25], [617208.75, 3344511.75], [617208.25, 3344511.25], [617208.25, 3344510.75], [617208.25, 3344510.25], [617207.75, 3344509.75], [617207.25, 3344509.25], [617207.25, 3344508.75], [617206.75, 3344508.25], [617206.75, 3344507.75], [617206.25, 3344507.25], [617206.25, 3344506.75], [617205.75, 3344506.25], [617205.25, 3344505.75], [617205.25, 3344505.25], [617204.75, 3344504.75], [617204.75, 3344504.25], [617204.25, 3344503.75], [617204.25, 3344503.25], [617203.75, 3344502.75], [617203.75, 3344502.25], [617203.25, 3344501.75], [617203.25, 3344501.25], [617203.25, 3344500.75], [617202.75, 3344500.25], [617202.25, 3344499.75], [617202.25, 3344499.25], [617201.75, 3344498.75], [617201.75, 3344498.25], [617201.25, 3344497.75], [617201.25, 3344497.25], [617200.75, 3344496.75], [617200.75, 3344496.25], [617200.25, 3344495.75], [617199.75, 3344495.25], [617199.75, 3344494.75], [617199.25, 3344494.25], [617199.25, 3344493.75], [617198.75, 3344493.25], [617198.75, 3344492.75], [617198.25, 3344492.25], [617197.75, 3344491.75], [617197.75, 3344491.25], [617197.25, 3344490.75], [617197.25, 3344490.25], [617197.25, 3344489.75], [617196.75, 3344489.25], [617196.75, 3344488.75], [617196.25, 3344488.25], [617196.25, 3344487.75], [617195.75, 3344487.25], [617195.75, 3344486.75], [617195.25, 3344486.25], [617195.25, 3344485.75], [617194.75, 3344485.25], [617194.75, 3344484.75], [617194.25, 3344484.25], [617194.25, 3344483.75], [617194.25, 3344483.25], [617193.75, 3344482.75], [617193.25, 3344482.25], [617193.25, 3344481.75], [617193.25, 3344481.25], [617192.75, 3344480.75], [617192.75, 3344480.25], [617192.25, 3344479.75], [617192.25, 3344479.25], [617192.25, 3344478.75], [617191.75, 3344478.25], [617191.75, 3344477.75], [617191.75, 3344477.25], [617191.75, 3344476.75], [617191.25, 3344476.25], [617191.25, 3344475.75], [617190.75, 3344475.25], [617190.25, 3344474.75], [617189.75, 3344474.25], [617189.25, 3344473.75], [617188.25, 3344472.75]], [[617092.25, 3344521.25], [617091.25, 3344520.75], [617090.75, 3344520.25], [617090.25, 3344519.75], [617089.75, 3344519.25], [617089.25, 3344518.75], [617088.75, 3344518.25], [617088.25, 3344517.75], [617088.25, 3344517.25], [617088.25, 3344516.75], [617088.25, 3344516.25], [617088.25, 3344515.75], [617088.25, 3344515.25], [617088.25, 3344514.75]], [[617092.25, 3344521.25], [617093.25, 3344521.25], [617093.75, 3344521.25], [617094.25, 3344521.25], [617094.75, 3344521.25], [617095.25, 3344520.75], [617095.75, 3344520.75], [617096.25, 3344520.25], [617096.75, 3344519.75], [617097.25, 3344519.75], [617097.75, 3344519.75], [617098.25, 3344519.25], [617098.75, 3344519.25], [617099.25, 3344519.25], [617099.75, 3344519.25], [617100.25, 3344519.25], [617100.75, 3344519.25], [617101.25, 3344518.75], [617101.75, 3344518.75], [617102.25, 3344518.75], [617102.75, 3344518.75], [617103.25, 3344518.75], [617103.75, 3344518.75], [617104.25, 3344518.75], [617104.75, 3344518.25], [617105.25, 3344518.25], [617105.75, 3344517.75], [617106.25, 3344517.75], [617106.75, 3344517.25], [617107.25, 3344517.25], [617107.75, 3344516.75], [617108.25, 3344516.75], [617108.75, 3344516.25], [617109.25, 3344516.25], [617109.75, 3344515.75], [617110.25, 3344515.25], [617110.75, 3344515.25], [617111.25, 3344514.75], [617111.75, 3344514.75], [617112.25, 3344514.25], [617112.75, 3344514.25], [617113.25, 3344513.75], [617113.75, 3344513.75], [617114.25, 3344513.25], [617114.75, 3344512.75], [617115.25, 3344512.75], [617115.75, 3344512.25], [617116.25, 3344512.25], [617116.75, 3344511.75], [617117.25, 3344511.75], [617117.75, 3344511.75], [617118.25, 3344511.25], [617118.75, 3344511.25], [617119.25, 3344510.75], [617119.75, 3344510.25], [617120.25, 3344510.25], [617120.75, 3344510.25], [617121.25, 3344509.75], [617121.75, 3344509.75], [617122.25, 3344509.25], [617122.75, 3344509.25], [617123.25, 3344508.75], [617123.75, 3344508.75], [617124.25, 3344508.25], [617124.75, 3344508.25], [617125.25, 3344507.75], [617125.75, 3344507.75], [617126.25, 3344507.25], [617126.75, 3344507.25], [617127.25, 3344506.75], [617127.75, 3344506.75], [617128.25, 3344506.25], [617128.75, 3344506.25], [617129.25, 3344505.75], [617129.75, 3344505.75], [617130.25, 3344505.25], [617130.75, 3344505.25], [617131.25, 3344504.75], [617131.75, 3344504.25], [617132.25, 3344504.25], [617132.75, 3344503.75], [617133.25, 3344503.75], [617133.75, 3344503.25], [617134.25, 3344503.25], [617134.75, 3344502.75], [617135.25, 3344502.75], [617135.75, 3344502.25], [617136.25, 3344502.25], [617136.75, 3344501.75], [617137.25, 3344501.25], [617137.75, 3344501.25], [617138.25, 3344500.75], [617138.75, 3344500.75], [617139.25, 3344500.25], [617139.75, 3344500.25], [617140.25, 3344499.75], [617140.75, 3344499.25], [617141.25, 3344499.25], [617141.75, 3344498.75], [617142.25, 3344498.75], [617142.75, 3344498.25], [617143.25, 3344498.25], [617143.75, 3344497.75], [617144.25, 3344497.25], [617144.75, 3344497.25], [617145.25, 3344496.75], [617145.75, 3344496.75], [617146.25, 3344496.25], [617146.75, 3344496.25], [617147.25, 3344495.75], [617147.75, 3344495.25], [617148.25, 3344495.25], [617148.75, 3344494.75], [617149.25, 3344494.25], [617149.75, 3344494.25], [617150.25, 3344493.75], [617150.75, 3344493.75], [617151.25, 3344493.25], [617151.75, 3344492.75], [617152.25, 3344492.75], [617152.75, 3344492.25], [617153.25, 3344492.25], [617153.75, 3344491.75], [617154.25, 3344491.75], [617154.75, 3344491.25], [617155.25, 3344491.25], [617155.75, 3344490.75], [617156.25, 3344490.75], [617156.75, 3344490.25], [617157.25, 3344490.25], [617157.75, 3344489.75], [617158.25, 3344489.25], [617158.75, 3344489.25], [617159.25, 3344488.75], [617159.75, 3344488.75], [617160.25, 3344488.25], [617160.75, 3344488.25], [617161.25, 3344487.75], [617161.75, 3344487.75], [617162.25, 3344487.25], [617162.75, 3344487.25], [617163.25, 3344486.75], [617163.75, 3344486.75], [617164.25, 3344486.25], [617164.75, 3344485.75], [617165.25, 3344485.75], [617165.75, 3344485.25], [617166.25, 3344485.25], [617166.75, 3344484.75], [617167.25, 3344484.75], [617167.75, 3344484.25], [617168.25, 3344484.25], [617168.75, 3344483.75], [617169.25, 3344483.75], [617169.75, 3344483.25], [617170.25, 3344483.25], [617170.75, 3344482.75], [617171.25, 3344482.75], [617171.75, 3344482.25], [617172.25, 3344481.75], [617172.75, 3344481.75], [617173.25, 3344481.25], [617173.75, 3344481.25], [617174.25, 3344480.75], [617174.75, 3344480.25], [617175.25, 3344480.25], [617175.75, 3344479.75], [617176.25, 3344479.75], [617176.75, 3344479.25], [617177.25, 3344479.25], [617177.75, 3344478.75], [617178.25, 3344478.75], [617178.75, 3344478.25], [617179.25, 3344478.25], [617179.75, 3344477.75], [617180.25, 3344477.75], [617180.75, 3344477.25], [617181.25, 3344476.75], [617181.75, 3344476.75], [617182.25, 3344476.75], [617182.75, 3344476.25], [617183.25, 3344476.25], [617183.75, 3344476.25], [617184.25, 3344475.75], [617184.75, 3344475.75], [617185.25, 3344475.25], [617185.75, 3344475.25], [617186.25, 3344474.75], [617186.75, 3344474.25], [617187.25, 3344473.75], [617188.25, 3344472.75]], [[617089.75, 3344507.75], [617089.75, 3344507.25], [617089.25, 3344506.75], [617089.25, 3344506.25], [617089.25, 3344505.75], [617089.25, 3344505.25], [617089.25, 3344504.75], [617089.25, 3344504.25], [617088.75, 3344503.75], [617088.25, 3344503.25], [617088.25, 3344502.75], [617088.25, 3344502.25], [617087.75, 3344501.75], [617087.75, 3344501.25], [617087.25, 3344500.75], [617087.25, 3344500.25], [617087.25, 3344499.75], [617087.75, 3344499.25], [617087.75, 3344498.75], [617087.75, 3344498.25]], [[616934.25, 3344495.25], [616935.25, 3344495.25], [616935.75, 3344495.25], [616936.25, 3344495.25], [616936.75, 3344495.25], [616937.25, 3344495.25], [616937.75, 3344494.75], [616938.25, 3344494.75], [616938.75, 3344494.75], [616939.25, 3344494.75], [616939.75, 3344494.75], [616940.25, 3344494.25], [616940.75, 3344494.25], [616941.25, 3344494.25], [616941.75, 3344494.25], [616942.25, 3344493.75], [616942.75, 3344493.75], [616943.25, 3344493.25], [616943.75, 3344493.25], [616944.25, 3344493.25], [616944.75, 3344492.75], [616945.25, 3344492.25], [616945.75, 3344492.25], [616946.25, 3344491.75], [616946.75, 3344491.25], [616947.25, 3344491.25], [616947.75, 3344490.75], [616948.25, 3344490.75], [616948.75, 3344490.25], [616949.25, 3344490.25], [616949.75, 3344490.25], [616950.25, 3344489.75], [616950.75, 3344489.25], [616951.25, 3344489.25], [616951.75, 3344488.75], [616952.25, 3344488.75], [616952.75, 3344488.25], [616953.25, 3344488.25], [616953.75, 3344487.75], [616954.25, 3344487.75], [616954.75, 3344487.25], [616955.25, 3344487.25], [616955.75, 3344487.25], [616956.25, 3344486.75], [616956.75, 3344486.75], [616957.25, 3344486.25], [616957.75, 3344486.25], [616958.25, 3344485.75], [616958.75, 3344485.75], [616959.25, 3344485.25], [616959.75, 3344484.75]], [[616934.25, 3344495.25], [616934.25, 3344494.25], [616933.75, 3344493.75], [616933.75, 3344493.25], [616933.75, 3344492.75], [616933.75, 3344492.25], [616933.75, 3344491.75], [616933.75, 3344491.25], [616933.25, 3344490.75], [616933.25, 3344490.25], [616933.25, 3344489.75], [616932.75, 3344489.25], [616932.75, 3344488.75], [616932.25, 3344488.25], [616932.25, 3344487.75], [616931.75, 3344487.25], [616931.75, 3344486.75], [616931.25, 3344486.25], [616931.25, 3344485.75], [616930.75, 3344485.25], [616930.75, 3344484.75], [616930.25, 3344484.25], [616930.25, 3344483.75], [616929.75, 3344483.25], [616929.75, 3344482.75], [616929.25, 3344482.25], [616928.75, 3344481.75], [616928.75, 3344481.25], [616928.25, 3344480.75], [616928.25, 3344480.25], [616927.75, 3344479.75], [616927.75, 3344479.25], [616927.25, 3344478.75], [616927.25, 3344478.25], [616926.75, 3344477.75], [616926.75, 3344477.25], [616926.25, 3344476.75], [616925.75, 3344476.25], [616925.75, 3344475.75], [616925.25, 3344475.25], [616925.25, 3344474.75], [616924.75, 3344474.25], [616924.75, 3344473.75], [616924.25, 3344473.25], [616924.25, 3344472.75], [616923.75, 3344472.25], [616923.75, 3344471.75], [616923.25, 3344471.25], [616922.75, 3344470.75], [616922.75, 3344470.25], [616922.25, 3344469.75], [616921.75, 3344469.25], [616921.75, 3344468.75], [616921.25, 3344468.25], [616921.25, 3344467.75], [616920.75, 3344467.25], [616920.75, 3344466.75], [616920.25, 3344466.25], [616920.25, 3344465.75], [616919.75, 3344465.25], [616919.75, 3344464.75], [616919.25, 3344464.25], [616918.75, 3344463.75], [616918.75, 3344463.25], [616918.25, 3344462.75], [616917.75, 3344462.25], [616917.75, 3344461.75], [616917.25, 3344461.25], [616917.25, 3344460.75], [616916.75, 3344460.25], [616916.75, 3344459.75], [616916.25, 3344459.25], [616915.75, 3344458.75], [616915.75, 3344458.25], [616915.25, 3344457.75], [616915.25, 3344457.25], [616914.75, 3344456.75], [616914.25, 3344456.25], [616914.25, 3344455.75], [616913.75, 3344455.25], [616913.75, 3344454.75], [616913.25, 3344454.25], [616913.25, 3344453.75], [616912.75, 3344453.25], [616912.75, 3344452.75], [616912.25, 3344452.25], [616912.25, 3344451.75], [616911.75, 3344451.25], [616911.25, 3344450.75], [616911.25, 3344450.25], [616910.75, 3344449.75], [616910.75, 3344449.25], [616910.25, 3344448.75], [616910.25, 3344448.25], [616909.75, 3344447.75], [616909.75, 3344447.25], [616909.25, 3344446.75], [616909.25, 3344446.25], [616908.75, 3344445.75], [616908.75, 3344445.25], [616908.25, 3344444.75], [616908.25, 3344444.25], [616907.75, 3344443.75], [616907.75, 3344443.25], [616907.25, 3344442.75], [616907.25, 3344442.25], [616907.25, 3344441.75], [616906.75, 3344441.25], [616906.25, 3344440.75], [616905.75, 3344440.25], [616905.75, 3344439.75], [616905.25, 3344439.25], [616905.25, 3344438.75], [616904.75, 3344438.25], [616904.75, 3344437.75], [616904.25, 3344437.25], [616904.25, 3344436.75], [616903.75, 3344436.25], [616903.75, 3344435.75], [616903.25, 3344435.25], [616903.25, 3344434.75], [616902.75, 3344434.25], [616902.75, 3344433.75], [616902.75, 3344433.25], [616902.25, 3344432.75], [616901.75, 3344432.25], [616901.25, 3344431.75], [616901.25, 3344431.25], [616900.75, 3344430.75], [616900.75, 3344430.25], [616900.25, 3344429.75], [616900.25, 3344429.25], [616899.75, 3344428.75], [616899.75, 3344428.25], [616899.25, 3344427.75], [616899.25, 3344427.25], [616898.75, 3344426.75], [616898.75, 3344426.25], [616898.25, 3344425.75], [616898.25, 3344425.25], [616897.75, 3344424.75], [616897.25, 3344424.25], [616897.25, 3344423.75], [616896.75, 3344423.25], [616896.75, 3344422.75], [616896.25, 3344422.25], [616896.25, 3344421.75], [616895.75, 3344421.25], [616895.75, 3344420.75], [616895.25, 3344420.25], [616895.25, 3344419.75], [616894.75, 3344419.25], [616894.75, 3344418.75], [616894.25, 3344418.25], [616893.75, 3344417.75], [616893.75, 3344417.25], [616893.25, 3344416.75], [616893.25, 3344416.25], [616892.75, 3344415.75], [616892.75, 3344415.25], [616892.25, 3344414.75], [616892.25, 3344414.25], [616891.75, 3344413.75], [616891.75, 3344413.25], [616891.25, 3344412.75], [616891.25, 3344412.25], [616890.75, 3344411.75], [616890.75, 3344411.25], [616890.25, 3344410.75], [616890.25, 3344410.25], [616889.75, 3344409.75], [616889.75, 3344409.25], [616889.25, 3344408.75], [616889.25, 3344408.25], [616888.75, 3344407.75], [616888.75, 3344407.25], [616888.25, 3344406.75], [616888.25, 3344406.25], [616887.75, 3344405.75], [616887.75, 3344405.25], [616887.25, 3344404.75], [616887.25, 3344404.25], [616886.75, 3344403.75], [616886.25, 3344403.25], [616886.25, 3344402.75], [616885.75, 3344402.25], [616885.25, 3344401.75], [616885.25, 3344401.25], [616884.75, 3344400.75], [616884.75, 3344400.25], [616884.25, 3344399.75], [616884.25, 3344399.25], [616883.75, 3344398.75], [616883.75, 3344398.25], [616883.25, 3344397.75], [616883.25, 3344397.25], [616882.75, 3344396.75], [616882.75, 3344396.25], [616882.25, 3344395.75], [616882.25, 3344395.25], [616881.75, 3344394.75], [616881.25, 3344394.25], [616881.25, 3344393.75], [616880.75, 3344393.25], [616880.75, 3344392.75], [616880.25, 3344392.25], [616880.25, 3344391.75], [616880.25, 3344391.25], [616879.75, 3344390.75], [616879.25, 3344390.25], [616879.25, 3344389.75], [616878.75, 3344389.25], [616878.75, 3344388.75], [616878.25, 3344388.25], [616878.25, 3344387.75], [616877.75, 3344387.25], [616877.75, 3344386.75], [616877.25, 3344386.25], [616877.25, 3344385.75], [616876.75, 3344385.25], [616876.25, 3344384.75], [616876.25, 3344384.25], [616875.75, 3344383.75], [616875.75, 3344383.25], [616875.25, 3344382.75], [616875.25, 3344382.25], [616874.75, 3344381.75], [616874.75, 3344381.25], [616874.25, 3344380.75], [616874.25, 3344380.25], [616873.75, 3344379.75], [616873.75, 3344379.25], [616873.25, 3344378.75], [616873.25, 3344378.25], [616872.75, 3344377.75], [616872.75, 3344377.25], [616872.25, 3344376.75], [616872.25, 3344376.25], [616871.75, 3344375.75], [616871.75, 3344375.25], [616871.25, 3344374.75], [616871.25, 3344374.25], [616870.75, 3344373.75], [616870.75, 3344373.25], [616870.25, 3344372.75], [616870.25, 3344372.25], [616869.75, 3344371.75], [616869.75, 3344371.25], [616869.25, 3344370.75], [616869.25, 3344370.25], [616868.75, 3344369.75], [616868.25, 3344369.25], [616868.25, 3344368.75], [616867.75, 3344368.25], [616867.25, 3344367.75], [616866.75, 3344367.25], [616866.25, 3344366.75], [616865.75, 3344366.25], [616865.25, 3344365.25]], [[617078.25, 3344481.25], [617077.75, 3344480.75], [617077.75, 3344480.25], [617077.25, 3344479.75], [617076.75, 3344479.25], [617076.75, 3344478.75], [617076.25, 3344478.25], [617075.75, 3344477.75], [617075.75, 3344477.25], [617075.25, 3344476.75], [617074.75, 3344476.25], [617074.75, 3344475.75], [617074.25, 3344475.25], [617073.75, 3344474.75], [617073.25, 3344474.25], [617072.75, 3344473.75], [617072.25, 3344473.25], [617072.25, 3344472.75], [617071.75, 3344472.25], [617071.75, 3344471.75], [617071.25, 3344471.25], [617070.75, 3344470.75], [617070.75, 3344470.25], [617070.25, 3344469.75], [617069.75, 3344469.25], [617069.25, 3344468.75], [617069.25, 3344468.25], [617068.75, 3344467.75], [617068.25, 3344467.25], [617067.75, 3344466.75], [617067.25, 3344466.25], [617066.75, 3344465.75], [617066.25, 3344465.75]], [[617188.25, 3344472.75], [617187.25, 3344472.25], [617186.75, 3344471.75], [617186.25, 3344471.25], [617185.75, 3344470.75], [617185.75, 3344470.25], [617185.25, 3344469.75], [617185.25, 3344469.25], [617185.25, 3344468.75], [617184.75, 3344468.25], [617184.75, 3344467.75], [617184.75, 3344467.25], [617184.25, 3344466.75], [617184.25, 3344466.25], [617183.75, 3344465.75], [617183.75, 3344465.25], [617183.25, 3344464.75], [617183.25, 3344464.25], [617182.75, 3344463.75], [617182.75, 3344463.25], [617182.25, 3344462.75], [617181.75, 3344462.25], [617181.75, 3344461.75], [617181.25, 3344461.25], [617181.25, 3344460.75], [617180.75, 3344460.25], [617180.75, 3344459.75], [617180.25, 3344459.25], [617180.25, 3344458.75], [617179.75, 3344458.25], [617179.75, 3344457.75], [617179.75, 3344457.25], [617179.25, 3344456.75], [617178.75, 3344456.25], [617178.25, 3344455.75], [617178.25, 3344455.25], [617177.75, 3344454.75], [617177.75, 3344454.25], [617177.25, 3344453.75], [617177.25, 3344453.25], [617176.75, 3344452.75], [617176.25, 3344452.25], [617176.25, 3344451.75], [617175.75, 3344451.25], [617175.75, 3344450.75], [617175.25, 3344450.25], [617175.25, 3344449.75], [617174.75, 3344449.25], [617174.75, 3344448.75], [617174.25, 3344448.25], [617174.25, 3344447.75], [617173.75, 3344447.25], [617173.75, 3344446.75], [617173.25, 3344446.25], [617173.25, 3344445.75], [617172.75, 3344445.25], [617172.25, 3344444.75], [617172.25, 3344444.25], [617171.75, 3344443.75], [617171.75, 3344443.25], [617171.25, 3344442.75], [617171.25, 3344442.25], [617170.75, 3344441.75], [617170.75, 3344441.25], [617170.25, 3344440.75], [617170.25, 3344440.25], [617169.75, 3344439.75], [617169.75, 3344439.25], [617169.25, 3344438.75], [617169.25, 3344438.25], [617168.75, 3344437.75], [617168.75, 3344437.25], [617168.25, 3344436.75], [617168.25, 3344436.25], [617167.75, 3344435.75], [617167.75, 3344435.25], [617167.25, 3344434.75], [617167.25, 3344434.25], [617166.75, 3344433.75], [617166.75, 3344433.25], [617166.25, 3344432.75], [617166.25, 3344432.25], [617165.75, 3344431.75], [617165.25, 3344431.25], [617165.25, 3344430.75], [617164.75, 3344430.25], [617164.75, 3344429.75], [617164.25, 3344429.25], [617164.25, 3344428.75], [617163.75, 3344428.25], [617163.75, 3344427.75], [617163.25, 3344427.25], [617163.25, 3344426.75], [617162.75, 3344426.25], [617162.75, 3344425.75], [617162.25, 3344425.25], [617162.25, 3344424.75], [617161.75, 3344424.25], [617161.25, 3344423.75], [617161.25, 3344423.25], [617161.25, 3344422.75], [617160.75, 3344422.25], [617160.75, 3344421.75], [617160.25, 3344421.25], [617159.75, 3344420.75], [617159.75, 3344420.25], [617159.25, 3344419.75], [617159.25, 3344419.25], [617158.75, 3344418.75], [617158.75, 3344418.25], [617158.25, 3344417.75], [617158.25, 3344417.25], [617157.75, 3344416.75], [617157.75, 3344416.25], [617157.25, 3344415.75], [617157.25, 3344415.25], [617156.75, 3344414.75], [617156.25, 3344414.25], [617156.25, 3344413.75], [617155.75, 3344413.25], [617155.75, 3344412.75], [617155.25, 3344412.25], [617155.25, 3344411.75], [617154.75, 3344411.25], [617154.75, 3344410.75], [617154.25, 3344410.25], [617154.25, 3344409.75], [617153.75, 3344409.25], [617153.75, 3344408.75], [617153.25, 3344408.25], [617153.25, 3344407.75], [617152.75, 3344407.25], [617152.75, 3344406.75], [617152.25, 3344406.25], [617152.25, 3344405.75], [617151.75, 3344405.25], [617151.25, 3344404.75], [617151.25, 3344404.25], [617150.75, 3344403.75], [617150.75, 3344403.25], [617150.25, 3344402.75], [617150.25, 3344402.25], [617149.75, 3344401.75], [617149.25, 3344401.25], [617149.25, 3344400.75], [617148.75, 3344400.25], [617148.75, 3344399.75], [617148.25, 3344399.25], [617147.75, 3344398.75], [617147.75, 3344398.25], [617147.25, 3344397.75], [617147.25, 3344397.25], [617146.75, 3344396.75], [617146.75, 3344396.25], [617146.25, 3344395.75], [617145.75, 3344395.25], [617145.75, 3344394.75], [617145.25, 3344394.25], [617145.25, 3344393.75], [617144.75, 3344393.25], [617144.25, 3344392.75], [617144.25, 3344392.25], [617143.75, 3344391.75], [617143.75, 3344391.25], [617143.25, 3344390.75], [617143.25, 3344390.25], [617142.75, 3344389.75], [617142.25, 3344389.25], [617142.25, 3344388.75], [617141.75, 3344388.25], [617141.75, 3344387.75], [617141.25, 3344387.25], [617141.25, 3344386.75], [617141.25, 3344386.25], [617140.75, 3344385.75], [617140.25, 3344385.25], [617140.25, 3344384.75], [617139.75, 3344384.25], [617139.75, 3344383.75], [617139.25, 3344383.25], [617138.75, 3344382.75], [617138.75, 3344382.25], [617138.25, 3344381.75], [617138.25, 3344381.25], [617137.75, 3344380.75], [617137.25, 3344380.25], [617137.25, 3344379.75], [617136.75, 3344379.25], [617136.75, 3344378.75], [617136.25, 3344378.25], [617136.25, 3344377.75], [617135.75, 3344377.25], [617135.75, 3344376.75], [617135.25, 3344376.25], [617135.25, 3344375.75], [617134.75, 3344375.25], [617134.75, 3344374.75], [617134.25, 3344374.25], [617134.25, 3344373.75], [617133.75, 3344373.25], [617133.25, 3344372.75], [617133.25, 3344372.25], [617132.75, 3344371.75], [617132.75, 3344371.25], [617132.25, 3344370.75], [617132.25, 3344370.25], [617131.75, 3344369.75], [617131.75, 3344369.25], [617131.25, 3344368.75], [617130.75, 3344368.25], [617130.75, 3344367.75], [617130.25, 3344367.25], [617130.25, 3344366.75], [617129.75, 3344366.25], [617129.75, 3344365.75], [617129.25, 3344365.25], [617128.75, 3344364.75], [617128.75, 3344364.25], [617128.25, 3344363.75], [617128.25, 3344363.25], [617128.25, 3344362.75], [617127.75, 3344362.25], [617127.25, 3344361.75], [617126.75, 3344361.25], [617126.75, 3344360.75], [617126.25, 3344360.25], [617126.25, 3344359.75], [617125.75, 3344359.25], [617125.25, 3344358.75], [617125.25, 3344358.25], [617124.75, 3344357.75], [617124.75, 3344357.25], [617124.25, 3344356.75], [617124.25, 3344356.25], [617123.75, 3344355.75], [617123.25, 3344355.25], [617123.25, 3344354.75], [617122.75, 3344354.25], [617122.75, 3344353.75], [617122.25, 3344353.25], [617122.25, 3344352.75], [617121.75, 3344352.25], [617121.75, 3344351.75], [617121.25, 3344351.25], [617121.25, 3344350.75], [617120.75, 3344350.25], [617120.25, 3344349.75], [617120.25, 3344349.25], [617119.75, 3344348.75], [617119.75, 3344348.25], [617119.25, 3344347.75], [617119.25, 3344347.25], [617118.75, 3344346.75], [617118.75, 3344346.25], [617118.25, 3344345.75], [617118.25, 3344345.25], [617117.75, 3344344.75], [617117.25, 3344344.25], [617117.25, 3344343.75], [617116.75, 3344343.25], [617116.75, 3344342.75], [617116.25, 3344342.25], [617116.25, 3344341.75], [617115.75, 3344341.25], [617115.75, 3344340.75], [617115.25, 3344340.25], [617115.25, 3344339.75], [617114.75, 3344339.25], [617114.75, 3344338.75], [617114.25, 3344338.25], [617114.25, 3344337.75], [617113.75, 3344337.25], [617113.75, 3344336.75], [617113.25, 3344336.25], [617113.25, 3344335.75], [617112.75, 3344335.25], [617112.25, 3344334.75], [617112.25, 3344334.25], [617111.75, 3344333.75], [617111.75, 3344333.25], [617111.25, 3344332.75], [617111.25, 3344332.25], [617110.75, 3344331.75], [617110.75, 3344331.25], [617110.25, 3344330.75], [617110.25, 3344330.25], [617109.75, 3344329.75], [617109.75, 3344329.25], [617109.25, 3344328.75], [617109.25, 3344328.25], [617108.75, 3344327.75], [617108.75, 3344327.25], [617108.25, 3344326.75], [617108.25, 3344326.25], [617107.75, 3344325.75], [617107.75, 3344325.25], [617107.25, 3344324.75], [617107.25, 3344324.25], [617106.75, 3344323.75], [617106.25, 3344323.25], [617106.25, 3344322.75], [617105.75, 3344322.25], [617105.25, 3344321.75], [617105.25, 3344321.25], [617104.75, 3344320.75], [617104.75, 3344320.25], [617104.25, 3344319.75], [617104.25, 3344319.25], [617103.75, 3344318.75], [617103.75, 3344318.25], [617103.25, 3344317.75], [617103.25, 3344317.25], [617102.75, 3344316.75], [617102.75, 3344316.25], [617102.25, 3344315.75], [617101.75, 3344315.25], [617101.75, 3344314.75], [617101.25, 3344314.25], [617101.25, 3344313.75], [617100.75, 3344313.25], [617100.75, 3344312.75], [617100.25, 3344312.25], [617100.25, 3344311.75], [617099.75, 3344311.25], [617099.75, 3344310.75], [617099.25, 3344310.25], [617099.25, 3344309.75], [617098.75, 3344309.25], [617098.75, 3344308.75], [617098.25, 3344308.25], [617098.25, 3344307.75], [617097.75, 3344307.25], [617097.75, 3344306.75], [617097.75, 3344306.25], [617097.25, 3344305.75], [617097.25, 3344305.25], [617096.75, 3344304.75], [617096.75, 3344304.25], [617096.25, 3344303.75], [617095.75, 3344303.25], [617095.75, 3344302.75], [617095.25, 3344302.25], [617095.25, 3344301.75], [617094.75, 3344301.25], [617094.25, 3344300.75], [617094.25, 3344300.25], [617093.75, 3344299.75], [617093.75, 3344299.25], [617093.25, 3344298.75], [617093.25, 3344298.25], [617092.75, 3344297.75], [617092.25, 3344297.25], [617092.25, 3344296.75], [617091.75, 3344296.25], [617091.25, 3344295.75], [617091.25, 3344295.25], [617090.75, 3344294.75], [617090.75, 3344294.25], [617090.25, 3344293.75], [617090.25, 3344293.25], [617089.75, 3344292.75], [617089.75, 3344292.25], [617089.25, 3344291.75], [617089.25, 3344291.25], [617088.75, 3344290.75], [617088.25, 3344290.25], [617088.25, 3344289.75], [617087.75, 3344289.25], [617087.25, 3344288.75], [617087.25, 3344288.25], [617086.75, 3344287.75], [617086.75, 3344287.25], [617086.25, 3344286.75], [617086.25, 3344286.25], [617085.75, 3344285.75], [617085.75, 3344285.25], [617085.25, 3344284.75], [617084.75, 3344284.25], [617084.75, 3344283.75], [617084.25, 3344283.25], [617084.25, 3344282.75], [617083.75, 3344282.25], [617083.75, 3344281.75], [617083.25, 3344281.25], [617083.25, 3344280.75], [617082.75, 3344280.25], [617082.75, 3344279.75], [617082.25, 3344279.25], [617082.25, 3344278.75], [617081.75, 3344278.25], [617081.75, 3344277.75], [617081.25, 3344277.25], [617081.25, 3344276.75], [617080.75, 3344276.25], [617080.75, 3344275.75], [617080.25, 3344275.25], [617080.25, 3344274.75], [617079.75, 3344274.25], [617079.75, 3344273.75], [617079.25, 3344273.25], [617079.25, 3344272.75], [617078.75, 3344272.25], [617078.25, 3344271.75], [617078.25, 3344271.25], [617077.75, 3344270.75], [617077.75, 3344270.25], [617077.25, 3344269.75], [617077.25, 3344269.25], [617076.75, 3344268.75], [617076.75, 3344268.25], [617076.25, 3344267.75], [617076.25, 3344267.25], [617075.75, 3344266.75], [617075.25, 3344266.25], [617075.25, 3344265.75], [617074.75, 3344265.25], [617074.75, 3344264.75], [617074.25, 3344264.25], [617073.75, 3344263.75], [617073.75, 3344263.25], [617073.25, 3344262.75], [617073.25, 3344262.25], [617073.25, 3344261.75], [617072.75, 3344261.25], [617072.25, 3344260.75], [617071.75, 3344260.25], [617071.75, 3344259.75], [617071.25, 3344259.25], [617071.25, 3344258.75], [617071.25, 3344258.25], [617070.75, 3344257.75], [617070.25, 3344257.25], [617070.25, 3344256.75], [617069.75, 3344256.25], [617069.75, 3344255.75], [617069.25, 3344255.25], [617069.25, 3344254.75], [617068.75, 3344254.25], [617068.75, 3344253.75], [617068.25, 3344253.25], [617068.25, 3344252.75], [617068.25, 3344252.25], [617067.75, 3344251.75], [617067.75, 3344251.25], [617067.75, 3344250.75], [617067.75, 3344250.25], [617067.25, 3344249.75], [617067.25, 3344249.25], [617067.25, 3344248.75], [617067.25, 3344248.25], [617066.75, 3344247.75], [617066.25, 3344247.25], [617065.75, 3344246.75], [617065.25, 3344246.25], [617064.75, 3344245.75], [617064.25, 3344245.25], [617063.25, 3344244.25]], [[617188.25, 3344472.75], [617189.25, 3344472.25], [617189.75, 3344471.75], [617190.25, 3344471.25], [617190.75, 3344470.75], [617191.25, 3344470.25], [617191.75, 3344470.25], [617192.25, 3344469.75], [617192.75, 3344469.75], [617193.25, 3344469.75], [617193.75, 3344469.75], [617194.25, 3344469.25], [617194.75, 3344469.25], [617195.25, 3344469.25], [617195.75, 3344469.25], [617196.25, 3344468.75], [617196.75, 3344468.75], [617197.25, 3344468.25], [617197.75, 3344468.25], [617198.25, 3344467.75], [617198.75, 3344467.75], [617199.25, 3344467.75], [617199.75, 3344467.25], [617200.25, 3344467.25], [617200.75, 3344466.75], [617201.25, 3344466.75], [617201.75, 3344466.25], [617202.25, 3344466.25], [617202.75, 3344466.25], [617203.25, 3344465.75], [617203.75, 3344465.75], [617204.25, 3344465.25], [617204.75, 3344465.25], [617205.25, 3344464.75], [617205.75, 3344464.75], [617206.25, 3344464.25], [617206.75, 3344464.25], [617207.25, 3344463.75], [617207.75, 3344463.75], [617208.25, 3344463.25], [617208.75, 3344462.75], [617209.25, 3344462.75], [617209.75, 3344462.75], [617210.25, 3344462.25], [617210.75, 3344461.75], [617211.25, 3344461.75], [617211.75, 3344461.25], [617212.25, 3344461.25], [617212.75, 3344460.75], [617213.25, 3344460.75], [617213.75, 3344460.25], [617214.25, 3344459.75], [617214.25, 3344459.25], [617214.75, 3344458.75], [617214.75, 3344458.25], [617215.25, 3344457.75], [617215.25, 3344457.25], [617215.75, 3344456.75]], [[616796.75, 3344467.75], [616796.75, 3344466.75], [616796.75, 3344466.25], [616796.75, 3344465.75], [616796.75, 3344465.25], [616796.75, 3344464.75], [616796.75, 3344464.25], [616796.75, 3344463.75], [616796.75, 3344463.25], [616796.75, 3344462.75], [616796.75, 3344462.25], [616796.75, 3344461.75], [616796.75, 3344461.25], [616796.75, 3344460.75], [616796.75, 3344460.25], [616796.75, 3344459.75], [616796.75, 3344459.25], [616796.75, 3344458.75], [616796.75, 3344458.25], [616796.75, 3344457.75], [616796.75, 3344457.25], [616796.75, 3344456.75], [616796.75, 3344456.25], [616796.75, 3344455.75], [616796.75, 3344455.25], [616796.75, 3344454.75], [616796.75, 3344453.75]], [[616796.75, 3344453.75], [616795.75, 3344453.25], [616795.25, 3344452.75], [616794.75, 3344452.25], [616794.25, 3344451.75], [616793.75, 3344451.25], [616793.75, 3344450.75], [616793.25, 3344450.25], [616793.25, 3344449.75], [616792.75, 3344449.25], [616792.75, 3344448.75], [616792.25, 3344448.25], [616792.25, 3344447.75], [616791.75, 3344447.25], [616791.75, 3344446.75], [616791.25, 3344446.25], [616791.25, 3344445.75], [616790.75, 3344445.25], [616790.75, 3344444.75], [616790.75, 3344444.25], [616790.25, 3344443.75], [616789.75, 3344443.25], [616789.75, 3344442.75], [616789.25, 3344442.25], [616789.25, 3344441.75], [616788.75, 3344441.25], [616788.75, 3344440.75], [616788.25, 3344440.25], [616788.25, 3344439.75], [616787.75, 3344439.25], [616787.25, 3344438.75], [616787.25, 3344438.25], [616786.75, 3344437.75], [616786.75, 3344437.25], [616786.25, 3344436.75], [616785.75, 3344436.25], [616785.75, 3344435.75], [616785.25, 3344435.25], [616785.25, 3344434.75], [616784.75, 3344434.25], [616784.75, 3344433.75], [616784.25, 3344433.25], [616783.75, 3344432.75], [616783.25, 3344432.25], [616783.25, 3344431.75], [616782.75, 3344431.25], [616782.75, 3344430.75], [616782.25, 3344430.25], [616782.25, 3344429.75], [616781.75, 3344429.25], [616781.25, 3344428.75], [616781.25, 3344428.25], [616780.75, 3344427.75], [616780.75, 3344427.25], [616780.25, 3344426.75], [616780.25, 3344426.25], [616779.75, 3344425.75], [616779.25, 3344425.25], [616779.25, 3344424.75], [616778.75, 3344424.25], [616778.75, 3344423.75], [616778.25, 3344423.25], [616777.75, 3344422.75], [616777.75, 3344422.25], [616777.25, 3344421.75], [616777.25, 3344421.25], [616776.75, 3344420.75], [616776.75, 3344420.25], [616776.25, 3344419.75], [616776.25, 3344419.25], [616775.75, 3344418.75], [616775.25, 3344418.25], [616775.25, 3344417.75], [616774.75, 3344417.25], [616774.75, 3344416.75], [616774.25, 3344416.25], [616774.25, 3344415.75], [616773.75, 3344415.25], [616773.75, 3344414.75], [616773.25, 3344414.25], [616773.25, 3344413.75], [616772.75, 3344413.25], [616772.75, 3344412.75], [616772.25, 3344412.25], [616771.75, 3344411.75], [616771.75, 3344411.25], [616771.25, 3344410.75], [616771.25, 3344410.25], [616770.75, 3344409.75], [616770.75, 3344409.25], [616770.25, 3344408.75], [616770.25, 3344408.25], [616769.75, 3344407.75], [616769.75, 3344407.25], [616769.25, 3344406.75], [616769.25, 3344406.25], [616768.75, 3344405.75], [616768.75, 3344405.25], [616768.25, 3344404.75], [616768.25, 3344404.25], [616767.75, 3344403.75], [616767.75, 3344403.25], [616767.25, 3344402.75], [616766.75, 3344402.25], [616766.75, 3344401.75], [616766.25, 3344401.25], [616766.25, 3344400.75], [616765.75, 3344400.25], [616765.75, 3344399.75], [616765.25, 3344399.25], [616765.25, 3344398.75], [616764.75, 3344398.25], [616764.25, 3344397.75], [616764.25, 3344397.25], [616763.75, 3344396.75], [616763.75, 3344396.25], [616763.25, 3344395.75], [616763.25, 3344395.25], [616762.75, 3344394.75], [616762.75, 3344394.25], [616762.25, 3344393.75], [616761.75, 3344393.25], [616761.75, 3344392.75], [616761.25, 3344392.25], [616761.25, 3344391.75], [616760.75, 3344391.25], [616760.75, 3344390.75], [616760.25, 3344390.25], [616759.75, 3344389.75], [616759.75, 3344389.25], [616759.25, 3344388.75], [616759.25, 3344388.25], [616758.75, 3344387.75], [616758.75, 3344387.25], [616758.25, 3344386.75], [616758.25, 3344386.25], [616757.75, 3344385.75], [616757.75, 3344385.25], [616757.25, 3344384.75], [616756.75, 3344384.25], [616756.75, 3344383.75], [616756.25, 3344383.25], [616756.25, 3344382.75], [616755.75, 3344382.25], [616755.75, 3344381.75], [616755.25, 3344381.25], [616755.25, 3344380.75], [616754.75, 3344380.25], [616754.75, 3344379.75], [616754.25, 3344379.25], [616754.25, 3344378.75], [616753.75, 3344378.25], [616753.75, 3344377.75], [616753.25, 3344377.25], [616753.25, 3344376.75], [616753.25, 3344376.25], [616752.75, 3344375.75], [616752.25, 3344375.25], [616751.75, 3344374.75], [616751.75, 3344374.25], [616751.25, 3344373.75], [616751.25, 3344373.25], [616750.75, 3344372.75], [616750.75, 3344372.25], [616750.25, 3344371.75], [616749.75, 3344371.25], [616749.75, 3344370.75], [616749.25, 3344370.25], [616749.25, 3344369.75], [616748.75, 3344369.25], [616748.75, 3344368.75], [616748.25, 3344368.25], [616748.25, 3344367.75], [616747.75, 3344367.25], [616747.75, 3344366.75], [616747.25, 3344366.25], [616747.25, 3344365.75], [616746.75, 3344365.25], [616746.75, 3344364.75], [616746.25, 3344364.25], [616746.25, 3344363.75], [616745.75, 3344363.25], [616745.25, 3344362.75], [616745.25, 3344362.25], [616744.75, 3344361.75], [616744.75, 3344361.25], [616744.25, 3344360.75], [616744.25, 3344360.25], [616743.75, 3344359.75], [616743.25, 3344359.25], [616743.25, 3344358.75], [616742.75, 3344358.25], [616742.75, 3344357.75], [616742.25, 3344357.25], [616742.25, 3344356.75], [616741.75, 3344356.25], [616741.75, 3344355.75], [616741.25, 3344355.25], [616741.25, 3344354.75], [616740.75, 3344354.25], [616740.25, 3344353.75], [616740.25, 3344353.25], [616739.75, 3344352.75], [616739.75, 3344352.25], [616739.25, 3344351.75], [616739.25, 3344351.25], [616738.75, 3344350.75], [616738.75, 3344350.25], [616738.25, 3344349.75], [616737.75, 3344349.25], [616737.75, 3344348.75], [616737.25, 3344348.25], [616737.25, 3344347.75], [616736.75, 3344347.25], [616736.25, 3344346.75], [616736.25, 3344346.25], [616735.75, 3344345.75], [616735.75, 3344345.25], [616735.25, 3344344.75], [616735.25, 3344344.25], [616734.75, 3344343.75], [616734.75, 3344343.25], [616734.25, 3344342.75], [616733.75, 3344342.25], [616733.75, 3344341.75], [616733.25, 3344341.25], [616733.25, 3344340.75], [616732.75, 3344340.25], [616732.75, 3344339.75], [616732.25, 3344339.25], [616732.25, 3344338.75], [616731.75, 3344338.25], [616731.25, 3344337.75], [616731.25, 3344337.25], [616731.25, 3344336.75], [616730.75, 3344336.25], [616730.75, 3344335.75], [616730.25, 3344335.25], [616730.25, 3344334.75], [616729.75, 3344334.25], [616729.25, 3344333.75], [616728.75, 3344333.25], [616728.75, 3344332.75], [616728.25, 3344332.25], [616727.75, 3344331.75], [616727.25, 3344331.25], [616726.75, 3344330.75], [616726.25, 3344330.75], [616725.75, 3344330.25], [616725.25, 3344330.25], [616724.75, 3344329.75], [616724.25, 3344329.25], [616723.75, 3344329.25], [616723.25, 3344328.75], [616722.75, 3344328.75], [616722.25, 3344328.25], [616721.75, 3344328.25], [616721.25, 3344327.75], [616720.75, 3344327.25]], [[616796.75, 3344453.75], [616797.25, 3344453.25], [616797.75, 3344453.25], [616798.25, 3344452.75], [616798.75, 3344452.25], [616799.25, 3344452.25], [616799.75, 3344451.75], [616800.25, 3344451.75], [616800.75, 3344451.25], [616801.25, 3344451.25], [616801.75, 3344451.25], [616802.25, 3344450.75], [616802.75, 3344450.25], [616803.25, 3344449.75], [616803.75, 3344449.25], [616804.25, 3344448.75], [616804.25, 3344448.25], [616804.75, 3344447.75], [616804.75, 3344447.25], [616805.25, 3344446.75], [616805.75, 3344446.25], [616805.75, 3344445.75], [616806.25, 3344445.25], [616806.75, 3344444.75], [616806.75, 3344444.25], [616807.25, 3344443.75], [616807.75, 3344443.25], [616807.75, 3344442.75], [616808.25, 3344442.25], [616808.75, 3344441.75], [616808.75, 3344441.25], [616809.25, 3344440.75], [616809.75, 3344440.25], [616809.75, 3344439.75], [616810.25, 3344439.25], [616810.25, 3344438.75], [616810.75, 3344438.25], [616811.25, 3344437.75], [616811.25, 3344437.25], [616811.75, 3344436.75], [616811.75, 3344436.25], [616812.25, 3344435.75], [616812.75, 3344435.25], [616812.75, 3344434.75], [616813.25, 3344434.25], [616813.25, 3344433.75], [616813.75, 3344433.25], [616814.25, 3344432.75], [616814.25, 3344432.25], [616814.75, 3344431.75], [616815.25, 3344431.25], [616815.25, 3344430.75], [616815.75, 3344430.25], [616816.25, 3344429.75], [616816.75, 3344429.25], [616816.75, 3344428.75], [616817.25, 3344428.25], [616817.25, 3344427.75], [616817.75, 3344427.25], [616818.25, 3344426.75], [616818.25, 3344426.25], [616818.75, 3344425.75], [616819.25, 3344425.25], [616819.25, 3344424.75], [616819.75, 3344424.25], [616820.25, 3344423.75], [616820.25, 3344423.25], [616820.75, 3344422.75], [616821.25, 3344422.25], [616821.25, 3344421.75], [616821.75, 3344421.25], [616821.75, 3344420.75], [616822.25, 3344420.25], [616822.75, 3344419.75], [616822.75, 3344419.25], [616823.25, 3344418.75], [616823.25, 3344418.25], [616823.75, 3344417.75], [616824.25, 3344417.25], [616824.25, 3344416.75], [616824.75, 3344416.25], [616825.25, 3344415.75], [616825.25, 3344415.25], [616825.75, 3344414.75], [616825.75, 3344414.25], [616826.25, 3344413.75], [616826.75, 3344413.25], [616826.75, 3344412.75], [616827.25, 3344412.25], [616827.25, 3344411.75], [616827.75, 3344411.25], [616828.25, 3344410.75], [616828.25, 3344410.25], [616828.75, 3344409.75], [616829.25, 3344409.25], [616829.25, 3344408.75], [616829.75, 3344408.25], [616829.75, 3344407.75], [616830.25, 3344407.25], [616830.75, 3344406.75], [616830.75, 3344406.25], [616831.25, 3344405.75], [616831.25, 3344405.25], [616831.75, 3344404.75], [616832.25, 3344404.25], [616832.25, 3344403.75], [616832.75, 3344403.25], [616833.25, 3344402.75], [616833.25, 3344402.25], [616833.75, 3344401.75], [616833.75, 3344401.25], [616834.25, 3344400.75], [616834.75, 3344400.25], [616834.75, 3344399.75], [616835.25, 3344399.25], [616835.25, 3344398.75], [616835.75, 3344398.25], [616836.25, 3344397.75], [616836.25, 3344397.25], [616836.75, 3344396.75], [616836.75, 3344396.25], [616837.25, 3344395.75], [616837.75, 3344395.25], [616837.75, 3344394.75], [616838.25, 3344394.25], [616838.25, 3344393.75], [616838.75, 3344393.25], [616838.75, 3344392.75], [616839.25, 3344392.25], [616839.75, 3344391.75], [616839.75, 3344391.25], [616840.25, 3344390.75], [616840.25, 3344390.25], [616840.75, 3344389.75], [616841.25, 3344389.25], [616841.25, 3344388.75], [616841.75, 3344388.25], [616842.25, 3344387.75], [616842.25, 3344387.25], [616842.75, 3344386.75], [616842.75, 3344386.25], [616843.25, 3344385.75], [616843.75, 3344385.25], [616843.75, 3344384.75], [616844.25, 3344384.25], [616844.75, 3344383.75], [616844.75, 3344383.25], [616845.25, 3344382.75], [616845.25, 3344382.25], [616845.75, 3344381.75], [616846.25, 3344381.25], [616846.25, 3344380.75], [616846.75, 3344380.25], [616847.25, 3344379.75], [616847.25, 3344379.25], [616847.75, 3344378.75], [616848.25, 3344378.25], [616848.25, 3344377.75], [616848.75, 3344377.25], [616849.25, 3344376.75], [616849.25, 3344376.25], [616849.75, 3344375.75], [616850.25, 3344375.25], [616850.25, 3344374.75], [616850.75, 3344374.25], [616851.25, 3344373.75], [616851.25, 3344373.25], [616851.75, 3344372.75], [616852.25, 3344372.25], [616852.75, 3344371.75], [616852.75, 3344371.25], [616853.25, 3344370.75], [616853.75, 3344370.25], [616854.25, 3344369.75], [616854.75, 3344369.25], [616855.25, 3344368.75], [616855.75, 3344368.75], [616856.25, 3344368.25], [616856.75, 3344367.75], [616857.25, 3344367.75], [616857.75, 3344367.25], [616858.25, 3344367.25], [616858.75, 3344367.25], [616859.25, 3344366.75], [616859.75, 3344366.75], [616860.25, 3344366.75], [616860.75, 3344366.25], [616861.25, 3344366.25], [616861.75, 3344366.25], [616862.25, 3344365.75], [616862.75, 3344365.75], [616863.25, 3344365.75], [616863.75, 3344365.25], [616864.25, 3344365.25], [616865.25, 3344365.25]], [[617027.75, 3344440.75], [617027.25, 3344440.25], [617026.75, 3344439.75], [617026.75, 3344439.25], [617026.25, 3344438.75], [617025.75, 3344438.25], [617025.75, 3344437.75], [617025.75, 3344437.25], [617025.25, 3344436.75], [617024.75, 3344436.25], [617024.75, 3344435.75], [617024.25, 3344435.25], [617024.25, 3344434.75], [617023.75, 3344434.25], [617023.75, 3344433.75], [617023.25, 3344433.25], [617023.25, 3344432.75], [617022.75, 3344432.25], [617022.75, 3344431.75], [617022.25, 3344431.25], [617021.75, 3344430.75], [617021.75, 3344430.25], [617021.25, 3344429.75], [617021.25, 3344429.25], [617020.75, 3344428.75], [617020.25, 3344428.25], [617020.25, 3344427.75], [617019.75, 3344427.25], [617019.75, 3344426.75], [617019.25, 3344426.25], [617019.25, 3344425.75], [617018.75, 3344425.25], [617018.25, 3344424.75], [617018.25, 3344424.25], [617017.75, 3344423.75], [617017.75, 3344423.25], [617017.25, 3344422.75], [617017.25, 3344422.25], [617016.75, 3344421.75], [617016.25, 3344421.25], [617016.25, 3344420.75], [617015.75, 3344420.25], [617015.75, 3344419.75], [617015.25, 3344419.25], [617014.75, 3344418.75], [617014.75, 3344418.25], [617014.25, 3344417.75], [617014.25, 3344417.25], [617013.75, 3344416.75], [617013.75, 3344416.25], [617013.25, 3344415.75], [617013.25, 3344415.25], [617012.75, 3344414.75], [617012.75, 3344414.25], [617012.25, 3344413.75], [617012.25, 3344413.25], [617011.75, 3344412.75], [617011.75, 3344412.25], [617011.25, 3344411.75], [617011.25, 3344411.25], [617010.75, 3344410.75], [617010.75, 3344410.25], [617010.25, 3344409.75], [617010.25, 3344409.25], [617009.75, 3344408.75], [617009.75, 3344408.25], [617009.25, 3344407.75], [617009.25, 3344407.25], [617008.75, 3344406.75], [617008.25, 3344406.25], [617008.25, 3344405.75], [617007.75, 3344405.25], [617007.75, 3344404.75], [617007.25, 3344404.25], [617007.25, 3344403.75], [617006.75, 3344403.25], [617006.25, 3344402.75], [617006.25, 3344402.25], [617005.75, 3344401.75], [617005.75, 3344401.25], [617005.25, 3344400.75], [617005.25, 3344400.25], [617004.75, 3344399.75], [617004.75, 3344399.25], [617004.25, 3344398.75], [617003.75, 3344398.25], [617003.75, 3344397.75], [617003.25, 3344397.25], [617003.25, 3344396.75], [617002.75, 3344396.25], [617002.75, 3344395.75], [617002.25, 3344395.25], [617002.25, 3344394.75], [617001.75, 3344394.25], [617001.75, 3344393.75], [617001.25, 3344393.25], [617001.25, 3344392.75], [617000.75, 3344392.25], [617000.75, 3344391.75], [617000.25, 3344391.25], [616999.75, 3344390.75], [616999.75, 3344390.25], [616999.25, 3344389.75], [616999.25, 3344389.25], [616998.75, 3344388.75], [616998.75, 3344388.25], [616998.25, 3344387.75], [616998.25, 3344387.25], [616997.75, 3344386.75], [616997.25, 3344386.25], [616997.25, 3344385.75], [616996.75, 3344385.25], [616996.75, 3344384.75], [616996.25, 3344384.25], [616996.25, 3344383.75], [616995.75, 3344383.25], [616995.75, 3344382.75], [616995.25, 3344382.25], [616995.25, 3344381.75], [616994.75, 3344381.25], [616994.25, 3344380.75], [616994.25, 3344380.25], [616993.75, 3344379.75], [616993.25, 3344379.25], [616993.25, 3344378.75], [616992.75, 3344378.25], [616992.75, 3344377.75], [616992.25, 3344377.25], [616992.25, 3344376.75], [616991.75, 3344376.25], [616991.75, 3344375.75], [616991.25, 3344375.25], [616991.25, 3344374.75], [616990.75, 3344374.25], [616990.75, 3344373.75], [616990.25, 3344373.25], [616990.25, 3344372.75], [616989.75, 3344372.25], [616989.75, 3344371.75], [616989.25, 3344371.25], [616989.25, 3344370.75], [616988.75, 3344370.25], [616988.75, 3344369.75], [616988.25, 3344369.25], [616987.75, 3344368.75], [616987.75, 3344368.25], [616987.25, 3344367.75], [616987.25, 3344367.25], [616986.75, 3344366.75], [616986.75, 3344366.25], [616986.25, 3344365.75], [616986.25, 3344365.25], [616985.75, 3344364.75], [616985.75, 3344364.25], [616985.25, 3344363.75], [616985.25, 3344363.25], [616984.75, 3344362.75], [616984.25, 3344362.25], [616984.25, 3344361.75], [616983.75, 3344361.25], [616983.75, 3344360.75], [616983.25, 3344360.25], [616983.25, 3344359.75], [616982.75, 3344359.25], [616982.75, 3344358.75], [616982.25, 3344358.25], [616982.25, 3344357.75], [616982.25, 3344357.25], [616981.75, 3344356.75], [616981.25, 3344356.25], [616981.25, 3344355.75], [616980.75, 3344355.25], [616980.75, 3344354.75], [616980.25, 3344354.25], [616979.75, 3344353.75], [616979.75, 3344353.25], [616979.25, 3344352.75], [616979.25, 3344352.25], [616978.75, 3344351.75], [616978.75, 3344351.25], [616978.25, 3344350.75], [616977.75, 3344350.25], [616977.75, 3344349.75], [616977.25, 3344349.25], [616977.25, 3344348.75], [616977.25, 3344348.25], [616976.75, 3344347.75], [616976.25, 3344347.25], [616975.75, 3344346.75], [616975.75, 3344346.25], [616975.25, 3344345.75], [616975.25, 3344345.25], [616974.75, 3344344.75], [616974.75, 3344344.25], [616974.75, 3344343.75], [616974.25, 3344343.25], [616973.75, 3344342.75], [616973.75, 3344342.25], [616973.25, 3344341.75], [616973.25, 3344341.25], [616972.75, 3344340.75], [616972.25, 3344340.25], [616972.25, 3344339.75], [616971.75, 3344339.25], [616971.75, 3344338.75], [616971.25, 3344338.25], [616970.75, 3344337.75], [616970.75, 3344337.25], [616970.25, 3344336.75], [616970.25, 3344336.25], [616970.25, 3344335.75], [616969.75, 3344335.25], [616969.25, 3344334.75], [616969.25, 3344334.25], [616969.25, 3344333.75], [616968.75, 3344333.25], [616968.75, 3344332.75], [616968.25, 3344332.25], [616968.25, 3344331.75], [616967.75, 3344331.25], [616967.75, 3344330.75], [616967.25, 3344330.25], [616967.25, 3344329.75], [616966.75, 3344329.25], [616966.75, 3344328.75], [616966.25, 3344328.25], [616965.75, 3344327.75], [616965.75, 3344327.25], [616965.25, 3344326.75], [616965.25, 3344326.25], [616964.75, 3344325.75], [616964.75, 3344325.25], [616964.25, 3344324.75], [616964.25, 3344324.25], [616963.75, 3344323.75], [616963.75, 3344323.25], [616963.25, 3344322.75], [616963.25, 3344322.25], [616963.25, 3344321.75], [616962.75, 3344321.25], [616962.75, 3344320.75], [616962.25, 3344320.25], [616962.25, 3344319.75], [616961.75, 3344319.25], [616961.75, 3344318.75], [616961.25, 3344318.25], [616961.25, 3344317.75], [616961.25, 3344317.25], [616960.75, 3344316.75], [616960.25, 3344316.25], [616960.25, 3344315.75], [616960.25, 3344315.25], [616960.25, 3344314.75], [616960.25, 3344314.25], [616959.75, 3344313.75], [616959.75, 3344313.25], [616959.25, 3344312.75], [616958.75, 3344311.75]], [[616865.25, 3344365.25], [616865.25, 3344364.25], [616865.25, 3344363.75], [616865.75, 3344363.25], [616865.75, 3344362.75], [616866.25, 3344362.25], [616866.25, 3344361.75], [616866.75, 3344361.25], [616866.75, 3344360.75], [616866.75, 3344360.25], [616867.25, 3344359.75], [616867.25, 3344359.25], [616867.75, 3344358.75], [616868.25, 3344358.25], [616868.75, 3344358.25], [616869.25, 3344357.75], [616869.75, 3344357.25], [616870.25, 3344356.75], [616870.75, 3344356.75], [616871.25, 3344356.25], [616871.75, 3344356.25], [616872.25, 3344355.75], [616872.75, 3344355.25], [616873.25, 3344355.25], [616873.75, 3344354.75], [616874.25, 3344354.75], [616874.75, 3344354.25], [616875.25, 3344354.25], [616875.75, 3344353.75], [616876.25, 3344353.75], [616876.75, 3344353.25], [616877.25, 3344352.75], [616877.75, 3344352.75], [616878.25, 3344352.25], [616878.75, 3344352.25], [616879.25, 3344351.75], [616879.75, 3344351.75], [616880.25, 3344351.25], [616880.75, 3344351.25], [616881.25, 3344350.75], [616881.75, 3344350.75], [616882.25, 3344350.25], [616882.75, 3344350.25], [616883.25, 3344349.75], [616883.75, 3344349.75], [616884.25, 3344349.25], [616884.75, 3344348.75], [616885.25, 3344348.75], [616885.75, 3344348.25], [616886.25, 3344348.25], [616886.75, 3344347.75], [616887.25, 3344347.75], [616887.75, 3344347.25], [616888.25, 3344347.25], [616888.75, 3344346.75], [616889.25, 3344346.75], [616889.75, 3344346.25], [616890.25, 3344345.75], [616890.75, 3344345.75], [616891.25, 3344345.25], [616891.75, 3344345.25], [616892.25, 3344344.75], [616892.75, 3344344.75], [616893.25, 3344344.25], [616893.75, 3344343.75], [616894.25, 3344343.75], [616894.75, 3344343.25], [616895.25, 3344343.25], [616895.75, 3344342.75], [616896.25, 3344342.75], [616896.75, 3344342.25], [616897.25, 3344341.75], [616897.75, 3344341.75], [616898.25, 3344341.25], [616898.75, 3344341.25], [616899.25, 3344340.75], [616899.75, 3344340.75], [616900.25, 3344340.25], [616900.75, 3344340.25], [616901.25, 3344339.75], [616901.75, 3344339.75], [616902.25, 3344339.25], [616902.75, 3344339.25], [616903.25, 3344338.75], [616903.75, 3344338.75], [616904.25, 3344338.25], [616904.75, 3344337.75], [616905.25, 3344337.75], [616905.75, 3344337.25], [616906.25, 3344337.25], [616906.75, 3344336.75], [616907.25, 3344336.75], [616907.75, 3344336.25], [616908.25, 3344336.25], [616908.75, 3344336.25], [616909.25, 3344335.75], [616909.75, 3344335.75], [616910.25, 3344335.25], [616910.75, 3344335.25], [616911.25, 3344334.75], [616911.75, 3344334.75], [616912.25, 3344334.25], [616912.75, 3344334.25], [616913.25, 3344333.75], [616913.75, 3344333.75], [616914.25, 3344333.25], [616914.75, 3344333.25], [616915.25, 3344332.75], [616915.75, 3344332.75], [616916.25, 3344332.25], [616916.75, 3344332.25], [616917.25, 3344331.75], [616917.75, 3344331.75], [616918.25, 3344331.25], [616918.75, 3344331.25], [616919.25, 3344330.75], [616919.75, 3344330.75], [616920.25, 3344330.25], [616920.75, 3344330.25], [616921.25, 3344329.75], [616921.75, 3344329.25], [616922.25, 3344329.25], [616922.75, 3344328.75], [616923.25, 3344328.75], [616923.75, 3344328.25], [616924.25, 3344328.25], [616924.75, 3344327.75], [616925.25, 3344327.75], [616925.75, 3344327.25], [616926.25, 3344327.25], [616926.75, 3344326.75], [616927.25, 3344326.75], [616927.75, 3344326.25], [616928.25, 3344325.75], [616928.75, 3344325.75], [616929.25, 3344325.25], [616929.75, 3344325.25], [616930.25, 3344324.75], [616930.75, 3344324.75], [616931.25, 3344324.25], [616931.75, 3344323.75], [616932.25, 3344323.75], [616932.75, 3344323.25], [616933.25, 3344323.25], [616933.75, 3344322.75], [616934.25, 3344322.25], [616934.75, 3344322.25], [616935.25, 3344321.75], [616935.75, 3344321.75], [616936.25, 3344321.25], [616936.75, 3344321.25], [616937.25, 3344320.75], [616937.75, 3344320.75], [616938.25, 3344320.25], [616938.75, 3344320.25], [616939.25, 3344319.75], [616939.75, 3344319.75], [616940.25, 3344319.25], [616940.75, 3344319.25], [616941.25, 3344318.75], [616941.75, 3344318.75], [616942.25, 3344318.25], [616942.75, 3344318.25], [616943.25, 3344317.75], [616943.75, 3344317.25], [616944.25, 3344317.25], [616944.75, 3344316.75], [616945.25, 3344316.75], [616945.75, 3344316.25], [616946.25, 3344316.25], [616946.75, 3344315.75], [616947.25, 3344315.25], [616947.75, 3344315.25], [616948.25, 3344314.75], [616948.75, 3344314.75], [616949.25, 3344314.25], [616949.75, 3344314.25], [616950.25, 3344313.75], [616950.75, 3344313.75], [616951.25, 3344313.25], [616951.75, 3344313.25], [616952.25, 3344313.25], [616952.75, 3344312.75], [616953.25, 3344312.75], [616953.75, 3344312.75], [616954.25, 3344312.75], [616954.75, 3344312.75], [616955.25, 3344312.25], [616955.75, 3344312.25], [616956.25, 3344312.25], [616956.75, 3344312.25], [616957.25, 3344312.25], [616957.75, 3344311.75], [616958.75, 3344311.75]], [[616704.75, 3344340.75], [616704.75, 3344340.25], [616705.25, 3344339.75], [616705.75, 3344339.25], [616705.75, 3344338.75], [616706.25, 3344338.25], [616706.25, 3344337.75], [616706.75, 3344337.25], [616706.75, 3344336.75], [616707.25, 3344336.25], [616707.25, 3344335.75], [616707.75, 3344335.25], [616707.75, 3344334.75], [616708.25, 3344334.25], [616708.75, 3344333.75], [616709.25, 3344333.25], [616709.75, 3344333.25], [616710.25, 3344333.25], [616710.75, 3344332.75], [616711.25, 3344332.25], [616711.75, 3344331.75], [616712.25, 3344331.75], [616712.75, 3344331.25], [616713.25, 3344330.75], [616713.75, 3344330.75], [616714.25, 3344330.25], [616714.75, 3344329.75], [616715.25, 3344329.75], [616715.75, 3344329.25], [616716.25, 3344329.25], [616716.75, 3344329.25], [616717.25, 3344328.75], [616717.75, 3344328.75], [616718.25, 3344328.25], [616718.75, 3344328.25], [616719.25, 3344327.75], [616719.75, 3344327.75], [616720.75, 3344327.25]], [[616720.75, 3344327.25], [616720.75, 3344326.25], [616720.75, 3344325.75], [616720.75, 3344325.25], [616720.75, 3344324.75], [616720.75, 3344324.25], [616720.75, 3344323.75], [616720.75, 3344323.25], [616720.75, 3344322.75], [616721.25, 3344322.25], [616721.25, 3344321.75], [616721.25, 3344321.25], [616721.25, 3344320.75], [616721.25, 3344320.25], [616721.25, 3344319.75], [616721.25, 3344319.25], [616721.25, 3344318.75], [616721.25, 3344318.25], [616721.25, 3344317.75], [616721.75, 3344317.25], [616721.75, 3344316.75], [616721.75, 3344316.25], [616721.75, 3344315.75], [616721.75, 3344315.25], [616721.75, 3344314.75], [616721.75, 3344314.25], [616721.75, 3344313.75], [616722.25, 3344313.25], [616722.25, 3344312.75], [616722.25, 3344312.25], [616722.25, 3344311.75], [616722.25, 3344311.25], [616722.25, 3344310.75], [616722.25, 3344310.25], [616722.25, 3344309.75], [616722.25, 3344309.25], [616722.75, 3344308.75], [616722.75, 3344308.25], [616722.75, 3344307.75], [616722.75, 3344307.25], [616722.75, 3344306.75], [616722.75, 3344306.25], [616722.75, 3344305.75], [616723.25, 3344305.25], [616723.25, 3344304.75], [616723.25, 3344304.25], [616723.25, 3344303.75], [616723.25, 3344303.25], [616723.25, 3344302.75], [616723.25, 3344302.25], [616723.25, 3344301.75], [616723.75, 3344301.25], [616723.75, 3344300.75], [616723.75, 3344300.25], [616723.75, 3344299.75], [616723.75, 3344299.25], [616724.25, 3344298.75], [616724.25, 3344298.25], [616724.25, 3344297.75], [616724.25, 3344297.25], [616724.75, 3344296.75], [616724.75, 3344296.25], [616724.75, 3344295.75], [616724.75, 3344295.25], [616724.75, 3344294.75], [616725.25, 3344294.25], [616725.25, 3344293.75], [616725.25, 3344293.25], [616725.25, 3344292.75], [616725.25, 3344292.25], [616725.75, 3344291.75], [616725.75, 3344291.25], [616725.75, 3344290.75], [616725.75, 3344290.25], [616725.75, 3344289.75], [616726.25, 3344289.25], [616726.25, 3344288.75], [616726.25, 3344288.25], [616726.25, 3344287.75], [616726.75, 3344287.25], [616726.75, 3344286.75], [616726.75, 3344286.25], [616727.25, 3344285.75], [616727.25, 3344285.25], [616727.25, 3344284.75], [616727.25, 3344284.25], [616727.25, 3344283.75], [616727.75, 3344283.25], [616727.75, 3344282.75], [616727.75, 3344282.25], [616727.75, 3344281.75], [616728.25, 3344281.25], [616728.25, 3344280.75], [616728.25, 3344280.25], [616728.25, 3344279.75], [616728.75, 3344279.25], [616728.75, 3344278.75], [616728.75, 3344278.25], [616728.75, 3344277.75], [616729.25, 3344277.25], [616729.25, 3344276.75], [616729.25, 3344276.25], [616729.25, 3344275.75], [616729.75, 3344275.25], [616729.75, 3344274.75], [616729.75, 3344274.25], [616729.75, 3344273.75], [616729.75, 3344273.25], [616729.75, 3344272.75], [616730.25, 3344272.25], [616730.25, 3344271.75], [616730.25, 3344271.25], [616730.25, 3344270.75], [616730.75, 3344270.25], [616730.75, 3344269.75], [616730.75, 3344269.25], [616730.75, 3344268.75], [616730.75, 3344268.25], [616730.75, 3344267.75], [616731.25, 3344267.25], [616731.25, 3344266.75], [616731.25, 3344266.25], [616731.25, 3344265.75], [616731.25, 3344265.25], [616731.25, 3344264.75], [616731.25, 3344264.25], [616731.75, 3344263.75], [616731.75, 3344263.25], [616731.75, 3344262.75], [616731.75, 3344262.25], [616731.75, 3344261.75], [616731.75, 3344261.25], [616732.25, 3344260.75], [616732.25, 3344260.25], [616732.25, 3344259.75], [616732.25, 3344259.25], [616732.25, 3344258.75], [616732.25, 3344258.25], [616732.75, 3344257.75], [616732.75, 3344257.25], [616732.75, 3344256.75], [616732.75, 3344256.25], [616732.75, 3344255.75], [616732.75, 3344255.25], [616733.25, 3344254.75], [616733.25, 3344254.25], [616733.25, 3344253.75], [616733.75, 3344253.25], [616734.25, 3344252.75], [616734.75, 3344252.25]], [[616818.25, 3344325.75], [616818.75, 3344325.75], [616819.25, 3344325.25], [616819.75, 3344325.25], [616820.25, 3344325.25], [616820.75, 3344324.75], [616821.25, 3344324.75], [616821.75, 3344324.25], [616822.25, 3344324.25], [616822.75, 3344324.25], [616823.25, 3344323.75], [616823.75, 3344323.75], [616824.25, 3344323.25], [616824.75, 3344323.25], [616825.25, 3344322.75], [616825.75, 3344322.75], [616826.25, 3344322.25], [616826.75, 3344322.25], [616827.25, 3344322.25], [616827.75, 3344321.75], [616828.25, 3344321.75], [616828.75, 3344321.25], [616829.25, 3344321.25], [616829.75, 3344320.75], [616830.25, 3344320.75], [616830.75, 3344320.25], [616831.25, 3344320.25], [616831.75, 3344319.75], [616832.25, 3344319.25]], [[616958.75, 3344311.75], [616959.25, 3344310.75], [616959.25, 3344310.25], [616959.75, 3344309.75], [616959.75, 3344309.25], [616960.25, 3344308.75], [616960.75, 3344308.25], [616961.25, 3344308.25], [616961.75, 3344307.75], [616962.25, 3344307.25], [616962.75, 3344306.75], [616963.25, 3344306.75], [616963.75, 3344306.25], [616964.25, 3344305.75], [616964.75, 3344305.75], [616965.25, 3344305.25], [616965.75, 3344305.25], [616966.25, 3344304.75], [616966.75, 3344304.25], [616967.25, 3344303.75], [616967.75, 3344303.75], [616968.25, 3344303.25], [616968.75, 3344302.75], [616969.25, 3344302.25], [616969.75, 3344302.25], [616970.25, 3344301.75], [616970.75, 3344301.25], [616971.25, 3344301.25], [616971.75, 3344300.75], [616972.25, 3344300.25], [616972.75, 3344299.75], [616973.25, 3344299.75], [616973.75, 3344299.25], [616974.25, 3344298.75], [616974.75, 3344298.25], [616975.25, 3344298.25], [616975.75, 3344297.75], [616976.25, 3344297.25], [616976.75, 3344296.75], [616977.25, 3344296.75], [616977.75, 3344296.25], [616978.25, 3344295.75], [616978.75, 3344295.75], [616979.25, 3344295.25], [616979.75, 3344294.75], [616980.25, 3344294.25], [616980.75, 3344294.25], [616981.25, 3344293.75], [616981.75, 3344293.25], [616982.25, 3344292.75], [616982.75, 3344292.25], [616983.25, 3344291.75], [616983.75, 3344291.75], [616984.25, 3344291.25], [616984.75, 3344290.75], [616985.25, 3344290.25], [616985.75, 3344289.75], [616986.25, 3344289.75], [616986.75, 3344289.25], [616987.25, 3344288.75], [616987.75, 3344288.75], [616988.25, 3344288.25], [616988.75, 3344287.75], [616989.25, 3344287.25], [616989.75, 3344287.25], [616990.25, 3344286.75], [616990.75, 3344286.25], [616991.25, 3344286.25], [616991.75, 3344285.75], [616992.25, 3344285.25], [616992.75, 3344285.25], [616993.25, 3344284.75], [616993.75, 3344284.25], [616994.25, 3344284.25], [616994.75, 3344283.75], [616995.25, 3344283.25], [616995.75, 3344283.25], [616996.25, 3344282.75], [616996.75, 3344282.25], [616997.25, 3344282.25], [616997.75, 3344281.75], [616998.25, 3344281.25], [616998.75, 3344281.25], [616999.25, 3344280.75], [616999.75, 3344280.25], [617000.25, 3344280.25], [617000.75, 3344279.75], [617001.25, 3344279.75], [617001.75, 3344279.25], [617002.25, 3344278.75], [617002.75, 3344278.75], [617003.25, 3344278.25], [617003.75, 3344278.25], [617004.25, 3344277.75], [617004.75, 3344277.25], [617005.25, 3344277.25], [617005.75, 3344276.75], [617006.25, 3344276.25], [617006.75, 3344276.25], [617007.25, 3344275.75], [617007.75, 3344275.75], [617008.25, 3344275.25], [617008.75, 3344275.25], [617009.25, 3344274.75], [617009.75, 3344274.25], [617010.25, 3344274.25], [617010.75, 3344273.75], [617011.25, 3344273.75], [617011.75, 3344273.25], [617012.25, 3344273.25], [617012.75, 3344272.75], [617013.25, 3344272.25], [617013.75, 3344272.25], [617014.25, 3344271.75], [617014.75, 3344271.75], [617015.25, 3344271.25], [617015.75, 3344271.25], [617016.25, 3344270.75], [617016.75, 3344270.75], [617017.25, 3344270.25], [617017.75, 3344270.25], [617018.25, 3344269.75], [617018.75, 3344269.25], [617019.25, 3344269.25], [617019.75, 3344268.75], [617020.25, 3344268.75], [617020.75, 3344268.25], [617021.25, 3344267.75], [617021.75, 3344267.75], [617022.25, 3344267.25], [617022.75, 3344267.25], [617023.25, 3344266.75], [617023.75, 3344266.25], [617024.25, 3344266.25], [617024.75, 3344265.75], [617025.25, 3344265.75], [617025.75, 3344265.25], [617026.25, 3344265.25], [617026.75, 3344264.75], [617027.25, 3344264.25], [617027.75, 3344264.25], [617028.25, 3344263.75], [617028.75, 3344263.25], [617029.25, 3344263.25], [617029.75, 3344262.75], [617030.25, 3344262.75], [617030.75, 3344262.25], [617031.25, 3344261.75], [617031.75, 3344261.75], [617032.25, 3344261.25], [617032.75, 3344261.25], [617033.25, 3344260.75], [617033.75, 3344260.25], [617034.25, 3344260.25], [617034.75, 3344259.75], [617035.25, 3344259.75], [617035.75, 3344259.25], [617036.25, 3344259.25], [617036.75, 3344258.75], [617037.25, 3344258.75], [617037.75, 3344258.25], [617038.25, 3344258.25], [617038.75, 3344257.75], [617039.25, 3344257.75], [617039.75, 3344257.25], [617040.25, 3344257.25], [617040.75, 3344256.75], [617041.25, 3344256.25], [617041.75, 3344256.25], [617042.25, 3344255.75], [617042.75, 3344255.75], [617043.25, 3344255.25], [617043.75, 3344255.25], [617044.25, 3344254.75], [617044.75, 3344254.25], [617045.25, 3344254.25], [617045.75, 3344253.75], [617046.25, 3344253.75], [617046.75, 3344253.25], [617047.25, 3344253.25], [617047.75, 3344252.75], [617048.25, 3344252.75], [617048.75, 3344252.25], [617049.25, 3344251.75], [617049.75, 3344251.75], [617050.25, 3344251.25], [617050.75, 3344251.25], [617051.25, 3344250.75], [617051.75, 3344250.75], [617052.25, 3344250.25], [617052.75, 3344250.25], [617053.25, 3344249.75], [617053.75, 3344249.25], [617054.25, 3344249.25], [617054.75, 3344248.75], [617055.25, 3344248.75], [617055.75, 3344248.25], [617056.25, 3344248.25], [617056.75, 3344248.25], [617057.25, 3344247.75], [617057.75, 3344247.75], [617058.25, 3344247.75], [617058.75, 3344247.25], [617059.25, 3344247.25], [617059.75, 3344246.75], [617060.25, 3344246.75], [617060.75, 3344246.25], [617061.25, 3344246.25], [617061.75, 3344245.75], [617062.25, 3344245.25], [617063.25, 3344244.25]], [[616734.75, 3344252.25], [616735.75, 3344252.75], [616736.25, 3344252.75], [616736.75, 3344252.75], [616737.25, 3344252.75], [616737.75, 3344253.25], [616738.25, 3344253.25], [616738.75, 3344253.25], [616739.25, 3344253.25], [616739.75, 3344253.25], [616740.25, 3344253.25], [616740.75, 3344253.25], [616741.25, 3344253.75], [616741.75, 3344253.75], [616742.25, 3344253.75], [616742.75, 3344253.75], [616743.25, 3344253.75], [616743.75, 3344253.75], [616744.25, 3344253.75], [616744.75, 3344254.25], [616745.25, 3344254.25], [616745.75, 3344254.25], [616746.25, 3344254.25], [616746.75, 3344254.25], [616747.25, 3344254.75], [616747.75, 3344254.75], [616748.25, 3344254.75], [616748.75, 3344254.75], [616749.25, 3344254.75], [616749.75, 3344254.75], [616750.25, 3344255.25], [616750.75, 3344255.25], [616751.25, 3344255.25], [616751.75, 3344255.25], [616752.25, 3344255.25], [616752.75, 3344255.75], [616753.25, 3344255.75], [616753.75, 3344255.75], [616754.25, 3344255.75], [616754.75, 3344255.75], [616755.25, 3344256.25], [616755.75, 3344256.25], [616756.25, 3344256.25], [616756.75, 3344256.25], [616757.25, 3344256.25], [616757.75, 3344256.75], [616758.25, 3344256.75], [616758.75, 3344256.75], [616759.25, 3344256.75], [616759.75, 3344257.25], [616760.25, 3344257.25], [616760.75, 3344257.25], [616761.25, 3344257.25], [616761.75, 3344257.75], [616762.25, 3344257.75], [616762.75, 3344257.75], [616763.25, 3344258.25], [616763.75, 3344258.25], [616764.25, 3344258.25], [616764.75, 3344258.25], [616765.25, 3344258.75], [616765.75, 3344258.75], [616766.25, 3344258.75], [616766.75, 3344258.75], [616767.25, 3344259.25], [616767.75, 3344259.25], [616768.25, 3344259.25], [616768.75, 3344259.25], [616769.25, 3344259.75], [616769.75, 3344259.75], [616770.25, 3344259.75], [616770.75, 3344259.75], [616771.25, 3344260.25], [616771.75, 3344260.25], [616772.25, 3344260.25], [616772.75, 3344260.25], [616773.25, 3344260.75], [616773.75, 3344260.75], [616774.25, 3344260.75], [616774.75, 3344260.75], [616775.25, 3344261.25], [616775.75, 3344261.25], [616776.25, 3344261.25], [616776.75, 3344261.75], [616777.25, 3344261.75], [616777.75, 3344261.75], [616778.25, 3344261.75], [616778.75, 3344262.25], [616779.25, 3344262.25], [616779.75, 3344262.25], [616780.25, 3344262.25], [616780.75, 3344262.75], [616781.25, 3344262.75], [616781.75, 3344262.75], [616782.25, 3344262.75], [616782.75, 3344263.25], [616783.25, 3344263.25], [616783.75, 3344263.25], [616784.25, 3344263.25], [616784.75, 3344263.75], [616785.25, 3344263.75], [616785.75, 3344263.75], [616786.25, 3344263.75], [616786.75, 3344264.25], [616787.25, 3344264.25], [616787.75, 3344264.25], [616788.25, 3344264.25], [616788.75, 3344264.25], [616789.25, 3344264.25], [616789.75, 3344264.75], [616790.25, 3344264.75], [616790.75, 3344264.75], [616791.25, 3344264.75], [616791.75, 3344264.75], [616792.25, 3344265.25], [616792.75, 3344265.25], [616793.25, 3344265.25], [616793.75, 3344265.25], [616794.25, 3344265.25], [616794.75, 3344265.25], [616795.25, 3344265.75], [616795.75, 3344265.75], [616796.25, 3344265.75], [616796.75, 3344265.75], [616797.25, 3344265.75], [616797.75, 3344265.75], [616798.25, 3344265.75], [616798.75, 3344265.75], [616799.25, 3344266.25], [616799.75, 3344266.25], [616800.25, 3344266.25], [616800.75, 3344266.25], [616801.25, 3344266.25], [616801.75, 3344266.25], [616802.25, 3344266.25], [616802.75, 3344266.25], [616803.25, 3344266.25], [616803.75, 3344266.25], [616804.25, 3344266.25], [616804.75, 3344266.25], [616805.25, 3344266.25], [616805.75, 3344266.25], [616806.25, 3344266.25], [616806.75, 3344266.25], [616807.25, 3344266.25], [616807.75, 3344266.25], [616808.25, 3344266.25], [616808.75, 3344266.25], [616809.25, 3344266.25], [616809.75, 3344266.25], [616810.25, 3344266.25], [616810.75, 3344266.25], [616811.25, 3344266.25], [616811.75, 3344266.25], [616812.25, 3344266.25], [616812.75, 3344266.25], [616813.25, 3344266.25], [616813.75, 3344266.25], [616814.25, 3344266.25], [616814.75, 3344266.25], [616815.25, 3344266.25], [616815.75, 3344266.25], [616816.25, 3344266.25], [616816.75, 3344265.75], [616817.25, 3344265.75], [616817.75, 3344265.75], [616818.25, 3344265.75], [616818.75, 3344265.75], [616819.25, 3344265.75], [616819.75, 3344265.75], [616820.25, 3344265.75], [616820.75, 3344265.25], [616821.25, 3344265.25], [616821.75, 3344265.25], [616822.25, 3344265.25], [616822.75, 3344265.25], [616823.25, 3344265.25], [616823.75, 3344265.25], [616824.25, 3344264.75], [616824.75, 3344264.75], [616825.25, 3344264.75], [616825.75, 3344264.75], [616826.25, 3344264.75], [616826.75, 3344264.75], [616827.25, 3344264.75], [616827.75, 3344264.25], [616828.25, 3344264.25], [616828.75, 3344264.25], [616829.25, 3344264.25], [616829.75, 3344264.25], [616830.25, 3344263.75], [616830.75, 3344263.75], [616831.25, 3344263.75], [616831.75, 3344263.75], [616832.25, 3344263.75], [616832.75, 3344263.25], [616833.25, 3344263.25], [616833.75, 3344263.25], [616834.25, 3344263.25], [616834.75, 3344263.25], [616835.25, 3344262.75], [616835.75, 3344262.75], [616836.25, 3344262.75], [616836.75, 3344262.75], [616837.25, 3344262.25], [616837.75, 3344262.25], [616838.25, 3344262.25], [616838.75, 3344261.75], [616839.25, 3344261.75], [616839.75, 3344261.75], [616840.25, 3344261.25], [616840.75, 3344261.25], [616841.25, 3344261.25], [616841.75, 3344260.75], [616842.25, 3344260.75], [616842.75, 3344260.25], [616843.25, 3344260.25], [616843.75, 3344260.25], [616844.25, 3344259.75], [616844.75, 3344259.75], [616845.25, 3344259.25], [616845.75, 3344259.25], [616846.25, 3344258.75], [616846.75, 3344258.75], [616847.25, 3344258.25], [616847.75, 3344258.25], [616848.25, 3344257.75], [616848.75, 3344257.75], [616849.25, 3344257.75], [616849.75, 3344257.25], [616850.25, 3344257.25], [616850.75, 3344256.75], [616851.25, 3344256.75], [616851.75, 3344256.25], [616852.25, 3344256.25], [616852.75, 3344255.75], [616853.25, 3344255.75], [616853.75, 3344255.25], [616854.25, 3344255.25], [616854.75, 3344254.75], [616855.25, 3344254.75], [616855.75, 3344254.25], [616856.25, 3344254.25], [616856.75, 3344254.25], [616857.25, 3344253.75], [616857.75, 3344253.75], [616858.25, 3344253.25], [616858.75, 3344253.25], [616859.25, 3344252.75], [616859.75, 3344252.75], [616860.25, 3344252.25], [616860.75, 3344252.25], [616861.25, 3344251.75], [616861.75, 3344251.75], [616862.25, 3344251.25], [616862.75, 3344250.75], [616863.25, 3344250.75], [616863.75, 3344250.25], [616864.25, 3344250.25], [616864.75, 3344249.75], [616865.25, 3344249.75], [616865.75, 3344249.25], [616866.25, 3344249.25], [616866.75, 3344248.75], [616867.25, 3344248.75], [616867.75, 3344248.25], [616868.25, 3344248.25], [616868.75, 3344247.75], [616869.25, 3344247.75], [616869.75, 3344247.25], [616870.25, 3344247.25], [616870.75, 3344246.75], [616871.25, 3344246.75], [616871.75, 3344246.25], [616872.25, 3344246.25], [616872.75, 3344245.75], [616873.25, 3344245.75], [616873.75, 3344245.25], [616874.25, 3344245.25], [616874.75, 3344244.75], [616875.25, 3344244.25], [616875.75, 3344244.25], [616876.25, 3344243.75], [616876.75, 3344243.75], [616877.25, 3344243.25], [616877.75, 3344243.25], [616878.25, 3344242.75], [616878.75, 3344242.75], [616879.25, 3344242.25], [616879.75, 3344242.25], [616880.25, 3344241.75], [616880.75, 3344241.25], [616881.25, 3344241.25], [616881.75, 3344240.75], [616882.25, 3344240.75], [616882.75, 3344240.25], [616883.25, 3344240.25], [616883.75, 3344239.75], [616884.25, 3344239.75], [616884.75, 3344239.25], [616885.25, 3344238.75], [616885.75, 3344238.75], [616886.25, 3344238.25], [616886.75, 3344238.25], [616887.25, 3344237.75], [616887.75, 3344237.75], [616888.25, 3344237.25], [616888.75, 3344237.25], [616889.25, 3344236.75], [616889.75, 3344236.25], [616890.25, 3344236.25], [616890.75, 3344235.75], [616891.25, 3344235.75], [616891.75, 3344235.25], [616892.25, 3344235.25], [616892.75, 3344234.75], [616893.25, 3344234.75], [616893.75, 3344234.25], [616894.25, 3344234.25], [616894.75, 3344233.75], [616895.25, 3344233.25], [616895.75, 3344233.25], [616896.25, 3344232.75], [616896.75, 3344232.75], [616897.25, 3344232.25], [616897.75, 3344232.25], [616898.25, 3344231.75], [616898.75, 3344231.75], [616899.25, 3344231.25], [616899.75, 3344231.25], [616900.25, 3344230.75], [616900.75, 3344230.25], [616901.25, 3344230.25], [616901.75, 3344229.75], [616902.25, 3344229.75], [616902.75, 3344229.25], [616903.25, 3344228.75], [616903.75, 3344228.75], [616904.25, 3344228.25], [616904.75, 3344227.75], [616905.25, 3344227.25], [616905.75, 3344226.75], [616906.25, 3344226.25], [616906.75, 3344225.75], [616907.25, 3344225.25], [616907.75, 3344224.75], [616908.25, 3344224.25], [616908.25, 3344223.75], [616908.75, 3344223.25], [616909.25, 3344222.75], [616909.25, 3344222.25], [616909.75, 3344221.75], [616909.75, 3344221.25], [616910.25, 3344220.75], [616910.25, 3344220.25], [616910.25, 3344219.75], [616910.25, 3344219.25], [616910.75, 3344218.75], [616910.75, 3344218.25], [616910.75, 3344217.75], [616910.75, 3344217.25], [616910.75, 3344216.75], [616910.75, 3344216.25], [616910.75, 3344215.75], [616911.25, 3344215.25], [616911.25, 3344214.75], [616910.75, 3344214.25], [616910.75, 3344213.75], [616910.75, 3344213.25], [616910.75, 3344212.75], [616910.25, 3344212.25], [616910.25, 3344211.75], [616910.25, 3344211.25], [616909.75, 3344210.75], [616909.75, 3344210.25], [616909.75, 3344209.75], [616909.25, 3344209.25], [616909.25, 3344208.75], [616909.25, 3344208.25], [616908.75, 3344207.75], [616908.75, 3344207.25], [616908.25, 3344206.75], [616908.25, 3344206.25], [616907.75, 3344205.75], [616907.25, 3344205.25], [616907.25, 3344204.75], [616906.75, 3344204.25], [616906.75, 3344203.75], [616906.25, 3344203.25], [616906.25, 3344202.75], [616905.75, 3344202.25], [616905.75, 3344201.75], [616905.25, 3344201.25], [616905.25, 3344200.75], [616904.75, 3344200.25], [616904.25, 3344199.75], [616904.25, 3344199.25], [616903.75, 3344198.75], [616903.75, 3344198.25], [616903.25, 3344197.75], [616902.75, 3344197.25], [616902.75, 3344196.75], [616902.25, 3344196.25], [616902.25, 3344195.75], [616902.25, 3344195.25], [616901.75, 3344194.75], [616901.25, 3344194.25], [616901.25, 3344193.75], [616900.75, 3344193.25], [616900.75, 3344192.75], [616900.25, 3344192.25], [616900.25, 3344191.75], [616899.75, 3344191.25], [616899.75, 3344190.75], [616899.25, 3344190.25], [616899.25, 3344189.75], [616898.75, 3344189.25], [616898.75, 3344188.75], [616898.25, 3344188.25], [616898.25, 3344187.75], [616897.75, 3344187.25], [616897.75, 3344186.75], [616897.25, 3344186.25], [616897.25, 3344185.75], [616896.75, 3344185.25], [616896.75, 3344184.75], [616896.25, 3344184.25], [616896.25, 3344183.75], [616895.75, 3344183.25], [616895.75, 3344182.75], [616895.25, 3344182.25], [616895.25, 3344181.75], [616894.75, 3344181.25], [616894.75, 3344180.75], [616894.25, 3344180.25], [616893.75, 3344179.75], [616893.75, 3344179.25], [616893.75, 3344178.75], [616893.25, 3344178.25], [616893.25, 3344177.75], [616892.75, 3344177.25], [616892.75, 3344176.75], [616892.25, 3344176.25], [616892.25, 3344175.75], [616891.75, 3344175.25], [616891.25, 3344174.75], [616891.25, 3344174.25], [616890.75, 3344173.75], [616890.75, 3344173.25], [616890.25, 3344172.75], [616890.25, 3344172.25], [616889.75, 3344171.75], [616889.75, 3344171.25], [616889.25, 3344170.75], [616888.75, 3344170.25], [616888.75, 3344169.75], [616888.25, 3344169.25], [616888.25, 3344168.75], [616888.25, 3344168.25], [616887.75, 3344167.75], [616887.75, 3344167.25], [616887.25, 3344166.75], [616887.25, 3344166.25], [616887.25, 3344165.75], [616886.75, 3344165.25], [616886.75, 3344164.75], [616886.75, 3344164.25], [616886.75, 3344163.75], [616886.75, 3344163.25], [616886.25, 3344162.75], [616886.25, 3344162.25], [616886.25, 3344161.75], [616886.25, 3344161.25], [616885.75, 3344160.75], [616885.75, 3344160.25], [616885.75, 3344159.75], [616885.75, 3344159.25], [616885.25, 3344158.75], [616885.25, 3344158.25], [616885.25, 3344157.75], [616884.75, 3344157.25]], [[616734.75, 3344252.25], [616735.25, 3344251.25], [616735.25, 3344250.75], [616735.25, 3344250.25], [616735.25, 3344249.75], [616735.25, 3344249.25], [616735.25, 3344248.75], [616735.25, 3344248.25], [616735.25, 3344247.75], [616735.25, 3344247.25], [616735.25, 3344246.75], [616735.75, 3344246.25], [616735.75, 3344245.75], [616735.75, 3344245.25], [616735.75, 3344244.75], [616735.75, 3344244.25], [616735.75, 3344243.75], [616735.75, 3344243.25], [616735.75, 3344242.75], [616735.75, 3344242.25], [616735.75, 3344241.75], [616736.25, 3344241.25], [616736.25, 3344240.75], [616736.25, 3344240.25], [616736.25, 3344239.75], [616736.25, 3344239.25], [616736.75, 3344238.75], [616736.75, 3344238.25], [616736.75, 3344237.75], [616736.75, 3344237.25], [616736.75, 3344236.75], [616737.25, 3344236.25], [616737.25, 3344235.75], [616737.25, 3344235.25], [616737.25, 3344234.75], [616737.25, 3344234.25], [616737.75, 3344233.75], [616737.75, 3344233.25], [616737.75, 3344232.75], [616737.75, 3344232.25], [616737.75, 3344231.75], [616738.25, 3344231.25], [616738.25, 3344230.75], [616738.25, 3344230.25], [616738.25, 3344229.75], [616738.25, 3344229.25], [616738.75, 3344228.75], [616738.75, 3344228.25], [616738.75, 3344227.75], [616738.75, 3344227.25], [616738.75, 3344226.75], [616739.25, 3344226.25], [616739.25, 3344225.75], [616739.25, 3344225.25], [616739.25, 3344224.75], [616739.25, 3344224.25], [616739.75, 3344223.75], [616739.75, 3344223.25], [616739.75, 3344222.75], [616739.75, 3344222.25], [616739.75, 3344221.75], [616739.75, 3344221.25], [616740.25, 3344220.75], [616740.25, 3344220.25], [616740.25, 3344219.75], [616740.25, 3344219.25], [616740.25, 3344218.75], [616740.25, 3344218.25], [616740.25, 3344217.75], [616740.75, 3344217.25], [616740.75, 3344216.75], [616740.75, 3344216.25], [616740.75, 3344215.75], [616740.75, 3344215.25], [616740.75, 3344214.75], [616740.75, 3344214.25], [616741.25, 3344213.75], [616741.25, 3344213.25], [616741.25, 3344212.75], [616741.25, 3344212.25], [616741.75, 3344211.75], [616741.75, 3344211.25], [616741.75, 3344210.75], [616741.75, 3344210.25], [616742.25, 3344209.75], [616742.25, 3344209.25], [616742.25, 3344208.75], [616742.25, 3344208.25], [616742.75, 3344207.75], [616742.75, 3344207.25], [616742.75, 3344206.75], [616742.75, 3344206.25], [616742.75, 3344205.75], [616743.25, 3344205.25], [616743.25, 3344204.75], [616743.25, 3344204.25], [616743.25, 3344203.75], [616743.25, 3344203.25], [616743.75, 3344202.75], [616743.75, 3344202.25], [616743.75, 3344201.75], [616743.75, 3344201.25], [616744.25, 3344200.75], [616744.25, 3344200.25], [616744.25, 3344199.75], [616744.25, 3344199.25], [616744.25, 3344198.75], [616744.75, 3344198.25], [616744.75, 3344197.75], [616744.75, 3344197.25], [616744.75, 3344196.75], [616745.25, 3344196.25], [616745.25, 3344195.75], [616745.25, 3344195.25], [616745.25, 3344194.75], [616745.25, 3344194.25], [616745.25, 3344193.75], [616745.75, 3344193.25], [616745.75, 3344192.75], [616745.75, 3344192.25], [616745.75, 3344191.75], [616745.75, 3344191.25], [616746.25, 3344190.75], [616746.25, 3344190.25], [616746.25, 3344189.75], [616746.25, 3344189.25], [616746.25, 3344188.75], [616746.25, 3344188.25], [616746.75, 3344187.75], [616746.75, 3344187.25], [616746.75, 3344186.75], [616746.75, 3344186.25], [616746.75, 3344185.75], [616747.25, 3344185.25], [616747.25, 3344184.75], [616747.25, 3344184.25], [616747.25, 3344183.75], [616747.25, 3344183.25], [616747.75, 3344182.75], [616747.75, 3344182.25], [616747.75, 3344181.75], [616747.75, 3344181.25], [616748.25, 3344180.75], [616748.25, 3344180.25], [616748.25, 3344179.75], [616748.25, 3344179.25], [616748.25, 3344178.75], [616748.75, 3344178.25], [616748.75, 3344177.75], [616748.75, 3344177.25], [616748.75, 3344176.75], [616748.75, 3344176.25], [616748.75, 3344175.75], [616749.25, 3344175.25], [616749.25, 3344174.75], [616749.25, 3344174.25], [616749.25, 3344173.75], [616749.25, 3344173.25], [616749.75, 3344172.75], [616749.75, 3344172.25], [616749.75, 3344171.75], [616750.25, 3344171.25], [616750.25, 3344170.75], [616750.25, 3344170.25], [616750.25, 3344169.75], [616750.75, 3344169.25], [616750.75, 3344168.75], [616750.75, 3344168.25], [616751.25, 3344167.75], [616751.25, 3344167.25], [616751.25, 3344166.75], [616751.25, 3344166.25], [616751.25, 3344165.75], [616751.75, 3344165.25], [616751.75, 3344164.75], [616751.75, 3344164.25], [616751.75, 3344163.75], [616751.75, 3344163.25], [616751.75, 3344162.75], [616751.75, 3344162.25], [616751.75, 3344161.75], [616752.25, 3344161.25], [616752.25, 3344160.75], [616752.25, 3344160.25], [616752.25, 3344159.75], [616752.25, 3344159.25], [616752.25, 3344158.75], [616752.25, 3344158.25], [616752.75, 3344157.75], [616752.75, 3344157.25], [616752.75, 3344156.75], [616752.75, 3344156.25], [616753.25, 3344155.75], [616753.25, 3344155.25], [616753.25, 3344154.75], [616753.75, 3344154.25], [616753.75, 3344153.75], [616754.25, 3344153.25], [616754.25, 3344152.75], [616754.75, 3344151.25]], [[617063.25, 3344244.25], [617062.25, 3344243.75], [617061.75, 3344243.25], [617061.25, 3344242.75], [617060.75, 3344242.25], [617060.75, 3344241.75], [617060.25, 3344241.25], [617060.25, 3344240.75], [617060.25, 3344240.25], [617059.75, 3344239.75], [617059.75, 3344239.25], [617059.75, 3344238.75], [617059.25, 3344238.25], [617059.25, 3344237.75], [617059.25, 3344237.25], [617059.25, 3344236.75], [617058.75, 3344236.25], [617058.25, 3344235.75], [617058.25, 3344235.25], [617058.25, 3344234.75], [617057.75, 3344234.25], [617057.75, 3344233.75], [617057.25, 3344233.25], [617056.75, 3344232.75], [617056.75, 3344232.25], [617056.25, 3344231.75], [617055.75, 3344231.25], [617055.75, 3344230.75], [617055.25, 3344230.25], [617054.75, 3344229.75], [617054.25, 3344229.25], [617054.25, 3344228.75], [617053.75, 3344228.25], [617053.25, 3344227.75], [617052.75, 3344227.25], [617052.25, 3344226.75], [617052.25, 3344226.25], [617051.75, 3344225.75], [617051.25, 3344225.25], [617050.75, 3344224.75], [617050.25, 3344224.25], [617049.75, 3344224.25], [617049.25, 3344223.75], [617048.75, 3344223.25], [617048.25, 3344222.75], [617047.75, 3344222.25], [617047.25, 3344221.75], [617046.75, 3344221.25], [617046.25, 3344220.75], [617045.75, 3344220.75], [617045.25, 3344220.25], [617044.75, 3344219.75], [617044.25, 3344219.25], [617043.75, 3344218.75], [617043.25, 3344218.75], [617042.75, 3344218.25], [617042.25, 3344217.75], [617041.75, 3344217.25], [617041.25, 3344217.25], [617040.75, 3344216.75], [617040.25, 3344216.25], [617039.75, 3344216.25], [617039.25, 3344215.75], [617038.75, 3344215.25], [617038.25, 3344214.75], [617037.75, 3344214.75], [617037.25, 3344214.25], [617036.75, 3344213.75], [617036.25, 3344213.75], [617035.75, 3344213.25], [617035.25, 3344212.75], [617034.75, 3344212.75], [617034.25, 3344212.25], [617033.75, 3344211.75], [617033.25, 3344211.75], [617032.75, 3344211.25], [617032.25, 3344211.25], [617031.75, 3344210.75], [617031.25, 3344210.75], [617030.75, 3344210.25], [617030.25, 3344209.75], [617029.75, 3344209.25], [617029.25, 3344209.25], [617028.75, 3344208.75], [617028.25, 3344208.25], [617027.75, 3344207.75], [617027.25, 3344207.25], [617026.75, 3344207.25], [617026.25, 3344206.75], [617025.75, 3344206.25], [617025.25, 3344205.75], [617024.75, 3344205.25], [617024.25, 3344205.25], [617023.75, 3344204.75], [617023.25, 3344204.25], [617022.75, 3344203.75], [617022.25, 3344203.25], [617021.75, 3344202.75], [617021.25, 3344202.75], [617020.75, 3344202.25], [617020.25, 3344201.75], [617019.75, 3344201.25], [617019.25, 3344200.75], [617018.75, 3344200.25], [617018.25, 3344199.75], [617017.75, 3344199.25], [617017.25, 3344198.75], [617016.75, 3344198.25], [617016.25, 3344197.75], [617016.25, 3344197.25], [617015.75, 3344196.75], [617015.25, 3344196.25], [617014.75, 3344195.75], [617014.25, 3344195.25], [617013.75, 3344194.75], [617013.25, 3344194.25], [617012.75, 3344193.75], [617012.75, 3344193.25], [617012.25, 3344192.75], [617011.75, 3344192.25], [617011.75, 3344191.75], [617011.25, 3344191.25], [617010.75, 3344190.75], [617010.75, 3344190.25], [617010.25, 3344189.75], [617009.75, 3344189.25], [617009.75, 3344188.75], [617009.25, 3344188.25], [617008.75, 3344187.75], [617008.75, 3344187.25], [617008.25, 3344186.75], [617008.25, 3344186.25], [617007.75, 3344185.75], [617007.25, 3344185.25], [617007.25, 3344184.75], [617006.75, 3344184.25], [617006.75, 3344183.75], [617006.25, 3344183.25], [617006.25, 3344182.75], [617005.75, 3344182.25], [617005.25, 3344181.75], [617005.25, 3344181.25], [617004.75, 3344180.75], [617004.75, 3344180.25], [617004.25, 3344179.75], [617003.75, 3344179.25], [617003.75, 3344178.75], [617003.25, 3344178.25], [617002.75, 3344177.75], [617002.75, 3344177.25], [617002.25, 3344176.75], [617002.25, 3344176.25], [617001.75, 3344175.75], [617001.25, 3344175.25], [617001.25, 3344174.75], [617000.75, 3344174.25], [617000.75, 3344173.75], [617000.25, 3344173.25], [617000.25, 3344172.75], [616999.75, 3344172.25], [616999.75, 3344171.75], [616999.75, 3344171.25], [616999.25, 3344170.75], [616999.25, 3344170.25], [616998.75, 3344169.75], [616998.25, 3344169.25], [616998.25, 3344168.75], [616997.75, 3344168.25], [616997.75, 3344167.75], [616997.25, 3344167.25], [616997.25, 3344166.75], [616996.75, 3344166.25], [616996.75, 3344165.75], [616996.25, 3344165.25], [616996.25, 3344164.75], [616995.75, 3344164.25], [616995.75, 3344163.75], [616995.25, 3344163.25], [616994.75, 3344162.75], [616994.75, 3344162.25], [616994.25, 3344161.75], [616994.25, 3344161.25], [616993.75, 3344160.75], [616993.25, 3344160.25], [616993.25, 3344159.75], [616992.75, 3344159.25], [616992.75, 3344158.75], [616992.25, 3344158.25], [616992.25, 3344157.75], [616992.25, 3344157.25], [616991.75, 3344156.75], [616991.25, 3344156.25], [616991.25, 3344155.75], [616990.75, 3344155.25], [616990.75, 3344154.75], [616990.25, 3344154.25], [616989.75, 3344153.75], [616989.75, 3344153.25], [616989.25, 3344152.75], [616989.25, 3344152.25], [616988.75, 3344151.75], [616988.75, 3344151.25], [616988.25, 3344150.75], [616988.25, 3344150.25], [616987.75, 3344149.75], [616987.75, 3344149.25], [616987.25, 3344148.75], [616986.75, 3344148.25], [616986.75, 3344147.75], [616986.25, 3344147.25], [616986.25, 3344146.75], [616985.75, 3344146.25], [616985.25, 3344145.75], [616985.25, 3344145.25], [616984.75, 3344144.75], [616984.75, 3344144.25], [616984.25, 3344143.75], [616984.25, 3344143.25], [616983.75, 3344142.75], [616983.25, 3344142.25], [616983.25, 3344141.75], [616982.75, 3344141.25], [616982.75, 3344140.75], [616982.25, 3344140.25], [616981.75, 3344139.75], [616981.75, 3344139.25], [616981.25, 3344138.75], [616981.25, 3344138.25], [616980.75, 3344137.75], [616980.75, 3344137.25], [616980.25, 3344136.75], [616979.75, 3344136.25], [616979.75, 3344135.75], [616979.25, 3344135.25], [616979.25, 3344134.75], [616978.75, 3344134.25], [616978.75, 3344133.75], [616978.25, 3344133.25], [616978.25, 3344132.75], [616977.75, 3344132.25], [616977.75, 3344131.75], [616977.25, 3344131.25], [616977.25, 3344130.75], [616976.75, 3344130.25], [616976.75, 3344129.75], [616976.75, 3344129.25], [616976.25, 3344128.75], [616976.25, 3344128.25], [616975.75, 3344127.75], [616975.75, 3344127.25], [616975.25, 3344126.75], [616975.25, 3344126.25], [616975.25, 3344125.75], [616974.75, 3344125.25], [616974.75, 3344124.75], [616974.25, 3344124.25], [616974.25, 3344123.75], [616973.75, 3344123.25], [616973.75, 3344122.75], [616973.25, 3344122.25], [616973.25, 3344121.75], [616973.25, 3344121.25], [616972.75, 3344120.75], [616972.75, 3344120.25], [616972.75, 3344119.75], [616972.25, 3344119.25], [616971.75, 3344118.75], [616971.75, 3344118.25], [616971.25, 3344117.75], [616970.75, 3344117.25], [616970.25, 3344116.75], [616969.75, 3344116.25], [616969.25, 3344115.75], [616968.75, 3344115.25], [616968.25, 3344114.25]], [[617063.25, 3344244.25], [617064.25, 3344243.75], [617064.75, 3344243.25], [617065.25, 3344242.75], [617065.75, 3344242.25], [617066.25, 3344242.25], [617066.75, 3344241.75], [617067.25, 3344241.75], [617067.75, 3344241.25], [617068.25, 3344241.25], [617068.75, 3344241.25], [617069.25, 3344241.25], [617069.75, 3344240.75], [617070.25, 3344240.75], [617070.75, 3344240.75], [617071.25, 3344240.25], [617071.75, 3344240.25], [617072.25, 3344239.75], [617072.75, 3344239.75], [617073.25, 3344239.25], [617073.75, 3344239.25], [617074.25, 3344238.75], [617074.75, 3344238.75], [617075.25, 3344238.25], [617075.75, 3344238.25], [617076.25, 3344237.75], [617076.75, 3344237.75], [617077.25, 3344237.25], [617077.75, 3344237.25], [617078.25, 3344236.75], [617078.75, 3344236.75], [617079.25, 3344236.25], [617079.75, 3344235.75], [617080.25, 3344235.75], [617080.75, 3344235.25], [617081.25, 3344235.25], [617081.75, 3344234.75], [617082.25, 3344234.75], [617082.75, 3344234.25], [617083.25, 3344234.25], [617083.75, 3344233.75], [617084.25, 3344233.75], [617084.75, 3344233.25], [617085.25, 3344233.25], [617085.75, 3344232.75], [617086.25, 3344232.75], [617086.75, 3344232.25], [617087.25, 3344231.75], [617087.75, 3344231.75], [617088.25, 3344231.25], [617088.75, 3344231.25], [617089.25, 3344230.75], [617089.75, 3344230.25], [617090.25, 3344230.25], [617090.75, 3344229.75], [617091.25, 3344229.75], [617091.75, 3344229.25], [617092.25, 3344228.75], [617092.75, 3344228.75], [617093.25, 3344228.25], [617093.75, 3344227.75], [617094.25, 3344227.75], [617094.75, 3344227.25], [617095.25, 3344227.25], [617095.75, 3344226.75], [617096.25, 3344226.75], [617096.75, 3344226.25], [617097.25, 3344226.25], [617097.75, 3344225.75], [617098.25, 3344225.75], [617098.75, 3344225.25], [617099.25, 3344225.25], [617099.75, 3344224.75], [617100.25, 3344224.75], [617100.75, 3344224.25], [617101.25, 3344224.25], [617101.75, 3344223.75], [617102.25, 3344223.75], [617102.75, 3344223.25], [617103.25, 3344223.25], [617103.75, 3344222.75], [617104.25, 3344222.25], [617104.75, 3344222.25], [617105.25, 3344221.75], [617105.75, 3344221.75], [617106.25, 3344221.25], [617106.75, 3344221.25], [617107.25, 3344220.75], [617107.75, 3344220.75], [617108.25, 3344220.25], [617108.75, 3344220.25], [617109.25, 3344219.75], [617109.75, 3344219.75], [617110.25, 3344219.25], [617110.75, 3344219.25], [617111.25, 3344218.75], [617111.75, 3344218.25], [617112.25, 3344218.25], [617112.75, 3344217.75], [617113.25, 3344217.75], [617113.75, 3344217.25], [617114.25, 3344217.25], [617114.75, 3344216.75], [617115.25, 3344216.75], [617115.75, 3344216.25], [617116.25, 3344216.25], [617116.75, 3344215.75], [617117.25, 3344215.75], [617117.75, 3344215.25], [617118.25, 3344215.25], [617118.75, 3344214.75], [617119.25, 3344214.25], [617119.75, 3344214.25], [617120.25, 3344213.75], [617120.75, 3344213.75], [617121.25, 3344213.25], [617121.75, 3344212.75], [617122.25, 3344212.75], [617122.75, 3344212.75], [617123.25, 3344212.75], [617123.75, 3344212.25], [617124.25, 3344212.25], [617124.75, 3344211.75], [617125.25, 3344211.75], [617125.75, 3344211.25], [617126.25, 3344210.75], [617126.75, 3344210.75], [617127.25, 3344210.25], [617127.75, 3344210.25], [617128.25, 3344209.75], [617128.75, 3344209.25], [617129.25, 3344209.25], [617129.75, 3344208.75], [617130.25, 3344208.75], [617130.75, 3344208.25], [617131.25, 3344207.75], [617131.75, 3344207.75], [617132.25, 3344207.25], [617132.75, 3344207.25], [617133.25, 3344206.75], [617133.75, 3344206.75], [617134.25, 3344206.25], [617134.75, 3344206.25], [617135.25, 3344205.75], [617135.75, 3344205.25], [617136.25, 3344205.25], [617136.75, 3344204.75], [617137.25, 3344204.75], [617137.75, 3344204.25], [617138.25, 3344204.25], [617138.75, 3344203.75], [617139.25, 3344203.25], [617139.75, 3344203.25], [617140.25, 3344202.75], [617140.75, 3344202.75], [617141.25, 3344202.25], [617141.75, 3344202.25], [617142.25, 3344201.75], [617142.75, 3344201.25], [617143.25, 3344201.25], [617143.75, 3344200.75], [617144.25, 3344200.75], [617144.75, 3344200.25], [617145.25, 3344200.25], [617145.75, 3344199.75], [617146.25, 3344199.75], [617146.75, 3344199.25], [617147.25, 3344198.75], [617147.75, 3344198.75], [617148.25, 3344198.25], [617148.75, 3344198.25], [617149.25, 3344197.75], [617149.75, 3344197.75], [617150.25, 3344197.25], [617150.75, 3344197.25], [617151.25, 3344196.75], [617151.75, 3344196.75], [617152.25, 3344196.25], [617152.75, 3344196.25], [617153.25, 3344195.75], [617153.75, 3344195.75], [617154.25, 3344195.25], [617154.75, 3344195.25], [617155.25, 3344194.75], [617155.75, 3344194.75], [617156.25, 3344194.25], [617156.75, 3344194.25], [617157.25, 3344193.75], [617157.75, 3344193.75], [617158.25, 3344193.25], [617158.75, 3344193.25], [617159.25, 3344192.75], [617159.75, 3344192.25], [617160.25, 3344192.25], [617160.75, 3344191.75], [617161.25, 3344191.75], [617161.75, 3344191.25], [617162.25, 3344190.75], [617162.75, 3344190.75], [617163.25, 3344190.25], [617163.75, 3344190.25], [617164.25, 3344189.75], [617164.75, 3344189.75], [617165.25, 3344189.25], [617165.75, 3344189.25], [617166.25, 3344188.75], [617166.75, 3344188.75], [617167.25, 3344188.25], [617167.75, 3344187.75], [617168.25, 3344187.75], [617168.75, 3344187.25], [617169.25, 3344187.25], [617169.75, 3344186.75], [617170.25, 3344186.75], [617170.75, 3344186.25], [617171.25, 3344186.25], [617171.75, 3344185.75], [617172.25, 3344185.75], [617172.75, 3344185.25], [617173.25, 3344184.75], [617173.75, 3344184.75], [617174.25, 3344184.25], [617174.75, 3344184.25], [617175.25, 3344183.75], [617175.75, 3344183.25], [617176.25, 3344183.25], [617176.75, 3344182.75], [617177.25, 3344182.75], [617177.75, 3344182.25], [617178.25, 3344182.25], [617178.75, 3344181.75], [617179.25, 3344181.25], [617179.75, 3344181.25], [617180.25, 3344180.75], [617180.75, 3344180.75], [617181.25, 3344180.25], [617181.75, 3344179.75], [617182.25, 3344179.75], [617182.75, 3344179.25], [617183.25, 3344179.25], [617183.75, 3344178.75], [617184.25, 3344178.25], [617184.75, 3344178.25], [617185.25, 3344177.75], [617185.75, 3344177.25], [617186.25, 3344177.25], [617186.75, 3344176.75], [617187.25, 3344176.25], [617187.75, 3344176.25], [617188.25, 3344175.75], [617188.75, 3344175.75], [617189.25, 3344175.25], [617189.75, 3344174.75], [617190.25, 3344174.25], [617190.75, 3344173.75], [617191.25, 3344173.25]], [[617215.25, 3344222.75], [617215.25, 3344222.25], [617215.75, 3344221.75], [617215.75, 3344221.25], [617215.25, 3344220.75], [617215.25, 3344220.25], [617215.25, 3344219.75], [617215.25, 3344219.25], [617214.75, 3344218.75], [617214.75, 3344218.25], [617214.75, 3344217.75], [617214.75, 3344217.25], [617214.75, 3344216.75], [617214.25, 3344216.25], [617214.25, 3344215.75], [617214.25, 3344215.25], [617214.25, 3344214.75], [617213.75, 3344214.25], [617213.75, 3344213.75], [617213.75, 3344213.25], [617213.75, 3344212.75], [617213.75, 3344212.25], [617213.25, 3344211.75], [617213.25, 3344211.25], [617213.25, 3344210.75], [617213.25, 3344210.25], [617212.75, 3344209.75], [617212.75, 3344209.25], [617212.75, 3344208.75], [617212.25, 3344208.25], [617211.75, 3344207.75], [617211.25, 3344207.25], [617211.25, 3344206.75], [617211.25, 3344206.25], [617210.75, 3344205.75], [617210.75, 3344205.25], [617210.25, 3344204.75], [617210.25, 3344204.25], [617209.75, 3344203.75], [617209.75, 3344203.25], [617209.25, 3344202.75], [617209.25, 3344202.25], [617209.25, 3344201.75], [617208.75, 3344201.25], [617208.25, 3344200.75], [617208.25, 3344200.25], [617207.75, 3344199.75], [617207.75, 3344199.25], [617207.25, 3344198.75], [617207.25, 3344198.25], [617206.75, 3344197.75], [617206.75, 3344197.25], [617206.25, 3344196.75], [617206.25, 3344196.25], [617205.75, 3344195.75], [617205.75, 3344195.25], [617205.25, 3344194.75], [617205.25, 3344194.25], [617204.75, 3344193.75], [617204.75, 3344193.25], [617204.25, 3344192.75], [617204.25, 3344192.25], [617203.75, 3344191.75], [617203.75, 3344191.25], [617203.25, 3344190.75], [617203.25, 3344190.25], [617202.75, 3344189.75], [617202.75, 3344189.25], [617202.25, 3344188.75], [617202.25, 3344188.25], [617201.75, 3344187.75], [617201.75, 3344187.25], [617201.25, 3344186.75], [617201.25, 3344186.25], [617201.25, 3344185.75], [617200.75, 3344185.25], [617200.25, 3344184.75], [617200.25, 3344184.25], [617199.75, 3344183.75], [617199.75, 3344183.25], [617199.25, 3344182.75], [617199.25, 3344182.25], [617198.75, 3344181.75], [617198.75, 3344181.25], [617198.25, 3344180.75], [617198.25, 3344180.25], [617197.75, 3344179.75], [617197.75, 3344179.25], [617197.75, 3344178.75], [617197.75, 3344178.25], [617197.75, 3344177.75], [617197.25, 3344177.25], [617197.25, 3344176.75], [617197.25, 3344176.25], [617196.75, 3344175.75], [617196.25, 3344175.25], [617195.75, 3344174.75], [617195.25, 3344174.25], [617194.75, 3344173.25]], [[617191.25, 3344173.25], [617191.75, 3344173.25], [617192.25, 3344173.25], [617192.75, 3344173.25], [617193.25, 3344173.25], [617193.75, 3344173.25], [617194.75, 3344173.25]], [[617194.75, 3344173.25], [617195.25, 3344172.25], [617195.75, 3344171.75], [617196.25, 3344171.25], [617196.75, 3344170.75], [617197.25, 3344170.25], [617197.75, 3344170.25], [617198.25, 3344169.75], [617198.75, 3344169.75], [617199.25, 3344169.75], [617199.75, 3344169.75], [617200.25, 3344169.75], [617200.75, 3344169.25], [617201.25, 3344169.25], [617201.75, 3344168.75], [617202.25, 3344168.25], [617202.75, 3344168.25], [617203.25, 3344168.25], [617203.75, 3344167.75], [617204.25, 3344167.75], [617204.75, 3344167.25], [617205.25, 3344166.75], [617205.75, 3344166.75], [617206.25, 3344166.25], [617206.75, 3344166.25], [617207.25, 3344165.75], [617207.75, 3344165.75], [617208.25, 3344165.25], [617208.75, 3344165.25], [617209.25, 3344164.75], [617209.75, 3344164.25], [617210.25, 3344164.25], [617210.75, 3344163.75], [617211.25, 3344163.75], [617211.75, 3344163.25], [617212.25, 3344163.25], [617212.75, 3344162.75], [617213.25, 3344162.25], [617213.75, 3344161.75], [617213.75, 3344161.25], [617213.75, 3344160.75], [617214.25, 3344160.25], [617214.25, 3344159.75], [617214.75, 3344159.25], [617214.75, 3344158.75], [617215.25, 3344158.25], [617215.25, 3344157.75], [617215.75, 3344157.25], [617215.75, 3344156.75], [617215.75, 3344156.25]], [[617191.25, 3344173.25], [617190.75, 3344172.75], [617190.25, 3344172.25], [617189.75, 3344171.75], [617189.75, 3344171.25], [617189.25, 3344170.75], [617189.25, 3344170.25], [617189.25, 3344169.75], [617188.75, 3344169.25], [617188.75, 3344168.75], [617188.75, 3344168.25], [617188.75, 3344167.75], [617188.75, 3344167.25], [617188.25, 3344166.75], [617188.25, 3344166.25], [617188.25, 3344165.75], [617188.25, 3344165.25], [617188.25, 3344164.75], [617187.75, 3344164.25], [617187.75, 3344163.75], [617187.75, 3344163.25], [617187.25, 3344162.75], [617187.25, 3344162.25], [617186.75, 3344161.75], [617186.75, 3344161.25], [617186.25, 3344160.75], [617186.25, 3344160.25], [617185.75, 3344159.75], [617185.75, 3344159.25], [617185.25, 3344158.75], [617185.25, 3344158.25], [617184.75, 3344157.75], [617184.75, 3344157.25], [617184.25, 3344156.75], [617184.25, 3344156.25], [617184.25, 3344155.75], [617183.75, 3344155.25], [617183.75, 3344154.75], [617183.25, 3344154.25], [617183.25, 3344153.75], [617182.75, 3344153.25], [617182.25, 3344152.75], [617182.25, 3344152.25], [617182.25, 3344151.75], [617181.75, 3344151.25], [617181.75, 3344150.75], [617181.75, 3344150.25], [617181.25, 3344149.75], [617181.25, 3344149.25], [617181.25, 3344148.75], [617180.75, 3344147.75]], [[616884.75, 3344157.25], [616884.25, 3344156.75], [616883.75, 3344156.75], [616883.25, 3344156.75], [616882.75, 3344156.75], [616882.25, 3344156.75], [616881.75, 3344156.75], [616881.25, 3344156.75], [616880.75, 3344157.25], [616880.25, 3344157.25], [616879.75, 3344157.25], [616879.25, 3344157.25], [616878.75, 3344157.25], [616878.25, 3344157.25], [616877.75, 3344157.25], [616877.25, 3344157.25], [616876.75, 3344157.75], [616876.25, 3344157.75], [616875.75, 3344157.75], [616875.25, 3344157.75], [616874.75, 3344157.75], [616874.25, 3344158.25], [616873.75, 3344158.25], [616873.25, 3344158.25], [616872.75, 3344158.25], [616872.25, 3344158.25], [616871.75, 3344158.25], [616871.25, 3344158.25], [616870.75, 3344158.75], [616870.25, 3344158.75], [616869.75, 3344158.75], [616869.25, 3344158.75], [616868.75, 3344158.75], [616868.25, 3344158.75], [616867.75, 3344159.25], [616867.25, 3344159.25], [616866.75, 3344159.25], [616866.25, 3344159.25], [616865.75, 3344159.75], [616865.25, 3344159.75], [616864.75, 3344159.75], [616864.25, 3344159.75], [616863.75, 3344159.75], [616863.25, 3344160.25], [616862.75, 3344160.25], [616862.25, 3344160.25], [616861.75, 3344160.25], [616861.25, 3344160.75], [616860.75, 3344160.75], [616860.25, 3344160.75], [616859.75, 3344160.75], [616859.25, 3344160.75], [616858.75, 3344161.25], [616858.25, 3344161.25], [616857.75, 3344161.25], [616857.25, 3344161.25], [616856.75, 3344161.25], [616856.25, 3344161.25], [616855.75, 3344161.25], [616855.25, 3344161.25], [616854.75, 3344161.25], [616854.25, 3344161.25], [616853.75, 3344161.25], [616853.25, 3344161.25], [616852.75, 3344161.25], [616852.25, 3344161.25], [616851.75, 3344161.75], [616851.25, 3344161.75], [616850.75, 3344161.75], [616850.25, 3344161.75], [616849.75, 3344161.75], [616849.25, 3344161.75], [616848.75, 3344161.75], [616848.25, 3344161.75], [616847.75, 3344161.75], [616847.25, 3344161.75], [616846.75, 3344161.75], [616846.25, 3344161.75], [616845.75, 3344161.75], [616845.25, 3344161.75], [616844.75, 3344161.75], [616844.25, 3344161.75], [616843.75, 3344161.75], [616843.25, 3344161.75], [616842.75, 3344161.75], [616842.25, 3344161.75], [616841.75, 3344161.75], [616841.25, 3344161.75], [616840.75, 3344161.75], [616840.25, 3344161.75], [616839.75, 3344161.75], [616839.25, 3344161.75], [616838.75, 3344161.75], [616838.25, 3344161.75], [616837.75, 3344161.75], [616837.25, 3344161.75], [616836.75, 3344161.75], [616836.25, 3344161.75], [616835.75, 3344161.75], [616835.25, 3344161.75], [616834.75, 3344161.75], [616834.25, 3344161.75], [616833.75, 3344161.75], [616833.25, 3344161.75], [616832.75, 3344161.75], [616832.25, 3344161.75], [616831.75, 3344161.75], [616831.25, 3344161.75], [616830.75, 3344161.75], [616830.25, 3344161.75], [616829.75, 3344161.75], [616829.25, 3344161.75], [616828.75, 3344161.75], [616828.25, 3344161.75], [616827.75, 3344161.75], [616827.25, 3344161.75], [616826.75, 3344161.75], [616826.25, 3344161.75], [616825.75, 3344161.75], [616825.25, 3344161.75], [616824.75, 3344161.75], [616824.25, 3344162.25], [616823.75, 3344162.25], [616823.25, 3344162.25], [616822.75, 3344162.25], [616822.25, 3344162.25], [616821.75, 3344162.25], [616821.25, 3344162.25], [616820.75, 3344161.75], [616820.25, 3344161.75], [616819.75, 3344161.75], [616819.25, 3344161.75], [616818.75, 3344161.75], [616818.25, 3344161.75], [616817.75, 3344161.75], [616817.25, 3344161.75], [616816.75, 3344161.75], [616816.25, 3344161.75], [616815.75, 3344161.75], [616815.25, 3344161.75], [616814.75, 3344161.75], [616814.25, 3344161.75], [616813.75, 3344161.75], [616813.25, 3344161.25], [616812.75, 3344161.25], [616812.25, 3344161.25], [616811.75, 3344161.25], [616811.25, 3344161.25], [616810.75, 3344161.25], [616810.25, 3344161.25], [616809.75, 3344161.25], [616809.25, 3344161.25], [616808.75, 3344161.25], [616808.25, 3344161.25], [616807.75, 3344161.25], [616807.25, 3344161.25], [616806.75, 3344161.25], [616806.25, 3344161.25], [616805.75, 3344161.25], [616805.25, 3344161.25], [616804.75, 3344161.25], [616804.25, 3344161.25], [616803.75, 3344160.75], [616803.25, 3344160.75], [616802.75, 3344160.75], [616802.25, 3344160.75], [616801.75, 3344160.75], [616801.25, 3344160.75], [616800.75, 3344160.75], [616800.25, 3344160.75], [616799.75, 3344160.25], [616799.25, 3344160.25], [616798.75, 3344160.25], [616798.25, 3344160.25], [616797.75, 3344160.25], [616797.25, 3344159.75], [616796.75, 3344159.75], [616796.25, 3344159.75], [616795.75, 3344159.75], [616795.25, 3344159.75], [616794.75, 3344159.25], [616794.25, 3344159.25], [616793.75, 3344159.25], [616793.25, 3344159.25], [616792.75, 3344159.25], [616792.25, 3344158.75], [616791.75, 3344158.75], [616791.25, 3344158.75], [616790.75, 3344158.75], [616790.25, 3344158.75], [616789.75, 3344158.75], [616789.25, 3344158.75], [616788.75, 3344158.75], [616788.25, 3344158.25], [616787.75, 3344158.25], [616787.25, 3344158.25], [616786.75, 3344158.25], [616786.25, 3344158.25], [616785.75, 3344158.25], [616785.25, 3344158.25], [616784.75, 3344158.25], [616784.25, 3344158.25], [616783.75, 3344158.25], [616783.25, 3344157.75], [616782.75, 3344157.75], [616782.25, 3344157.75], [616781.75, 3344157.75], [616781.25, 3344157.75], [616780.75, 3344157.25], [616780.25, 3344157.25], [616779.75, 3344157.25], [616779.25, 3344157.25], [616778.75, 3344157.25], [616778.25, 3344157.25], [616777.75, 3344157.25], [616777.25, 3344157.25], [616776.75, 3344157.25], [616776.25, 3344157.25], [616775.75, 3344157.25], [616775.25, 3344156.75], [616774.75, 3344156.75], [616774.25, 3344156.75], [616773.75, 3344156.75], [616773.25, 3344156.25], [616772.75, 3344156.25], [616772.25, 3344156.25], [616771.75, 3344156.25], [616771.25, 3344155.75], [616770.75, 3344155.75], [616770.25, 3344155.75], [616769.75, 3344155.25], [616769.25, 3344155.25], [616768.75, 3344155.25], [616768.25, 3344154.75], [616767.75, 3344154.75], [616767.25, 3344154.75], [616766.75, 3344154.75], [616766.25, 3344154.75], [616765.75, 3344154.75], [616765.25, 3344154.75], [616764.75, 3344154.75], [616764.25, 3344154.25], [616763.75, 3344154.25], [616763.25, 3344154.25], [616762.75, 3344154.25], [616762.25, 3344154.25], [616761.75, 3344154.25], [616761.25, 3344154.25], [616760.75, 3344153.75], [616760.25, 3344153.75], [616759.75, 3344153.75], [616759.25, 3344153.75], [616758.75, 3344153.75], [616758.25, 3344153.25], [616757.75, 3344153.25], [616757.25, 3344153.25], [616756.75, 3344152.75], [616756.25, 3344152.75], [616755.75, 3344152.75], [616755.25, 3344152.75], [616754.75, 3344151.25]], [[616884.75, 3344157.25], [616885.25, 3344156.75], [616885.25, 3344156.25], [616885.75, 3344155.75], [616886.25, 3344155.25], [616886.75, 3344154.75], [616887.25, 3344154.25], [616887.75, 3344153.75], [616888.25, 3344153.75], [616888.75, 3344153.75], [616889.25, 3344153.25], [616889.75, 3344152.75], [616890.25, 3344152.75], [616890.75, 3344152.25], [616891.25, 3344152.25], [616891.75, 3344151.75], [616892.25, 3344151.75], [616892.75, 3344151.25], [616893.25, 3344151.25], [616893.75, 3344150.75], [616894.25, 3344150.75], [616894.75, 3344150.75], [616895.25, 3344150.25], [616895.75, 3344150.25], [616896.25, 3344150.25], [616896.75, 3344149.75], [616897.25, 3344149.75], [616897.75, 3344149.25], [616898.25, 3344149.25], [616898.75, 3344149.25], [616899.25, 3344148.75], [616899.75, 3344148.75], [616900.25, 3344148.25], [616900.75, 3344148.25], [616901.25, 3344148.25], [616901.75, 3344147.75], [616902.25, 3344147.75], [616902.75, 3344147.75], [616903.25, 3344147.25], [616903.75, 3344147.25], [616904.25, 3344147.25], [616904.75, 3344146.75], [616905.25, 3344146.75], [616905.75, 3344146.25], [616906.25, 3344146.25], [616906.75, 3344145.75], [616907.25, 3344145.75], [616907.75, 3344145.25], [616908.25, 3344145.25], [616908.75, 3344144.75], [616909.25, 3344144.75], [616909.75, 3344144.25], [616910.25, 3344144.25], [616910.75, 3344144.25], [616911.25, 3344143.75], [616911.75, 3344143.75], [616912.25, 3344143.25], [616912.75, 3344143.25], [616913.25, 3344142.75], [616913.75, 3344142.75], [616914.25, 3344142.25], [616914.75, 3344141.75], [616915.25, 3344141.75], [616915.75, 3344141.25], [616916.25, 3344141.25], [616916.75, 3344140.75], [616917.25, 3344140.75], [616917.75, 3344140.25], [616918.25, 3344140.25], [616918.75, 3344139.75], [616919.25, 3344139.75], [616919.75, 3344139.25], [616920.25, 3344139.25], [616920.75, 3344138.75], [616921.25, 3344138.75], [616921.75, 3344138.25], [616922.25, 3344138.25], [616922.75, 3344137.75], [616923.25, 3344137.75], [616923.75, 3344137.25], [616924.25, 3344137.25], [616924.75, 3344136.75], [616925.25, 3344136.75], [616925.75, 3344136.25], [616926.25, 3344136.25], [616926.75, 3344135.75], [616927.25, 3344135.75], [616927.75, 3344135.25], [616928.25, 3344135.25], [616928.75, 3344134.75], [616929.25, 3344134.75], [616929.75, 3344134.25], [616930.25, 3344134.25], [616930.75, 3344133.75], [616931.25, 3344133.75], [616931.75, 3344133.25], [616932.25, 3344133.25], [616932.75, 3344132.75], [616933.25, 3344132.25], [616933.75, 3344132.25], [616934.25, 3344131.75], [616934.75, 3344131.75], [616935.25, 3344131.25], [616935.75, 3344131.25], [616936.25, 3344130.75], [616936.75, 3344130.75], [616937.25, 3344130.25], [616937.75, 3344129.75], [616938.25, 3344129.75], [616938.75, 3344129.25], [616939.25, 3344129.25], [616939.75, 3344128.75], [616940.25, 3344128.75], [616940.75, 3344128.25], [616941.25, 3344127.75], [616941.75, 3344127.75], [616942.25, 3344127.25], [616942.75, 3344127.25], [616943.25, 3344126.75], [616943.75, 3344126.75], [616944.25, 3344126.75], [616944.75, 3344126.25], [616945.25, 3344126.25], [616945.75, 3344125.75], [616946.25, 3344125.75], [616946.75, 3344125.25], [616947.25, 3344125.25], [616947.75, 3344125.25], [616948.25, 3344124.75], [616948.75, 3344124.75], [616949.25, 3344124.25], [616949.75, 3344124.25], [616950.25, 3344123.75], [616950.75, 3344123.75], [616951.25, 3344123.25], [616951.75, 3344122.75], [616952.25, 3344122.75], [616952.75, 3344122.25], [616953.25, 3344122.25], [616953.75, 3344121.75], [616954.25, 3344121.25], [616954.75, 3344121.25], [616955.25, 3344120.75], [616955.75, 3344120.75], [616956.25, 3344120.25], [616956.75, 3344120.25], [616957.25, 3344120.25], [616957.75, 3344119.75], [616958.25, 3344119.75], [616958.75, 3344119.25], [616959.25, 3344119.25], [616959.75, 3344119.25], [616960.25, 3344119.25], [616960.75, 3344118.75], [616961.25, 3344118.75], [616961.75, 3344118.75], [616962.25, 3344118.25], [616962.75, 3344118.25], [616963.25, 3344118.25], [616963.75, 3344117.75], [616964.25, 3344117.75], [616964.75, 3344117.75], [616965.25, 3344117.25], [616965.75, 3344117.25], [616966.25, 3344116.75], [616966.75, 3344116.25], [616967.25, 3344115.75], [616967.75, 3344115.25], [616968.25, 3344114.25]], [[616754.75, 3344151.25], [616753.75, 3344150.75], [616753.25, 3344150.75], [616752.75, 3344150.25], [616752.25, 3344150.25], [616751.75, 3344149.75], [616751.25, 3344149.75], [616750.75, 3344149.75], [616750.25, 3344149.75], [616749.75, 3344149.25], [616749.25, 3344149.25], [616748.75, 3344149.25], [616748.25, 3344149.25], [616747.75, 3344149.25], [616747.25, 3344148.75], [616746.75, 3344148.75], [616746.25, 3344148.75], [616745.75, 3344148.75], [616745.25, 3344148.75], [616744.75, 3344148.75], [616744.25, 3344148.25], [616743.75, 3344148.25], [616743.25, 3344148.25], [616742.75, 3344148.25], [616742.25, 3344148.25], [616741.75, 3344147.75], [616741.25, 3344147.75], [616740.75, 3344147.75], [616740.25, 3344147.25], [616739.75, 3344147.25], [616739.25, 3344147.25], [616738.75, 3344147.25], [616738.25, 3344146.75], [616737.75, 3344146.75], [616737.25, 3344146.75], [616736.75, 3344146.25], [616736.25, 3344146.25], [616735.75, 3344146.25], [616735.25, 3344146.25], [616734.75, 3344145.75], [616734.25, 3344145.75], [616733.75, 3344145.75], [616733.25, 3344145.25], [616732.75, 3344145.25], [616732.25, 3344145.25], [616731.75, 3344145.25], [616731.25, 3344144.75], [616730.75, 3344144.75], [616730.25, 3344144.75], [616729.75, 3344144.25], [616729.25, 3344144.25], [616728.75, 3344144.25], [616728.25, 3344144.25], [616727.75, 3344143.75], [616727.25, 3344143.75], [616726.75, 3344143.75], [616726.25, 3344143.75], [616725.75, 3344143.25], [616725.25, 3344143.25], [616724.75, 3344143.25], [616724.25, 3344142.75], [616723.75, 3344142.75], [616723.25, 3344142.75], [616722.75, 3344142.75], [616722.25, 3344142.25], [616721.75, 3344142.25], [616721.25, 3344142.25], [616720.75, 3344142.25], [616720.25, 3344142.25], [616719.75, 3344141.75], [616719.25, 3344141.75], [616718.75, 3344141.75], [616718.25, 3344141.75], [616717.75, 3344141.75], [616717.25, 3344141.25], [616716.75, 3344141.25], [616716.25, 3344141.25], [616715.75, 3344141.25], [616715.25, 3344140.75], [616714.75, 3344140.75], [616714.25, 3344140.75], [616713.75, 3344140.75], [616713.25, 3344140.75], [616712.75, 3344140.75], [616712.25, 3344140.25], [616711.75, 3344140.25], [616711.25, 3344140.25], [616710.75, 3344140.25], [616710.25, 3344139.75], [616709.75, 3344139.75], [616709.25, 3344139.75], [616708.75, 3344139.25], [616708.25, 3344139.25], [616707.75, 3344139.25], [616707.25, 3344139.25], [616706.75, 3344138.75], [616706.25, 3344138.25], [616706.25, 3344137.75], [616705.75, 3344137.25]], [[616754.75, 3344151.25], [616755.25, 3344150.25], [616755.25, 3344149.75], [616755.75, 3344149.25], [616755.75, 3344148.75], [616755.75, 3344148.25], [616755.75, 3344147.75], [616755.75, 3344147.25], [616756.25, 3344146.75], [616756.25, 3344146.25], [616756.25, 3344145.75], [616756.25, 3344145.25], [616756.25, 3344144.75], [616756.25, 3344144.25], [616756.75, 3344143.75], [616756.75, 3344143.25], [616756.75, 3344142.75], [616756.75, 3344142.25], [616756.75, 3344141.75], [616756.75, 3344141.25], [616756.75, 3344140.75], [616756.75, 3344140.25], [616756.75, 3344139.75], [616757.25, 3344139.25], [616757.25, 3344138.75], [616757.25, 3344138.25], [616757.25, 3344137.75], [616757.75, 3344137.25], [616757.75, 3344136.75], [616757.75, 3344136.25], [616757.75, 3344135.75], [616757.75, 3344135.25], [616757.75, 3344134.75], [616758.25, 3344134.25], [616758.25, 3344133.75], [616758.25, 3344133.25], [616758.25, 3344132.75], [616758.25, 3344132.25], [616758.25, 3344131.75], [616758.25, 3344131.25], [616758.75, 3344130.75], [616758.75, 3344130.25], [616758.75, 3344129.75], [616758.75, 3344129.25], [616758.75, 3344128.75], [616758.75, 3344128.25], [616758.75, 3344127.75], [616759.25, 3344127.25], [616759.25, 3344126.75], [616759.25, 3344126.25], [616759.25, 3344125.75], [616759.25, 3344125.25], [616759.25, 3344124.75], [616759.75, 3344124.25], [616759.75, 3344123.75], [616759.75, 3344123.25], [616759.75, 3344122.75], [616759.75, 3344122.25], [616759.75, 3344121.75], [616760.25, 3344121.25], [616760.25, 3344120.75], [616760.25, 3344120.25], [616760.25, 3344119.75], [616760.25, 3344119.25], [616760.25, 3344118.75], [616760.75, 3344118.25], [616760.75, 3344117.75], [616760.75, 3344117.25], [616760.75, 3344116.75], [616760.75, 3344116.25], [616761.25, 3344115.75], [616761.25, 3344115.25], [616761.25, 3344114.75], [616761.25, 3344114.25], [616761.25, 3344113.75], [616761.75, 3344113.25], [616761.75, 3344112.75], [616761.75, 3344112.25], [616761.75, 3344111.75], [616761.75, 3344111.25], [616762.25, 3344110.75], [616762.25, 3344110.25], [616762.25, 3344109.75], [616762.25, 3344109.25], [616762.25, 3344108.75], [616762.75, 3344108.25], [616762.75, 3344107.75], [616762.75, 3344107.25], [616762.75, 3344106.75], [616762.75, 3344106.25], [616763.25, 3344105.75], [616763.25, 3344105.25], [616763.25, 3344104.75], [616763.25, 3344104.25], [616763.25, 3344103.75], [616763.75, 3344103.25], [616763.75, 3344102.75], [616763.75, 3344102.25], [616763.75, 3344101.75], [616763.75, 3344101.25], [616764.25, 3344100.75], [616764.25, 3344100.25], [616764.25, 3344099.75], [616764.25, 3344099.25], [616764.25, 3344098.75], [616764.75, 3344098.25], [616764.75, 3344097.75], [616764.75, 3344097.25], [616764.75, 3344096.75], [616765.25, 3344096.25], [616765.25, 3344095.75], [616765.25, 3344095.25], [616765.25, 3344094.75], [616765.25, 3344094.25], [616765.75, 3344093.75], [616765.75, 3344093.25], [616765.75, 3344092.75], [616765.75, 3344092.25], [616765.75, 3344091.75], [616765.75, 3344091.25], [616766.25, 3344090.75], [616766.25, 3344090.25], [616766.25, 3344089.75], [616766.25, 3344089.25], [616766.25, 3344088.75], [616766.75, 3344088.25], [616766.75, 3344087.75], [616766.75, 3344087.25], [616766.75, 3344086.75], [616767.25, 3344086.25], [616767.25, 3344085.75], [616767.25, 3344085.25], [616767.25, 3344084.75], [616767.25, 3344084.25], [616767.75, 3344083.75], [616768.25, 3344083.25], [616768.75, 3344082.75], [616769.25, 3344082.25], [616769.75, 3344081.75], [616770.25, 3344081.75]], [[617180.75, 3344147.75], [617179.75, 3344147.75], [617179.25, 3344147.75], [617178.75, 3344147.75], [617178.25, 3344147.25], [617177.75, 3344147.25], [617177.25, 3344147.25], [617176.75, 3344147.25], [617176.25, 3344146.75], [617175.75, 3344146.75], [617175.25, 3344146.75], [617174.75, 3344146.75], [617174.25, 3344146.25], [617173.75, 3344146.25], [617173.25, 3344146.25], [617172.75, 3344146.25], [617172.25, 3344146.25], [617171.75, 3344145.75], [617171.25, 3344145.75], [617170.75, 3344145.75], [617170.25, 3344145.75], [617169.75, 3344145.25], [617169.25, 3344145.25], [617168.75, 3344145.25], [617168.25, 3344144.75], [617167.75, 3344144.75], [617167.25, 3344144.75], [617166.75, 3344144.25], [617166.25, 3344144.25], [617165.75, 3344144.25], [617165.25, 3344144.25], [617164.75, 3344143.75], [617164.25, 3344143.75], [617163.75, 3344143.25], [617163.25, 3344143.25], [617162.75, 3344143.25], [617162.25, 3344142.75], [617161.75, 3344142.75], [617161.25, 3344142.75], [617160.75, 3344142.25], [617160.25, 3344142.25], [617159.75, 3344142.25], [617159.25, 3344142.25], [617158.75, 3344141.75], [617158.25, 3344141.75], [617157.75, 3344141.75], [617157.25, 3344141.75], [617156.75, 3344141.25], [617156.25, 3344141.25], [617155.75, 3344141.25], [617155.25, 3344141.25], [617154.75, 3344141.25], [617154.25, 3344140.75], [617153.75, 3344140.75], [617153.25, 3344140.75], [617152.75, 3344140.75], [617152.25, 3344140.75], [617151.75, 3344140.75], [617151.25, 3344140.25], [617150.75, 3344140.25], [617150.25, 3344140.25], [617149.75, 3344140.25], [617149.25, 3344140.25], [617148.75, 3344140.25], [617148.25, 3344140.25], [617147.75, 3344139.75], [617147.25, 3344139.75], [617146.75, 3344139.75], [617146.25, 3344139.75], [617145.75, 3344139.75], [617145.25, 3344139.75], [617144.75, 3344139.75], [617144.25, 3344139.75], [617143.75, 3344139.25], [617143.25, 3344139.25], [617142.75, 3344139.25], [617142.25, 3344139.25], [617141.75, 3344139.25], [617141.25, 3344139.25], [617140.75, 3344139.25], [617140.25, 3344139.25], [617139.75, 3344139.25], [617139.25, 3344139.25], [617138.75, 3344139.25], [617138.25, 3344139.25], [617137.75, 3344139.25], [617137.25, 3344139.25], [617136.75, 3344139.25], [617136.25, 3344138.75], [617135.75, 3344138.75], [617135.25, 3344138.75], [617134.75, 3344138.75], [617134.25, 3344138.75], [617133.75, 3344138.75], [617133.25, 3344138.75], [617132.75, 3344138.75], [617132.25, 3344138.75], [617131.75, 3344138.75], [617131.25, 3344138.75], [617130.75, 3344138.75], [617130.25, 3344138.75], [617129.75, 3344138.25], [617129.25, 3344138.25], [617128.75, 3344138.25], [617128.25, 3344138.25], [617127.75, 3344138.25], [617127.25, 3344137.75], [617126.75, 3344137.75], [617126.25, 3344137.75], [617125.75, 3344137.75], [617125.25, 3344137.25], [617124.75, 3344137.25], [617124.25, 3344137.25], [617123.75, 3344137.25], [617123.25, 3344136.75], [617122.75, 3344136.75], [617122.25, 3344136.75], [617121.75, 3344136.75], [617121.25, 3344136.75], [617120.75, 3344136.25], [617120.25, 3344136.25], [617119.75, 3344136.25], [617119.25, 3344135.75], [617118.75, 3344135.75], [617118.25, 3344135.75], [617117.75, 3344135.25], [617117.25, 3344135.25], [617116.75, 3344135.25], [617116.25, 3344134.75], [617115.75, 3344134.75], [617115.25, 3344134.25], [617114.75, 3344134.25], [617114.25, 3344133.75], [617113.75, 3344133.75], [617113.25, 3344133.75], [617112.75, 3344133.25], [617112.25, 3344133.25], [617111.75, 3344132.75], [617111.25, 3344132.75], [617110.75, 3344132.25], [617110.25, 3344132.25], [617109.75, 3344131.75], [617109.25, 3344131.75], [617108.75, 3344131.25], [617108.25, 3344130.75], [617107.75, 3344130.75], [617107.25, 3344130.25], [617106.75, 3344129.75], [617106.25, 3344129.75], [617105.75, 3344129.25], [617105.25, 3344129.25], [617104.75, 3344128.75], [617104.25, 3344128.25], [617103.75, 3344128.25], [617103.25, 3344127.75], [617102.75, 3344127.25], [617102.25, 3344127.25], [617101.75, 3344126.75], [617101.25, 3344126.25], [617100.75, 3344125.75], [617100.25, 3344125.25], [617099.75, 3344124.75], [617099.25, 3344124.75], [617098.75, 3344124.25], [617098.25, 3344123.75], [617097.75, 3344123.25], [617097.25, 3344122.75], [617096.75, 3344122.25], [617096.75, 3344121.75], [617096.25, 3344121.25], [617095.75, 3344120.75], [617095.25, 3344120.25], [617094.75, 3344119.75], [617094.75, 3344119.25], [617094.25, 3344118.75], [617094.25, 3344118.25], [617093.75, 3344117.75], [617093.25, 3344117.25], [617092.75, 3344116.75], [617092.75, 3344116.25], [617092.25, 3344115.75], [617091.75, 3344115.25], [617091.25, 3344114.75], [617090.75, 3344114.25], [617090.25, 3344113.75], [617089.75, 3344113.25], [617089.75, 3344112.75], [617089.25, 3344112.25], [617089.25, 3344111.75], [617089.25, 3344111.25], [617088.75, 3344110.75]], [[617180.75, 3344147.75], [617181.25, 3344147.25], [617181.25, 3344146.75], [617181.75, 3344146.25], [617181.75, 3344145.75], [617181.75, 3344145.25], [617182.25, 3344144.75], [617182.25, 3344144.25], [617182.25, 3344143.75], [617182.25, 3344143.25], [617182.75, 3344142.75], [617182.75, 3344142.25], [617182.75, 3344141.75], [617182.75, 3344141.25], [617183.25, 3344140.75], [617183.25, 3344140.25], [617183.25, 3344139.75], [617183.25, 3344139.25], [617183.25, 3344138.75], [617183.75, 3344138.25], [617183.75, 3344137.75], [617183.75, 3344137.25], [617183.75, 3344136.75], [617183.75, 3344136.25], [617183.75, 3344135.75], [617183.75, 3344135.25], [617184.25, 3344134.75], [617184.25, 3344134.25], [617184.25, 3344133.75], [617184.25, 3344133.25], [617184.25, 3344132.75], [617184.75, 3344132.25], [617184.75, 3344131.75], [617184.75, 3344131.25], [617184.75, 3344130.75], [617185.25, 3344130.25], [617185.25, 3344129.75], [617185.25, 3344129.25], [617185.25, 3344128.75], [617185.75, 3344128.25], [617185.75, 3344127.75], [617185.75, 3344127.25], [617185.75, 3344126.75], [617185.75, 3344126.25], [617186.25, 3344125.75], [617186.25, 3344125.25], [617186.25, 3344124.75], [617186.75, 3344124.25], [617186.75, 3344123.75], [617186.75, 3344123.25], [617187.25, 3344122.75], [617187.25, 3344122.25], [617187.25, 3344121.75], [617187.75, 3344121.25], [617187.75, 3344120.75], [617188.25, 3344120.25], [617188.25, 3344119.75], [617188.75, 3344119.25], [617188.75, 3344118.75], [617189.25, 3344118.25], [617189.25, 3344117.75], [617189.25, 3344117.25], [617189.75, 3344116.75], [617189.75, 3344116.25], [617190.25, 3344115.75], [617190.25, 3344115.25], [617190.25, 3344114.75], [617190.75, 3344114.25], [617190.75, 3344113.75], [617191.25, 3344113.25], [617191.25, 3344112.75], [617191.75, 3344112.25], [617192.25, 3344111.75], [617192.25, 3344111.25], [617192.25, 3344110.75], [617192.75, 3344110.25], [617192.75, 3344109.75], [617193.25, 3344109.25], [617193.25, 3344108.75], [617193.75, 3344108.25], [617193.75, 3344107.75], [617194.25, 3344107.25], [617194.25, 3344106.75], [617194.25, 3344106.25], [617194.25, 3344105.75], [617194.75, 3344105.25], [617194.75, 3344104.75], [617194.75, 3344104.25], [617194.75, 3344103.75], [617194.75, 3344103.25], [617194.75, 3344102.75], [617195.25, 3344102.25], [617195.25, 3344101.75], [617195.25, 3344101.25], [617195.25, 3344100.75], [617195.25, 3344100.25], [617195.25, 3344099.75], [617195.25, 3344099.25], [617195.25, 3344098.75], [617195.25, 3344098.25], [617195.25, 3344097.75], [617195.25, 3344097.25], [617195.25, 3344096.75], [617195.25, 3344096.25], [617195.25, 3344095.75], [617195.25, 3344095.25], [617195.25, 3344094.75], [617195.25, 3344094.25], [617195.25, 3344093.75], [617195.25, 3344093.25], [617195.25, 3344092.75], [617195.25, 3344092.25], [617195.25, 3344091.75], [617195.25, 3344091.25], [617195.25, 3344090.75], [617195.25, 3344090.25], [617195.25, 3344089.75], [617195.25, 3344089.25], [617195.25, 3344088.75], [617195.25, 3344088.25], [617194.75, 3344087.75], [617194.75, 3344087.25], [617194.75, 3344086.75], [617194.75, 3344086.25], [617194.25, 3344085.75], [617194.25, 3344085.25], [617194.25, 3344084.75], [617193.75, 3344084.25], [617193.25, 3344083.75], [617192.75, 3344083.25], [617192.25, 3344083.25], [617191.75, 3344082.75], [617191.25, 3344082.25], [617190.75, 3344082.25], [617190.25, 3344081.75], [617189.75, 3344081.75]], [[616968.25, 3344114.25], [616967.25, 3344113.25], [616966.75, 3344112.75], [616966.25, 3344112.25], [616965.75, 3344111.75], [616965.25, 3344111.25], [616964.75, 3344110.75], [616964.75, 3344110.25], [616964.25, 3344109.75], [616964.25, 3344109.25], [616964.25, 3344108.75], [616963.75, 3344108.25], [616963.75, 3344107.75], [616963.75, 3344107.25], [616963.75, 3344106.75], [616963.25, 3344106.25], [616963.25, 3344105.75], [616963.25, 3344105.25], [616963.25, 3344104.75], [616962.75, 3344104.25], [616962.75, 3344103.75], [616962.75, 3344103.25], [616962.25, 3344102.75], [616962.25, 3344102.25], [616961.75, 3344101.75], [616961.75, 3344101.25], [616961.25, 3344100.75], [616961.25, 3344100.25], [616960.75, 3344099.75], [616960.75, 3344099.25], [616960.25, 3344098.75], [616960.25, 3344098.25], [616960.25, 3344097.75], [616959.75, 3344097.25], [616959.75, 3344096.75], [616959.25, 3344096.25], [616958.75, 3344095.75], [616958.75, 3344095.25], [616958.25, 3344094.75], [616958.25, 3344094.25], [616957.75, 3344093.75], [616957.75, 3344093.25], [616957.25, 3344092.75], [616957.25, 3344092.25], [616957.25, 3344091.75], [616957.25, 3344091.25], [616956.75, 3344090.75], [616956.75, 3344090.25], [616956.25, 3344089.75], [616956.25, 3344089.25], [616955.75, 3344088.75], [616955.75, 3344088.25], [616955.25, 3344087.75], [616955.25, 3344087.25], [616954.75, 3344086.75], [616954.75, 3344086.25], [616954.75, 3344085.75], [616954.25, 3344085.25], [616954.25, 3344084.75], [616953.75, 3344084.25], [616953.75, 3344083.75], [616953.25, 3344083.25], [616952.75, 3344083.25], [616952.25, 3344082.75], [616951.75, 3344082.75], [616951.25, 3344082.25], [616950.75, 3344082.25], [616950.25, 3344081.75]], [[616968.25, 3344114.25], [616969.25, 3344113.25], [616969.75, 3344112.75], [616970.25, 3344112.25], [616970.75, 3344111.75], [616971.25, 3344111.25], [616971.75, 3344110.75], [616972.25, 3344110.75], [616972.75, 3344110.25], [616973.25, 3344110.25], [616973.75, 3344109.75], [616974.25, 3344109.75], [616974.75, 3344109.75], [616975.25, 3344109.25], [616975.75, 3344109.25], [616976.25, 3344108.75], [616976.75, 3344108.75], [616977.25, 3344108.25], [616977.75, 3344108.25], [616978.25, 3344107.75], [616978.75, 3344107.25], [616979.25, 3344107.25], [616979.75, 3344106.75], [616980.25, 3344106.75], [616980.75, 3344106.25], [616981.25, 3344106.25], [616981.75, 3344105.75], [616982.25, 3344105.25], [616982.75, 3344105.25], [616983.25, 3344104.75], [616983.75, 3344104.75], [616984.25, 3344104.25], [616984.75, 3344104.25], [616985.25, 3344103.75], [616985.75, 3344103.75], [616986.25, 3344103.25], [616986.75, 3344103.25], [616987.25, 3344102.75], [616987.75, 3344102.75], [616988.25, 3344102.25], [616988.75, 3344102.25], [616989.25, 3344101.75], [616989.75, 3344101.75], [616990.25, 3344101.25], [616990.75, 3344101.25], [616991.25, 3344100.75], [616991.75, 3344100.25], [616992.25, 3344100.25], [616992.75, 3344099.75], [616993.25, 3344099.75], [616993.75, 3344099.25], [616994.25, 3344099.25], [616994.75, 3344098.75], [616995.25, 3344098.25], [616995.75, 3344098.25], [616996.25, 3344097.75], [616996.75, 3344097.75], [616997.25, 3344097.25], [616997.75, 3344097.25], [616998.25, 3344096.75], [616998.75, 3344096.25], [616999.25, 3344096.25], [616999.75, 3344095.75], [617000.25, 3344095.75], [617000.75, 3344095.25], [617001.25, 3344095.25], [617001.75, 3344094.75], [617002.25, 3344094.25], [617002.75, 3344094.25], [617003.25, 3344093.75], [617003.75, 3344093.75], [617004.25, 3344093.25], [617004.75, 3344093.25], [617005.25, 3344092.75], [617005.75, 3344092.75], [617006.25, 3344092.25], [617006.75, 3344092.25], [617007.25, 3344091.75], [617007.75, 3344091.25], [617008.25, 3344091.25], [617008.75, 3344090.75], [617009.25, 3344090.75], [617009.75, 3344090.25], [617010.25, 3344090.25], [617010.75, 3344089.75], [617011.25, 3344089.75], [617011.75, 3344089.25], [617012.25, 3344089.25], [617012.75, 3344088.75], [617013.25, 3344088.25], [617013.75, 3344088.25], [617014.25, 3344087.75], [617014.75, 3344087.75], [617015.25, 3344087.25], [617015.75, 3344086.75], [617016.25, 3344086.75], [617016.75, 3344086.25], [617017.25, 3344086.25], [617017.75, 3344085.75], [617018.25, 3344085.25], [617018.75, 3344085.25], [617019.25, 3344084.75], [617019.75, 3344084.25], [617020.25, 3344084.25], [617020.75, 3344084.25], [617021.25, 3344083.75], [617021.75, 3344083.75], [617022.25, 3344083.75], [617022.75, 3344083.75], [617023.25, 3344083.25], [617023.75, 3344083.25], [617024.25, 3344083.25], [617024.75, 3344083.25], [617025.25, 3344082.75], [617025.75, 3344082.75], [617026.25, 3344082.75], [617026.75, 3344082.75], [617027.25, 3344082.75], [617027.75, 3344082.75], [617028.25, 3344082.25], [617028.75, 3344082.25], [617029.25, 3344082.25], [617029.75, 3344082.25], [617030.25, 3344082.25], [617030.75, 3344081.75], [617031.25, 3344081.75], [617031.75, 3344081.75], [617032.25, 3344081.75], [617032.75, 3344081.75], [617033.25, 3344081.25], [617033.75, 3344081.25]]]}}], "crs": {"type": "name", "properties": {"name": "urn:ogc:def:crs:EPSG::26914"}}}