{"type": "FeatureCollection", "features": [{"type": "Feature", "geometry": {"type": "LineString", "coordinates": [[-112.1091661639848, 33.491662918955186], [-112.1091661639848, 33.491655427309695], [-112.10915718083196, 33.491655427309695], [-112.10915718083196, 33.491662918955186], [-112.1091661639848, 33.491662918955186]]}, "properties": {"confidence": "high"}}, {"type": "Feature", "geometry": {"type": "LineString", "coordinates": [[-112.1089056525524, 33.491662918955186], [-112.1089056525524, 33.491655427309695], [-112.10887870309388, 33.491655427309695], [-112.10887870309388, 33.491662918955186], [-112.1089056525524, 33.491662918955186]]}, "properties": {"confidence": "high"}}, {"type": "Feature", "geometry": {"type": "LineString", "coordinates": [[-112.10807920249101, 33.491662918955186], [-112.10807920249101, 33.491655427309695], [-112.10807021933817, 33.491655427309695], [-112.10807021933817, 33.491662918955186], [-112.10807920249101, 33.491662918955186]]}, "properties": {"confidence": "high"}}, {"type": "Feature", "geometry": {"type": "LineString", "coordinates": [[-112.10919311344333, 33.491655427309695], [-112.10919311344333, 33.49164793566355], [-112.1091661639848, 33.49164793566355], [-112.1091661639848, 33.491655427309695], [-112.10919311344333, 33.491655427309695]]}, "properties": {"confidence": "high"}}, {"type": "Feature", "geometry": {"type": "LineString", "coordinates": [[-112.10891463570525, 33.491655427309695], [-112.10891463570525, 33.49164793566355], [-112.1089056525524, 33.49164793566355], [-112.1089056525524, 33.491655427309695], [-112.10891463570525, 33.491655427309695]]}, "properties": {"confidence": "high"}}, {"type": "Feature", "geometry": {"type": "LineString", "coordinates": [[-112.10810615194954, 33.491655427309695], [-112.10810615194954, 33.49164793566355], [-112.10807920249101, 33.49164793566355], [-112.10807920249101, 33.491655427309695], [-112.10810615194954, 33.491655427309695]]}, "properties": {"confidence": "high"}}, {"type": "Feature", "geometry": {"type": "LineString", "coordinates": [[-112.10922006290185, 33.49164793566355], [-112.10922006290185, 33.49164044401676], [-112.10919311344333, 33.49164044401676], [-112.10919311344333, 33.49164793566355], [-112.10922006290185, 33.49164793566355]]}, "properties": {"confidence": "high"}}, {"type": "Feature", "geometry": {"type": "LineString", "coordinates": [[-112.10892361885809, 33.49164793566355], [-112.10892361885809, 33.49164044401676], [-112.10891463570525, 33.49164044401676], [-112.10891463570525, 33.49164793566355], [-112.10892361885809, 33.49164793566355]]}, "properties": {"confidence": "high"}}, {"type": "Feature", "geometry": {"type": "LineString", "coordinates": [[-112.10813310140806, 33.49164793566355], [-112.10813310140806, 33.49164044401676], [-112.10810615194954, 33.49164044401676], [-112.10810615194954, 33.49164793566355], [-112.10813310140806, 33.49164793566355]]}, "properties": {"confidence": "high"}}, {"type": "Feature", "geometry": {"type": "LineString", "coordinates": [[-112.10924701236037, 33.49164044401676], [-112.10924701236037, 33.49163295236933], [-112.10922006290185, 33.49163295236933], [-112.10922006290185, 33.49164044401676], [-112.10924701236037, 33.49164044401676]]}, "properties": {"confidence": "high"}}, {"type": "Feature", "geometry": {"type": "LineString", "coordinates": [[-112.10893260201092, 33.49164044401676], [-112.10893260201092, 33.49163295236933], [-112.10892361885809, 33.49163295236933], [-112.10892361885809, 33.49164044401676], [-112.10893260201092, 33.49164044401676]]}, "properties": {"confidence": "high"}}, {"type": "Feature", "geometry": {"type": "LineString", "coordinates": [[-112.10815106771375, 33.49164044401676], [-112.10815106771375, 33.49163295236933], [-112.10813310140806, 33.49163295236933], [-112.10813310140806, 33.49164044401676], [-112.10815106771375, 33.49164044401676]]}, "properties": {"confidence": "high"}}, {"type": "Feature", "geometry": {"type": "LineString", "coordinates": [[-112.1092739618189, 33.49163295236933], [-112.1092739618189, 33.49162546072124], [-112.10924701236037, 33.49162546072124], [-112.10924701236037, 33.49163295236933], [-112.1092739618189, 33.49163295236933]]}, "properties": {"confidence": "high"}}, {"type": "Feature", "geometry": {"type": "LineString", "coordinates": [[-112.10894158516376, 33.49163295236933], [-112.10894158516376, 33.49162546072124], [-112.10893260201092, 33.49162546072124], [-112.10893260201092, 33.49163295236933], [-112.10894158516376, 33.49163295236933]]}, "properties": {"confidence": "high"}}, {"type": "Feature", "geometry": {"type": "LineString", "coordinates": [[-112.10817801717226, 33.49163295236933], [-112.10817801717226, 33.49162546072124], [-112.10815106771375, 33.49162546072124], [-112.10815106771375, 33.49163295236933], [-112.10817801717226, 33.49163295236933]]}, "properties": {"confidence": "high"}}, {"type": "Feature", "geometry": {"type": "LineString", "coordinates": [[-112.10930091127742, 33.49162546072124], [-112.10930091127742, 33.49161796907251], [-112.1092739618189, 33.49161796907251], [-112.1092739618189, 33.49162546072124], [-112.10930091127742, 33.49162546072124]]}, "properties": {"confidence": "high"}}, {"type": "Feature", "geometry": {"type": "LineString", "coordinates": [[-112.1089505683166, 33.49162546072124], [-112.1089505683166, 33.49161796907251], [-112.10894158516376, 33.49161796907251], [-112.10894158516376, 33.49162546072124], [-112.1089505683166, 33.49162546072124]]}, "properties": {"confidence": "high"}}, {"type": "Feature", "geometry": {"type": "LineString", "coordinates": [[-112.1081870003251, 33.49162546072124], [-112.1081870003251, 33.49161047742313], [-112.10817801717226, 33.49161047742313], [-112.10817801717226, 33.49162546072124], [-112.1081870003251, 33.49162546072124]]}, "properties": {"confidence": "high"}}, {"type": "Feature", "geometry": {"type": "LineString", "coordinates": [[-112.10930989443025, 33.49161796907251], [-112.10930989443025, 33.49161047742313], [-112.10930091127742, 33.49161047742313], [-112.10930091127742, 33.49161796907251], [-112.10930989443025, 33.49161796907251]]}, "properties": {"confidence": "high"}}, {"type": "Feature", "geometry": {"type": "LineString", "coordinates": [[-112.10895955146945, 33.49161796907251], [-112.10895955146945, 33.4916029857731], [-112.1089505683166, 33.4916029857731], [-112.1089505683166, 33.49161796907251], [-112.10895955146945, 33.49161796907251]]}, "properties": {"confidence": "high"}}, {"type": "Feature", "geometry": {"type": "LineString", "coordinates": [[-112.10931887758309, 33.49161047742313], [-112.10931887758309, 33.4916029857731], [-112.10930989443025, 33.4916029857731], [-112.10930989443025, 33.49161047742313], [-112.10931887758309, 33.49161047742313]]}, "properties": {"confidence": "high"}}, {"type": "Feature", "geometry": {"type": "LineString", "coordinates": [[-112.11056753582803, 33.49164793566355], [-112.11056753582803, 33.49159549412242], [-112.11055855267519, 33.49159549412242], [-112.11055855267519, 33.49164793566355], [-112.11056753582803, 33.49164793566355]]}, "properties": {"confidence": "high"}}, {"type": "Feature", "geometry": {"type": "LineString", "coordinates": [[-112.10819598347796, 33.49161047742313], [-112.10819598347796, 33.49159549412242], [-112.1081870003251, 33.49159549412242], [-112.1081870003251, 33.49161047742313], [-112.10819598347796, 33.49161047742313]]}, "properties": {"confidence": "high"}}, {"type": "Feature", "geometry": {"type": "LineString", "coordinates": [[-112.10932786073595, 33.4916029857731], [-112.10932786073595, 33.49159549412242], [-112.10931887758309, 33.49159549412242], [-112.10931887758309, 33.4916029857731], [-112.10932786073595, 33.4916029857731]]}, "properties": {"confidence": "high"}}, {"type": "Feature", "geometry": {"type": "LineString", "coordinates": [[-112.10896853462229, 33.4916029857731], [-112.10896853462229, 33.49159549412242], [-112.10895955146945, 33.49159549412242], [-112.10895955146945, 33.4916029857731], [-112.10896853462229, 33.4916029857731]]}, "properties": {"confidence": "high"}}, {"type": "Feature", "geometry": {"type": "LineString", "coordinates": [[-112.11018126025586, 33.49159549412242], [-112.11018126025586, 33.4915880024711], [-112.11017227710302, 33.4915880024711], [-112.11017227710302, 33.49159549412242], [-112.11018126025586, 33.49159549412242]]}, "properties": {"confidence": "high"}}, {"type": "Feature", "geometry": {"type": "LineString", "coordinates": [[-112.1082049666308, 33.49159549412242], [-112.1082049666308, 33.4915880024711], [-112.10819598347796, 33.4915880024711], [-112.10819598347796, 33.49159549412242], [-112.1082049666308, 33.49159549412242]]}, "properties": {"confidence": "high"}}, {"type": "Feature", "geometry": {"type": "LineString", "coordinates": [[-112.10933684388878, 33.49159549412242], [-112.10933684388878, 33.49158051081912], [-112.10932786073595, 33.49158051081912], [-112.10932786073595, 33.49159549412242], [-112.10933684388878, 33.49159549412242]]}, "properties": {"confidence": "high"}}, {"type": "Feature", "geometry": {"type": "LineString", "coordinates": [[-112.10897751777514, 33.49159549412242], [-112.10897751777514, 33.49158051081912], [-112.10896853462229, 33.49158051081912], [-112.10896853462229, 33.49159549412242], [-112.10897751777514, 33.49159549412242]]}, "properties": {"confidence": "high"}}, {"type": "Feature", "geometry": {"type": "LineString", "coordinates": [[-112.1101902434087, 33.4915880024711], [-112.1101902434087, 33.49158051081912], [-112.11018126025586, 33.49158051081912], [-112.11018126025586, 33.4915880024711], [-112.1101902434087, 33.4915880024711]]}, "properties": {"confidence": "high"}}, {"type": "Feature", "geometry": {"type": "LineString", "coordinates": [[-112.11279535773264, 33.49158051081912], [-112.11279535773264, 33.4915730191665], [-112.11277739142696, 33.4915730191665], [-112.11277739142696, 33.49158051081912], [-112.11279535773264, 33.49158051081912]]}, "properties": {"confidence": "high"}}, {"type": "Feature", "geometry": {"type": "LineString", "coordinates": [[-112.10934582704162, 33.49158051081912], [-112.10934582704162, 33.4915730191665], [-112.10933684388878, 33.4915730191665], [-112.10933684388878, 33.49158051081912], [-112.10934582704162, 33.49158051081912]]}, "properties": {"confidence": "high"}}, {"type": "Feature", "geometry": {"type": "LineString", "coordinates": [[-112.10898650092798, 33.49158051081912], [-112.10898650092798, 33.4915730191665], [-112.10897751777514, 33.4915730191665], [-112.10897751777514, 33.49158051081912], [-112.10898650092798, 33.49158051081912]]}, "properties": {"confidence": "high"}}, {"type": "Feature", "geometry": {"type": "LineString", "coordinates": [[-112.10821394978363, 33.4915880024711], [-112.10821394978363, 33.491565527513224], [-112.1082049666308, 33.491565527513224], [-112.1082049666308, 33.4915880024711], [-112.10821394978363, 33.4915880024711]]}, "properties": {"confidence": "high"}}, {"type": "Feature", "geometry": {"type": "LineString", "coordinates": [[-112.11019922656155, 33.49158051081912], [-112.11019922656155, 33.491565527513224], [-112.1101902434087, 33.491565527513224], [-112.1101902434087, 33.49158051081912], [-112.11019922656155, 33.49158051081912]]}, "properties": {"confidence": "high"}}, {"type": "Feature", "geometry": {"type": "LineString", "coordinates": [[-112.11280434088548, 33.4915730191665], [-112.11280434088548, 33.491565527513224], [-112.11279535773264, 33.491565527513224], [-112.11279535773264, 33.4915730191665], [-112.11280434088548, 33.4915730191665]]}, "properties": {"confidence": "high"}}, {"type": "Feature", "geometry": {"type": "LineString", "coordinates": [[-112.10935481019446, 33.4915730191665], [-112.10935481019446, 33.491565527513224], [-112.10934582704162, 33.491565527513224], [-112.10934582704162, 33.4915730191665], [-112.10935481019446, 33.4915730191665]]}, "properties": {"confidence": "high"}}, {"type": "Feature", "geometry": {"type": "LineString", "coordinates": [[-112.10899548408082, 33.4915730191665], [-112.10899548408082, 33.49155803585931], [-112.10898650092798, 33.49155803585931], [-112.10898650092798, 33.4915730191665], [-112.10899548408082, 33.4915730191665]]}, "properties": {"confidence": "high"}}, {"type": "Feature", "geometry": {"type": "LineString", "coordinates": [[-112.11281332403833, 33.491565527513224], [-112.11281332403833, 33.49155803585931], [-112.11280434088548, 33.49155803585931], [-112.11280434088548, 33.491565527513224], [-112.11281332403833, 33.491565527513224]]}, "properties": {"confidence": "high"}}, {"type": "Feature", "geometry": {"type": "LineString", "coordinates": [[-112.11020820971439, 33.491565527513224], [-112.11020820971439, 33.49155803585931], [-112.11019922656155, 33.49155803585931], [-112.11019922656155, 33.491565527513224], [-112.11020820971439, 33.491565527513224]]}, "properties": {"confidence": "high"}}, {"type": "Feature", "geometry": {"type": "LineString", "coordinates": [[-112.1093637933473, 33.491565527513224], [-112.1093637933473, 33.49155803585931], [-112.10935481019446, 33.49155803585931], [-112.10935481019446, 33.491565527513224], [-112.1093637933473, 33.491565527513224]]}, "properties": {"confidence": "high"}}, {"type": "Feature", "geometry": {"type": "LineString", "coordinates": [[-112.10822293293647, 33.491565527513224], [-112.10822293293647, 33.49155803585931], [-112.10821394978363, 33.49155803585931], [-112.10821394978363, 33.491565527513224], [-112.10822293293647, 33.491565527513224]]}, "properties": {"confidence": "high"}}, {"type": "Feature", "geometry": {"type": "LineString", "coordinates": [[-112.11282230719117, 33.49155803585931], [-112.11282230719117, 33.49155054420475], [-112.11281332403833, 33.49155054420475], [-112.11281332403833, 33.49155803585931], [-112.11282230719117, 33.49155803585931]]}, "properties": {"confidence": "high"}}, {"type": "Feature", "geometry": {"type": "LineString", "coordinates": [[-112.11022617602006, 33.49155803585931], [-112.11022617602006, 33.49155054420475], [-112.11020820971439, 33.49155054420475], [-112.11020820971439, 33.49155803585931], [-112.11022617602006, 33.49155803585931]]}, "properties": {"confidence": "high"}}, {"type": "Feature", "geometry": {"type": "LineString", "coordinates": [[-112.10937277650015, 33.49155803585931], [-112.10937277650015, 33.49155054420475], [-112.1093637933473, 33.49155054420475], [-112.1093637933473, 33.49155803585931], [-112.10937277650015, 33.49155803585931]]}, "properties": {"confidence": "high"}}, {"type": "Feature", "geometry": {"type": "LineString", "coordinates": [[-112.10900446723366, 33.49155803585931], [-112.10900446723366, 33.49154305254953], [-112.10899548408082, 33.49154305254953], [-112.10899548408082, 33.49155803585931], [-112.10900446723366, 33.49155803585931]]}, "properties": {"confidence": "high"}}, {"type": "Feature", "geometry": {"type": "LineString", "coordinates": [[-112.112831290344, 33.49155054420475], [-112.112831290344, 33.49154305254953], [-112.11282230719117, 33.49154305254953], [-112.11282230719117, 33.49155054420475], [-112.112831290344, 33.49155054420475]]}, "properties": {"confidence": "high"}}, {"type": "Feature", "geometry": {"type": "LineString", "coordinates": [[-112.1102351591729, 33.49155054420475], [-112.1102351591729, 33.49154305254953], [-112.11022617602006, 33.49154305254953], [-112.11022617602006, 33.49155054420475], [-112.1102351591729, 33.49155054420475]]}, "properties": {"confidence": "high"}}, {"type": "Feature", "geometry": {"type": "LineString", "coordinates": [[-112.10938175965299, 33.49155054420475], [-112.10938175965299, 33.49154305254953], [-112.10937277650015, 33.49154305254953], [-112.10937277650015, 33.49155054420475], [-112.10938175965299, 33.49155054420475]]}, "properties": {"confidence": "high"}}, {"type": "Feature", "geometry": {"type": "LineString", "coordinates": [[-112.11055855267519, 33.49159549412242], [-112.11055855267519, 33.49153556089367], [-112.11054956952233, 33.49153556089367], [-112.11054956952233, 33.49159549412242], [-112.11055855267519, 33.49159549412242]]}, "properties": {"confidence": "high"}}, {"type": "Feature", "geometry": {"type": "LineString", "coordinates": [[-112.10823191608931, 33.49155803585931], [-112.10823191608931, 33.49153556089367], [-112.10822293293647, 33.49153556089367], [-112.10822293293647, 33.49155803585931], [-112.10823191608931, 33.49155803585931]]}, "properties": {"confidence": "high"}}, {"type": "Feature", "geometry": {"type": "LineString", "coordinates": [[-112.11284027349684, 33.49154305254953], [-112.11284027349684, 33.49153556089367], [-112.112831290344, 33.49153556089367], [-112.112831290344, 33.49154305254953], [-112.11284027349684, 33.49154305254953]]}, "properties": {"confidence": "high"}}, {"type": "Feature", "geometry": {"type": "LineString", "coordinates": [[-112.11024414232574, 33.49154305254953], [-112.11024414232574, 33.49153556089367], [-112.1102351591729, 33.49153556089367], [-112.1102351591729, 33.49154305254953], [-112.11024414232574, 33.49154305254953]]}, "properties": {"confidence": "high"}}, {"type": "Feature", "geometry": {"type": "LineString", "coordinates": [[-112.10939074280583, 33.49154305254953], [-112.10939074280583, 33.49153556089367], [-112.10938175965299, 33.49153556089367], [-112.10938175965299, 33.49154305254953], [-112.10939074280583, 33.49154305254953]]}, "properties": {"confidence": "high"}}, {"type": "Feature", "geometry": {"type": "LineString", "coordinates": [[-112.1090134503865, 33.49154305254953], [-112.1090134503865, 33.49153556089367], [-112.10900446723366, 33.49153556089367], [-112.10900446723366, 33.49154305254953], [-112.1090134503865, 33.49154305254953]]}, "properties": {"confidence": "high"}}, {"type": "Feature", "geometry": {"type": "LineString", "coordinates": [[-112.11284925664968, 33.49153556089367], [-112.11284925664968, 33.491528069237155], [-112.11284027349684, 33.491528069237155], [-112.11284027349684, 33.49153556089367], [-112.11284925664968, 33.49153556089367]]}, "properties": {"confidence": "high"}}, {"type": "Feature", "geometry": {"type": "LineString", "coordinates": [[-112.1102531254786, 33.49153556089367], [-112.1102531254786, 33.491528069237155], [-112.11024414232574, 33.491528069237155], [-112.11024414232574, 33.49153556089367], [-112.1102531254786, 33.49153556089367]]}, "properties": {"confidence": "high"}}, {"type": "Feature", "geometry": {"type": "LineString", "coordinates": [[-112.10902243353935, 33.49153556089367], [-112.10902243353935, 33.491528069237155], [-112.1090134503865, 33.491528069237155], [-112.1090134503865, 33.49153556089367], [-112.10902243353935, 33.49153556089367]]}, "properties": {"confidence": "high"}}, {"type": "Feature", "geometry": {"type": "LineString", "coordinates": [[-112.10939972595867, 33.49153556089367], [-112.10939972595867, 33.49152057758], [-112.10939074280583, 33.49152057758], [-112.10939074280583, 33.49153556089367], [-112.10939972595867, 33.49153556089367]]}, "properties": {"confidence": "high"}}, {"type": "Feature", "geometry": {"type": "LineString", "coordinates": [[-112.10824089924215, 33.49153556089367], [-112.10824089924215, 33.49152057758], [-112.10823191608931, 33.49152057758], [-112.10823191608931, 33.49153556089367], [-112.10824089924215, 33.49153556089367]]}, "properties": {"confidence": "high"}}, {"type": "Feature", "geometry": {"type": "LineString", "coordinates": [[-112.11285823980252, 33.491528069237155], [-112.11285823980252, 33.49152057758], [-112.11284925664968, 33.49152057758], [-112.11284925664968, 33.491528069237155], [-112.11285823980252, 33.491528069237155]]}, "properties": {"confidence": "high"}}, {"type": "Feature", "geometry": {"type": "LineString", "coordinates": [[-112.11026210863143, 33.491528069237155], [-112.11026210863143, 33.49152057758], [-112.1102531254786, 33.49152057758], [-112.1102531254786, 33.491528069237155], [-112.11026210863143, 33.491528069237155]]}, "properties": {"confidence": "high"}}, {"type": "Feature", "geometry": {"type": "LineString", "coordinates": [[-112.10903141669219, 33.491528069237155], [-112.10903141669219, 33.491513085922186], [-112.10902243353935, 33.491513085922186], [-112.10902243353935, 33.491528069237155], [-112.10903141669219, 33.491528069237155]]}, "properties": {"confidence": "high"}}, {"type": "Feature", "geometry": {"type": "LineString", "coordinates": [[-112.11286722295537, 33.49152057758], [-112.11286722295537, 33.491513085922186], [-112.11285823980252, 33.491513085922186], [-112.11285823980252, 33.49152057758], [-112.11286722295537, 33.49152057758]]}, "properties": {"confidence": "high"}}, {"type": "Feature", "geometry": {"type": "LineString", "coordinates": [[-112.11027109178427, 33.49152057758], [-112.11027109178427, 33.491513085922186], [-112.11026210863143, 33.491513085922186], [-112.11026210863143, 33.49152057758], [-112.11027109178427, 33.49152057758]]}, "properties": {"confidence": "high"}}, {"type": "Feature", "geometry": {"type": "LineString", "coordinates": [[-112.1094087091115, 33.49152057758], [-112.1094087091115, 33.491513085922186], [-112.10939972595867, 33.491513085922186], [-112.10939972595867, 33.49152057758], [-112.1094087091115, 33.49152057758]]}, "properties": {"confidence": "high"}}, {"type": "Feature", "geometry": {"type": "LineString", "coordinates": [[-112.108249882395, 33.49152057758], [-112.108249882395, 33.49150559426373], [-112.10824089924215, 33.49150559426373], [-112.10824089924215, 33.49152057758], [-112.108249882395, 33.49152057758]]}, "properties": {"confidence": "high"}}, {"type": "Feature", "geometry": {"type": "LineString", "coordinates": [[-112.11287620610821, 33.491513085922186], [-112.11287620610821, 33.49150559426373], [-112.11286722295537, 33.49150559426373], [-112.11286722295537, 33.491513085922186], [-112.11287620610821, 33.491513085922186]]}, "properties": {"confidence": "high"}}, {"type": "Feature", "geometry": {"type": "LineString", "coordinates": [[-112.11028007493711, 33.491513085922186], [-112.11028007493711, 33.49150559426373], [-112.11027109178427, 33.49150559426373], [-112.11027109178427, 33.491513085922186], [-112.11028007493711, 33.491513085922186]]}, "properties": {"confidence": "high"}}, {"type": "Feature", "geometry": {"type": "LineString", "coordinates": [[-112.10941769226434, 33.491513085922186], [-112.10941769226434, 33.49150559426373], [-112.1094087091115, 33.49150559426373], [-112.1094087091115, 33.491513085922186], [-112.10941769226434, 33.491513085922186]]}, "properties": {"confidence": "high"}}, {"type": "Feature", "geometry": {"type": "LineString", "coordinates": [[-112.10904039984503, 33.491513085922186], [-112.10904039984503, 33.49150559426373], [-112.10903141669219, 33.49150559426373], [-112.10903141669219, 33.491513085922186], [-112.10904039984503, 33.491513085922186]]}, "properties": {"confidence": "high"}}, {"type": "Feature", "geometry": {"type": "LineString", "coordinates": [[-112.11288518926105, 33.49150559426373], [-112.11288518926105, 33.49149810260464], [-112.11287620610821, 33.49149810260464], [-112.11287620610821, 33.49150559426373], [-112.11288518926105, 33.49150559426373]]}, "properties": {"confidence": "high"}}, {"type": "Feature", "geometry": {"type": "LineString", "coordinates": [[-112.11028905808995, 33.49150559426373], [-112.11028905808995, 33.49149810260464], [-112.11028007493711, 33.49149810260464], [-112.11028007493711, 33.49150559426373], [-112.11028905808995, 33.49150559426373]]}, "properties": {"confidence": "high"}}, {"type": "Feature", "geometry": {"type": "LineString", "coordinates": [[-112.1094266754172, 33.49150559426373], [-112.1094266754172, 33.49149810260464], [-112.10941769226434, 33.49149810260464], [-112.10941769226434, 33.49150559426373], [-112.1094266754172, 33.49150559426373]]}, "properties": {"confidence": "high"}}, {"type": "Feature", "geometry": {"type": "LineString", "coordinates": [[-112.10904938299787, 33.49150559426373], [-112.10904938299787, 33.49149810260464], [-112.10904039984503, 33.49149810260464], [-112.10904039984503, 33.49150559426373], [-112.10904938299787, 33.49150559426373]]}, "properties": {"confidence": "high"}}, {"type": "Feature", "geometry": {"type": "LineString", "coordinates": [[-112.10825886554784, 33.49150559426373], [-112.10825886554784, 33.49149061094488], [-112.108249882395, 33.49149061094488], [-112.108249882395, 33.49150559426373], [-112.10825886554784, 33.49150559426373]]}, "properties": {"confidence": "high"}}, {"type": "Feature", "geometry": {"type": "LineString", "coordinates": [[-112.11289417241389, 33.49149810260464], [-112.11289417241389, 33.49149061094488], [-112.11288518926105, 33.49149061094488], [-112.11288518926105, 33.49149810260464], [-112.11289417241389, 33.49149810260464]]}, "properties": {"confidence": "high"}}, {"type": "Feature", "geometry": {"type": "LineString", "coordinates": [[-112.11030702439564, 33.49149810260464], [-112.11030702439564, 33.49149061094488], [-112.11028905808995, 33.49149061094488], [-112.11028905808995, 33.49149810260464], [-112.11030702439564, 33.49149810260464]]}, "properties": {"confidence": "high"}}, {"type": "Feature", "geometry": {"type": "LineString", "coordinates": [[-112.10943565857004, 33.49149810260464], [-112.10943565857004, 33.49149061094488], [-112.1094266754172, 33.49149061094488], [-112.1094266754172, 33.49149810260464], [-112.10943565857004, 33.49149810260464]]}, "properties": {"confidence": "high"}}, {"type": "Feature", "geometry": {"type": "LineString", "coordinates": [[-112.1090583661507, 33.49149810260464], [-112.1090583661507, 33.49148311928448], [-112.10904938299787, 33.49148311928448], [-112.10904938299787, 33.49149810260464], [-112.1090583661507, 33.49149810260464]]}, "properties": {"confidence": "high"}}, {"type": "Feature", "geometry": {"type": "LineString", "coordinates": [[-112.11290315556673, 33.49149061094488], [-112.11290315556673, 33.49148311928448], [-112.11289417241389, 33.49148311928448], [-112.11289417241389, 33.49149061094488], [-112.11290315556673, 33.49149061094488]]}, "properties": {"confidence": "high"}}, {"type": "Feature", "geometry": {"type": "LineString", "coordinates": [[-112.11031600754848, 33.49149061094488], [-112.11031600754848, 33.49148311928448], [-112.11030702439564, 33.49148311928448], [-112.11030702439564, 33.49149061094488], [-112.11031600754848, 33.49149061094488]]}, "properties": {"confidence": "high"}}, {"type": "Feature", "geometry": {"type": "LineString", "coordinates": [[-112.10944464172287, 33.49149061094488], [-112.10944464172287, 33.49148311928448], [-112.10943565857004, 33.49148311928448], [-112.10943565857004, 33.49149061094488], [-112.10944464172287, 33.49149061094488]]}, "properties": {"confidence": "high"}}, {"type": "Feature", "geometry": {"type": "LineString", "coordinates": [[-112.11291213871958, 33.49148311928448], [-112.11291213871958, 33.49147562762343], [-112.11290315556673, 33.49147562762343], [-112.11290315556673, 33.49148311928448], [-112.11291213871958, 33.49148311928448]]}, "properties": {"confidence": "high"}}, {"type": "Feature", "geometry": {"type": "LineString", "coordinates": [[-112.11032499070132, 33.49148311928448], [-112.11032499070132, 33.49147562762343], [-112.11031600754848, 33.49147562762343], [-112.11031600754848, 33.49148311928448], [-112.11032499070132, 33.49148311928448]]}, "properties": {"confidence": "high"}}, {"type": "Feature", "geometry": {"type": "LineString", "coordinates": [[-112.10945362487571, 33.49148311928448], [-112.10945362487571, 33.49147562762343], [-112.10944464172287, 33.49147562762343], [-112.10944464172287, 33.49148311928448], [-112.10945362487571, 33.49148311928448]]}, "properties": {"confidence": "high"}}, {"type": "Feature", "geometry": {"type": "LineString", "coordinates": [[-112.11056753582803, 33.49153556089367], [-112.11056753582803, 33.49146813596173], [-112.11055855267519, 33.49146813596173], [-112.11055855267519, 33.49153556089367], [-112.11056753582803, 33.49153556089367]]}, "properties": {"confidence": "high"}}, {"type": "Feature", "geometry": {"type": "LineString", "coordinates": [[-112.10906734930356, 33.49148311928448], [-112.10906734930356, 33.49146813596173], [-112.1090583661507, 33.49146813596173], [-112.1090583661507, 33.49148311928448], [-112.10906734930356, 33.49148311928448]]}, "properties": {"confidence": "high"}}, {"type": "Feature", "geometry": {"type": "LineString", "coordinates": [[-112.11292112187242, 33.49147562762343], [-112.11292112187242, 33.49146813596173], [-112.11291213871958, 33.49146813596173], [-112.11291213871958, 33.49147562762343], [-112.11292112187242, 33.49147562762343]]}, "properties": {"confidence": "high"}}, {"type": "Feature", "geometry": {"type": "LineString", "coordinates": [[-112.11034295700699, 33.49147562762343], [-112.11034295700699, 33.49146813596173], [-112.11032499070132, 33.49146813596173], [-112.11032499070132, 33.49147562762343], [-112.11034295700699, 33.49147562762343]]}, "properties": {"confidence": "high"}}, {"type": "Feature", "geometry": {"type": "LineString", "coordinates": [[-112.10946260802855, 33.49147562762343], [-112.10946260802855, 33.49146813596173], [-112.10945362487571, 33.49146813596173], [-112.10945362487571, 33.49147562762343], [-112.10946260802855, 33.49147562762343]]}, "properties": {"confidence": "high"}}, {"type": "Feature", "geometry": {"type": "LineString", "coordinates": [[-112.10826784870068, 33.49149061094488], [-112.10826784870068, 33.491460644299394], [-112.10825886554784, 33.491460644299394], [-112.10825886554784, 33.49149061094488], [-112.10826784870068, 33.49149061094488]]}, "properties": {"confidence": "high"}}, {"type": "Feature", "geometry": {"type": "LineString", "coordinates": [[-112.11293010502526, 33.49146813596173], [-112.11293010502526, 33.491460644299394], [-112.11292112187242, 33.491460644299394], [-112.11292112187242, 33.49146813596173], [-112.11293010502526, 33.49146813596173]]}, "properties": {"confidence": "high"}}, {"type": "Feature", "geometry": {"type": "LineString", "coordinates": [[-112.11035194015984, 33.49146813596173], [-112.11035194015984, 33.491460644299394], [-112.11034295700699, 33.491460644299394], [-112.11034295700699, 33.49146813596173], [-112.11035194015984, 33.49146813596173]]}, "properties": {"confidence": "high"}}, {"type": "Feature", "geometry": {"type": "LineString", "coordinates": [[-112.10947159118139, 33.49146813596173], [-112.10947159118139, 33.491460644299394], [-112.10946260802855, 33.491460644299394], [-112.10946260802855, 33.49146813596173], [-112.10947159118139, 33.49146813596173]]}, "properties": {"confidence": "high"}}, {"type": "Feature", "geometry": {"type": "LineString", "coordinates": [[-112.1090763324564, 33.49146813596173], [-112.1090763324564, 33.491460644299394], [-112.10906734930356, 33.491460644299394], [-112.10906734930356, 33.49146813596173], [-112.1090763324564, 33.49146813596173]]}, "properties": {"confidence": "high"}}, {"type": "Feature", "geometry": {"type": "LineString", "coordinates": [[-112.1129390881781, 33.491460644299394], [-112.1129390881781, 33.4914531526364], [-112.11293010502526, 33.4914531526364], [-112.11293010502526, 33.491460644299394], [-112.1129390881781, 33.491460644299394]]}, "properties": {"confidence": "high"}}, {"type": "Feature", "geometry": {"type": "LineString", "coordinates": [[-112.10948057433424, 33.491460644299394], [-112.10948057433424, 33.4914531526364], [-112.10947159118139, 33.4914531526364], [-112.10947159118139, 33.491460644299394], [-112.10948057433424, 33.491460644299394]]}, "properties": {"confidence": "high"}}, {"type": "Feature", "geometry": {"type": "LineString", "coordinates": [[-112.10908531560924, 33.491460644299394], [-112.10908531560924, 33.4914531526364], [-112.1090763324564, 33.4914531526364], [-112.1090763324564, 33.491460644299394], [-112.10908531560924, 33.491460644299394]]}, "properties": {"confidence": "high"}}, {"type": "Feature", "geometry": {"type": "LineString", "coordinates": [[-112.11294807133095, 33.4914531526364], [-112.11294807133095, 33.49144566097276], [-112.1129390881781, 33.49144566097276], [-112.1129390881781, 33.4914531526364], [-112.11294807133095, 33.4914531526364]]}, "properties": {"confidence": "high"}}, {"type": "Feature", "geometry": {"type": "LineString", "coordinates": [[-112.10948955748708, 33.4914531526364], [-112.10948955748708, 33.49144566097276], [-112.10948057433424, 33.49144566097276], [-112.10948057433424, 33.4914531526364], [-112.10948955748708, 33.4914531526364]]}, "properties": {"confidence": "high"}}, {"type": "Feature", "geometry": {"type": "LineString", "coordinates": [[-112.10909429876207, 33.4914531526364], [-112.10909429876207, 33.49144566097276], [-112.10908531560924, 33.49144566097276], [-112.10908531560924, 33.4914531526364], [-112.10909429876207, 33.4914531526364]]}, "properties": {"confidence": "high"}}, {"type": "Feature", "geometry": {"type": "LineString", "coordinates": [[-112.11295705448379, 33.49144566097276], [-112.11295705448379, 33.49143816930847], [-112.11294807133095, 33.49143816930847], [-112.11294807133095, 33.49144566097276], [-112.11295705448379, 33.49144566097276]]}, "properties": {"confidence": "high"}}, {"type": "Feature", "geometry": {"type": "LineString", "coordinates": [[-112.10949854063992, 33.49144566097276], [-112.10949854063992, 33.49143816930847], [-112.10948955748708, 33.49143816930847], [-112.10948955748708, 33.49144566097276], [-112.10949854063992, 33.49144566097276]]}, "properties": {"confidence": "high"}}, {"type": "Feature", "geometry": {"type": "LineString", "coordinates": [[-112.10910328191491, 33.49144566097276], [-112.10910328191491, 33.49143816930847], [-112.10909429876207, 33.49143816930847], [-112.10909429876207, 33.49144566097276], [-112.10910328191491, 33.49144566097276]]}, "properties": {"confidence": "high"}}, {"type": "Feature", "geometry": {"type": "LineString", "coordinates": [[-112.11296603763664, 33.49143816930847], [-112.11296603763664, 33.491430677643535], [-112.11295705448379, 33.491430677643535], [-112.11295705448379, 33.49143816930847], [-112.11296603763664, 33.49143816930847]]}, "properties": {"confidence": "high"}}, {"type": "Feature", "geometry": {"type": "LineString", "coordinates": [[-112.10950752379276, 33.49143816930847], [-112.10950752379276, 33.491430677643535], [-112.10949854063992, 33.491430677643535], [-112.10949854063992, 33.49143816930847], [-112.10950752379276, 33.49143816930847]]}, "properties": {"confidence": "high"}}, {"type": "Feature", "geometry": {"type": "LineString", "coordinates": [[-112.10911226506775, 33.49143816930847], [-112.10911226506775, 33.49142318597795], [-112.10910328191491, 33.49142318597795], [-112.10910328191491, 33.49143816930847], [-112.10911226506775, 33.49143816930847]]}, "properties": {"confidence": "high"}}, {"type": "Feature", "geometry": {"type": "LineString", "coordinates": [[-112.11297502078948, 33.491430677643535], [-112.11297502078948, 33.49142318597795], [-112.11296603763664, 33.49142318597795], [-112.11296603763664, 33.491430677643535], [-112.11297502078948, 33.491430677643535]]}, "properties": {"confidence": "high"}}, {"type": "Feature", "geometry": {"type": "LineString", "coordinates": [[-112.1095165069456, 33.491430677643535], [-112.1095165069456, 33.49142318597795], [-112.10950752379276, 33.49142318597795], [-112.10950752379276, 33.491430677643535], [-112.1095165069456, 33.491430677643535]]}, "properties": {"confidence": "high"}}, {"type": "Feature", "geometry": {"type": "LineString", "coordinates": [[-112.10827683185352, 33.491460644299394], [-112.10827683185352, 33.49141569431172], [-112.10826784870068, 33.49141569431172], [-112.10826784870068, 33.491460644299394], [-112.10827683185352, 33.491460644299394]]}, "properties": {"confidence": "high"}}, {"type": "Feature", "geometry": {"type": "LineString", "coordinates": [[-112.11298400394232, 33.49142318597795], [-112.11298400394232, 33.49141569431172], [-112.11297502078948, 33.49141569431172], [-112.11297502078948, 33.49142318597795], [-112.11298400394232, 33.49142318597795]]}, "properties": {"confidence": "high"}}, {"type": "Feature", "geometry": {"type": "LineString", "coordinates": [[-112.10952549009845, 33.49142318597795], [-112.10952549009845, 33.49141569431172], [-112.1095165069456, 33.49141569431172], [-112.1095165069456, 33.49142318597795], [-112.10952549009845, 33.49142318597795]]}, "properties": {"confidence": "high"}}, {"type": "Feature", "geometry": {"type": "LineString", "coordinates": [[-112.1091212482206, 33.49142318597795], [-112.1091212482206, 33.49141569431172], [-112.10911226506775, 33.49141569431172], [-112.10911226506775, 33.49142318597795], [-112.1091212482206, 33.49142318597795]]}, "properties": {"confidence": "high"}}, {"type": "Feature", "geometry": {"type": "LineString", "coordinates": [[-112.11299298709515, 33.49141569431172], [-112.11299298709515, 33.491408202644834], [-112.11298400394232, 33.491408202644834], [-112.11298400394232, 33.49141569431172], [-112.11299298709515, 33.49141569431172]]}, "properties": {"confidence": "high"}}, {"type": "Feature", "geometry": {"type": "LineString", "coordinates": [[-112.10953447325129, 33.49141569431172], [-112.10953447325129, 33.491408202644834], [-112.10952549009845, 33.491408202644834], [-112.10952549009845, 33.49141569431172], [-112.10953447325129, 33.49141569431172]]}, "properties": {"confidence": "high"}}, {"type": "Feature", "geometry": {"type": "LineString", "coordinates": [[-112.10913023137344, 33.49141569431172], [-112.10913023137344, 33.491408202644834], [-112.1091212482206, 33.491408202644834], [-112.1091212482206, 33.49141569431172], [-112.10913023137344, 33.49141569431172]]}, "properties": {"confidence": "high"}}, {"type": "Feature", "geometry": {"type": "LineString", "coordinates": [[-112.11300197024799, 33.491408202644834], [-112.11300197024799, 33.4914007109773], [-112.11299298709515, 33.4914007109773], [-112.11299298709515, 33.491408202644834], [-112.11300197024799, 33.491408202644834]]}, "properties": {"confidence": "high"}}, {"type": "Feature", "geometry": {"type": "LineString", "coordinates": [[-112.10954345640414, 33.491408202644834], [-112.10954345640414, 33.4914007109773], [-112.10953447325129, 33.4914007109773], [-112.10953447325129, 33.491408202644834], [-112.10954345640414, 33.491408202644834]]}, "properties": {"confidence": "high"}}, {"type": "Feature", "geometry": {"type": "LineString", "coordinates": [[-112.10913921452628, 33.491408202644834], [-112.10913921452628, 33.4914007109773], [-112.10913023137344, 33.4914007109773], [-112.10913023137344, 33.491408202644834], [-112.10913921452628, 33.491408202644834]]}, "properties": {"confidence": "high"}}, {"type": "Feature", "geometry": {"type": "LineString", "coordinates": [[-112.11301095340083, 33.4914007109773], [-112.11301095340083, 33.49139321930913], [-112.11300197024799, 33.49139321930913], [-112.11300197024799, 33.4914007109773], [-112.11301095340083, 33.4914007109773]]}, "properties": {"confidence": "high"}}, {"type": "Feature", "geometry": {"type": "LineString", "coordinates": [[-112.10955243955698, 33.4914007109773], [-112.10955243955698, 33.49139321930913], [-112.10954345640414, 33.49139321930913], [-112.10954345640414, 33.4914007109773], [-112.10955243955698, 33.4914007109773]]}, "properties": {"confidence": "high"}}, {"type": "Feature", "geometry": {"type": "LineString", "coordinates": [[-112.10914819767912, 33.4914007109773], [-112.10914819767912, 33.49139321930913], [-112.10913921452628, 33.49139321930913], [-112.10913921452628, 33.4914007109773], [-112.10914819767912, 33.4914007109773]]}, "properties": {"confidence": "high"}}, {"type": "Feature", "geometry": {"type": "LineString", "coordinates": [[-112.11301993655368, 33.49139321930913], [-112.11301993655368, 33.491385727640306], [-112.11301095340083, 33.491385727640306], [-112.11301095340083, 33.49139321930913], [-112.11301993655368, 33.49139321930913]]}, "properties": {"confidence": "high"}}, {"type": "Feature", "geometry": {"type": "LineString", "coordinates": [[-112.10956142270982, 33.49139321930913], [-112.10956142270982, 33.491385727640306], [-112.10955243955698, 33.491385727640306], [-112.10955243955698, 33.49139321930913], [-112.10956142270982, 33.49139321930913]]}, "properties": {"confidence": "high"}}, {"type": "Feature", "geometry": {"type": "LineString", "coordinates": [[-112.10915718083196, 33.49139321930913], [-112.10915718083196, 33.491385727640306], [-112.10914819767912, 33.491385727640306], [-112.10914819767912, 33.49139321930913], [-112.10915718083196, 33.49139321930913]]}, "properties": {"confidence": "high"}}, {"type": "Feature", "geometry": {"type": "LineString", "coordinates": [[-112.10828581500635, 33.49141569431172], [-112.10828581500635, 33.49137823597083], [-112.10827683185352, 33.49137823597083], [-112.10827683185352, 33.49141569431172], [-112.10828581500635, 33.49141569431172]]}, "properties": {"confidence": "high"}}, {"type": "Feature", "geometry": {"type": "LineString", "coordinates": [[-112.10957040586266, 33.491385727640306], [-112.10957040586266, 33.49137823597083], [-112.10956142270982, 33.49137823597083], [-112.10956142270982, 33.491385727640306], [-112.10957040586266, 33.491385727640306]]}, "properties": {"confidence": "high"}}, {"type": "Feature", "geometry": {"type": "LineString", "coordinates": [[-112.1091661639848, 33.491385727640306], [-112.1091661639848, 33.49137823597083], [-112.10915718083196, 33.49137823597083], [-112.10915718083196, 33.491385727640306], [-112.1091661639848, 33.491385727640306]]}, "properties": {"confidence": "high"}}, {"type": "Feature", "geometry": {"type": "LineString", "coordinates": [[-112.10957938901551, 33.49137823597083], [-112.10957938901551, 33.4913707443007], [-112.10957040586266, 33.4913707443007], [-112.10957040586266, 33.49137823597083], [-112.10957938901551, 33.49137823597083]]}, "properties": {"confidence": "high"}}, {"type": "Feature", "geometry": {"type": "LineString", "coordinates": [[-112.10917514713765, 33.49137823597083], [-112.10917514713765, 33.4913707443007], [-112.1091661639848, 33.4913707443007], [-112.1091661639848, 33.49137823597083], [-112.10917514713765, 33.49137823597083]]}, "properties": {"confidence": "high"}}, {"type": "Feature", "geometry": {"type": "LineString", "coordinates": [[-112.1082947981592, 33.49137823597083], [-112.1082947981592, 33.49136325262994], [-112.10827683185352, 33.49136325262994], [-112.10827683185352, 33.4913707443007], [-112.10828581500635, 33.4913707443007], [-112.10828581500635, 33.49137823597083], [-112.1082947981592, 33.49137823597083]]}, "properties": {"confidence": "high"}}, {"type": "Feature", "geometry": {"type": "LineString", "coordinates": [[-112.10958837216835, 33.4913707443007], [-112.10958837216835, 33.49136325262994], [-112.10957938901551, 33.49136325262994], [-112.10957938901551, 33.4913707443007], [-112.10958837216835, 33.4913707443007]]}, "properties": {"confidence": "high"}}, {"type": "Feature", "geometry": {"type": "LineString", "coordinates": [[-112.10918413029049, 33.4913707443007], [-112.10918413029049, 33.49136325262994], [-112.10917514713765, 33.49136325262994], [-112.10917514713765, 33.4913707443007], [-112.10918413029049, 33.4913707443007]]}, "properties": {"confidence": "high"}}, {"type": "Feature", "geometry": {"type": "LineString", "coordinates": [[-112.10959735532118, 33.49136325262994], [-112.10959735532118, 33.49135576095852], [-112.10958837216835, 33.49135576095852], [-112.10958837216835, 33.49136325262994], [-112.10959735532118, 33.49136325262994]]}, "properties": {"confidence": "high"}}, {"type": "Feature", "geometry": {"type": "LineString", "coordinates": [[-112.10919311344333, 33.49136325262994], [-112.10919311344333, 33.49135576095852], [-112.10918413029049, 33.49135576095852], [-112.10918413029049, 33.49136325262994], [-112.10919311344333, 33.49136325262994]]}, "properties": {"confidence": "high"}}, {"type": "Feature", "geometry": {"type": "LineString", "coordinates": [[-112.10830378131205, 33.49136325262994], [-112.10830378131205, 33.49135576095852], [-112.1082947981592, 33.49135576095852], [-112.1082947981592, 33.49136325262994], [-112.10830378131205, 33.49136325262994]]}, "properties": {"confidence": "high"}}, {"type": "Feature", "geometry": {"type": "LineString", "coordinates": [[-112.10827683185352, 33.49136325262994], [-112.10827683185352, 33.49135576095852], [-112.10826784870068, 33.49135576095852], [-112.10826784870068, 33.49136325262994], [-112.10827683185352, 33.49136325262994]]}, "properties": {"confidence": "high"}}, {"type": "Feature", "geometry": {"type": "LineString", "coordinates": [[-112.10960633847402, 33.49135576095852], [-112.10960633847402, 33.491348269286455], [-112.10959735532118, 33.491348269286455], [-112.10959735532118, 33.49135576095852], [-112.10960633847402, 33.49135576095852]]}, "properties": {"confidence": "high"}}, {"type": "Feature", "geometry": {"type": "LineString", "coordinates": [[-112.10920209659616, 33.49135576095852], [-112.10920209659616, 33.491348269286455], [-112.10919311344333, 33.491348269286455], [-112.10919311344333, 33.49135576095852], [-112.10920209659616, 33.49135576095852]]}, "properties": {"confidence": "high"}}, {"type": "Feature", "geometry": {"type": "LineString", "coordinates": [[-112.10832174761772, 33.49135576095852], [-112.10832174761772, 33.491348269286455], [-112.10830378131205, 33.491348269286455], [-112.10830378131205, 33.49135576095852], [-112.10832174761772, 33.49135576095852]]}, "properties": {"confidence": "high"}}, {"type": "Feature", "geometry": {"type": "LineString", "coordinates": [[-112.10826784870068, 33.49135576095852], [-112.10826784870068, 33.491348269286455], [-112.108249882395, 33.491348269286455], [-112.108249882395, 33.49135576095852], [-112.10826784870068, 33.49135576095852]]}, "properties": {"confidence": "high"}}, {"type": "Feature", "geometry": {"type": "LineString", "coordinates": [[-112.1073336008052, 33.49135576095852], [-112.1073336008052, 33.491348269286455], [-112.107288685041, 33.491348269286455], [-112.107288685041, 33.49135576095852], [-112.1073336008052, 33.49135576095852]]}, "properties": {"confidence": "high"}}, {"type": "Feature", "geometry": {"type": "LineString", "coordinates": [[-112.1072258029711, 33.49135576095852], [-112.1072258029711, 33.491348269286455], [-112.10705512306711, 33.491348269286455], [-112.10705512306711, 33.49135576095852], [-112.1072258029711, 33.49135576095852]]}, "properties": {"confidence": "high"}}, {"type": "Feature", "geometry": {"type": "LineString", "coordinates": [[-112.10665088118927, 33.49135576095852], [-112.10665088118927, 33.491348269286455], [-112.10663291488358, 33.491348269286455], [-112.10663291488358, 33.49135576095852], [-112.10665088118927, 33.49135576095852]]}, "properties": {"confidence": "high"}}, {"type": "Feature", "geometry": {"type": "LineString", "coordinates": [[-112.10961532162686, 33.491348269286455], [-112.10961532162686, 33.491340777613736], [-112.10960633847402, 33.491340777613736], [-112.10960633847402, 33.491348269286455], [-112.10961532162686, 33.491348269286455]]}, "properties": {"confidence": "high"}}, {"type": "Feature", "geometry": {"type": "LineString", "coordinates": [[-112.109211079749, 33.491348269286455], [-112.109211079749, 33.491340777613736], [-112.10920209659616, 33.491340777613736], [-112.10920209659616, 33.491348269286455], [-112.109211079749, 33.491348269286455]]}, "properties": {"confidence": "high"}}, {"type": "Feature", "geometry": {"type": "LineString", "coordinates": [[-112.10833073077056, 33.491348269286455], [-112.10833073077056, 33.491340777613736], [-112.10832174761772, 33.491340777613736], [-112.10832174761772, 33.491348269286455], [-112.10833073077056, 33.491348269286455]]}, "properties": {"confidence": "high"}}, {"type": "Feature", "geometry": {"type": "LineString", "coordinates": [[-112.108249882395, 33.491348269286455], [-112.108249882395, 33.491340777613736], [-112.10800733726829, 33.491340777613736], [-112.10800733726829, 33.491348269286455], [-112.108249882395, 33.491348269286455]]}, "properties": {"confidence": "high"}}, {"type": "Feature", "geometry": {"type": "LineString", "coordinates": [[-112.10764801115464, 33.491348269286455], [-112.10764801115464, 33.491340777613736], [-112.1073336008052, 33.491340777613736], [-112.1073336008052, 33.491348269286455], [-112.10764801115464, 33.491348269286455]]}, "properties": {"confidence": "high"}}, {"type": "Feature", "geometry": {"type": "LineString", "coordinates": [[-112.107288685041, 33.491348269286455], [-112.107288685041, 33.491340777613736], [-112.1072258029711, 33.491340777613736], [-112.1072258029711, 33.491348269286455], [-112.107288685041, 33.491348269286455]]}, "properties": {"confidence": "high"}}, {"type": "Feature", "geometry": {"type": "LineString", "coordinates": [[-112.10705512306711, 33.491348269286455], [-112.10705512306711, 33.491340777613736], [-112.10665088118927, 33.491340777613736], [-112.10665088118927, 33.491348269286455], [-112.10705512306711, 33.491348269286455]]}, "properties": {"confidence": "high"}}, {"type": "Feature", "geometry": {"type": "LineString", "coordinates": [[-112.1096243047797, 33.491340777613736], [-112.1096243047797, 33.49133328594038], [-112.10961532162686, 33.49133328594038], [-112.10961532162686, 33.491340777613736], [-112.1096243047797, 33.491340777613736]]}, "properties": {"confidence": "high"}}, {"type": "Feature", "geometry": {"type": "LineString", "coordinates": [[-112.10922006290185, 33.491340777613736], [-112.10922006290185, 33.49133328594038], [-112.109211079749, 33.49133328594038], [-112.109211079749, 33.491340777613736], [-112.10922006290185, 33.491340777613736]]}, "properties": {"confidence": "high"}}, {"type": "Feature", "geometry": {"type": "LineString", "coordinates": [[-112.1083397139234, 33.491340777613736], [-112.1083397139234, 33.49133328594038], [-112.10833073077056, 33.49133328594038], [-112.10833073077056, 33.491340777613736], [-112.1083397139234, 33.491340777613736]]}, "properties": {"confidence": "high"}}, {"type": "Feature", "geometry": {"type": "LineString", "coordinates": [[-112.10800733726829, 33.491340777613736], [-112.10800733726829, 33.49133328594038], [-112.10764801115464, 33.49133328594038], [-112.10764801115464, 33.491340777613736], [-112.10800733726829, 33.491340777613736]]}, "properties": {"confidence": "high"}}, {"type": "Feature", "geometry": {"type": "LineString", "coordinates": [[-112.10964227108539, 33.49133328594038], [-112.10964227108539, 33.491325794266366], [-112.1096243047797, 33.491325794266366], [-112.1096243047797, 33.49133328594038], [-112.10964227108539, 33.49133328594038]]}, "properties": {"confidence": "high"}}, {"type": "Feature", "geometry": {"type": "LineString", "coordinates": [[-112.1092290460547, 33.49133328594038], [-112.1092290460547, 33.491325794266366], [-112.10922006290185, 33.491325794266366], [-112.10922006290185, 33.49133328594038], [-112.1092290460547, 33.49133328594038]]}, "properties": {"confidence": "high"}}, {"type": "Feature", "geometry": {"type": "LineString", "coordinates": [[-112.11302891970652, 33.491385727640306], [-112.11302891970652, 33.491325794266366], [-112.11303790285936, 33.491325794266366], [-112.11303790285936, 33.491318302591715], [-112.11301993655368, 33.491318302591715], [-112.11301993655368, 33.491385727640306], [-112.11302891970652, 33.491385727640306]]}, "properties": {"confidence": "high"}}, {"type": "Feature", "geometry": {"type": "LineString", "coordinates": [[-112.10965125423823, 33.491325794266366], [-112.10965125423823, 33.491318302591715], [-112.10964227108539, 33.491318302591715], [-112.10964227108539, 33.491325794266366], [-112.10965125423823, 33.491325794266366]]}, "properties": {"confidence": "high"}}, {"type": "Feature", "geometry": {"type": "LineString", "coordinates": [[-112.10923802920753, 33.491325794266366], [-112.10923802920753, 33.491318302591715], [-112.1092290460547, 33.491318302591715], [-112.1092290460547, 33.491325794266366], [-112.10923802920753, 33.491325794266366]]}, "properties": {"confidence": "high"}}, {"type": "Feature", "geometry": {"type": "LineString", "coordinates": [[-112.10834869707625, 33.49133328594038], [-112.10834869707625, 33.4913108109164], [-112.1083397139234, 33.4913108109164], [-112.1083397139234, 33.49133328594038], [-112.10834869707625, 33.49133328594038]]}, "properties": {"confidence": "high"}}, {"type": "Feature", "geometry": {"type": "LineString", "coordinates": [[-112.1130468860122, 33.491318302591715], [-112.1130468860122, 33.4913108109164], [-112.11303790285936, 33.4913108109164], [-112.11303790285936, 33.491318302591715], [-112.1130468860122, 33.491318302591715]]}, "properties": {"confidence": "high"}}, {"type": "Feature", "geometry": {"type": "LineString", "coordinates": [[-112.10966023739107, 33.491318302591715], [-112.10966023739107, 33.4913108109164], [-112.10965125423823, 33.4913108109164], [-112.10965125423823, 33.491318302591715], [-112.10966023739107, 33.491318302591715]]}, "properties": {"confidence": "high"}}, {"type": "Feature", "geometry": {"type": "LineString", "coordinates": [[-112.10924701236037, 33.491318302591715], [-112.10924701236037, 33.4913108109164], [-112.10923802920753, 33.4913108109164], [-112.10923802920753, 33.491318302591715], [-112.10924701236037, 33.491318302591715]]}, "properties": {"confidence": "high"}}, {"type": "Feature", "geometry": {"type": "LineString", "coordinates": [[-112.11305586916504, 33.4913108109164], [-112.11305586916504, 33.491303319240444], [-112.1130468860122, 33.491303319240444], [-112.1130468860122, 33.4913108109164], [-112.11305586916504, 33.4913108109164]]}, "properties": {"confidence": "high"}}, {"type": "Feature", "geometry": {"type": "LineString", "coordinates": [[-112.1096692205439, 33.4913108109164], [-112.1096692205439, 33.491303319240444], [-112.10966023739107, 33.491303319240444], [-112.10966023739107, 33.4913108109164], [-112.1096692205439, 33.4913108109164]]}, "properties": {"confidence": "high"}}, {"type": "Feature", "geometry": {"type": "LineString", "coordinates": [[-112.10925599551321, 33.4913108109164], [-112.10925599551321, 33.491303319240444], [-112.10924701236037, 33.491303319240444], [-112.10924701236037, 33.4913108109164], [-112.10925599551321, 33.4913108109164]]}, "properties": {"confidence": "high"}}, {"type": "Feature", "geometry": {"type": "LineString", "coordinates": [[-112.11301993655368, 33.491318302591715], [-112.11301993655368, 33.49129582756384], [-112.11301095340083, 33.49129582756384], [-112.11301095340083, 33.491318302591715], [-112.11301993655368, 33.491318302591715]]}, "properties": {"confidence": "high"}}, {"type": "Feature", "geometry": {"type": "LineString", "coordinates": [[-112.11306485231788, 33.491303319240444], [-112.11306485231788, 33.49129582756384], [-112.11305586916504, 33.49129582756384], [-112.11305586916504, 33.491303319240444], [-112.11306485231788, 33.491303319240444]]}, "properties": {"confidence": "high"}}, {"type": "Feature", "geometry": {"type": "LineString", "coordinates": [[-112.11132212066669, 33.491303319240444], [-112.11132212066669, 33.49129582756384], [-112.11130415436101, 33.49129582756384], [-112.11130415436101, 33.491303319240444], [-112.11132212066669, 33.491303319240444]]}, "properties": {"confidence": "high"}}, {"type": "Feature", "geometry": {"type": "LineString", "coordinates": [[-112.10967820369675, 33.491303319240444], [-112.10967820369675, 33.49129582756384], [-112.1096692205439, 33.49129582756384], [-112.1096692205439, 33.491303319240444], [-112.10967820369675, 33.491303319240444]]}, "properties": {"confidence": "high"}}, {"type": "Feature", "geometry": {"type": "LineString", "coordinates": [[-112.10926497866605, 33.491303319240444], [-112.10926497866605, 33.49129582756384], [-112.10925599551321, 33.49129582756384], [-112.10925599551321, 33.491303319240444], [-112.10926497866605, 33.491303319240444]]}, "properties": {"confidence": "high"}}, {"type": "Feature", "geometry": {"type": "LineString", "coordinates": [[-112.10835768022909, 33.4913108109164], [-112.10835768022909, 33.49128833588659], [-112.10834869707625, 33.49128833588659], [-112.10834869707625, 33.4913108109164], [-112.10835768022909, 33.4913108109164]]}, "properties": {"confidence": "high"}}, {"type": "Feature", "geometry": {"type": "LineString", "coordinates": [[-112.11307383547073, 33.49129582756384], [-112.11307383547073, 33.49128833588659], [-112.11306485231788, 33.49128833588659], [-112.11306485231788, 33.49129582756384], [-112.11307383547073, 33.49129582756384]]}, "properties": {"confidence": "high"}}, {"type": "Feature", "geometry": {"type": "LineString", "coordinates": [[-112.11301095340083, 33.49129582756384], [-112.11301095340083, 33.49128833588659], [-112.11300197024799, 33.49128833588659], [-112.11300197024799, 33.49129582756384], [-112.11301095340083, 33.49129582756384]]}, "properties": {"confidence": "high"}}, {"type": "Feature", "geometry": {"type": "LineString", "coordinates": [[-112.11265162728718, 33.49129582756384], [-112.11265162728718, 33.49128833588659], [-112.11240908216048, 33.49128833588659], [-112.11240908216048, 33.49129582756384], [-112.11265162728718, 33.49129582756384]]}, "properties": {"confidence": "high"}}, {"type": "Feature", "geometry": {"type": "LineString", "coordinates": [[-112.11177127830874, 33.49129582756384], [-112.11177127830874, 33.49128833588659], [-112.1116095815576, 33.49128833588659], [-112.1116095815576, 33.49129582756384], [-112.11177127830874, 33.49129582756384]]}, "properties": {"confidence": "high"}}, {"type": "Feature", "geometry": {"type": "LineString", "coordinates": [[-112.11159161525192, 33.49129582756384], [-112.11159161525192, 33.49128833588659], [-112.11152873318204, 33.49128833588659], [-112.11152873318204, 33.49129582756384], [-112.11159161525192, 33.49129582756384]]}, "properties": {"confidence": "high"}}, {"type": "Feature", "geometry": {"type": "LineString", "coordinates": [[-112.11142093534794, 33.49129582756384], [-112.11142093534794, 33.49128833588659], [-112.11132212066669, 33.49128833588659], [-112.11132212066669, 33.49129582756384], [-112.11142093534794, 33.49129582756384]]}, "properties": {"confidence": "high"}}, {"type": "Feature", "geometry": {"type": "LineString", "coordinates": [[-112.11130415436101, 33.49129582756384], [-112.11130415436101, 33.49128833588659], [-112.11121432283258, 33.49128833588659], [-112.11121432283258, 33.49129582756384], [-112.11130415436101, 33.49129582756384]]}, "properties": {"confidence": "high"}}, {"type": "Feature", "geometry": {"type": "LineString", "coordinates": [[-112.1096871868496, 33.49129582756384], [-112.1096871868496, 33.49128833588659], [-112.10967820369675, 33.49128833588659], [-112.10967820369675, 33.49129582756384], [-112.1096871868496, 33.49129582756384]]}, "properties": {"confidence": "high"}}, {"type": "Feature", "geometry": {"type": "LineString", "coordinates": [[-112.1092739618189, 33.49129582756384], [-112.1092739618189, 33.49128833588659], [-112.10926497866605, 33.49128833588659], [-112.10926497866605, 33.49129582756384], [-112.1092739618189, 33.49129582756384]]}, "properties": {"confidence": "high"}}, {"type": "Feature", "geometry": {"type": "LineString", "coordinates": [[-112.11310078492924, 33.49128833588659], [-112.11310078492924, 33.49128084420869], [-112.11307383547073, 33.49128084420869], [-112.11307383547073, 33.49128833588659], [-112.11310078492924, 33.49128833588659]]}, "properties": {"confidence": "high"}}, {"type": "Feature", "geometry": {"type": "LineString", "coordinates": [[-112.11240908216048, 33.49128833588659], [-112.11240908216048, 33.49128084420869], [-112.11177127830874, 33.49128084420869], [-112.11177127830874, 33.49128833588659], [-112.11240908216048, 33.49128833588659]]}, "properties": {"confidence": "high"}}, {"type": "Feature", "geometry": {"type": "LineString", "coordinates": [[-112.1116095815576, 33.49128833588659], [-112.1116095815576, 33.49128084420869], [-112.11159161525192, 33.49128084420869], [-112.11159161525192, 33.49128833588659], [-112.1116095815576, 33.49128833588659]]}, "properties": {"confidence": "high"}}, {"type": "Feature", "geometry": {"type": "LineString", "coordinates": [[-112.11152873318204, 33.49128833588659], [-112.11152873318204, 33.49128084420869], [-112.11142093534794, 33.49128084420869], [-112.11142093534794, 33.49128833588659], [-112.11152873318204, 33.49128833588659]]}, "properties": {"confidence": "high"}}, {"type": "Feature", "geometry": {"type": "LineString", "coordinates": [[-112.10970515315528, 33.49128833588659], [-112.10970515315528, 33.49128084420869], [-112.1096871868496, 33.49128084420869], [-112.1096871868496, 33.49128833588659], [-112.10970515315528, 33.49128833588659]]}, "properties": {"confidence": "high"}}, {"type": "Feature", "geometry": {"type": "LineString", "coordinates": [[-112.10928294497174, 33.49128833588659], [-112.10928294497174, 33.49128084420869], [-112.1092739618189, 33.49128084420869], [-112.1092739618189, 33.49128833588659], [-112.10928294497174, 33.49128833588659]]}, "properties": {"confidence": "high"}}, {"type": "Feature", "geometry": {"type": "LineString", "coordinates": [[-112.11311875123494, 33.49128084420869], [-112.11311875123494, 33.491273352530136], [-112.11310078492924, 33.491273352530136], [-112.11310078492924, 33.49128084420869], [-112.11311875123494, 33.49128084420869]]}, "properties": {"confidence": "high"}}, {"type": "Feature", "geometry": {"type": "LineString", "coordinates": [[-112.10971413630811, 33.49128084420869], [-112.10971413630811, 33.491273352530136], [-112.10970515315528, 33.491273352530136], [-112.10970515315528, 33.49128084420869], [-112.10971413630811, 33.49128084420869]]}, "properties": {"confidence": "high"}}, {"type": "Feature", "geometry": {"type": "LineString", "coordinates": [[-112.10929192812458, 33.49128084420869], [-112.10929192812458, 33.491273352530136], [-112.10928294497174, 33.491273352530136], [-112.10928294497174, 33.49128084420869], [-112.10929192812458, 33.49128084420869]]}, "properties": {"confidence": "high"}}, {"type": "Feature", "geometry": {"type": "LineString", "coordinates": [[-112.1097321026138, 33.491273352530136], [-112.1097321026138, 33.49126586085094], [-112.10971413630811, 33.49126586085094], [-112.10971413630811, 33.491273352530136], [-112.1097321026138, 33.491273352530136]]}, "properties": {"confidence": "high"}}, {"type": "Feature", "geometry": {"type": "LineString", "coordinates": [[-112.10930989443025, 33.491273352530136], [-112.10930989443025, 33.49126586085094], [-112.10929192812458, 33.49126586085094], [-112.10929192812458, 33.491273352530136], [-112.10930989443025, 33.491273352530136]]}, "properties": {"confidence": "high"}}, {"type": "Feature", "geometry": {"type": "LineString", "coordinates": [[-112.10974108576664, 33.49126586085094], [-112.10974108576664, 33.4912583691711], [-112.1097321026138, 33.4912583691711], [-112.1097321026138, 33.49126586085094], [-112.10974108576664, 33.49126586085094]]}, "properties": {"confidence": "high"}}, {"type": "Feature", "geometry": {"type": "LineString", "coordinates": [[-112.10931887758309, 33.49126586085094], [-112.10931887758309, 33.4912583691711], [-112.10930989443025, 33.4912583691711], [-112.10930989443025, 33.49126586085094], [-112.10931887758309, 33.49126586085094]]}, "properties": {"confidence": "high"}}, {"type": "Feature", "geometry": {"type": "LineString", "coordinates": [[-112.10836666338193, 33.49128833588659], [-112.10836666338193, 33.49125087749061], [-112.10835768022909, 33.49125087749061], [-112.10835768022909, 33.49128833588659], [-112.10836666338193, 33.49128833588659]]}, "properties": {"confidence": "high"}}, {"type": "Feature", "geometry": {"type": "LineString", "coordinates": [[-112.10975006891948, 33.4912583691711], [-112.10975006891948, 33.49125087749061], [-112.10974108576664, 33.49125087749061], [-112.10974108576664, 33.4912583691711], [-112.10975006891948, 33.4912583691711]]}, "properties": {"confidence": "high"}}, {"type": "Feature", "geometry": {"type": "LineString", "coordinates": [[-112.10932786073595, 33.4912583691711], [-112.10932786073595, 33.49125087749061], [-112.10931887758309, 33.49125087749061], [-112.10931887758309, 33.4912583691711], [-112.10932786073595, 33.4912583691711]]}, "properties": {"confidence": "high"}}, {"type": "Feature", "geometry": {"type": "LineString", "coordinates": [[-112.10975905207232, 33.49125087749061], [-112.10975905207232, 33.49124338580946], [-112.10975006891948, 33.49124338580946], [-112.10975006891948, 33.49125087749061], [-112.10975905207232, 33.49125087749061]]}, "properties": {"confidence": "high"}}, {"type": "Feature", "geometry": {"type": "LineString", "coordinates": [[-112.10933684388878, 33.49125087749061], [-112.10933684388878, 33.49124338580946], [-112.10932786073595, 33.49124338580946], [-112.10932786073595, 33.49125087749061], [-112.10933684388878, 33.49125087749061]]}, "properties": {"confidence": "high"}}, {"type": "Feature", "geometry": {"type": "LineString", "coordinates": [[-112.10976803522516, 33.49124338580946], [-112.10976803522516, 33.491235894127676], [-112.10975905207232, 33.491235894127676], [-112.10975905207232, 33.49124338580946], [-112.10976803522516, 33.49124338580946]]}, "properties": {"confidence": "high"}}, {"type": "Feature", "geometry": {"type": "LineString", "coordinates": [[-112.10934582704162, 33.49124338580946], [-112.10934582704162, 33.491235894127676], [-112.10933684388878, 33.491235894127676], [-112.10933684388878, 33.49124338580946], [-112.10934582704162, 33.49124338580946]]}, "properties": {"confidence": "high"}}, {"type": "Feature", "geometry": {"type": "LineString", "coordinates": [[-112.10978600153085, 33.491235894127676], [-112.10978600153085, 33.49122840244524], [-112.10976803522516, 33.49122840244524], [-112.10976803522516, 33.491235894127676], [-112.10978600153085, 33.491235894127676]]}, "properties": {"confidence": "high"}}, {"type": "Feature", "geometry": {"type": "LineString", "coordinates": [[-112.1093637933473, 33.491235894127676], [-112.1093637933473, 33.49122840244524], [-112.10934582704162, 33.49122840244524], [-112.10934582704162, 33.491235894127676], [-112.1093637933473, 33.491235894127676]]}, "properties": {"confidence": "high"}}, {"type": "Feature", "geometry": {"type": "LineString", "coordinates": [[-112.10979498468369, 33.49122840244524], [-112.10979498468369, 33.49122091076216], [-112.10978600153085, 33.49122091076216], [-112.10978600153085, 33.49122840244524], [-112.10979498468369, 33.49122840244524]]}, "properties": {"confidence": "high"}}, {"type": "Feature", "geometry": {"type": "LineString", "coordinates": [[-112.10937277650015, 33.49122840244524], [-112.10937277650015, 33.49122091076216], [-112.1093637933473, 33.49122091076216], [-112.1093637933473, 33.49122840244524], [-112.10937277650015, 33.49122840244524]]}, "properties": {"confidence": "high"}}, {"type": "Feature", "geometry": {"type": "LineString", "coordinates": [[-112.10981295098937, 33.49122091076216], [-112.10981295098937, 33.49121341907843], [-112.10979498468369, 33.49121341907843], [-112.10979498468369, 33.49122091076216], [-112.10981295098937, 33.49122091076216]]}, "properties": {"confidence": "high"}}, {"type": "Feature", "geometry": {"type": "LineString", "coordinates": [[-112.10938175965299, 33.49122091076216], [-112.10938175965299, 33.49121341907843], [-112.10937277650015, 33.49121341907843], [-112.10937277650015, 33.49122091076216], [-112.10938175965299, 33.49122091076216]]}, "properties": {"confidence": "high"}}, {"type": "Feature", "geometry": {"type": "LineString", "coordinates": [[-112.1098219341422, 33.49121341907843], [-112.1098219341422, 33.49120592739404], [-112.10981295098937, 33.49120592739404], [-112.10981295098937, 33.49121341907843], [-112.1098219341422, 33.49121341907843]]}, "properties": {"confidence": "high"}}, {"type": "Feature", "geometry": {"type": "LineString", "coordinates": [[-112.10939074280583, 33.49121341907843], [-112.10939074280583, 33.49120592739404], [-112.10938175965299, 33.49120592739404], [-112.10938175965299, 33.49121341907843], [-112.10939074280583, 33.49121341907843]]}, "properties": {"confidence": "high"}}, {"type": "Feature", "geometry": {"type": "LineString", "coordinates": [[-112.10983091729504, 33.49120592739404], [-112.10983091729504, 33.49119843570901], [-112.1098219341422, 33.49119843570901], [-112.1098219341422, 33.49120592739404], [-112.10983091729504, 33.49120592739404]]}, "properties": {"confidence": "high"}}, {"type": "Feature", "geometry": {"type": "LineString", "coordinates": [[-112.10939972595867, 33.49120592739404], [-112.10939972595867, 33.49119843570901], [-112.10939074280583, 33.49119843570901], [-112.10939074280583, 33.49120592739404], [-112.10939972595867, 33.49120592739404]]}, "properties": {"confidence": "high"}}, {"type": "Feature", "geometry": {"type": "LineString", "coordinates": [[-112.1098399004479, 33.49119843570901], [-112.1098399004479, 33.49119094402334], [-112.10983091729504, 33.49119094402334], [-112.10983091729504, 33.49119843570901], [-112.1098399004479, 33.49119843570901]]}, "properties": {"confidence": "high"}}, {"type": "Feature", "geometry": {"type": "LineString", "coordinates": [[-112.1094087091115, 33.49119843570901], [-112.1094087091115, 33.49119094402334], [-112.10939972595867, 33.49119094402334], [-112.10939972595867, 33.49119843570901], [-112.1094087091115, 33.49119843570901]]}, "properties": {"confidence": "high"}}, {"type": "Feature", "geometry": {"type": "LineString", "coordinates": [[-112.10985786675357, 33.49119094402334], [-112.10985786675357, 33.49118345233701], [-112.1098399004479, 33.49118345233701], [-112.1098399004479, 33.49119094402334], [-112.10985786675357, 33.49119094402334]]}, "properties": {"confidence": "high"}}, {"type": "Feature", "geometry": {"type": "LineString", "coordinates": [[-112.1094266754172, 33.49119094402334], [-112.1094266754172, 33.49118345233701], [-112.1094087091115, 33.49118345233701], [-112.1094087091115, 33.49119094402334], [-112.1094266754172, 33.49119094402334]]}, "properties": {"confidence": "high"}}, {"type": "Feature", "geometry": {"type": "LineString", "coordinates": [[-112.10986684990641, 33.49118345233701], [-112.10986684990641, 33.49117596065003], [-112.10985786675357, 33.49117596065003], [-112.10985786675357, 33.49118345233701], [-112.10986684990641, 33.49118345233701]]}, "properties": {"confidence": "high"}}, {"type": "Feature", "geometry": {"type": "LineString", "coordinates": [[-112.10943565857004, 33.49118345233701], [-112.10943565857004, 33.49117596065003], [-112.1094266754172, 33.49117596065003], [-112.1094266754172, 33.49118345233701], [-112.10943565857004, 33.49118345233701]]}, "properties": {"confidence": "high"}}, {"type": "Feature", "geometry": {"type": "LineString", "coordinates": [[-112.10987583305925, 33.49117596065003], [-112.10987583305925, 33.491168468962414], [-112.10986684990641, 33.491168468962414], [-112.10986684990641, 33.49117596065003], [-112.10987583305925, 33.49117596065003]]}, "properties": {"confidence": "high"}}, {"type": "Feature", "geometry": {"type": "LineString", "coordinates": [[-112.10944464172287, 33.49117596065003], [-112.10944464172287, 33.491168468962414], [-112.10943565857004, 33.491168468962414], [-112.10943565857004, 33.49117596065003], [-112.10944464172287, 33.49117596065003]]}, "properties": {"confidence": "high"}}, {"type": "Feature", "geometry": {"type": "LineString", "coordinates": [[-112.1098848162121, 33.491168468962414], [-112.1098848162121, 33.49116097727414], [-112.10987583305925, 33.49116097727414], [-112.10987583305925, 33.491168468962414], [-112.1098848162121, 33.491168468962414]]}, "properties": {"confidence": "high"}}, {"type": "Feature", "geometry": {"type": "LineString", "coordinates": [[-112.10945362487571, 33.491168468962414], [-112.10945362487571, 33.49116097727414], [-112.10944464172287, 33.49116097727414], [-112.10944464172287, 33.491168468962414], [-112.10945362487571, 33.491168468962414]]}, "properties": {"confidence": "high"}}, {"type": "Feature", "geometry": {"type": "LineString", "coordinates": [[-112.10990278251778, 33.49116097727414], [-112.10990278251778, 33.49115348558522], [-112.1098848162121, 33.49115348558522], [-112.1098848162121, 33.49116097727414], [-112.10990278251778, 33.49116097727414]]}, "properties": {"confidence": "high"}}, {"type": "Feature", "geometry": {"type": "LineString", "coordinates": [[-112.10946260802855, 33.49116097727414], [-112.10946260802855, 33.49115348558522], [-112.10945362487571, 33.49115348558522], [-112.10945362487571, 33.49116097727414], [-112.10946260802855, 33.49116097727414]]}, "properties": {"confidence": "high"}}, {"type": "Feature", "geometry": {"type": "LineString", "coordinates": [[-112.10991176567062, 33.49115348558522], [-112.10991176567062, 33.49114599389566], [-112.10990278251778, 33.49114599389566], [-112.10990278251778, 33.49115348558522], [-112.10991176567062, 33.49115348558522]]}, "properties": {"confidence": "high"}}, {"type": "Feature", "geometry": {"type": "LineString", "coordinates": [[-112.10947159118139, 33.49115348558522], [-112.10947159118139, 33.49114599389566], [-112.10946260802855, 33.49114599389566], [-112.10946260802855, 33.49115348558522], [-112.10947159118139, 33.49115348558522]]}, "properties": {"confidence": "high"}}, {"type": "Feature", "geometry": {"type": "LineString", "coordinates": [[-112.10992074882346, 33.49114599389566], [-112.10992074882346, 33.491138502205445], [-112.10991176567062, 33.491138502205445], [-112.10991176567062, 33.49114599389566], [-112.10992074882346, 33.49114599389566]]}, "properties": {"confidence": "high"}}, {"type": "Feature", "geometry": {"type": "LineString", "coordinates": [[-112.10948057433424, 33.49114599389566], [-112.10948057433424, 33.49113101051458], [-112.10947159118139, 33.49113101051458], [-112.10947159118139, 33.49114599389566], [-112.10948057433424, 33.49114599389566]]}, "properties": {"confidence": "high"}}, {"type": "Feature", "geometry": {"type": "LineString", "coordinates": [[-112.1099297319763, 33.491138502205445], [-112.1099297319763, 33.49113101051458], [-112.10992074882346, 33.49113101051458], [-112.10992074882346, 33.491138502205445], [-112.1099297319763, 33.491138502205445]]}, "properties": {"confidence": "high"}}, {"type": "Feature", "geometry": {"type": "LineString", "coordinates": [[-112.10994769828199, 33.49113101051458], [-112.10994769828199, 33.49112351882307], [-112.1099297319763, 33.49112351882307], [-112.1099297319763, 33.49113101051458], [-112.10994769828199, 33.49113101051458]]}, "properties": {"confidence": "high"}}, {"type": "Feature", "geometry": {"type": "LineString", "coordinates": [[-112.10948955748708, 33.49113101051458], [-112.10948955748708, 33.49112351882307], [-112.10948057433424, 33.49112351882307], [-112.10948057433424, 33.49113101051458], [-112.10948955748708, 33.49113101051458]]}, "properties": {"confidence": "high"}}, {"type": "Feature", "geometry": {"type": "LineString", "coordinates": [[-112.10995668143482, 33.49112351882307], [-112.10995668143482, 33.491116027130914], [-112.10994769828199, 33.491116027130914], [-112.10994769828199, 33.49112351882307], [-112.10995668143482, 33.49112351882307]]}, "properties": {"confidence": "high"}}, {"type": "Feature", "geometry": {"type": "LineString", "coordinates": [[-112.10949854063992, 33.49112351882307], [-112.10949854063992, 33.491116027130914], [-112.10948955748708, 33.491116027130914], [-112.10948955748708, 33.49112351882307], [-112.10949854063992, 33.49112351882307]]}, "properties": {"confidence": "high"}}, {"type": "Feature", "geometry": {"type": "LineString", "coordinates": [[-112.10996566458766, 33.491116027130914], [-112.10996566458766, 33.49110853543811], [-112.10995668143482, 33.49110853543811], [-112.10995668143482, 33.491116027130914], [-112.10996566458766, 33.491116027130914]]}, "properties": {"confidence": "high"}}, {"type": "Feature", "geometry": {"type": "LineString", "coordinates": [[-112.10950752379276, 33.491116027130914], [-112.10950752379276, 33.49110853543811], [-112.10949854063992, 33.49110853543811], [-112.10949854063992, 33.491116027130914], [-112.10950752379276, 33.491116027130914]]}, "properties": {"confidence": "high"}}, {"type": "Feature", "geometry": {"type": "LineString", "coordinates": [[-112.1099746477405, 33.49110853543811], [-112.1099746477405, 33.49110104374465], [-112.10996566458766, 33.49110104374465], [-112.10996566458766, 33.49110853543811], [-112.1099746477405, 33.49110853543811]]}, "properties": {"confidence": "high"}}, {"type": "Feature", "geometry": {"type": "LineString", "coordinates": [[-112.1095165069456, 33.49110853543811], [-112.1095165069456, 33.49110104374465], [-112.10950752379276, 33.49110104374465], [-112.10950752379276, 33.49110853543811], [-112.1095165069456, 33.49110853543811]]}, "properties": {"confidence": "high"}}, {"type": "Feature", "geometry": {"type": "LineString", "coordinates": [[-112.10837564653477, 33.49125087749061], [-112.10837564653477, 33.49109355205055], [-112.10836666338193, 33.49109355205055], [-112.10836666338193, 33.49125087749061], [-112.10837564653477, 33.49125087749061]]}, "properties": {"confidence": "high"}}, {"type": "Feature", "geometry": {"type": "LineString", "coordinates": [[-112.10999261404619, 33.49110104374465], [-112.10999261404619, 33.49109355205055], [-112.1099746477405, 33.49109355205055], [-112.1099746477405, 33.49110104374465], [-112.10999261404619, 33.49110104374465]]}, "properties": {"confidence": "high"}}, {"type": "Feature", "geometry": {"type": "LineString", "coordinates": [[-112.10952549009845, 33.49110104374465], [-112.10952549009845, 33.49108606035579], [-112.1095165069456, 33.49108606035579], [-112.1095165069456, 33.49110104374465], [-112.10952549009845, 33.49110104374465]]}, "properties": {"confidence": "high"}}, {"type": "Feature", "geometry": {"type": "LineString", "coordinates": [[-112.11000159719903, 33.49109355205055], [-112.11000159719903, 33.49108606035579], [-112.10999261404619, 33.49108606035579], [-112.10999261404619, 33.49109355205055], [-112.11000159719903, 33.49109355205055]]}, "properties": {"confidence": "high"}}, {"type": "Feature", "geometry": {"type": "LineString", "coordinates": [[-112.11001058035187, 33.49108606035579], [-112.11001058035187, 33.4910785686604], [-112.11000159719903, 33.4910785686604], [-112.11000159719903, 33.49108606035579], [-112.11001058035187, 33.49108606035579]]}, "properties": {"confidence": "high"}}, {"type": "Feature", "geometry": {"type": "LineString", "coordinates": [[-112.10953447325129, 33.49108606035579], [-112.10953447325129, 33.4910785686604], [-112.10952549009845, 33.4910785686604], [-112.10952549009845, 33.49108606035579], [-112.10953447325129, 33.49108606035579]]}, "properties": {"confidence": "high"}}, {"type": "Feature", "geometry": {"type": "LineString", "coordinates": [[-112.11002854665755, 33.4910785686604], [-112.11002854665755, 33.491071076964346], [-112.11001058035187, 33.491071076964346], [-112.11001058035187, 33.4910785686604], [-112.11002854665755, 33.4910785686604]]}, "properties": {"confidence": "high"}}, {"type": "Feature", "geometry": {"type": "LineString", "coordinates": [[-112.10954345640414, 33.4910785686604], [-112.10954345640414, 33.491071076964346], [-112.10953447325129, 33.491071076964346], [-112.10953447325129, 33.4910785686604], [-112.10954345640414, 33.4910785686604]]}, "properties": {"confidence": "high"}}, {"type": "Feature", "geometry": {"type": "LineString", "coordinates": [[-112.1100375298104, 33.491071076964346], [-112.1100375298104, 33.49106358526765], [-112.11002854665755, 33.49106358526765], [-112.11002854665755, 33.491071076964346], [-112.1100375298104, 33.491071076964346]]}, "properties": {"confidence": "high"}}, {"type": "Feature", "geometry": {"type": "LineString", "coordinates": [[-112.10955243955698, 33.491071076964346], [-112.10955243955698, 33.4910560935703], [-112.10954345640414, 33.4910560935703], [-112.10954345640414, 33.491071076964346], [-112.10955243955698, 33.491071076964346]]}, "properties": {"confidence": "high"}}, {"type": "Feature", "geometry": {"type": "LineString", "coordinates": [[-112.11004651296324, 33.49106358526765], [-112.11004651296324, 33.4910560935703], [-112.1100375298104, 33.4910560935703], [-112.1100375298104, 33.49106358526765], [-112.11004651296324, 33.49106358526765]]}, "properties": {"confidence": "high"}}, {"type": "Feature", "geometry": {"type": "LineString", "coordinates": [[-112.11055855267519, 33.49146813596173], [-112.11055855267519, 33.49104860187231], [-112.11054956952233, 33.49104860187231], [-112.11054956952233, 33.49146813596173], [-112.11055855267519, 33.49146813596173]]}, "properties": {"confidence": "high"}}, {"type": "Feature", "geometry": {"type": "LineString", "coordinates": [[-112.11005549611608, 33.4910560935703], [-112.11005549611608, 33.49104860187231], [-112.11004651296324, 33.49104860187231], [-112.11004651296324, 33.4910560935703], [-112.11005549611608, 33.4910560935703]]}, "properties": {"confidence": "high"}}, {"type": "Feature", "geometry": {"type": "LineString", "coordinates": [[-112.11006447926891, 33.49104860187231], [-112.11006447926891, 33.49104111017367], [-112.11005549611608, 33.49104111017367], [-112.11005549611608, 33.49104860187231], [-112.11006447926891, 33.49104860187231]]}, "properties": {"confidence": "high"}}, {"type": "Feature", "geometry": {"type": "LineString", "coordinates": [[-112.10956142270982, 33.4910560935703], [-112.10956142270982, 33.49103361847438], [-112.10955243955698, 33.49103361847438], [-112.10955243955698, 33.4910560935703], [-112.10956142270982, 33.4910560935703]]}, "properties": {"confidence": "high"}}, {"type": "Feature", "geometry": {"type": "LineString", "coordinates": [[-112.11008244557459, 33.49104111017367], [-112.11008244557459, 33.49103361847438], [-112.11006447926891, 33.49103361847438], [-112.11006447926891, 33.49104111017367], [-112.11008244557459, 33.49104111017367]]}, "properties": {"confidence": "high"}}, {"type": "Feature", "geometry": {"type": "LineString", "coordinates": [[-112.11009142872744, 33.49103361847438], [-112.11009142872744, 33.49102612677445], [-112.11008244557459, 33.49102612677445], [-112.11008244557459, 33.49103361847438], [-112.11009142872744, 33.49103361847438]]}, "properties": {"confidence": "high"}}, {"type": "Feature", "geometry": {"type": "LineString", "coordinates": [[-112.11010939503313, 33.49102612677445], [-112.11010939503313, 33.491018635073864], [-112.11009142872744, 33.491018635073864], [-112.11009142872744, 33.49102612677445], [-112.11010939503313, 33.49102612677445]]}, "properties": {"confidence": "high"}}, {"type": "Feature", "geometry": {"type": "LineString", "coordinates": [[-112.11011837818597, 33.491018635073864], [-112.11011837818597, 33.491011143372624], [-112.11010939503313, 33.491011143372624], [-112.11010939503313, 33.491018635073864], [-112.11011837818597, 33.491018635073864]]}, "properties": {"confidence": "high"}}, {"type": "Feature", "geometry": {"type": "LineString", "coordinates": [[-112.10957040586266, 33.49103361847438], [-112.10957040586266, 33.491018635073864], [-112.10959735532118, 33.491018635073864], [-112.10959735532118, 33.491011143372624], [-112.10956142270982, 33.491011143372624], [-112.10956142270982, 33.49103361847438], [-112.10957040586266, 33.49103361847438]]}, "properties": {"confidence": "high"}}, {"type": "Feature", "geometry": {"type": "LineString", "coordinates": [[-112.11013634449165, 33.491011143372624], [-112.11013634449165, 33.491003651670745], [-112.11011837818597, 33.491003651670745], [-112.11011837818597, 33.491011143372624], [-112.11013634449165, 33.491011143372624]]}, "properties": {"confidence": "high"}}, {"type": "Feature", "geometry": {"type": "LineString", "coordinates": [[-112.10963328793255, 33.491011143372624], [-112.10963328793255, 33.491003651670745], [-112.10959735532118, 33.491003651670745], [-112.10959735532118, 33.491011143372624], [-112.10963328793255, 33.491011143372624]]}, "properties": {"confidence": "high"}}, {"type": "Feature", "geometry": {"type": "LineString", "coordinates": [[-112.10956142270982, 33.491011143372624], [-112.10956142270982, 33.491003651670745], [-112.10955243955698, 33.491003651670745], [-112.10955243955698, 33.491011143372624], [-112.10956142270982, 33.491011143372624]]}, "properties": {"confidence": "high"}}, {"type": "Feature", "geometry": {"type": "LineString", "coordinates": [[-112.1083846296876, 33.49109355205055], [-112.1083846296876, 33.49099615996821], [-112.10837564653477, 33.49099615996821], [-112.10837564653477, 33.49109355205055], [-112.1083846296876, 33.49109355205055]]}, "properties": {"confidence": "high"}}, {"type": "Feature", "geometry": {"type": "LineString", "coordinates": [[-112.1101453276445, 33.491003651670745], [-112.1101453276445, 33.49099615996821], [-112.11013634449165, 33.49099615996821], [-112.11013634449165, 33.491003651670745], [-112.1101453276445, 33.491003651670745]]}, "properties": {"confidence": "high"}}, {"type": "Feature", "geometry": {"type": "LineString", "coordinates": [[-112.10965125423823, 33.491003651670745], [-112.10965125423823, 33.49099615996821], [-112.10963328793255, 33.49099615996821], [-112.10963328793255, 33.491003651670745], [-112.10965125423823, 33.491003651670745]]}, "properties": {"confidence": "high"}}, {"type": "Feature", "geometry": {"type": "LineString", "coordinates": [[-112.10955243955698, 33.491003651670745], [-112.10955243955698, 33.49099615996821], [-112.10954345640414, 33.49099615996821], [-112.10954345640414, 33.491003651670745], [-112.10955243955698, 33.491003651670745]]}, "properties": {"confidence": "high"}}, {"type": "Feature", "geometry": {"type": "LineString", "coordinates": [[-112.11015431079734, 33.49099615996821], [-112.11015431079734, 33.49098866826505], [-112.1101453276445, 33.49098866826505], [-112.1101453276445, 33.49099615996821], [-112.11015431079734, 33.49099615996821]]}, "properties": {"confidence": "high"}}, {"type": "Feature", "geometry": {"type": "LineString", "coordinates": [[-112.1096692205439, 33.49099615996821], [-112.1096692205439, 33.49098866826505], [-112.10965125423823, 33.49098866826505], [-112.10965125423823, 33.49099615996821], [-112.1096692205439, 33.49099615996821]]}, "properties": {"confidence": "high"}}, {"type": "Feature", "geometry": {"type": "LineString", "coordinates": [[-112.10954345640414, 33.49099615996821], [-112.10954345640414, 33.49098866826505], [-112.10953447325129, 33.49098866826505], [-112.10953447325129, 33.49099615996821], [-112.10954345640414, 33.49099615996821]]}, "properties": {"confidence": "high"}}, {"type": "Feature", "geometry": {"type": "LineString", "coordinates": [[-112.11016329395018, 33.49098866826505], [-112.11016329395018, 33.49098117656122], [-112.11015431079734, 33.49098117656122], [-112.11015431079734, 33.49098866826505], [-112.11016329395018, 33.49098866826505]]}, "properties": {"confidence": "high"}}, {"type": "Feature", "geometry": {"type": "LineString", "coordinates": [[-112.1096871868496, 33.49098866826505], [-112.1096871868496, 33.49098117656122], [-112.1096692205439, 33.49098117656122], [-112.1096692205439, 33.49098866826505], [-112.1096871868496, 33.49098866826505]]}, "properties": {"confidence": "high"}}, {"type": "Feature", "geometry": {"type": "LineString", "coordinates": [[-112.10953447325129, 33.49098866826505], [-112.10953447325129, 33.49098117656122], [-112.1095165069456, 33.49098117656122], [-112.1095165069456, 33.49098866826505], [-112.10953447325129, 33.49098866826505]]}, "properties": {"confidence": "high"}}, {"type": "Feature", "geometry": {"type": "LineString", "coordinates": [[-112.11017227710302, 33.49098117656122], [-112.11017227710302, 33.49097368485674], [-112.11016329395018, 33.49097368485674], [-112.11016329395018, 33.49098117656122], [-112.11017227710302, 33.49098117656122]]}, "properties": {"confidence": "high"}}, {"type": "Feature", "geometry": {"type": "LineString", "coordinates": [[-112.10970515315528, 33.49098117656122], [-112.10970515315528, 33.49097368485674], [-112.1096871868496, 33.49097368485674], [-112.1096871868496, 33.49098117656122], [-112.10970515315528, 33.49098117656122]]}, "properties": {"confidence": "high"}}, {"type": "Feature", "geometry": {"type": "LineString", "coordinates": [[-112.1095165069456, 33.49098117656122], [-112.1095165069456, 33.49097368485674], [-112.10948955748708, 33.49097368485674], [-112.10948955748708, 33.49098117656122], [-112.1095165069456, 33.49098117656122]]}, "properties": {"confidence": "high"}}, {"type": "Feature", "geometry": {"type": "LineString", "coordinates": [[-112.11018126025586, 33.49097368485674], [-112.11018126025586, 33.49096619315162], [-112.11017227710302, 33.49096619315162], [-112.11017227710302, 33.49097368485674], [-112.11018126025586, 33.49097368485674]]}, "properties": {"confidence": "high"}}, {"type": "Feature", "geometry": {"type": "LineString", "coordinates": [[-112.10972311946095, 33.49097368485674], [-112.10972311946095, 33.49096619315162], [-112.10970515315528, 33.49096619315162], [-112.10970515315528, 33.49097368485674], [-112.10972311946095, 33.49097368485674]]}, "properties": {"confidence": "high"}}, {"type": "Feature", "geometry": {"type": "LineString", "coordinates": [[-112.10948955748708, 33.49097368485674], [-112.10948955748708, 33.49096619315162], [-112.10946260802855, 33.49096619315162], [-112.10946260802855, 33.49097368485674], [-112.10948955748708, 33.49097368485674]]}, "properties": {"confidence": "high"}}, {"type": "Feature", "geometry": {"type": "LineString", "coordinates": [[-112.10839361284044, 33.49099615996821], [-112.10839361284044, 33.49097368485674], [-112.10851937698024, 33.49097368485674], [-112.10851937698024, 33.49096619315162], [-112.1083846296876, 33.49096619315162], [-112.1083846296876, 33.49099615996821], [-112.10839361284044, 33.49099615996821]]}, "properties": {"confidence": "high"}}, {"type": "Feature", "geometry": {"type": "LineString", "coordinates": [[-112.1101902434087, 33.49096619315162], [-112.1101902434087, 33.490958701445855], [-112.11018126025586, 33.490958701445855], [-112.11018126025586, 33.49096619315162], [-112.1101902434087, 33.49096619315162]]}, "properties": {"confidence": "high"}}, {"type": "Feature", "geometry": {"type": "LineString", "coordinates": [[-112.10974108576664, 33.49096619315162], [-112.10974108576664, 33.490958701445855], [-112.10972311946095, 33.490958701445855], [-112.10972311946095, 33.49096619315162], [-112.10974108576664, 33.49096619315162]]}, "properties": {"confidence": "high"}}, {"type": "Feature", "geometry": {"type": "LineString", "coordinates": [[-112.10946260802855, 33.49096619315162], [-112.10946260802855, 33.490958701445855], [-112.10944464172287, 33.490958701445855], [-112.10944464172287, 33.49096619315162], [-112.10946260802855, 33.49096619315162]]}, "properties": {"confidence": "high"}}, {"type": "Feature", "geometry": {"type": "LineString", "coordinates": [[-112.10929192812458, 33.49096619315162], [-112.10929192812458, 33.490958701445855], [-112.10917514713765, 33.490958701445855], [-112.10917514713765, 33.49096619315162], [-112.10929192812458, 33.49096619315162]]}, "properties": {"confidence": "high"}}, {"type": "Feature", "geometry": {"type": "LineString", "coordinates": [[-112.10910328191491, 33.49096619315162], [-112.10910328191491, 33.490958701445855], [-112.1089056525524, 33.490958701445855], [-112.1089056525524, 33.49096619315162], [-112.10910328191491, 33.49096619315162]]}, "properties": {"confidence": "high"}}, {"type": "Feature", "geometry": {"type": "LineString", "coordinates": [[-112.10858225905012, 33.49096619315162], [-112.10858225905012, 33.490958701445855], [-112.10851937698024, 33.490958701445855], [-112.10851937698024, 33.49096619315162], [-112.10858225905012, 33.49096619315162]]}, "properties": {"confidence": "high"}}, {"type": "Feature", "geometry": {"type": "LineString", "coordinates": [[-112.11019922656155, 33.490958701445855], [-112.11019922656155, 33.49095120973943], [-112.1101902434087, 33.49095120973943], [-112.1101902434087, 33.490958701445855], [-112.11019922656155, 33.490958701445855]]}, "properties": {"confidence": "high"}}, {"type": "Feature", "geometry": {"type": "LineString", "coordinates": [[-112.10975006891948, 33.490958701445855], [-112.10975006891948, 33.49095120973943], [-112.10974108576664, 33.49095120973943], [-112.10974108576664, 33.490958701445855], [-112.10975006891948, 33.490958701445855]]}, "properties": {"confidence": "high"}}, {"type": "Feature", "geometry": {"type": "LineString", "coordinates": [[-112.10944464172287, 33.490958701445855], [-112.10944464172287, 33.49095120973943], [-112.10929192812458, 33.49095120973943], [-112.10929192812458, 33.490958701445855], [-112.10944464172287, 33.490958701445855]]}, "properties": {"confidence": "high"}}, {"type": "Feature", "geometry": {"type": "LineString", "coordinates": [[-112.10917514713765, 33.490958701445855], [-112.10917514713765, 33.49095120973943], [-112.10910328191491, 33.49095120973943], [-112.10910328191491, 33.490958701445855], [-112.10917514713765, 33.490958701445855]]}, "properties": {"confidence": "high"}}, {"type": "Feature", "geometry": {"type": "LineString", "coordinates": [[-112.1089056525524, 33.490958701445855], [-112.1089056525524, 33.49095120973943], [-112.10858225905012, 33.49095120973943], [-112.10858225905012, 33.490958701445855], [-112.1089056525524, 33.490958701445855]]}, "properties": {"confidence": "high"}}, {"type": "Feature", "geometry": {"type": "LineString", "coordinates": [[-112.11021719286722, 33.49095120973943], [-112.11021719286722, 33.49094371803237], [-112.11019922656155, 33.49094371803237], [-112.11019922656155, 33.49095120973943], [-112.11021719286722, 33.49095120973943]]}, "properties": {"confidence": "high"}}, {"type": "Feature", "geometry": {"type": "LineString", "coordinates": [[-112.10976803522516, 33.49095120973943], [-112.10976803522516, 33.49094371803237], [-112.10975006891948, 33.49094371803237], [-112.10975006891948, 33.49095120973943], [-112.10976803522516, 33.49095120973943]]}, "properties": {"confidence": "high"}}, {"type": "Feature", "geometry": {"type": "LineString", "coordinates": [[-112.11022617602006, 33.49094371803237], [-112.11022617602006, 33.490936226324656], [-112.11021719286722, 33.490936226324656], [-112.11021719286722, 33.49094371803237], [-112.11022617602006, 33.49094371803237]]}, "properties": {"confidence": "high"}}, {"type": "Feature", "geometry": {"type": "LineString", "coordinates": [[-112.109777018378, 33.49094371803237], [-112.109777018378, 33.490936226324656], [-112.10976803522516, 33.490936226324656], [-112.10976803522516, 33.49094371803237], [-112.109777018378, 33.49094371803237]]}, "properties": {"confidence": "high"}}, {"type": "Feature", "geometry": {"type": "LineString", "coordinates": [[-112.1102351591729, 33.490936226324656], [-112.1102351591729, 33.49092873461628], [-112.11022617602006, 33.49092873461628], [-112.11022617602006, 33.490936226324656], [-112.1102351591729, 33.490936226324656]]}, "properties": {"confidence": "high"}}, {"type": "Feature", "geometry": {"type": "LineString", "coordinates": [[-112.10979498468369, 33.490936226324656], [-112.10979498468369, 33.49092873461628], [-112.109777018378, 33.49092873461628], [-112.109777018378, 33.490936226324656], [-112.10979498468369, 33.490936226324656]]}, "properties": {"confidence": "high"}}, {"type": "Feature", "geometry": {"type": "LineString", "coordinates": [[-112.11054956952233, 33.49104860187231], [-112.11054956952233, 33.49092124290728], [-112.1105405863695, 33.49092124290728], [-112.1105405863695, 33.49104860187231], [-112.11054956952233, 33.49104860187231]]}, "properties": {"confidence": "high"}}, {"type": "Feature", "geometry": {"type": "LineString", "coordinates": [[-112.1102531254786, 33.49092873461628], [-112.1102531254786, 33.49092124290728], [-112.1102351591729, 33.49092124290728], [-112.1102351591729, 33.49092873461628], [-112.1102531254786, 33.49092873461628]]}, "properties": {"confidence": "high"}}, {"type": "Feature", "geometry": {"type": "LineString", "coordinates": [[-112.10981295098937, 33.49092873461628], [-112.10981295098937, 33.49092124290728], [-112.10979498468369, 33.49092124290728], [-112.10979498468369, 33.49092873461628], [-112.10981295098937, 33.49092873461628]]}, "properties": {"confidence": "high"}}, {"type": "Feature", "geometry": {"type": "LineString", "coordinates": [[-112.11026210863143, 33.49092124290728], [-112.11026210863143, 33.490913751197624], [-112.1102531254786, 33.490913751197624], [-112.1102531254786, 33.49092124290728], [-112.11026210863143, 33.49092124290728]]}, "properties": {"confidence": "high"}}, {"type": "Feature", "geometry": {"type": "LineString", "coordinates": [[-112.1098219341422, 33.49092124290728], [-112.1098219341422, 33.490913751197624], [-112.10981295098937, 33.490913751197624], [-112.10981295098937, 33.49092124290728], [-112.1098219341422, 33.49092124290728]]}, "properties": {"confidence": "high"}}, {"type": "Feature", "geometry": {"type": "LineString", "coordinates": [[-112.11027109178427, 33.490913751197624], [-112.11027109178427, 33.49090625948731], [-112.11026210863143, 33.49090625948731], [-112.11026210863143, 33.490913751197624], [-112.11027109178427, 33.490913751197624]]}, "properties": {"confidence": "high"}}, {"type": "Feature", "geometry": {"type": "LineString", "coordinates": [[-112.1098399004479, 33.490913751197624], [-112.1098399004479, 33.49090625948731], [-112.1098219341422, 33.49090625948731], [-112.1098219341422, 33.490913751197624], [-112.1098399004479, 33.490913751197624]]}, "properties": {"confidence": "high"}}, {"type": "Feature", "geometry": {"type": "LineString", "coordinates": [[-112.10740546602793, 33.490913751197624], [-112.10740546602793, 33.49090625948731], [-112.10737851656941, 33.49090625948731], [-112.10737851656941, 33.490913751197624], [-112.10740546602793, 33.490913751197624]]}, "properties": {"confidence": "high"}}, {"type": "Feature", "geometry": {"type": "LineString", "coordinates": [[-112.10731563449951, 33.490913751197624], [-112.10731563449951, 33.49090625948731], [-112.10715393774836, 33.49090625948731], [-112.10715393774836, 33.490913751197624], [-112.10731563449951, 33.490913751197624]]}, "properties": {"confidence": "high"}}, {"type": "Feature", "geometry": {"type": "LineString", "coordinates": [[-112.1070730893728, 33.490913751197624], [-112.1070730893728, 33.49090625948731], [-112.10698325784439, 33.49090625948731], [-112.10698325784439, 33.490913751197624], [-112.1070730893728, 33.490913751197624]]}, "properties": {"confidence": "high"}}, {"type": "Feature", "geometry": {"type": "LineString", "coordinates": [[-112.10694732523302, 33.490913751197624], [-112.10694732523302, 33.49090625948731], [-112.10667783064778, 33.49090625948731], [-112.10667783064778, 33.490913751197624], [-112.10694732523302, 33.490913751197624]]}, "properties": {"confidence": "high"}}, {"type": "Feature", "geometry": {"type": "LineString", "coordinates": [[-112.11028007493711, 33.49090625948731], [-112.11028007493711, 33.49089876777636], [-112.11027109178427, 33.49089876777636], [-112.11027109178427, 33.49090625948731], [-112.11028007493711, 33.49090625948731]]}, "properties": {"confidence": "high"}}, {"type": "Feature", "geometry": {"type": "LineString", "coordinates": [[-112.10984888360073, 33.49090625948731], [-112.10984888360073, 33.49089876777636], [-112.1098399004479, 33.49089876777636], [-112.1098399004479, 33.49090625948731], [-112.10984888360073, 33.49090625948731]]}, "properties": {"confidence": "high"}}, {"type": "Feature", "geometry": {"type": "LineString", "coordinates": [[-112.10793547204555, 33.49090625948731], [-112.10793547204555, 33.49089876777636], [-112.10740546602793, 33.49089876777636], [-112.10740546602793, 33.49090625948731], [-112.10793547204555, 33.49090625948731]]}, "properties": {"confidence": "high"}}, {"type": "Feature", "geometry": {"type": "LineString", "coordinates": [[-112.10737851656941, 33.49090625948731], [-112.10737851656941, 33.49089876777636], [-112.10731563449951, 33.49089876777636], [-112.10731563449951, 33.49090625948731], [-112.10737851656941, 33.49090625948731]]}, "properties": {"confidence": "high"}}, {"type": "Feature", "geometry": {"type": "LineString", "coordinates": [[-112.10715393774836, 33.49090625948731], [-112.10715393774836, 33.49089876777636], [-112.1070730893728, 33.49089876777636], [-112.1070730893728, 33.49090625948731], [-112.10715393774836, 33.49090625948731]]}, "properties": {"confidence": "high"}}, {"type": "Feature", "geometry": {"type": "LineString", "coordinates": [[-112.10698325784439, 33.49090625948731], [-112.10698325784439, 33.49089876777636], [-112.10694732523302, 33.49089876777636], [-112.10694732523302, 33.49090625948731], [-112.10698325784439, 33.49090625948731]]}, "properties": {"confidence": "high"}}, {"type": "Feature", "geometry": {"type": "LineString", "coordinates": [[-112.10667783064778, 33.49090625948731], [-112.10667783064778, 33.49089876777636], [-112.10664189803641, 33.49089876777636], [-112.10664189803641, 33.49090625948731], [-112.10667783064778, 33.49090625948731]]}, "properties": {"confidence": "high"}}, {"type": "Feature", "geometry": {"type": "LineString", "coordinates": [[-112.1102980412428, 33.49089876777636], [-112.1102980412428, 33.49089127606476], [-112.11028007493711, 33.49089127606476], [-112.11028007493711, 33.49089876777636], [-112.1102980412428, 33.49089876777636]]}, "properties": {"confidence": "high"}}, {"type": "Feature", "geometry": {"type": "LineString", "coordinates": [[-112.10986684990641, 33.49089876777636], [-112.10986684990641, 33.49089127606476], [-112.10984888360073, 33.49089127606476], [-112.10984888360073, 33.49089876777636], [-112.10986684990641, 33.49089876777636]]}, "properties": {"confidence": "high"}}, {"type": "Feature", "geometry": {"type": "LineString", "coordinates": [[-112.1080971687967, 33.49089876777636], [-112.1080971687967, 33.49089127606476], [-112.10793547204555, 33.49089127606476], [-112.10793547204555, 33.49089876777636], [-112.1080971687967, 33.49089876777636]]}, "properties": {"confidence": "high"}}, {"type": "Feature", "geometry": {"type": "LineString", "coordinates": [[-112.11030702439564, 33.49089127606476], [-112.11030702439564, 33.490883784352505], [-112.1102980412428, 33.490883784352505], [-112.1102980412428, 33.49089127606476], [-112.11030702439564, 33.49089127606476]]}, "properties": {"confidence": "high"}}, {"type": "Feature", "geometry": {"type": "LineString", "coordinates": [[-112.10987583305925, 33.49089127606476], [-112.10987583305925, 33.490883784352505], [-112.10986684990641, 33.490883784352505], [-112.10986684990641, 33.49089127606476], [-112.10987583305925, 33.49089127606476]]}, "properties": {"confidence": "high"}}, {"type": "Feature", "geometry": {"type": "LineString", "coordinates": [[-112.10815106771375, 33.49089127606476], [-112.10815106771375, 33.490883784352505], [-112.1080971687967, 33.490883784352505], [-112.1080971687967, 33.49089127606476], [-112.10815106771375, 33.49089127606476]]}, "properties": {"confidence": "high"}}, {"type": "Feature", "geometry": {"type": "LineString", "coordinates": [[-112.11321756591617, 33.490883784352505], [-112.11321756591617, 33.4908762926396], [-112.11320858276333, 33.4908762926396], [-112.11320858276333, 33.490883784352505], [-112.11321756591617, 33.490883784352505]]}, "properties": {"confidence": "high"}}, {"type": "Feature", "geometry": {"type": "LineString", "coordinates": [[-112.11031600754848, 33.490883784352505], [-112.11031600754848, 33.4908762926396], [-112.11030702439564, 33.4908762926396], [-112.11030702439564, 33.490883784352505], [-112.11031600754848, 33.490883784352505]]}, "properties": {"confidence": "high"}}, {"type": "Feature", "geometry": {"type": "LineString", "coordinates": [[-112.10989379936494, 33.490883784352505], [-112.10989379936494, 33.4908762926396], [-112.10987583305925, 33.4908762926396], [-112.10987583305925, 33.490883784352505], [-112.10989379936494, 33.490883784352505]]}, "properties": {"confidence": "high"}}, {"type": "Feature", "geometry": {"type": "LineString", "coordinates": [[-112.11320858276333, 33.4908762926396], [-112.11320858276333, 33.49086880092605], [-112.11318163330482, 33.49086880092605], [-112.11318163330482, 33.4908762926396], [-112.11320858276333, 33.4908762926396]]}, "properties": {"confidence": "high"}}, {"type": "Feature", "geometry": {"type": "LineString", "coordinates": [[-112.11032499070132, 33.4908762926396], [-112.11032499070132, 33.49086880092605], [-112.11031600754848, 33.49086880092605], [-112.11031600754848, 33.4908762926396], [-112.11032499070132, 33.4908762926396]]}, "properties": {"confidence": "high"}}, {"type": "Feature", "geometry": {"type": "LineString", "coordinates": [[-112.10990278251778, 33.4908762926396], [-112.10990278251778, 33.49086880092605], [-112.10989379936494, 33.49086880092605], [-112.10989379936494, 33.4908762926396], [-112.10990278251778, 33.4908762926396]]}, "properties": {"confidence": "high"}}, {"type": "Feature", "geometry": {"type": "LineString", "coordinates": [[-112.11318163330482, 33.49086880092605], [-112.11318163330482, 33.49086130921186], [-112.11317265015198, 33.49086130921186], [-112.11317265015198, 33.49086880092605], [-112.11318163330482, 33.49086880092605]]}, "properties": {"confidence": "high"}}, {"type": "Feature", "geometry": {"type": "LineString", "coordinates": [[-112.11033397385415, 33.49086880092605], [-112.11033397385415, 33.49086130921186], [-112.11032499070132, 33.49086130921186], [-112.11032499070132, 33.49086880092605], [-112.11033397385415, 33.49086880092605]]}, "properties": {"confidence": "high"}}, {"type": "Feature", "geometry": {"type": "LineString", "coordinates": [[-112.10992074882346, 33.49086880092605], [-112.10992074882346, 33.49086130921186], [-112.10990278251778, 33.49086130921186], [-112.10990278251778, 33.49086880092605], [-112.10992074882346, 33.49086880092605]]}, "properties": {"confidence": "high"}}, {"type": "Feature", "geometry": {"type": "LineString", "coordinates": [[-112.11317265015198, 33.49086130921186], [-112.11317265015198, 33.49085381749701], [-112.11316366699913, 33.49085381749701], [-112.11316366699913, 33.49086130921186], [-112.11317265015198, 33.49086130921186]]}, "properties": {"confidence": "high"}}, {"type": "Feature", "geometry": {"type": "LineString", "coordinates": [[-112.11034295700699, 33.49086130921186], [-112.11034295700699, 33.49085381749701], [-112.11033397385415, 33.49085381749701], [-112.11033397385415, 33.49086130921186], [-112.11034295700699, 33.49086130921186]]}, "properties": {"confidence": "high"}}, {"type": "Feature", "geometry": {"type": "LineString", "coordinates": [[-112.1099297319763, 33.49086130921186], [-112.1099297319763, 33.49085381749701], [-112.10992074882346, 33.49085381749701], [-112.10992074882346, 33.49086130921186], [-112.1099297319763, 33.49086130921186]]}, "properties": {"confidence": "high"}}, {"type": "Feature", "geometry": {"type": "LineString", "coordinates": [[-112.11316366699913, 33.49085381749701], [-112.11316366699913, 33.49084632578152], [-112.11315468384629, 33.49084632578152], [-112.11315468384629, 33.49085381749701], [-112.11316366699913, 33.49085381749701]]}, "properties": {"confidence": "high"}}, {"type": "Feature", "geometry": {"type": "LineString", "coordinates": [[-112.11035194015984, 33.49085381749701], [-112.11035194015984, 33.49084632578152], [-112.11034295700699, 33.49084632578152], [-112.11034295700699, 33.49085381749701], [-112.11035194015984, 33.49085381749701]]}, "properties": {"confidence": "high"}}, {"type": "Feature", "geometry": {"type": "LineString", "coordinates": [[-112.10994769828199, 33.49085381749701], [-112.10994769828199, 33.49084632578152], [-112.1099297319763, 33.49084632578152], [-112.1099297319763, 33.49085381749701], [-112.10994769828199, 33.49085381749701]]}, "properties": {"confidence": "high"}}, {"type": "Feature", "geometry": {"type": "LineString", "coordinates": [[-112.11315468384629, 33.49084632578152], [-112.11315468384629, 33.49083883406538], [-112.11314570069345, 33.49083883406538], [-112.11314570069345, 33.49084632578152], [-112.11315468384629, 33.49084632578152]]}, "properties": {"confidence": "high"}}, {"type": "Feature", "geometry": {"type": "LineString", "coordinates": [[-112.11036990646552, 33.49084632578152], [-112.11036990646552, 33.49083883406538], [-112.11035194015984, 33.49083883406538], [-112.11035194015984, 33.49084632578152], [-112.11036990646552, 33.49084632578152]]}, "properties": {"confidence": "high"}}, {"type": "Feature", "geometry": {"type": "LineString", "coordinates": [[-112.10995668143482, 33.49084632578152], [-112.10995668143482, 33.49083883406538], [-112.10994769828199, 33.49083883406538], [-112.10994769828199, 33.49084632578152], [-112.10995668143482, 33.49084632578152]]}, "properties": {"confidence": "high"}}, {"type": "Feature", "geometry": {"type": "LineString", "coordinates": [[-112.1083846296876, 33.49096619315162], [-112.1083846296876, 33.49083134234859], [-112.10837564653477, 33.49083134234859], [-112.10837564653477, 33.49089127606476], [-112.10826784870068, 33.49089127606476], [-112.10826784870068, 33.49089876777636], [-112.10837564653477, 33.49089876777636], [-112.10837564653477, 33.49096619315162], [-112.1083846296876, 33.49096619315162]]}, "properties": {"confidence": "high"}}, {"type": "Feature", "geometry": {"type": "LineString", "coordinates": [[-112.11314570069345, 33.49083883406538], [-112.11314570069345, 33.49083134234859], [-112.11313671754061, 33.49083134234859], [-112.11313671754061, 33.49083883406538], [-112.11314570069345, 33.49083883406538]]}, "properties": {"confidence": "high"}}, {"type": "Feature", "geometry": {"type": "LineString", "coordinates": [[-112.11037888961836, 33.49083883406538], [-112.11037888961836, 33.49083134234859], [-112.11036990646552, 33.49083134234859], [-112.11036990646552, 33.49083883406538], [-112.11037888961836, 33.49083883406538]]}, "properties": {"confidence": "high"}}, {"type": "Feature", "geometry": {"type": "LineString", "coordinates": [[-112.10996566458766, 33.49083883406538], [-112.10996566458766, 33.49083134234859], [-112.10995668143482, 33.49083134234859], [-112.10995668143482, 33.49083883406538], [-112.10996566458766, 33.49083883406538]]}, "properties": {"confidence": "high"}}, {"type": "Feature", "geometry": {"type": "LineString", "coordinates": [[-112.11313671754061, 33.49083134234859], [-112.11313671754061, 33.49082385063116], [-112.11312773438777, 33.49082385063116], [-112.11312773438777, 33.49083134234859], [-112.11313671754061, 33.49083134234859]]}, "properties": {"confidence": "high"}}, {"type": "Feature", "geometry": {"type": "LineString", "coordinates": [[-112.1103878727712, 33.49083134234859], [-112.1103878727712, 33.49082385063116], [-112.11037888961836, 33.49082385063116], [-112.11037888961836, 33.49083134234859], [-112.1103878727712, 33.49083134234859]]}, "properties": {"confidence": "high"}}, {"type": "Feature", "geometry": {"type": "LineString", "coordinates": [[-112.1099746477405, 33.49083134234859], [-112.1099746477405, 33.49082385063116], [-112.10996566458766, 33.49082385063116], [-112.10996566458766, 33.49083134234859], [-112.1099746477405, 33.49083134234859]]}, "properties": {"confidence": "high"}}, {"type": "Feature", "geometry": {"type": "LineString", "coordinates": [[-112.11312773438777, 33.49082385063116], [-112.11312773438777, 33.49081635891307], [-112.11311875123494, 33.49081635891307], [-112.11311875123494, 33.49082385063116], [-112.11312773438777, 33.49082385063116]]}, "properties": {"confidence": "high"}}, {"type": "Feature", "geometry": {"type": "LineString", "coordinates": [[-112.11039685592404, 33.49082385063116], [-112.11039685592404, 33.49081635891307], [-112.1103878727712, 33.49081635891307], [-112.1103878727712, 33.49082385063116], [-112.11039685592404, 33.49082385063116]]}, "properties": {"confidence": "high"}}, {"type": "Feature", "geometry": {"type": "LineString", "coordinates": [[-112.10998363089334, 33.49082385063116], [-112.10998363089334, 33.49081635891307], [-112.1099746477405, 33.49081635891307], [-112.1099746477405, 33.49082385063116], [-112.10998363089334, 33.49082385063116]]}, "properties": {"confidence": "high"}}, {"type": "Feature", "geometry": {"type": "LineString", "coordinates": [[-112.11311875123494, 33.49081635891307], [-112.11311875123494, 33.49080886719433], [-112.11310976808208, 33.49080886719433], [-112.11310976808208, 33.49081635891307], [-112.11311875123494, 33.49081635891307]]}, "properties": {"confidence": "high"}}, {"type": "Feature", "geometry": {"type": "LineString", "coordinates": [[-112.11041482222973, 33.49081635891307], [-112.11041482222973, 33.49080886719433], [-112.11039685592404, 33.49080886719433], [-112.11039685592404, 33.49081635891307], [-112.11041482222973, 33.49081635891307]]}, "properties": {"confidence": "high"}}, {"type": "Feature", "geometry": {"type": "LineString", "coordinates": [[-112.11000159719903, 33.49081635891307], [-112.11000159719903, 33.49080886719433], [-112.10998363089334, 33.49080886719433], [-112.10998363089334, 33.49081635891307], [-112.11000159719903, 33.49081635891307]]}, "properties": {"confidence": "high"}}, {"type": "Feature", "geometry": {"type": "LineString", "coordinates": [[-112.11310976808208, 33.49080886719433], [-112.11310976808208, 33.49080137547495], [-112.11310078492924, 33.49080137547495], [-112.11310078492924, 33.49080886719433], [-112.11310976808208, 33.49080886719433]]}, "properties": {"confidence": "high"}}, {"type": "Feature", "geometry": {"type": "LineString", "coordinates": [[-112.11042380538257, 33.49080886719433], [-112.11042380538257, 33.49080137547495], [-112.11041482222973, 33.49080137547495], [-112.11041482222973, 33.49080886719433], [-112.11042380538257, 33.49080886719433]]}, "properties": {"confidence": "high"}}, {"type": "Feature", "geometry": {"type": "LineString", "coordinates": [[-112.11001058035187, 33.49080886719433], [-112.11001058035187, 33.49080137547495], [-112.11000159719903, 33.49080137547495], [-112.11000159719903, 33.49080886719433], [-112.11001058035187, 33.49080886719433]]}, "properties": {"confidence": "high"}}, {"type": "Feature", "geometry": {"type": "LineString", "coordinates": [[-112.11310078492924, 33.49080137547495], [-112.11310078492924, 33.490793883754925], [-112.1130918017764, 33.490793883754925], [-112.1130918017764, 33.49080137547495], [-112.11310078492924, 33.49080137547495]]}, "properties": {"confidence": "high"}}, {"type": "Feature", "geometry": {"type": "LineString", "coordinates": [[-112.1104327885354, 33.49080137547495], [-112.1104327885354, 33.490793883754925], [-112.11042380538257, 33.490793883754925], [-112.11042380538257, 33.49080137547495], [-112.1104327885354, 33.49080137547495]]}, "properties": {"confidence": "high"}}, {"type": "Feature", "geometry": {"type": "LineString", "coordinates": [[-112.11001956350471, 33.49080137547495], [-112.11001956350471, 33.490793883754925], [-112.11001058035187, 33.490793883754925], [-112.11001058035187, 33.49080137547495], [-112.11001956350471, 33.49080137547495]]}, "properties": {"confidence": "high"}}, {"type": "Feature", "geometry": {"type": "LineString", "coordinates": [[-112.1130918017764, 33.490793883754925], [-112.1130918017764, 33.490786392034245], [-112.11308281862357, 33.490786392034245], [-112.11308281862357, 33.490793883754925], [-112.1130918017764, 33.490793883754925]]}, "properties": {"confidence": "high"}}, {"type": "Feature", "geometry": {"type": "LineString", "coordinates": [[-112.1104507548411, 33.490793883754925], [-112.1104507548411, 33.490786392034245], [-112.1104327885354, 33.490786392034245], [-112.1104327885354, 33.490793883754925], [-112.1104507548411, 33.490793883754925]]}, "properties": {"confidence": "high"}}, {"type": "Feature", "geometry": {"type": "LineString", "coordinates": [[-112.11002854665755, 33.490793883754925], [-112.11002854665755, 33.490786392034245], [-112.11001956350471, 33.490786392034245], [-112.11001956350471, 33.490793883754925], [-112.11002854665755, 33.490793883754925]]}, "properties": {"confidence": "high"}}, {"type": "Feature", "geometry": {"type": "LineString", "coordinates": [[-112.11308281862357, 33.490786392034245], [-112.11308281862357, 33.490778900312925], [-112.11307383547073, 33.490778900312925], [-112.11307383547073, 33.490786392034245], [-112.11308281862357, 33.490786392034245]]}, "properties": {"confidence": "high"}}, {"type": "Feature", "geometry": {"type": "LineString", "coordinates": [[-112.11045973799393, 33.490786392034245], [-112.11045973799393, 33.490778900312925], [-112.1104507548411, 33.490778900312925], [-112.1104507548411, 33.490786392034245], [-112.11045973799393, 33.490786392034245]]}, "properties": {"confidence": "high"}}, {"type": "Feature", "geometry": {"type": "LineString", "coordinates": [[-112.11004651296324, 33.490786392034245], [-112.11004651296324, 33.490778900312925], [-112.11002854665755, 33.490778900312925], [-112.11002854665755, 33.490786392034245], [-112.11004651296324, 33.490786392034245]]}, "properties": {"confidence": "high"}}, {"type": "Feature", "geometry": {"type": "LineString", "coordinates": [[-112.11307383547073, 33.490778900312925], [-112.11307383547073, 33.490771408590945], [-112.11306485231788, 33.490771408590945], [-112.11306485231788, 33.490778900312925], [-112.11307383547073, 33.490778900312925]]}, "properties": {"confidence": "high"}}, {"type": "Feature", "geometry": {"type": "LineString", "coordinates": [[-112.11046872114677, 33.490778900312925], [-112.11046872114677, 33.490771408590945], [-112.11045973799393, 33.490771408590945], [-112.11045973799393, 33.490778900312925], [-112.11046872114677, 33.490778900312925]]}, "properties": {"confidence": "high"}}, {"type": "Feature", "geometry": {"type": "LineString", "coordinates": [[-112.11005549611608, 33.490778900312925], [-112.11005549611608, 33.490771408590945], [-112.11004651296324, 33.490771408590945], [-112.11004651296324, 33.490778900312925], [-112.11005549611608, 33.490778900312925]]}, "properties": {"confidence": "high"}}, {"type": "Feature", "geometry": {"type": "LineString", "coordinates": [[-112.10839361284044, 33.49083134234859], [-112.10839361284044, 33.490763916868325], [-112.1083846296876, 33.490763916868325], [-112.1083846296876, 33.49083134234859], [-112.10839361284044, 33.49083134234859]]}, "properties": {"confidence": "high"}}, {"type": "Feature", "geometry": {"type": "LineString", "coordinates": [[-112.11306485231788, 33.490771408590945], [-112.11306485231788, 33.490763916868325], [-112.11305586916504, 33.490763916868325], [-112.11305586916504, 33.490771408590945], [-112.11306485231788, 33.490771408590945]]}, "properties": {"confidence": "high"}}, {"type": "Feature", "geometry": {"type": "LineString", "coordinates": [[-112.11048668745245, 33.490771408590945], [-112.11048668745245, 33.490763916868325], [-112.11046872114677, 33.490763916868325], [-112.11046872114677, 33.490771408590945], [-112.11048668745245, 33.490771408590945]]}, "properties": {"confidence": "high"}}, {"type": "Feature", "geometry": {"type": "LineString", "coordinates": [[-112.11006447926891, 33.490771408590945], [-112.11006447926891, 33.490763916868325], [-112.11005549611608, 33.490763916868325], [-112.11005549611608, 33.490771408590945], [-112.11006447926891, 33.490771408590945]]}, "properties": {"confidence": "high"}}, {"type": "Feature", "geometry": {"type": "LineString", "coordinates": [[-112.11305586916504, 33.490763916868325], [-112.11305586916504, 33.49075642514506], [-112.1130468860122, 33.49075642514506], [-112.1130468860122, 33.490763916868325], [-112.11305586916504, 33.490763916868325]]}, "properties": {"confidence": "high"}}, {"type": "Feature", "geometry": {"type": "LineString", "coordinates": [[-112.11049567060529, 33.490763916868325], [-112.11049567060529, 33.49075642514506], [-112.11048668745245, 33.49075642514506], [-112.11048668745245, 33.490763916868325], [-112.11049567060529, 33.490763916868325]]}, "properties": {"confidence": "high"}}, {"type": "Feature", "geometry": {"type": "LineString", "coordinates": [[-112.11007346242175, 33.490763916868325], [-112.11007346242175, 33.49075642514506], [-112.11006447926891, 33.49075642514506], [-112.11006447926891, 33.490763916868325], [-112.11007346242175, 33.490763916868325]]}, "properties": {"confidence": "high"}}, {"type": "Feature", "geometry": {"type": "LineString", "coordinates": [[-112.1083846296876, 33.490763916868325], [-112.1083846296876, 33.49074893342114], [-112.10837564653477, 33.49074893342114], [-112.10837564653477, 33.490763916868325], [-112.1083846296876, 33.490763916868325]]}, "properties": {"confidence": "high"}}, {"type": "Feature", "geometry": {"type": "LineString", "coordinates": [[-112.1130468860122, 33.49075642514506], [-112.1130468860122, 33.49074893342114], [-112.11303790285936, 33.49074893342114], [-112.11303790285936, 33.49075642514506], [-112.1130468860122, 33.49075642514506]]}, "properties": {"confidence": "high"}}, {"type": "Feature", "geometry": {"type": "LineString", "coordinates": [[-112.11051363691098, 33.49075642514506], [-112.11051363691098, 33.49074893342114], [-112.11049567060529, 33.49074893342114], [-112.11049567060529, 33.49075642514506], [-112.11051363691098, 33.49075642514506]]}, "properties": {"confidence": "high"}}, {"type": "Feature", "geometry": {"type": "LineString", "coordinates": [[-112.11008244557459, 33.49075642514506], [-112.11008244557459, 33.49074893342114], [-112.11007346242175, 33.49074893342114], [-112.11007346242175, 33.49075642514506], [-112.11008244557459, 33.49075642514506]]}, "properties": {"confidence": "high"}}, {"type": "Feature", "geometry": {"type": "LineString", "coordinates": [[-112.11300197024799, 33.49128833588659], [-112.11300197024799, 33.49074144169657], [-112.11299298709515, 33.49074144169657], [-112.11299298709515, 33.49128084420869], [-112.11265162728718, 33.49128084420869], [-112.11265162728718, 33.49128833588659], [-112.11300197024799, 33.49128833588659]]}, "properties": {"confidence": "high"}}, {"type": "Feature", "geometry": {"type": "LineString", "coordinates": [[-112.11303790285936, 33.49074893342114], [-112.11303790285936, 33.49074144169657], [-112.11302891970652, 33.49074144169657], [-112.11302891970652, 33.49074893342114], [-112.11303790285936, 33.49074893342114]]}, "properties": {"confidence": "high"}}, {"type": "Feature", "geometry": {"type": "LineString", "coordinates": [[-112.11052262006382, 33.49074893342114], [-112.11052262006382, 33.49074144169657], [-112.11051363691098, 33.49074144169657], [-112.11051363691098, 33.49074893342114], [-112.11052262006382, 33.49074893342114]]}, "properties": {"confidence": "high"}}, {"type": "Feature", "geometry": {"type": "LineString", "coordinates": [[-112.11009142872744, 33.49074893342114], [-112.11009142872744, 33.49074144169657], [-112.11008244557459, 33.49074144169657], [-112.11008244557459, 33.49074893342114], [-112.11009142872744, 33.49074893342114]]}, "properties": {"confidence": "high"}}, {"type": "Feature", "geometry": {"type": "LineString", "coordinates": [[-112.11302891970652, 33.49074144169657], [-112.11302891970652, 33.49073394997136], [-112.11301993655368, 33.49073394997136], [-112.11301993655368, 33.49074144169657], [-112.11302891970652, 33.49074144169657]]}, "properties": {"confidence": "high"}}, {"type": "Feature", "geometry": {"type": "LineString", "coordinates": [[-112.11301095340083, 33.49074144169657], [-112.11301095340083, 33.49073394997136], [-112.11300197024799, 33.49073394997136], [-112.11300197024799, 33.49074144169657], [-112.11301095340083, 33.49074144169657]]}, "properties": {"confidence": "high"}}, {"type": "Feature", "geometry": {"type": "LineString", "coordinates": [[-112.11053160321666, 33.49074144169657], [-112.11053160321666, 33.49073394997136], [-112.11052262006382, 33.49073394997136], [-112.11052262006382, 33.49074144169657], [-112.11053160321666, 33.49074144169657]]}, "properties": {"confidence": "high"}}, {"type": "Feature", "geometry": {"type": "LineString", "coordinates": [[-112.11010939503313, 33.49074144169657], [-112.11010939503313, 33.49073394997136], [-112.11009142872744, 33.49073394997136], [-112.11009142872744, 33.49074144169657], [-112.11010939503313, 33.49074144169657]]}, "properties": {"confidence": "high"}}, {"type": "Feature", "geometry": {"type": "LineString", "coordinates": [[-112.1105405863695, 33.49073394997136], [-112.1105405863695, 33.4907264582455], [-112.11053160321666, 33.4907264582455], [-112.11053160321666, 33.49073394997136], [-112.1105405863695, 33.49073394997136]]}, "properties": {"confidence": "high"}}, {"type": "Feature", "geometry": {"type": "LineString", "coordinates": [[-112.11011837818597, 33.49073394997136], [-112.11011837818597, 33.4907264582455], [-112.11010939503313, 33.4907264582455], [-112.11010939503313, 33.49073394997136], [-112.11011837818597, 33.49073394997136]]}, "properties": {"confidence": "high"}}, {"type": "Feature", "geometry": {"type": "LineString", "coordinates": [[-112.11055855267519, 33.4907264582455], [-112.11055855267519, 33.49071896651898], [-112.1105405863695, 33.49071896651898], [-112.1105405863695, 33.4907264582455], [-112.11055855267519, 33.4907264582455]]}, "properties": {"confidence": "high"}}, {"type": "Feature", "geometry": {"type": "LineString", "coordinates": [[-112.11012736133881, 33.4907264582455], [-112.11012736133881, 33.49071896651898], [-112.11011837818597, 33.49071896651898], [-112.11011837818597, 33.4907264582455], [-112.11012736133881, 33.4907264582455]]}, "properties": {"confidence": "high"}}, {"type": "Feature", "geometry": {"type": "LineString", "coordinates": [[-112.11056753582803, 33.49071896651898], [-112.11056753582803, 33.49071147479182], [-112.11055855267519, 33.49071147479182], [-112.11055855267519, 33.49071896651898], [-112.11056753582803, 33.49071896651898]]}, "properties": {"confidence": "high"}}, {"type": "Feature", "geometry": {"type": "LineString", "coordinates": [[-112.11013634449165, 33.49071896651898], [-112.11013634449165, 33.49071147479182], [-112.11012736133881, 33.49071147479182], [-112.11012736133881, 33.49071896651898], [-112.11013634449165, 33.49071896651898]]}, "properties": {"confidence": "high"}}, {"type": "Feature", "geometry": {"type": "LineString", "coordinates": [[-112.1105855021337, 33.49071147479182], [-112.1105855021337, 33.490703983064016], [-112.11056753582803, 33.490703983064016], [-112.11056753582803, 33.49071147479182], [-112.1105855021337, 33.49071147479182]]}, "properties": {"confidence": "high"}}, {"type": "Feature", "geometry": {"type": "LineString", "coordinates": [[-112.11015431079734, 33.49071147479182], [-112.11015431079734, 33.490703983064016], [-112.11013634449165, 33.490703983064016], [-112.11013634449165, 33.49071147479182], [-112.11015431079734, 33.49071147479182]]}, "properties": {"confidence": "high"}}, {"type": "Feature", "geometry": {"type": "LineString", "coordinates": [[-112.11334333005595, 33.490703983064016], [-112.11334333005595, 33.49069649133556], [-112.11333434690312, 33.49069649133556], [-112.11333434690312, 33.490703983064016], [-112.11334333005595, 33.490703983064016]]}, "properties": {"confidence": "high"}}, {"type": "Feature", "geometry": {"type": "LineString", "coordinates": [[-112.11059448528654, 33.490703983064016], [-112.11059448528654, 33.49069649133556], [-112.1105855021337, 33.49069649133556], [-112.1105855021337, 33.490703983064016], [-112.11059448528654, 33.490703983064016]]}, "properties": {"confidence": "high"}}, {"type": "Feature", "geometry": {"type": "LineString", "coordinates": [[-112.11016329395018, 33.490703983064016], [-112.11016329395018, 33.49069649133556], [-112.11015431079734, 33.49069649133556], [-112.11015431079734, 33.490703983064016], [-112.11016329395018, 33.490703983064016]]}, "properties": {"confidence": "high"}}, {"type": "Feature", "geometry": {"type": "LineString", "coordinates": [[-112.11333434690312, 33.49069649133556], [-112.11333434690312, 33.49068899960646], [-112.11332536375028, 33.49068899960646], [-112.11332536375028, 33.49069649133556], [-112.11333434690312, 33.49069649133556]]}, "properties": {"confidence": "high"}}, {"type": "Feature", "geometry": {"type": "LineString", "coordinates": [[-112.1106034684394, 33.49069649133556], [-112.1106034684394, 33.49068899960646], [-112.11059448528654, 33.49068899960646], [-112.11059448528654, 33.49069649133556], [-112.1106034684394, 33.49069649133556]]}, "properties": {"confidence": "high"}}, {"type": "Feature", "geometry": {"type": "LineString", "coordinates": [[-112.11017227710302, 33.49069649133556], [-112.11017227710302, 33.49068899960646], [-112.11016329395018, 33.49068899960646], [-112.11016329395018, 33.49069649133556], [-112.11017227710302, 33.49069649133556]]}, "properties": {"confidence": "high"}}, {"type": "Feature", "geometry": {"type": "LineString", "coordinates": [[-112.11332536375028, 33.49068899960646], [-112.11332536375028, 33.49068150787671], [-112.11331638059742, 33.49068150787671], [-112.11331638059742, 33.49068899960646], [-112.11332536375028, 33.49068899960646]]}, "properties": {"confidence": "high"}}, {"type": "Feature", "geometry": {"type": "LineString", "coordinates": [[-112.11062143474507, 33.49068899960646], [-112.11062143474507, 33.49068150787671], [-112.1106034684394, 33.49068150787671], [-112.1106034684394, 33.49068899960646], [-112.11062143474507, 33.49068899960646]]}, "properties": {"confidence": "high"}}, {"type": "Feature", "geometry": {"type": "LineString", "coordinates": [[-112.1101902434087, 33.49068899960646], [-112.1101902434087, 33.49068150787671], [-112.11017227710302, 33.49068150787671], [-112.11017227710302, 33.49068899960646], [-112.1101902434087, 33.49068899960646]]}, "properties": {"confidence": "high"}}, {"type": "Feature", "geometry": {"type": "LineString", "coordinates": [[-112.10920209659616, 33.49068899960646], [-112.10920209659616, 33.49068150787671], [-112.10919311344333, 33.49068150787671], [-112.10919311344333, 33.49068899960646], [-112.10920209659616, 33.49068899960646]]}, "properties": {"confidence": "high"}}, {"type": "Feature", "geometry": {"type": "LineString", "coordinates": [[-112.11331638059742, 33.49068150787671], [-112.11331638059742, 33.490674016146315], [-112.11330739744459, 33.490674016146315], [-112.11330739744459, 33.49068150787671], [-112.11331638059742, 33.49068150787671]]}, "properties": {"confidence": "high"}}, {"type": "Feature", "geometry": {"type": "LineString", "coordinates": [[-112.11063041789791, 33.49068150787671], [-112.11063041789791, 33.490674016146315], [-112.11062143474507, 33.490674016146315], [-112.11062143474507, 33.49068150787671], [-112.11063041789791, 33.49068150787671]]}, "properties": {"confidence": "high"}}, {"type": "Feature", "geometry": {"type": "LineString", "coordinates": [[-112.11019922656155, 33.49068150787671], [-112.11019922656155, 33.490674016146315], [-112.1101902434087, 33.490674016146315], [-112.1101902434087, 33.49068150787671], [-112.11019922656155, 33.49068150787671]]}, "properties": {"confidence": "high"}}, {"type": "Feature", "geometry": {"type": "LineString", "coordinates": [[-112.11330739744459, 33.490674016146315], [-112.11330739744459, 33.49066652441527], [-112.11329841429175, 33.49066652441527], [-112.11329841429175, 33.490674016146315], [-112.11330739744459, 33.490674016146315]]}, "properties": {"confidence": "high"}}, {"type": "Feature", "geometry": {"type": "LineString", "coordinates": [[-112.11064838420359, 33.490674016146315], [-112.11064838420359, 33.49066652441527], [-112.11063041789791, 33.49066652441527], [-112.11063041789791, 33.490674016146315], [-112.11064838420359, 33.490674016146315]]}, "properties": {"confidence": "high"}}, {"type": "Feature", "geometry": {"type": "LineString", "coordinates": [[-112.11021719286722, 33.490674016146315], [-112.11021719286722, 33.49066652441527], [-112.11019922656155, 33.49066652441527], [-112.11019922656155, 33.490674016146315], [-112.11021719286722, 33.490674016146315]]}, "properties": {"confidence": "high"}}, {"type": "Feature", "geometry": {"type": "LineString", "coordinates": [[-112.109211079749, 33.49068150787671], [-112.109211079749, 33.49065903268357], [-112.10920209659616, 33.49065903268357], [-112.10920209659616, 33.49068150787671], [-112.109211079749, 33.49068150787671]]}, "properties": {"confidence": "high"}}, {"type": "Feature", "geometry": {"type": "LineString", "coordinates": [[-112.11329841429175, 33.49066652441527], [-112.11329841429175, 33.49065903268357], [-112.11328943113891, 33.49065903268357], [-112.11328943113891, 33.49066652441527], [-112.11329841429175, 33.49066652441527]]}, "properties": {"confidence": "high"}}, {"type": "Feature", "geometry": {"type": "LineString", "coordinates": [[-112.11065736735644, 33.49066652441527], [-112.11065736735644, 33.49065903268357], [-112.11064838420359, 33.49065903268357], [-112.11064838420359, 33.49066652441527], [-112.11065736735644, 33.49066652441527]]}, "properties": {"confidence": "high"}}, {"type": "Feature", "geometry": {"type": "LineString", "coordinates": [[-112.11022617602006, 33.49066652441527], [-112.11022617602006, 33.49065903268357], [-112.11021719286722, 33.49065903268357], [-112.11021719286722, 33.49066652441527], [-112.11022617602006, 33.49066652441527]]}, "properties": {"confidence": "high"}}, {"type": "Feature", "geometry": {"type": "LineString", "coordinates": [[-112.11328943113891, 33.49065903268357], [-112.11328943113891, 33.49065154095122], [-112.11328044798607, 33.49065154095122], [-112.11328044798607, 33.49065903268357], [-112.11328943113891, 33.49065903268357]]}, "properties": {"confidence": "high"}}, {"type": "Feature", "geometry": {"type": "LineString", "coordinates": [[-112.11066635050928, 33.49065903268357], [-112.11066635050928, 33.49065154095122], [-112.11065736735644, 33.49065154095122], [-112.11065736735644, 33.49065903268357], [-112.11066635050928, 33.49065903268357]]}, "properties": {"confidence": "high"}}, {"type": "Feature", "geometry": {"type": "LineString", "coordinates": [[-112.1102351591729, 33.49065903268357], [-112.1102351591729, 33.49065154095122], [-112.11022617602006, 33.49065154095122], [-112.11022617602006, 33.49065903268357], [-112.1102351591729, 33.49065903268357]]}, "properties": {"confidence": "high"}}, {"type": "Feature", "geometry": {"type": "LineString", "coordinates": [[-112.11328044798607, 33.49065154095122], [-112.11328044798607, 33.49064404921823], [-112.11327146483323, 33.49064404921823], [-112.11327146483323, 33.49065154095122], [-112.11328044798607, 33.49065154095122]]}, "properties": {"confidence": "high"}}, {"type": "Feature", "geometry": {"type": "LineString", "coordinates": [[-112.11068431681497, 33.49065154095122], [-112.11068431681497, 33.49064404921823], [-112.11066635050928, 33.49064404921823], [-112.11066635050928, 33.49065154095122], [-112.11068431681497, 33.49065154095122]]}, "properties": {"confidence": "high"}}, {"type": "Feature", "geometry": {"type": "LineString", "coordinates": [[-112.11024414232574, 33.49065154095122], [-112.11024414232574, 33.49064404921823], [-112.1102351591729, 33.49064404921823], [-112.1102351591729, 33.49065154095122], [-112.11024414232574, 33.49065154095122]]}, "properties": {"confidence": "high"}}, {"type": "Feature", "geometry": {"type": "LineString", "coordinates": [[-112.11327146483323, 33.49064404921823], [-112.11327146483323, 33.49063655748459], [-112.11326248168038, 33.49063655748459], [-112.11326248168038, 33.49064404921823], [-112.11327146483323, 33.49064404921823]]}, "properties": {"confidence": "high"}}, {"type": "Feature", "geometry": {"type": "LineString", "coordinates": [[-112.1106932999678, 33.49064404921823], [-112.1106932999678, 33.49063655748459], [-112.11068431681497, 33.49063655748459], [-112.11068431681497, 33.49064404921823], [-112.1106932999678, 33.49064404921823]]}, "properties": {"confidence": "high"}}, {"type": "Feature", "geometry": {"type": "LineString", "coordinates": [[-112.11026210863143, 33.49064404921823], [-112.11026210863143, 33.49063655748459], [-112.11024414232574, 33.49063655748459], [-112.11024414232574, 33.49064404921823], [-112.11026210863143, 33.49064404921823]]}, "properties": {"confidence": "high"}}, {"type": "Feature", "geometry": {"type": "LineString", "coordinates": [[-112.11326248168038, 33.49063655748459], [-112.11326248168038, 33.4906290657503], [-112.11325349852754, 33.4906290657503], [-112.11325349852754, 33.49063655748459], [-112.11326248168038, 33.49063655748459]]}, "properties": {"confidence": "high"}}, {"type": "Feature", "geometry": {"type": "LineString", "coordinates": [[-112.1107112662735, 33.49063655748459], [-112.1107112662735, 33.4906290657503], [-112.1106932999678, 33.4906290657503], [-112.1106932999678, 33.49063655748459], [-112.1107112662735, 33.49063655748459]]}, "properties": {"confidence": "high"}}, {"type": "Feature", "geometry": {"type": "LineString", "coordinates": [[-112.11027109178427, 33.49063655748459], [-112.11027109178427, 33.4906290657503], [-112.11026210863143, 33.4906290657503], [-112.11026210863143, 33.49063655748459], [-112.11027109178427, 33.49063655748459]]}, "properties": {"confidence": "high"}}, {"type": "Feature", "geometry": {"type": "LineString", "coordinates": [[-112.11325349852754, 33.4906290657503], [-112.11325349852754, 33.490621574015364], [-112.1132445153747, 33.490621574015364], [-112.1132445153747, 33.4906290657503], [-112.11325349852754, 33.4906290657503]]}, "properties": {"confidence": "high"}}, {"type": "Feature", "geometry": {"type": "LineString", "coordinates": [[-112.11072024942634, 33.4906290657503], [-112.11072024942634, 33.490621574015364], [-112.1107112662735, 33.490621574015364], [-112.1107112662735, 33.4906290657503], [-112.11072024942634, 33.4906290657503]]}, "properties": {"confidence": "high"}}, {"type": "Feature", "geometry": {"type": "LineString", "coordinates": [[-112.11028007493711, 33.4906290657503], [-112.11028007493711, 33.490621574015364], [-112.11027109178427, 33.490621574015364], [-112.11027109178427, 33.4906290657503], [-112.11028007493711, 33.4906290657503]]}, "properties": {"confidence": "high"}}, {"type": "Feature", "geometry": {"type": "LineString", "coordinates": [[-112.1132445153747, 33.490621574015364], [-112.1132445153747, 33.490614082279784], [-112.11323553222186, 33.490614082279784], [-112.11323553222186, 33.490621574015364], [-112.1132445153747, 33.490621574015364]]}, "properties": {"confidence": "high"}}, {"type": "Feature", "geometry": {"type": "LineString", "coordinates": [[-112.11072923257917, 33.490621574015364], [-112.11072923257917, 33.490614082279784], [-112.11072024942634, 33.490614082279784], [-112.11072024942634, 33.490621574015364], [-112.11072923257917, 33.490621574015364]]}, "properties": {"confidence": "high"}}, {"type": "Feature", "geometry": {"type": "LineString", "coordinates": [[-112.1102980412428, 33.490621574015364], [-112.1102980412428, 33.490614082279784], [-112.11028007493711, 33.490614082279784], [-112.11028007493711, 33.490621574015364], [-112.1102980412428, 33.490621574015364]]}, "properties": {"confidence": "high"}}, {"type": "Feature", "geometry": {"type": "LineString", "coordinates": [[-112.11323553222186, 33.490614082279784], [-112.11323553222186, 33.49060659054355], [-112.11322654906903, 33.49060659054355], [-112.11322654906903, 33.490614082279784], [-112.11323553222186, 33.490614082279784]]}, "properties": {"confidence": "high"}}, {"type": "Feature", "geometry": {"type": "LineString", "coordinates": [[-112.11074719888485, 33.490614082279784], [-112.11074719888485, 33.49060659054355], [-112.11072923257917, 33.49060659054355], [-112.11072923257917, 33.490614082279784], [-112.11074719888485, 33.490614082279784]]}, "properties": {"confidence": "high"}}, {"type": "Feature", "geometry": {"type": "LineString", "coordinates": [[-112.11030702439564, 33.490614082279784], [-112.11030702439564, 33.49060659054355], [-112.1102980412428, 33.49060659054355], [-112.1102980412428, 33.490614082279784], [-112.11030702439564, 33.490614082279784]]}, "properties": {"confidence": "high"}}, {"type": "Feature", "geometry": {"type": "LineString", "coordinates": [[-112.11322654906903, 33.49060659054355], [-112.11322654906903, 33.49059909880666], [-112.11321756591617, 33.49059909880666], [-112.11321756591617, 33.49060659054355], [-112.11322654906903, 33.49060659054355]]}, "properties": {"confidence": "high"}}, {"type": "Feature", "geometry": {"type": "LineString", "coordinates": [[-112.11075618203769, 33.49060659054355], [-112.11075618203769, 33.49059909880666], [-112.11074719888485, 33.49059909880666], [-112.11074719888485, 33.49060659054355], [-112.11075618203769, 33.49060659054355]]}, "properties": {"confidence": "high"}}, {"type": "Feature", "geometry": {"type": "LineString", "coordinates": [[-112.11032499070132, 33.49060659054355], [-112.11032499070132, 33.49059909880666], [-112.11030702439564, 33.49059909880666], [-112.11030702439564, 33.49060659054355], [-112.11032499070132, 33.49060659054355]]}, "properties": {"confidence": "high"}}, {"type": "Feature", "geometry": {"type": "LineString", "coordinates": [[-112.11321756591617, 33.49059909880666], [-112.11321756591617, 33.490591607069135], [-112.11320858276333, 33.490591607069135], [-112.11320858276333, 33.49059909880666], [-112.11321756591617, 33.49059909880666]]}, "properties": {"confidence": "high"}}, {"type": "Feature", "geometry": {"type": "LineString", "coordinates": [[-112.11077414834338, 33.49059909880666], [-112.11077414834338, 33.490591607069135], [-112.11075618203769, 33.490591607069135], [-112.11075618203769, 33.49059909880666], [-112.11077414834338, 33.49059909880666]]}, "properties": {"confidence": "high"}}, {"type": "Feature", "geometry": {"type": "LineString", "coordinates": [[-112.11033397385415, 33.49059909880666], [-112.11033397385415, 33.490591607069135], [-112.11032499070132, 33.490591607069135], [-112.11032499070132, 33.49059909880666], [-112.11033397385415, 33.49059909880666]]}, "properties": {"confidence": "high"}}, {"type": "Feature", "geometry": {"type": "LineString", "coordinates": [[-112.10922006290185, 33.49065903268357], [-112.10922006290185, 33.490584115330954], [-112.109211079749, 33.490584115330954], [-112.109211079749, 33.49065903268357], [-112.10922006290185, 33.49065903268357]]}, "properties": {"confidence": "high"}}, {"type": "Feature", "geometry": {"type": "LineString", "coordinates": [[-112.11320858276333, 33.490591607069135], [-112.11320858276333, 33.490584115330954], [-112.1131995996105, 33.490584115330954], [-112.1131995996105, 33.490591607069135], [-112.11320858276333, 33.490591607069135]]}, "properties": {"confidence": "high"}}, {"type": "Feature", "geometry": {"type": "LineString", "coordinates": [[-112.11079211464906, 33.490591607069135], [-112.11079211464906, 33.490584115330954], [-112.11077414834338, 33.490584115330954], [-112.11077414834338, 33.490591607069135], [-112.11079211464906, 33.490591607069135]]}, "properties": {"confidence": "high"}}, {"type": "Feature", "geometry": {"type": "LineString", "coordinates": [[-112.11035194015984, 33.490591607069135], [-112.11035194015984, 33.490584115330954], [-112.11033397385415, 33.490584115330954], [-112.11033397385415, 33.490591607069135], [-112.11035194015984, 33.490591607069135]]}, "properties": {"confidence": "high"}}, {"type": "Feature", "geometry": {"type": "LineString", "coordinates": [[-112.1131995996105, 33.490584115330954], [-112.1131995996105, 33.49057662359213], [-112.11319061645766, 33.49057662359213], [-112.11319061645766, 33.490584115330954], [-112.1131995996105, 33.490584115330954]]}, "properties": {"confidence": "high"}}, {"type": "Feature", "geometry": {"type": "LineString", "coordinates": [[-112.1108010978019, 33.490584115330954], [-112.1108010978019, 33.49057662359213], [-112.11079211464906, 33.49057662359213], [-112.11079211464906, 33.490584115330954], [-112.1108010978019, 33.490584115330954]]}, "properties": {"confidence": "high"}}, {"type": "Feature", "geometry": {"type": "LineString", "coordinates": [[-112.11036092331268, 33.490584115330954], [-112.11036092331268, 33.49057662359213], [-112.11035194015984, 33.49057662359213], [-112.11035194015984, 33.490584115330954], [-112.11036092331268, 33.490584115330954]]}, "properties": {"confidence": "high"}}, {"type": "Feature", "geometry": {"type": "LineString", "coordinates": [[-112.11319061645766, 33.49057662359213], [-112.11319061645766, 33.49056913185266], [-112.11318163330482, 33.49056913185266], [-112.11318163330482, 33.49057662359213], [-112.11319061645766, 33.49057662359213]]}, "properties": {"confidence": "high"}}, {"type": "Feature", "geometry": {"type": "LineString", "coordinates": [[-112.11081906410759, 33.49057662359213], [-112.11081906410759, 33.49056913185266], [-112.1108010978019, 33.49056913185266], [-112.1108010978019, 33.49057662359213], [-112.11081906410759, 33.49057662359213]]}, "properties": {"confidence": "high"}}, {"type": "Feature", "geometry": {"type": "LineString", "coordinates": [[-112.11036990646552, 33.49057662359213], [-112.11036990646552, 33.49056913185266], [-112.11036092331268, 33.49056913185266], [-112.11036092331268, 33.49057662359213], [-112.11036990646552, 33.49057662359213]]}, "properties": {"confidence": "high"}}, {"type": "Feature", "geometry": {"type": "LineString", "coordinates": [[-112.1092290460547, 33.490584115330954], [-112.1092290460547, 33.49057662359213], [-112.1093637933473, 33.49057662359213], [-112.1093637933473, 33.49056913185266], [-112.10922006290185, 33.49056913185266], [-112.10922006290185, 33.490584115330954], [-112.1092290460547, 33.490584115330954]]}, "properties": {"confidence": "high"}}, {"type": "Feature", "geometry": {"type": "LineString", "coordinates": [[-112.11318163330482, 33.49056913185266], [-112.11318163330482, 33.49056164011253], [-112.11317265015198, 33.49056164011253], [-112.11317265015198, 33.49056913185266], [-112.11318163330482, 33.49056913185266]]}, "properties": {"confidence": "high"}}, {"type": "Feature", "geometry": {"type": "LineString", "coordinates": [[-112.11082804726043, 33.49056913185266], [-112.11082804726043, 33.49056164011253], [-112.11081906410759, 33.49056164011253], [-112.11081906410759, 33.49056913185266], [-112.11082804726043, 33.49056913185266]]}, "properties": {"confidence": "high"}}, {"type": "Feature", "geometry": {"type": "LineString", "coordinates": [[-112.1103878727712, 33.49056913185266], [-112.1103878727712, 33.49056164011253], [-112.11036990646552, 33.49056164011253], [-112.11036990646552, 33.49056913185266], [-112.1103878727712, 33.49056913185266]]}, "properties": {"confidence": "high"}}, {"type": "Feature", "geometry": {"type": "LineString", "coordinates": [[-112.1094087091115, 33.49056913185266], [-112.1094087091115, 33.49056164011253], [-112.1093637933473, 33.49056164011253], [-112.1093637933473, 33.49056913185266], [-112.1094087091115, 33.49056913185266]]}, "properties": {"confidence": "high"}}, {"type": "Feature", "geometry": {"type": "LineString", "coordinates": [[-112.10922006290185, 33.49056913185266], [-112.10922006290185, 33.49056164011253], [-112.1091661639848, 33.49056164011253], [-112.1091661639848, 33.49056913185266], [-112.10922006290185, 33.49056913185266]]}, "properties": {"confidence": "high"}}, {"type": "Feature", "geometry": {"type": "LineString", "coordinates": [[-112.11317265015198, 33.49056164011253], [-112.11317265015198, 33.49055414837177], [-112.11316366699913, 33.49055414837177], [-112.11316366699913, 33.49056164011253], [-112.11317265015198, 33.49056164011253]]}, "properties": {"confidence": "high"}}, {"type": "Feature", "geometry": {"type": "LineString", "coordinates": [[-112.1108460135661, 33.49056164011253], [-112.1108460135661, 33.49055414837177], [-112.11082804726043, 33.49055414837177], [-112.11082804726043, 33.49056164011253], [-112.1108460135661, 33.49056164011253]]}, "properties": {"confidence": "high"}}, {"type": "Feature", "geometry": {"type": "LineString", "coordinates": [[-112.11039685592404, 33.49056164011253], [-112.11039685592404, 33.49055414837177], [-112.1103878727712, 33.49055414837177], [-112.1103878727712, 33.49056164011253], [-112.11039685592404, 33.49056164011253]]}, "properties": {"confidence": "high"}}, {"type": "Feature", "geometry": {"type": "LineString", "coordinates": [[-112.10947159118139, 33.49056164011253], [-112.10947159118139, 33.49055414837177], [-112.1094087091115, 33.49055414837177], [-112.1094087091115, 33.49056164011253], [-112.10947159118139, 33.49056164011253]]}, "properties": {"confidence": "high"}}, {"type": "Feature", "geometry": {"type": "LineString", "coordinates": [[-112.1091661639848, 33.49056164011253], [-112.1091661639848, 33.49055414837177], [-112.10911226506775, 33.49055414837177], [-112.10911226506775, 33.49056164011253], [-112.1091661639848, 33.49056164011253]]}, "properties": {"confidence": "high"}}, {"type": "Feature", "geometry": {"type": "LineString", "coordinates": [[-112.11316366699913, 33.49055414837177], [-112.11316366699913, 33.49054665663035], [-112.11315468384629, 33.49054665663035], [-112.11315468384629, 33.49055414837177], [-112.11316366699913, 33.49055414837177]]}, "properties": {"confidence": "high"}}, {"type": "Feature", "geometry": {"type": "LineString", "coordinates": [[-112.11085499671894, 33.49055414837177], [-112.11085499671894, 33.49054665663035], [-112.1108460135661, 33.49054665663035], [-112.1108460135661, 33.49055414837177], [-112.11085499671894, 33.49055414837177]]}, "properties": {"confidence": "high"}}, {"type": "Feature", "geometry": {"type": "LineString", "coordinates": [[-112.11041482222973, 33.49055414837177], [-112.11041482222973, 33.49054665663035], [-112.11039685592404, 33.49054665663035], [-112.11039685592404, 33.49055414837177], [-112.11041482222973, 33.49055414837177]]}, "properties": {"confidence": "high"}}, {"type": "Feature", "geometry": {"type": "LineString", "coordinates": [[-112.10949854063992, 33.49055414837177], [-112.10949854063992, 33.49054665663035], [-112.10947159118139, 33.49054665663035], [-112.10947159118139, 33.49055414837177], [-112.10949854063992, 33.49055414837177]]}, "properties": {"confidence": "high"}}, {"type": "Feature", "geometry": {"type": "LineString", "coordinates": [[-112.10911226506775, 33.49055414837177], [-112.10911226506775, 33.49054665663035], [-112.10908531560924, 33.49054665663035], [-112.10908531560924, 33.49055414837177], [-112.10911226506775, 33.49055414837177]]}, "properties": {"confidence": "high"}}, {"type": "Feature", "geometry": {"type": "LineString", "coordinates": [[-112.11315468384629, 33.49054665663035], [-112.11315468384629, 33.49053916488828], [-112.11314570069345, 33.49053916488828], [-112.11314570069345, 33.49054665663035], [-112.11315468384629, 33.49054665663035]]}, "properties": {"confidence": "high"}}, {"type": "Feature", "geometry": {"type": "LineString", "coordinates": [[-112.11087296302463, 33.49054665663035], [-112.11087296302463, 33.49053916488828], [-112.11085499671894, 33.49053916488828], [-112.11085499671894, 33.49054665663035], [-112.11087296302463, 33.49054665663035]]}, "properties": {"confidence": "high"}}, {"type": "Feature", "geometry": {"type": "LineString", "coordinates": [[-112.11042380538257, 33.49054665663035], [-112.11042380538257, 33.49053916488828], [-112.11041482222973, 33.49053916488828], [-112.11041482222973, 33.49054665663035], [-112.11042380538257, 33.49054665663035]]}, "properties": {"confidence": "high"}}, {"type": "Feature", "geometry": {"type": "LineString", "coordinates": [[-112.1095165069456, 33.49054665663035], [-112.1095165069456, 33.49053916488828], [-112.10949854063992, 33.49053916488828], [-112.10949854063992, 33.49054665663035], [-112.1095165069456, 33.49054665663035]]}, "properties": {"confidence": "high"}}, {"type": "Feature", "geometry": {"type": "LineString", "coordinates": [[-112.10908531560924, 33.49054665663035], [-112.10908531560924, 33.49053916488828], [-112.1090583661507, 33.49053916488828], [-112.1090583661507, 33.49054665663035], [-112.10908531560924, 33.49054665663035]]}, "properties": {"confidence": "high"}}, {"type": "Feature", "geometry": {"type": "LineString", "coordinates": [[-112.11314570069345, 33.49053916488828], [-112.11314570069345, 33.49053167314557], [-112.11313671754061, 33.49053167314557], [-112.11313671754061, 33.49053916488828], [-112.11314570069345, 33.49053916488828]]}, "properties": {"confidence": "high"}}, {"type": "Feature", "geometry": {"type": "LineString", "coordinates": [[-112.11088194617747, 33.49053916488828], [-112.11088194617747, 33.49053167314557], [-112.11087296302463, 33.49053167314557], [-112.11087296302463, 33.49053916488828], [-112.11088194617747, 33.49053916488828]]}, "properties": {"confidence": "high"}}, {"type": "Feature", "geometry": {"type": "LineString", "coordinates": [[-112.11044177168824, 33.49053916488828], [-112.11044177168824, 33.49053167314557], [-112.11042380538257, 33.49053167314557], [-112.11042380538257, 33.49053916488828], [-112.11044177168824, 33.49053916488828]]}, "properties": {"confidence": "high"}}, {"type": "Feature", "geometry": {"type": "LineString", "coordinates": [[-112.10953447325129, 33.49053916488828], [-112.10953447325129, 33.49053167314557], [-112.1095165069456, 33.49053167314557], [-112.1095165069456, 33.49053916488828], [-112.10953447325129, 33.49053916488828]]}, "properties": {"confidence": "high"}}, {"type": "Feature", "geometry": {"type": "LineString", "coordinates": [[-112.1090583661507, 33.49053916488828], [-112.1090583661507, 33.49053167314557], [-112.10904039984503, 33.49053167314557], [-112.10904039984503, 33.49053916488828], [-112.1090583661507, 33.49053916488828]]}, "properties": {"confidence": "high"}}, {"type": "Feature", "geometry": {"type": "LineString", "coordinates": [[-112.10839361284044, 33.49074893342114], [-112.10839361284044, 33.49052418140221], [-112.1083846296876, 33.49052418140221], [-112.1083846296876, 33.49074893342114], [-112.10839361284044, 33.49074893342114]]}, "properties": {"confidence": "high"}}, {"type": "Feature", "geometry": {"type": "LineString", "coordinates": [[-112.11313671754061, 33.49053167314557], [-112.11313671754061, 33.49052418140221], [-112.11312773438777, 33.49052418140221], [-112.11312773438777, 33.49053167314557], [-112.11313671754061, 33.49053167314557]]}, "properties": {"confidence": "high"}}, {"type": "Feature", "geometry": {"type": "LineString", "coordinates": [[-112.11089991248315, 33.49053167314557], [-112.11089991248315, 33.49052418140221], [-112.11088194617747, 33.49052418140221], [-112.11088194617747, 33.49053167314557], [-112.11089991248315, 33.49053167314557]]}, "properties": {"confidence": "high"}}, {"type": "Feature", "geometry": {"type": "LineString", "coordinates": [[-112.1104507548411, 33.49053167314557], [-112.1104507548411, 33.49052418140221], [-112.11044177168824, 33.49052418140221], [-112.11044177168824, 33.49053167314557], [-112.1104507548411, 33.49053167314557]]}, "properties": {"confidence": "high"}}, {"type": "Feature", "geometry": {"type": "LineString", "coordinates": [[-112.10956142270982, 33.49053167314557], [-112.10956142270982, 33.49052418140221], [-112.10953447325129, 33.49052418140221], [-112.10953447325129, 33.49053167314557], [-112.10956142270982, 33.49053167314557]]}, "properties": {"confidence": "high"}}, {"type": "Feature", "geometry": {"type": "LineString", "coordinates": [[-112.10904039984503, 33.49053167314557], [-112.10904039984503, 33.49052418140221], [-112.10900446723366, 33.49052418140221], [-112.10900446723366, 33.49053167314557], [-112.10904039984503, 33.49053167314557]]}, "properties": {"confidence": "high"}}, {"type": "Feature", "geometry": {"type": "LineString", "coordinates": [[-112.11312773438777, 33.49052418140221], [-112.11312773438777, 33.4905166896582], [-112.11311875123494, 33.4905166896582], [-112.11311875123494, 33.49052418140221], [-112.11312773438777, 33.49052418140221]]}, "properties": {"confidence": "high"}}, {"type": "Feature", "geometry": {"type": "LineString", "coordinates": [[-112.11091787878884, 33.49052418140221], [-112.11091787878884, 33.4905166896582], [-112.11089991248315, 33.4905166896582], [-112.11089991248315, 33.49052418140221], [-112.11091787878884, 33.49052418140221]]}, "properties": {"confidence": "high"}}, {"type": "Feature", "geometry": {"type": "LineString", "coordinates": [[-112.11045973799393, 33.49052418140221], [-112.11045973799393, 33.4905166896582], [-112.1104507548411, 33.4905166896582], [-112.1104507548411, 33.49052418140221], [-112.11045973799393, 33.49052418140221]]}, "properties": {"confidence": "high"}}, {"type": "Feature", "geometry": {"type": "LineString", "coordinates": [[-112.10957938901551, 33.49052418140221], [-112.10957938901551, 33.4905166896582], [-112.10956142270982, 33.4905166896582], [-112.10956142270982, 33.49052418140221], [-112.10957938901551, 33.49052418140221]]}, "properties": {"confidence": "high"}}, {"type": "Feature", "geometry": {"type": "LineString", "coordinates": [[-112.10900446723366, 33.49052418140221], [-112.10900446723366, 33.4905166896582], [-112.10897751777514, 33.4905166896582], [-112.10897751777514, 33.49052418140221], [-112.10900446723366, 33.49052418140221]]}, "properties": {"confidence": "high"}}, {"type": "Feature", "geometry": {"type": "LineString", "coordinates": [[-112.11311875123494, 33.4905166896582], [-112.11311875123494, 33.49050919791354], [-112.11310976808208, 33.49050919791354], [-112.11310976808208, 33.4905166896582], [-112.11311875123494, 33.4905166896582]]}, "properties": {"confidence": "high"}}, {"type": "Feature", "geometry": {"type": "LineString", "coordinates": [[-112.11092686194168, 33.4905166896582], [-112.11092686194168, 33.49050919791354], [-112.11091787878884, 33.49050919791354], [-112.11091787878884, 33.4905166896582], [-112.11092686194168, 33.4905166896582]]}, "properties": {"confidence": "high"}}, {"type": "Feature", "geometry": {"type": "LineString", "coordinates": [[-112.11047770429961, 33.4905166896582], [-112.11047770429961, 33.49050919791354], [-112.11045973799393, 33.49050919791354], [-112.11045973799393, 33.4905166896582], [-112.11047770429961, 33.4905166896582]]}, "properties": {"confidence": "high"}}, {"type": "Feature", "geometry": {"type": "LineString", "coordinates": [[-112.10959735532118, 33.4905166896582], [-112.10959735532118, 33.49050919791354], [-112.10957938901551, 33.49050919791354], [-112.10957938901551, 33.4905166896582], [-112.10959735532118, 33.4905166896582]]}, "properties": {"confidence": "high"}}, {"type": "Feature", "geometry": {"type": "LineString", "coordinates": [[-112.10897751777514, 33.4905166896582], [-112.10897751777514, 33.49050919791354], [-112.1089505683166, 33.49050919791354], [-112.1089505683166, 33.4905166896582], [-112.10897751777514, 33.4905166896582]]}, "properties": {"confidence": "high"}}, {"type": "Feature", "geometry": {"type": "LineString", "coordinates": [[-112.11310976808208, 33.49050919791354], [-112.11310976808208, 33.49050170616823], [-112.11310078492924, 33.49050170616823], [-112.11310078492924, 33.49050919791354], [-112.11310976808208, 33.49050919791354]]}, "properties": {"confidence": "high"}}, {"type": "Feature", "geometry": {"type": "LineString", "coordinates": [[-112.11094482824736, 33.49050919791354], [-112.11094482824736, 33.49050170616823], [-112.11092686194168, 33.49050170616823], [-112.11092686194168, 33.49050919791354], [-112.11094482824736, 33.49050919791354]]}, "properties": {"confidence": "high"}}, {"type": "Feature", "geometry": {"type": "LineString", "coordinates": [[-112.11048668745245, 33.49050919791354], [-112.11048668745245, 33.49050170616823], [-112.11047770429961, 33.49050170616823], [-112.11047770429961, 33.49050919791354], [-112.11048668745245, 33.49050919791354]]}, "properties": {"confidence": "high"}}, {"type": "Feature", "geometry": {"type": "LineString", "coordinates": [[-112.10960633847402, 33.49050919791354], [-112.10960633847402, 33.49050170616823], [-112.10959735532118, 33.49050170616823], [-112.10959735532118, 33.49050919791354], [-112.10960633847402, 33.49050919791354]]}, "properties": {"confidence": "high"}}, {"type": "Feature", "geometry": {"type": "LineString", "coordinates": [[-112.1089505683166, 33.49050919791354], [-112.1089505683166, 33.49050170616823], [-112.10891463570525, 33.49050170616823], [-112.10891463570525, 33.49050919791354], [-112.1089505683166, 33.49050919791354]]}, "properties": {"confidence": "high"}}, {"type": "Feature", "geometry": {"type": "LineString", "coordinates": [[-112.11310078492924, 33.49050170616823], [-112.11310078492924, 33.49049421442228], [-112.1130918017764, 33.49049421442228], [-112.1130918017764, 33.49050170616823], [-112.11310078492924, 33.49050170616823]]}, "properties": {"confidence": "high"}}, {"type": "Feature", "geometry": {"type": "LineString", "coordinates": [[-112.11096279455305, 33.49050170616823], [-112.11096279455305, 33.49049421442228], [-112.11094482824736, 33.49049421442228], [-112.11094482824736, 33.49050170616823], [-112.11096279455305, 33.49050170616823]]}, "properties": {"confidence": "high"}}, {"type": "Feature", "geometry": {"type": "LineString", "coordinates": [[-112.11049567060529, 33.49050170616823], [-112.11049567060529, 33.49049421442228], [-112.11048668745245, 33.49049421442228], [-112.11048668745245, 33.49050170616823], [-112.11049567060529, 33.49050170616823]]}, "properties": {"confidence": "high"}}, {"type": "Feature", "geometry": {"type": "LineString", "coordinates": [[-112.1096243047797, 33.49050170616823], [-112.1096243047797, 33.49049421442228], [-112.10960633847402, 33.49049421442228], [-112.10960633847402, 33.49050170616823], [-112.1096243047797, 33.49050170616823]]}, "properties": {"confidence": "high"}}, {"type": "Feature", "geometry": {"type": "LineString", "coordinates": [[-112.10891463570525, 33.49050170616823], [-112.10891463570525, 33.49049421442228], [-112.10888768624672, 33.49049421442228], [-112.10888768624672, 33.49050170616823], [-112.10891463570525, 33.49050170616823]]}, "properties": {"confidence": "high"}}, {"type": "Feature", "geometry": {"type": "LineString", "coordinates": [[-112.1130918017764, 33.49049421442228], [-112.1130918017764, 33.49048672267567], [-112.11308281862357, 33.49048672267567], [-112.11308281862357, 33.49049421442228], [-112.1130918017764, 33.49049421442228]]}, "properties": {"confidence": "high"}}, {"type": "Feature", "geometry": {"type": "LineString", "coordinates": [[-112.11098076085872, 33.49049421442228], [-112.11098076085872, 33.49048672267567], [-112.11096279455305, 33.49048672267567], [-112.11096279455305, 33.49049421442228], [-112.11098076085872, 33.49049421442228]]}, "properties": {"confidence": "high"}}, {"type": "Feature", "geometry": {"type": "LineString", "coordinates": [[-112.11051363691098, 33.49049421442228], [-112.11051363691098, 33.49048672267567], [-112.11049567060529, 33.49048672267567], [-112.11049567060529, 33.49049421442228], [-112.11051363691098, 33.49049421442228]]}, "properties": {"confidence": "high"}}, {"type": "Feature", "geometry": {"type": "LineString", "coordinates": [[-112.10964227108539, 33.49049421442228], [-112.10964227108539, 33.49048672267567], [-112.1096243047797, 33.49048672267567], [-112.1096243047797, 33.49049421442228], [-112.10964227108539, 33.49049421442228]]}, "properties": {"confidence": "high"}}, {"type": "Feature", "geometry": {"type": "LineString", "coordinates": [[-112.10888768624672, 33.49049421442228], [-112.10888768624672, 33.49048672267567], [-112.1088607367882, 33.49048672267567], [-112.1088607367882, 33.49049421442228], [-112.10888768624672, 33.49049421442228]]}, "properties": {"confidence": "high"}}, {"type": "Feature", "geometry": {"type": "LineString", "coordinates": [[-112.11308281862357, 33.49048672267567], [-112.11308281862357, 33.49047923092842], [-112.11307383547073, 33.49047923092842], [-112.11307383547073, 33.49048672267567], [-112.11308281862357, 33.49048672267567]]}, "properties": {"confidence": "high"}}, {"type": "Feature", "geometry": {"type": "LineString", "coordinates": [[-112.1109987271644, 33.49048672267567], [-112.1109987271644, 33.49047923092842], [-112.11098076085872, 33.49047923092842], [-112.11098076085872, 33.49048672267567], [-112.1109987271644, 33.49048672267567]]}, "properties": {"confidence": "high"}}, {"type": "Feature", "geometry": {"type": "LineString", "coordinates": [[-112.11052262006382, 33.49048672267567], [-112.11052262006382, 33.49047923092842], [-112.11051363691098, 33.49047923092842], [-112.11051363691098, 33.49048672267567], [-112.11052262006382, 33.49048672267567]]}, "properties": {"confidence": "high"}}, {"type": "Feature", "geometry": {"type": "LineString", "coordinates": [[-112.10966023739107, 33.49048672267567], [-112.10966023739107, 33.49047923092842], [-112.10964227108539, 33.49047923092842], [-112.10964227108539, 33.49048672267567], [-112.10966023739107, 33.49048672267567]]}, "properties": {"confidence": "high"}}, {"type": "Feature", "geometry": {"type": "LineString", "coordinates": [[-112.1088607367882, 33.49048672267567], [-112.1088607367882, 33.49047923092842], [-112.1087978547183, 33.49047923092842], [-112.1087978547183, 33.49048672267567], [-112.1088607367882, 33.49048672267567]]}, "properties": {"confidence": "high"}}, {"type": "Feature", "geometry": {"type": "LineString", "coordinates": [[-112.11307383547073, 33.49047923092842], [-112.11307383547073, 33.49047173918052], [-112.11306485231788, 33.49047173918052], [-112.11306485231788, 33.49047923092842], [-112.11307383547073, 33.49047923092842]]}, "properties": {"confidence": "high"}}, {"type": "Feature", "geometry": {"type": "LineString", "coordinates": [[-112.11100771031724, 33.49047923092842], [-112.11100771031724, 33.49047173918052], [-112.1109987271644, 33.49047173918052], [-112.1109987271644, 33.49047923092842], [-112.11100771031724, 33.49047923092842]]}, "properties": {"confidence": "high"}}, {"type": "Feature", "geometry": {"type": "LineString", "coordinates": [[-112.11053160321666, 33.49047923092842], [-112.11053160321666, 33.49047173918052], [-112.11052262006382, 33.49047173918052], [-112.11052262006382, 33.49047923092842], [-112.11053160321666, 33.49047923092842]]}, "properties": {"confidence": "high"}}, {"type": "Feature", "geometry": {"type": "LineString", "coordinates": [[-112.1096692205439, 33.49047923092842], [-112.1096692205439, 33.49047173918052], [-112.10966023739107, 33.49047173918052], [-112.10966023739107, 33.49047923092842], [-112.1096692205439, 33.49047923092842]]}, "properties": {"confidence": "high"}}, {"type": "Feature", "geometry": {"type": "LineString", "coordinates": [[-112.1087978547183, 33.49047923092842], [-112.1087978547183, 33.49047173918052], [-112.10874395580126, 33.49047173918052], [-112.10874395580126, 33.49047923092842], [-112.1087978547183, 33.49047923092842]]}, "properties": {"confidence": "high"}}, {"type": "Feature", "geometry": {"type": "LineString", "coordinates": [[-112.11306485231788, 33.49047173918052], [-112.11306485231788, 33.49046424743197], [-112.11305586916504, 33.49046424743197], [-112.11305586916504, 33.49047173918052], [-112.11306485231788, 33.49047173918052]]}, "properties": {"confidence": "high"}}, {"type": "Feature", "geometry": {"type": "LineString", "coordinates": [[-112.11102567662293, 33.49047173918052], [-112.11102567662293, 33.49046424743197], [-112.11100771031724, 33.49046424743197], [-112.11100771031724, 33.49047173918052], [-112.11102567662293, 33.49047173918052]]}, "properties": {"confidence": "high"}}, {"type": "Feature", "geometry": {"type": "LineString", "coordinates": [[-112.11054956952233, 33.49047173918052], [-112.11054956952233, 33.49046424743197], [-112.11053160321666, 33.49046424743197], [-112.11053160321666, 33.49047173918052], [-112.11054956952233, 33.49047173918052]]}, "properties": {"confidence": "high"}}, {"type": "Feature", "geometry": {"type": "LineString", "coordinates": [[-112.1096871868496, 33.49047173918052], [-112.1096871868496, 33.49046424743197], [-112.1096692205439, 33.49046424743197], [-112.1096692205439, 33.49047173918052], [-112.1096871868496, 33.49047173918052]]}, "properties": {"confidence": "high"}}, {"type": "Feature", "geometry": {"type": "LineString", "coordinates": [[-112.10874395580126, 33.49047173918052], [-112.10874395580126, 33.49046424743197], [-112.10865412427286, 33.49046424743197], [-112.10865412427286, 33.49047173918052], [-112.10874395580126, 33.49047173918052]]}, "properties": {"confidence": "high"}}, {"type": "Feature", "geometry": {"type": "LineString", "coordinates": [[-112.10719885351257, 33.49047173918052], [-112.10719885351257, 33.49046424743197], [-112.10708207252564, 33.49046424743197], [-112.10708207252564, 33.49047173918052], [-112.10719885351257, 33.49047173918052]]}, "properties": {"confidence": "high"}}, {"type": "Feature", "geometry": {"type": "LineString", "coordinates": [[-112.10698325784439, 33.49047173918052], [-112.10698325784439, 33.49046424743197], [-112.10675867902337, 33.49046424743197], [-112.10675867902337, 33.49047173918052], [-112.10698325784439, 33.49047173918052]]}, "properties": {"confidence": "high"}}, {"type": "Feature", "geometry": {"type": "LineString", "coordinates": [[-112.10664189803641, 33.49047173918052], [-112.10664189803641, 33.49046424743197], [-112.10662393173074, 33.49046424743197], [-112.10662393173074, 33.49047173918052], [-112.10664189803641, 33.49047173918052]]}, "properties": {"confidence": "high"}}, {"type": "Feature", "geometry": {"type": "LineString", "coordinates": [[-112.11305586916504, 33.49046424743197], [-112.11305586916504, 33.49045675568278], [-112.1130468860122, 33.49045675568278], [-112.1130468860122, 33.49046424743197], [-112.11305586916504, 33.49046424743197]]}, "properties": {"confidence": "high"}}, {"type": "Feature", "geometry": {"type": "LineString", "coordinates": [[-112.1110436429286, 33.49046424743197], [-112.1110436429286, 33.49045675568278], [-112.11102567662293, 33.49045675568278], [-112.11102567662293, 33.49046424743197], [-112.1110436429286, 33.49046424743197]]}, "properties": {"confidence": "high"}}, {"type": "Feature", "geometry": {"type": "LineString", "coordinates": [[-112.11055855267519, 33.49046424743197], [-112.11055855267519, 33.49045675568278], [-112.11054956952233, 33.49045675568278], [-112.11054956952233, 33.49046424743197], [-112.11055855267519, 33.49046424743197]]}, "properties": {"confidence": "high"}}, {"type": "Feature", "geometry": {"type": "LineString", "coordinates": [[-112.10969617000244, 33.49046424743197], [-112.10969617000244, 33.49045675568278], [-112.1096871868496, 33.49045675568278], [-112.1096871868496, 33.49046424743197], [-112.10969617000244, 33.49046424743197]]}, "properties": {"confidence": "high"}}, {"type": "Feature", "geometry": {"type": "LineString", "coordinates": [[-112.10865412427286, 33.49046424743197], [-112.10865412427286, 33.49045675568278], [-112.1084475117575, 33.49045675568278], [-112.1084475117575, 33.49046424743197], [-112.10865412427286, 33.49046424743197]]}, "properties": {"confidence": "high"}}, {"type": "Feature", "geometry": {"type": "LineString", "coordinates": [[-112.10832174761772, 33.49046424743197], [-112.10832174761772, 33.49045675568278], [-112.10802530357397, 33.49045675568278], [-112.10802530357397, 33.49046424743197], [-112.10832174761772, 33.49046424743197]]}, "properties": {"confidence": "high"}}, {"type": "Feature", "geometry": {"type": "LineString", "coordinates": [[-112.10796242150408, 33.49046424743197], [-112.10796242150408, 33.49045675568278], [-112.10785462367, 33.49045675568278], [-112.10785462367, 33.49046424743197], [-112.10796242150408, 33.49046424743197]]}, "properties": {"confidence": "high"}}, {"type": "Feature", "geometry": {"type": "LineString", "coordinates": [[-112.10780072475293, 33.49046424743197], [-112.10780072475293, 33.49045675568278], [-112.10719885351257, 33.49045675568278], [-112.10719885351257, 33.49046424743197], [-112.10780072475293, 33.49046424743197]]}, "properties": {"confidence": "high"}}, {"type": "Feature", "geometry": {"type": "LineString", "coordinates": [[-112.10708207252564, 33.49046424743197], [-112.10708207252564, 33.49045675568278], [-112.10698325784439, 33.49045675568278], [-112.10698325784439, 33.49046424743197], [-112.10708207252564, 33.49046424743197]]}, "properties": {"confidence": "high"}}, {"type": "Feature", "geometry": {"type": "LineString", "coordinates": [[-112.10675867902337, 33.49046424743197], [-112.10675867902337, 33.49045675568278], [-112.10664189803641, 33.49045675568278], [-112.10664189803641, 33.49046424743197], [-112.10675867902337, 33.49046424743197]]}, "properties": {"confidence": "high"}}, {"type": "Feature", "geometry": {"type": "LineString", "coordinates": [[-112.11301993655368, 33.49073394997136], [-112.11301993655368, 33.49044926393294], [-112.11301095340083, 33.49044926393294], [-112.11301095340083, 33.49073394997136], [-112.11301993655368, 33.49073394997136]]}, "properties": {"confidence": "high"}}, {"type": "Feature", "geometry": {"type": "LineString", "coordinates": [[-112.1130468860122, 33.49045675568278], [-112.1130468860122, 33.49044926393294], [-112.11303790285936, 33.49044926393294], [-112.11303790285936, 33.49045675568278], [-112.1130468860122, 33.49045675568278]]}, "properties": {"confidence": "high"}}, {"type": "Feature", "geometry": {"type": "LineString", "coordinates": [[-112.11106160923428, 33.49045675568278], [-112.11106160923428, 33.49044926393294], [-112.1110436429286, 33.49044926393294], [-112.1110436429286, 33.49045675568278], [-112.11106160923428, 33.49045675568278]]}, "properties": {"confidence": "high"}}, {"type": "Feature", "geometry": {"type": "LineString", "coordinates": [[-112.11057651898086, 33.49045675568278], [-112.11057651898086, 33.49044926393294], [-112.11055855267519, 33.49044926393294], [-112.11055855267519, 33.49045675568278], [-112.11057651898086, 33.49045675568278]]}, "properties": {"confidence": "high"}}, {"type": "Feature", "geometry": {"type": "LineString", "coordinates": [[-112.10971413630811, 33.49045675568278], [-112.10971413630811, 33.49044926393294], [-112.10969617000244, 33.49044926393294], [-112.10969617000244, 33.49045675568278], [-112.10971413630811, 33.49045675568278]]}, "properties": {"confidence": "high"}}, {"type": "Feature", "geometry": {"type": "LineString", "coordinates": [[-112.10802530357397, 33.49045675568278], [-112.10802530357397, 33.49044926393294], [-112.10796242150408, 33.49044926393294], [-112.10796242150408, 33.49045675568278], [-112.10802530357397, 33.49045675568278]]}, "properties": {"confidence": "high"}}, {"type": "Feature", "geometry": {"type": "LineString", "coordinates": [[-112.10785462367, 33.49045675568278], [-112.10785462367, 33.49044926393294], [-112.10780072475293, 33.49044926393294], [-112.10780072475293, 33.49045675568278], [-112.10785462367, 33.49045675568278]]}, "properties": {"confidence": "high"}}, {"type": "Feature", "geometry": {"type": "LineString", "coordinates": [[-112.11107957553997, 33.49044926393294], [-112.11107957553997, 33.49044177218245], [-112.11106160923428, 33.49044177218245], [-112.11106160923428, 33.49044926393294], [-112.11107957553997, 33.49044926393294]]}, "properties": {"confidence": "high"}}, {"type": "Feature", "geometry": {"type": "LineString", "coordinates": [[-112.1105855021337, 33.49044926393294], [-112.1105855021337, 33.49044177218245], [-112.11057651898086, 33.49044177218245], [-112.11057651898086, 33.49044926393294], [-112.1105855021337, 33.49044926393294]]}, "properties": {"confidence": "high"}}, {"type": "Feature", "geometry": {"type": "LineString", "coordinates": [[-112.10972311946095, 33.49044926393294], [-112.10972311946095, 33.49044177218245], [-112.10971413630811, 33.49044177218245], [-112.10971413630811, 33.49044926393294], [-112.10972311946095, 33.49044926393294]]}, "properties": {"confidence": "high"}}, {"type": "Feature", "geometry": {"type": "LineString", "coordinates": [[-112.11109754184565, 33.49044177218245], [-112.11109754184565, 33.4904342804313], [-112.11107957553997, 33.4904342804313], [-112.11107957553997, 33.49044177218245], [-112.11109754184565, 33.49044177218245]]}, "properties": {"confidence": "high"}}, {"type": "Feature", "geometry": {"type": "LineString", "coordinates": [[-112.1106034684394, 33.49044177218245], [-112.1106034684394, 33.4904342804313], [-112.1105855021337, 33.4904342804313], [-112.1105855021337, 33.49044177218245], [-112.1106034684394, 33.49044177218245]]}, "properties": {"confidence": "high"}}, {"type": "Feature", "geometry": {"type": "LineString", "coordinates": [[-112.10974108576664, 33.49044177218245], [-112.10974108576664, 33.4904342804313], [-112.10972311946095, 33.4904342804313], [-112.10972311946095, 33.49044177218245], [-112.10974108576664, 33.49044177218245]]}, "properties": {"confidence": "high"}}, {"type": "Feature", "geometry": {"type": "LineString", "coordinates": [[-112.11110652499849, 33.4904342804313], [-112.11110652499849, 33.490426788679514], [-112.11109754184565, 33.490426788679514], [-112.11109754184565, 33.4904342804313], [-112.11110652499849, 33.4904342804313]]}, "properties": {"confidence": "high"}}, {"type": "Feature", "geometry": {"type": "LineString", "coordinates": [[-112.11062143474507, 33.4904342804313], [-112.11062143474507, 33.490426788679514], [-112.1106034684394, 33.490426788679514], [-112.1106034684394, 33.4904342804313], [-112.11062143474507, 33.4904342804313]]}, "properties": {"confidence": "high"}}, {"type": "Feature", "geometry": {"type": "LineString", "coordinates": [[-112.10975006891948, 33.4904342804313], [-112.10975006891948, 33.490426788679514], [-112.10974108576664, 33.490426788679514], [-112.10974108576664, 33.4904342804313], [-112.10975006891948, 33.4904342804313]]}, "properties": {"confidence": "high"}}, {"type": "Feature", "geometry": {"type": "LineString", "coordinates": [[-112.11112449130418, 33.490426788679514], [-112.11112449130418, 33.49041929692707], [-112.11110652499849, 33.49041929692707], [-112.11110652499849, 33.490426788679514], [-112.11112449130418, 33.490426788679514]]}, "properties": {"confidence": "high"}}, {"type": "Feature", "geometry": {"type": "LineString", "coordinates": [[-112.11063940105075, 33.490426788679514], [-112.11063940105075, 33.49041929692707], [-112.11062143474507, 33.49041929692707], [-112.11062143474507, 33.490426788679514], [-112.11063940105075, 33.490426788679514]]}, "properties": {"confidence": "high"}}, {"type": "Feature", "geometry": {"type": "LineString", "coordinates": [[-112.10976803522516, 33.490426788679514], [-112.10976803522516, 33.49041929692707], [-112.10975006891948, 33.49041929692707], [-112.10975006891948, 33.490426788679514], [-112.10976803522516, 33.490426788679514]]}, "properties": {"confidence": "high"}}, {"type": "Feature", "geometry": {"type": "LineString", "coordinates": [[-112.11114245760986, 33.49041929692707], [-112.11114245760986, 33.49041180517399], [-112.11112449130418, 33.49041180517399], [-112.11112449130418, 33.49041929692707], [-112.11114245760986, 33.49041929692707]]}, "properties": {"confidence": "high"}}, {"type": "Feature", "geometry": {"type": "LineString", "coordinates": [[-112.11064838420359, 33.49041929692707], [-112.11064838420359, 33.49041180517399], [-112.11063940105075, 33.49041180517399], [-112.11063940105075, 33.49041929692707], [-112.11064838420359, 33.49041929692707]]}, "properties": {"confidence": "high"}}, {"type": "Feature", "geometry": {"type": "LineString", "coordinates": [[-112.109777018378, 33.49041929692707], [-112.109777018378, 33.49041180517399], [-112.10976803522516, 33.49041180517399], [-112.10976803522516, 33.49041929692707], [-112.109777018378, 33.49041929692707]]}, "properties": {"confidence": "high"}}, {"type": "Feature", "geometry": {"type": "LineString", "coordinates": [[-112.11301993655368, 33.49041180517399], [-112.11301993655368, 33.490404313420264], [-112.11301095340083, 33.490404313420264], [-112.11301095340083, 33.49041180517399], [-112.11301993655368, 33.49041180517399]]}, "properties": {"confidence": "high"}}, {"type": "Feature", "geometry": {"type": "LineString", "coordinates": [[-112.11116042391554, 33.49041180517399], [-112.11116042391554, 33.490404313420264], [-112.11114245760986, 33.490404313420264], [-112.11114245760986, 33.49041180517399], [-112.11116042391554, 33.49041180517399]]}, "properties": {"confidence": "high"}}, {"type": "Feature", "geometry": {"type": "LineString", "coordinates": [[-112.11066635050928, 33.49041180517399], [-112.11066635050928, 33.490404313420264], [-112.11064838420359, 33.490404313420264], [-112.11064838420359, 33.49041180517399], [-112.11066635050928, 33.49041180517399]]}, "properties": {"confidence": "high"}}, {"type": "Feature", "geometry": {"type": "LineString", "coordinates": [[-112.10978600153085, 33.49041180517399], [-112.10978600153085, 33.490404313420264], [-112.109777018378, 33.490404313420264], [-112.109777018378, 33.49041180517399], [-112.10978600153085, 33.49041180517399]]}, "properties": {"confidence": "high"}}, {"type": "Feature", "geometry": {"type": "LineString", "coordinates": [[-112.11303790285936, 33.49044926393294], [-112.11303790285936, 33.49044177218245], [-112.11302891970652, 33.49044177218245], [-112.11302891970652, 33.49041929692707], [-112.11303790285936, 33.49041929692707], [-112.11303790285936, 33.49039682166588], [-112.11302891970652, 33.49039682166588], [-112.11302891970652, 33.49041180517399], [-112.11301993655368, 33.49041180517399], [-112.11301993655368, 33.49044926393294], [-112.11303790285936, 33.49044926393294]]}, "properties": {"confidence": "high"}}, {"type": "Feature", "geometry": {"type": "LineString", "coordinates": [[-112.11301095340083, 33.490404313420264], [-112.11301095340083, 33.49039682166588], [-112.11300197024799, 33.49039682166588], [-112.11300197024799, 33.490404313420264], [-112.11301095340083, 33.490404313420264]]}, "properties": {"confidence": "high"}}, {"type": "Feature", "geometry": {"type": "LineString", "coordinates": [[-112.11117839022123, 33.490404313420264], [-112.11117839022123, 33.49039682166588], [-112.11116042391554, 33.49039682166588], [-112.11116042391554, 33.490404313420264], [-112.11117839022123, 33.490404313420264]]}, "properties": {"confidence": "high"}}, {"type": "Feature", "geometry": {"type": "LineString", "coordinates": [[-112.11067533366212, 33.490404313420264], [-112.11067533366212, 33.49039682166588], [-112.11066635050928, 33.49039682166588], [-112.11066635050928, 33.490404313420264], [-112.11067533366212, 33.490404313420264]]}, "properties": {"confidence": "high"}}, {"type": "Feature", "geometry": {"type": "LineString", "coordinates": [[-112.10979498468369, 33.490404313420264], [-112.10979498468369, 33.49039682166588], [-112.10978600153085, 33.49039682166588], [-112.10978600153085, 33.490404313420264], [-112.10979498468369, 33.490404313420264]]}, "properties": {"confidence": "high"}}, {"type": "Feature", "geometry": {"type": "LineString", "coordinates": [[-112.11300197024799, 33.49039682166588], [-112.11300197024799, 33.490389329910855], [-112.11299298709515, 33.490389329910855], [-112.11299298709515, 33.49039682166588], [-112.11300197024799, 33.49039682166588]]}, "properties": {"confidence": "high"}}, {"type": "Feature", "geometry": {"type": "LineString", "coordinates": [[-112.1111963565269, 33.49039682166588], [-112.1111963565269, 33.490389329910855], [-112.11117839022123, 33.490389329910855], [-112.11117839022123, 33.49039682166588], [-112.1111963565269, 33.49039682166588]]}, "properties": {"confidence": "high"}}, {"type": "Feature", "geometry": {"type": "LineString", "coordinates": [[-112.1106932999678, 33.49039682166588], [-112.1106932999678, 33.490389329910855], [-112.11067533366212, 33.490389329910855], [-112.11067533366212, 33.49039682166588], [-112.1106932999678, 33.49039682166588]]}, "properties": {"confidence": "high"}}, {"type": "Feature", "geometry": {"type": "LineString", "coordinates": [[-112.10981295098937, 33.49039682166588], [-112.10981295098937, 33.490389329910855], [-112.10979498468369, 33.490389329910855], [-112.10979498468369, 33.49039682166588], [-112.10981295098937, 33.49039682166588]]}, "properties": {"confidence": "high"}}, {"type": "Feature", "geometry": {"type": "LineString", "coordinates": [[-112.1130468860122, 33.49039682166588], [-112.1130468860122, 33.49038183815518], [-112.11303790285936, 33.49038183815518], [-112.11303790285936, 33.49039682166588], [-112.1130468860122, 33.49039682166588]]}, "properties": {"confidence": "high"}}, {"type": "Feature", "geometry": {"type": "LineString", "coordinates": [[-112.11299298709515, 33.490389329910855], [-112.11299298709515, 33.49038183815518], [-112.11298400394232, 33.49038183815518], [-112.11298400394232, 33.490389329910855], [-112.11299298709515, 33.490389329910855]]}, "properties": {"confidence": "high"}}, {"type": "Feature", "geometry": {"type": "LineString", "coordinates": [[-112.11122330598543, 33.490389329910855], [-112.11122330598543, 33.49038183815518], [-112.1111963565269, 33.49038183815518], [-112.1111963565269, 33.490389329910855], [-112.11122330598543, 33.490389329910855]]}, "properties": {"confidence": "high"}}, {"type": "Feature", "geometry": {"type": "LineString", "coordinates": [[-112.1107112662735, 33.490389329910855], [-112.1107112662735, 33.49038183815518], [-112.1106932999678, 33.49038183815518], [-112.1106932999678, 33.490389329910855], [-112.1107112662735, 33.490389329910855]]}, "properties": {"confidence": "high"}}, {"type": "Feature", "geometry": {"type": "LineString", "coordinates": [[-112.1098219341422, 33.490389329910855], [-112.1098219341422, 33.49038183815518], [-112.10981295098937, 33.49038183815518], [-112.10981295098937, 33.490389329910855], [-112.1098219341422, 33.490389329910855]]}, "properties": {"confidence": "high"}}, {"type": "Feature", "geometry": {"type": "LineString", "coordinates": [[-112.11298400394232, 33.49038183815518], [-112.11298400394232, 33.49037434639885], [-112.11297502078948, 33.49037434639885], [-112.11297502078948, 33.49038183815518], [-112.11298400394232, 33.49038183815518]]}, "properties": {"confidence": "high"}}, {"type": "Feature", "geometry": {"type": "LineString", "coordinates": [[-112.1112592385968, 33.49038183815518], [-112.1112592385968, 33.49037434639885], [-112.11122330598543, 33.49037434639885], [-112.11122330598543, 33.49038183815518], [-112.1112592385968, 33.49038183815518]]}, "properties": {"confidence": "high"}}, {"type": "Feature", "geometry": {"type": "LineString", "coordinates": [[-112.11072024942634, 33.49038183815518], [-112.11072024942634, 33.49037434639885], [-112.1107112662735, 33.49037434639885], [-112.1107112662735, 33.49038183815518], [-112.11072024942634, 33.49038183815518]]}, "properties": {"confidence": "high"}}, {"type": "Feature", "geometry": {"type": "LineString", "coordinates": [[-112.10983091729504, 33.49038183815518], [-112.10983091729504, 33.49037434639885], [-112.1098219341422, 33.49037434639885], [-112.1098219341422, 33.49038183815518], [-112.10983091729504, 33.49038183815518]]}, "properties": {"confidence": "high"}}, {"type": "Feature", "geometry": {"type": "LineString", "coordinates": [[-112.11297502078948, 33.49037434639885], [-112.11297502078948, 33.49036685464188], [-112.11296603763664, 33.49036685464188], [-112.11296603763664, 33.49037434639885], [-112.11297502078948, 33.49037434639885]]}, "properties": {"confidence": "high"}}, {"type": "Feature", "geometry": {"type": "LineString", "coordinates": [[-112.11127720490249, 33.49037434639885], [-112.11127720490249, 33.49036685464188], [-112.1112592385968, 33.49036685464188], [-112.1112592385968, 33.49037434639885], [-112.11127720490249, 33.49037434639885]]}, "properties": {"confidence": "high"}}, {"type": "Feature", "geometry": {"type": "LineString", "coordinates": [[-112.11073821573201, 33.49037434639885], [-112.11073821573201, 33.49036685464188], [-112.11072024942634, 33.49036685464188], [-112.11072024942634, 33.49037434639885], [-112.11073821573201, 33.49037434639885]]}, "properties": {"confidence": "high"}}, {"type": "Feature", "geometry": {"type": "LineString", "coordinates": [[-112.10984888360073, 33.49037434639885], [-112.10984888360073, 33.49036685464188], [-112.10983091729504, 33.49036685464188], [-112.10983091729504, 33.49037434639885], [-112.10984888360073, 33.49037434639885]]}, "properties": {"confidence": "high"}}, {"type": "Feature", "geometry": {"type": "LineString", "coordinates": [[-112.11296603763664, 33.49036685464188], [-112.11296603763664, 33.490359362884256], [-112.11295705448379, 33.490359362884256], [-112.11295705448379, 33.49036685464188], [-112.11296603763664, 33.49036685464188]]}, "properties": {"confidence": "high"}}, {"type": "Feature", "geometry": {"type": "LineString", "coordinates": [[-112.11131313751385, 33.49036685464188], [-112.11131313751385, 33.490359362884256], [-112.11127720490249, 33.490359362884256], [-112.11127720490249, 33.49036685464188], [-112.11131313751385, 33.49036685464188]]}, "properties": {"confidence": "high"}}, {"type": "Feature", "geometry": {"type": "LineString", "coordinates": [[-112.11075618203769, 33.49036685464188], [-112.11075618203769, 33.490359362884256], [-112.11073821573201, 33.490359362884256], [-112.11073821573201, 33.49036685464188], [-112.11075618203769, 33.49036685464188]]}, "properties": {"confidence": "high"}}, {"type": "Feature", "geometry": {"type": "LineString", "coordinates": [[-112.10985786675357, 33.49036685464188], [-112.10985786675357, 33.490359362884256], [-112.10984888360073, 33.490359362884256], [-112.10984888360073, 33.49036685464188], [-112.10985786675357, 33.49036685464188]]}, "properties": {"confidence": "high"}}, {"type": "Feature", "geometry": {"type": "LineString", "coordinates": [[-112.11295705448379, 33.490359362884256], [-112.11295705448379, 33.49035187112599], [-112.11294807133095, 33.49035187112599], [-112.11294807133095, 33.490359362884256], [-112.11295705448379, 33.490359362884256]]}, "properties": {"confidence": "high"}}, {"type": "Feature", "geometry": {"type": "LineString", "coordinates": [[-112.11134907012521, 33.490359362884256], [-112.11134907012521, 33.49035187112599], [-112.11131313751385, 33.49035187112599], [-112.11131313751385, 33.490359362884256], [-112.11134907012521, 33.490359362884256]]}, "properties": {"confidence": "high"}}, {"type": "Feature", "geometry": {"type": "LineString", "coordinates": [[-112.11076516519054, 33.490359362884256], [-112.11076516519054, 33.49035187112599], [-112.11075618203769, 33.49035187112599], [-112.11075618203769, 33.490359362884256], [-112.11076516519054, 33.490359362884256]]}, "properties": {"confidence": "high"}}, {"type": "Feature", "geometry": {"type": "LineString", "coordinates": [[-112.10987583305925, 33.490359362884256], [-112.10987583305925, 33.49035187112599], [-112.10985786675357, 33.49035187112599], [-112.10985786675357, 33.490359362884256], [-112.10987583305925, 33.490359362884256]]}, "properties": {"confidence": "high"}}, {"type": "Feature", "geometry": {"type": "LineString", "coordinates": [[-112.11294807133095, 33.49035187112599], [-112.11294807133095, 33.49034437936706], [-112.1129390881781, 33.49034437936706], [-112.1129390881781, 33.49035187112599], [-112.11294807133095, 33.49035187112599]]}, "properties": {"confidence": "high"}}, {"type": "Feature", "geometry": {"type": "LineString", "coordinates": [[-112.11137601958374, 33.49035187112599], [-112.11137601958374, 33.49034437936706], [-112.11134907012521, 33.49034437936706], [-112.11134907012521, 33.49035187112599], [-112.11137601958374, 33.49035187112599]]}, "properties": {"confidence": "high"}}, {"type": "Feature", "geometry": {"type": "LineString", "coordinates": [[-112.11078313149622, 33.49035187112599], [-112.11078313149622, 33.49034437936706], [-112.11076516519054, 33.49034437936706], [-112.11076516519054, 33.49035187112599], [-112.11078313149622, 33.49035187112599]]}, "properties": {"confidence": "high"}}, {"type": "Feature", "geometry": {"type": "LineString", "coordinates": [[-112.1098848162121, 33.49035187112599], [-112.1098848162121, 33.49034437936706], [-112.10987583305925, 33.49034437936706], [-112.10987583305925, 33.49035187112599], [-112.1098848162121, 33.49035187112599]]}, "properties": {"confidence": "high"}}, {"type": "Feature", "geometry": {"type": "LineString", "coordinates": [[-112.1129390881781, 33.49034437936706], [-112.1129390881781, 33.4903368876075], [-112.11293010502526, 33.4903368876075], [-112.11293010502526, 33.49034437936706], [-112.1129390881781, 33.49034437936706]]}, "properties": {"confidence": "high"}}, {"type": "Feature", "geometry": {"type": "LineString", "coordinates": [[-112.1114119521951, 33.49034437936706], [-112.1114119521951, 33.4903368876075], [-112.11137601958374, 33.4903368876075], [-112.11137601958374, 33.49034437936706], [-112.1114119521951, 33.49034437936706]]}, "properties": {"confidence": "high"}}, {"type": "Feature", "geometry": {"type": "LineString", "coordinates": [[-112.1108010978019, 33.49034437936706], [-112.1108010978019, 33.4903368876075], [-112.11078313149622, 33.4903368876075], [-112.11078313149622, 33.49034437936706], [-112.1108010978019, 33.49034437936706]]}, "properties": {"confidence": "high"}}, {"type": "Feature", "geometry": {"type": "LineString", "coordinates": [[-112.10989379936494, 33.49034437936706], [-112.10989379936494, 33.4903368876075], [-112.1098848162121, 33.4903368876075], [-112.1098848162121, 33.49034437936706], [-112.10989379936494, 33.49034437936706]]}, "properties": {"confidence": "high"}}, {"type": "Feature", "geometry": {"type": "LineString", "coordinates": [[-112.11293010502526, 33.4903368876075], [-112.11293010502526, 33.49032939584728], [-112.11292112187242, 33.49032939584728], [-112.11292112187242, 33.4903368876075], [-112.11293010502526, 33.4903368876075]]}, "properties": {"confidence": "high"}}, {"type": "Feature", "geometry": {"type": "LineString", "coordinates": [[-112.11144788480647, 33.4903368876075], [-112.11144788480647, 33.49032939584728], [-112.1114119521951, 33.49032939584728], [-112.1114119521951, 33.4903368876075], [-112.11144788480647, 33.4903368876075]]}, "properties": {"confidence": "high"}}, {"type": "Feature", "geometry": {"type": "LineString", "coordinates": [[-112.11081008095475, 33.4903368876075], [-112.11081008095475, 33.49032939584728], [-112.1108010978019, 33.49032939584728], [-112.1108010978019, 33.4903368876075], [-112.11081008095475, 33.4903368876075]]}, "properties": {"confidence": "high"}}, {"type": "Feature", "geometry": {"type": "LineString", "coordinates": [[-112.10991176567062, 33.4903368876075], [-112.10991176567062, 33.49032939584728], [-112.10989379936494, 33.49032939584728], [-112.10989379936494, 33.4903368876075], [-112.10991176567062, 33.4903368876075]]}, "properties": {"confidence": "high"}}, {"type": "Feature", "geometry": {"type": "LineString", "coordinates": [[-112.11292112187242, 33.49032939584728], [-112.11292112187242, 33.49032190408642], [-112.11291213871958, 33.49032190408642], [-112.11291213871958, 33.49032939584728], [-112.11292112187242, 33.49032939584728]]}, "properties": {"confidence": "high"}}, {"type": "Feature", "geometry": {"type": "LineString", "coordinates": [[-112.11147483426498, 33.49032939584728], [-112.11147483426498, 33.49032190408642], [-112.11144788480647, 33.49032190408642], [-112.11144788480647, 33.49032939584728], [-112.11147483426498, 33.49032939584728]]}, "properties": {"confidence": "high"}}, {"type": "Feature", "geometry": {"type": "LineString", "coordinates": [[-112.11082804726043, 33.49032939584728], [-112.11082804726043, 33.49032190408642], [-112.11081008095475, 33.49032190408642], [-112.11081008095475, 33.49032939584728], [-112.11082804726043, 33.49032939584728]]}, "properties": {"confidence": "high"}}, {"type": "Feature", "geometry": {"type": "LineString", "coordinates": [[-112.10992074882346, 33.49032939584728], [-112.10992074882346, 33.49032190408642], [-112.10991176567062, 33.49032190408642], [-112.10991176567062, 33.49032939584728], [-112.10992074882346, 33.49032939584728]]}, "properties": {"confidence": "high"}}, {"type": "Feature", "geometry": {"type": "LineString", "coordinates": [[-112.11291213871958, 33.49032190408642], [-112.11291213871958, 33.49031441232491], [-112.11290315556673, 33.49031441232491], [-112.11290315556673, 33.49032190408642], [-112.11291213871958, 33.49032190408642]]}, "properties": {"confidence": "high"}}, {"type": "Feature", "geometry": {"type": "LineString", "coordinates": [[-112.11149280057067, 33.49032190408642], [-112.11149280057067, 33.49031441232491], [-112.11147483426498, 33.49031441232491], [-112.11147483426498, 33.49032190408642], [-112.11149280057067, 33.49032190408642]]}, "properties": {"confidence": "high"}}, {"type": "Feature", "geometry": {"type": "LineString", "coordinates": [[-112.1108460135661, 33.49032190408642], [-112.1108460135661, 33.49031441232491], [-112.11082804726043, 33.49031441232491], [-112.11082804726043, 33.49032190408642], [-112.1108460135661, 33.49032190408642]]}, "properties": {"confidence": "high"}}, {"type": "Feature", "geometry": {"type": "LineString", "coordinates": [[-112.1099297319763, 33.49032190408642], [-112.1099297319763, 33.49031441232491], [-112.10992074882346, 33.49031441232491], [-112.10992074882346, 33.49032190408642], [-112.1099297319763, 33.49032190408642]]}, "properties": {"confidence": "high"}}, {"type": "Feature", "geometry": {"type": "LineString", "coordinates": [[-112.11290315556673, 33.49031441232491], [-112.11290315556673, 33.49030692056275], [-112.11289417241389, 33.49030692056275], [-112.11289417241389, 33.49031441232491], [-112.11290315556673, 33.49031441232491]]}, "properties": {"confidence": "high"}}, {"type": "Feature", "geometry": {"type": "LineString", "coordinates": [[-112.11152873318204, 33.49031441232491], [-112.11152873318204, 33.49030692056275], [-112.11149280057067, 33.49030692056275], [-112.11149280057067, 33.49031441232491], [-112.11152873318204, 33.49031441232491]]}, "properties": {"confidence": "high"}}, {"type": "Feature", "geometry": {"type": "LineString", "coordinates": [[-112.1108639798718, 33.49031441232491], [-112.1108639798718, 33.49030692056275], [-112.1108460135661, 33.49030692056275], [-112.1108460135661, 33.49031441232491], [-112.1108639798718, 33.49031441232491]]}, "properties": {"confidence": "high"}}, {"type": "Feature", "geometry": {"type": "LineString", "coordinates": [[-112.10993871512915, 33.49031441232491], [-112.10993871512915, 33.49030692056275], [-112.1099297319763, 33.49030692056275], [-112.1099297319763, 33.49031441232491], [-112.10993871512915, 33.49031441232491]]}, "properties": {"confidence": "high"}}, {"type": "Feature", "geometry": {"type": "LineString", "coordinates": [[-112.11289417241389, 33.49030692056275], [-112.11289417241389, 33.49029942879995], [-112.11288518926105, 33.49029942879995], [-112.11288518926105, 33.49030692056275], [-112.11289417241389, 33.49030692056275]]}, "properties": {"confidence": "high"}}, {"type": "Feature", "geometry": {"type": "LineString", "coordinates": [[-112.1115646657934, 33.49030692056275], [-112.1115646657934, 33.49029942879995], [-112.11152873318204, 33.49029942879995], [-112.11152873318204, 33.49030692056275], [-112.1115646657934, 33.49030692056275]]}, "properties": {"confidence": "high"}}, {"type": "Feature", "geometry": {"type": "LineString", "coordinates": [[-112.11087296302463, 33.49030692056275], [-112.11087296302463, 33.49029942879995], [-112.1108639798718, 33.49029942879995], [-112.1108639798718, 33.49030692056275], [-112.11087296302463, 33.49030692056275]]}, "properties": {"confidence": "high"}}, {"type": "Feature", "geometry": {"type": "LineString", "coordinates": [[-112.10995668143482, 33.49030692056275], [-112.10995668143482, 33.49029942879995], [-112.10993871512915, 33.49029942879995], [-112.10993871512915, 33.49030692056275], [-112.10995668143482, 33.49030692056275]]}, "properties": {"confidence": "high"}}, {"type": "Feature", "geometry": {"type": "LineString", "coordinates": [[-112.1083846296876, 33.49052418140221], [-112.1083846296876, 33.49045675568278], [-112.1084475117575, 33.49045675568278], [-112.1084475117575, 33.49044926393294], [-112.1083846296876, 33.49044926393294], [-112.1083846296876, 33.490291937036496], [-112.10837564653477, 33.490291937036496], [-112.10837564653477, 33.49044926393294], [-112.10832174761772, 33.49044926393294], [-112.10832174761772, 33.49045675568278], [-112.10837564653477, 33.49045675568278], [-112.10837564653477, 33.49052418140221], [-112.1083846296876, 33.49052418140221]]}, "properties": {"confidence": "high"}}, {"type": "Feature", "geometry": {"type": "LineString", "coordinates": [[-112.11288518926105, 33.49029942879995], [-112.11288518926105, 33.490291937036496], [-112.11287620610821, 33.490291937036496], [-112.11287620610821, 33.49029942879995], [-112.11288518926105, 33.49029942879995]]}, "properties": {"confidence": "high"}}, {"type": "Feature", "geometry": {"type": "LineString", "coordinates": [[-112.1116095815576, 33.49029942879995], [-112.1116095815576, 33.490291937036496], [-112.1115646657934, 33.490291937036496], [-112.1115646657934, 33.49029942879995], [-112.1116095815576, 33.49029942879995]]}, "properties": {"confidence": "high"}}, {"type": "Feature", "geometry": {"type": "LineString", "coordinates": [[-112.11089092933031, 33.49029942879995], [-112.11089092933031, 33.490291937036496], [-112.11087296302463, 33.490291937036496], [-112.11087296302463, 33.49029942879995], [-112.11089092933031, 33.49029942879995]]}, "properties": {"confidence": "high"}}, {"type": "Feature", "geometry": {"type": "LineString", "coordinates": [[-112.10996566458766, 33.49029942879995], [-112.10996566458766, 33.490291937036496], [-112.10995668143482, 33.490291937036496], [-112.10995668143482, 33.49029942879995], [-112.10996566458766, 33.49029942879995]]}, "properties": {"confidence": "high"}}, {"type": "Feature", "geometry": {"type": "LineString", "coordinates": [[-112.11287620610821, 33.490291937036496], [-112.11287620610821, 33.49028444527239], [-112.11286722295537, 33.49028444527239], [-112.11286722295537, 33.490291937036496], [-112.11287620610821, 33.490291937036496]]}, "properties": {"confidence": "high"}}, {"type": "Feature", "geometry": {"type": "LineString", "coordinates": [[-112.11164551416897, 33.490291937036496], [-112.11164551416897, 33.49028444527239], [-112.1116095815576, 33.49028444527239], [-112.1116095815576, 33.490291937036496], [-112.11164551416897, 33.490291937036496]]}, "properties": {"confidence": "high"}}, {"type": "Feature", "geometry": {"type": "LineString", "coordinates": [[-112.11089991248315, 33.490291937036496], [-112.11089991248315, 33.49028444527239], [-112.11089092933031, 33.49028444527239], [-112.11089092933031, 33.490291937036496], [-112.11089991248315, 33.490291937036496]]}, "properties": {"confidence": "high"}}, {"type": "Feature", "geometry": {"type": "LineString", "coordinates": [[-112.10998363089334, 33.490291937036496], [-112.10998363089334, 33.49028444527239], [-112.10996566458766, 33.49028444527239], [-112.10996566458766, 33.490291937036496], [-112.10998363089334, 33.490291937036496]]}, "properties": {"confidence": "high"}}, {"type": "Feature", "geometry": {"type": "LineString", "coordinates": [[-112.11286722295537, 33.49028444527239], [-112.11286722295537, 33.49027695350764], [-112.11285823980252, 33.49027695350764], [-112.11285823980252, 33.49028444527239], [-112.11286722295537, 33.49028444527239]]}, "properties": {"confidence": "high"}}, {"type": "Feature", "geometry": {"type": "LineString", "coordinates": [[-112.11169042993318, 33.49028444527239], [-112.11169042993318, 33.49027695350764], [-112.11164551416897, 33.49027695350764], [-112.11164551416897, 33.49028444527239], [-112.11169042993318, 33.49028444527239]]}, "properties": {"confidence": "high"}}, {"type": "Feature", "geometry": {"type": "LineString", "coordinates": [[-112.11091787878884, 33.49028444527239], [-112.11091787878884, 33.49027695350764], [-112.11089991248315, 33.49027695350764], [-112.11089991248315, 33.49028444527239], [-112.11091787878884, 33.49028444527239]]}, "properties": {"confidence": "high"}}, {"type": "Feature", "geometry": {"type": "LineString", "coordinates": [[-112.10999261404619, 33.49028444527239], [-112.10999261404619, 33.49027695350764], [-112.10998363089334, 33.49027695350764], [-112.10998363089334, 33.49028444527239], [-112.10999261404619, 33.49028444527239]]}, "properties": {"confidence": "high"}}, {"type": "Feature", "geometry": {"type": "LineString", "coordinates": [[-112.11285823980252, 33.49027695350764], [-112.11285823980252, 33.49026946174224], [-112.11284925664968, 33.49026946174224], [-112.11284925664968, 33.49027695350764], [-112.11285823980252, 33.49027695350764]]}, "properties": {"confidence": "high"}}, {"type": "Feature", "geometry": {"type": "LineString", "coordinates": [[-112.11172636254453, 33.49027695350764], [-112.11172636254453, 33.49026946174224], [-112.11169042993318, 33.49026946174224], [-112.11169042993318, 33.49027695350764], [-112.11172636254453, 33.49027695350764]]}, "properties": {"confidence": "high"}}, {"type": "Feature", "geometry": {"type": "LineString", "coordinates": [[-112.11093584509452, 33.49027695350764], [-112.11093584509452, 33.49026946174224], [-112.11091787878884, 33.49026946174224], [-112.11091787878884, 33.49027695350764], [-112.11093584509452, 33.49027695350764]]}, "properties": {"confidence": "high"}}, {"type": "Feature", "geometry": {"type": "LineString", "coordinates": [[-112.11001058035187, 33.49027695350764], [-112.11001058035187, 33.49026946174224], [-112.10999261404619, 33.49026946174224], [-112.10999261404619, 33.49027695350764], [-112.11001058035187, 33.49027695350764]]}, "properties": {"confidence": "high"}}, {"type": "Feature", "geometry": {"type": "LineString", "coordinates": [[-112.11284925664968, 33.49026946174224], [-112.11284925664968, 33.49026196997619], [-112.11284027349684, 33.49026196997619], [-112.11284027349684, 33.49026946174224], [-112.11284925664968, 33.49026946174224]]}, "properties": {"confidence": "high"}}, {"type": "Feature", "geometry": {"type": "LineString", "coordinates": [[-112.11177127830874, 33.49026946174224], [-112.11177127830874, 33.49026196997619], [-112.11172636254453, 33.49026196997619], [-112.11172636254453, 33.49026946174224], [-112.11177127830874, 33.49026946174224]]}, "properties": {"confidence": "high"}}, {"type": "Feature", "geometry": {"type": "LineString", "coordinates": [[-112.1109538114002, 33.49026946174224], [-112.1109538114002, 33.49026196997619], [-112.11093584509452, 33.49026196997619], [-112.11093584509452, 33.49026946174224], [-112.1109538114002, 33.49026946174224]]}, "properties": {"confidence": "high"}}, {"type": "Feature", "geometry": {"type": "LineString", "coordinates": [[-112.11001956350471, 33.49026946174224], [-112.11001956350471, 33.49026196997619], [-112.11001058035187, 33.49026196997619], [-112.11001058035187, 33.49026946174224], [-112.11001956350471, 33.49026946174224]]}, "properties": {"confidence": "high"}}, {"type": "Feature", "geometry": {"type": "LineString", "coordinates": [[-112.11284027349684, 33.49026196997619], [-112.11284027349684, 33.49025447820949], [-112.112831290344, 33.49025447820949], [-112.112831290344, 33.49026196997619], [-112.11284027349684, 33.49026196997619]]}, "properties": {"confidence": "high"}}, {"type": "Feature", "geometry": {"type": "LineString", "coordinates": [[-112.1118072109201, 33.49026196997619], [-112.1118072109201, 33.49025447820949], [-112.11177127830874, 33.49025447820949], [-112.11177127830874, 33.49026196997619], [-112.1118072109201, 33.49026196997619]]}, "properties": {"confidence": "high"}}, {"type": "Feature", "geometry": {"type": "LineString", "coordinates": [[-112.11097177770588, 33.49026196997619], [-112.11097177770588, 33.49025447820949], [-112.1109538114002, 33.49025447820949], [-112.1109538114002, 33.49026196997619], [-112.11097177770588, 33.49026196997619]]}, "properties": {"confidence": "high"}}, {"type": "Feature", "geometry": {"type": "LineString", "coordinates": [[-112.11002854665755, 33.49026196997619], [-112.11002854665755, 33.49025447820949], [-112.11001956350471, 33.49025447820949], [-112.11001956350471, 33.49026196997619], [-112.11002854665755, 33.49026196997619]]}, "properties": {"confidence": "high"}}, {"type": "Feature", "geometry": {"type": "LineString", "coordinates": [[-112.112831290344, 33.49025447820949], [-112.112831290344, 33.49024698644215], [-112.11282230719117, 33.49024698644215], [-112.11282230719117, 33.49025447820949], [-112.112831290344, 33.49025447820949]]}, "properties": {"confidence": "high"}}, {"type": "Feature", "geometry": {"type": "LineString", "coordinates": [[-112.11183416037863, 33.49025447820949], [-112.11183416037863, 33.49024698644215], [-112.1118072109201, 33.49024698644215], [-112.1118072109201, 33.49025447820949], [-112.11183416037863, 33.49025447820949]]}, "properties": {"confidence": "high"}}, {"type": "Feature", "geometry": {"type": "LineString", "coordinates": [[-112.11098974401156, 33.49025447820949], [-112.11098974401156, 33.49024698644215], [-112.11097177770588, 33.49024698644215], [-112.11097177770588, 33.49025447820949], [-112.11098974401156, 33.49025447820949]]}, "properties": {"confidence": "high"}}, {"type": "Feature", "geometry": {"type": "LineString", "coordinates": [[-112.1100375298104, 33.49025447820949], [-112.1100375298104, 33.49024698644215], [-112.11002854665755, 33.49024698644215], [-112.11002854665755, 33.49025447820949], [-112.1100375298104, 33.49025447820949]]}, "properties": {"confidence": "high"}}, {"type": "Feature", "geometry": {"type": "LineString", "coordinates": [[-112.11282230719117, 33.49024698644215], [-112.11282230719117, 33.490239494674164], [-112.11281332403833, 33.490239494674164], [-112.11281332403833, 33.49024698644215], [-112.11282230719117, 33.49024698644215]]}, "properties": {"confidence": "high"}}, {"type": "Feature", "geometry": {"type": "LineString", "coordinates": [[-112.1118880592957, 33.49024698644215], [-112.1118880592957, 33.490239494674164], [-112.11183416037863, 33.490239494674164], [-112.11183416037863, 33.49024698644215], [-112.1118880592957, 33.49024698644215]]}, "properties": {"confidence": "high"}}, {"type": "Feature", "geometry": {"type": "LineString", "coordinates": [[-112.11100771031724, 33.49024698644215], [-112.11100771031724, 33.490239494674164], [-112.11098974401156, 33.490239494674164], [-112.11098974401156, 33.49024698644215], [-112.11100771031724, 33.49024698644215]]}, "properties": {"confidence": "high"}}, {"type": "Feature", "geometry": {"type": "LineString", "coordinates": [[-112.11005549611608, 33.49024698644215], [-112.11005549611608, 33.490239494674164], [-112.1100375298104, 33.490239494674164], [-112.1100375298104, 33.49024698644215], [-112.11005549611608, 33.49024698644215]]}, "properties": {"confidence": "high"}}, {"type": "Feature", "geometry": {"type": "LineString", "coordinates": [[-112.11281332403833, 33.490239494674164], [-112.11281332403833, 33.49023200290552], [-112.11280434088548, 33.49023200290552], [-112.11280434088548, 33.490239494674164], [-112.11281332403833, 33.490239494674164]]}, "properties": {"confidence": "high"}}, {"type": "Feature", "geometry": {"type": "LineString", "coordinates": [[-112.11195094136558, 33.490239494674164], [-112.11195094136558, 33.49023200290552], [-112.1118880592957, 33.49023200290552], [-112.1118880592957, 33.490239494674164], [-112.11195094136558, 33.490239494674164]]}, "properties": {"confidence": "high"}}, {"type": "Feature", "geometry": {"type": "LineString", "coordinates": [[-112.11102567662293, 33.490239494674164], [-112.11102567662293, 33.49023200290552], [-112.11100771031724, 33.49023200290552], [-112.11100771031724, 33.490239494674164], [-112.11102567662293, 33.490239494674164]]}, "properties": {"confidence": "high"}}, {"type": "Feature", "geometry": {"type": "LineString", "coordinates": [[-112.11006447926891, 33.490239494674164], [-112.11006447926891, 33.49023200290552], [-112.11005549611608, 33.49023200290552], [-112.11005549611608, 33.490239494674164], [-112.11006447926891, 33.490239494674164]]}, "properties": {"confidence": "high"}}, {"type": "Feature", "geometry": {"type": "LineString", "coordinates": [[-112.11280434088548, 33.49023200290552], [-112.11280434088548, 33.49022451113623], [-112.11279535773264, 33.49022451113623], [-112.11279535773264, 33.49023200290552], [-112.11280434088548, 33.49023200290552]]}, "properties": {"confidence": "high"}}, {"type": "Feature", "geometry": {"type": "LineString", "coordinates": [[-112.11203178974114, 33.49023200290552], [-112.11203178974114, 33.49022451113623], [-112.11195094136558, 33.49022451113623], [-112.11195094136558, 33.49023200290552], [-112.11203178974114, 33.49023200290552]]}, "properties": {"confidence": "high"}}, {"type": "Feature", "geometry": {"type": "LineString", "coordinates": [[-112.11105262608145, 33.49023200290552], [-112.11105262608145, 33.49022451113623], [-112.11102567662293, 33.49022451113623], [-112.11102567662293, 33.49023200290552], [-112.11105262608145, 33.49023200290552]]}, "properties": {"confidence": "high"}}, {"type": "Feature", "geometry": {"type": "LineString", "coordinates": [[-112.11007346242175, 33.49023200290552], [-112.11007346242175, 33.49022451113623], [-112.11006447926891, 33.49022451113623], [-112.11006447926891, 33.49023200290552], [-112.11007346242175, 33.49023200290552]]}, "properties": {"confidence": "high"}}, {"type": "Feature", "geometry": {"type": "LineString", "coordinates": [[-112.11279535773264, 33.49022451113623], [-112.11279535773264, 33.4902170193663], [-112.1127863745798, 33.4902170193663], [-112.1127863745798, 33.49022451113623], [-112.11279535773264, 33.49022451113623]]}, "properties": {"confidence": "high"}}, {"type": "Feature", "geometry": {"type": "LineString", "coordinates": [[-112.11210365496387, 33.49022451113623], [-112.11210365496387, 33.4902170193663], [-112.11203178974114, 33.4902170193663], [-112.11203178974114, 33.49022451113623], [-112.11210365496387, 33.49022451113623]]}, "properties": {"confidence": "high"}}, {"type": "Feature", "geometry": {"type": "LineString", "coordinates": [[-112.11107957553997, 33.49022451113623], [-112.11107957553997, 33.4902170193663], [-112.11105262608145, 33.4902170193663], [-112.11105262608145, 33.49022451113623], [-112.11107957553997, 33.49022451113623]]}, "properties": {"confidence": "high"}}, {"type": "Feature", "geometry": {"type": "LineString", "coordinates": [[-112.11008244557459, 33.49022451113623], [-112.11008244557459, 33.4902170193663], [-112.11007346242175, 33.4902170193663], [-112.11007346242175, 33.49022451113623], [-112.11008244557459, 33.49022451113623]]}, "properties": {"confidence": "high"}}, {"type": "Feature", "geometry": {"type": "LineString", "coordinates": [[-112.1127863745798, 33.4902170193663], [-112.1127863745798, 33.49020952759571], [-112.11276840827412, 33.49020952759571], [-112.11276840827412, 33.4902170193663], [-112.1127863745798, 33.4902170193663]]}, "properties": {"confidence": "high"}}, {"type": "Feature", "geometry": {"type": "LineString", "coordinates": [[-112.11221145279796, 33.4902170193663], [-112.11221145279796, 33.49020952759571], [-112.11210365496387, 33.49020952759571], [-112.11210365496387, 33.4902170193663], [-112.11221145279796, 33.4902170193663]]}, "properties": {"confidence": "high"}}, {"type": "Feature", "geometry": {"type": "LineString", "coordinates": [[-112.11110652499849, 33.4902170193663], [-112.11110652499849, 33.49020952759571], [-112.11107957553997, 33.49020952759571], [-112.11107957553997, 33.4902170193663], [-112.11110652499849, 33.4902170193663]]}, "properties": {"confidence": "high"}}, {"type": "Feature", "geometry": {"type": "LineString", "coordinates": [[-112.11009142872744, 33.4902170193663], [-112.11009142872744, 33.49020203582448], [-112.11008244557459, 33.49020203582448], [-112.11008244557459, 33.4902170193663], [-112.11009142872744, 33.4902170193663]]}, "properties": {"confidence": "high"}}, {"type": "Feature", "geometry": {"type": "LineString", "coordinates": [[-112.11276840827412, 33.49020952759571], [-112.11276840827412, 33.49020203582448], [-112.11274145881559, 33.49020203582448], [-112.11274145881559, 33.49020952759571], [-112.11276840827412, 33.49020952759571]]}, "properties": {"confidence": "high"}}, {"type": "Feature", "geometry": {"type": "LineString", "coordinates": [[-112.1123731495491, 33.49020952759571], [-112.1123731495491, 33.49020203582448], [-112.11221145279796, 33.49020203582448], [-112.11221145279796, 33.49020952759571], [-112.1123731495491, 33.49020952759571]]}, "properties": {"confidence": "high"}}, {"type": "Feature", "geometry": {"type": "LineString", "coordinates": [[-112.11112449130418, 33.49020952759571], [-112.11112449130418, 33.49020203582448], [-112.11110652499849, 33.49020203582448], [-112.11110652499849, 33.49020952759571], [-112.11112449130418, 33.49020952759571]]}, "properties": {"confidence": "high"}}, {"type": "Feature", "geometry": {"type": "LineString", "coordinates": [[-112.11488843234464, 33.49020203582448], [-112.11488843234464, 33.4901945440526], [-112.1148794491918, 33.4901945440526], [-112.1148794491918, 33.49020203582448], [-112.11488843234464, 33.49020203582448]]}, "properties": {"confidence": "high"}}, {"type": "Feature", "geometry": {"type": "LineString", "coordinates": [[-112.11387333607358, 33.49020203582448], [-112.11387333607358, 33.4901945440526], [-112.11380147085086, 33.4901945440526], [-112.11380147085086, 33.49020203582448], [-112.11387333607358, 33.49020203582448]]}, "properties": {"confidence": "high"}}, {"type": "Feature", "geometry": {"type": "LineString", "coordinates": [[-112.11347807734857, 33.49020203582448], [-112.11347807734857, 33.4901945440526], [-112.11345112789004, 33.4901945440526], [-112.11345112789004, 33.49020203582448], [-112.11347807734857, 33.49020203582448]]}, "properties": {"confidence": "high"}}, {"type": "Feature", "geometry": {"type": "LineString", "coordinates": [[-112.11274145881559, 33.49020203582448], [-112.11274145881559, 33.4901945440526], [-112.11271450935708, 33.4901945440526], [-112.11271450935708, 33.49020203582448], [-112.11274145881559, 33.49020203582448]]}, "properties": {"confidence": "high"}}, {"type": "Feature", "geometry": {"type": "LineString", "coordinates": [[-112.11247196423037, 33.49020203582448], [-112.11247196423037, 33.4901945440526], [-112.1123731495491, 33.4901945440526], [-112.1123731495491, 33.49020203582448], [-112.11247196423037, 33.49020203582448]]}, "properties": {"confidence": "high"}}, {"type": "Feature", "geometry": {"type": "LineString", "coordinates": [[-112.1111514407627, 33.49020203582448], [-112.1111514407627, 33.4901945440526], [-112.11112449130418, 33.4901945440526], [-112.11112449130418, 33.49020203582448], [-112.1111514407627, 33.49020203582448]]}, "properties": {"confidence": "high"}}, {"type": "Feature", "geometry": {"type": "LineString", "coordinates": [[-112.11010939503313, 33.49020203582448], [-112.11010939503313, 33.4901945440526], [-112.11009142872744, 33.4901945440526], [-112.11009142872744, 33.49020203582448], [-112.11010939503313, 33.49020203582448]]}, "properties": {"confidence": "high"}}, {"type": "Feature", "geometry": {"type": "LineString", "coordinates": [[-112.11509504485998, 33.4901945440526], [-112.11509504485998, 33.49018705228007], [-112.11488843234464, 33.49018705228007], [-112.11488843234464, 33.4901945440526], [-112.11509504485998, 33.4901945440526]]}, "properties": {"confidence": "high"}}, {"type": "Feature", "geometry": {"type": "LineString", "coordinates": [[-112.1148794491918, 33.4901945440526], [-112.1148794491918, 33.49018705228007], [-112.11448419046678, 33.49018705228007], [-112.11448419046678, 33.4901945440526], [-112.1148794491918, 33.4901945440526]]}, "properties": {"confidence": "high"}}, {"type": "Feature", "geometry": {"type": "LineString", "coordinates": [[-112.11398113390767, 33.4901945440526], [-112.11398113390767, 33.49018705228007], [-112.11387333607358, 33.49018705228007], [-112.11387333607358, 33.4901945440526], [-112.11398113390767, 33.4901945440526]]}, "properties": {"confidence": "high"}}, {"type": "Feature", "geometry": {"type": "LineString", "coordinates": [[-112.11380147085086, 33.4901945440526], [-112.11380147085086, 33.49018705228007], [-112.11347807734857, 33.49018705228007], [-112.11347807734857, 33.4901945440526], [-112.11380147085086, 33.4901945440526]]}, "properties": {"confidence": "high"}}, {"type": "Feature", "geometry": {"type": "LineString", "coordinates": [[-112.11271450935708, 33.4901945440526], [-112.11271450935708, 33.49018705228007], [-112.11247196423037, 33.49018705228007], [-112.11247196423037, 33.4901945440526], [-112.11271450935708, 33.4901945440526]]}, "properties": {"confidence": "high"}}, {"type": "Feature", "geometry": {"type": "LineString", "coordinates": [[-112.11116940706839, 33.4901945440526], [-112.11116940706839, 33.49018705228007], [-112.1111514407627, 33.49018705228007], [-112.1111514407627, 33.4901945440526], [-112.11116940706839, 33.4901945440526]]}, "properties": {"confidence": "high"}}, {"type": "Feature", "geometry": {"type": "LineString", "coordinates": [[-112.11012736133881, 33.4901945440526], [-112.11012736133881, 33.49018705228007], [-112.11010939503313, 33.49018705228007], [-112.11010939503313, 33.4901945440526], [-112.11012736133881, 33.4901945440526]]}, "properties": {"confidence": "high"}}, {"type": "Feature", "geometry": {"type": "LineString", "coordinates": [[-112.10930091127742, 33.4901945440526], [-112.10930091127742, 33.49018705228007], [-112.10922006290185, 33.49018705228007], [-112.10922006290185, 33.4901945440526], [-112.10930091127742, 33.4901945440526]]}, "properties": {"confidence": "high"}}, {"type": "Feature", "geometry": {"type": "LineString", "coordinates": [[-112.11522080899977, 33.49018705228007], [-112.11522080899977, 33.490179560506895], [-112.11509504485998, 33.490179560506895], [-112.11509504485998, 33.49018705228007], [-112.11522080899977, 33.49018705228007]]}, "properties": {"confidence": "high"}}, {"type": "Feature", "geometry": {"type": "LineString", "coordinates": [[-112.11448419046678, 33.49018705228007], [-112.11448419046678, 33.490179560506895], [-112.11398113390767, 33.490179560506895], [-112.11398113390767, 33.49018705228007], [-112.11448419046678, 33.49018705228007]]}, "properties": {"confidence": "high"}}, {"type": "Feature", "geometry": {"type": "LineString", "coordinates": [[-112.11118737337407, 33.49018705228007], [-112.11118737337407, 33.490179560506895], [-112.11116940706839, 33.490179560506895], [-112.11116940706839, 33.49018705228007], [-112.11118737337407, 33.49018705228007]]}, "properties": {"confidence": "high"}}, {"type": "Feature", "geometry": {"type": "LineString", "coordinates": [[-112.11013634449165, 33.49018705228007], [-112.11013634449165, 33.490179560506895], [-112.11012736133881, 33.490179560506895], [-112.11012736133881, 33.49018705228007], [-112.11013634449165, 33.49018705228007]]}, "properties": {"confidence": "high"}}, {"type": "Feature", "geometry": {"type": "LineString", "coordinates": [[-112.10934582704162, 33.49018705228007], [-112.10934582704162, 33.490179560506895], [-112.10930091127742, 33.490179560506895], [-112.10930091127742, 33.49018705228007], [-112.10934582704162, 33.49018705228007]]}, "properties": {"confidence": "high"}}, {"type": "Feature", "geometry": {"type": "LineString", "coordinates": [[-112.10922006290185, 33.49018705228007], [-112.10922006290185, 33.490179560506895], [-112.10917514713765, 33.490179560506895], [-112.10917514713765, 33.49018705228007], [-112.10922006290185, 33.49018705228007]]}, "properties": {"confidence": "high"}}, {"type": "Feature", "geometry": {"type": "LineString", "coordinates": [[-112.11120533967974, 33.490179560506895], [-112.11120533967974, 33.49017206873307], [-112.11118737337407, 33.49017206873307], [-112.11118737337407, 33.490179560506895], [-112.11120533967974, 33.490179560506895]]}, "properties": {"confidence": "high"}}, {"type": "Feature", "geometry": {"type": "LineString", "coordinates": [[-112.11015431079734, 33.490179560506895], [-112.11015431079734, 33.49017206873307], [-112.11013634449165, 33.49017206873307], [-112.11013634449165, 33.490179560506895], [-112.11015431079734, 33.490179560506895]]}, "properties": {"confidence": "high"}}, {"type": "Feature", "geometry": {"type": "LineString", "coordinates": [[-112.1093637933473, 33.490179560506895], [-112.1093637933473, 33.49017206873307], [-112.10934582704162, 33.49017206873307], [-112.10934582704162, 33.490179560506895], [-112.1093637933473, 33.490179560506895]]}, "properties": {"confidence": "high"}}, {"type": "Feature", "geometry": {"type": "LineString", "coordinates": [[-112.10917514713765, 33.490179560506895], [-112.10917514713765, 33.49017206873307], [-112.10913921452628, 33.49017206873307], [-112.10913921452628, 33.490179560506895], [-112.10917514713765, 33.490179560506895]]}, "properties": {"confidence": "high"}}, {"type": "Feature", "geometry": {"type": "LineString", "coordinates": [[-112.1112592385968, 33.49017206873307], [-112.1112592385968, 33.4901645769586], [-112.11120533967974, 33.4901645769586], [-112.11120533967974, 33.49017206873307], [-112.1112592385968, 33.49017206873307]]}, "properties": {"confidence": "high"}}, {"type": "Feature", "geometry": {"type": "LineString", "coordinates": [[-112.11017227710302, 33.49017206873307], [-112.11017227710302, 33.4901645769586], [-112.11015431079734, 33.4901645769586], [-112.11015431079734, 33.49017206873307], [-112.11017227710302, 33.49017206873307]]}, "properties": {"confidence": "high"}}, {"type": "Feature", "geometry": {"type": "LineString", "coordinates": [[-112.10938175965299, 33.49017206873307], [-112.10938175965299, 33.4901645769586], [-112.1093637933473, 33.4901645769586], [-112.1093637933473, 33.49017206873307], [-112.10938175965299, 33.49017206873307]]}, "properties": {"confidence": "high"}}, {"type": "Feature", "geometry": {"type": "LineString", "coordinates": [[-112.10913921452628, 33.49017206873307], [-112.10913921452628, 33.4901645769586], [-112.10910328191491, 33.4901645769586], [-112.10910328191491, 33.49017206873307], [-112.10913921452628, 33.49017206873307]]}, "properties": {"confidence": "high"}}, {"type": "Feature", "geometry": {"type": "LineString", "coordinates": [[-112.11128618805533, 33.4901645769586], [-112.11128618805533, 33.490157085183476], [-112.1112592385968, 33.490157085183476], [-112.1112592385968, 33.4901645769586], [-112.11128618805533, 33.4901645769586]]}, "properties": {"confidence": "high"}}, {"type": "Feature", "geometry": {"type": "LineString", "coordinates": [[-112.11018126025586, 33.4901645769586], [-112.11018126025586, 33.490157085183476], [-112.11017227710302, 33.490157085183476], [-112.11017227710302, 33.4901645769586], [-112.11018126025586, 33.4901645769586]]}, "properties": {"confidence": "high"}}, {"type": "Feature", "geometry": {"type": "LineString", "coordinates": [[-112.10939972595867, 33.4901645769586], [-112.10939972595867, 33.490157085183476], [-112.10938175965299, 33.490157085183476], [-112.10938175965299, 33.4901645769586], [-112.10939972595867, 33.4901645769586]]}, "properties": {"confidence": "high"}}, {"type": "Feature", "geometry": {"type": "LineString", "coordinates": [[-112.10910328191491, 33.4901645769586], [-112.10910328191491, 33.490157085183476], [-112.1090583661507, 33.490157085183476], [-112.1090583661507, 33.4901645769586], [-112.10910328191491, 33.4901645769586]]}, "properties": {"confidence": "high"}}, {"type": "Feature", "geometry": {"type": "LineString", "coordinates": [[-112.11131313751385, 33.490157085183476], [-112.11131313751385, 33.4901495934077], [-112.11128618805533, 33.4901495934077], [-112.11128618805533, 33.490157085183476], [-112.11131313751385, 33.490157085183476]]}, "properties": {"confidence": "high"}}, {"type": "Feature", "geometry": {"type": "LineString", "coordinates": [[-112.1101902434087, 33.490157085183476], [-112.1101902434087, 33.4901495934077], [-112.11018126025586, 33.4901495934077], [-112.11018126025586, 33.490157085183476], [-112.1101902434087, 33.490157085183476]]}, "properties": {"confidence": "high"}}, {"type": "Feature", "geometry": {"type": "LineString", "coordinates": [[-112.10941769226434, 33.490157085183476], [-112.10941769226434, 33.4901495934077], [-112.10939972595867, 33.4901495934077], [-112.10939972595867, 33.490157085183476], [-112.10941769226434, 33.490157085183476]]}, "properties": {"confidence": "high"}}, {"type": "Feature", "geometry": {"type": "LineString", "coordinates": [[-112.1090583661507, 33.490157085183476], [-112.1090583661507, 33.4901495934077], [-112.10903141669219, 33.4901495934077], [-112.10903141669219, 33.490157085183476], [-112.1090583661507, 33.490157085183476]]}, "properties": {"confidence": "high"}}, {"type": "Feature", "geometry": {"type": "LineString", "coordinates": [[-112.11134907012521, 33.4901495934077], [-112.11134907012521, 33.49014210163129], [-112.11131313751385, 33.49014210163129], [-112.11131313751385, 33.4901495934077], [-112.11134907012521, 33.4901495934077]]}, "properties": {"confidence": "high"}}, {"type": "Feature", "geometry": {"type": "LineString", "coordinates": [[-112.11020820971439, 33.4901495934077], [-112.11020820971439, 33.49014210163129], [-112.1101902434087, 33.49014210163129], [-112.1101902434087, 33.4901495934077], [-112.11020820971439, 33.4901495934077]]}, "properties": {"confidence": "high"}}, {"type": "Feature", "geometry": {"type": "LineString", "coordinates": [[-112.10943565857004, 33.4901495934077], [-112.10943565857004, 33.49014210163129], [-112.10941769226434, 33.49014210163129], [-112.10941769226434, 33.4901495934077], [-112.10943565857004, 33.4901495934077]]}, "properties": {"confidence": "high"}}, {"type": "Feature", "geometry": {"type": "LineString", "coordinates": [[-112.10903141669219, 33.4901495934077], [-112.10903141669219, 33.49014210163129], [-112.1090134503865, 33.49014210163129], [-112.1090134503865, 33.4901495934077], [-112.10903141669219, 33.4901495934077]]}, "properties": {"confidence": "high"}}, {"type": "Feature", "geometry": {"type": "LineString", "coordinates": [[-112.11137601958374, 33.49014210163129], [-112.11137601958374, 33.49013460985422], [-112.11134907012521, 33.49013460985422], [-112.11134907012521, 33.49014210163129], [-112.11137601958374, 33.49014210163129]]}, "properties": {"confidence": "high"}}, {"type": "Feature", "geometry": {"type": "LineString", "coordinates": [[-112.11021719286722, 33.49014210163129], [-112.11021719286722, 33.49013460985422], [-112.11020820971439, 33.49013460985422], [-112.11020820971439, 33.49014210163129], [-112.11021719286722, 33.49014210163129]]}, "properties": {"confidence": "high"}}, {"type": "Feature", "geometry": {"type": "LineString", "coordinates": [[-112.10945362487571, 33.49014210163129], [-112.10945362487571, 33.49013460985422], [-112.10943565857004, 33.49013460985422], [-112.10943565857004, 33.49014210163129], [-112.10945362487571, 33.49014210163129]]}, "properties": {"confidence": "high"}}, {"type": "Feature", "geometry": {"type": "LineString", "coordinates": [[-112.1090134503865, 33.49014210163129], [-112.1090134503865, 33.49013460985422], [-112.10898650092798, 33.49013460985422], [-112.10898650092798, 33.49014210163129], [-112.1090134503865, 33.49014210163129]]}, "properties": {"confidence": "high"}}, {"type": "Feature", "geometry": {"type": "LineString", "coordinates": [[-112.11140296904226, 33.49013460985422], [-112.11140296904226, 33.490127118076515], [-112.11137601958374, 33.490127118076515], [-112.11137601958374, 33.49013460985422], [-112.11140296904226, 33.49013460985422]]}, "properties": {"confidence": "high"}}, {"type": "Feature", "geometry": {"type": "LineString", "coordinates": [[-112.1102351591729, 33.49013460985422], [-112.1102351591729, 33.490127118076515], [-112.11021719286722, 33.490127118076515], [-112.11021719286722, 33.49013460985422], [-112.1102351591729, 33.49013460985422]]}, "properties": {"confidence": "high"}}, {"type": "Feature", "geometry": {"type": "LineString", "coordinates": [[-112.10947159118139, 33.49013460985422], [-112.10947159118139, 33.490127118076515], [-112.10945362487571, 33.490127118076515], [-112.10945362487571, 33.49013460985422], [-112.10947159118139, 33.49013460985422]]}, "properties": {"confidence": "high"}}, {"type": "Feature", "geometry": {"type": "LineString", "coordinates": [[-112.10898650092798, 33.49013460985422], [-112.10898650092798, 33.490127118076515], [-112.10896853462229, 33.490127118076515], [-112.10896853462229, 33.49013460985422], [-112.10898650092798, 33.49013460985422]]}, "properties": {"confidence": "high"}}, {"type": "Feature", "geometry": {"type": "LineString", "coordinates": [[-112.11142991850079, 33.490127118076515], [-112.11142991850079, 33.49011962629815], [-112.11140296904226, 33.49011962629815], [-112.11140296904226, 33.490127118076515], [-112.11142991850079, 33.490127118076515]]}, "properties": {"confidence": "high"}}, {"type": "Feature", "geometry": {"type": "LineString", "coordinates": [[-112.11024414232574, 33.490127118076515], [-112.11024414232574, 33.49011962629815], [-112.1102351591729, 33.49011962629815], [-112.1102351591729, 33.490127118076515], [-112.11024414232574, 33.490127118076515]]}, "properties": {"confidence": "high"}}, {"type": "Feature", "geometry": {"type": "LineString", "coordinates": [[-112.10948955748708, 33.490127118076515], [-112.10948955748708, 33.49011962629815], [-112.10947159118139, 33.49011962629815], [-112.10947159118139, 33.490127118076515], [-112.10948955748708, 33.490127118076515]]}, "properties": {"confidence": "high"}}, {"type": "Feature", "geometry": {"type": "LineString", "coordinates": [[-112.10896853462229, 33.490127118076515], [-112.10896853462229, 33.49011962629815], [-112.1089505683166, 33.49011962629815], [-112.1089505683166, 33.490127118076515], [-112.10896853462229, 33.490127118076515]]}, "properties": {"confidence": "high"}}, {"type": "Feature", "geometry": {"type": "LineString", "coordinates": [[-112.11147483426498, 33.49011962629815], [-112.11147483426498, 33.49011213451913], [-112.11142991850079, 33.49011213451913], [-112.11142991850079, 33.49011962629815], [-112.11147483426498, 33.49011962629815]]}, "properties": {"confidence": "high"}}, {"type": "Feature", "geometry": {"type": "LineString", "coordinates": [[-112.11026210863143, 33.49011962629815], [-112.11026210863143, 33.49011213451913], [-112.11024414232574, 33.49011213451913], [-112.11024414232574, 33.49011962629815], [-112.11026210863143, 33.49011962629815]]}, "properties": {"confidence": "high"}}, {"type": "Feature", "geometry": {"type": "LineString", "coordinates": [[-112.10950752379276, 33.49011962629815], [-112.10950752379276, 33.49011213451913], [-112.10948955748708, 33.49011213451913], [-112.10948955748708, 33.49011962629815], [-112.10950752379276, 33.49011962629815]]}, "properties": {"confidence": "high"}}, {"type": "Feature", "geometry": {"type": "LineString", "coordinates": [[-112.1089505683166, 33.49011962629815], [-112.1089505683166, 33.49011213451913], [-112.10893260201092, 33.49011213451913], [-112.10893260201092, 33.49011962629815], [-112.1089505683166, 33.49011962629815]]}, "properties": {"confidence": "high"}}, {"type": "Feature", "geometry": {"type": "LineString", "coordinates": [[-112.11150178372351, 33.49011213451913], [-112.11150178372351, 33.490104642739475], [-112.11147483426498, 33.490104642739475], [-112.11147483426498, 33.49011213451913], [-112.11150178372351, 33.49011213451913]]}, "properties": {"confidence": "high"}}, {"type": "Feature", "geometry": {"type": "LineString", "coordinates": [[-112.11027109178427, 33.49011213451913], [-112.11027109178427, 33.490104642739475], [-112.11026210863143, 33.490104642739475], [-112.11026210863143, 33.49011213451913], [-112.11027109178427, 33.49011213451913]]}, "properties": {"confidence": "high"}}, {"type": "Feature", "geometry": {"type": "LineString", "coordinates": [[-112.10952549009845, 33.49011213451913], [-112.10952549009845, 33.490104642739475], [-112.10950752379276, 33.490104642739475], [-112.10950752379276, 33.49011213451913], [-112.10952549009845, 33.49011213451913]]}, "properties": {"confidence": "high"}}, {"type": "Feature", "geometry": {"type": "LineString", "coordinates": [[-112.10893260201092, 33.49011213451913], [-112.10893260201092, 33.490104642739475], [-112.1089056525524, 33.490104642739475], [-112.1089056525524, 33.49011213451913], [-112.10893260201092, 33.49011213451913]]}, "properties": {"confidence": "high"}}, {"type": "Feature", "geometry": {"type": "LineString", "coordinates": [[-112.10839361284044, 33.490291937036496], [-112.10839361284044, 33.490097150959166], [-112.1083846296876, 33.490097150959166], [-112.1083846296876, 33.490291937036496], [-112.10839361284044, 33.490291937036496]]}, "properties": {"confidence": "high"}}, {"type": "Feature", "geometry": {"type": "LineString", "coordinates": [[-112.11153771633488, 33.490104642739475], [-112.11153771633488, 33.490097150959166], [-112.11150178372351, 33.490097150959166], [-112.11150178372351, 33.490104642739475], [-112.11153771633488, 33.490104642739475]]}, "properties": {"confidence": "high"}}, {"type": "Feature", "geometry": {"type": "LineString", "coordinates": [[-112.11028905808995, 33.490104642739475], [-112.11028905808995, 33.490097150959166], [-112.11027109178427, 33.490097150959166], [-112.11027109178427, 33.490104642739475], [-112.11028905808995, 33.490104642739475]]}, "properties": {"confidence": "high"}}, {"type": "Feature", "geometry": {"type": "LineString", "coordinates": [[-112.10954345640414, 33.490104642739475], [-112.10954345640414, 33.490097150959166], [-112.10952549009845, 33.490097150959166], [-112.10952549009845, 33.490104642739475], [-112.10954345640414, 33.490104642739475]]}, "properties": {"confidence": "high"}}, {"type": "Feature", "geometry": {"type": "LineString", "coordinates": [[-112.1089056525524, 33.490104642739475], [-112.1089056525524, 33.490097150959166], [-112.10888768624672, 33.490097150959166], [-112.10888768624672, 33.490104642739475], [-112.1089056525524, 33.490104642739475]]}, "properties": {"confidence": "high"}}, {"type": "Feature", "geometry": {"type": "LineString", "coordinates": [[-112.11157364894623, 33.490097150959166], [-112.11157364894623, 33.49008965917821], [-112.11153771633488, 33.49008965917821], [-112.11153771633488, 33.490097150959166], [-112.11157364894623, 33.490097150959166]]}, "properties": {"confidence": "high"}}, {"type": "Feature", "geometry": {"type": "LineString", "coordinates": [[-112.1102980412428, 33.490097150959166], [-112.1102980412428, 33.49008965917821], [-112.11028905808995, 33.49008965917821], [-112.11028905808995, 33.490097150959166], [-112.1102980412428, 33.490097150959166]]}, "properties": {"confidence": "high"}}, {"type": "Feature", "geometry": {"type": "LineString", "coordinates": [[-112.10956142270982, 33.490097150959166], [-112.10956142270982, 33.49008965917821], [-112.10954345640414, 33.49008965917821], [-112.10954345640414, 33.490097150959166], [-112.10956142270982, 33.490097150959166]]}, "properties": {"confidence": "high"}}, {"type": "Feature", "geometry": {"type": "LineString", "coordinates": [[-112.10888768624672, 33.490097150959166], [-112.10888768624672, 33.49008965917821], [-112.1088607367882, 33.49008965917821], [-112.1088607367882, 33.490097150959166], [-112.10888768624672, 33.490097150959166]]}, "properties": {"confidence": "high"}}, {"type": "Feature", "geometry": {"type": "LineString", "coordinates": [[-112.11160059840476, 33.49008965917821], [-112.11160059840476, 33.49008216739661], [-112.11157364894623, 33.49008216739661], [-112.11157364894623, 33.49008965917821], [-112.11160059840476, 33.49008965917821]]}, "properties": {"confidence": "high"}}, {"type": "Feature", "geometry": {"type": "LineString", "coordinates": [[-112.11031600754848, 33.49008965917821], [-112.11031600754848, 33.49008216739661], [-112.1102980412428, 33.49008216739661], [-112.1102980412428, 33.49008965917821], [-112.11031600754848, 33.49008965917821]]}, "properties": {"confidence": "high"}}, {"type": "Feature", "geometry": {"type": "LineString", "coordinates": [[-112.10957938901551, 33.49008965917821], [-112.10957938901551, 33.49008216739661], [-112.10956142270982, 33.49008216739661], [-112.10956142270982, 33.49008965917821], [-112.10957938901551, 33.49008965917821]]}, "properties": {"confidence": "high"}}, {"type": "Feature", "geometry": {"type": "LineString", "coordinates": [[-112.1088607367882, 33.49008965917821], [-112.1088607367882, 33.49008216739661], [-112.10883378732967, 33.49008216739661], [-112.10883378732967, 33.49008965917821], [-112.1088607367882, 33.49008965917821]]}, "properties": {"confidence": "high"}}, {"type": "Feature", "geometry": {"type": "LineString", "coordinates": [[-112.11162754786328, 33.49008216739661], [-112.11162754786328, 33.49007467561436], [-112.11160059840476, 33.49007467561436], [-112.11160059840476, 33.49008216739661], [-112.11162754786328, 33.49008216739661]]}, "properties": {"confidence": "high"}}, {"type": "Feature", "geometry": {"type": "LineString", "coordinates": [[-112.11032499070132, 33.49008216739661], [-112.11032499070132, 33.49007467561436], [-112.11031600754848, 33.49007467561436], [-112.11031600754848, 33.49008216739661], [-112.11032499070132, 33.49008216739661]]}, "properties": {"confidence": "high"}}, {"type": "Feature", "geometry": {"type": "LineString", "coordinates": [[-112.10958837216835, 33.49008216739661], [-112.10958837216835, 33.49007467561436], [-112.10957938901551, 33.49007467561436], [-112.10957938901551, 33.49008216739661], [-112.10958837216835, 33.49008216739661]]}, "properties": {"confidence": "high"}}, {"type": "Feature", "geometry": {"type": "LineString", "coordinates": [[-112.10883378732967, 33.49008216739661], [-112.10883378732967, 33.49007467561436], [-112.108815821024, 33.49007467561436], [-112.108815821024, 33.49008216739661], [-112.10883378732967, 33.49008216739661]]}, "properties": {"confidence": "high"}}, {"type": "Feature", "geometry": {"type": "LineString", "coordinates": [[-112.11165449732181, 33.49007467561436], [-112.11165449732181, 33.490067183831464], [-112.11162754786328, 33.490067183831464], [-112.11162754786328, 33.49007467561436], [-112.11165449732181, 33.49007467561436]]}, "properties": {"confidence": "high"}}, {"type": "Feature", "geometry": {"type": "LineString", "coordinates": [[-112.11034295700699, 33.49007467561436], [-112.11034295700699, 33.490067183831464], [-112.11032499070132, 33.490067183831464], [-112.11032499070132, 33.49007467561436], [-112.11034295700699, 33.49007467561436]]}, "properties": {"confidence": "high"}}, {"type": "Feature", "geometry": {"type": "LineString", "coordinates": [[-112.10960633847402, 33.49007467561436], [-112.10960633847402, 33.490067183831464], [-112.10958837216835, 33.490067183831464], [-112.10958837216835, 33.49007467561436], [-112.10960633847402, 33.49007467561436]]}, "properties": {"confidence": "high"}}, {"type": "Feature", "geometry": {"type": "LineString", "coordinates": [[-112.108815821024, 33.49007467561436], [-112.108815821024, 33.490067183831464], [-112.10878887156547, 33.490067183831464], [-112.10878887156547, 33.49007467561436], [-112.108815821024, 33.49007467561436]]}, "properties": {"confidence": "high"}}, {"type": "Feature", "geometry": {"type": "LineString", "coordinates": [[-112.11169042993318, 33.490067183831464], [-112.11169042993318, 33.490059692047915], [-112.11165449732181, 33.490059692047915], [-112.11165449732181, 33.490067183831464], [-112.11169042993318, 33.490067183831464]]}, "properties": {"confidence": "high"}}, {"type": "Feature", "geometry": {"type": "LineString", "coordinates": [[-112.11036092331268, 33.490067183831464], [-112.11036092331268, 33.490059692047915], [-112.11034295700699, 33.490059692047915], [-112.11034295700699, 33.490067183831464], [-112.11036092331268, 33.490067183831464]]}, "properties": {"confidence": "high"}}, {"type": "Feature", "geometry": {"type": "LineString", "coordinates": [[-112.10961532162686, 33.490067183831464], [-112.10961532162686, 33.490059692047915], [-112.10960633847402, 33.490059692047915], [-112.10960633847402, 33.490067183831464], [-112.10961532162686, 33.490067183831464]]}, "properties": {"confidence": "high"}}, {"type": "Feature", "geometry": {"type": "LineString", "coordinates": [[-112.10878887156547, 33.490067183831464], [-112.10878887156547, 33.490059692047915], [-112.10876192210695, 33.490059692047915], [-112.10876192210695, 33.490067183831464], [-112.10878887156547, 33.490067183831464]]}, "properties": {"confidence": "high"}}, {"type": "Feature", "geometry": {"type": "LineString", "coordinates": [[-112.11170839623885, 33.490059692047915], [-112.11170839623885, 33.49005220026372], [-112.11169042993318, 33.49005220026372], [-112.11169042993318, 33.490059692047915], [-112.11170839623885, 33.490059692047915]]}, "properties": {"confidence": "high"}}, {"type": "Feature", "geometry": {"type": "LineString", "coordinates": [[-112.11036990646552, 33.490059692047915], [-112.11036990646552, 33.49005220026372], [-112.11036092331268, 33.49005220026372], [-112.11036092331268, 33.490059692047915], [-112.11036990646552, 33.490059692047915]]}, "properties": {"confidence": "high"}}, {"type": "Feature", "geometry": {"type": "LineString", "coordinates": [[-112.10963328793255, 33.490059692047915], [-112.10963328793255, 33.49005220026372], [-112.10961532162686, 33.49005220026372], [-112.10961532162686, 33.490059692047915], [-112.10963328793255, 33.490059692047915]]}, "properties": {"confidence": "high"}}, {"type": "Feature", "geometry": {"type": "LineString", "coordinates": [[-112.10876192210695, 33.490059692047915], [-112.10876192210695, 33.49005220026372], [-112.10873497264842, 33.49005220026372], [-112.10873497264842, 33.490059692047915], [-112.10876192210695, 33.490059692047915]]}, "properties": {"confidence": "high"}}, {"type": "Feature", "geometry": {"type": "LineString", "coordinates": [[-112.1083846296876, 33.490097150959166], [-112.1083846296876, 33.49004470847888], [-112.10837564653477, 33.49004470847888], [-112.10837564653477, 33.490097150959166], [-112.1083846296876, 33.490097150959166]]}, "properties": {"confidence": "high"}}, {"type": "Feature", "geometry": {"type": "LineString", "coordinates": [[-112.1103878727712, 33.49005220026372], [-112.1103878727712, 33.49004470847888], [-112.11036990646552, 33.49004470847888], [-112.11036990646552, 33.49005220026372], [-112.1103878727712, 33.49005220026372]]}, "properties": {"confidence": "high"}}, {"type": "Feature", "geometry": {"type": "LineString", "coordinates": [[-112.10965125423823, 33.49005220026372], [-112.10965125423823, 33.49004470847888], [-112.10963328793255, 33.49004470847888], [-112.10963328793255, 33.49005220026372], [-112.10965125423823, 33.49005220026372]]}, "properties": {"confidence": "high"}}, {"type": "Feature", "geometry": {"type": "LineString", "coordinates": [[-112.10873497264842, 33.49005220026372], [-112.10873497264842, 33.49004470847888], [-112.10869005688421, 33.49004470847888], [-112.10869005688421, 33.49005220026372], [-112.10873497264842, 33.49005220026372]]}, "properties": {"confidence": "high"}}, {"type": "Feature", "geometry": {"type": "LineString", "coordinates": [[-112.11200484028262, 33.49004470847888], [-112.11200484028262, 33.49003721669339], [-112.11187009299, 33.49003721669339], [-112.11187009299, 33.49004470847888], [-112.11200484028262, 33.49004470847888]]}, "properties": {"confidence": "high"}}, {"type": "Feature", "geometry": {"type": "LineString", "coordinates": [[-112.11039685592404, 33.49004470847888], [-112.11039685592404, 33.49003721669339], [-112.1103878727712, 33.49003721669339], [-112.1103878727712, 33.49004470847888], [-112.11039685592404, 33.49004470847888]]}, "properties": {"confidence": "high"}}, {"type": "Feature", "geometry": {"type": "LineString", "coordinates": [[-112.10966023739107, 33.49004470847888], [-112.10966023739107, 33.49003721669339], [-112.10965125423823, 33.49003721669339], [-112.10965125423823, 33.49004470847888], [-112.10966023739107, 33.49004470847888]]}, "properties": {"confidence": "high"}}, {"type": "Feature", "geometry": {"type": "LineString", "coordinates": [[-112.10869005688421, 33.49004470847888], [-112.10869005688421, 33.49003721669339], [-112.10863615796717, 33.49003721669339], [-112.10863615796717, 33.49004470847888], [-112.10869005688421, 33.49004470847888]]}, "properties": {"confidence": "high"}}, {"type": "Feature", "geometry": {"type": "LineString", "coordinates": [[-112.11211263811671, 33.49003721669339], [-112.11211263811671, 33.49002972490725], [-112.11200484028262, 33.49002972490725], [-112.11200484028262, 33.49003721669339], [-112.11211263811671, 33.49003721669339]]}, "properties": {"confidence": "high"}}, {"type": "Feature", "geometry": {"type": "LineString", "coordinates": [[-112.11041482222973, 33.49003721669339], [-112.11041482222973, 33.49002972490725], [-112.11039685592404, 33.49002972490725], [-112.11039685592404, 33.49003721669339], [-112.11041482222973, 33.49003721669339]]}, "properties": {"confidence": "high"}}, {"type": "Feature", "geometry": {"type": "LineString", "coordinates": [[-112.10967820369675, 33.49003721669339], [-112.10967820369675, 33.49002972490725], [-112.10966023739107, 33.49002972490725], [-112.10966023739107, 33.49003721669339], [-112.10967820369675, 33.49003721669339]]}, "properties": {"confidence": "high"}}, {"type": "Feature", "geometry": {"type": "LineString", "coordinates": [[-112.10863615796717, 33.49003721669339], [-112.10863615796717, 33.49002972490725], [-112.1086002253558, 33.49002972490725], [-112.1086002253558, 33.49003721669339], [-112.10863615796717, 33.49003721669339]]}, "properties": {"confidence": "high"}}, {"type": "Feature", "geometry": {"type": "LineString", "coordinates": [[-112.10853734328592, 33.49003721669339], [-112.10853734328592, 33.49002972490725], [-112.1085103938274, 33.49002972490725], [-112.1085103938274, 33.49003721669339], [-112.10853734328592, 33.49003721669339]]}, "properties": {"confidence": "high"}}, {"type": "Feature", "geometry": {"type": "LineString", "coordinates": [[-112.10770191007168, 33.49003721669339], [-112.10770191007168, 33.49002972490725], [-112.10764801115464, 33.49002972490725], [-112.10764801115464, 33.49003721669339], [-112.10770191007168, 33.49003721669339]]}, "properties": {"confidence": "high"}}, {"type": "Feature", "geometry": {"type": "LineString", "coordinates": [[-112.10749529755634, 33.49003721669339], [-112.10749529755634, 33.49002972490725], [-112.10698325784439, 33.49002972490725], [-112.10698325784439, 33.49003721669339], [-112.10749529755634, 33.49003721669339]]}, "properties": {"confidence": "high"}}, {"type": "Feature", "geometry": {"type": "LineString", "coordinates": [[-112.10692037577451, 33.49003721669339], [-112.10692037577451, 33.49002972490725], [-112.10675867902337, 33.49002972490725], [-112.10675867902337, 33.49003721669339], [-112.10692037577451, 33.49003721669339]]}, "properties": {"confidence": "high"}}, {"type": "Feature", "geometry": {"type": "LineString", "coordinates": [[-112.10671376325917, 33.49003721669339], [-112.10671376325917, 33.49002972490725], [-112.1066598643421, 33.49002972490725], [-112.1066598643421, 33.49003721669339], [-112.10671376325917, 33.49003721669339]]}, "properties": {"confidence": "high"}}, {"type": "Feature", "geometry": {"type": "LineString", "coordinates": [[-112.11226535171501, 33.49002972490725], [-112.11226535171501, 33.49002223312046], [-112.11211263811671, 33.49002223312046], [-112.11211263811671, 33.49002972490725], [-112.11226535171501, 33.49002972490725]]}, "properties": {"confidence": "high"}}, {"type": "Feature", "geometry": {"type": "LineString", "coordinates": [[-112.1104327885354, 33.49002972490725], [-112.1104327885354, 33.49002223312046], [-112.11041482222973, 33.49002223312046], [-112.11041482222973, 33.49002972490725], [-112.1104327885354, 33.49002972490725]]}, "properties": {"confidence": "high"}}, {"type": "Feature", "geometry": {"type": "LineString", "coordinates": [[-112.1096871868496, 33.49002972490725], [-112.1096871868496, 33.49002223312046], [-112.10967820369675, 33.49002223312046], [-112.10967820369675, 33.49002972490725], [-112.1096871868496, 33.49002972490725]]}, "properties": {"confidence": "high"}}, {"type": "Feature", "geometry": {"type": "LineString", "coordinates": [[-112.1086002253558, 33.49002972490725], [-112.1086002253558, 33.49002223312046], [-112.10853734328592, 33.49002223312046], [-112.10853734328592, 33.49002972490725], [-112.1086002253558, 33.49002972490725]]}, "properties": {"confidence": "high"}}, {"type": "Feature", "geometry": {"type": "LineString", "coordinates": [[-112.10823191608931, 33.49002972490725], [-112.10823191608931, 33.49002223312046], [-112.10770191007168, 33.49002223312046], [-112.10770191007168, 33.49002972490725], [-112.10823191608931, 33.49002972490725]]}, "properties": {"confidence": "high"}}, {"type": "Feature", "geometry": {"type": "LineString", "coordinates": [[-112.10764801115464, 33.49002972490725], [-112.10764801115464, 33.49002223312046], [-112.10749529755634, 33.49002223312046], [-112.10749529755634, 33.49002972490725], [-112.10764801115464, 33.49002972490725]]}, "properties": {"confidence": "high"}}, {"type": "Feature", "geometry": {"type": "LineString", "coordinates": [[-112.10698325784439, 33.49002972490725], [-112.10698325784439, 33.49002223312046], [-112.10692037577451, 33.49002223312046], [-112.10692037577451, 33.49002972490725], [-112.10698325784439, 33.49002972490725]]}, "properties": {"confidence": "high"}}, {"type": "Feature", "geometry": {"type": "LineString", "coordinates": [[-112.10675867902337, 33.49002972490725], [-112.10675867902337, 33.49002223312046], [-112.10671376325917, 33.49002223312046], [-112.10671376325917, 33.49002972490725], [-112.10675867902337, 33.49002972490725]]}, "properties": {"confidence": "high"}}, {"type": "Feature", "geometry": {"type": "LineString", "coordinates": [[-112.1066598643421, 33.49002972490725], [-112.1066598643421, 33.49002223312046], [-112.10659698227221, 33.49002223312046], [-112.10659698227221, 33.49002972490725], [-112.1066598643421, 33.49002972490725]]}, "properties": {"confidence": "high"}}, {"type": "Feature", "geometry": {"type": "LineString", "coordinates": [[-112.11231026747922, 33.49002223312046], [-112.11231026747922, 33.49001474133303], [-112.11226535171501, 33.49001474133303], [-112.11226535171501, 33.49002223312046], [-112.11231026747922, 33.49002223312046]]}, "properties": {"confidence": "high"}}, {"type": "Feature", "geometry": {"type": "LineString", "coordinates": [[-112.11044177168824, 33.49002223312046], [-112.11044177168824, 33.49001474133303], [-112.1104327885354, 33.49001474133303], [-112.1104327885354, 33.49002223312046], [-112.11044177168824, 33.49002223312046]]}, "properties": {"confidence": "high"}}, {"type": "Feature", "geometry": {"type": "LineString", "coordinates": [[-112.10970515315528, 33.49002223312046], [-112.10970515315528, 33.49001474133303], [-112.1096871868496, 33.49001474133303], [-112.1096871868496, 33.49002223312046], [-112.10970515315528, 33.49002223312046]]}, "properties": {"confidence": "high"}}, {"type": "Feature", "geometry": {"type": "LineString", "coordinates": [[-112.1123282337849, 33.49001474133303], [-112.1123282337849, 33.49000724954494], [-112.11231026747922, 33.49000724954494], [-112.11231026747922, 33.49001474133303], [-112.1123282337849, 33.49001474133303]]}, "properties": {"confidence": "high"}}, {"type": "Feature", "geometry": {"type": "LineString", "coordinates": [[-112.11045973799393, 33.49001474133303], [-112.11045973799393, 33.49000724954494], [-112.11044177168824, 33.49000724954494], [-112.11044177168824, 33.49001474133303], [-112.11045973799393, 33.49001474133303]]}, "properties": {"confidence": "high"}}, {"type": "Feature", "geometry": {"type": "LineString", "coordinates": [[-112.10971413630811, 33.49001474133303], [-112.10971413630811, 33.49000724954494], [-112.10970515315528, 33.49000724954494], [-112.10970515315528, 33.49001474133303], [-112.10971413630811, 33.49001474133303]]}, "properties": {"confidence": "high"}}, {"type": "Feature", "geometry": {"type": "LineString", "coordinates": [[-112.11047770429961, 33.49000724954494], [-112.11047770429961, 33.48999975775621], [-112.11045973799393, 33.48999975775621], [-112.11045973799393, 33.49000724954494], [-112.11047770429961, 33.49000724954494]]}, "properties": {"confidence": "high"}}, {"type": "Feature", "geometry": {"type": "LineString", "coordinates": [[-112.10972311946095, 33.49000724954494], [-112.10972311946095, 33.48999975775621], [-112.10971413630811, 33.48999975775621], [-112.10971413630811, 33.49000724954494], [-112.10972311946095, 33.49000724954494]]}, "properties": {"confidence": "high"}}, {"type": "Feature", "geometry": {"type": "LineString", "coordinates": [[-112.11386435292074, 33.48999975775621], [-112.11386435292074, 33.489992265966826], [-112.11362180779403, 33.489992265966826], [-112.11362180779403, 33.48999975775621], [-112.11386435292074, 33.48999975775621]]}, "properties": {"confidence": "high"}}, {"type": "Feature", "geometry": {"type": "LineString", "coordinates": [[-112.11048668745245, 33.48999975775621], [-112.11048668745245, 33.489992265966826], [-112.11047770429961, 33.489992265966826], [-112.11047770429961, 33.48999975775621], [-112.11048668745245, 33.48999975775621]]}, "properties": {"confidence": "high"}}, {"type": "Feature", "geometry": {"type": "LineString", "coordinates": [[-112.10974108576664, 33.48999975775621], [-112.10974108576664, 33.489992265966826], [-112.10972311946095, 33.489992265966826], [-112.10972311946095, 33.48999975775621], [-112.10974108576664, 33.48999975775621]]}, "properties": {"confidence": "high"}}, {"type": "Feature", "geometry": {"type": "LineString", "coordinates": [[-112.11305586916504, 33.49038183815518], [-112.11305586916504, 33.49020952759571], [-112.11345112789004, 33.49020952759571], [-112.11345112789004, 33.49020203582448], [-112.11305586916504, 33.49020203582448], [-112.11305586916504, 33.489984774176804], [-112.1130468860122, 33.489984774176804], [-112.1130468860122, 33.49038183815518], [-112.11305586916504, 33.49038183815518]]}, "properties": {"confidence": "high"}}, {"type": "Feature", "geometry": {"type": "LineString", "coordinates": [[-112.11466385352362, 33.489992265966826], [-112.11466385352362, 33.489984774176804], [-112.11386435292074, 33.489984774176804], [-112.11386435292074, 33.489992265966826], [-112.11466385352362, 33.489992265966826]]}, "properties": {"confidence": "high"}}, {"type": "Feature", "geometry": {"type": "LineString", "coordinates": [[-112.11362180779403, 33.489992265966826], [-112.11362180779403, 33.489984774176804], [-112.11337027951447, 33.489984774176804], [-112.11337027951447, 33.489992265966826], [-112.11362180779403, 33.489992265966826]]}, "properties": {"confidence": "high"}}, {"type": "Feature", "geometry": {"type": "LineString", "coordinates": [[-112.11050465375814, 33.489992265966826], [-112.11050465375814, 33.489984774176804], [-112.11048668745245, 33.489984774176804], [-112.11048668745245, 33.489992265966826], [-112.11050465375814, 33.489992265966826]]}, "properties": {"confidence": "high"}}, {"type": "Feature", "geometry": {"type": "LineString", "coordinates": [[-112.10975006891948, 33.489992265966826], [-112.10975006891948, 33.489984774176804], [-112.10974108576664, 33.489984774176804], [-112.10974108576664, 33.489992265966826], [-112.10975006891948, 33.489992265966826]]}, "properties": {"confidence": "high"}}, {"type": "Feature", "geometry": {"type": "LineString", "coordinates": [[-112.11187009299, 33.49005220026372], [-112.11187009299, 33.49004470847888], [-112.11174432885022, 33.49004470847888], [-112.11174432885022, 33.48997728238612], [-112.11173534569738, 33.48997728238612], [-112.11173534569738, 33.49004470847888], [-112.11170839623885, 33.49004470847888], [-112.11170839623885, 33.49005220026372], [-112.11187009299, 33.49005220026372]]}, "properties": {"confidence": "high"}}, {"type": "Feature", "geometry": {"type": "LineString", "coordinates": [[-112.11515792692987, 33.489984774176804], [-112.11515792692987, 33.48997728238612], [-112.11466385352362, 33.48997728238612], [-112.11466385352362, 33.489984774176804], [-112.11515792692987, 33.489984774176804]]}, "properties": {"confidence": "high"}}, {"type": "Feature", "geometry": {"type": "LineString", "coordinates": [[-112.11052262006382, 33.489984774176804], [-112.11052262006382, 33.48997728238612], [-112.11050465375814, 33.48997728238612], [-112.11050465375814, 33.489984774176804], [-112.11052262006382, 33.489984774176804]]}, "properties": {"confidence": "high"}}, {"type": "Feature", "geometry": {"type": "LineString", "coordinates": [[-112.10975905207232, 33.489984774176804], [-112.10975905207232, 33.48997728238612], [-112.10975006891948, 33.48997728238612], [-112.10975006891948, 33.489984774176804], [-112.10975905207232, 33.489984774176804]]}, "properties": {"confidence": "high"}}, {"type": "Feature", "geometry": {"type": "LineString", "coordinates": [[-112.11575081501739, 33.48997728238612], [-112.11575081501739, 33.4899697905948], [-112.11515792692987, 33.4899697905948], [-112.11515792692987, 33.48997728238612], [-112.11575081501739, 33.48997728238612]]}, "properties": {"confidence": "high"}}, {"type": "Feature", "geometry": {"type": "LineString", "coordinates": [[-112.1105405863695, 33.48997728238612], [-112.1105405863695, 33.4899697905948], [-112.11052262006382, 33.4899697905948], [-112.11052262006382, 33.48997728238612], [-112.1105405863695, 33.48997728238612]]}, "properties": {"confidence": "high"}}, {"type": "Feature", "geometry": {"type": "LineString", "coordinates": [[-112.109777018378, 33.48997728238612], [-112.109777018378, 33.4899697905948], [-112.10975905207232, 33.4899697905948], [-112.10975905207232, 33.48997728238612], [-112.109777018378, 33.48997728238612]]}, "properties": {"confidence": "high"}}, {"type": "Feature", "geometry": {"type": "LineString", "coordinates": [[-112.11575979817023, 33.4899697905948], [-112.11575979817023, 33.48996229880282], [-112.11575081501739, 33.48996229880282], [-112.11575081501739, 33.4899697905948], [-112.11575979817023, 33.4899697905948]]}, "properties": {"confidence": "high"}}, {"type": "Feature", "geometry": {"type": "LineString", "coordinates": [[-112.11054956952233, 33.4899697905948], [-112.11054956952233, 33.48996229880282], [-112.1105405863695, 33.48996229880282], [-112.1105405863695, 33.4899697905948], [-112.11054956952233, 33.4899697905948]]}, "properties": {"confidence": "high"}}, {"type": "Feature", "geometry": {"type": "LineString", "coordinates": [[-112.10978600153085, 33.4899697905948], [-112.10978600153085, 33.48996229880282], [-112.109777018378, 33.48996229880282], [-112.109777018378, 33.4899697905948], [-112.10978600153085, 33.4899697905948]]}, "properties": {"confidence": "high"}}, {"type": "Feature", "geometry": {"type": "LineString", "coordinates": [[-112.11576878132307, 33.48996229880282], [-112.11576878132307, 33.48995480701021], [-112.11575979817023, 33.48995480701021], [-112.11575979817023, 33.48996229880282], [-112.11576878132307, 33.48996229880282]]}, "properties": {"confidence": "high"}}, {"type": "Feature", "geometry": {"type": "LineString", "coordinates": [[-112.11056753582803, 33.48996229880282], [-112.11056753582803, 33.48995480701021], [-112.11054956952233, 33.48995480701021], [-112.11054956952233, 33.48996229880282], [-112.11056753582803, 33.48996229880282]]}, "properties": {"confidence": "high"}}, {"type": "Feature", "geometry": {"type": "LineString", "coordinates": [[-112.10979498468369, 33.48996229880282], [-112.10979498468369, 33.48995480701021], [-112.10978600153085, 33.48995480701021], [-112.10978600153085, 33.48996229880282], [-112.10979498468369, 33.48996229880282]]}, "properties": {"confidence": "high"}}, {"type": "Feature", "geometry": {"type": "LineString", "coordinates": [[-112.11577776447591, 33.48995480701021], [-112.11577776447591, 33.48994731521694], [-112.11576878132307, 33.48994731521694], [-112.11576878132307, 33.48995480701021], [-112.11577776447591, 33.48995480701021]]}, "properties": {"confidence": "high"}}, {"type": "Feature", "geometry": {"type": "LineString", "coordinates": [[-112.1105855021337, 33.48995480701021], [-112.1105855021337, 33.48994731521694], [-112.11056753582803, 33.48994731521694], [-112.11056753582803, 33.48995480701021], [-112.1105855021337, 33.48995480701021]]}, "properties": {"confidence": "high"}}, {"type": "Feature", "geometry": {"type": "LineString", "coordinates": [[-112.10981295098937, 33.48995480701021], [-112.10981295098937, 33.48994731521694], [-112.10979498468369, 33.48994731521694], [-112.10979498468369, 33.48995480701021], [-112.10981295098937, 33.48995480701021]]}, "properties": {"confidence": "high"}}, {"type": "Feature", "geometry": {"type": "LineString", "coordinates": [[-112.10839361284044, 33.49004470847888], [-112.10839361284044, 33.49002972490725], [-112.1085103938274, 33.49002972490725], [-112.1085103938274, 33.49002223312046], [-112.10839361284044, 33.49002223312046], [-112.10839361284044, 33.489939823423015], [-112.1083846296876, 33.489939823423015], [-112.1083846296876, 33.49002972490725], [-112.10823191608931, 33.49002972490725], [-112.10823191608931, 33.49003721669339], [-112.1083846296876, 33.49003721669339], [-112.1083846296876, 33.49004470847888], [-112.10839361284044, 33.49004470847888]]}, "properties": {"confidence": "high"}}, {"type": "Feature", "geometry": {"type": "LineString", "coordinates": [[-112.1106034684394, 33.48994731521694], [-112.1106034684394, 33.489939823423015], [-112.1105855021337, 33.489939823423015], [-112.1105855021337, 33.48994731521694], [-112.1106034684394, 33.48994731521694]]}, "properties": {"confidence": "high"}}, {"type": "Feature", "geometry": {"type": "LineString", "coordinates": [[-112.1098219341422, 33.48994731521694], [-112.1098219341422, 33.489939823423015], [-112.10981295098937, 33.489939823423015], [-112.10981295098937, 33.48994731521694], [-112.1098219341422, 33.48994731521694]]}, "properties": {"confidence": "high"}}, {"type": "Feature", "geometry": {"type": "LineString", "coordinates": [[-112.11062143474507, 33.489939823423015], [-112.11062143474507, 33.48993233162845], [-112.1106034684394, 33.48993233162845], [-112.1106034684394, 33.489939823423015], [-112.11062143474507, 33.489939823423015]]}, "properties": {"confidence": "high"}}, {"type": "Feature", "geometry": {"type": "LineString", "coordinates": [[-112.1098399004479, 33.489939823423015], [-112.1098399004479, 33.48993233162845], [-112.1098219341422, 33.48993233162845], [-112.1098219341422, 33.489939823423015], [-112.1098399004479, 33.489939823423015]]}, "properties": {"confidence": "high"}}, {"type": "Feature", "geometry": {"type": "LineString", "coordinates": [[-112.11063940105075, 33.48993233162845], [-112.11063940105075, 33.489924839833236], [-112.11062143474507, 33.489924839833236], [-112.11062143474507, 33.48993233162845], [-112.11063940105075, 33.48993233162845]]}, "properties": {"confidence": "high"}}, {"type": "Feature", "geometry": {"type": "LineString", "coordinates": [[-112.10984888360073, 33.48993233162845], [-112.10984888360073, 33.489924839833236], [-112.1098399004479, 33.489924839833236], [-112.1098399004479, 33.48993233162845], [-112.10984888360073, 33.48993233162845]]}, "properties": {"confidence": "high"}}, {"type": "Feature", "geometry": {"type": "LineString", "coordinates": [[-112.11175331200306, 33.48997728238612], [-112.11175331200306, 33.48991734803737], [-112.11174432885022, 33.48991734803737], [-112.11174432885022, 33.48997728238612], [-112.11175331200306, 33.48997728238612]]}, "properties": {"confidence": "high"}}, {"type": "Feature", "geometry": {"type": "LineString", "coordinates": [[-112.11065736735644, 33.489924839833236], [-112.11065736735644, 33.48991734803737], [-112.11063940105075, 33.48991734803737], [-112.11063940105075, 33.489924839833236], [-112.11065736735644, 33.489924839833236]]}, "properties": {"confidence": "high"}}, {"type": "Feature", "geometry": {"type": "LineString", "coordinates": [[-112.10985786675357, 33.489924839833236], [-112.10985786675357, 33.48991734803737], [-112.10984888360073, 33.48991734803737], [-112.10984888360073, 33.489924839833236], [-112.10985786675357, 33.489924839833236]]}, "properties": {"confidence": "high"}}, {"type": "Feature", "geometry": {"type": "LineString", "coordinates": [[-112.11067533366212, 33.48991734803737], [-112.11067533366212, 33.48990985624087], [-112.11065736735644, 33.48990985624087], [-112.11065736735644, 33.48991734803737], [-112.11067533366212, 33.48991734803737]]}, "properties": {"confidence": "high"}}, {"type": "Feature", "geometry": {"type": "LineString", "coordinates": [[-112.10987583305925, 33.48991734803737], [-112.10987583305925, 33.48990985624087], [-112.10985786675357, 33.48990985624087], [-112.10985786675357, 33.48991734803737], [-112.10987583305925, 33.48991734803737]]}, "properties": {"confidence": "high"}}, {"type": "Feature", "geometry": {"type": "LineString", "coordinates": [[-112.1106932999678, 33.48990985624087], [-112.1106932999678, 33.48990236444371], [-112.11067533366212, 33.48990236444371], [-112.11067533366212, 33.48990985624087], [-112.1106932999678, 33.48990985624087]]}, "properties": {"confidence": "high"}}, {"type": "Feature", "geometry": {"type": "LineString", "coordinates": [[-112.1098848162121, 33.48990985624087], [-112.1098848162121, 33.48990236444371], [-112.10987583305925, 33.48990236444371], [-112.10987583305925, 33.48990985624087], [-112.1098848162121, 33.48990985624087]]}, "properties": {"confidence": "high"}}, {"type": "Feature", "geometry": {"type": "LineString", "coordinates": [[-112.1107112662735, 33.48990236444371], [-112.1107112662735, 33.489894872645905], [-112.1106932999678, 33.489894872645905], [-112.1106932999678, 33.48990236444371], [-112.1107112662735, 33.48990236444371]]}, "properties": {"confidence": "high"}}, {"type": "Feature", "geometry": {"type": "LineString", "coordinates": [[-112.10989379936494, 33.48990236444371], [-112.10989379936494, 33.489894872645905], [-112.1098848162121, 33.489894872645905], [-112.1098848162121, 33.48990236444371], [-112.10989379936494, 33.48990236444371]]}, "properties": {"confidence": "high"}}, {"type": "Feature", "geometry": {"type": "LineString", "coordinates": [[-112.11337027951447, 33.489984774176804], [-112.11337027951447, 33.48997728238612], [-112.11306485231788, 33.48997728238612], [-112.11306485231788, 33.489894872645905], [-112.11307383547073, 33.489894872645905], [-112.11307383547073, 33.48988738084745], [-112.11305586916504, 33.48988738084745], [-112.11305586916504, 33.489984774176804], [-112.11337027951447, 33.489984774176804]]}, "properties": {"confidence": "high"}}, {"type": "Feature", "geometry": {"type": "LineString", "coordinates": [[-112.11072923257917, 33.489894872645905], [-112.11072923257917, 33.48988738084745], [-112.1107112662735, 33.48988738084745], [-112.1107112662735, 33.489894872645905], [-112.11072923257917, 33.489894872645905]]}, "properties": {"confidence": "high"}}, {"type": "Feature", "geometry": {"type": "LineString", "coordinates": [[-112.10991176567062, 33.489894872645905], [-112.10991176567062, 33.48988738084745], [-112.10989379936494, 33.48988738084745], [-112.10989379936494, 33.489894872645905], [-112.10991176567062, 33.489894872645905]]}, "properties": {"confidence": "high"}}, {"type": "Feature", "geometry": {"type": "LineString", "coordinates": [[-112.11308281862357, 33.48988738084745], [-112.11308281862357, 33.489879889048346], [-112.11307383547073, 33.489879889048346], [-112.11307383547073, 33.48988738084745], [-112.11308281862357, 33.48988738084745]]}, "properties": {"confidence": "high"}}, {"type": "Feature", "geometry": {"type": "LineString", "coordinates": [[-112.11074719888485, 33.48988738084745], [-112.11074719888485, 33.489879889048346], [-112.11072923257917, 33.489879889048346], [-112.11072923257917, 33.48988738084745], [-112.11074719888485, 33.48988738084745]]}, "properties": {"confidence": "high"}}, {"type": "Feature", "geometry": {"type": "LineString", "coordinates": [[-112.10992074882346, 33.48988738084745], [-112.10992074882346, 33.489879889048346], [-112.10991176567062, 33.489879889048346], [-112.10991176567062, 33.48988738084745], [-112.10992074882346, 33.48988738084745]]}, "properties": {"confidence": "high"}}, {"type": "Feature", "geometry": {"type": "LineString", "coordinates": [[-112.11305586916504, 33.48988738084745], [-112.11305586916504, 33.48987239724859], [-112.1130468860122, 33.48987239724859], [-112.1130468860122, 33.48988738084745], [-112.11305586916504, 33.48988738084745]]}, "properties": {"confidence": "high"}}, {"type": "Feature", "geometry": {"type": "LineString", "coordinates": [[-112.1130918017764, 33.489879889048346], [-112.1130918017764, 33.48987239724859], [-112.11308281862357, 33.48987239724859], [-112.11308281862357, 33.489879889048346], [-112.1130918017764, 33.489879889048346]]}, "properties": {"confidence": "high"}}, {"type": "Feature", "geometry": {"type": "LineString", "coordinates": [[-112.11076516519054, 33.489879889048346], [-112.11076516519054, 33.48987239724859], [-112.11074719888485, 33.48987239724859], [-112.11074719888485, 33.489879889048346], [-112.11076516519054, 33.489879889048346]]}, "properties": {"confidence": "high"}}, {"type": "Feature", "geometry": {"type": "LineString", "coordinates": [[-112.10993871512915, 33.489879889048346], [-112.10993871512915, 33.48987239724859], [-112.10992074882346, 33.48987239724859], [-112.10992074882346, 33.489879889048346], [-112.10993871512915, 33.489879889048346]]}, "properties": {"confidence": "high"}}, {"type": "Feature", "geometry": {"type": "LineString", "coordinates": [[-112.11310078492924, 33.48987239724859], [-112.11310078492924, 33.489864905448194], [-112.1130918017764, 33.489864905448194], [-112.1130918017764, 33.48987239724859], [-112.11310078492924, 33.48987239724859]]}, "properties": {"confidence": "high"}}, {"type": "Feature", "geometry": {"type": "LineString", "coordinates": [[-112.11078313149622, 33.48987239724859], [-112.11078313149622, 33.489864905448194], [-112.11076516519054, 33.489864905448194], [-112.11076516519054, 33.48987239724859], [-112.11078313149622, 33.48987239724859]]}, "properties": {"confidence": "high"}}, {"type": "Feature", "geometry": {"type": "LineString", "coordinates": [[-112.10994769828199, 33.48987239724859], [-112.10994769828199, 33.489864905448194], [-112.10993871512915, 33.489864905448194], [-112.10993871512915, 33.48987239724859], [-112.10994769828199, 33.48987239724859]]}, "properties": {"confidence": "high"}}, {"type": "Feature", "geometry": {"type": "LineString", "coordinates": [[-112.11310976808208, 33.489864905448194], [-112.11310976808208, 33.489857413647144], [-112.11310078492924, 33.489857413647144], [-112.11310078492924, 33.489864905448194], [-112.11310976808208, 33.489864905448194]]}, "properties": {"confidence": "high"}}, {"type": "Feature", "geometry": {"type": "LineString", "coordinates": [[-112.1108010978019, 33.489864905448194], [-112.1108010978019, 33.489857413647144], [-112.11078313149622, 33.489857413647144], [-112.11078313149622, 33.489864905448194], [-112.1108010978019, 33.489864905448194]]}, "properties": {"confidence": "high"}}, {"type": "Feature", "geometry": {"type": "LineString", "coordinates": [[-112.10995668143482, 33.489864905448194], [-112.10995668143482, 33.489857413647144], [-112.10994769828199, 33.489857413647144], [-112.10994769828199, 33.489864905448194], [-112.10995668143482, 33.489864905448194]]}, "properties": {"confidence": "high"}}, {"type": "Feature", "geometry": {"type": "LineString", "coordinates": [[-112.11311875123494, 33.489857413647144], [-112.11311875123494, 33.489849921845455], [-112.11310976808208, 33.489849921845455], [-112.11310976808208, 33.489857413647144], [-112.11311875123494, 33.489857413647144]]}, "properties": {"confidence": "high"}}, {"type": "Feature", "geometry": {"type": "LineString", "coordinates": [[-112.11081906410759, 33.489857413647144], [-112.11081906410759, 33.489849921845455], [-112.1108010978019, 33.489849921845455], [-112.1108010978019, 33.489857413647144], [-112.11081906410759, 33.489857413647144]]}, "properties": {"confidence": "high"}}, {"type": "Feature", "geometry": {"type": "LineString", "coordinates": [[-112.10996566458766, 33.489857413647144], [-112.10996566458766, 33.489849921845455], [-112.10995668143482, 33.489849921845455], [-112.10995668143482, 33.489857413647144], [-112.10996566458766, 33.489857413647144]]}, "properties": {"confidence": "high"}}, {"type": "Feature", "geometry": {"type": "LineString", "coordinates": [[-112.11312773438777, 33.489849921845455], [-112.11312773438777, 33.489842430043105], [-112.11311875123494, 33.489842430043105], [-112.11311875123494, 33.489849921845455], [-112.11312773438777, 33.489849921845455]]}, "properties": {"confidence": "high"}}, {"type": "Feature", "geometry": {"type": "LineString", "coordinates": [[-112.11083703041326, 33.489849921845455], [-112.11083703041326, 33.489842430043105], [-112.11081906410759, 33.489842430043105], [-112.11081906410759, 33.489849921845455], [-112.11083703041326, 33.489849921845455]]}, "properties": {"confidence": "high"}}, {"type": "Feature", "geometry": {"type": "LineString", "coordinates": [[-112.10998363089334, 33.489849921845455], [-112.10998363089334, 33.489842430043105], [-112.10996566458766, 33.489842430043105], [-112.10996566458766, 33.489849921845455], [-112.10998363089334, 33.489849921845455]]}, "properties": {"confidence": "high"}}, {"type": "Feature", "geometry": {"type": "LineString", "coordinates": [[-112.11313671754061, 33.489842430043105], [-112.11313671754061, 33.489834938240115], [-112.11312773438777, 33.489834938240115], [-112.11312773438777, 33.489842430043105], [-112.11313671754061, 33.489842430043105]]}, "properties": {"confidence": "high"}}, {"type": "Feature", "geometry": {"type": "LineString", "coordinates": [[-112.11085499671894, 33.489842430043105], [-112.11085499671894, 33.489834938240115], [-112.11083703041326, 33.489834938240115], [-112.11083703041326, 33.489842430043105], [-112.11085499671894, 33.489842430043105]]}, "properties": {"confidence": "high"}}, {"type": "Feature", "geometry": {"type": "LineString", "coordinates": [[-112.10999261404619, 33.489842430043105], [-112.10999261404619, 33.489834938240115], [-112.10998363089334, 33.489834938240115], [-112.10998363089334, 33.489842430043105], [-112.10999261404619, 33.489842430043105]]}, "properties": {"confidence": "high"}}, {"type": "Feature", "geometry": {"type": "LineString", "coordinates": [[-112.11314570069345, 33.489834938240115], [-112.11314570069345, 33.48982744643648], [-112.11313671754061, 33.48982744643648], [-112.11313671754061, 33.489834938240115], [-112.11314570069345, 33.489834938240115]]}, "properties": {"confidence": "high"}}, {"type": "Feature", "geometry": {"type": "LineString", "coordinates": [[-112.1108639798718, 33.489834938240115], [-112.1108639798718, 33.48982744643648], [-112.11085499671894, 33.48982744643648], [-112.11085499671894, 33.489834938240115], [-112.1108639798718, 33.489834938240115]]}, "properties": {"confidence": "high"}}, {"type": "Feature", "geometry": {"type": "LineString", "coordinates": [[-112.11001058035187, 33.489834938240115], [-112.11001058035187, 33.48982744643648], [-112.10999261404619, 33.48982744643648], [-112.10999261404619, 33.489834938240115], [-112.11001058035187, 33.489834938240115]]}, "properties": {"confidence": "high"}}, {"type": "Feature", "geometry": {"type": "LineString", "coordinates": [[-112.11315468384629, 33.48982744643648], [-112.11315468384629, 33.48981995463219], [-112.11314570069345, 33.48981995463219], [-112.11314570069345, 33.48982744643648], [-112.11315468384629, 33.48982744643648]]}, "properties": {"confidence": "high"}}, {"type": "Feature", "geometry": {"type": "LineString", "coordinates": [[-112.11088194617747, 33.48982744643648], [-112.11088194617747, 33.48981995463219], [-112.1108639798718, 33.48981995463219], [-112.1108639798718, 33.48982744643648], [-112.11088194617747, 33.48982744643648]]}, "properties": {"confidence": "high"}}, {"type": "Feature", "geometry": {"type": "LineString", "coordinates": [[-112.11001956350471, 33.48982744643648], [-112.11001956350471, 33.48981995463219], [-112.11001058035187, 33.48981995463219], [-112.11001058035187, 33.48982744643648], [-112.11001956350471, 33.48982744643648]]}, "properties": {"confidence": "high"}}, {"type": "Feature", "geometry": {"type": "LineString", "coordinates": [[-112.11316366699913, 33.48981995463219], [-112.11316366699913, 33.48981246282726], [-112.11315468384629, 33.48981246282726], [-112.11315468384629, 33.48981995463219], [-112.11316366699913, 33.48981995463219]]}, "properties": {"confidence": "high"}}, {"type": "Feature", "geometry": {"type": "LineString", "coordinates": [[-112.11089991248315, 33.48981995463219], [-112.11089991248315, 33.48981246282726], [-112.11088194617747, 33.48981246282726], [-112.11088194617747, 33.48981995463219], [-112.11089991248315, 33.48981995463219]]}, "properties": {"confidence": "high"}}, {"type": "Feature", "geometry": {"type": "LineString", "coordinates": [[-112.11002854665755, 33.48981995463219], [-112.11002854665755, 33.48981246282726], [-112.11001956350471, 33.48981246282726], [-112.11001956350471, 33.48981995463219], [-112.11002854665755, 33.48981995463219]]}, "properties": {"confidence": "high"}}, {"type": "Feature", "geometry": {"type": "LineString", "coordinates": [[-112.11317265015198, 33.48981246282726], [-112.11317265015198, 33.48980497102168], [-112.11316366699913, 33.48980497102168], [-112.11316366699913, 33.48981246282726], [-112.11317265015198, 33.48981246282726]]}, "properties": {"confidence": "high"}}, {"type": "Feature", "geometry": {"type": "LineString", "coordinates": [[-112.11091787878884, 33.48981246282726], [-112.11091787878884, 33.48980497102168], [-112.11089991248315, 33.48980497102168], [-112.11089991248315, 33.48981246282726], [-112.11091787878884, 33.48981246282726]]}, "properties": {"confidence": "high"}}, {"type": "Feature", "geometry": {"type": "LineString", "coordinates": [[-112.11004651296324, 33.48981246282726], [-112.11004651296324, 33.48980497102168], [-112.11002854665755, 33.48980497102168], [-112.11002854665755, 33.48981246282726], [-112.11004651296324, 33.48981246282726]]}, "properties": {"confidence": "high"}}, {"type": "Feature", "geometry": {"type": "LineString", "coordinates": [[-112.11318163330482, 33.48980497102168], [-112.11318163330482, 33.48979747921544], [-112.11317265015198, 33.48979747921544], [-112.11317265015198, 33.48980497102168], [-112.11318163330482, 33.48980497102168]]}, "properties": {"confidence": "high"}}, {"type": "Feature", "geometry": {"type": "LineString", "coordinates": [[-112.11094482824736, 33.48980497102168], [-112.11094482824736, 33.48979747921544], [-112.11091787878884, 33.48979747921544], [-112.11091787878884, 33.48980497102168], [-112.11094482824736, 33.48980497102168]]}, "properties": {"confidence": "high"}}, {"type": "Feature", "geometry": {"type": "LineString", "coordinates": [[-112.11006447926891, 33.48980497102168], [-112.11006447926891, 33.48979747921544], [-112.11004651296324, 33.48979747921544], [-112.11004651296324, 33.48980497102168], [-112.11006447926891, 33.48980497102168]]}, "properties": {"confidence": "high"}}, {"type": "Feature", "geometry": {"type": "LineString", "coordinates": [[-112.11319061645766, 33.48979747921544], [-112.11319061645766, 33.48978998740856], [-112.11318163330482, 33.48978998740856], [-112.11318163330482, 33.48979747921544], [-112.11319061645766, 33.48979747921544]]}, "properties": {"confidence": "high"}}, {"type": "Feature", "geometry": {"type": "LineString", "coordinates": [[-112.11096279455305, 33.48979747921544], [-112.11096279455305, 33.48978998740856], [-112.11094482824736, 33.48978998740856], [-112.11094482824736, 33.48979747921544], [-112.11096279455305, 33.48979747921544]]}, "properties": {"confidence": "high"}}, {"type": "Feature", "geometry": {"type": "LineString", "coordinates": [[-112.11007346242175, 33.48979747921544], [-112.11007346242175, 33.48978998740856], [-112.11006447926891, 33.48978998740856], [-112.11006447926891, 33.48979747921544], [-112.11007346242175, 33.48979747921544]]}, "properties": {"confidence": "high"}}, {"type": "Feature", "geometry": {"type": "LineString", "coordinates": [[-112.1131995996105, 33.48978998740856], [-112.1131995996105, 33.489782495601034], [-112.11319061645766, 33.489782495601034], [-112.11319061645766, 33.48978998740856], [-112.1131995996105, 33.48978998740856]]}, "properties": {"confidence": "high"}}, {"type": "Feature", "geometry": {"type": "LineString", "coordinates": [[-112.11097177770588, 33.48978998740856], [-112.11097177770588, 33.489782495601034], [-112.11096279455305, 33.489782495601034], [-112.11096279455305, 33.48978998740856], [-112.11097177770588, 33.48978998740856]]}, "properties": {"confidence": "high"}}, {"type": "Feature", "geometry": {"type": "LineString", "coordinates": [[-112.11008244557459, 33.48978998740856], [-112.11008244557459, 33.489782495601034], [-112.11007346242175, 33.489782495601034], [-112.11007346242175, 33.48978998740856], [-112.11008244557459, 33.48978998740856]]}, "properties": {"confidence": "high"}}, {"type": "Feature", "geometry": {"type": "LineString", "coordinates": [[-112.1084025959933, 33.489939823423015], [-112.1084025959933, 33.48977500379286], [-112.10839361284044, 33.48977500379286], [-112.10839361284044, 33.489939823423015], [-112.1084025959933, 33.489939823423015]]}, "properties": {"confidence": "high"}}, {"type": "Feature", "geometry": {"type": "LineString", "coordinates": [[-112.1117622951559, 33.48991734803737], [-112.1117622951559, 33.48977500379286], [-112.11175331200306, 33.48977500379286], [-112.11175331200306, 33.48991734803737], [-112.1117622951559, 33.48991734803737]]}, "properties": {"confidence": "high"}}, {"type": "Feature", "geometry": {"type": "LineString", "coordinates": [[-112.11320858276333, 33.489782495601034], [-112.11320858276333, 33.48977500379286], [-112.1131995996105, 33.48977500379286], [-112.1131995996105, 33.489782495601034], [-112.11320858276333, 33.489782495601034]]}, "properties": {"confidence": "high"}}, {"type": "Feature", "geometry": {"type": "LineString", "coordinates": [[-112.11102567662293, 33.489782495601034], [-112.11102567662293, 33.48977500379286], [-112.11097177770588, 33.48977500379286], [-112.11097177770588, 33.489782495601034], [-112.11102567662293, 33.489782495601034]]}, "properties": {"confidence": "high"}}, {"type": "Feature", "geometry": {"type": "LineString", "coordinates": [[-112.11009142872744, 33.489782495601034], [-112.11009142872744, 33.48977500379286], [-112.11008244557459, 33.48977500379286], [-112.11008244557459, 33.489782495601034], [-112.11009142872744, 33.489782495601034]]}, "properties": {"confidence": "high"}}, {"type": "Feature", "geometry": {"type": "LineString", "coordinates": [[-112.10925599551321, 33.489782495601034], [-112.10925599551321, 33.48977500379286], [-112.10915718083196, 33.48977500379286], [-112.10915718083196, 33.489782495601034], [-112.10925599551321, 33.489782495601034]]}, "properties": {"confidence": "high"}}, {"type": "Feature", "geometry": {"type": "LineString", "coordinates": [[-112.11321756591617, 33.48977500379286], [-112.11321756591617, 33.489767511984034], [-112.11320858276333, 33.489767511984034], [-112.11320858276333, 33.48977500379286], [-112.11321756591617, 33.48977500379286]]}, "properties": {"confidence": "high"}}, {"type": "Feature", "geometry": {"type": "LineString", "coordinates": [[-112.11105262608145, 33.48977500379286], [-112.11105262608145, 33.489767511984034], [-112.11102567662293, 33.489767511984034], [-112.11102567662293, 33.48977500379286], [-112.11105262608145, 33.48977500379286]]}, "properties": {"confidence": "high"}}, {"type": "Feature", "geometry": {"type": "LineString", "coordinates": [[-112.11010939503313, 33.48977500379286], [-112.11010939503313, 33.489767511984034], [-112.11009142872744, 33.489767511984034], [-112.11009142872744, 33.48977500379286], [-112.11010939503313, 33.48977500379286]]}, "properties": {"confidence": "high"}}, {"type": "Feature", "geometry": {"type": "LineString", "coordinates": [[-112.10929192812458, 33.48977500379286], [-112.10929192812458, 33.489767511984034], [-112.10925599551321, 33.489767511984034], [-112.10925599551321, 33.48977500379286], [-112.10929192812458, 33.48977500379286]]}, "properties": {"confidence": "high"}}, {"type": "Feature", "geometry": {"type": "LineString", "coordinates": [[-112.10915718083196, 33.48977500379286], [-112.10915718083196, 33.489767511984034], [-112.10911226506775, 33.489767511984034], [-112.10911226506775, 33.48977500379286], [-112.10915718083196, 33.48977500379286]]}, "properties": {"confidence": "high"}}, {"type": "Feature", "geometry": {"type": "LineString", "coordinates": [[-112.11322654906903, 33.489767511984034], [-112.11322654906903, 33.48976002017456], [-112.11321756591617, 33.48976002017456], [-112.11321756591617, 33.489767511984034], [-112.11322654906903, 33.489767511984034]]}, "properties": {"confidence": "high"}}, {"type": "Feature", "geometry": {"type": "LineString", "coordinates": [[-112.11107957553997, 33.489767511984034], [-112.11107957553997, 33.48976002017456], [-112.11105262608145, 33.48976002017456], [-112.11105262608145, 33.489767511984034], [-112.11107957553997, 33.489767511984034]]}, "properties": {"confidence": "high"}}, {"type": "Feature", "geometry": {"type": "LineString", "coordinates": [[-112.11011837818597, 33.489767511984034], [-112.11011837818597, 33.48976002017456], [-112.11010939503313, 33.48976002017456], [-112.11010939503313, 33.489767511984034], [-112.11011837818597, 33.489767511984034]]}, "properties": {"confidence": "high"}}, {"type": "Feature", "geometry": {"type": "LineString", "coordinates": [[-112.10931887758309, 33.489767511984034], [-112.10931887758309, 33.48976002017456], [-112.10929192812458, 33.48976002017456], [-112.10929192812458, 33.489767511984034], [-112.10931887758309, 33.489767511984034]]}, "properties": {"confidence": "high"}}, {"type": "Feature", "geometry": {"type": "LineString", "coordinates": [[-112.10911226506775, 33.489767511984034], [-112.10911226506775, 33.48976002017456], [-112.10909429876207, 33.48976002017456], [-112.10909429876207, 33.489767511984034], [-112.10911226506775, 33.489767511984034]]}, "properties": {"confidence": "high"}}, {"type": "Feature", "geometry": {"type": "LineString", "coordinates": [[-112.11323553222186, 33.48976002017456], [-112.11323553222186, 33.48975252836444], [-112.11322654906903, 33.48975252836444], [-112.11322654906903, 33.48976002017456], [-112.11323553222186, 33.48976002017456]]}, "properties": {"confidence": "high"}}, {"type": "Feature", "geometry": {"type": "LineString", "coordinates": [[-112.11110652499849, 33.48976002017456], [-112.11110652499849, 33.48975252836444], [-112.11107957553997, 33.48975252836444], [-112.11107957553997, 33.48976002017456], [-112.11110652499849, 33.48976002017456]]}, "properties": {"confidence": "high"}}, {"type": "Feature", "geometry": {"type": "LineString", "coordinates": [[-112.11013634449165, 33.48976002017456], [-112.11013634449165, 33.48975252836444], [-112.11011837818597, 33.48975252836444], [-112.11011837818597, 33.48976002017456], [-112.11013634449165, 33.48976002017456]]}, "properties": {"confidence": "high"}}, {"type": "Feature", "geometry": {"type": "LineString", "coordinates": [[-112.10933684388878, 33.48976002017456], [-112.10933684388878, 33.48975252836444], [-112.10931887758309, 33.48975252836444], [-112.10931887758309, 33.48976002017456], [-112.10933684388878, 33.48976002017456]]}, "properties": {"confidence": "high"}}, {"type": "Feature", "geometry": {"type": "LineString", "coordinates": [[-112.10909429876207, 33.48976002017456], [-112.10909429876207, 33.48975252836444], [-112.1090763324564, 33.48975252836444], [-112.1090763324564, 33.48976002017456], [-112.10909429876207, 33.48976002017456]]}, "properties": {"confidence": "high"}}, {"type": "Feature", "geometry": {"type": "LineString", "coordinates": [[-112.11325349852754, 33.48975252836444], [-112.11325349852754, 33.48974503655367], [-112.11323553222186, 33.48974503655367], [-112.11323553222186, 33.48975252836444], [-112.11325349852754, 33.48975252836444]]}, "properties": {"confidence": "high"}}, {"type": "Feature", "geometry": {"type": "LineString", "coordinates": [[-112.11114245760986, 33.48975252836444], [-112.11114245760986, 33.48974503655367], [-112.11110652499849, 33.48974503655367], [-112.11110652499849, 33.48975252836444], [-112.11114245760986, 33.48975252836444]]}, "properties": {"confidence": "high"}}, {"type": "Feature", "geometry": {"type": "LineString", "coordinates": [[-112.1101453276445, 33.48975252836444], [-112.1101453276445, 33.48974503655367], [-112.11013634449165, 33.48974503655367], [-112.11013634449165, 33.48975252836444], [-112.1101453276445, 33.48975252836444]]}, "properties": {"confidence": "high"}}, {"type": "Feature", "geometry": {"type": "LineString", "coordinates": [[-112.1093637933473, 33.48975252836444], [-112.1093637933473, 33.48974503655367], [-112.10933684388878, 33.48974503655367], [-112.10933684388878, 33.48975252836444], [-112.1093637933473, 33.48975252836444]]}, "properties": {"confidence": "high"}}, {"type": "Feature", "geometry": {"type": "LineString", "coordinates": [[-112.1090763324564, 33.48975252836444], [-112.1090763324564, 33.48974503655367], [-112.10904938299787, 33.48974503655367], [-112.10904938299787, 33.48975252836444], [-112.1090763324564, 33.48975252836444]]}, "properties": {"confidence": "high"}}, {"type": "Feature", "geometry": {"type": "LineString", "coordinates": [[-112.11326248168038, 33.48974503655367], [-112.11326248168038, 33.489737544742255], [-112.11325349852754, 33.489737544742255], [-112.11325349852754, 33.48974503655367], [-112.11326248168038, 33.48974503655367]]}, "properties": {"confidence": "high"}}, {"type": "Feature", "geometry": {"type": "LineString", "coordinates": [[-112.11117839022123, 33.48974503655367], [-112.11117839022123, 33.489737544742255], [-112.11114245760986, 33.489737544742255], [-112.11114245760986, 33.48974503655367], [-112.11117839022123, 33.48974503655367]]}, "properties": {"confidence": "high"}}, {"type": "Feature", "geometry": {"type": "LineString", "coordinates": [[-112.11016329395018, 33.48974503655367], [-112.11016329395018, 33.489737544742255], [-112.1101453276445, 33.489737544742255], [-112.1101453276445, 33.48974503655367], [-112.11016329395018, 33.48974503655367]]}, "properties": {"confidence": "high"}}, {"type": "Feature", "geometry": {"type": "LineString", "coordinates": [[-112.10937277650015, 33.48974503655367], [-112.10937277650015, 33.489737544742255], [-112.1093637933473, 33.489737544742255], [-112.1093637933473, 33.48974503655367], [-112.10937277650015, 33.48974503655367]]}, "properties": {"confidence": "high"}}, {"type": "Feature", "geometry": {"type": "LineString", "coordinates": [[-112.10904938299787, 33.48974503655367], [-112.10904938299787, 33.489737544742255], [-112.10903141669219, 33.489737544742255], [-112.10903141669219, 33.48974503655367], [-112.10904938299787, 33.48974503655367]]}, "properties": {"confidence": "high"}}, {"type": "Feature", "geometry": {"type": "LineString", "coordinates": [[-112.11328044798607, 33.489737544742255], [-112.11328044798607, 33.48973005293019], [-112.11326248168038, 33.48973005293019], [-112.11326248168038, 33.489737544742255], [-112.11328044798607, 33.489737544742255]]}, "properties": {"confidence": "high"}}, {"type": "Feature", "geometry": {"type": "LineString", "coordinates": [[-112.11121432283258, 33.489737544742255], [-112.11121432283258, 33.48973005293019], [-112.11117839022123, 33.48973005293019], [-112.11117839022123, 33.489737544742255], [-112.11121432283258, 33.489737544742255]]}, "properties": {"confidence": "high"}}, {"type": "Feature", "geometry": {"type": "LineString", "coordinates": [[-112.11017227710302, 33.489737544742255], [-112.11017227710302, 33.48973005293019], [-112.11016329395018, 33.48973005293019], [-112.11016329395018, 33.489737544742255], [-112.11017227710302, 33.489737544742255]]}, "properties": {"confidence": "high"}}, {"type": "Feature", "geometry": {"type": "LineString", "coordinates": [[-112.10939074280583, 33.489737544742255], [-112.10939074280583, 33.48973005293019], [-112.10937277650015, 33.48973005293019], [-112.10937277650015, 33.489737544742255], [-112.10939074280583, 33.489737544742255]]}, "properties": {"confidence": "high"}}, {"type": "Feature", "geometry": {"type": "LineString", "coordinates": [[-112.10903141669219, 33.489737544742255], [-112.10903141669219, 33.48973005293019], [-112.1090134503865, 33.48973005293019], [-112.1090134503865, 33.489737544742255], [-112.10903141669219, 33.489737544742255]]}, "properties": {"confidence": "high"}}, {"type": "Feature", "geometry": {"type": "LineString", "coordinates": [[-112.11329841429175, 33.48973005293019], [-112.11329841429175, 33.489722561117475], [-112.11328044798607, 33.489722561117475], [-112.11328044798607, 33.48973005293019], [-112.11329841429175, 33.48973005293019]]}, "properties": {"confidence": "high"}}, {"type": "Feature", "geometry": {"type": "LineString", "coordinates": [[-112.11125025544396, 33.48973005293019], [-112.11125025544396, 33.489722561117475], [-112.11121432283258, 33.489722561117475], [-112.11121432283258, 33.48973005293019], [-112.11125025544396, 33.48973005293019]]}, "properties": {"confidence": "high"}}, {"type": "Feature", "geometry": {"type": "LineString", "coordinates": [[-112.11018126025586, 33.48973005293019], [-112.11018126025586, 33.489722561117475], [-112.11017227710302, 33.489722561117475], [-112.11017227710302, 33.48973005293019], [-112.11018126025586, 33.48973005293019]]}, "properties": {"confidence": "high"}}, {"type": "Feature", "geometry": {"type": "LineString", "coordinates": [[-112.10939972595867, 33.48973005293019], [-112.10939972595867, 33.489722561117475], [-112.10939074280583, 33.489722561117475], [-112.10939074280583, 33.48973005293019], [-112.10939972595867, 33.48973005293019]]}, "properties": {"confidence": "high"}}, {"type": "Feature", "geometry": {"type": "LineString", "coordinates": [[-112.1090134503865, 33.48973005293019], [-112.1090134503865, 33.489722561117475], [-112.10899548408082, 33.489722561117475], [-112.10899548408082, 33.48973005293019], [-112.1090134503865, 33.48973005293019]]}, "properties": {"confidence": "high"}}, {"type": "Feature", "geometry": {"type": "LineString", "coordinates": [[-112.11330739744459, 33.489722561117475], [-112.11330739744459, 33.48971506930412], [-112.11329841429175, 33.48971506930412], [-112.11329841429175, 33.489722561117475], [-112.11330739744459, 33.489722561117475]]}, "properties": {"confidence": "high"}}, {"type": "Feature", "geometry": {"type": "LineString", "coordinates": [[-112.11126822174964, 33.489722561117475], [-112.11126822174964, 33.48971506930412], [-112.11125025544396, 33.48971506930412], [-112.11125025544396, 33.489722561117475], [-112.11126822174964, 33.489722561117475]]}, "properties": {"confidence": "high"}}, {"type": "Feature", "geometry": {"type": "LineString", "coordinates": [[-112.11019922656155, 33.489722561117475], [-112.11019922656155, 33.48971506930412], [-112.11018126025586, 33.48971506930412], [-112.11018126025586, 33.489722561117475], [-112.11019922656155, 33.489722561117475]]}, "properties": {"confidence": "high"}}, {"type": "Feature", "geometry": {"type": "LineString", "coordinates": [[-112.10941769226434, 33.489722561117475], [-112.10941769226434, 33.48971506930412], [-112.10939972595867, 33.48971506930412], [-112.10939972595867, 33.489722561117475], [-112.10941769226434, 33.489722561117475]]}, "properties": {"confidence": "high"}}, {"type": "Feature", "geometry": {"type": "LineString", "coordinates": [[-112.10899548408082, 33.489722561117475], [-112.10899548408082, 33.48971506930412], [-112.10897751777514, 33.48971506930412], [-112.10897751777514, 33.489722561117475], [-112.10899548408082, 33.489722561117475]]}, "properties": {"confidence": "high"}}, {"type": "Feature", "geometry": {"type": "LineString", "coordinates": [[-112.11331638059742, 33.48971506930412], [-112.11331638059742, 33.48970757749011], [-112.11330739744459, 33.48970757749011], [-112.11330739744459, 33.48971506930412], [-112.11331638059742, 33.48971506930412]]}, "properties": {"confidence": "high"}}, {"type": "Feature", "geometry": {"type": "LineString", "coordinates": [[-112.11128618805533, 33.48971506930412], [-112.11128618805533, 33.48970757749011], [-112.11126822174964, 33.48970757749011], [-112.11126822174964, 33.48971506930412], [-112.11128618805533, 33.48971506930412]]}, "properties": {"confidence": "high"}}, {"type": "Feature", "geometry": {"type": "LineString", "coordinates": [[-112.11020820971439, 33.48971506930412], [-112.11020820971439, 33.48970757749011], [-112.11019922656155, 33.48970757749011], [-112.11019922656155, 33.48971506930412], [-112.11020820971439, 33.48971506930412]]}, "properties": {"confidence": "high"}}, {"type": "Feature", "geometry": {"type": "LineString", "coordinates": [[-112.10943565857004, 33.48971506930412], [-112.10943565857004, 33.48970757749011], [-112.10941769226434, 33.48970757749011], [-112.10941769226434, 33.48971506930412], [-112.10943565857004, 33.48971506930412]]}, "properties": {"confidence": "high"}}, {"type": "Feature", "geometry": {"type": "LineString", "coordinates": [[-112.10897751777514, 33.48971506930412], [-112.10897751777514, 33.48970757749011], [-112.10895955146945, 33.48970757749011], [-112.10895955146945, 33.48971506930412], [-112.10897751777514, 33.48971506930412]]}, "properties": {"confidence": "high"}}, {"type": "Feature", "geometry": {"type": "LineString", "coordinates": [[-112.11333434690312, 33.48970757749011], [-112.11333434690312, 33.48970008567545], [-112.11331638059742, 33.48970008567545], [-112.11331638059742, 33.48970757749011], [-112.11333434690312, 33.48970757749011]]}, "properties": {"confidence": "high"}}, {"type": "Feature", "geometry": {"type": "LineString", "coordinates": [[-112.11129517120817, 33.48970757749011], [-112.11129517120817, 33.48970008567545], [-112.11128618805533, 33.48970008567545], [-112.11128618805533, 33.48970757749011], [-112.11129517120817, 33.48970757749011]]}, "properties": {"confidence": "high"}}, {"type": "Feature", "geometry": {"type": "LineString", "coordinates": [[-112.11022617602006, 33.48970757749011], [-112.11022617602006, 33.48970008567545], [-112.11020820971439, 33.48970008567545], [-112.11020820971439, 33.48970757749011], [-112.11022617602006, 33.48970757749011]]}, "properties": {"confidence": "high"}}, {"type": "Feature", "geometry": {"type": "LineString", "coordinates": [[-112.10944464172287, 33.48970757749011], [-112.10944464172287, 33.48970008567545], [-112.10943565857004, 33.48970008567545], [-112.10943565857004, 33.48970757749011], [-112.10944464172287, 33.48970757749011]]}, "properties": {"confidence": "high"}}, {"type": "Feature", "geometry": {"type": "LineString", "coordinates": [[-112.10895955146945, 33.48970757749011], [-112.10895955146945, 33.48970008567545], [-112.1089505683166, 33.48970008567545], [-112.1089505683166, 33.48970757749011], [-112.10895955146945, 33.48970757749011]]}, "properties": {"confidence": "high"}}, {"type": "Feature", "geometry": {"type": "LineString", "coordinates": [[-112.11334333005595, 33.48970008567545], [-112.11334333005595, 33.48969259386014], [-112.11333434690312, 33.48969259386014], [-112.11333434690312, 33.48970008567545], [-112.11334333005595, 33.48970008567545]]}, "properties": {"confidence": "high"}}, {"type": "Feature", "geometry": {"type": "LineString", "coordinates": [[-112.11024414232574, 33.48970008567545], [-112.11024414232574, 33.48969259386014], [-112.11022617602006, 33.48969259386014], [-112.11022617602006, 33.48970008567545], [-112.11024414232574, 33.48970008567545]]}, "properties": {"confidence": "high"}}, {"type": "Feature", "geometry": {"type": "LineString", "coordinates": [[-112.10945362487571, 33.48970008567545], [-112.10945362487571, 33.48969259386014], [-112.10944464172287, 33.48969259386014], [-112.10944464172287, 33.48970008567545], [-112.10945362487571, 33.48970008567545]]}, "properties": {"confidence": "high"}}, {"type": "Feature", "geometry": {"type": "LineString", "coordinates": [[-112.1089505683166, 33.48970008567545], [-112.1089505683166, 33.48969259386014], [-112.10893260201092, 33.48969259386014], [-112.10893260201092, 33.48970008567545], [-112.1089505683166, 33.48970008567545]]}, "properties": {"confidence": "high"}}, {"type": "Feature", "geometry": {"type": "LineString", "coordinates": [[-112.11336129636163, 33.48969259386014], [-112.11336129636163, 33.48968510204419], [-112.11334333005595, 33.48968510204419], [-112.11334333005595, 33.48969259386014], [-112.11336129636163, 33.48969259386014]]}, "properties": {"confidence": "high"}}, {"type": "Feature", "geometry": {"type": "LineString", "coordinates": [[-112.1102531254786, 33.48969259386014], [-112.1102531254786, 33.48968510204419], [-112.11024414232574, 33.48968510204419], [-112.11024414232574, 33.48969259386014], [-112.1102531254786, 33.48969259386014]]}, "properties": {"confidence": "high"}}, {"type": "Feature", "geometry": {"type": "LineString", "coordinates": [[-112.10947159118139, 33.48969259386014], [-112.10947159118139, 33.48968510204419], [-112.10945362487571, 33.48968510204419], [-112.10945362487571, 33.48969259386014], [-112.10947159118139, 33.48969259386014]]}, "properties": {"confidence": "high"}}, {"type": "Feature", "geometry": {"type": "LineString", "coordinates": [[-112.10893260201092, 33.48969259386014], [-112.10893260201092, 33.48968510204419], [-112.10892361885809, 33.48968510204419], [-112.10892361885809, 33.48969259386014], [-112.10893260201092, 33.48969259386014]]}, "properties": {"confidence": "high"}}, {"type": "Feature", "geometry": {"type": "LineString", "coordinates": [[-112.11346909419572, 33.48968510204419], [-112.11346909419572, 33.48967761022759], [-112.1134421447372, 33.48967761022759], [-112.1134421447372, 33.48968510204419], [-112.11346909419572, 33.48968510204419]]}, "properties": {"confidence": "high"}}, {"type": "Feature", "geometry": {"type": "LineString", "coordinates": [[-112.11341519527868, 33.48968510204419], [-112.11341519527868, 33.48967761022759], [-112.11336129636163, 33.48967761022759], [-112.11336129636163, 33.48968510204419], [-112.11341519527868, 33.48968510204419]]}, "properties": {"confidence": "high"}}, {"type": "Feature", "geometry": {"type": "LineString", "coordinates": [[-112.11027109178427, 33.48968510204419], [-112.11027109178427, 33.48967761022759], [-112.1102531254786, 33.48967761022759], [-112.1102531254786, 33.48968510204419], [-112.11027109178427, 33.48968510204419]]}, "properties": {"confidence": "high"}}, {"type": "Feature", "geometry": {"type": "LineString", "coordinates": [[-112.10948057433424, 33.48968510204419], [-112.10948057433424, 33.48967761022759], [-112.10947159118139, 33.48967761022759], [-112.10947159118139, 33.48968510204419], [-112.10948057433424, 33.48968510204419]]}, "properties": {"confidence": "high"}}, {"type": "Feature", "geometry": {"type": "LineString", "coordinates": [[-112.10892361885809, 33.48968510204419], [-112.10892361885809, 33.48967761022759], [-112.10891463570525, 33.48967761022759], [-112.10891463570525, 33.48968510204419], [-112.10892361885809, 33.48968510204419]]}, "properties": {"confidence": "high"}}, {"type": "Feature", "geometry": {"type": "LineString", "coordinates": [[-112.11130415436101, 33.48970008567545], [-112.11130415436101, 33.48967011841034], [-112.11129517120817, 33.48967011841034], [-112.11129517120817, 33.48970008567545], [-112.11130415436101, 33.48970008567545]]}, "properties": {"confidence": "high"}}, {"type": "Feature", "geometry": {"type": "LineString", "coordinates": [[-112.11028905808995, 33.48967761022759], [-112.11028905808995, 33.48967011841034], [-112.11027109178427, 33.48967011841034], [-112.11027109178427, 33.48967761022759], [-112.11028905808995, 33.48967761022759]]}, "properties": {"confidence": "high"}}, {"type": "Feature", "geometry": {"type": "LineString", "coordinates": [[-112.10948955748708, 33.48967761022759], [-112.10948955748708, 33.48967011841034], [-112.10948057433424, 33.48967011841034], [-112.10948057433424, 33.48967761022759], [-112.10948955748708, 33.48967761022759]]}, "properties": {"confidence": "high"}}, {"type": "Feature", "geometry": {"type": "LineString", "coordinates": [[-112.10891463570525, 33.48967761022759], [-112.10891463570525, 33.48967011841034], [-112.10889666939956, 33.48967011841034], [-112.10889666939956, 33.48967761022759], [-112.10891463570525, 33.48967761022759]]}, "properties": {"confidence": "high"}}, {"type": "Feature", "geometry": {"type": "LineString", "coordinates": [[-112.1130468860122, 33.48987239724859], [-112.1130468860122, 33.489662626592434], [-112.11303790285936, 33.489662626592434], [-112.11303790285936, 33.48987239724859], [-112.1130468860122, 33.48987239724859]]}, "properties": {"confidence": "high"}}, {"type": "Feature", "geometry": {"type": "LineString", "coordinates": [[-112.11030702439564, 33.48967011841034], [-112.11030702439564, 33.489662626592434], [-112.11028905808995, 33.489662626592434], [-112.11028905808995, 33.48967011841034], [-112.11030702439564, 33.48967011841034]]}, "properties": {"confidence": "high"}}, {"type": "Feature", "geometry": {"type": "LineString", "coordinates": [[-112.10949854063992, 33.48967011841034], [-112.10949854063992, 33.489662626592434], [-112.10948955748708, 33.489662626592434], [-112.10948955748708, 33.48967011841034], [-112.10949854063992, 33.48967011841034]]}, "properties": {"confidence": "high"}}, {"type": "Feature", "geometry": {"type": "LineString", "coordinates": [[-112.10889666939956, 33.48967011841034], [-112.10889666939956, 33.489662626592434], [-112.10888768624672, 33.489662626592434], [-112.10888768624672, 33.48967011841034], [-112.10889666939956, 33.48967011841034]]}, "properties": {"confidence": "high"}}, {"type": "Feature", "geometry": {"type": "LineString", "coordinates": [[-112.11131313751385, 33.48967011841034], [-112.11131313751385, 33.48965513477389], [-112.11130415436101, 33.48965513477389], [-112.11130415436101, 33.48967011841034], [-112.11131313751385, 33.48967011841034]]}, "properties": {"confidence": "high"}}, {"type": "Feature", "geometry": {"type": "LineString", "coordinates": [[-112.11031600754848, 33.489662626592434], [-112.11031600754848, 33.48965513477389], [-112.11030702439564, 33.48965513477389], [-112.11030702439564, 33.489662626592434], [-112.11031600754848, 33.489662626592434]]}, "properties": {"confidence": "high"}}, {"type": "Feature", "geometry": {"type": "LineString", "coordinates": [[-112.1095165069456, 33.489662626592434], [-112.1095165069456, 33.48965513477389], [-112.10949854063992, 33.48965513477389], [-112.10949854063992, 33.489662626592434], [-112.1095165069456, 33.489662626592434]]}, "properties": {"confidence": "high"}}, {"type": "Feature", "geometry": {"type": "LineString", "coordinates": [[-112.10888768624672, 33.489662626592434], [-112.10888768624672, 33.48965513477389], [-112.10887870309388, 33.48965513477389], [-112.10887870309388, 33.489662626592434], [-112.10888768624672, 33.489662626592434]]}, "properties": {"confidence": "high"}}, {"type": "Feature", "geometry": {"type": "LineString", "coordinates": [[-112.1134421447372, 33.48967761022759], [-112.1134421447372, 33.4896476429547], [-112.11343316158437, 33.4896476429547], [-112.11343316158437, 33.48967011841034], [-112.11341519527868, 33.48967011841034], [-112.11341519527868, 33.48967761022759], [-112.1134421447372, 33.48967761022759]]}, "properties": {"confidence": "high"}}, {"type": "Feature", "geometry": {"type": "LineString", "coordinates": [[-112.11033397385415, 33.48965513477389], [-112.11033397385415, 33.4896476429547], [-112.11031600754848, 33.4896476429547], [-112.11031600754848, 33.48965513477389], [-112.11033397385415, 33.48965513477389]]}, "properties": {"confidence": "high"}}, {"type": "Feature", "geometry": {"type": "LineString", "coordinates": [[-112.10952549009845, 33.48965513477389], [-112.10952549009845, 33.4896476429547], [-112.1095165069456, 33.4896476429547], [-112.1095165069456, 33.48965513477389], [-112.10952549009845, 33.48965513477389]]}, "properties": {"confidence": "high"}}, {"type": "Feature", "geometry": {"type": "LineString", "coordinates": [[-112.10887870309388, 33.48965513477389], [-112.10887870309388, 33.4896476429547], [-112.1088607367882, 33.4896476429547], [-112.1088607367882, 33.48965513477389], [-112.10887870309388, 33.48965513477389]]}, "properties": {"confidence": "high"}}, {"type": "Feature", "geometry": {"type": "LineString", "coordinates": [[-112.11175331200306, 33.48977500379286], [-112.11175331200306, 33.48964015113485], [-112.11174432885022, 33.48964015113485], [-112.11174432885022, 33.48977500379286], [-112.11175331200306, 33.48977500379286]]}, "properties": {"confidence": "high"}}, {"type": "Feature", "geometry": {"type": "LineString", "coordinates": [[-112.11035194015984, 33.4896476429547], [-112.11035194015984, 33.48964015113485], [-112.11033397385415, 33.48964015113485], [-112.11033397385415, 33.4896476429547], [-112.11035194015984, 33.4896476429547]]}, "properties": {"confidence": "high"}}, {"type": "Feature", "geometry": {"type": "LineString", "coordinates": [[-112.10953447325129, 33.4896476429547], [-112.10953447325129, 33.48964015113485], [-112.10952549009845, 33.48964015113485], [-112.10952549009845, 33.4896476429547], [-112.10953447325129, 33.4896476429547]]}, "properties": {"confidence": "high"}}, {"type": "Feature", "geometry": {"type": "LineString", "coordinates": [[-112.1088607367882, 33.4896476429547], [-112.1088607367882, 33.48964015113485], [-112.10885175363535, 33.48964015113485], [-112.10885175363535, 33.4896476429547], [-112.1088607367882, 33.4896476429547]]}, "properties": {"confidence": "high"}}, {"type": "Feature", "geometry": {"type": "LineString", "coordinates": [[-112.11036092331268, 33.48964015113485], [-112.11036092331268, 33.48963265931436], [-112.11035194015984, 33.48963265931436], [-112.11035194015984, 33.48964015113485], [-112.11036092331268, 33.48964015113485]]}, "properties": {"confidence": "high"}}, {"type": "Feature", "geometry": {"type": "LineString", "coordinates": [[-112.10955243955698, 33.48964015113485], [-112.10955243955698, 33.48963265931436], [-112.10953447325129, 33.48963265931436], [-112.10953447325129, 33.48964015113485], [-112.10955243955698, 33.48964015113485]]}, "properties": {"confidence": "high"}}, {"type": "Feature", "geometry": {"type": "LineString", "coordinates": [[-112.10885175363535, 33.48964015113485], [-112.10885175363535, 33.48963265931436], [-112.10883378732967, 33.48963265931436], [-112.10883378732967, 33.48964015113485], [-112.10885175363535, 33.48964015113485]]}, "properties": {"confidence": "high"}}, {"type": "Feature", "geometry": {"type": "LineString", "coordinates": [[-112.11037888961836, 33.48963265931436], [-112.11037888961836, 33.48962516749322], [-112.11036092331268, 33.48962516749322], [-112.11036092331268, 33.48963265931436], [-112.11037888961836, 33.48963265931436]]}, "properties": {"confidence": "high"}}, {"type": "Feature", "geometry": {"type": "LineString", "coordinates": [[-112.10956142270982, 33.48963265931436], [-112.10956142270982, 33.48962516749322], [-112.10955243955698, 33.48962516749322], [-112.10955243955698, 33.48963265931436], [-112.10956142270982, 33.48963265931436]]}, "properties": {"confidence": "high"}}, {"type": "Feature", "geometry": {"type": "LineString", "coordinates": [[-112.10883378732967, 33.48963265931436], [-112.10883378732967, 33.48962516749322], [-112.108815821024, 33.48962516749322], [-112.108815821024, 33.48963265931436], [-112.10883378732967, 33.48963265931436]]}, "properties": {"confidence": "high"}}, {"type": "Feature", "geometry": {"type": "LineString", "coordinates": [[-112.1103878727712, 33.48962516749322], [-112.1103878727712, 33.48961767567143], [-112.11037888961836, 33.48961767567143], [-112.11037888961836, 33.48962516749322], [-112.1103878727712, 33.48962516749322]]}, "properties": {"confidence": "high"}}, {"type": "Feature", "geometry": {"type": "LineString", "coordinates": [[-112.10957938901551, 33.48962516749322], [-112.10957938901551, 33.48961767567143], [-112.10956142270982, 33.48961767567143], [-112.10956142270982, 33.48962516749322], [-112.10957938901551, 33.48962516749322]]}, "properties": {"confidence": "high"}}, {"type": "Feature", "geometry": {"type": "LineString", "coordinates": [[-112.108815821024, 33.48962516749322], [-112.108815821024, 33.48961767567143], [-112.10878887156547, 33.48961767567143], [-112.10878887156547, 33.48962516749322], [-112.108815821024, 33.48962516749322]]}, "properties": {"confidence": "high"}}, {"type": "Feature", "geometry": {"type": "LineString", "coordinates": [[-112.11040583907689, 33.48961767567143], [-112.11040583907689, 33.489610183849], [-112.1103878727712, 33.489610183849], [-112.1103878727712, 33.48961767567143], [-112.11040583907689, 33.48961767567143]]}, "properties": {"confidence": "high"}}, {"type": "Feature", "geometry": {"type": "LineString", "coordinates": [[-112.10958837216835, 33.48961767567143], [-112.10958837216835, 33.489610183849], [-112.10957938901551, 33.489610183849], [-112.10957938901551, 33.48961767567143], [-112.10958837216835, 33.48961767567143]]}, "properties": {"confidence": "high"}}, {"type": "Feature", "geometry": {"type": "LineString", "coordinates": [[-112.10878887156547, 33.48961767567143], [-112.10878887156547, 33.489610183849], [-112.10876192210695, 33.489610183849], [-112.10876192210695, 33.48961767567143], [-112.10878887156547, 33.48961767567143]]}, "properties": {"confidence": "high"}}, {"type": "Feature", "geometry": {"type": "LineString", "coordinates": [[-112.11345112789004, 33.4896476429547], [-112.11345112789004, 33.48960269202592], [-112.1134421447372, 33.48960269202592], [-112.1134421447372, 33.4896476429547], [-112.11345112789004, 33.4896476429547]]}, "properties": {"confidence": "high"}}, {"type": "Feature", "geometry": {"type": "LineString", "coordinates": [[-112.11042380538257, 33.489610183849], [-112.11042380538257, 33.48960269202592], [-112.11040583907689, 33.48960269202592], [-112.11040583907689, 33.489610183849], [-112.11042380538257, 33.489610183849]]}, "properties": {"confidence": "high"}}, {"type": "Feature", "geometry": {"type": "LineString", "coordinates": [[-112.10960633847402, 33.489610183849], [-112.10960633847402, 33.48960269202592], [-112.10958837216835, 33.48960269202592], [-112.10958837216835, 33.489610183849], [-112.10960633847402, 33.489610183849]]}, "properties": {"confidence": "high"}}, {"type": "Feature", "geometry": {"type": "LineString", "coordinates": [[-112.10876192210695, 33.489610183849], [-112.10876192210695, 33.48960269202592], [-112.10873497264842, 33.48960269202592], [-112.10873497264842, 33.489610183849], [-112.10876192210695, 33.489610183849]]}, "properties": {"confidence": "high"}}, {"type": "Feature", "geometry": {"type": "LineString", "coordinates": [[-112.11132212066669, 33.48965513477389], [-112.11132212066669, 33.48959520020219], [-112.11131313751385, 33.48959520020219], [-112.11131313751385, 33.48965513477389], [-112.11132212066669, 33.48965513477389]]}, "properties": {"confidence": "high"}}, {"type": "Feature", "geometry": {"type": "LineString", "coordinates": [[-112.11044177168824, 33.48960269202592], [-112.11044177168824, 33.48959520020219], [-112.11042380538257, 33.48959520020219], [-112.11042380538257, 33.48960269202592], [-112.11044177168824, 33.48960269202592]]}, "properties": {"confidence": "high"}}, {"type": "Feature", "geometry": {"type": "LineString", "coordinates": [[-112.10961532162686, 33.48960269202592], [-112.10961532162686, 33.48959520020219], [-112.10960633847402, 33.48959520020219], [-112.10960633847402, 33.48960269202592], [-112.10961532162686, 33.48960269202592]]}, "properties": {"confidence": "high"}}, {"type": "Feature", "geometry": {"type": "LineString", "coordinates": [[-112.10873497264842, 33.48960269202592], [-112.10873497264842, 33.48959520020219], [-112.10869005688421, 33.48959520020219], [-112.10869005688421, 33.48960269202592], [-112.10873497264842, 33.48960269202592]]}, "properties": {"confidence": "high"}}, {"type": "Feature", "geometry": {"type": "LineString", "coordinates": [[-112.1104507548411, 33.48959520020219], [-112.1104507548411, 33.489587708377805], [-112.11044177168824, 33.489587708377805], [-112.11044177168824, 33.48959520020219], [-112.1104507548411, 33.48959520020219]]}, "properties": {"confidence": "high"}}, {"type": "Feature", "geometry": {"type": "LineString", "coordinates": [[-112.1096243047797, 33.48959520020219], [-112.1096243047797, 33.489587708377805], [-112.10961532162686, 33.489587708377805], [-112.10961532162686, 33.48959520020219], [-112.1096243047797, 33.48959520020219]]}, "properties": {"confidence": "high"}}, {"type": "Feature", "geometry": {"type": "LineString", "coordinates": [[-112.10869005688421, 33.48959520020219], [-112.10869005688421, 33.489587708377805], [-112.10865412427286, 33.489587708377805], [-112.10865412427286, 33.48959520020219], [-112.10869005688421, 33.48959520020219]]}, "properties": {"confidence": "high"}}, {"type": "Feature", "geometry": {"type": "LineString", "coordinates": [[-112.10669579695346, 33.48959520020219], [-112.10669579695346, 33.489587708377805], [-112.10664189803641, 33.489587708377805], [-112.10664189803641, 33.48959520020219], [-112.10669579695346, 33.48959520020219]]}, "properties": {"confidence": "high"}}, {"type": "Feature", "geometry": {"type": "LineString", "coordinates": [[-112.11346011104288, 33.48960269202592], [-112.11346011104288, 33.48958021655278], [-112.11345112789004, 33.48958021655278], [-112.11345112789004, 33.48960269202592], [-112.11346011104288, 33.48960269202592]]}, "properties": {"confidence": "high"}}, {"type": "Feature", "geometry": {"type": "LineString", "coordinates": [[-112.11046872114677, 33.489587708377805], [-112.11046872114677, 33.48958021655278], [-112.1104507548411, 33.48958021655278], [-112.1104507548411, 33.489587708377805], [-112.11046872114677, 33.489587708377805]]}, "properties": {"confidence": "high"}}, {"type": "Feature", "geometry": {"type": "LineString", "coordinates": [[-112.10964227108539, 33.489587708377805], [-112.10964227108539, 33.48958021655278], [-112.1096243047797, 33.48958021655278], [-112.1096243047797, 33.489587708377805], [-112.10964227108539, 33.489587708377805]]}, "properties": {"confidence": "high"}}, {"type": "Feature", "geometry": {"type": "LineString", "coordinates": [[-112.10865412427286, 33.489587708377805], [-112.10865412427286, 33.48958021655278], [-112.10854632643876, 33.48958021655278], [-112.10854632643876, 33.489587708377805], [-112.10865412427286, 33.489587708377805]]}, "properties": {"confidence": "high"}}, {"type": "Feature", "geometry": {"type": "LineString", "coordinates": [[-112.10734258395804, 33.489587708377805], [-112.10734258395804, 33.48958021655278], [-112.10669579695346, 33.48958021655278], [-112.10669579695346, 33.489587708377805], [-112.10734258395804, 33.489587708377805]]}, "properties": {"confidence": "high"}}, {"type": "Feature", "geometry": {"type": "LineString", "coordinates": [[-112.10664189803641, 33.489587708377805], [-112.10664189803641, 33.48958021655278], [-112.10663291488358, 33.48958021655278], [-112.10663291488358, 33.489587708377805], [-112.10664189803641, 33.489587708377805]]}, "properties": {"confidence": "high"}}, {"type": "Feature", "geometry": {"type": "LineString", "coordinates": [[-112.11048668745245, 33.48958021655278], [-112.11048668745245, 33.489572724727104], [-112.11046872114677, 33.489572724727104], [-112.11046872114677, 33.48958021655278], [-112.11048668745245, 33.48958021655278]]}, "properties": {"confidence": "high"}}, {"type": "Feature", "geometry": {"type": "LineString", "coordinates": [[-112.10965125423823, 33.48958021655278], [-112.10965125423823, 33.489572724727104], [-112.10964227108539, 33.489572724727104], [-112.10964227108539, 33.48958021655278], [-112.10965125423823, 33.48958021655278]]}, "properties": {"confidence": "high"}}, {"type": "Feature", "geometry": {"type": "LineString", "coordinates": [[-112.10663291488358, 33.48958021655278], [-112.10663291488358, 33.489572724727104], [-112.10662393173074, 33.489572724727104], [-112.10662393173074, 33.48958021655278], [-112.10663291488358, 33.48958021655278]]}, "properties": {"confidence": "high"}}, {"type": "Feature", "geometry": {"type": "LineString", "coordinates": [[-112.11050465375814, 33.489572724727104], [-112.11050465375814, 33.48956523290078], [-112.11048668745245, 33.48956523290078], [-112.11048668745245, 33.489572724727104], [-112.11050465375814, 33.489572724727104]]}, "properties": {"confidence": "high"}}, {"type": "Feature", "geometry": {"type": "LineString", "coordinates": [[-112.1096692205439, 33.489572724727104], [-112.1096692205439, 33.48956523290078], [-112.10965125423823, 33.48956523290078], [-112.10965125423823, 33.489572724727104], [-112.1096692205439, 33.489572724727104]]}, "properties": {"confidence": "high"}}, {"type": "Feature", "geometry": {"type": "LineString", "coordinates": [[-112.10662393173074, 33.489572724727104], [-112.10662393173074, 33.48956523290078], [-112.1066149485779, 33.48956523290078], [-112.1066149485779, 33.489572724727104], [-112.10662393173074, 33.489572724727104]]}, "properties": {"confidence": "high"}}, {"type": "Feature", "geometry": {"type": "LineString", "coordinates": [[-112.11052262006382, 33.48956523290078], [-112.11052262006382, 33.48955774107381], [-112.11050465375814, 33.48955774107381], [-112.11050465375814, 33.48956523290078], [-112.11052262006382, 33.48956523290078]]}, "properties": {"confidence": "high"}}, {"type": "Feature", "geometry": {"type": "LineString", "coordinates": [[-112.10967820369675, 33.48956523290078], [-112.10967820369675, 33.48955774107381], [-112.1096692205439, 33.48955774107381], [-112.1096692205439, 33.48956523290078], [-112.10967820369675, 33.48956523290078]]}, "properties": {"confidence": "high"}}, {"type": "Feature", "geometry": {"type": "LineString", "coordinates": [[-112.1066149485779, 33.48956523290078], [-112.1066149485779, 33.48955774107381], [-112.10660596542506, 33.48955774107381], [-112.10660596542506, 33.48956523290078], [-112.1066149485779, 33.48956523290078]]}, "properties": {"confidence": "high"}}, {"type": "Feature", "geometry": {"type": "LineString", "coordinates": [[-112.1105405863695, 33.48955774107381], [-112.1105405863695, 33.489550249246186], [-112.11052262006382, 33.489550249246186], [-112.11052262006382, 33.48955774107381], [-112.1105405863695, 33.48955774107381]]}, "properties": {"confidence": "high"}}, {"type": "Feature", "geometry": {"type": "LineString", "coordinates": [[-112.10969617000244, 33.48955774107381], [-112.10969617000244, 33.489550249246186], [-112.10967820369675, 33.489550249246186], [-112.10967820369675, 33.48955774107381], [-112.10969617000244, 33.48955774107381]]}, "properties": {"confidence": "high"}}, {"type": "Feature", "geometry": {"type": "LineString", "coordinates": [[-112.11056753582803, 33.489550249246186], [-112.11056753582803, 33.48954275741792], [-112.1105405863695, 33.48954275741792], [-112.1105405863695, 33.489550249246186], [-112.11056753582803, 33.489550249246186]]}, "properties": {"confidence": "high"}}, {"type": "Feature", "geometry": {"type": "LineString", "coordinates": [[-112.10970515315528, 33.489550249246186], [-112.10970515315528, 33.48954275741792], [-112.10969617000244, 33.48954275741792], [-112.10969617000244, 33.489550249246186], [-112.10970515315528, 33.489550249246186]]}, "properties": {"confidence": "high"}}, {"type": "Feature", "geometry": {"type": "LineString", "coordinates": [[-112.1105855021337, 33.48954275741792], [-112.1105855021337, 33.489535265589005], [-112.11056753582803, 33.489535265589005], [-112.11056753582803, 33.48954275741792], [-112.1105855021337, 33.48954275741792]]}, "properties": {"confidence": "high"}}, {"type": "Feature", "geometry": {"type": "LineString", "coordinates": [[-112.10972311946095, 33.48954275741792], [-112.10972311946095, 33.489535265589005], [-112.10970515315528, 33.489535265589005], [-112.10970515315528, 33.48954275741792], [-112.10972311946095, 33.48954275741792]]}, "properties": {"confidence": "high"}}, {"type": "Feature", "geometry": {"type": "LineString", "coordinates": [[-112.1106034684394, 33.489535265589005], [-112.1106034684394, 33.489527773759434], [-112.1105855021337, 33.489527773759434], [-112.1105855021337, 33.489535265589005], [-112.1106034684394, 33.489535265589005]]}, "properties": {"confidence": "high"}}, {"type": "Feature", "geometry": {"type": "LineString", "coordinates": [[-112.1097321026138, 33.489535265589005], [-112.1097321026138, 33.489527773759434], [-112.10972311946095, 33.489527773759434], [-112.10972311946095, 33.489535265589005], [-112.1097321026138, 33.489535265589005]]}, "properties": {"confidence": "high"}}, {"type": "Feature", "geometry": {"type": "LineString", "coordinates": [[-112.11063041789791, 33.489527773759434], [-112.11063041789791, 33.48952028192923], [-112.1106034684394, 33.48952028192923], [-112.1106034684394, 33.489527773759434], [-112.11063041789791, 33.489527773759434]]}, "properties": {"confidence": "high"}}, {"type": "Feature", "geometry": {"type": "LineString", "coordinates": [[-112.10975006891948, 33.489527773759434], [-112.10975006891948, 33.48952028192923], [-112.1097321026138, 33.48952028192923], [-112.1097321026138, 33.489527773759434], [-112.10975006891948, 33.489527773759434]]}, "properties": {"confidence": "high"}}, {"type": "Feature", "geometry": {"type": "LineString", "coordinates": [[-112.11064838420359, 33.48952028192923], [-112.11064838420359, 33.48951279009837], [-112.11063041789791, 33.48951279009837], [-112.11063041789791, 33.48952028192923], [-112.11064838420359, 33.48952028192923]]}, "properties": {"confidence": "high"}}, {"type": "Feature", "geometry": {"type": "LineString", "coordinates": [[-112.10975905207232, 33.48952028192923], [-112.10975905207232, 33.48951279009837], [-112.10975006891948, 33.48951279009837], [-112.10975006891948, 33.48952028192923], [-112.10975905207232, 33.48952028192923]]}, "properties": {"confidence": "high"}}, {"type": "Feature", "geometry": {"type": "LineString", "coordinates": [[-112.11066635050928, 33.48951279009837], [-112.11066635050928, 33.489505298266856], [-112.11064838420359, 33.489505298266856], [-112.11064838420359, 33.48951279009837], [-112.11066635050928, 33.48951279009837]]}, "properties": {"confidence": "high"}}, {"type": "Feature", "geometry": {"type": "LineString", "coordinates": [[-112.10976803522516, 33.48951279009837], [-112.10976803522516, 33.489505298266856], [-112.10975905207232, 33.489505298266856], [-112.10975905207232, 33.48951279009837], [-112.10976803522516, 33.48951279009837]]}, "properties": {"confidence": "high"}}, {"type": "Feature", "geometry": {"type": "LineString", "coordinates": [[-112.11068431681497, 33.489505298266856], [-112.11068431681497, 33.4894978064347], [-112.11066635050928, 33.4894978064347], [-112.11066635050928, 33.489505298266856], [-112.11068431681497, 33.489505298266856]]}, "properties": {"confidence": "high"}}, {"type": "Feature", "geometry": {"type": "LineString", "coordinates": [[-112.10978600153085, 33.489505298266856], [-112.10978600153085, 33.4894978064347], [-112.10976803522516, 33.4894978064347], [-112.10976803522516, 33.489505298266856], [-112.10978600153085, 33.489505298266856]]}, "properties": {"confidence": "high"}}, {"type": "Feature", "geometry": {"type": "LineString", "coordinates": [[-112.1107112662735, 33.4894978064347], [-112.1107112662735, 33.489490314601895], [-112.11068431681497, 33.489490314601895], [-112.11068431681497, 33.4894978064347], [-112.1107112662735, 33.4894978064347]]}, "properties": {"confidence": "high"}}, {"type": "Feature", "geometry": {"type": "LineString", "coordinates": [[-112.10979498468369, 33.4894978064347], [-112.10979498468369, 33.489490314601895], [-112.10978600153085, 33.489490314601895], [-112.10978600153085, 33.4894978064347], [-112.10979498468369, 33.4894978064347]]}, "properties": {"confidence": "high"}}, {"type": "Feature", "geometry": {"type": "LineString", "coordinates": [[-112.11072923257917, 33.489490314601895], [-112.11072923257917, 33.48948282276844], [-112.1107112662735, 33.48948282276844], [-112.1107112662735, 33.489490314601895], [-112.11072923257917, 33.489490314601895]]}, "properties": {"confidence": "high"}}, {"type": "Feature", "geometry": {"type": "LineString", "coordinates": [[-112.10981295098937, 33.489490314601895], [-112.10981295098937, 33.48948282276844], [-112.10979498468369, 33.48948282276844], [-112.10979498468369, 33.489490314601895], [-112.10981295098937, 33.489490314601895]]}, "properties": {"confidence": "high"}}, {"type": "Feature", "geometry": {"type": "LineString", "coordinates": [[-112.11074719888485, 33.48948282276844], [-112.11074719888485, 33.48947533093434], [-112.11072923257917, 33.48947533093434], [-112.11072923257917, 33.48948282276844], [-112.11074719888485, 33.48948282276844]]}, "properties": {"confidence": "high"}}, {"type": "Feature", "geometry": {"type": "LineString", "coordinates": [[-112.1098219341422, 33.48948282276844], [-112.1098219341422, 33.48947533093434], [-112.10981295098937, 33.48947533093434], [-112.10981295098937, 33.48948282276844], [-112.1098219341422, 33.48948282276844]]}, "properties": {"confidence": "high"}}, {"type": "Feature", "geometry": {"type": "LineString", "coordinates": [[-112.11077414834338, 33.48947533093434], [-112.11077414834338, 33.48946783909959], [-112.11074719888485, 33.48946783909959], [-112.11074719888485, 33.48947533093434], [-112.11077414834338, 33.48947533093434]]}, "properties": {"confidence": "high"}}, {"type": "Feature", "geometry": {"type": "LineString", "coordinates": [[-112.1098399004479, 33.48947533093434], [-112.1098399004479, 33.48946783909959], [-112.1098219341422, 33.48946783909959], [-112.1098219341422, 33.48947533093434], [-112.1098399004479, 33.48947533093434]]}, "properties": {"confidence": "high"}}, {"type": "Feature", "geometry": {"type": "LineString", "coordinates": [[-112.10839361284044, 33.48977500379286], [-112.10839361284044, 33.48958021655278], [-112.10854632643876, 33.48958021655278], [-112.10854632643876, 33.489572724727104], [-112.1084025959933, 33.489572724727104], [-112.1084025959933, 33.489460347264185], [-112.10839361284044, 33.489460347264185], [-112.10839361284044, 33.489572724727104], [-112.10734258395804, 33.489572724727104], [-112.10734258395804, 33.48958021655278], [-112.1083846296876, 33.48958021655278], [-112.1083846296876, 33.48977500379286], [-112.10839361284044, 33.48977500379286]]}, "properties": {"confidence": "high"}}, {"type": "Feature", "geometry": {"type": "LineString", "coordinates": [[-112.11079211464906, 33.48946783909959], [-112.11079211464906, 33.489460347264185], [-112.11077414834338, 33.489460347264185], [-112.11077414834338, 33.48946783909959], [-112.11079211464906, 33.48946783909959]]}, "properties": {"confidence": "high"}}, {"type": "Feature", "geometry": {"type": "LineString", "coordinates": [[-112.10985786675357, 33.48946783909959], [-112.10985786675357, 33.489460347264185], [-112.1098399004479, 33.489460347264185], [-112.1098399004479, 33.48946783909959], [-112.10985786675357, 33.48946783909959]]}, "properties": {"confidence": "high"}}, {"type": "Feature", "geometry": {"type": "LineString", "coordinates": [[-112.11081906410759, 33.489460347264185], [-112.11081906410759, 33.48945285542815], [-112.11079211464906, 33.48945285542815], [-112.11079211464906, 33.489460347264185], [-112.11081906410759, 33.489460347264185]]}, "properties": {"confidence": "high"}}, {"type": "Feature", "geometry": {"type": "LineString", "coordinates": [[-112.10986684990641, 33.489460347264185], [-112.10986684990641, 33.48945285542815], [-112.10985786675357, 33.48945285542815], [-112.10985786675357, 33.489460347264185], [-112.10986684990641, 33.489460347264185]]}, "properties": {"confidence": "high"}}, {"type": "Feature", "geometry": {"type": "LineString", "coordinates": [[-112.1108460135661, 33.48945285542815], [-112.1108460135661, 33.48944536359146], [-112.11081906410759, 33.48944536359146], [-112.11081906410759, 33.48945285542815], [-112.1108460135661, 33.48945285542815]]}, "properties": {"confidence": "high"}}, {"type": "Feature", "geometry": {"type": "LineString", "coordinates": [[-112.1098848162121, 33.48945285542815], [-112.1098848162121, 33.48944536359146], [-112.10986684990641, 33.48944536359146], [-112.10986684990641, 33.48945285542815], [-112.1098848162121, 33.48945285542815]]}, "properties": {"confidence": "high"}}, {"type": "Feature", "geometry": {"type": "LineString", "coordinates": [[-112.11087296302463, 33.48944536359146], [-112.11087296302463, 33.489437871754106], [-112.1108460135661, 33.489437871754106], [-112.1108460135661, 33.48944536359146], [-112.11087296302463, 33.48944536359146]]}, "properties": {"confidence": "high"}}, {"type": "Feature", "geometry": {"type": "LineString", "coordinates": [[-112.10989379936494, 33.48944536359146], [-112.10989379936494, 33.489437871754106], [-112.1098848162121, 33.489437871754106], [-112.1098848162121, 33.48944536359146], [-112.10989379936494, 33.48944536359146]]}, "properties": {"confidence": "high"}}, {"type": "Feature", "geometry": {"type": "LineString", "coordinates": [[-112.11089092933031, 33.489437871754106], [-112.11089092933031, 33.48943037991612], [-112.11087296302463, 33.48943037991612], [-112.11087296302463, 33.489437871754106], [-112.11089092933031, 33.489437871754106]]}, "properties": {"confidence": "high"}}, {"type": "Feature", "geometry": {"type": "LineString", "coordinates": [[-112.10991176567062, 33.489437871754106], [-112.10991176567062, 33.48943037991612], [-112.10989379936494, 33.48943037991612], [-112.10989379936494, 33.489437871754106], [-112.10991176567062, 33.489437871754106]]}, "properties": {"confidence": "high"}}, {"type": "Feature", "geometry": {"type": "LineString", "coordinates": [[-112.11091787878884, 33.48943037991612], [-112.11091787878884, 33.489422888077485], [-112.11089092933031, 33.489422888077485], [-112.11089092933031, 33.48943037991612], [-112.11091787878884, 33.48943037991612]]}, "properties": {"confidence": "high"}}, {"type": "Feature", "geometry": {"type": "LineString", "coordinates": [[-112.10992074882346, 33.48943037991612], [-112.10992074882346, 33.489422888077485], [-112.10991176567062, 33.489422888077485], [-112.10991176567062, 33.48943037991612], [-112.10992074882346, 33.48943037991612]]}, "properties": {"confidence": "high"}}, {"type": "Feature", "geometry": {"type": "LineString", "coordinates": [[-112.1109538114002, 33.489422888077485], [-112.1109538114002, 33.489415396238186], [-112.11091787878884, 33.489415396238186], [-112.11091787878884, 33.489422888077485], [-112.1109538114002, 33.489422888077485]]}, "properties": {"confidence": "high"}}, {"type": "Feature", "geometry": {"type": "LineString", "coordinates": [[-112.10993871512915, 33.489422888077485], [-112.10993871512915, 33.489415396238186], [-112.10992074882346, 33.489415396238186], [-112.10992074882346, 33.489422888077485], [-112.10993871512915, 33.489422888077485]]}, "properties": {"confidence": "high"}}, {"type": "Feature", "geometry": {"type": "LineString", "coordinates": [[-112.11098076085872, 33.489415396238186], [-112.11098076085872, 33.48940790439826], [-112.1109538114002, 33.48940790439826], [-112.1109538114002, 33.489415396238186], [-112.11098076085872, 33.489415396238186]]}, "properties": {"confidence": "high"}}, {"type": "Feature", "geometry": {"type": "LineString", "coordinates": [[-112.10994769828199, 33.489415396238186], [-112.10994769828199, 33.48940790439826], [-112.10993871512915, 33.48940790439826], [-112.10993871512915, 33.489415396238186], [-112.10994769828199, 33.489415396238186]]}, "properties": {"confidence": "high"}}, {"type": "Feature", "geometry": {"type": "LineString", "coordinates": [[-112.11102567662293, 33.48940790439826], [-112.11102567662293, 33.48940041255767], [-112.11098076085872, 33.48940041255767], [-112.11098076085872, 33.48940790439826], [-112.11102567662293, 33.48940790439826]]}, "properties": {"confidence": "high"}}, {"type": "Feature", "geometry": {"type": "LineString", "coordinates": [[-112.10996566458766, 33.48940790439826], [-112.10996566458766, 33.48940041255767], [-112.10994769828199, 33.48940041255767], [-112.10994769828199, 33.48940790439826], [-112.10996566458766, 33.48940790439826]]}, "properties": {"confidence": "high"}}, {"type": "Feature", "geometry": {"type": "LineString", "coordinates": [[-112.11106160923428, 33.48940041255767], [-112.11106160923428, 33.48939292071644], [-112.11102567662293, 33.48939292071644], [-112.11102567662293, 33.48940041255767], [-112.11106160923428, 33.48940041255767]]}, "properties": {"confidence": "high"}}, {"type": "Feature", "geometry": {"type": "LineString", "coordinates": [[-112.1099746477405, 33.48940041255767], [-112.1099746477405, 33.48939292071644], [-112.10996566458766, 33.48939292071644], [-112.10996566458766, 33.48940041255767], [-112.1099746477405, 33.48940041255767]]}, "properties": {"confidence": "high"}}, {"type": "Feature", "geometry": {"type": "LineString", "coordinates": [[-112.11107957553997, 33.48939292071644], [-112.11107957553997, 33.48938542887456], [-112.11106160923428, 33.48938542887456], [-112.11106160923428, 33.48939292071644], [-112.11107957553997, 33.48939292071644]]}, "properties": {"confidence": "high"}}, {"type": "Feature", "geometry": {"type": "LineString", "coordinates": [[-112.10999261404619, 33.48939292071644], [-112.10999261404619, 33.48938542887456], [-112.1099746477405, 33.48938542887456], [-112.1099746477405, 33.48939292071644], [-112.10999261404619, 33.48939292071644]]}, "properties": {"confidence": "high"}}, {"type": "Feature", "geometry": {"type": "LineString", "coordinates": [[-112.11113347445702, 33.48938542887456], [-112.11113347445702, 33.48937793703203], [-112.11107957553997, 33.48937793703203], [-112.11107957553997, 33.48938542887456], [-112.11113347445702, 33.48938542887456]]}, "properties": {"confidence": "high"}}, {"type": "Feature", "geometry": {"type": "LineString", "coordinates": [[-112.11001058035187, 33.48938542887456], [-112.11001058035187, 33.48937793703203], [-112.10999261404619, 33.48937793703203], [-112.10999261404619, 33.48938542887456], [-112.11001058035187, 33.48938542887456]]}, "properties": {"confidence": "high"}}, {"type": "Feature", "geometry": {"type": "LineString", "coordinates": [[-112.11118737337407, 33.48937793703203], [-112.11118737337407, 33.48937044518886], [-112.11113347445702, 33.48937044518886], [-112.11113347445702, 33.48937793703203], [-112.11118737337407, 33.48937793703203]]}, "properties": {"confidence": "high"}}, {"type": "Feature", "geometry": {"type": "LineString", "coordinates": [[-112.11001956350471, 33.48937793703203], [-112.11001956350471, 33.48937044518886], [-112.11001058035187, 33.48937044518886], [-112.11001058035187, 33.48937793703203], [-112.11001956350471, 33.48937793703203]]}, "properties": {"confidence": "high"}}, {"type": "Feature", "geometry": {"type": "LineString", "coordinates": [[-112.11225636856217, 33.48937793703203], [-112.11225636856217, 33.48936295334503], [-112.11224738540933, 33.48936295334503], [-112.11224738540933, 33.48937793703203], [-112.11225636856217, 33.48937793703203]]}, "properties": {"confidence": "high"}}, {"type": "Feature", "geometry": {"type": "LineString", "coordinates": [[-112.1100375298104, 33.48937044518886], [-112.1100375298104, 33.48936295334503], [-112.11001956350471, 33.48936295334503], [-112.11001956350471, 33.48937044518886], [-112.1100375298104, 33.48937044518886]]}, "properties": {"confidence": "high"}}, {"type": "Feature", "geometry": {"type": "LineString", "coordinates": [[-112.11226535171501, 33.48936295334503], [-112.11226535171501, 33.489355461500566], [-112.11225636856217, 33.489355461500566], [-112.11225636856217, 33.48936295334503], [-112.11226535171501, 33.48936295334503]]}, "properties": {"confidence": "high"}}, {"type": "Feature", "geometry": {"type": "LineString", "coordinates": [[-112.11005549611608, 33.48936295334503], [-112.11005549611608, 33.489355461500566], [-112.1100375298104, 33.489355461500566], [-112.1100375298104, 33.48936295334503], [-112.11005549611608, 33.48936295334503]]}, "properties": {"confidence": "high"}}, {"type": "Feature", "geometry": {"type": "LineString", "coordinates": [[-112.11006447926891, 33.489355461500566], [-112.11006447926891, 33.48934796965544], [-112.11005549611608, 33.48934796965544], [-112.11005549611608, 33.489355461500566], [-112.11006447926891, 33.489355461500566]]}, "properties": {"confidence": "high"}}, {"type": "Feature", "geometry": {"type": "LineString", "coordinates": [[-112.11008244557459, 33.48934796965544], [-112.11008244557459, 33.48934047780968], [-112.11006447926891, 33.48934047780968], [-112.11006447926891, 33.48934796965544], [-112.11008244557459, 33.48934796965544]]}, "properties": {"confidence": "high"}}, {"type": "Feature", "geometry": {"type": "LineString", "coordinates": [[-112.11010041188028, 33.48934047780968], [-112.11010041188028, 33.48933298596326], [-112.11008244557459, 33.48933298596326], [-112.11008244557459, 33.48934047780968], [-112.11010041188028, 33.48934047780968]]}, "properties": {"confidence": "high"}}, {"type": "Feature", "geometry": {"type": "LineString", "coordinates": [[-112.11011837818597, 33.48933298596326], [-112.11011837818597, 33.4893254941162], [-112.11010041188028, 33.4893254941162], [-112.11010041188028, 33.48933298596326], [-112.11011837818597, 33.48933298596326]]}, "properties": {"confidence": "high"}}, {"type": "Feature", "geometry": {"type": "LineString", "coordinates": [[-112.10839361284044, 33.489460347264185], [-112.10839361284044, 33.48931800226848], [-112.1083846296876, 33.48931800226848], [-112.1083846296876, 33.489460347264185], [-112.10839361284044, 33.489460347264185]]}, "properties": {"confidence": "high"}}, {"type": "Feature", "geometry": {"type": "LineString", "coordinates": [[-112.11013634449165, 33.4893254941162], [-112.11013634449165, 33.48931800226848], [-112.11011837818597, 33.48931800226848], [-112.11011837818597, 33.4893254941162], [-112.11013634449165, 33.4893254941162]]}, "properties": {"confidence": "high"}}, {"type": "Feature", "geometry": {"type": "LineString", "coordinates": [[-112.1101453276445, 33.48931800226848], [-112.1101453276445, 33.489310510420125], [-112.11013634449165, 33.489310510420125], [-112.11013634449165, 33.48931800226848], [-112.1101453276445, 33.48931800226848]]}, "properties": {"confidence": "high"}}, {"type": "Feature", "geometry": {"type": "LineString", "coordinates": [[-112.11016329395018, 33.489310510420125], [-112.11016329395018, 33.489303018571114], [-112.1101453276445, 33.489303018571114], [-112.1101453276445, 33.489310510420125], [-112.11016329395018, 33.489310510420125]]}, "properties": {"confidence": "high"}}, {"type": "Feature", "geometry": {"type": "LineString", "coordinates": [[-112.11018126025586, 33.489303018571114], [-112.11018126025586, 33.489295526721456], [-112.11016329395018, 33.489295526721456], [-112.11016329395018, 33.489303018571114], [-112.11018126025586, 33.489303018571114]]}, "properties": {"confidence": "high"}}, {"type": "Feature", "geometry": {"type": "LineString", "coordinates": [[-112.11227433486785, 33.489355461500566], [-112.11227433486785, 33.48928803487115], [-112.11226535171501, 33.48928803487115], [-112.11226535171501, 33.489355461500566], [-112.11227433486785, 33.489355461500566]]}, "properties": {"confidence": "high"}}, {"type": "Feature", "geometry": {"type": "LineString", "coordinates": [[-112.11019922656155, 33.489295526721456], [-112.11019922656155, 33.48928803487115], [-112.11018126025586, 33.48928803487115], [-112.11018126025586, 33.489295526721456], [-112.11019922656155, 33.489295526721456]]}, "properties": {"confidence": "high"}}, {"type": "Feature", "geometry": {"type": "LineString", "coordinates": [[-112.11020820971439, 33.48928803487115], [-112.11020820971439, 33.4892805430202], [-112.11019922656155, 33.4892805430202], [-112.11019922656155, 33.48928803487115], [-112.11020820971439, 33.48928803487115]]}, "properties": {"confidence": "high"}}, {"type": "Feature", "geometry": {"type": "LineString", "coordinates": [[-112.1092290460547, 33.48928803487115], [-112.1092290460547, 33.4892805430202], [-112.10910328191491, 33.4892805430202], [-112.10910328191491, 33.48928803487115], [-112.1092290460547, 33.48928803487115]]}, "properties": {"confidence": "high"}}, {"type": "Feature", "geometry": {"type": "LineString", "coordinates": [[-112.11022617602006, 33.4892805430202], [-112.11022617602006, 33.4892730511686], [-112.11020820971439, 33.4892730511686], [-112.11020820971439, 33.4892805430202], [-112.11022617602006, 33.4892805430202]]}, "properties": {"confidence": "high"}}, {"type": "Feature", "geometry": {"type": "LineString", "coordinates": [[-112.10924701236037, 33.4892805430202], [-112.10924701236037, 33.4892730511686], [-112.1092290460547, 33.4892730511686], [-112.1092290460547, 33.4892805430202], [-112.10924701236037, 33.4892805430202]]}, "properties": {"confidence": "high"}}, {"type": "Feature", "geometry": {"type": "LineString", "coordinates": [[-112.10910328191491, 33.4892805430202], [-112.10910328191491, 33.4892730511686], [-112.10906734930356, 33.4892730511686], [-112.10906734930356, 33.4892805430202], [-112.10910328191491, 33.4892805430202]]}, "properties": {"confidence": "high"}}, {"type": "Feature", "geometry": {"type": "LineString", "coordinates": [[-112.1102531254786, 33.4892730511686], [-112.1102531254786, 33.48926555931635], [-112.11022617602006, 33.48926555931635], [-112.11022617602006, 33.4892730511686], [-112.1102531254786, 33.4892730511686]]}, "properties": {"confidence": "high"}}, {"type": "Feature", "geometry": {"type": "LineString", "coordinates": [[-112.1092739618189, 33.4892730511686], [-112.1092739618189, 33.48926555931635], [-112.10924701236037, 33.48926555931635], [-112.10924701236037, 33.4892730511686], [-112.1092739618189, 33.4892730511686]]}, "properties": {"confidence": "high"}}, {"type": "Feature", "geometry": {"type": "LineString", "coordinates": [[-112.10906734930356, 33.4892730511686], [-112.10906734930356, 33.48926555931635], [-112.10904039984503, 33.48926555931635], [-112.10904039984503, 33.4892730511686], [-112.10906734930356, 33.4892730511686]]}, "properties": {"confidence": "high"}}, {"type": "Feature", "geometry": {"type": "LineString", "coordinates": [[-112.11027109178427, 33.48926555931635], [-112.11027109178427, 33.48925806746345], [-112.1102531254786, 33.48925806746345], [-112.1102531254786, 33.48926555931635], [-112.11027109178427, 33.48926555931635]]}, "properties": {"confidence": "high"}}, {"type": "Feature", "geometry": {"type": "LineString", "coordinates": [[-112.10929192812458, 33.48926555931635], [-112.10929192812458, 33.48925806746345], [-112.1092739618189, 33.48925806746345], [-112.1092739618189, 33.48926555931635], [-112.10929192812458, 33.48926555931635]]}, "properties": {"confidence": "high"}}, {"type": "Feature", "geometry": {"type": "LineString", "coordinates": [[-112.10904039984503, 33.48926555931635], [-112.10904039984503, 33.48925806746345], [-112.10900446723366, 33.48925806746345], [-112.10900446723366, 33.48926555931635], [-112.10904039984503, 33.48926555931635]]}, "properties": {"confidence": "high"}}, {"type": "Feature", "geometry": {"type": "LineString", "coordinates": [[-112.1084025959933, 33.48931800226848], [-112.1084025959933, 33.489250575609915], [-112.10839361284044, 33.489250575609915], [-112.10839361284044, 33.48931800226848], [-112.1084025959933, 33.48931800226848]]}, "properties": {"confidence": "high"}}, {"type": "Feature", "geometry": {"type": "LineString", "coordinates": [[-112.11226535171501, 33.48928803487115], [-112.11226535171501, 33.489250575609915], [-112.11225636856217, 33.489250575609915], [-112.11225636856217, 33.48928803487115], [-112.11226535171501, 33.48928803487115]]}, "properties": {"confidence": "high"}}, {"type": "Feature", "geometry": {"type": "LineString", "coordinates": [[-112.11028905808995, 33.48925806746345], [-112.11028905808995, 33.489250575609915], [-112.11027109178427, 33.489250575609915], [-112.11027109178427, 33.48925806746345], [-112.11028905808995, 33.48925806746345]]}, "properties": {"confidence": "high"}}, {"type": "Feature", "geometry": {"type": "LineString", "coordinates": [[-112.10930989443025, 33.48925806746345], [-112.10930989443025, 33.489250575609915], [-112.10929192812458, 33.489250575609915], [-112.10929192812458, 33.48925806746345], [-112.10930989443025, 33.48925806746345]]}, "properties": {"confidence": "high"}}, {"type": "Feature", "geometry": {"type": "LineString", "coordinates": [[-112.10900446723366, 33.48925806746345], [-112.10900446723366, 33.489250575609915], [-112.10897751777514, 33.489250575609915], [-112.10897751777514, 33.48925806746345], [-112.10900446723366, 33.48925806746345]]}, "properties": {"confidence": "high"}}, {"type": "Feature", "geometry": {"type": "LineString", "coordinates": [[-112.11030702439564, 33.489250575609915], [-112.11030702439564, 33.48924308375572], [-112.11028905808995, 33.48924308375572], [-112.11028905808995, 33.489250575609915], [-112.11030702439564, 33.489250575609915]]}, "properties": {"confidence": "high"}}, {"type": "Feature", "geometry": {"type": "LineString", "coordinates": [[-112.10932786073595, 33.489250575609915], [-112.10932786073595, 33.48924308375572], [-112.10930989443025, 33.48924308375572], [-112.10930989443025, 33.489250575609915], [-112.10932786073595, 33.489250575609915]]}, "properties": {"confidence": "high"}}, {"type": "Feature", "geometry": {"type": "LineString", "coordinates": [[-112.10897751777514, 33.489250575609915], [-112.10897751777514, 33.48924308375572], [-112.1089505683166, 33.48924308375572], [-112.1089505683166, 33.489250575609915], [-112.10897751777514, 33.489250575609915]]}, "properties": {"confidence": "high"}}, {"type": "Feature", "geometry": {"type": "LineString", "coordinates": [[-112.11032499070132, 33.48924308375572], [-112.11032499070132, 33.48923559190088], [-112.11030702439564, 33.48923559190088], [-112.11030702439564, 33.48924308375572], [-112.11032499070132, 33.48924308375572]]}, "properties": {"confidence": "high"}}, {"type": "Feature", "geometry": {"type": "LineString", "coordinates": [[-112.10934582704162, 33.48924308375572], [-112.10934582704162, 33.48923559190088], [-112.10932786073595, 33.48923559190088], [-112.10932786073595, 33.48924308375572], [-112.10934582704162, 33.48924308375572]]}, "properties": {"confidence": "high"}}, {"type": "Feature", "geometry": {"type": "LineString", "coordinates": [[-112.1089505683166, 33.48924308375572], [-112.1089505683166, 33.48923559190088], [-112.10893260201092, 33.48923559190088], [-112.10893260201092, 33.48924308375572], [-112.1089505683166, 33.48924308375572]]}, "properties": {"confidence": "high"}}, {"type": "Feature", "geometry": {"type": "LineString", "coordinates": [[-112.11034295700699, 33.48923559190088], [-112.11034295700699, 33.48922810004539], [-112.11032499070132, 33.48922810004539], [-112.11032499070132, 33.48923559190088], [-112.11034295700699, 33.48923559190088]]}, "properties": {"confidence": "high"}}, {"type": "Feature", "geometry": {"type": "LineString", "coordinates": [[-112.1093637933473, 33.48923559190088], [-112.1093637933473, 33.48922810004539], [-112.10934582704162, 33.48922810004539], [-112.10934582704162, 33.48923559190088], [-112.1093637933473, 33.48923559190088]]}, "properties": {"confidence": "high"}}, {"type": "Feature", "geometry": {"type": "LineString", "coordinates": [[-112.10893260201092, 33.48923559190088], [-112.10893260201092, 33.48922810004539], [-112.10892361885809, 33.48922810004539], [-112.10892361885809, 33.48923559190088], [-112.10893260201092, 33.48923559190088]]}, "properties": {"confidence": "high"}}, {"type": "Feature", "geometry": {"type": "LineString", "coordinates": [[-112.1117622951559, 33.48964015113485], [-112.1117622951559, 33.48922060818924], [-112.11175331200306, 33.48922060818924], [-112.11175331200306, 33.48964015113485], [-112.1117622951559, 33.48964015113485]]}, "properties": {"confidence": "high"}}, {"type": "Feature", "geometry": {"type": "LineString", "coordinates": [[-112.11036092331268, 33.48922810004539], [-112.11036092331268, 33.48922060818924], [-112.11034295700699, 33.48922060818924], [-112.11034295700699, 33.48922810004539], [-112.11036092331268, 33.48922810004539]]}, "properties": {"confidence": "high"}}, {"type": "Feature", "geometry": {"type": "LineString", "coordinates": [[-112.10938175965299, 33.48922810004539], [-112.10938175965299, 33.48922060818924], [-112.1093637933473, 33.48922060818924], [-112.1093637933473, 33.48922810004539], [-112.10938175965299, 33.48922810004539]]}, "properties": {"confidence": "high"}}, {"type": "Feature", "geometry": {"type": "LineString", "coordinates": [[-112.10892361885809, 33.48922810004539], [-112.10892361885809, 33.48922060818924], [-112.10891463570525, 33.48922060818924], [-112.10891463570525, 33.48922810004539], [-112.10892361885809, 33.48922810004539]]}, "properties": {"confidence": "high"}}, {"type": "Feature", "geometry": {"type": "LineString", "coordinates": [[-112.11037888961836, 33.48922060818924], [-112.11037888961836, 33.48921311633246], [-112.11036092331268, 33.48921311633246], [-112.11036092331268, 33.48922060818924], [-112.11037888961836, 33.48922060818924]]}, "properties": {"confidence": "high"}}, {"type": "Feature", "geometry": {"type": "LineString", "coordinates": [[-112.10939972595867, 33.48922060818924], [-112.10939972595867, 33.48921311633246], [-112.10938175965299, 33.48921311633246], [-112.10938175965299, 33.48922060818924], [-112.10939972595867, 33.48922060818924]]}, "properties": {"confidence": "high"}}, {"type": "Feature", "geometry": {"type": "LineString", "coordinates": [[-112.10891463570525, 33.48922060818924], [-112.10891463570525, 33.48921311633246], [-112.10889666939956, 33.48921311633246], [-112.10889666939956, 33.48922060818924], [-112.10891463570525, 33.48922060818924]]}, "properties": {"confidence": "high"}}, {"type": "Feature", "geometry": {"type": "LineString", "coordinates": [[-112.1088607367882, 33.48922060818924], [-112.1088607367882, 33.48921311633246], [-112.10880683787116, 33.48921311633246], [-112.10880683787116, 33.48922060818924], [-112.1088607367882, 33.48922060818924]]}, "properties": {"confidence": "high"}}, {"type": "Feature", "geometry": {"type": "LineString", "coordinates": [[-112.11039685592404, 33.48921311633246], [-112.11039685592404, 33.48920562447503], [-112.11037888961836, 33.48920562447503], [-112.11037888961836, 33.48921311633246], [-112.11039685592404, 33.48921311633246]]}, "properties": {"confidence": "high"}}, {"type": "Feature", "geometry": {"type": "LineString", "coordinates": [[-112.10941769226434, 33.48921311633246], [-112.10941769226434, 33.48920562447503], [-112.10939972595867, 33.48920562447503], [-112.10939972595867, 33.48921311633246], [-112.10941769226434, 33.48921311633246]]}, "properties": {"confidence": "high"}}, {"type": "Feature", "geometry": {"type": "LineString", "coordinates": [[-112.10889666939956, 33.48921311633246], [-112.10889666939956, 33.48920562447503], [-112.10888768624672, 33.48920562447503], [-112.10888768624672, 33.48921311633246], [-112.10889666939956, 33.48921311633246]]}, "properties": {"confidence": "high"}}, {"type": "Feature", "geometry": {"type": "LineString", "coordinates": [[-112.10886971994104, 33.48921311633246], [-112.10886971994104, 33.48920562447503], [-112.1088607367882, 33.48920562447503], [-112.1088607367882, 33.48921311633246], [-112.10886971994104, 33.48921311633246]]}, "properties": {"confidence": "high"}}, {"type": "Feature", "geometry": {"type": "LineString", "coordinates": [[-112.11041482222973, 33.48920562447503], [-112.11041482222973, 33.48919813261694], [-112.11039685592404, 33.48919813261694], [-112.11039685592404, 33.48920562447503], [-112.11041482222973, 33.48920562447503]]}, "properties": {"confidence": "high"}}, {"type": "Feature", "geometry": {"type": "LineString", "coordinates": [[-112.10943565857004, 33.48920562447503], [-112.10943565857004, 33.48919813261694], [-112.10941769226434, 33.48919813261694], [-112.10941769226434, 33.48920562447503], [-112.10943565857004, 33.48920562447503]]}, "properties": {"confidence": "high"}}, {"type": "Feature", "geometry": {"type": "LineString", "coordinates": [[-112.11044177168824, 33.48919813261694], [-112.11044177168824, 33.48919064075821], [-112.11041482222973, 33.48919064075821], [-112.11041482222973, 33.48919813261694], [-112.11044177168824, 33.48919813261694]]}, "properties": {"confidence": "high"}}, {"type": "Feature", "geometry": {"type": "LineString", "coordinates": [[-112.10945362487571, 33.48919813261694], [-112.10945362487571, 33.48919064075821], [-112.10943565857004, 33.48919064075821], [-112.10943565857004, 33.48919813261694], [-112.10945362487571, 33.48919813261694]]}, "properties": {"confidence": "high"}}, {"type": "Feature", "geometry": {"type": "LineString", "coordinates": [[-112.11045973799393, 33.48919064075821], [-112.11045973799393, 33.48918314889884], [-112.11044177168824, 33.48918314889884], [-112.11044177168824, 33.48919064075821], [-112.11045973799393, 33.48919064075821]]}, "properties": {"confidence": "high"}}, {"type": "Feature", "geometry": {"type": "LineString", "coordinates": [[-112.10946260802855, 33.48919064075821], [-112.10946260802855, 33.48918314889884], [-112.10945362487571, 33.48918314889884], [-112.10945362487571, 33.48919064075821], [-112.10946260802855, 33.48919064075821]]}, "properties": {"confidence": "high"}}, {"type": "Feature", "geometry": {"type": "LineString", "coordinates": [[-112.11346909419572, 33.48958021655278], [-112.11346909419572, 33.48917565703881], [-112.11346011104288, 33.48917565703881], [-112.11346011104288, 33.48958021655278], [-112.11346909419572, 33.48958021655278]]}, "properties": {"confidence": "high"}}, {"type": "Feature", "geometry": {"type": "LineString", "coordinates": [[-112.11047770429961, 33.48918314889884], [-112.11047770429961, 33.48917565703881], [-112.11045973799393, 33.48917565703881], [-112.11045973799393, 33.48918314889884], [-112.11047770429961, 33.48918314889884]]}, "properties": {"confidence": "high"}}, {"type": "Feature", "geometry": {"type": "LineString", "coordinates": [[-112.10948057433424, 33.48918314889884], [-112.10948057433424, 33.48917565703881], [-112.10946260802855, 33.48917565703881], [-112.10946260802855, 33.48918314889884], [-112.10948057433424, 33.48918314889884]]}, "properties": {"confidence": "high"}}, {"type": "Feature", "geometry": {"type": "LineString", "coordinates": [[-112.11050465375814, 33.48917565703881], [-112.11050465375814, 33.489168165178135], [-112.11047770429961, 33.489168165178135], [-112.11047770429961, 33.48917565703881], [-112.11050465375814, 33.48917565703881]]}, "properties": {"confidence": "high"}}, {"type": "Feature", "geometry": {"type": "LineString", "coordinates": [[-112.10949854063992, 33.48917565703881], [-112.10949854063992, 33.489168165178135], [-112.10948057433424, 33.489168165178135], [-112.10948057433424, 33.48917565703881], [-112.10949854063992, 33.48917565703881]]}, "properties": {"confidence": "high"}}, {"type": "Feature", "geometry": {"type": "LineString", "coordinates": [[-112.11052262006382, 33.489168165178135], [-112.11052262006382, 33.4891606733168], [-112.11050465375814, 33.4891606733168], [-112.11050465375814, 33.489168165178135], [-112.11052262006382, 33.489168165178135]]}, "properties": {"confidence": "high"}}, {"type": "Feature", "geometry": {"type": "LineString", "coordinates": [[-112.10952549009845, 33.489168165178135], [-112.10952549009845, 33.4891606733168], [-112.10949854063992, 33.4891606733168], [-112.10949854063992, 33.489168165178135], [-112.10952549009845, 33.489168165178135]]}, "properties": {"confidence": "high"}}, {"type": "Feature", "geometry": {"type": "LineString", "coordinates": [[-112.1105405863695, 33.4891606733168], [-112.1105405863695, 33.48915318145484], [-112.11052262006382, 33.48915318145484], [-112.11052262006382, 33.4891606733168], [-112.1105405863695, 33.4891606733168]]}, "properties": {"confidence": "high"}}, {"type": "Feature", "geometry": {"type": "LineString", "coordinates": [[-112.10954345640414, 33.4891606733168], [-112.10954345640414, 33.48915318145484], [-112.10952549009845, 33.48915318145484], [-112.10952549009845, 33.4891606733168], [-112.10954345640414, 33.4891606733168]]}, "properties": {"confidence": "high"}}, {"type": "Feature", "geometry": {"type": "LineString", "coordinates": [[-112.11056753582803, 33.48915318145484], [-112.11056753582803, 33.48914568959221], [-112.1105405863695, 33.48914568959221], [-112.1105405863695, 33.48915318145484], [-112.11056753582803, 33.48915318145484]]}, "properties": {"confidence": "high"}}, {"type": "Feature", "geometry": {"type": "LineString", "coordinates": [[-112.10956142270982, 33.48915318145484], [-112.10956142270982, 33.48914568959221], [-112.10954345640414, 33.48914568959221], [-112.10954345640414, 33.48915318145484], [-112.10956142270982, 33.48915318145484]]}, "properties": {"confidence": "high"}}, {"type": "Feature", "geometry": {"type": "LineString", "coordinates": [[-112.10888768624672, 33.48920562447503], [-112.10888768624672, 33.48919813261694], [-112.10887870309388, 33.48919813261694], [-112.10887870309388, 33.48913819772895], [-112.10886971994104, 33.48913819772895], [-112.10886971994104, 33.48920562447503], [-112.10888768624672, 33.48920562447503]]}, "properties": {"confidence": "high"}}, {"type": "Feature", "geometry": {"type": "LineString", "coordinates": [[-112.1105855021337, 33.48914568959221], [-112.1105855021337, 33.48913819772895], [-112.11056753582803, 33.48913819772895], [-112.11056753582803, 33.48914568959221], [-112.1105855021337, 33.48914568959221]]}, "properties": {"confidence": "high"}}, {"type": "Feature", "geometry": {"type": "LineString", "coordinates": [[-112.10957938901551, 33.48914568959221], [-112.10957938901551, 33.48913819772895], [-112.10956142270982, 33.48913819772895], [-112.10956142270982, 33.48914568959221], [-112.10957938901551, 33.48914568959221]]}, "properties": {"confidence": "high"}}, {"type": "Feature", "geometry": {"type": "LineString", "coordinates": [[-112.1071629209012, 33.48914568959221], [-112.1071629209012, 33.48913819772895], [-112.10662393173074, 33.48913819772895], [-112.10662393173074, 33.48914568959221], [-112.1071629209012, 33.48914568959221]]}, "properties": {"confidence": "high"}}, {"type": "Feature", "geometry": {"type": "LineString", "coordinates": [[-112.10839361284044, 33.489250575609915], [-112.10839361284044, 33.48913070586504], [-112.10837564653477, 33.48913070586504], [-112.10837564653477, 33.48913819772895], [-112.1083846296876, 33.48913819772895], [-112.1083846296876, 33.489250575609915], [-112.10839361284044, 33.489250575609915]]}, "properties": {"confidence": "high"}}, {"type": "Feature", "geometry": {"type": "LineString", "coordinates": [[-112.11061245159223, 33.48913819772895], [-112.11061245159223, 33.48913070586504], [-112.1105855021337, 33.48913070586504], [-112.1105855021337, 33.48913819772895], [-112.11061245159223, 33.48913819772895]]}, "properties": {"confidence": "high"}}, {"type": "Feature", "geometry": {"type": "LineString", "coordinates": [[-112.10959735532118, 33.48913819772895], [-112.10959735532118, 33.48913070586504], [-112.10957938901551, 33.48913070586504], [-112.10957938901551, 33.48913819772895], [-112.10959735532118, 33.48913819772895]]}, "properties": {"confidence": "high"}}, {"type": "Feature", "geometry": {"type": "LineString", "coordinates": [[-112.10796242150408, 33.48913819772895], [-112.10796242150408, 33.48913070586504], [-112.10793547204555, 33.48913070586504], [-112.10793547204555, 33.48913819772895], [-112.10796242150408, 33.48913819772895]]}, "properties": {"confidence": "high"}}, {"type": "Feature", "geometry": {"type": "LineString", "coordinates": [[-112.1078366573643, 33.48913819772895], [-112.1078366573643, 33.48913070586504], [-112.1071629209012, 33.48913070586504], [-112.1071629209012, 33.48913819772895], [-112.1078366573643, 33.48913819772895]]}, "properties": {"confidence": "high"}}, {"type": "Feature", "geometry": {"type": "LineString", "coordinates": [[-112.11225636856217, 33.489250575609915], [-112.11225636856217, 33.48912321400047], [-112.11224738540933, 33.48912321400047], [-112.11224738540933, 33.489250575609915], [-112.11225636856217, 33.489250575609915]]}, "properties": {"confidence": "high"}}, {"type": "Feature", "geometry": {"type": "LineString", "coordinates": [[-112.11063041789791, 33.48913070586504], [-112.11063041789791, 33.48912321400047], [-112.11061245159223, 33.48912321400047], [-112.11061245159223, 33.48913070586504], [-112.11063041789791, 33.48913070586504]]}, "properties": {"confidence": "high"}}, {"type": "Feature", "geometry": {"type": "LineString", "coordinates": [[-112.10960633847402, 33.48913070586504], [-112.10960633847402, 33.48912321400047], [-112.10959735532118, 33.48912321400047], [-112.10959735532118, 33.48913070586504], [-112.10960633847402, 33.48913070586504]]}, "properties": {"confidence": "high"}}, {"type": "Feature", "geometry": {"type": "LineString", "coordinates": [[-112.10837564653477, 33.48913070586504], [-112.10837564653477, 33.48912321400047], [-112.10796242150408, 33.48912321400047], [-112.10796242150408, 33.48913070586504], [-112.10837564653477, 33.48913070586504]]}, "properties": {"confidence": "high"}}, {"type": "Feature", "geometry": {"type": "LineString", "coordinates": [[-112.10793547204555, 33.48913070586504], [-112.10793547204555, 33.48912321400047], [-112.10788157312851, 33.48912321400047], [-112.10788157312851, 33.48913070586504], [-112.10793547204555, 33.48913070586504]]}, "properties": {"confidence": "high"}}, {"type": "Feature", "geometry": {"type": "LineString", "coordinates": [[-112.10787258997567, 33.48913070586504], [-112.10787258997567, 33.48912321400047], [-112.1078366573643, 33.48912321400047], [-112.1078366573643, 33.48913070586504], [-112.10787258997567, 33.48913070586504]]}, "properties": {"confidence": "high"}}, {"type": "Feature", "geometry": {"type": "LineString", "coordinates": [[-112.11065736735644, 33.48912321400047], [-112.11065736735644, 33.48911572213525], [-112.11063041789791, 33.48911572213525], [-112.11063041789791, 33.48912321400047], [-112.11065736735644, 33.48912321400047]]}, "properties": {"confidence": "high"}}, {"type": "Feature", "geometry": {"type": "LineString", "coordinates": [[-112.1096243047797, 33.48912321400047], [-112.1096243047797, 33.48911572213525], [-112.10960633847402, 33.48911572213525], [-112.10960633847402, 33.48912321400047], [-112.1096243047797, 33.48912321400047]]}, "properties": {"confidence": "high"}}, {"type": "Feature", "geometry": {"type": "LineString", "coordinates": [[-112.11067533366212, 33.48911572213525], [-112.11067533366212, 33.4891082302694], [-112.11065736735644, 33.4891082302694], [-112.11065736735644, 33.48911572213525], [-112.11067533366212, 33.48911572213525]]}, "properties": {"confidence": "high"}}, {"type": "Feature", "geometry": {"type": "LineString", "coordinates": [[-112.10964227108539, 33.48911572213525], [-112.10964227108539, 33.4891082302694], [-112.1096243047797, 33.4891082302694], [-112.1096243047797, 33.48911572213525], [-112.10964227108539, 33.48911572213525]]}, "properties": {"confidence": "high"}}, {"type": "Feature", "geometry": {"type": "LineString", "coordinates": [[-112.11175331200306, 33.48922060818924], [-112.11175331200306, 33.48910073840289], [-112.11174432885022, 33.48910073840289], [-112.11174432885022, 33.48922060818924], [-112.11175331200306, 33.48922060818924]]}, "properties": {"confidence": "high"}}, {"type": "Feature", "geometry": {"type": "LineString", "coordinates": [[-112.1106932999678, 33.4891082302694], [-112.1106932999678, 33.48910073840289], [-112.11067533366212, 33.48910073840289], [-112.11067533366212, 33.4891082302694], [-112.1106932999678, 33.4891082302694]]}, "properties": {"confidence": "high"}}, {"type": "Feature", "geometry": {"type": "LineString", "coordinates": [[-112.10966023739107, 33.4891082302694], [-112.10966023739107, 33.48910073840289], [-112.10964227108539, 33.48910073840289], [-112.10964227108539, 33.4891082302694], [-112.10966023739107, 33.4891082302694]]}, "properties": {"confidence": "high"}}, {"type": "Feature", "geometry": {"type": "LineString", "coordinates": [[-112.11072024942634, 33.48910073840289], [-112.11072024942634, 33.48909324653573], [-112.1106932999678, 33.48909324653573], [-112.1106932999678, 33.48910073840289], [-112.11072024942634, 33.48910073840289]]}, "properties": {"confidence": "high"}}, {"type": "Feature", "geometry": {"type": "LineString", "coordinates": [[-112.10967820369675, 33.48910073840289], [-112.10967820369675, 33.48909324653573], [-112.10966023739107, 33.48909324653573], [-112.10966023739107, 33.48910073840289], [-112.10967820369675, 33.48910073840289]]}, "properties": {"confidence": "high"}}, {"type": "Feature", "geometry": {"type": "LineString", "coordinates": [[-112.11073821573201, 33.48909324653573], [-112.11073821573201, 33.48908575466793], [-112.11072024942634, 33.48908575466793], [-112.11072024942634, 33.48909324653573], [-112.11073821573201, 33.48909324653573]]}, "properties": {"confidence": "high"}}, {"type": "Feature", "geometry": {"type": "LineString", "coordinates": [[-112.10969617000244, 33.48909324653573], [-112.10969617000244, 33.48908575466793], [-112.10967820369675, 33.48908575466793], [-112.10967820369675, 33.48909324653573], [-112.10969617000244, 33.48909324653573]]}, "properties": {"confidence": "high"}}, {"type": "Feature", "geometry": {"type": "LineString", "coordinates": [[-112.11303790285936, 33.489662626592434], [-112.11303790285936, 33.48907826279948], [-112.11302891970652, 33.48907826279948], [-112.11302891970652, 33.489662626592434], [-112.11303790285936, 33.489662626592434]]}, "properties": {"confidence": "high"}}, {"type": "Feature", "geometry": {"type": "LineString", "coordinates": [[-112.11075618203769, 33.48908575466793], [-112.11075618203769, 33.48907826279948], [-112.11073821573201, 33.48907826279948], [-112.11073821573201, 33.48908575466793], [-112.11075618203769, 33.48908575466793]]}, "properties": {"confidence": "high"}}, {"type": "Feature", "geometry": {"type": "LineString", "coordinates": [[-112.10971413630811, 33.48908575466793], [-112.10971413630811, 33.48907826279948], [-112.10969617000244, 33.48907826279948], [-112.10969617000244, 33.48908575466793], [-112.10971413630811, 33.48908575466793]]}, "properties": {"confidence": "high"}}, {"type": "Feature", "geometry": {"type": "LineString", "coordinates": [[-112.11078313149622, 33.48907826279948], [-112.11078313149622, 33.489070770930375], [-112.11075618203769, 33.489070770930375], [-112.11075618203769, 33.48907826279948], [-112.11078313149622, 33.48907826279948]]}, "properties": {"confidence": "high"}}, {"type": "Feature", "geometry": {"type": "LineString", "coordinates": [[-112.1097321026138, 33.48907826279948], [-112.1097321026138, 33.489070770930375], [-112.10971413630811, 33.489070770930375], [-112.10971413630811, 33.48907826279948], [-112.1097321026138, 33.48907826279948]]}, "properties": {"confidence": "high"}}, {"type": "Feature", "geometry": {"type": "LineString", "coordinates": [[-112.11081906410759, 33.489070770930375], [-112.11081906410759, 33.48906327906063], [-112.11078313149622, 33.48906327906063], [-112.11078313149622, 33.489070770930375], [-112.11081906410759, 33.489070770930375]]}, "properties": {"confidence": "high"}}, {"type": "Feature", "geometry": {"type": "LineString", "coordinates": [[-112.10975006891948, 33.489070770930375], [-112.10975006891948, 33.48906327906063], [-112.1097321026138, 33.48906327906063], [-112.1097321026138, 33.489070770930375], [-112.10975006891948, 33.489070770930375]]}, "properties": {"confidence": "high"}}, {"type": "Feature", "geometry": {"type": "LineString", "coordinates": [[-112.1108460135661, 33.48906327906063], [-112.1108460135661, 33.48905578719023], [-112.11081906410759, 33.48905578719023], [-112.11081906410759, 33.48906327906063], [-112.1108460135661, 33.48906327906063]]}, "properties": {"confidence": "high"}}, {"type": "Feature", "geometry": {"type": "LineString", "coordinates": [[-112.10976803522516, 33.48906327906063], [-112.10976803522516, 33.48905578719023], [-112.10975006891948, 33.48905578719023], [-112.10975006891948, 33.48906327906063], [-112.10976803522516, 33.48906327906063]]}, "properties": {"confidence": "high"}}, {"type": "Feature", "geometry": {"type": "LineString", "coordinates": [[-112.11347807734857, 33.48917565703881], [-112.11347807734857, 33.489048295319186], [-112.11346909419572, 33.489048295319186], [-112.11346909419572, 33.48917565703881], [-112.11347807734857, 33.48917565703881]]}, "properties": {"confidence": "high"}}, {"type": "Feature", "geometry": {"type": "LineString", "coordinates": [[-112.1108639798718, 33.48905578719023], [-112.1108639798718, 33.489048295319186], [-112.1108460135661, 33.489048295319186], [-112.1108460135661, 33.48905578719023], [-112.1108639798718, 33.48905578719023]]}, "properties": {"confidence": "high"}}, {"type": "Feature", "geometry": {"type": "LineString", "coordinates": [[-112.10978600153085, 33.48905578719023], [-112.10978600153085, 33.489048295319186], [-112.10976803522516, 33.489048295319186], [-112.10976803522516, 33.48905578719023], [-112.10978600153085, 33.48905578719023]]}, "properties": {"confidence": "high"}}, {"type": "Feature", "geometry": {"type": "LineString", "coordinates": [[-112.11089092933031, 33.489048295319186], [-112.11089092933031, 33.489040803447494], [-112.1108639798718, 33.489040803447494], [-112.1108639798718, 33.489048295319186], [-112.11089092933031, 33.489048295319186]]}, "properties": {"confidence": "high"}}, {"type": "Feature", "geometry": {"type": "LineString", "coordinates": [[-112.10981295098937, 33.489048295319186], [-112.10981295098937, 33.489040803447494], [-112.10978600153085, 33.489040803447494], [-112.10978600153085, 33.489048295319186], [-112.10981295098937, 33.489048295319186]]}, "properties": {"confidence": "high"}}, {"type": "Feature", "geometry": {"type": "LineString", "coordinates": [[-112.11346909419572, 33.489048295319186], [-112.11346909419572, 33.489033311575156], [-112.11346011104288, 33.489033311575156], [-112.11346011104288, 33.489048295319186], [-112.11346909419572, 33.489048295319186]]}, "properties": {"confidence": "high"}}, {"type": "Feature", "geometry": {"type": "LineString", "coordinates": [[-112.11091787878884, 33.489040803447494], [-112.11091787878884, 33.489033311575156], [-112.11089092933031, 33.489033311575156], [-112.11089092933031, 33.489040803447494], [-112.11091787878884, 33.489040803447494]]}, "properties": {"confidence": "high"}}, {"type": "Feature", "geometry": {"type": "LineString", "coordinates": [[-112.10983091729504, 33.489040803447494], [-112.10983091729504, 33.489033311575156], [-112.10981295098937, 33.489033311575156], [-112.10981295098937, 33.489040803447494], [-112.10983091729504, 33.489040803447494]]}, "properties": {"confidence": "high"}}, {"type": "Feature", "geometry": {"type": "LineString", "coordinates": [[-112.11093584509452, 33.489033311575156], [-112.11093584509452, 33.489025819702164], [-112.11091787878884, 33.489025819702164], [-112.11091787878884, 33.489033311575156], [-112.11093584509452, 33.489033311575156]]}, "properties": {"confidence": "high"}}, {"type": "Feature", "geometry": {"type": "LineString", "coordinates": [[-112.10984888360073, 33.489033311575156], [-112.10984888360073, 33.489025819702164], [-112.10983091729504, 33.489025819702164], [-112.10983091729504, 33.489033311575156], [-112.10984888360073, 33.489033311575156]]}, "properties": {"confidence": "high"}}, {"type": "Feature", "geometry": {"type": "LineString", "coordinates": [[-112.11096279455305, 33.489025819702164], [-112.11096279455305, 33.489018327828525], [-112.11093584509452, 33.489018327828525], [-112.11093584509452, 33.489025819702164], [-112.11096279455305, 33.489025819702164]]}, "properties": {"confidence": "high"}}, {"type": "Feature", "geometry": {"type": "LineString", "coordinates": [[-112.10985786675357, 33.489025819702164], [-112.10985786675357, 33.489018327828525], [-112.10984888360073, 33.489018327828525], [-112.10984888360073, 33.489025819702164], [-112.10985786675357, 33.489025819702164]]}, "properties": {"confidence": "high"}}, {"type": "Feature", "geometry": {"type": "LineString", "coordinates": [[-112.1084025959933, 33.48913070586504], [-112.1084025959933, 33.48901083595424], [-112.10839361284044, 33.48901083595424], [-112.10839361284044, 33.48913070586504], [-112.1084025959933, 33.48913070586504]]}, "properties": {"confidence": "high"}}, {"type": "Feature", "geometry": {"type": "LineString", "coordinates": [[-112.11098974401156, 33.489018327828525], [-112.11098974401156, 33.48901083595424], [-112.11096279455305, 33.48901083595424], [-112.11096279455305, 33.489018327828525], [-112.11098974401156, 33.489018327828525]]}, "properties": {"confidence": "high"}}, {"type": "Feature", "geometry": {"type": "LineString", "coordinates": [[-112.10987583305925, 33.489018327828525], [-112.10987583305925, 33.48901083595424], [-112.10985786675357, 33.48901083595424], [-112.10985786675357, 33.489018327828525], [-112.10987583305925, 33.489018327828525]]}, "properties": {"confidence": "high"}}, {"type": "Feature", "geometry": {"type": "LineString", "coordinates": [[-112.11102567662293, 33.48901083595424], [-112.11102567662293, 33.48900334407931], [-112.11098974401156, 33.48900334407931], [-112.11098974401156, 33.48901083595424], [-112.11102567662293, 33.48901083595424]]}, "properties": {"confidence": "high"}}, {"type": "Feature", "geometry": {"type": "LineString", "coordinates": [[-112.10989379936494, 33.48901083595424], [-112.10989379936494, 33.48900334407931], [-112.10987583305925, 33.48900334407931], [-112.10987583305925, 33.48901083595424], [-112.10989379936494, 33.48901083595424]]}, "properties": {"confidence": "high"}}, {"type": "Feature", "geometry": {"type": "LineString", "coordinates": [[-112.11106160923428, 33.48900334407931], [-112.11106160923428, 33.48899585220372], [-112.11102567662293, 33.48899585220372], [-112.11102567662293, 33.48900334407931], [-112.11106160923428, 33.48900334407931]]}, "properties": {"confidence": "high"}}, {"type": "Feature", "geometry": {"type": "LineString", "coordinates": [[-112.10991176567062, 33.48900334407931], [-112.10991176567062, 33.48899585220372], [-112.10989379936494, 33.48899585220372], [-112.10989379936494, 33.48900334407931], [-112.10991176567062, 33.48900334407931]]}, "properties": {"confidence": "high"}}, {"type": "Feature", "geometry": {"type": "LineString", "coordinates": [[-112.11108855869281, 33.48899585220372], [-112.11108855869281, 33.48898836032749], [-112.11106160923428, 33.48898836032749], [-112.11106160923428, 33.48899585220372], [-112.11108855869281, 33.48899585220372]]}, "properties": {"confidence": "high"}}, {"type": "Feature", "geometry": {"type": "LineString", "coordinates": [[-112.1099297319763, 33.48899585220372], [-112.1099297319763, 33.48898836032749], [-112.10991176567062, 33.48898836032749], [-112.10991176567062, 33.48899585220372], [-112.1099297319763, 33.48899585220372]]}, "properties": {"confidence": "high"}}, {"type": "Feature", "geometry": {"type": "LineString", "coordinates": [[-112.11110652499849, 33.48898836032749], [-112.11110652499849, 33.48898086845062], [-112.11108855869281, 33.48898086845062], [-112.11108855869281, 33.48898836032749], [-112.11110652499849, 33.48898836032749]]}, "properties": {"confidence": "high"}}, {"type": "Feature", "geometry": {"type": "LineString", "coordinates": [[-112.10994769828199, 33.48898836032749], [-112.10994769828199, 33.48898086845062], [-112.1099297319763, 33.48898086845062], [-112.1099297319763, 33.48898836032749], [-112.10994769828199, 33.48898836032749]]}, "properties": {"confidence": "high"}}, {"type": "Feature", "geometry": {"type": "LineString", "coordinates": [[-112.11131313751385, 33.48959520020219], [-112.11131313751385, 33.48897337657309], [-112.11130415436101, 33.48897337657309], [-112.11130415436101, 33.48936295334503], [-112.11118737337407, 33.48936295334503], [-112.11118737337407, 33.48937044518886], [-112.11130415436101, 33.48937044518886], [-112.11130415436101, 33.48959520020219], [-112.11131313751385, 33.48959520020219]]}, "properties": {"confidence": "high"}}, {"type": "Feature", "geometry": {"type": "LineString", "coordinates": [[-112.11113347445702, 33.48898086845062], [-112.11113347445702, 33.48897337657309], [-112.11110652499849, 33.48897337657309], [-112.11110652499849, 33.48898086845062], [-112.11113347445702, 33.48898086845062]]}, "properties": {"confidence": "high"}}, {"type": "Feature", "geometry": {"type": "LineString", "coordinates": [[-112.10996566458766, 33.48898086845062], [-112.10996566458766, 33.48897337657309], [-112.10994769828199, 33.48897337657309], [-112.10994769828199, 33.48898086845062], [-112.10996566458766, 33.48898086845062]]}, "properties": {"confidence": "high"}}, {"type": "Feature", "geometry": {"type": "LineString", "coordinates": [[-112.11120533967974, 33.48897337657309], [-112.11120533967974, 33.48896588469492], [-112.11113347445702, 33.48896588469492], [-112.11113347445702, 33.48897337657309], [-112.11120533967974, 33.48897337657309]]}, "properties": {"confidence": "high"}}, {"type": "Feature", "geometry": {"type": "LineString", "coordinates": [[-112.10998363089334, 33.48897337657309], [-112.10998363089334, 33.48896588469492], [-112.10996566458766, 33.48896588469492], [-112.10996566458766, 33.48897337657309], [-112.10998363089334, 33.48897337657309]]}, "properties": {"confidence": "high"}}, {"type": "Feature", "geometry": {"type": "LineString", "coordinates": [[-112.11130415436101, 33.48897337657309], [-112.11130415436101, 33.48895839281609], [-112.11120533967974, 33.48895839281609], [-112.11120533967974, 33.48896588469492], [-112.11129517120817, 33.48896588469492], [-112.11129517120817, 33.48897337657309], [-112.11130415436101, 33.48897337657309]]}, "properties": {"confidence": "high"}}, {"type": "Feature", "geometry": {"type": "LineString", "coordinates": [[-112.11000159719903, 33.48896588469492], [-112.11000159719903, 33.48895839281609], [-112.10998363089334, 33.48895839281609], [-112.10998363089334, 33.48896588469492], [-112.11000159719903, 33.48896588469492]]}, "properties": {"confidence": "high"}}, {"type": "Feature", "geometry": {"type": "LineString", "coordinates": [[-112.11001956350471, 33.48895839281609], [-112.11001956350471, 33.48895090093662], [-112.11000159719903, 33.48895090093662], [-112.11000159719903, 33.48895839281609], [-112.11001956350471, 33.48895839281609]]}, "properties": {"confidence": "high"}}, {"type": "Feature", "geometry": {"type": "LineString", "coordinates": [[-112.1100375298104, 33.48895090093662], [-112.1100375298104, 33.48894340905651], [-112.11001956350471, 33.48894340905651], [-112.11001956350471, 33.48895090093662], [-112.1100375298104, 33.48895090093662]]}, "properties": {"confidence": "high"}}, {"type": "Feature", "geometry": {"type": "LineString", "coordinates": [[-112.11005549611608, 33.48894340905651], [-112.11005549611608, 33.488935917175745], [-112.1100375298104, 33.488935917175745], [-112.1100375298104, 33.48894340905651], [-112.11005549611608, 33.48894340905651]]}, "properties": {"confidence": "high"}}, {"type": "Feature", "geometry": {"type": "LineString", "coordinates": [[-112.11008244557459, 33.488935917175745], [-112.11008244557459, 33.48892842529432], [-112.11005549611608, 33.48892842529432], [-112.11005549611608, 33.488935917175745], [-112.11008244557459, 33.488935917175745]]}, "properties": {"confidence": "high"}}, {"type": "Feature", "geometry": {"type": "LineString", "coordinates": [[-112.11010041188028, 33.48892842529432], [-112.11010041188028, 33.48892093341225], [-112.11008244557459, 33.48892093341225], [-112.11008244557459, 33.48892842529432], [-112.11010041188028, 33.48892842529432]]}, "properties": {"confidence": "high"}}, {"type": "Feature", "geometry": {"type": "LineString", "coordinates": [[-112.11011837818597, 33.48892093341225], [-112.11011837818597, 33.48891344152954], [-112.11010041188028, 33.48891344152954], [-112.11010041188028, 33.48892093341225], [-112.11011837818597, 33.48892093341225]]}, "properties": {"confidence": "high"}}, {"type": "Feature", "geometry": {"type": "LineString", "coordinates": [[-112.11012736133881, 33.48891344152954], [-112.11012736133881, 33.48890594964619], [-112.11011837818597, 33.48890594964619], [-112.11011837818597, 33.48891344152954], [-112.11012736133881, 33.48891344152954]]}, "properties": {"confidence": "high"}}, {"type": "Feature", "geometry": {"type": "LineString", "coordinates": [[-112.1101453276445, 33.48890594964619], [-112.1101453276445, 33.488898457762176], [-112.11012736133881, 33.488898457762176], [-112.11012736133881, 33.48890594964619], [-112.1101453276445, 33.48890594964619]]}, "properties": {"confidence": "high"}}, {"type": "Feature", "geometry": {"type": "LineString", "coordinates": [[-112.11131313751385, 33.48895839281609], [-112.11131313751385, 33.48889096587752], [-112.11130415436101, 33.48889096587752], [-112.11130415436101, 33.48895839281609], [-112.11131313751385, 33.48895839281609]]}, "properties": {"confidence": "high"}}, {"type": "Feature", "geometry": {"type": "LineString", "coordinates": [[-112.11016329395018, 33.488898457762176], [-112.11016329395018, 33.48889096587752], [-112.1101453276445, 33.48889096587752], [-112.1101453276445, 33.488898457762176], [-112.11016329395018, 33.488898457762176]]}, "properties": {"confidence": "high"}}, {"type": "Feature", "geometry": {"type": "LineString", "coordinates": [[-112.11018126025586, 33.48889096587752], [-112.11018126025586, 33.48888347399222], [-112.11016329395018, 33.48888347399222], [-112.11016329395018, 33.48889096587752], [-112.11018126025586, 33.48889096587752]]}, "properties": {"confidence": "high"}}, {"type": "Feature", "geometry": {"type": "LineString", "coordinates": [[-112.11019922656155, 33.48888347399222], [-112.11019922656155, 33.488875982106265], [-112.11018126025586, 33.488875982106265], [-112.11018126025586, 33.48888347399222], [-112.11019922656155, 33.48888347399222]]}, "properties": {"confidence": "high"}}, {"type": "Feature", "geometry": {"type": "LineString", "coordinates": [[-112.1117622951559, 33.48910073840289], [-112.1117622951559, 33.488868490219666], [-112.11175331200306, 33.488868490219666], [-112.11175331200306, 33.48910073840289], [-112.1117622951559, 33.48910073840289]]}, "properties": {"confidence": "high"}}, {"type": "Feature", "geometry": {"type": "LineString", "coordinates": [[-112.11021719286722, 33.488875982106265], [-112.11021719286722, 33.488868490219666], [-112.11019922656155, 33.488868490219666], [-112.11019922656155, 33.488875982106265], [-112.11021719286722, 33.488875982106265]]}, "properties": {"confidence": "high"}}, {"type": "Feature", "geometry": {"type": "LineString", "coordinates": [[-112.11347807734857, 33.489033311575156], [-112.11347807734857, 33.48886099833242], [-112.11346909419572, 33.48886099833242], [-112.11346909419572, 33.489033311575156], [-112.11347807734857, 33.489033311575156]]}, "properties": {"confidence": "high"}}, {"type": "Feature", "geometry": {"type": "LineString", "coordinates": [[-112.1102351591729, 33.488868490219666], [-112.1102351591729, 33.48886099833242], [-112.11021719286722, 33.48886099833242], [-112.11021719286722, 33.488868490219666], [-112.1102351591729, 33.488868490219666]]}, "properties": {"confidence": "high"}}, {"type": "Feature", "geometry": {"type": "LineString", "coordinates": [[-112.1102531254786, 33.48886099833242], [-112.1102531254786, 33.48885350644452], [-112.1102351591729, 33.48885350644452], [-112.1102351591729, 33.48886099833242], [-112.1102531254786, 33.48886099833242]]}, "properties": {"confidence": "high"}}, {"type": "Feature", "geometry": {"type": "LineString", "coordinates": [[-112.11027109178427, 33.48885350644452], [-112.11027109178427, 33.48884601455598], [-112.1102531254786, 33.48884601455598], [-112.1102531254786, 33.48885350644452], [-112.11027109178427, 33.48885350644452]]}, "properties": {"confidence": "high"}}, {"type": "Feature", "geometry": {"type": "LineString", "coordinates": [[-112.11226535171501, 33.48912321400047], [-112.11226535171501, 33.48883852266679], [-112.11225636856217, 33.48883852266679], [-112.11225636856217, 33.48912321400047], [-112.11226535171501, 33.48912321400047]]}, "properties": {"confidence": "high"}}, {"type": "Feature", "geometry": {"type": "LineString", "coordinates": [[-112.1102980412428, 33.48884601455598], [-112.1102980412428, 33.48883852266679], [-112.11027109178427, 33.48883852266679], [-112.11027109178427, 33.48884601455598], [-112.1102980412428, 33.48884601455598]]}, "properties": {"confidence": "high"}}, {"type": "Feature", "geometry": {"type": "LineString", "coordinates": [[-112.11031600754848, 33.48883852266679], [-112.11031600754848, 33.48883103077695], [-112.1102980412428, 33.48883103077695], [-112.1102980412428, 33.48883852266679], [-112.11031600754848, 33.48883852266679]]}, "properties": {"confidence": "high"}}, {"type": "Feature", "geometry": {"type": "LineString", "coordinates": [[-112.113397228973, 33.48883103077695], [-112.113397228973, 33.48882353888646], [-112.11319061645766, 33.48882353888646], [-112.11319061645766, 33.48883103077695], [-112.113397228973, 33.48883103077695]]}, "properties": {"confidence": "high"}}, {"type": "Feature", "geometry": {"type": "LineString", "coordinates": [[-112.11033397385415, 33.48883103077695], [-112.11033397385415, 33.48882353888646], [-112.11031600754848, 33.48882353888646], [-112.11031600754848, 33.48883103077695], [-112.11033397385415, 33.48883103077695]]}, "properties": {"confidence": "high"}}, {"type": "Feature", "geometry": {"type": "LineString", "coordinates": [[-112.11346909419572, 33.48886099833242], [-112.11346909419572, 33.48881604699532], [-112.11346011104288, 33.48881604699532], [-112.11346011104288, 33.48883103077695], [-112.113397228973, 33.48883103077695], [-112.113397228973, 33.48883852266679], [-112.11346011104288, 33.48883852266679], [-112.11346011104288, 33.48886099833242], [-112.11346909419572, 33.48886099833242]]}, "properties": {"confidence": "high"}}, {"type": "Feature", "geometry": {"type": "LineString", "coordinates": [[-112.11319061645766, 33.48882353888646], [-112.11319061645766, 33.48881604699532], [-112.11318163330482, 33.48881604699532], [-112.11318163330482, 33.48882353888646], [-112.11319061645766, 33.48882353888646]]}, "properties": {"confidence": "high"}}, {"type": "Feature", "geometry": {"type": "LineString", "coordinates": [[-112.11035194015984, 33.48882353888646], [-112.11035194015984, 33.48881604699532], [-112.11033397385415, 33.48881604699532], [-112.11033397385415, 33.48882353888646], [-112.11035194015984, 33.48882353888646]]}, "properties": {"confidence": "high"}}, {"type": "Feature", "geometry": {"type": "LineString", "coordinates": [[-112.10841157914615, 33.48901083595424], [-112.10841157914615, 33.48880855510354], [-112.1084025959933, 33.48880855510354], [-112.1084025959933, 33.48901083595424], [-112.10841157914615, 33.48901083595424]]}, "properties": {"confidence": "high"}}, {"type": "Feature", "geometry": {"type": "LineString", "coordinates": [[-112.11347807734857, 33.48881604699532], [-112.11347807734857, 33.48880855510354], [-112.11346909419572, 33.48880855510354], [-112.11346909419572, 33.48881604699532], [-112.11347807734857, 33.48881604699532]]}, "properties": {"confidence": "high"}}, {"type": "Feature", "geometry": {"type": "LineString", "coordinates": [[-112.11318163330482, 33.48881604699532], [-112.11318163330482, 33.48880855510354], [-112.11317265015198, 33.48880855510354], [-112.11317265015198, 33.48881604699532], [-112.11318163330482, 33.48881604699532]]}, "properties": {"confidence": "high"}}, {"type": "Feature", "geometry": {"type": "LineString", "coordinates": [[-112.11037888961836, 33.48881604699532], [-112.11037888961836, 33.48880855510354], [-112.11035194015984, 33.48880855510354], [-112.11035194015984, 33.48881604699532], [-112.11037888961836, 33.48881604699532]]}, "properties": {"confidence": "high"}}, {"type": "Feature", "geometry": {"type": "LineString", "coordinates": [[-112.10930989443025, 33.48883103077695], [-112.10930989443025, 33.4888010632111], [-112.10930091127742, 33.4888010632111], [-112.10930091127742, 33.48883103077695], [-112.10930989443025, 33.48883103077695]]}, "properties": {"confidence": "high"}}, {"type": "Feature", "geometry": {"type": "LineString", "coordinates": [[-112.11317265015198, 33.48880855510354], [-112.11317265015198, 33.4888010632111], [-112.11316366699913, 33.4888010632111], [-112.11316366699913, 33.48880855510354], [-112.11317265015198, 33.48880855510354]]}, "properties": {"confidence": "high"}}, {"type": "Feature", "geometry": {"type": "LineString", "coordinates": [[-112.11040583907689, 33.48880855510354], [-112.11040583907689, 33.4888010632111], [-112.11037888961836, 33.4888010632111], [-112.11037888961836, 33.48880855510354], [-112.11040583907689, 33.48880855510354]]}, "properties": {"confidence": "high"}}, {"type": "Feature", "geometry": {"type": "LineString", "coordinates": [[-112.11316366699913, 33.4888010632111], [-112.11316366699913, 33.48879357131802], [-112.11315468384629, 33.48879357131802], [-112.11315468384629, 33.4888010632111], [-112.11316366699913, 33.4888010632111]]}, "properties": {"confidence": "high"}}, {"type": "Feature", "geometry": {"type": "LineString", "coordinates": [[-112.1104327885354, 33.4888010632111], [-112.1104327885354, 33.48879357131802], [-112.11040583907689, 33.48879357131802], [-112.11040583907689, 33.4888010632111], [-112.1104327885354, 33.4888010632111]]}, "properties": {"confidence": "high"}}, {"type": "Feature", "geometry": {"type": "LineString", "coordinates": [[-112.11315468384629, 33.48879357131802], [-112.11315468384629, 33.48878607942429], [-112.11314570069345, 33.48878607942429], [-112.11314570069345, 33.48879357131802], [-112.11315468384629, 33.48879357131802]]}, "properties": {"confidence": "high"}}, {"type": "Feature", "geometry": {"type": "LineString", "coordinates": [[-112.1104507548411, 33.48879357131802], [-112.1104507548411, 33.48878607942429], [-112.1104327885354, 33.48878607942429], [-112.1104327885354, 33.48879357131802], [-112.1104507548411, 33.48879357131802]]}, "properties": {"confidence": "high"}}, {"type": "Feature", "geometry": {"type": "LineString", "coordinates": [[-112.10931887758309, 33.4888010632111], [-112.10931887758309, 33.488778587529914], [-112.10930989443025, 33.488778587529914], [-112.10930989443025, 33.4888010632111], [-112.10931887758309, 33.4888010632111]]}, "properties": {"confidence": "high"}}, {"type": "Feature", "geometry": {"type": "LineString", "coordinates": [[-112.1152477584583, 33.48879357131802], [-112.1152477584583, 33.488778587529914], [-112.11523877530546, 33.488778587529914], [-112.11523877530546, 33.48879357131802], [-112.1152477584583, 33.48879357131802]]}, "properties": {"confidence": "high"}}, {"type": "Feature", "geometry": {"type": "LineString", "coordinates": [[-112.11314570069345, 33.48878607942429], [-112.11314570069345, 33.488778587529914], [-112.11313671754061, 33.488778587529914], [-112.11313671754061, 33.48878607942429], [-112.11314570069345, 33.48878607942429]]}, "properties": {"confidence": "high"}}, {"type": "Feature", "geometry": {"type": "LineString", "coordinates": [[-112.11047770429961, 33.48878607942429], [-112.11047770429961, 33.488778587529914], [-112.1104507548411, 33.488778587529914], [-112.1104507548411, 33.48878607942429], [-112.11047770429961, 33.48878607942429]]}, "properties": {"confidence": "high"}}, {"type": "Feature", "geometry": {"type": "LineString", "coordinates": [[-112.11525674161113, 33.488778587529914], [-112.11525674161113, 33.48877109563489], [-112.1152477584583, 33.48877109563489], [-112.1152477584583, 33.488778587529914], [-112.11525674161113, 33.488778587529914]]}, "properties": {"confidence": "high"}}, {"type": "Feature", "geometry": {"type": "LineString", "coordinates": [[-112.11313671754061, 33.488778587529914], [-112.11313671754061, 33.48877109563489], [-112.11312773438777, 33.48877109563489], [-112.11312773438777, 33.488778587529914], [-112.11313671754061, 33.488778587529914]]}, "properties": {"confidence": "high"}}, {"type": "Feature", "geometry": {"type": "LineString", "coordinates": [[-112.11049567060529, 33.488778587529914], [-112.11049567060529, 33.48877109563489], [-112.11047770429961, 33.48877109563489], [-112.11047770429961, 33.488778587529914], [-112.11049567060529, 33.488778587529914]]}, "properties": {"confidence": "high"}}, {"type": "Feature", "geometry": {"type": "LineString", "coordinates": [[-112.10935481019446, 33.488778587529914], [-112.10935481019446, 33.48877109563489], [-112.10931887758309, 33.48877109563489], [-112.10931887758309, 33.488778587529914], [-112.10935481019446, 33.488778587529914]]}, "properties": {"confidence": "high"}}, {"type": "Feature", "geometry": {"type": "LineString", "coordinates": [[-112.10742343233362, 33.488778587529914], [-112.10742343233362, 33.48877109563489], [-112.10741444918077, 33.48877109563489], [-112.10741444918077, 33.488778587529914], [-112.10742343233362, 33.488778587529914]]}, "properties": {"confidence": "high"}}, {"type": "Feature", "geometry": {"type": "LineString", "coordinates": [[-112.11312773438777, 33.48877109563489], [-112.11312773438777, 33.488763603739216], [-112.11311875123494, 33.488763603739216], [-112.11311875123494, 33.48877109563489], [-112.11312773438777, 33.48877109563489]]}, "properties": {"confidence": "high"}}, {"type": "Feature", "geometry": {"type": "LineString", "coordinates": [[-112.11051363691098, 33.48877109563489], [-112.11051363691098, 33.488763603739216], [-112.11049567060529, 33.488763603739216], [-112.11049567060529, 33.48877109563489], [-112.11051363691098, 33.48877109563489]]}, "properties": {"confidence": "high"}}, {"type": "Feature", "geometry": {"type": "LineString", "coordinates": [[-112.10939972595867, 33.48877109563489], [-112.10939972595867, 33.488763603739216], [-112.10935481019446, 33.488763603739216], [-112.10935481019446, 33.48877109563489], [-112.10939972595867, 33.48877109563489]]}, "properties": {"confidence": "high"}}, {"type": "Feature", "geometry": {"type": "LineString", "coordinates": [[-112.10741444918077, 33.48877109563489], [-112.10741444918077, 33.488763603739216], [-112.10740546602793, 33.488763603739216], [-112.10740546602793, 33.48877109563489], [-112.10741444918077, 33.48877109563489]]}, "properties": {"confidence": "high"}}, {"type": "Feature", "geometry": {"type": "LineString", "coordinates": [[-112.11526572476397, 33.48877109563489], [-112.11526572476397, 33.48875611184289], [-112.11525674161113, 33.48875611184289], [-112.11525674161113, 33.48877109563489], [-112.11526572476397, 33.48877109563489]]}, "properties": {"confidence": "high"}}, {"type": "Feature", "geometry": {"type": "LineString", "coordinates": [[-112.10931887758309, 33.48877109563489], [-112.10931887758309, 33.48875611184289], [-112.10930989443025, 33.48875611184289], [-112.10930989443025, 33.48877109563489], [-112.10931887758309, 33.48877109563489]]}, "properties": {"confidence": "high"}}, {"type": "Feature", "geometry": {"type": "LineString", "coordinates": [[-112.11311875123494, 33.488763603739216], [-112.11311875123494, 33.48875611184289], [-112.11310976808208, 33.48875611184289], [-112.11310976808208, 33.488763603739216], [-112.11311875123494, 33.488763603739216]]}, "properties": {"confidence": "high"}}, {"type": "Feature", "geometry": {"type": "LineString", "coordinates": [[-112.11053160321666, 33.488763603739216], [-112.11053160321666, 33.48875611184289], [-112.11051363691098, 33.48875611184289], [-112.11051363691098, 33.488763603739216], [-112.11053160321666, 33.488763603739216]]}, "properties": {"confidence": "high"}}, {"type": "Feature", "geometry": {"type": "LineString", "coordinates": [[-112.10945362487571, 33.488763603739216], [-112.10945362487571, 33.48875611184289], [-112.10939972595867, 33.48875611184289], [-112.10939972595867, 33.488763603739216], [-112.10945362487571, 33.488763603739216]]}, "properties": {"confidence": "high"}}, {"type": "Feature", "geometry": {"type": "LineString", "coordinates": [[-112.10740546602793, 33.488763603739216], [-112.10740546602793, 33.48875611184289], [-112.10739648287509, 33.48875611184289], [-112.10739648287509, 33.488763603739216], [-112.10740546602793, 33.488763603739216]]}, "properties": {"confidence": "high"}}, {"type": "Feature", "geometry": {"type": "LineString", "coordinates": [[-112.11132212066669, 33.48889096587752], [-112.11132212066669, 33.48874861994592], [-112.11131313751385, 33.48874861994592], [-112.11131313751385, 33.48889096587752], [-112.11132212066669, 33.48889096587752]]}, "properties": {"confidence": "high"}}, {"type": "Feature", "geometry": {"type": "LineString", "coordinates": [[-112.11527470791683, 33.48875611184289], [-112.11527470791683, 33.48874861994592], [-112.11526572476397, 33.48874861994592], [-112.11526572476397, 33.48875611184289], [-112.11527470791683, 33.48875611184289]]}, "properties": {"confidence": "high"}}, {"type": "Feature", "geometry": {"type": "LineString", "coordinates": [[-112.11310976808208, 33.48875611184289], [-112.11310976808208, 33.48874861994592], [-112.11310078492924, 33.48874861994592], [-112.11310078492924, 33.48875611184289], [-112.11310976808208, 33.48875611184289]]}, "properties": {"confidence": "high"}}, {"type": "Feature", "geometry": {"type": "LineString", "coordinates": [[-112.11055855267519, 33.48875611184289], [-112.11055855267519, 33.48874861994592], [-112.11053160321666, 33.48874861994592], [-112.11053160321666, 33.48875611184289], [-112.11055855267519, 33.48875611184289]]}, "properties": {"confidence": "high"}}, {"type": "Feature", "geometry": {"type": "LineString", "coordinates": [[-112.10949854063992, 33.48875611184289], [-112.10949854063992, 33.48874861994592], [-112.10945362487571, 33.48874861994592], [-112.10945362487571, 33.48875611184289], [-112.10949854063992, 33.48875611184289]]}, "properties": {"confidence": "high"}}, {"type": "Feature", "geometry": {"type": "LineString", "coordinates": [[-112.10739648287509, 33.48875611184289], [-112.10739648287509, 33.48874861994592], [-112.10738749972225, 33.48874861994592], [-112.10738749972225, 33.48875611184289], [-112.10739648287509, 33.48875611184289]]}, "properties": {"confidence": "high"}}, {"type": "Feature", "geometry": {"type": "LineString", "coordinates": [[-112.11310078492924, 33.48874861994592], [-112.11310078492924, 33.488741128048304], [-112.1130918017764, 33.488741128048304], [-112.1130918017764, 33.48874861994592], [-112.11310078492924, 33.48874861994592]]}, "properties": {"confidence": "high"}}, {"type": "Feature", "geometry": {"type": "LineString", "coordinates": [[-112.11057651898086, 33.48874861994592], [-112.11057651898086, 33.488741128048304], [-112.11055855267519, 33.488741128048304], [-112.11055855267519, 33.48874861994592], [-112.11057651898086, 33.48874861994592]]}, "properties": {"confidence": "high"}}, {"type": "Feature", "geometry": {"type": "LineString", "coordinates": [[-112.10952549009845, 33.48874861994592], [-112.10952549009845, 33.488741128048304], [-112.10949854063992, 33.488741128048304], [-112.10949854063992, 33.48874861994592], [-112.10952549009845, 33.48874861994592]]}, "properties": {"confidence": "high"}}, {"type": "Feature", "geometry": {"type": "LineString", "coordinates": [[-112.1130918017764, 33.488741128048304], [-112.1130918017764, 33.48873363615004], [-112.11308281862357, 33.48873363615004], [-112.11308281862357, 33.488741128048304], [-112.1130918017764, 33.488741128048304]]}, "properties": {"confidence": "high"}}, {"type": "Feature", "geometry": {"type": "LineString", "coordinates": [[-112.1106034684394, 33.488741128048304], [-112.1106034684394, 33.48873363615004], [-112.11057651898086, 33.48873363615004], [-112.11057651898086, 33.488741128048304], [-112.1106034684394, 33.488741128048304]]}, "properties": {"confidence": "high"}}, {"type": "Feature", "geometry": {"type": "LineString", "coordinates": [[-112.10954345640414, 33.488741128048304], [-112.10954345640414, 33.48873363615004], [-112.10952549009845, 33.48873363615004], [-112.10952549009845, 33.488741128048304], [-112.10954345640414, 33.488741128048304]]}, "properties": {"confidence": "high"}}, {"type": "Feature", "geometry": {"type": "LineString", "coordinates": [[-112.11528369106966, 33.48874861994592], [-112.11528369106966, 33.488726144251125], [-112.11527470791683, 33.488726144251125], [-112.11527470791683, 33.48874861994592], [-112.11528369106966, 33.48874861994592]]}, "properties": {"confidence": "high"}}, {"type": "Feature", "geometry": {"type": "LineString", "coordinates": [[-112.10738749972225, 33.48874861994592], [-112.10738749972225, 33.488726144251125], [-112.10737851656941, 33.488726144251125], [-112.10737851656941, 33.48874861994592], [-112.10738749972225, 33.48874861994592]]}, "properties": {"confidence": "high"}}, {"type": "Feature", "geometry": {"type": "LineString", "coordinates": [[-112.11308281862357, 33.48873363615004], [-112.11308281862357, 33.488726144251125], [-112.11307383547073, 33.488726144251125], [-112.11307383547073, 33.48873363615004], [-112.11308281862357, 33.48873363615004]]}, "properties": {"confidence": "high"}}, {"type": "Feature", "geometry": {"type": "LineString", "coordinates": [[-112.11063041789791, 33.48873363615004], [-112.11063041789791, 33.488726144251125], [-112.1106034684394, 33.488726144251125], [-112.1106034684394, 33.48873363615004], [-112.11063041789791, 33.48873363615004]]}, "properties": {"confidence": "high"}}, {"type": "Feature", "geometry": {"type": "LineString", "coordinates": [[-112.10955243955698, 33.48873363615004], [-112.10955243955698, 33.488726144251125], [-112.10954345640414, 33.488726144251125], [-112.10954345640414, 33.48873363615004], [-112.10955243955698, 33.48873363615004]]}, "properties": {"confidence": "high"}}, {"type": "Feature", "geometry": {"type": "LineString", "coordinates": [[-112.1130468860122, 33.48907826279948], [-112.1130468860122, 33.488718652351565], [-112.11303790285936, 33.488718652351565], [-112.11303790285936, 33.48907826279948], [-112.1130468860122, 33.48907826279948]]}, "properties": {"confidence": "high"}}, {"type": "Feature", "geometry": {"type": "LineString", "coordinates": [[-112.11307383547073, 33.488726144251125], [-112.11307383547073, 33.488718652351565], [-112.11306485231788, 33.488718652351565], [-112.11306485231788, 33.488726144251125], [-112.11307383547073, 33.488726144251125]]}, "properties": {"confidence": "high"}}, {"type": "Feature", "geometry": {"type": "LineString", "coordinates": [[-112.11064838420359, 33.488726144251125], [-112.11064838420359, 33.488718652351565], [-112.11063041789791, 33.488718652351565], [-112.11063041789791, 33.488726144251125], [-112.11064838420359, 33.488726144251125]]}, "properties": {"confidence": "high"}}, {"type": "Feature", "geometry": {"type": "LineString", "coordinates": [[-112.10957040586266, 33.488726144251125], [-112.10957040586266, 33.488718652351565], [-112.10955243955698, 33.488718652351565], [-112.10955243955698, 33.488726144251125], [-112.10957040586266, 33.488726144251125]]}, "properties": {"confidence": "high"}}, {"type": "Feature", "geometry": {"type": "LineString", "coordinates": [[-112.10737851656941, 33.488726144251125], [-112.10737851656941, 33.488718652351565], [-112.10736953341656, 33.488718652351565], [-112.10736953341656, 33.488726144251125], [-112.10737851656941, 33.488726144251125]]}, "properties": {"confidence": "high"}}, {"type": "Feature", "geometry": {"type": "LineString", "coordinates": [[-112.11067533366212, 33.488718652351565], [-112.11067533366212, 33.48871116045135], [-112.11064838420359, 33.48871116045135], [-112.11064838420359, 33.488718652351565], [-112.11067533366212, 33.488718652351565]]}, "properties": {"confidence": "high"}}, {"type": "Feature", "geometry": {"type": "LineString", "coordinates": [[-112.10958837216835, 33.488718652351565], [-112.10958837216835, 33.48871116045135], [-112.10957040586266, 33.48871116045135], [-112.10957040586266, 33.488718652351565], [-112.10958837216835, 33.488718652351565]]}, "properties": {"confidence": "high"}}, {"type": "Feature", "geometry": {"type": "LineString", "coordinates": [[-112.1106932999678, 33.48871116045135], [-112.1106932999678, 33.48870366855049], [-112.11067533366212, 33.48870366855049], [-112.11067533366212, 33.48871116045135], [-112.1106932999678, 33.48871116045135]]}, "properties": {"confidence": "high"}}, {"type": "Feature", "geometry": {"type": "LineString", "coordinates": [[-112.10961532162686, 33.48871116045135], [-112.10961532162686, 33.48870366855049], [-112.10958837216835, 33.48870366855049], [-112.10958837216835, 33.48871116045135], [-112.10961532162686, 33.48871116045135]]}, "properties": {"confidence": "high"}}, {"type": "Feature", "geometry": {"type": "LineString", "coordinates": [[-112.10665088118927, 33.48871116045135], [-112.10665088118927, 33.48870366855049], [-112.10663291488358, 33.48870366855049], [-112.10663291488358, 33.48871116045135], [-112.10665088118927, 33.48871116045135]]}, "properties": {"confidence": "high"}}, {"type": "Feature", "geometry": {"type": "LineString", "coordinates": [[-112.1152926742225, 33.488726144251125], [-112.1152926742225, 33.488696176648986], [-112.11528369106966, 33.488696176648986], [-112.11528369106966, 33.488726144251125], [-112.1152926742225, 33.488726144251125]]}, "properties": {"confidence": "high"}}, {"type": "Feature", "geometry": {"type": "LineString", "coordinates": [[-112.11072024942634, 33.48870366855049], [-112.11072024942634, 33.488696176648986], [-112.1106932999678, 33.488696176648986], [-112.1106932999678, 33.48870366855049], [-112.11072024942634, 33.48870366855049]]}, "properties": {"confidence": "high"}}, {"type": "Feature", "geometry": {"type": "LineString", "coordinates": [[-112.10963328793255, 33.48870366855049], [-112.10963328793255, 33.488696176648986], [-112.10961532162686, 33.488696176648986], [-112.10961532162686, 33.48870366855049], [-112.10963328793255, 33.48870366855049]]}, "properties": {"confidence": "high"}}, {"type": "Feature", "geometry": {"type": "LineString", "coordinates": [[-112.107288685041, 33.48870366855049], [-112.107288685041, 33.488696176648986], [-112.10665088118927, 33.488696176648986], [-112.10665088118927, 33.48870366855049], [-112.107288685041, 33.48870366855049]]}, "properties": {"confidence": "high"}}, {"type": "Feature", "geometry": {"type": "LineString", "coordinates": [[-112.11131313751385, 33.48874861994592], [-112.11131313751385, 33.488688684746826], [-112.11130415436101, 33.488688684746826], [-112.11130415436101, 33.48874861994592], [-112.11131313751385, 33.48874861994592]]}, "properties": {"confidence": "high"}}, {"type": "Feature", "geometry": {"type": "LineString", "coordinates": [[-112.11074719888485, 33.488696176648986], [-112.11074719888485, 33.488688684746826], [-112.11072024942634, 33.488688684746826], [-112.11072024942634, 33.488696176648986], [-112.11074719888485, 33.488696176648986]]}, "properties": {"confidence": "high"}}, {"type": "Feature", "geometry": {"type": "LineString", "coordinates": [[-112.10965125423823, 33.488696176648986], [-112.10965125423823, 33.488688684746826], [-112.10963328793255, 33.488688684746826], [-112.10963328793255, 33.488696176648986], [-112.10965125423823, 33.488696176648986]]}, "properties": {"confidence": "high"}}, {"type": "Feature", "geometry": {"type": "LineString", "coordinates": [[-112.11077414834338, 33.488688684746826], [-112.11077414834338, 33.48868119284403], [-112.11074719888485, 33.48868119284403], [-112.11074719888485, 33.488688684746826], [-112.11077414834338, 33.488688684746826]]}, "properties": {"confidence": "high"}}, {"type": "Feature", "geometry": {"type": "LineString", "coordinates": [[-112.1096692205439, 33.488688684746826], [-112.1096692205439, 33.48868119284403], [-112.10965125423823, 33.48868119284403], [-112.10965125423823, 33.488688684746826], [-112.1096692205439, 33.488688684746826]]}, "properties": {"confidence": "high"}}, {"type": "Feature", "geometry": {"type": "LineString", "coordinates": [[-112.1108010978019, 33.48868119284403], [-112.1108010978019, 33.48867370094057], [-112.11077414834338, 33.48867370094057], [-112.11077414834338, 33.48868119284403], [-112.1108010978019, 33.48868119284403]]}, "properties": {"confidence": "high"}}, {"type": "Feature", "geometry": {"type": "LineString", "coordinates": [[-112.1096871868496, 33.48868119284403], [-112.1096871868496, 33.48867370094057], [-112.1096692205439, 33.48867370094057], [-112.1096692205439, 33.48868119284403], [-112.1096871868496, 33.48868119284403]]}, "properties": {"confidence": "high"}}, {"type": "Feature", "geometry": {"type": "LineString", "coordinates": [[-112.10842056229899, 33.48880855510354], [-112.10842056229899, 33.48866620903647], [-112.10841157914615, 33.48866620903647], [-112.10841157914615, 33.48880855510354], [-112.10842056229899, 33.48880855510354]]}, "properties": {"confidence": "high"}}, {"type": "Feature", "geometry": {"type": "LineString", "coordinates": [[-112.11081906410759, 33.48867370094057], [-112.11081906410759, 33.48866620903647], [-112.1108010978019, 33.48866620903647], [-112.1108010978019, 33.48867370094057], [-112.11081906410759, 33.48867370094057]]}, "properties": {"confidence": "high"}}, {"type": "Feature", "geometry": {"type": "LineString", "coordinates": [[-112.10970515315528, 33.48867370094057], [-112.10970515315528, 33.48866620903647], [-112.1096871868496, 33.48866620903647], [-112.1096871868496, 33.48867370094057], [-112.10970515315528, 33.48867370094057]]}, "properties": {"confidence": "high"}}, {"type": "Feature", "geometry": {"type": "LineString", "coordinates": [[-112.1108639798718, 33.48866620903647], [-112.1108639798718, 33.48865871713173], [-112.11081906410759, 33.48865871713173], [-112.11081906410759, 33.48866620903647], [-112.1108639798718, 33.48866620903647]]}, "properties": {"confidence": "high"}}, {"type": "Feature", "geometry": {"type": "LineString", "coordinates": [[-112.10972311946095, 33.48866620903647], [-112.10972311946095, 33.48865871713173], [-112.10970515315528, 33.48865871713173], [-112.10970515315528, 33.48866620903647], [-112.10972311946095, 33.48866620903647]]}, "properties": {"confidence": "high"}}, {"type": "Feature", "geometry": {"type": "LineString", "coordinates": [[-112.11087296302463, 33.48865871713173], [-112.11087296302463, 33.48865122522633], [-112.1108639798718, 33.48865122522633], [-112.1108639798718, 33.48865871713173], [-112.11087296302463, 33.48865871713173]]}, "properties": {"confidence": "high"}}, {"type": "Feature", "geometry": {"type": "LineString", "coordinates": [[-112.10974108576664, 33.48865871713173], [-112.10974108576664, 33.48865122522633], [-112.10972311946095, 33.48865122522633], [-112.10972311946095, 33.48865871713173], [-112.10974108576664, 33.48865871713173]]}, "properties": {"confidence": "high"}}, {"type": "Feature", "geometry": {"type": "LineString", "coordinates": [[-112.10841157914615, 33.48866620903647], [-112.10841157914615, 33.48864373332029], [-112.1084025959933, 33.48864373332029], [-112.1084025959933, 33.48866620903647], [-112.10841157914615, 33.48866620903647]]}, "properties": {"confidence": "high"}}, {"type": "Feature", "geometry": {"type": "LineString", "coordinates": [[-112.10975905207232, 33.48865122522633], [-112.10975905207232, 33.48864373332029], [-112.10974108576664, 33.48864373332029], [-112.10974108576664, 33.48865122522633], [-112.10975905207232, 33.48865122522633]]}, "properties": {"confidence": "high"}}, {"type": "Feature", "geometry": {"type": "LineString", "coordinates": [[-112.11088194617747, 33.48865122522633], [-112.11088194617747, 33.488636241413595], [-112.11087296302463, 33.488636241413595], [-112.11087296302463, 33.48865122522633], [-112.11088194617747, 33.48865122522633]]}, "properties": {"confidence": "high"}}, {"type": "Feature", "geometry": {"type": "LineString", "coordinates": [[-112.109777018378, 33.48864373332029], [-112.109777018378, 33.488636241413595], [-112.10975905207232, 33.488636241413595], [-112.10975905207232, 33.48864373332029], [-112.109777018378, 33.48864373332029]]}, "properties": {"confidence": "high"}}, {"type": "Feature", "geometry": {"type": "LineString", "coordinates": [[-112.10788157312851, 33.48912321400047], [-112.10788157312851, 33.488628749506255], [-112.10787258997567, 33.488628749506255], [-112.10787258997567, 33.48912321400047], [-112.10788157312851, 33.48912321400047]]}, "properties": {"confidence": "high"}}, {"type": "Feature", "geometry": {"type": "LineString", "coordinates": [[-112.11177127830874, 33.488868490219666], [-112.11177127830874, 33.488628749506255], [-112.1117622951559, 33.488628749506255], [-112.1117622951559, 33.488868490219666], [-112.11177127830874, 33.488868490219666]]}, "properties": {"confidence": "high"}}, {"type": "Feature", "geometry": {"type": "LineString", "coordinates": [[-112.10979498468369, 33.488636241413595], [-112.10979498468369, 33.488628749506255], [-112.109777018378, 33.488628749506255], [-112.109777018378, 33.488636241413595], [-112.10979498468369, 33.488636241413595]]}, "properties": {"confidence": "high"}}, {"type": "Feature", "geometry": {"type": "LineString", "coordinates": [[-112.10981295098937, 33.488628749506255], [-112.10981295098937, 33.488621257598275], [-112.10979498468369, 33.488621257598275], [-112.10979498468369, 33.488628749506255], [-112.10981295098937, 33.488628749506255]]}, "properties": {"confidence": "high"}}, {"type": "Feature", "geometry": {"type": "LineString", "coordinates": [[-112.10983091729504, 33.488621257598275], [-112.10983091729504, 33.48861376568963], [-112.10981295098937, 33.48861376568963], [-112.10981295098937, 33.488621257598275], [-112.10983091729504, 33.488621257598275]]}, "properties": {"confidence": "high"}}, {"type": "Feature", "geometry": {"type": "LineString", "coordinates": [[-112.10984888360073, 33.48861376568963], [-112.10984888360073, 33.48860627378035], [-112.10983091729504, 33.48860627378035], [-112.10983091729504, 33.48861376568963], [-112.10984888360073, 33.48861376568963]]}, "properties": {"confidence": "high"}}, {"type": "Feature", "geometry": {"type": "LineString", "coordinates": [[-112.10986684990641, 33.48860627378035], [-112.10986684990641, 33.488598781870415], [-112.10984888360073, 33.488598781870415], [-112.10984888360073, 33.48860627378035], [-112.10986684990641, 33.48860627378035]]}, "properties": {"confidence": "high"}}, {"type": "Feature", "geometry": {"type": "LineString", "coordinates": [[-112.1098848162121, 33.488598781870415], [-112.1098848162121, 33.488591289959835], [-112.10986684990641, 33.488591289959835], [-112.10986684990641, 33.488598781870415], [-112.1098848162121, 33.488598781870415]]}, "properties": {"confidence": "high"}}, {"type": "Feature", "geometry": {"type": "LineString", "coordinates": [[-112.10990278251778, 33.488591289959835], [-112.10990278251778, 33.48858379804861], [-112.1098848162121, 33.48858379804861], [-112.1098848162121, 33.488591289959835], [-112.10990278251778, 33.488591289959835]]}, "properties": {"confidence": "high"}}, {"type": "Feature", "geometry": {"type": "LineString", "coordinates": [[-112.10992074882346, 33.48858379804861], [-112.10992074882346, 33.48857630613673], [-112.10990278251778, 33.48857630613673], [-112.10990278251778, 33.48858379804861], [-112.10992074882346, 33.48858379804861]]}, "properties": {"confidence": "high"}}, {"type": "Feature", "geometry": {"type": "LineString", "coordinates": [[-112.10993871512915, 33.48857630613673], [-112.10993871512915, 33.4885688142242], [-112.10992074882346, 33.4885688142242], [-112.10992074882346, 33.48857630613673], [-112.10993871512915, 33.48857630613673]]}, "properties": {"confidence": "high"}}, {"type": "Feature", "geometry": {"type": "LineString", "coordinates": [[-112.10996566458766, 33.4885688142242], [-112.10996566458766, 33.48856132231103], [-112.10993871512915, 33.48856132231103], [-112.10993871512915, 33.4885688142242], [-112.10996566458766, 33.4885688142242]]}, "properties": {"confidence": "high"}}, {"type": "Feature", "geometry": {"type": "LineString", "coordinates": [[-112.10736953341656, 33.488718652351565], [-112.10736953341656, 33.488553830397215], [-112.10736055026372, 33.488553830397215], [-112.10736055026372, 33.48870366855049], [-112.107288685041, 33.48870366855049], [-112.107288685041, 33.48871116045135], [-112.10736055026372, 33.48871116045135], [-112.10736055026372, 33.488718652351565], [-112.10736953341656, 33.488718652351565]]}, "properties": {"confidence": "high"}}, {"type": "Feature", "geometry": {"type": "LineString", "coordinates": [[-112.11089092933031, 33.488636241413595], [-112.11089092933031, 33.488553830397215], [-112.11088194617747, 33.488553830397215], [-112.11088194617747, 33.488636241413595], [-112.11089092933031, 33.488636241413595]]}, "properties": {"confidence": "high"}}, {"type": "Feature", "geometry": {"type": "LineString", "coordinates": [[-112.1099746477405, 33.48856132231103], [-112.1099746477405, 33.488553830397215], [-112.10996566458766, 33.488553830397215], [-112.10996566458766, 33.48856132231103], [-112.1099746477405, 33.48856132231103]]}, "properties": {"confidence": "high"}}, {"type": "Feature", "geometry": {"type": "LineString", "coordinates": [[-112.10999261404619, 33.488553830397215], [-112.10999261404619, 33.488546338482735], [-112.1099746477405, 33.488546338482735], [-112.1099746477405, 33.488553830397215], [-112.10999261404619, 33.488553830397215]]}, "properties": {"confidence": "high"}}, {"type": "Feature", "geometry": {"type": "LineString", "coordinates": [[-112.11001956350471, 33.488546338482735], [-112.11001956350471, 33.48853884656762], [-112.10999261404619, 33.48853884656762], [-112.10999261404619, 33.488546338482735], [-112.11001956350471, 33.488546338482735]]}, "properties": {"confidence": "high"}}, {"type": "Feature", "geometry": {"type": "LineString", "coordinates": [[-112.1100375298104, 33.48853884656762], [-112.1100375298104, 33.488531354651855], [-112.11001956350471, 33.488531354651855], [-112.11001956350471, 33.48853884656762], [-112.1100375298104, 33.48853884656762]]}, "properties": {"confidence": "high"}}, {"type": "Feature", "geometry": {"type": "LineString", "coordinates": [[-112.11005549611608, 33.488531354651855], [-112.11005549611608, 33.48852386273545], [-112.1100375298104, 33.48852386273545], [-112.1100375298104, 33.488531354651855], [-112.11005549611608, 33.488531354651855]]}, "properties": {"confidence": "high"}}, {"type": "Feature", "geometry": {"type": "LineString", "coordinates": [[-112.11007346242175, 33.48852386273545], [-112.11007346242175, 33.48851637081838], [-112.11005549611608, 33.48851637081838], [-112.11005549611608, 33.48852386273545], [-112.11007346242175, 33.48852386273545]]}, "properties": {"confidence": "high"}}, {"type": "Feature", "geometry": {"type": "LineString", "coordinates": [[-112.11009142872744, 33.48851637081838], [-112.11009142872744, 33.488508878900674], [-112.11007346242175, 33.488508878900674], [-112.11007346242175, 33.48851637081838], [-112.11009142872744, 33.48851637081838]]}, "properties": {"confidence": "high"}}, {"type": "Feature", "geometry": {"type": "LineString", "coordinates": [[-112.11011837818597, 33.488508878900674], [-112.11011837818597, 33.488501386982314], [-112.11009142872744, 33.488501386982314], [-112.11009142872744, 33.488508878900674], [-112.11011837818597, 33.488508878900674]]}, "properties": {"confidence": "high"}}, {"type": "Feature", "geometry": {"type": "LineString", "coordinates": [[-112.11013634449165, 33.488501386982314], [-112.11013634449165, 33.48849389506331], [-112.11011837818597, 33.48849389506331], [-112.11011837818597, 33.488501386982314], [-112.11013634449165, 33.488501386982314]]}, "properties": {"confidence": "high"}}, {"type": "Feature", "geometry": {"type": "LineString", "coordinates": [[-112.11015431079734, 33.48849389506331], [-112.11015431079734, 33.48848640314365], [-112.11013634449165, 33.48848640314365], [-112.11013634449165, 33.48849389506331], [-112.11015431079734, 33.48849389506331]]}, "properties": {"confidence": "high"}}, {"type": "Feature", "geometry": {"type": "LineString", "coordinates": [[-112.11017227710302, 33.48848640314365], [-112.11017227710302, 33.48847891122335], [-112.11015431079734, 33.48847891122335], [-112.11015431079734, 33.48848640314365], [-112.11017227710302, 33.48848640314365]]}, "properties": {"confidence": "high"}}, {"type": "Feature", "geometry": {"type": "LineString", "coordinates": [[-112.1101902434087, 33.48847891122335], [-112.1101902434087, 33.48847141930241], [-112.11017227710302, 33.48847141930241], [-112.11017227710302, 33.48847891122335], [-112.1101902434087, 33.48847891122335]]}, "properties": {"confidence": "high"}}, {"type": "Feature", "geometry": {"type": "LineString", "coordinates": [[-112.11019922656155, 33.48847141930241], [-112.11019922656155, 33.488463927380806], [-112.1101902434087, 33.488463927380806], [-112.1101902434087, 33.48847141930241], [-112.11019922656155, 33.48847141930241]]}, "properties": {"confidence": "high"}}, {"type": "Feature", "geometry": {"type": "LineString", "coordinates": [[-112.11021719286722, 33.488463927380806], [-112.11021719286722, 33.48845643545855], [-112.11019922656155, 33.48845643545855], [-112.11019922656155, 33.488463927380806], [-112.11021719286722, 33.488463927380806]]}, "properties": {"confidence": "high"}}, {"type": "Feature", "geometry": {"type": "LineString", "coordinates": [[-112.1102351591729, 33.48845643545855], [-112.1102351591729, 33.48844894353566], [-112.11021719286722, 33.48844894353566], [-112.11021719286722, 33.48845643545855], [-112.1102351591729, 33.48845643545855]]}, "properties": {"confidence": "high"}}, {"type": "Feature", "geometry": {"type": "LineString", "coordinates": [[-112.1102531254786, 33.48844894353566], [-112.1102531254786, 33.48844145161211], [-112.1102351591729, 33.48844145161211], [-112.1102351591729, 33.48844894353566], [-112.1102531254786, 33.48844894353566]]}, "properties": {"confidence": "high"}}, {"type": "Feature", "geometry": {"type": "LineString", "coordinates": [[-112.11027109178427, 33.48844145161211], [-112.11027109178427, 33.48843395968792], [-112.1102531254786, 33.48843395968792], [-112.1102531254786, 33.48844145161211], [-112.11027109178427, 33.48844145161211]]}, "properties": {"confidence": "high"}}, {"type": "Feature", "geometry": {"type": "LineString", "coordinates": [[-112.11028905808995, 33.48843395968792], [-112.11028905808995, 33.488426467763084], [-112.11027109178427, 33.488426467763084], [-112.11027109178427, 33.48843395968792], [-112.11028905808995, 33.48843395968792]]}, "properties": {"confidence": "high"}}, {"type": "Feature", "geometry": {"type": "LineString", "coordinates": [[-112.11031600754848, 33.488426467763084], [-112.11031600754848, 33.4884189758376], [-112.11028905808995, 33.4884189758376], [-112.11028905808995, 33.488426467763084], [-112.11031600754848, 33.488426467763084]]}, "properties": {"confidence": "high"}}, {"type": "Feature", "geometry": {"type": "LineString", "coordinates": [[-112.11033397385415, 33.4884189758376], [-112.11033397385415, 33.488411483911456], [-112.11031600754848, 33.488411483911456], [-112.11031600754848, 33.4884189758376], [-112.11033397385415, 33.4884189758376]]}, "properties": {"confidence": "high"}}, {"type": "Feature", "geometry": {"type": "LineString", "coordinates": [[-112.11089991248315, 33.488553830397215], [-112.11089991248315, 33.488403991984676], [-112.11089092933031, 33.488403991984676], [-112.11089092933031, 33.488553830397215], [-112.11089991248315, 33.488553830397215]]}, "properties": {"confidence": "high"}}, {"type": "Feature", "geometry": {"type": "LineString", "coordinates": [[-112.11035194015984, 33.488411483911456], [-112.11035194015984, 33.488403991984676], [-112.11033397385415, 33.488403991984676], [-112.11033397385415, 33.488411483911456], [-112.11035194015984, 33.488411483911456]]}, "properties": {"confidence": "high"}}, {"type": "Feature", "geometry": {"type": "LineString", "coordinates": [[-112.11037888961836, 33.488403991984676], [-112.11037888961836, 33.48839650005724], [-112.11035194015984, 33.48839650005724], [-112.11035194015984, 33.488403991984676], [-112.11037888961836, 33.488403991984676]]}, "properties": {"confidence": "high"}}, {"type": "Feature", "geometry": {"type": "LineString", "coordinates": [[-112.11039685592404, 33.48839650005724], [-112.11039685592404, 33.48838900812917], [-112.11037888961836, 33.48838900812917], [-112.11037888961836, 33.48839650005724], [-112.11039685592404, 33.48839650005724]]}, "properties": {"confidence": "high"}}, {"type": "Feature", "geometry": {"type": "LineString", "coordinates": [[-112.11040583907689, 33.48838900812917], [-112.11040583907689, 33.48838151620044], [-112.11039685592404, 33.48838151620044], [-112.11039685592404, 33.48838900812917], [-112.11040583907689, 33.48838900812917]]}, "properties": {"confidence": "high"}}, {"type": "Feature", "geometry": {"type": "LineString", "coordinates": [[-112.11041482222973, 33.48838151620044], [-112.11041482222973, 33.48837402427106], [-112.11040583907689, 33.48837402427106], [-112.11040583907689, 33.48838151620044], [-112.11041482222973, 33.48838151620044]]}, "properties": {"confidence": "high"}}, {"type": "Feature", "geometry": {"type": "LineString", "coordinates": [[-112.11178026146158, 33.488628749506255], [-112.11178026146158, 33.488359040410366], [-112.11177127830874, 33.488359040410366], [-112.11177127830874, 33.488628749506255], [-112.11178026146158, 33.488628749506255]]}, "properties": {"confidence": "high"}}, {"type": "Feature", "geometry": {"type": "LineString", "coordinates": [[-112.11042380538257, 33.48837402427106], [-112.11042380538257, 33.488359040410366], [-112.11041482222973, 33.488359040410366], [-112.11041482222973, 33.48837402427106], [-112.11042380538257, 33.48837402427106]]}, "properties": {"confidence": "high"}}, {"type": "Feature", "geometry": {"type": "LineString", "coordinates": [[-112.10930989443025, 33.48875611184289], [-112.10930989443025, 33.488351548479045], [-112.10930091127742, 33.488351548479045], [-112.10930091127742, 33.48875611184289], [-112.10930989443025, 33.48875611184289]]}, "properties": {"confidence": "high"}}, {"type": "Feature", "geometry": {"type": "LineString", "coordinates": [[-112.1104327885354, 33.488359040410366], [-112.1104327885354, 33.488351548479045], [-112.11042380538257, 33.488351548479045], [-112.11042380538257, 33.488359040410366], [-112.1104327885354, 33.488359040410366]]}, "properties": {"confidence": "high"}}, {"type": "Feature", "geometry": {"type": "LineString", "coordinates": [[-112.11044177168824, 33.488351548479045], [-112.11044177168824, 33.48833656461446], [-112.1104327885354, 33.48833656461446], [-112.1104327885354, 33.488351548479045], [-112.11044177168824, 33.488351548479045]]}, "properties": {"confidence": "high"}}, {"type": "Feature", "geometry": {"type": "LineString", "coordinates": [[-112.10842056229899, 33.48864373332029], [-112.10842056229899, 33.48832158074728], [-112.10841157914615, 33.48832158074728], [-112.10841157914615, 33.48864373332029], [-112.10842056229899, 33.48864373332029]]}, "properties": {"confidence": "high"}}, {"type": "Feature", "geometry": {"type": "LineString", "coordinates": [[-112.10941769226434, 33.488329072681196], [-112.10941769226434, 33.48832158074728], [-112.1093637933473, 33.48832158074728], [-112.1093637933473, 33.488329072681196], [-112.10941769226434, 33.488329072681196]]}, "properties": {"confidence": "high"}}, {"type": "Feature", "geometry": {"type": "LineString", "coordinates": [[-112.1104507548411, 33.48833656461446], [-112.1104507548411, 33.48831408881272], [-112.11044177168824, 33.48831408881272], [-112.11044177168824, 33.48833656461446], [-112.1104507548411, 33.48833656461446]]}, "properties": {"confidence": "high"}}, {"type": "Feature", "geometry": {"type": "LineString", "coordinates": [[-112.10931887758309, 33.488351548479045], [-112.10931887758309, 33.48833656461446], [-112.1093637933473, 33.48833656461446], [-112.1093637933473, 33.488329072681196], [-112.10931887758309, 33.488329072681196], [-112.10931887758309, 33.48831408881272], [-112.10930989443025, 33.48831408881272], [-112.10930989443025, 33.488351548479045], [-112.10931887758309, 33.488351548479045]]}, "properties": {"confidence": "high"}}, {"type": "Feature", "geometry": {"type": "LineString", "coordinates": [[-112.10947159118139, 33.48832158074728], [-112.10947159118139, 33.48831408881272], [-112.10941769226434, 33.48831408881272], [-112.10941769226434, 33.48832158074728], [-112.10947159118139, 33.48832158074728]]}, "properties": {"confidence": "high"}}, {"type": "Feature", "geometry": {"type": "LineString", "coordinates": [[-112.11306485231788, 33.488718652351565], [-112.11306485231788, 33.48871116045135], [-112.11305586916504, 33.48871116045135], [-112.11305586916504, 33.488306596877514], [-112.1130468860122, 33.488306596877514], [-112.1130468860122, 33.488718652351565], [-112.11306485231788, 33.488718652351565]]}, "properties": {"confidence": "high"}}, {"type": "Feature", "geometry": {"type": "LineString", "coordinates": [[-112.10950752379276, 33.48831408881272], [-112.10950752379276, 33.488306596877514], [-112.10947159118139, 33.488306596877514], [-112.10947159118139, 33.48831408881272], [-112.10950752379276, 33.48831408881272]]}, "properties": {"confidence": "high"}}, {"type": "Feature", "geometry": {"type": "LineString", "coordinates": [[-112.10886971994104, 33.48913819772895], [-112.10886971994104, 33.48829910494165], [-112.1088607367882, 33.48829910494165], [-112.1088607367882, 33.48913819772895], [-112.10886971994104, 33.48913819772895]]}, "properties": {"confidence": "high"}}, {"type": "Feature", "geometry": {"type": "LineString", "coordinates": [[-112.10953447325129, 33.488306596877514], [-112.10953447325129, 33.48829910494165], [-112.10950752379276, 33.48829910494165], [-112.10950752379276, 33.488306596877514], [-112.10953447325129, 33.488306596877514]]}, "properties": {"confidence": "high"}}, {"type": "Feature", "geometry": {"type": "LineString", "coordinates": [[-112.10955243955698, 33.48829910494165], [-112.10955243955698, 33.48829161300515], [-112.10953447325129, 33.48829161300515], [-112.10953447325129, 33.48829910494165], [-112.10955243955698, 33.48829910494165]]}, "properties": {"confidence": "high"}}, {"type": "Feature", "geometry": {"type": "LineString", "coordinates": [[-112.10957040586266, 33.48829161300515], [-112.10957040586266, 33.48828412106799], [-112.10955243955698, 33.48828412106799], [-112.10955243955698, 33.48829161300515], [-112.10957040586266, 33.48829161300515]]}, "properties": {"confidence": "high"}}, {"type": "Feature", "geometry": {"type": "LineString", "coordinates": [[-112.10958837216835, 33.48828412106799], [-112.10958837216835, 33.4882766291302], [-112.10957040586266, 33.4882766291302], [-112.10957040586266, 33.48828412106799], [-112.10958837216835, 33.48828412106799]]}, "properties": {"confidence": "high"}}, {"type": "Feature", "geometry": {"type": "LineString", "coordinates": [[-112.10960633847402, 33.4882766291302], [-112.10960633847402, 33.48826913719174], [-112.10958837216835, 33.48826913719174], [-112.10958837216835, 33.4882766291302], [-112.10960633847402, 33.4882766291302]]}, "properties": {"confidence": "high"}}, {"type": "Feature", "geometry": {"type": "LineString", "coordinates": [[-112.11227433486785, 33.48883852266679], [-112.11227433486785, 33.48826164525265], [-112.11226535171501, 33.48826164525265], [-112.11226535171501, 33.48883852266679], [-112.11227433486785, 33.48883852266679]]}, "properties": {"confidence": "high"}}, {"type": "Feature", "geometry": {"type": "LineString", "coordinates": [[-112.10842954545183, 33.48832158074728], [-112.10842954545183, 33.48826164525265], [-112.10842056229899, 33.48826164525265], [-112.10842056229899, 33.48832158074728], [-112.10842954545183, 33.48832158074728]]}, "properties": {"confidence": "high"}}, {"type": "Feature", "geometry": {"type": "LineString", "coordinates": [[-112.10930989443025, 33.48831408881272], [-112.10930989443025, 33.48826164525265], [-112.10930091127742, 33.48826164525265], [-112.10930091127742, 33.48831408881272], [-112.10930989443025, 33.48831408881272]]}, "properties": {"confidence": "high"}}, {"type": "Feature", "geometry": {"type": "LineString", "coordinates": [[-112.1066149485779, 33.4882766291302], [-112.1066149485779, 33.48826164525265], [-112.10660596542506, 33.48826164525265], [-112.10660596542506, 33.4882766291302], [-112.1066149485779, 33.4882766291302]]}, "properties": {"confidence": "high"}}, {"type": "Feature", "geometry": {"type": "LineString", "coordinates": [[-112.10963328793255, 33.48826913719174], [-112.10963328793255, 33.48826164525265], [-112.10960633847402, 33.48826164525265], [-112.10960633847402, 33.48826913719174], [-112.10963328793255, 33.48826913719174]]}, "properties": {"confidence": "high"}}, {"type": "Feature", "geometry": {"type": "LineString", "coordinates": [[-112.11045973799393, 33.48831408881272], [-112.11045973799393, 33.4882541533129], [-112.1104507548411, 33.4882541533129], [-112.1104507548411, 33.48831408881272], [-112.11045973799393, 33.48831408881272]]}, "properties": {"confidence": "high"}}, {"type": "Feature", "geometry": {"type": "LineString", "coordinates": [[-112.10965125423823, 33.48826164525265], [-112.10965125423823, 33.4882541533129], [-112.10963328793255, 33.4882541533129], [-112.10963328793255, 33.48826164525265], [-112.10965125423823, 33.48826164525265]]}, "properties": {"confidence": "high"}}, {"type": "Feature", "geometry": {"type": "LineString", "coordinates": [[-112.10662393173074, 33.48826164525265], [-112.10662393173074, 33.4882541533129], [-112.1066149485779, 33.4882541533129], [-112.1066149485779, 33.48826164525265], [-112.10662393173074, 33.48826164525265]]}, "properties": {"confidence": "high"}}, {"type": "Feature", "geometry": {"type": "LineString", "coordinates": [[-112.1096692205439, 33.4882541533129], [-112.1096692205439, 33.48824666137251], [-112.10965125423823, 33.48824666137251], [-112.10965125423823, 33.4882541533129], [-112.1096692205439, 33.4882541533129]]}, "properties": {"confidence": "high"}}, {"type": "Feature", "geometry": {"type": "LineString", "coordinates": [[-112.10676766217621, 33.4882541533129], [-112.10676766217621, 33.48824666137251], [-112.10662393173074, 33.48824666137251], [-112.10662393173074, 33.4882541533129], [-112.10676766217621, 33.4882541533129]]}, "properties": {"confidence": "high"}}, {"type": "Feature", "geometry": {"type": "LineString", "coordinates": [[-112.1096871868496, 33.48824666137251], [-112.1096871868496, 33.48823916943146], [-112.1096692205439, 33.48823916943146], [-112.1096692205439, 33.48824666137251], [-112.1096871868496, 33.48824666137251]]}, "properties": {"confidence": "high"}}, {"type": "Feature", "geometry": {"type": "LineString", "coordinates": [[-112.10713597144269, 33.48824666137251], [-112.10713597144269, 33.48823916943146], [-112.10710902198416, 33.48823916943146], [-112.10710902198416, 33.48824666137251], [-112.10713597144269, 33.48824666137251]]}, "properties": {"confidence": "high"}}, {"type": "Feature", "geometry": {"type": "LineString", "coordinates": [[-112.10700122415007, 33.48824666137251], [-112.10700122415007, 33.48823916943146], [-112.10676766217621, 33.48823916943146], [-112.10676766217621, 33.48824666137251], [-112.10700122415007, 33.48824666137251]]}, "properties": {"confidence": "high"}}, {"type": "Feature", "geometry": {"type": "LineString", "coordinates": [[-112.10970515315528, 33.48823916943146], [-112.10970515315528, 33.48823167748977], [-112.1096871868496, 33.48823167748977], [-112.1096871868496, 33.48823916943146], [-112.10970515315528, 33.48823916943146]]}, "properties": {"confidence": "high"}}, {"type": "Feature", "geometry": {"type": "LineString", "coordinates": [[-112.10718987035973, 33.48823916943146], [-112.10718987035973, 33.48823167748977], [-112.10713597144269, 33.48823167748977], [-112.10713597144269, 33.48823916943146], [-112.10718987035973, 33.48823916943146]]}, "properties": {"confidence": "high"}}, {"type": "Feature", "geometry": {"type": "LineString", "coordinates": [[-112.10710902198416, 33.48823916943146], [-112.10710902198416, 33.48823167748977], [-112.10700122415007, 33.48823167748977], [-112.10700122415007, 33.48823916943146], [-112.10710902198416, 33.48823916943146]]}, "properties": {"confidence": "high"}}, {"type": "Feature", "geometry": {"type": "LineString", "coordinates": [[-112.10972311946095, 33.48823167748977], [-112.10972311946095, 33.48822418554744], [-112.10970515315528, 33.48822418554744], [-112.10970515315528, 33.48823167748977], [-112.10972311946095, 33.48823167748977]]}, "properties": {"confidence": "high"}}, {"type": "Feature", "geometry": {"type": "LineString", "coordinates": [[-112.10778275844726, 33.48823167748977], [-112.10778275844726, 33.48822418554744], [-112.10773784268305, 33.48822418554744], [-112.10773784268305, 33.48823167748977], [-112.10778275844726, 33.48823167748977]]}, "properties": {"confidence": "high"}}, {"type": "Feature", "geometry": {"type": "LineString", "coordinates": [[-112.10762106169611, 33.48823167748977], [-112.10762106169611, 33.48822418554744], [-112.10749529755634, 33.48822418554744], [-112.10749529755634, 33.48823167748977], [-112.10762106169611, 33.48823167748977]]}, "properties": {"confidence": "high"}}, {"type": "Feature", "geometry": {"type": "LineString", "coordinates": [[-112.10974108576664, 33.48822418554744], [-112.10974108576664, 33.48821669360444], [-112.10972311946095, 33.48821669360444], [-112.10972311946095, 33.48822418554744], [-112.10974108576664, 33.48822418554744]]}, "properties": {"confidence": "high"}}, {"type": "Feature", "geometry": {"type": "LineString", "coordinates": [[-112.10781869105861, 33.48822418554744], [-112.10781869105861, 33.48821669360444], [-112.10778275844726, 33.48821669360444], [-112.10778275844726, 33.48822418554744], [-112.10781869105861, 33.48822418554744]]}, "properties": {"confidence": "high"}}, {"type": "Feature", "geometry": {"type": "LineString", "coordinates": [[-112.10773784268305, 33.48822418554744], [-112.10773784268305, 33.48821669360444], [-112.10762106169611, 33.48821669360444], [-112.10762106169611, 33.48822418554744], [-112.10773784268305, 33.48822418554744]]}, "properties": {"confidence": "high"}}, {"type": "Feature", "geometry": {"type": "LineString", "coordinates": [[-112.10976803522516, 33.48821669360444], [-112.10976803522516, 33.48820920166081], [-112.10974108576664, 33.48820920166081], [-112.10974108576664, 33.48821669360444], [-112.10976803522516, 33.48821669360444]]}, "properties": {"confidence": "high"}}, {"type": "Feature", "geometry": {"type": "LineString", "coordinates": [[-112.10978600153085, 33.48820920166081], [-112.10978600153085, 33.48820170971653], [-112.10976803522516, 33.48820170971653], [-112.10976803522516, 33.48820920166081], [-112.10978600153085, 33.48820920166081]]}, "properties": {"confidence": "high"}}, {"type": "Feature", "geometry": {"type": "LineString", "coordinates": [[-112.10980396783653, 33.48820170971653], [-112.10980396783653, 33.48819421777159], [-112.10978600153085, 33.48819421777159], [-112.10978600153085, 33.48820170971653], [-112.10980396783653, 33.48820170971653]]}, "properties": {"confidence": "high"}}, {"type": "Feature", "geometry": {"type": "LineString", "coordinates": [[-112.1098219341422, 33.48819421777159], [-112.1098219341422, 33.48818672582601], [-112.10980396783653, 33.48818672582601], [-112.10980396783653, 33.48819421777159], [-112.1098219341422, 33.48819421777159]]}, "properties": {"confidence": "high"}}, {"type": "Feature", "geometry": {"type": "LineString", "coordinates": [[-112.10983091729504, 33.48818672582601], [-112.10983091729504, 33.48817923387979], [-112.1098219341422, 33.48817923387979], [-112.1098219341422, 33.48818672582601], [-112.10983091729504, 33.48818672582601]]}, "properties": {"confidence": "high"}}, {"type": "Feature", "geometry": {"type": "LineString", "coordinates": [[-112.10984888360073, 33.48817923387979], [-112.10984888360073, 33.48817174193291], [-112.10983091729504, 33.48817174193291], [-112.10983091729504, 33.48817923387979], [-112.10984888360073, 33.48817923387979]]}, "properties": {"confidence": "high"}}, {"type": "Feature", "geometry": {"type": "LineString", "coordinates": [[-112.10985786675357, 33.48817174193291], [-112.10985786675357, 33.48816424998539], [-112.10984888360073, 33.48816424998539], [-112.10984888360073, 33.48817174193291], [-112.10985786675357, 33.48817174193291]]}, "properties": {"confidence": "high"}}, {"type": "Feature", "geometry": {"type": "LineString", "coordinates": [[-112.11001956350471, 33.48816424998539], [-112.11001956350471, 33.48815675803721], [-112.10996566458766, 33.48815675803721], [-112.10996566458766, 33.48816424998539], [-112.11001956350471, 33.48816424998539]]}, "properties": {"confidence": "high"}}, {"type": "Feature", "geometry": {"type": "LineString", "coordinates": [[-112.10987583305925, 33.48816424998539], [-112.10987583305925, 33.48815675803721], [-112.10985786675357, 33.48815675803721], [-112.10985786675357, 33.48816424998539], [-112.10987583305925, 33.48816424998539]]}, "properties": {"confidence": "high"}}, {"type": "Feature", "geometry": {"type": "LineString", "coordinates": [[-112.1100375298104, 33.48815675803721], [-112.1100375298104, 33.4881492660884], [-112.11001956350471, 33.4881492660884], [-112.11001956350471, 33.48815675803721], [-112.1100375298104, 33.48815675803721]]}, "properties": {"confidence": "high"}}, {"type": "Feature", "geometry": {"type": "LineString", "coordinates": [[-112.10887870309388, 33.48829910494165], [-112.10887870309388, 33.48809682242852], [-112.10886971994104, 33.48809682242852], [-112.10886971994104, 33.48829910494165], [-112.10887870309388, 33.48829910494165]]}, "properties": {"confidence": "high"}}, {"type": "Feature", "geometry": {"type": "LineString", "coordinates": [[-112.10842056229899, 33.48826164525265], [-112.10842056229899, 33.48807434656456], [-112.10841157914615, 33.48807434656456], [-112.10841157914615, 33.48826164525265], [-112.10842056229899, 33.48826164525265]]}, "properties": {"confidence": "high"}}, {"type": "Feature", "geometry": {"type": "LineString", "coordinates": [[-112.11226535171501, 33.48826164525265], [-112.11226535171501, 33.48801441089882], [-112.11225636856217, 33.48801441089882], [-112.11225636856217, 33.48826164525265], [-112.11226535171501, 33.48826164525265]]}, "properties": {"confidence": "high"}}, {"type": "Feature", "geometry": {"type": "LineString", "coordinates": [[-112.11089092933031, 33.488403991984676], [-112.11089092933031, 33.488006918937685], [-112.11088194617747, 33.488006918937685], [-112.11088194617747, 33.488403991984676], [-112.11089092933031, 33.488403991984676]]}, "properties": {"confidence": "high"}}, {"type": "Feature", "geometry": {"type": "LineString", "coordinates": [[-112.10931887758309, 33.48826164525265], [-112.10931887758309, 33.487999426975904], [-112.10930989443025, 33.487999426975904], [-112.10930989443025, 33.48826164525265], [-112.10931887758309, 33.48826164525265]]}, "properties": {"confidence": "high"}}, {"type": "Feature", "geometry": {"type": "LineString", "coordinates": [[-112.10886971994104, 33.48809682242852], [-112.10886971994104, 33.48799193501347], [-112.1088607367882, 33.48799193501347], [-112.1088607367882, 33.48809682242852], [-112.10886971994104, 33.48809682242852]]}, "properties": {"confidence": "high"}}, {"type": "Feature", "geometry": {"type": "LineString", "coordinates": [[-112.11132212066669, 33.488688684746826], [-112.11132212066669, 33.48796945912229], [-112.11131313751385, 33.48796945912229], [-112.11131313751385, 33.488688684746826], [-112.11132212066669, 33.488688684746826]]}, "properties": {"confidence": "high"}}, {"type": "Feature", "geometry": {"type": "LineString", "coordinates": [[-112.10932786073595, 33.487999426975904], [-112.10932786073595, 33.487931999290694], [-112.10931887758309, 33.487931999290694], [-112.10931887758309, 33.487999426975904], [-112.10932786073595, 33.487999426975904]]}, "properties": {"confidence": "high"}}, {"type": "Feature", "geometry": {"type": "LineString", "coordinates": [[-112.11306485231788, 33.488306596877514], [-112.11306485231788, 33.48790952338396], [-112.11305586916504, 33.48790952338396], [-112.11305586916504, 33.488306596877514], [-112.11306485231788, 33.488306596877514]]}, "properties": {"confidence": "high"}}, {"type": "Feature", "geometry": {"type": "LineString", "coordinates": [[-112.10996566458766, 33.48815675803721], [-112.10996566458766, 33.4881492660884], [-112.10990278251778, 33.4881492660884], [-112.10990278251778, 33.48790952338396], [-112.10989379936494, 33.48790952338396], [-112.10989379936494, 33.4881492660884], [-112.10987583305925, 33.4881492660884], [-112.10987583305925, 33.48815675803721], [-112.10996566458766, 33.48815675803721]]}, "properties": {"confidence": "high"}}, {"type": "Feature", "geometry": {"type": "LineString", "coordinates": [[-112.10842954545183, 33.48807434656456], [-112.10842954545183, 33.48787206352644], [-112.10842056229899, 33.48787206352644], [-112.10842056229899, 33.48807434656456], [-112.10842954545183, 33.48807434656456]]}, "properties": {"confidence": "high"}}, {"type": "Feature", "geometry": {"type": "LineString", "coordinates": [[-112.10931887758309, 33.487931999290694], [-112.10931887758309, 33.48786457155299], [-112.10930989443025, 33.48786457155299], [-112.10930989443025, 33.487931999290694], [-112.10931887758309, 33.487931999290694]]}, "properties": {"confidence": "high"}}, {"type": "Feature", "geometry": {"type": "LineString", "coordinates": [[-112.10789055628136, 33.488628749506255], [-112.10789055628136, 33.487857079578895], [-112.10788157312851, 33.487857079578895], [-112.10788157312851, 33.48821669360444], [-112.10782767421145, 33.48821669360444], [-112.10782767421145, 33.48822418554744], [-112.10788157312851, 33.48822418554744], [-112.10788157312851, 33.488628749506255], [-112.10789055628136, 33.488628749506255]]}, "properties": {"confidence": "high"}}, {"type": "Feature", "geometry": {"type": "LineString", "coordinates": [[-112.10932786073595, 33.48786457155299], [-112.10932786073595, 33.48784209562876], [-112.10931887758309, 33.48784209562876], [-112.10931887758309, 33.48786457155299], [-112.10932786073595, 33.48786457155299]]}, "properties": {"confidence": "high"}}, {"type": "Feature", "geometry": {"type": "LineString", "coordinates": [[-112.10989379936494, 33.48790952338396], [-112.10989379936494, 33.487834603652715], [-112.1098848162121, 33.487834603652715], [-112.1098848162121, 33.48790952338396], [-112.10989379936494, 33.48790952338396]]}, "properties": {"confidence": "high"}}, {"type": "Feature", "geometry": {"type": "LineString", "coordinates": [[-112.1104507548411, 33.4882541533129], [-112.1104507548411, 33.487827111676026], [-112.11044177168824, 33.487827111676026], [-112.11044177168824, 33.4882541533129], [-112.1104507548411, 33.4882541533129]]}, "properties": {"confidence": "high"}}, {"type": "Feature", "geometry": {"type": "LineString", "coordinates": [[-112.10842056229899, 33.48787206352644], [-112.10842056229899, 33.487827111676026], [-112.10841157914615, 33.487827111676026], [-112.10841157914615, 33.48787206352644], [-112.10842056229899, 33.48787206352644]]}, "properties": {"confidence": "high"}}, {"type": "Feature", "geometry": {"type": "LineString", "coordinates": [[-112.10788157312851, 33.487857079578895], [-112.10788157312851, 33.487827111676026], [-112.10787258997567, 33.487827111676026], [-112.10787258997567, 33.487857079578895], [-112.10788157312851, 33.487857079578895]]}, "properties": {"confidence": "high"}}, {"type": "Feature", "geometry": {"type": "LineString", "coordinates": [[-112.10736055026372, 33.488553830397215], [-112.10736055026372, 33.4878196196987], [-112.10735156711088, 33.4878196196987], [-112.10735156711088, 33.48822418554744], [-112.10718987035973, 33.48822418554744], [-112.10718987035973, 33.48823167748977], [-112.10735156711088, 33.48823167748977], [-112.10735156711088, 33.488553830397215], [-112.10736055026372, 33.488553830397215]]}, "properties": {"confidence": "high"}}, {"type": "Feature", "geometry": {"type": "LineString", "coordinates": [[-112.10887870309388, 33.48799193501347], [-112.10887870309388, 33.4878196196987], [-112.10886971994104, 33.4878196196987], [-112.10886971994104, 33.48799193501347], [-112.10887870309388, 33.48799193501347]]}, "properties": {"confidence": "high"}}, {"type": "Feature", "geometry": {"type": "LineString", "coordinates": [[-112.1098848162121, 33.487834603652715], [-112.1098848162121, 33.4878196196987], [-112.10987583305925, 33.4878196196987], [-112.10987583305925, 33.487834603652715], [-112.1098848162121, 33.487834603652715]]}, "properties": {"confidence": "high"}}, {"type": "Feature", "geometry": {"type": "LineString", "coordinates": [[-112.10787258997567, 33.487827111676026], [-112.10787258997567, 33.4878196196987], [-112.10786360682283, 33.4878196196987], [-112.10786360682283, 33.487827111676026], [-112.10787258997567, 33.487827111676026]]}, "properties": {"confidence": "high"}}, {"type": "Feature", "geometry": {"type": "LineString", "coordinates": [[-112.1066149485779, 33.48781212772071], [-112.1066149485779, 33.48780463574207], [-112.10660596542506, 33.48780463574207], [-112.10660596542506, 33.48781212772071], [-112.1066149485779, 33.48781212772071]]}, "properties": {"confidence": "high"}}, {"type": "Feature", "geometry": {"type": "LineString", "coordinates": [[-112.10987583305925, 33.4878196196987], [-112.10987583305925, 33.4877971437628], [-112.10986684990641, 33.4877971437628], [-112.10986684990641, 33.4878196196987], [-112.10987583305925, 33.4878196196987]]}, "properties": {"confidence": "high"}}, {"type": "Feature", "geometry": {"type": "LineString", "coordinates": [[-112.10786360682283, 33.4878196196987], [-112.10786360682283, 33.4877971437628], [-112.10766597746031, 33.4877971437628], [-112.10766597746031, 33.48780463574207], [-112.10785462367, 33.48780463574207], [-112.10785462367, 33.4878196196987], [-112.10786360682283, 33.4878196196987]]}, "properties": {"confidence": "high"}}, {"type": "Feature", "geometry": {"type": "LineString", "coordinates": [[-112.10662393173074, 33.48780463574207], [-112.10662393173074, 33.4877971437628], [-112.1066149485779, 33.4877971437628], [-112.1066149485779, 33.48780463574207], [-112.10662393173074, 33.48780463574207]]}, "properties": {"confidence": "high"}}, {"type": "Feature", "geometry": {"type": "LineString", "coordinates": [[-112.1080342867268, 33.4877971437628], [-112.1080342867268, 33.48778965178287], [-112.10786360682283, 33.48778965178287], [-112.10786360682283, 33.4877971437628], [-112.1080342867268, 33.4877971437628]]}, "properties": {"confidence": "high"}}, {"type": "Feature", "geometry": {"type": "LineString", "coordinates": [[-112.10766597746031, 33.4877971437628], [-112.10766597746031, 33.48778965178287], [-112.10758512908475, 33.48778965178287], [-112.10758512908475, 33.4877971437628], [-112.10766597746031, 33.4877971437628]]}, "properties": {"confidence": "high"}}, {"type": "Feature", "geometry": {"type": "LineString", "coordinates": [[-112.10663291488358, 33.4877971437628], [-112.10663291488358, 33.48778965178287], [-112.10662393173074, 33.48778965178287], [-112.10662393173074, 33.4877971437628], [-112.10663291488358, 33.4877971437628]]}, "properties": {"confidence": "high"}}, {"type": "Feature", "geometry": {"type": "LineString", "coordinates": [[-112.10808818564385, 33.48778965178287], [-112.10808818564385, 33.487782159802286], [-112.1080342867268, 33.487782159802286], [-112.1080342867268, 33.48778965178287], [-112.10808818564385, 33.48778965178287]]}, "properties": {"confidence": "high"}}, {"type": "Feature", "geometry": {"type": "LineString", "coordinates": [[-112.10736953341656, 33.4878196196987], [-112.10736953341656, 33.48778965178287], [-112.10758512908475, 33.48778965178287], [-112.10758512908475, 33.487782159802286], [-112.10736055026372, 33.487782159802286], [-112.10736055026372, 33.4878196196987], [-112.10736953341656, 33.4878196196987]]}, "properties": {"confidence": "high"}}, {"type": "Feature", "geometry": {"type": "LineString", "coordinates": [[-112.10664189803641, 33.48778965178287], [-112.10664189803641, 33.487782159802286], [-112.10663291488358, 33.487782159802286], [-112.10663291488358, 33.48778965178287], [-112.10664189803641, 33.48778965178287]]}, "properties": {"confidence": "high"}}, {"type": "Feature", "geometry": {"type": "LineString", "coordinates": [[-112.10824089924215, 33.487782159802286], [-112.10824089924215, 33.487774667821064], [-112.10808818564385, 33.487774667821064], [-112.10808818564385, 33.487782159802286], [-112.10824089924215, 33.487782159802286]]}, "properties": {"confidence": "high"}}, {"type": "Feature", "geometry": {"type": "LineString", "coordinates": [[-112.10736055026372, 33.487782159802286], [-112.10736055026372, 33.487774667821064], [-112.10720783666541, 33.487774667821064], [-112.10720783666541, 33.487782159802286], [-112.10736055026372, 33.487782159802286]]}, "properties": {"confidence": "high"}}, {"type": "Feature", "geometry": {"type": "LineString", "coordinates": [[-112.10713597144269, 33.487782159802286], [-112.10713597144269, 33.487774667821064], [-112.10701919045576, 33.487774667821064], [-112.10701919045576, 33.487782159802286], [-112.10713597144269, 33.487782159802286]]}, "properties": {"confidence": "high"}}, {"type": "Feature", "geometry": {"type": "LineString", "coordinates": [[-112.10665088118927, 33.487782159802286], [-112.10665088118927, 33.487774667821064], [-112.10664189803641, 33.487774667821064], [-112.10664189803641, 33.487782159802286], [-112.10665088118927, 33.487782159802286]]}, "properties": {"confidence": "high"}}, {"type": "Feature", "geometry": {"type": "LineString", "coordinates": [[-112.11530165737534, 33.488696176648986], [-112.11530165737534, 33.48776717583919], [-112.1152926742225, 33.48776717583919], [-112.1152926742225, 33.488696176648986], [-112.11530165737534, 33.488696176648986]]}, "properties": {"confidence": "high"}}, {"type": "Feature", "geometry": {"type": "LineString", "coordinates": [[-112.10886971994104, 33.4878196196987], [-112.10886971994104, 33.48776717583919], [-112.10885175363535, 33.48776717583919], [-112.10885175363535, 33.487774667821064], [-112.1088607367882, 33.487774667821064], [-112.1088607367882, 33.4878196196987], [-112.10886971994104, 33.4878196196987]]}, "properties": {"confidence": "high"}}, {"type": "Feature", "geometry": {"type": "LineString", "coordinates": [[-112.10931887758309, 33.48784209562876], [-112.10931887758309, 33.487774667821064], [-112.10932786073595, 33.487774667821064], [-112.10932786073595, 33.48776717583919], [-112.10926497866605, 33.48776717583919], [-112.10926497866605, 33.487774667821064], [-112.10930989443025, 33.487774667821064], [-112.10930989443025, 33.48784209562876], [-112.10931887758309, 33.48784209562876]]}, "properties": {"confidence": "high"}}, {"type": "Feature", "geometry": {"type": "LineString", "coordinates": [[-112.10865412427286, 33.487774667821064], [-112.10865412427286, 33.48776717583919], [-112.10857327589729, 33.48776717583919], [-112.10857327589729, 33.487774667821064], [-112.10865412427286, 33.487774667821064]]}, "properties": {"confidence": "high"}}, {"type": "Feature", "geometry": {"type": "LineString", "coordinates": [[-112.10839361284044, 33.487774667821064], [-112.10839361284044, 33.48776717583919], [-112.10824089924215, 33.48776717583919], [-112.10824089924215, 33.487774667821064], [-112.10839361284044, 33.487774667821064]]}, "properties": {"confidence": "high"}}, {"type": "Feature", "geometry": {"type": "LineString", "coordinates": [[-112.10720783666541, 33.487774667821064], [-112.10720783666541, 33.48776717583919], [-112.10713597144269, 33.48776717583919], [-112.10713597144269, 33.487774667821064], [-112.10720783666541, 33.487774667821064]]}, "properties": {"confidence": "high"}}, {"type": "Feature", "geometry": {"type": "LineString", "coordinates": [[-112.10701919045576, 33.487774667821064], [-112.10701919045576, 33.48776717583919], [-112.106722746412, 33.48776717583919], [-112.106722746412, 33.487774667821064], [-112.10701919045576, 33.487774667821064]]}, "properties": {"confidence": "high"}}, {"type": "Feature", "geometry": {"type": "LineString", "coordinates": [[-112.10667783064778, 33.487774667821064], [-112.10667783064778, 33.48776717583919], [-112.10665088118927, 33.48776717583919], [-112.10665088118927, 33.487774667821064], [-112.10667783064778, 33.487774667821064]]}, "properties": {"confidence": "high"}}, {"type": "Feature", "geometry": {"type": "LineString", "coordinates": [[-112.10986684990641, 33.4877971437628], [-112.10986684990641, 33.487759683856666], [-112.10984888360073, 33.487759683856666], [-112.10984888360073, 33.48776717583919], [-112.10985786675357, 33.48776717583919], [-112.10985786675357, 33.4877971437628], [-112.10986684990641, 33.4877971437628]]}, "properties": {"confidence": "high"}}, {"type": "Feature", "geometry": {"type": "LineString", "coordinates": [[-112.10953447325129, 33.48776717583919], [-112.10953447325129, 33.487759683856666], [-112.10932786073595, 33.487759683856666], [-112.10932786073595, 33.48776717583919], [-112.10953447325129, 33.48776717583919]]}, "properties": {"confidence": "high"}}, {"type": "Feature", "geometry": {"type": "LineString", "coordinates": [[-112.10926497866605, 33.48776717583919], [-112.10926497866605, 33.487759683856666], [-112.10886971994104, 33.487759683856666], [-112.10886971994104, 33.48776717583919], [-112.10926497866605, 33.48776717583919]]}, "properties": {"confidence": "high"}}, {"type": "Feature", "geometry": {"type": "LineString", "coordinates": [[-112.10885175363535, 33.48776717583919], [-112.10885175363535, 33.487759683856666], [-112.10865412427286, 33.487759683856666], [-112.10865412427286, 33.48776717583919], [-112.10885175363535, 33.48776717583919]]}, "properties": {"confidence": "high"}}, {"type": "Feature", "geometry": {"type": "LineString", "coordinates": [[-112.10857327589729, 33.48776717583919], [-112.10857327589729, 33.487759683856666], [-112.1084654780632, 33.487759683856666], [-112.1084654780632, 33.48776717583919], [-112.10857327589729, 33.48776717583919]]}, "properties": {"confidence": "high"}}, {"type": "Feature", "geometry": {"type": "LineString", "coordinates": [[-112.10841157914615, 33.487827111676026], [-112.10841157914615, 33.48776717583919], [-112.10842954545183, 33.48776717583919], [-112.10842954545183, 33.487759683856666], [-112.10839361284044, 33.487759683856666], [-112.10839361284044, 33.48776717583919], [-112.1084025959933, 33.48776717583919], [-112.1084025959933, 33.487827111676026], [-112.10841157914615, 33.487827111676026]]}, "properties": {"confidence": "high"}}, {"type": "Feature", "geometry": {"type": "LineString", "coordinates": [[-112.106722746412, 33.48776717583919], [-112.106722746412, 33.487759683856666], [-112.10667783064778, 33.487759683856666], [-112.10667783064778, 33.48776717583919], [-112.106722746412, 33.48776717583919]]}, "properties": {"confidence": "high"}}, {"type": "Feature", "geometry": {"type": "LineString", "coordinates": [[-112.11012736133881, 33.487759683856666], [-112.11012736133881, 33.4877521918735], [-112.10986684990641, 33.4877521918735], [-112.10986684990641, 33.487759683856666], [-112.11012736133881, 33.487759683856666]]}, "properties": {"confidence": "high"}}, {"type": "Feature", "geometry": {"type": "LineString", "coordinates": [[-112.10984888360073, 33.487759683856666], [-112.10984888360073, 33.4877521918735], [-112.10953447325129, 33.4877521918735], [-112.10953447325129, 33.487759683856666], [-112.10984888360073, 33.487759683856666]]}, "properties": {"confidence": "high"}}, {"type": "Feature", "geometry": {"type": "LineString", "coordinates": [[-112.11045973799393, 33.487827111676026], [-112.11045973799393, 33.4877521918735], [-112.11054956952233, 33.4877521918735], [-112.11054956952233, 33.487744699889674], [-112.11012736133881, 33.487744699889674], [-112.11012736133881, 33.4877521918735], [-112.1104507548411, 33.4877521918735], [-112.1104507548411, 33.487827111676026], [-112.11045973799393, 33.487827111676026]]}, "properties": {"confidence": "high"}}, {"type": "Feature", "geometry": {"type": "LineString", "coordinates": [[-112.11421469588156, 33.487744699889674], [-112.11421469588156, 33.487737207905205], [-112.11415181381167, 33.487737207905205], [-112.11415181381167, 33.487744699889674], [-112.11421469588156, 33.487744699889674]]}, "properties": {"confidence": "high"}}, {"type": "Feature", "geometry": {"type": "LineString", "coordinates": [[-112.11383740346223, 33.487744699889674], [-112.11383740346223, 33.487737207905205], [-112.11356790887699, 33.487737207905205], [-112.11356790887699, 33.487744699889674], [-112.11383740346223, 33.487744699889674]]}, "properties": {"confidence": "high"}}, {"type": "Feature", "geometry": {"type": "LineString", "coordinates": [[-112.11227433486785, 33.48801441089882], [-112.11227433486785, 33.487744699889674], [-112.11274145881559, 33.487744699889674], [-112.11274145881559, 33.487737207905205], [-112.11186110983716, 33.487737207905205], [-112.11186110983716, 33.487744699889674], [-112.11226535171501, 33.487744699889674], [-112.11226535171501, 33.48801441089882], [-112.11227433486785, 33.48801441089882]]}, "properties": {"confidence": "high"}}, {"type": "Feature", "geometry": {"type": "LineString", "coordinates": [[-112.11133110381954, 33.48796945912229], [-112.11133110381954, 33.487744699889674], [-112.11137601958374, 33.487744699889674], [-112.11137601958374, 33.487737207905205], [-112.11111550815134, 33.487737207905205], [-112.11111550815134, 33.487744699889674], [-112.11132212066669, 33.487744699889674], [-112.11132212066669, 33.48796945912229], [-112.11133110381954, 33.48796945912229]]}, "properties": {"confidence": "high"}}, {"type": "Feature", "geometry": {"type": "LineString", "coordinates": [[-112.11305586916504, 33.48790952338396], [-112.11305586916504, 33.48772971592009], [-112.11274145881559, 33.48772971592009], [-112.11274145881559, 33.487737207905205], [-112.1130468860122, 33.487737207905205], [-112.1130468860122, 33.48790952338396], [-112.11305586916504, 33.48790952338396]]}, "properties": {"confidence": "high"}}, {"type": "Feature", "geometry": {"type": "LineString", "coordinates": [[-112.11439435893837, 33.487737207905205], [-112.11439435893837, 33.48772971592009], [-112.11421469588156, 33.48772971592009], [-112.11421469588156, 33.487737207905205], [-112.11439435893837, 33.487737207905205]]}, "properties": {"confidence": "high"}}, {"type": "Feature", "geometry": {"type": "LineString", "coordinates": [[-112.11415181381167, 33.487737207905205], [-112.11415181381167, 33.48772971592009], [-112.11391825183779, 33.48772971592009], [-112.11391825183779, 33.487737207905205], [-112.11415181381167, 33.487737207905205]]}, "properties": {"confidence": "high"}}, {"type": "Feature", "geometry": {"type": "LineString", "coordinates": [[-112.11387333607358, 33.487737207905205], [-112.11387333607358, 33.48772971592009], [-112.11383740346223, 33.48772971592009], [-112.11383740346223, 33.487737207905205], [-112.11387333607358, 33.487737207905205]]}, "properties": {"confidence": "high"}}, {"type": "Feature", "geometry": {"type": "LineString", "coordinates": [[-112.11356790887699, 33.487737207905205], [-112.11356790887699, 33.48772971592009], [-112.1133523132088, 33.48772971592009], [-112.1133523132088, 33.487737207905205], [-112.11356790887699, 33.487737207905205]]}, "properties": {"confidence": "high"}}, {"type": "Feature", "geometry": {"type": "LineString", "coordinates": [[-112.11159161525192, 33.487737207905205], [-112.11159161525192, 33.48772971592009], [-112.11137601958374, 33.48772971592009], [-112.11137601958374, 33.487737207905205], [-112.11159161525192, 33.487737207905205]]}, "properties": {"confidence": "high"}}, {"type": "Feature", "geometry": {"type": "LineString", "coordinates": [[-112.11111550815134, 33.487737207905205], [-112.11111550815134, 33.48772971592009], [-112.11105262608145, 33.48772971592009], [-112.11105262608145, 33.487737207905205], [-112.11111550815134, 33.487737207905205]]}, "properties": {"confidence": "high"}}, {"type": "Feature", "geometry": {"type": "LineString", "coordinates": [[-112.1152926742225, 33.48776717583919], [-112.1152926742225, 33.487722223934334], [-112.11528369106966, 33.487722223934334], [-112.11528369106966, 33.48776717583919], [-112.1152926742225, 33.48776717583919]]}, "properties": {"confidence": "high"}}, {"type": "Feature", "geometry": {"type": "LineString", "coordinates": [[-112.11512199431851, 33.48772971592009], [-112.11512199431851, 33.487722223934334], [-112.11439435893837, 33.487722223934334], [-112.11439435893837, 33.48772971592009], [-112.11512199431851, 33.48772971592009]]}, "properties": {"confidence": "high"}}, {"type": "Feature", "geometry": {"type": "LineString", "coordinates": [[-112.11573284871172, 33.487722223934334], [-112.11573284871172, 33.487714731947925], [-112.1152926742225, 33.487714731947925], [-112.1152926742225, 33.487722223934334], [-112.11573284871172, 33.487722223934334]]}, "properties": {"confidence": "high"}}, {"type": "Feature", "geometry": {"type": "LineString", "coordinates": [[-112.11528369106966, 33.487722223934334], [-112.11528369106966, 33.487714731947925], [-112.11512199431851, 33.487714731947925], [-112.11512199431851, 33.487722223934334], [-112.11528369106966, 33.487722223934334]]}, "properties": {"confidence": "high"}}, {"type": "Feature", "geometry": {"type": "LineString", "coordinates": [[-112.11574183186455, 33.487714731947925], [-112.11574183186455, 33.48770723996086], [-112.11573284871172, 33.48770723996086], [-112.11573284871172, 33.487714731947925], [-112.11574183186455, 33.487714731947925]]}, "properties": {"confidence": "high"}}, {"type": "Feature", "geometry": {"type": "LineString", "coordinates": [[-112.11177127830874, 33.488359040410366], [-112.11177127830874, 33.4877521918735], [-112.11186110983716, 33.4877521918735], [-112.11186110983716, 33.487744699889674], [-112.11177127830874, 33.487744699889674], [-112.11177127830874, 33.487737207905205], [-112.1117622951559, 33.487737207905205], [-112.1117622951559, 33.487692255984804], [-112.11175331200306, 33.487692255984804], [-112.11175331200306, 33.487737207905205], [-112.11159161525192, 33.487737207905205], [-112.11159161525192, 33.487744699889674], [-112.1117622951559, 33.487744699889674], [-112.1117622951559, 33.488359040410366], [-112.11177127830874, 33.488359040410366]]}, "properties": {"confidence": "high"}}, {"type": "Feature", "geometry": {"type": "LineString", "coordinates": [[-112.11088194617747, 33.488006918937685], [-112.11088194617747, 33.487744699889674], [-112.11105262608145, 33.487744699889674], [-112.11105262608145, 33.487737207905205], [-112.1105855021337, 33.487737207905205], [-112.1105855021337, 33.487677272006145], [-112.11057651898086, 33.487677272006145], [-112.11057651898086, 33.487737207905205], [-112.11054956952233, 33.487737207905205], [-112.11054956952233, 33.487744699889674], [-112.11087296302463, 33.487744699889674], [-112.11087296302463, 33.488006918937685], [-112.11088194617747, 33.488006918937685]]}, "properties": {"confidence": "high"}}, {"type": "Feature", "geometry": {"type": "LineString", "coordinates": [[-112.1084654780632, 33.487759683856666], [-112.1084654780632, 33.4877521918735], [-112.1084475117575, 33.4877521918735], [-112.1084475117575, 33.487654796033304], [-112.10843852860467, 33.487654796033304], [-112.10843852860467, 33.4877521918735], [-112.10842954545183, 33.4877521918735], [-112.10842954545183, 33.487759683856666], [-112.1084654780632, 33.487759683856666]]}, "properties": {"confidence": "high"}}, {"type": "Feature", "geometry": {"type": "LineString", "coordinates": [[-112.11391825183779, 33.48772971592009], [-112.11391825183779, 33.487722223934334], [-112.11390028553211, 33.487722223934334], [-112.11390028553211, 33.48763981204817], [-112.11389130237927, 33.48763981204817], [-112.11389130237927, 33.487722223934334], [-112.11387333607358, 33.487722223934334], [-112.11387333607358, 33.48772971592009], [-112.11391825183779, 33.48772971592009]]}, "properties": {"confidence": "high"}}, {"type": "Feature", "geometry": {"type": "LineString", "coordinates": [[-112.11175331200306, 33.487692255984804], [-112.11175331200306, 33.48763981204817], [-112.11174432885022, 33.48763981204817], [-112.11174432885022, 33.487692255984804], [-112.11175331200306, 33.487692255984804]]}, "properties": {"confidence": "high"}}, {"type": "Feature", "geometry": {"type": "LineString", "coordinates": [[-112.1133523132088, 33.48772971592009], [-112.1133523132088, 33.487722223934334], [-112.11306485231788, 33.487722223934334], [-112.11306485231788, 33.487594860077216], [-112.11305586916504, 33.487594860077216], [-112.11305586916504, 33.48772971592009], [-112.1133523132088, 33.48772971592009]]}, "properties": {"confidence": "high"}}, {"type": "Feature", "geometry": {"type": "LineString", "coordinates": [[-112.11174432885022, 33.48763981204817], [-112.11174432885022, 33.4875798760817], [-112.11173534569738, 33.4875798760817], [-112.11173534569738, 33.48763981204817], [-112.11174432885022, 33.48763981204817]]}, "properties": {"confidence": "high"}}, {"type": "Feature", "geometry": {"type": "LineString", "coordinates": [[-112.10683952739893, 33.48737759188865], [-112.10683952739893, 33.48737009987242], [-112.10663291488358, 33.48737009987242], [-112.10663291488358, 33.48737759188865], [-112.10683952739893, 33.48737759188865]]}, "properties": {"confidence": "high"}}, {"type": "Feature", "geometry": {"type": "LineString", "coordinates": [[-112.10704613991427, 33.48737009987242], [-112.10704613991427, 33.48736260785555], [-112.10683952739893, 33.48736260785555], [-112.10683952739893, 33.48737009987242], [-112.10704613991427, 33.48737009987242]]}, "properties": {"confidence": "high"}}, {"type": "Feature", "geometry": {"type": "LineString", "coordinates": [[-112.10663291488358, 33.48737009987242], [-112.10663291488358, 33.48736260785555], [-112.10662393173074, 33.48736260785555], [-112.10662393173074, 33.48737009987242], [-112.10663291488358, 33.48737009987242]]}, "properties": {"confidence": "high"}}, {"type": "Feature", "geometry": {"type": "LineString", "coordinates": [[-112.1071808872069, 33.48736260785555], [-112.1071808872069, 33.48735511583803], [-112.10704613991427, 33.48735511583803], [-112.10704613991427, 33.48736260785555], [-112.1071808872069, 33.48736260785555]]}, "properties": {"confidence": "high"}}, {"type": "Feature", "geometry": {"type": "LineString", "coordinates": [[-112.10662393173074, 33.48736260785555], [-112.10662393173074, 33.48735511583803], [-112.1066149485779, 33.48735511583803], [-112.1066149485779, 33.48736260785555], [-112.10662393173074, 33.48736260785555]]}, "properties": {"confidence": "high"}}, {"type": "Feature", "geometry": {"type": "LineString", "coordinates": [[-112.11173534569738, 33.4875798760817], [-112.11173534569738, 33.48734762381987], [-112.11172636254453, 33.48734762381987], [-112.11172636254453, 33.4875798760817], [-112.11173534569738, 33.4875798760817]]}, "properties": {"confidence": "high"}}, {"type": "Feature", "geometry": {"type": "LineString", "coordinates": [[-112.1099297319763, 33.48735511583803], [-112.1099297319763, 33.48734762381987], [-112.10964227108539, 33.48734762381987], [-112.10964227108539, 33.48735511583803], [-112.1099297319763, 33.48735511583803]]}, "properties": {"confidence": "high"}}, {"type": "Feature", "geometry": {"type": "LineString", "coordinates": [[-112.10724376927678, 33.48735511583803], [-112.10724376927678, 33.48734762381987], [-112.1071808872069, 33.48734762381987], [-112.1071808872069, 33.48735511583803], [-112.10724376927678, 33.48735511583803]]}, "properties": {"confidence": "high"}}, {"type": "Feature", "geometry": {"type": "LineString", "coordinates": [[-112.1066149485779, 33.48735511583803], [-112.1066149485779, 33.48734762381987], [-112.10660596542506, 33.48734762381987], [-112.10660596542506, 33.48735511583803], [-112.1066149485779, 33.48735511583803]]}, "properties": {"confidence": "high"}}, {"type": "Feature", "geometry": {"type": "LineString", "coordinates": [[-112.10843852860467, 33.487654796033304], [-112.10843852860467, 33.487340131801055], [-112.10842954545183, 33.487340131801055], [-112.10842954545183, 33.487654796033304], [-112.10843852860467, 33.487654796033304]]}, "properties": {"confidence": "high"}}, {"type": "Feature", "geometry": {"type": "LineString", "coordinates": [[-112.11077414834338, 33.48734762381987], [-112.11077414834338, 33.487340131801055], [-112.11065736735644, 33.487340131801055], [-112.11065736735644, 33.48734762381987], [-112.11077414834338, 33.48734762381987]]}, "properties": {"confidence": "high"}}, {"type": "Feature", "geometry": {"type": "LineString", "coordinates": [[-112.10964227108539, 33.48734762381987], [-112.10964227108539, 33.487340131801055], [-112.10946260802855, 33.487340131801055], [-112.10946260802855, 33.48734762381987], [-112.10964227108539, 33.48734762381987]]}, "properties": {"confidence": "high"}}, {"type": "Feature", "geometry": {"type": "LineString", "coordinates": [[-112.10739648287509, 33.48734762381987], [-112.10739648287509, 33.487340131801055], [-112.10724376927678, 33.487340131801055], [-112.10724376927678, 33.48734762381987], [-112.10739648287509, 33.48734762381987]]}, "properties": {"confidence": "high"}}, {"type": "Feature", "geometry": {"type": "LineString", "coordinates": [[-112.1114119521951, 33.487340131801055], [-112.1114119521951, 33.487332639781584], [-112.11111550815134, 33.487332639781584], [-112.11111550815134, 33.487340131801055], [-112.1114119521951, 33.487340131801055]]}, "properties": {"confidence": "high"}}, {"type": "Feature", "geometry": {"type": "LineString", "coordinates": [[-112.11101669347009, 33.487340131801055], [-112.11101669347009, 33.487332639781584], [-112.11077414834338, 33.487332639781584], [-112.11077414834338, 33.487340131801055], [-112.11101669347009, 33.487340131801055]]}, "properties": {"confidence": "high"}}, {"type": "Feature", "geometry": {"type": "LineString", "coordinates": [[-112.10946260802855, 33.487340131801055], [-112.10946260802855, 33.487332639781584], [-112.10932786073595, 33.487332639781584], [-112.10932786073595, 33.487340131801055], [-112.10946260802855, 33.487340131801055]]}, "properties": {"confidence": "high"}}, {"type": "Feature", "geometry": {"type": "LineString", "coordinates": [[-112.10751326386202, 33.487340131801055], [-112.10751326386202, 33.487332639781584], [-112.10739648287509, 33.487332639781584], [-112.10739648287509, 33.487340131801055], [-112.10751326386202, 33.487340131801055]]}, "properties": {"confidence": "high"}}, {"type": "Feature", "geometry": {"type": "LineString", "coordinates": [[-112.11172636254453, 33.48734762381987], [-112.11172636254453, 33.48732514776147], [-112.1114119521951, 33.48732514776147], [-112.1114119521951, 33.487332639781584], [-112.11171737939169, 33.487332639781584], [-112.11171737939169, 33.48734762381987], [-112.11172636254453, 33.48734762381987]]}, "properties": {"confidence": "high"}}, {"type": "Feature", "geometry": {"type": "LineString", "coordinates": [[-112.11111550815134, 33.487332639781584], [-112.11111550815134, 33.48732514776147], [-112.11101669347009, 33.48732514776147], [-112.11101669347009, 33.487332639781584], [-112.11111550815134, 33.487332639781584]]}, "properties": {"confidence": "high"}}, {"type": "Feature", "geometry": {"type": "LineString", "coordinates": [[-112.10932786073595, 33.487332639781584], [-112.10932786073595, 33.48732514776147], [-112.10918413029049, 33.48732514776147], [-112.10918413029049, 33.487332639781584], [-112.10932786073595, 33.487332639781584]]}, "properties": {"confidence": "high"}}, {"type": "Feature", "geometry": {"type": "LineString", "coordinates": [[-112.10770191007168, 33.487332639781584], [-112.10770191007168, 33.48732514776147], [-112.10751326386202, 33.48732514776147], [-112.10751326386202, 33.487332639781584], [-112.10770191007168, 33.487332639781584]]}, "properties": {"confidence": "high"}}, {"type": "Feature", "geometry": {"type": "LineString", "coordinates": [[-112.11459198830087, 33.48732514776147], [-112.11459198830087, 33.48731765574071], [-112.11432249371565, 33.48731765574071], [-112.11432249371565, 33.48732514776147], [-112.11459198830087, 33.48732514776147]]}, "properties": {"confidence": "high"}}, {"type": "Feature", "geometry": {"type": "LineString", "coordinates": [[-112.11405299913041, 33.48732514776147], [-112.11405299913041, 33.48731765574071], [-112.11397215075483, 33.48731765574071], [-112.11397215075483, 33.48732514776147], [-112.11405299913041, 33.48732514776147]]}, "properties": {"confidence": "high"}}, {"type": "Feature", "geometry": {"type": "LineString", "coordinates": [[-112.11390926868495, 33.48763981204817], [-112.11390926868495, 33.48732514776147], [-112.11395418444916, 33.48732514776147], [-112.11395418444916, 33.48731765574071], [-112.11390028553211, 33.48731765574071], [-112.11390028553211, 33.48763981204817], [-112.11390926868495, 33.48763981204817]]}, "properties": {"confidence": "high"}}, {"type": "Feature", "geometry": {"type": "LineString", "coordinates": [[-112.10918413029049, 33.48732514776147], [-112.10918413029049, 33.48731765574071], [-112.10892361885809, 33.48731765574071], [-112.10892361885809, 33.48732514776147], [-112.10918413029049, 33.48732514776147]]}, "properties": {"confidence": "high"}}, {"type": "Feature", "geometry": {"type": "LineString", "coordinates": [[-112.10787258997567, 33.48732514776147], [-112.10787258997567, 33.48731765574071], [-112.10770191007168, 33.48731765574071], [-112.10770191007168, 33.48732514776147], [-112.10787258997567, 33.48732514776147]]}, "properties": {"confidence": "high"}}, {"type": "Feature", "geometry": {"type": "LineString", "coordinates": [[-112.11576878132307, 33.48731765574071], [-112.11576878132307, 33.4873101637193], [-112.11459198830087, 33.4873101637193], [-112.11459198830087, 33.48731765574071], [-112.11576878132307, 33.48731765574071]]}, "properties": {"confidence": "high"}}, {"type": "Feature", "geometry": {"type": "LineString", "coordinates": [[-112.11432249371565, 33.48731765574071], [-112.11432249371565, 33.4873101637193], [-112.11405299913041, 33.4873101637193], [-112.11405299913041, 33.48731765574071], [-112.11432249371565, 33.48731765574071]]}, "properties": {"confidence": "high"}}, {"type": "Feature", "geometry": {"type": "LineString", "coordinates": [[-112.11397215075483, 33.48731765574071], [-112.11397215075483, 33.4873101637193], [-112.11395418444916, 33.4873101637193], [-112.11395418444916, 33.48731765574071], [-112.11397215075483, 33.48731765574071]]}, "properties": {"confidence": "high"}}, {"type": "Feature", "geometry": {"type": "LineString", "coordinates": [[-112.10892361885809, 33.48731765574071], [-112.10892361885809, 33.4873101637193], [-112.10873497264842, 33.4873101637193], [-112.10873497264842, 33.48731765574071], [-112.10892361885809, 33.48731765574071]]}, "properties": {"confidence": "high"}}, {"type": "Feature", "geometry": {"type": "LineString", "coordinates": [[-112.11577776447591, 33.4873101637193], [-112.11577776447591, 33.48730267169725], [-112.11576878132307, 33.48730267169725], [-112.11576878132307, 33.4873101637193], [-112.11577776447591, 33.4873101637193]]}, "properties": {"confidence": "high"}}, {"type": "Feature", "geometry": {"type": "LineString", "coordinates": [[-112.10873497264842, 33.4873101637193], [-112.10873497264842, 33.48730267169725], [-112.1086002253558, 33.48730267169725], [-112.1086002253558, 33.4873101637193], [-112.10873497264842, 33.4873101637193]]}, "properties": {"confidence": "high"}}, {"type": "Feature", "geometry": {"type": "LineString", "coordinates": [[-112.1086002253558, 33.48730267169725], [-112.1086002253558, 33.48729517967455], [-112.10856429274445, 33.48729517967455], [-112.10856429274445, 33.48730267169725], [-112.1086002253558, 33.48730267169725]]}, "properties": {"confidence": "high"}}, {"type": "Feature", "geometry": {"type": "LineString", "coordinates": [[-112.11307383547073, 33.487594860077216], [-112.11307383547073, 33.48728768765119], [-112.11306485231788, 33.48728768765119], [-112.11306485231788, 33.487594860077216], [-112.11307383547073, 33.487594860077216]]}, "properties": {"confidence": "high"}}, {"type": "Feature", "geometry": {"type": "LineString", "coordinates": [[-112.11578674762876, 33.48730267169725], [-112.11578674762876, 33.48728768765119], [-112.11577776447591, 33.48728768765119], [-112.11577776447591, 33.48730267169725], [-112.11578674762876, 33.48730267169725]]}, "properties": {"confidence": "high"}}, {"type": "Feature", "geometry": {"type": "LineString", "coordinates": [[-112.11173534569738, 33.48732514776147], [-112.11173534569738, 33.48726521157724], [-112.11172636254453, 33.48726521157724], [-112.11172636254453, 33.48732514776147], [-112.11173534569738, 33.48732514776147]]}, "properties": {"confidence": "high"}}, {"type": "Feature", "geometry": {"type": "LineString", "coordinates": [[-112.10842954545183, 33.487340131801055], [-112.10842954545183, 33.4873101637193], [-112.10856429274445, 33.4873101637193], [-112.10856429274445, 33.48730267169725], [-112.10842954545183, 33.48730267169725], [-112.10842954545183, 33.48715283112001], [-112.10842056229899, 33.48715283112001], [-112.10842056229899, 33.4873101637193], [-112.10787258997567, 33.4873101637193], [-112.10787258997567, 33.48731765574071], [-112.10842056229899, 33.48731765574071], [-112.10842056229899, 33.487340131801055], [-112.10842954545183, 33.487340131801055]]}, "properties": {"confidence": "high"}}, {"type": "Feature", "geometry": {"type": "LineString", "coordinates": [[-112.11174432885022, 33.48726521157724], [-112.11174432885022, 33.48713035501106], [-112.11173534569738, 33.48713035501106], [-112.11173534569738, 33.48726521157724], [-112.11174432885022, 33.48726521157724]]}, "properties": {"confidence": "high"}}, {"type": "Feature", "geometry": {"type": "LineString", "coordinates": [[-112.11057651898086, 33.487677272006145], [-112.11057651898086, 33.48735511583803], [-112.11065736735644, 33.48735511583803], [-112.11065736735644, 33.48734762381987], [-112.11057651898086, 33.48734762381987], [-112.11057651898086, 33.48703295847156], [-112.11056753582803, 33.48703295847156], [-112.11056753582803, 33.48735511583803], [-112.1099297319763, 33.48735511583803], [-112.1099297319763, 33.48736260785555], [-112.11056753582803, 33.48736260785555], [-112.11056753582803, 33.487677272006145], [-112.11057651898086, 33.487677272006145]]}, "properties": {"confidence": "high"}}, {"type": "Feature", "geometry": {"type": "LineString", "coordinates": [[-112.11308281862357, 33.48728768765119], [-112.11308281862357, 33.487010482331506], [-112.11307383547073, 33.487010482331506], [-112.11307383547073, 33.48728768765119], [-112.11308281862357, 33.48728768765119]]}, "properties": {"confidence": "high"}}, {"type": "Feature", "geometry": {"type": "LineString", "coordinates": [[-112.1066598643421, 33.487010482331506], [-112.1066598643421, 33.48700299028352], [-112.10664189803641, 33.48700299028352], [-112.10664189803641, 33.487010482331506], [-112.1066598643421, 33.487010482331506]]}, "properties": {"confidence": "high"}}, {"type": "Feature", "geometry": {"type": "LineString", "coordinates": [[-112.11056753582803, 33.48703295847156], [-112.11056753582803, 33.48699549823489], [-112.11055855267519, 33.48699549823489], [-112.11055855267519, 33.48700299028352], [-112.11007346242175, 33.48700299028352], [-112.11007346242175, 33.487010482331506], [-112.11055855267519, 33.487010482331506], [-112.11055855267519, 33.48703295847156], [-112.11056753582803, 33.48703295847156]]}, "properties": {"confidence": "high"}}, {"type": "Feature", "geometry": {"type": "LineString", "coordinates": [[-112.11007346242175, 33.48700299028352], [-112.11007346242175, 33.48699549823489], [-112.10986684990641, 33.48699549823489], [-112.10986684990641, 33.48700299028352], [-112.11007346242175, 33.48700299028352]]}, "properties": {"confidence": "high"}}, {"type": "Feature", "geometry": {"type": "LineString", "coordinates": [[-112.10680359478756, 33.48700299028352], [-112.10680359478756, 33.48699549823489], [-112.1066598643421, 33.48699549823489], [-112.1066598643421, 33.48700299028352], [-112.10680359478756, 33.48700299028352]]}, "properties": {"confidence": "high"}}, {"type": "Feature", "geometry": {"type": "LineString", "coordinates": [[-112.10986684990641, 33.48699549823489], [-112.10986684990641, 33.48698800618561], [-112.10978600153085, 33.48698800618561], [-112.10978600153085, 33.48699549823489], [-112.10986684990641, 33.48699549823489]]}, "properties": {"confidence": "high"}}, {"type": "Feature", "geometry": {"type": "LineString", "coordinates": [[-112.10695630838586, 33.48699549823489], [-112.10695630838586, 33.48698800618561], [-112.10680359478756, 33.48698800618561], [-112.10680359478756, 33.48699549823489], [-112.10695630838586, 33.48699549823489]]}, "properties": {"confidence": "high"}}, {"type": "Feature", "geometry": {"type": "LineString", "coordinates": [[-112.11081008095475, 33.48698800618561], [-112.11081008095475, 33.486980514135695], [-112.11072923257917, 33.486980514135695], [-112.11072923257917, 33.48698800618561], [-112.11081008095475, 33.48698800618561]]}, "properties": {"confidence": "high"}}, {"type": "Feature", "geometry": {"type": "LineString", "coordinates": [[-112.10978600153085, 33.48698800618561], [-112.10978600153085, 33.486980514135695], [-112.10972311946095, 33.486980514135695], [-112.10972311946095, 33.48698800618561], [-112.10978600153085, 33.48698800618561]]}, "properties": {"confidence": "high"}}, {"type": "Feature", "geometry": {"type": "LineString", "coordinates": [[-112.10703715676144, 33.48698800618561], [-112.10703715676144, 33.486980514135695], [-112.10695630838586, 33.486980514135695], [-112.10695630838586, 33.48698800618561], [-112.10703715676144, 33.48698800618561]]}, "properties": {"confidence": "high"}}, {"type": "Feature", "geometry": {"type": "LineString", "coordinates": [[-112.10843852860467, 33.48715283112001], [-112.10843852860467, 33.48697302208512], [-112.10842954545183, 33.48697302208512], [-112.10842954545183, 33.48715283112001], [-112.10843852860467, 33.48715283112001]]}, "properties": {"confidence": "high"}}, {"type": "Feature", "geometry": {"type": "LineString", "coordinates": [[-112.11579573078161, 33.48698800618561], [-112.11579573078161, 33.48697302208512], [-112.11578674762876, 33.48697302208512], [-112.11578674762876, 33.48698800618561], [-112.11579573078161, 33.48698800618561]]}, "properties": {"confidence": "high"}}, {"type": "Feature", "geometry": {"type": "LineString", "coordinates": [[-112.11089991248315, 33.486980514135695], [-112.11089991248315, 33.48697302208512], [-112.11081008095475, 33.48697302208512], [-112.11081008095475, 33.486980514135695], [-112.11089991248315, 33.486980514135695]]}, "properties": {"confidence": "high"}}, {"type": "Feature", "geometry": {"type": "LineString", "coordinates": [[-112.10972311946095, 33.486980514135695], [-112.10972311946095, 33.48697302208512], [-112.10963328793255, 33.48697302208512], [-112.10963328793255, 33.486980514135695], [-112.10972311946095, 33.486980514135695]]}, "properties": {"confidence": "high"}}, {"type": "Feature", "geometry": {"type": "LineString", "coordinates": [[-112.10715393774836, 33.486980514135695], [-112.10715393774836, 33.48697302208512], [-112.10703715676144, 33.48697302208512], [-112.10703715676144, 33.486980514135695], [-112.10715393774836, 33.486980514135695]]}, "properties": {"confidence": "high"}}, {"type": "Feature", "geometry": {"type": "LineString", "coordinates": [[-112.11098076085872, 33.48697302208512], [-112.11098076085872, 33.4869655300339], [-112.11089991248315, 33.4869655300339], [-112.11089991248315, 33.48697302208512], [-112.11098076085872, 33.48697302208512]]}, "properties": {"confidence": "high"}}, {"type": "Feature", "geometry": {"type": "LineString", "coordinates": [[-112.10963328793255, 33.48697302208512], [-112.10963328793255, 33.4869655300339], [-112.10954345640414, 33.4869655300339], [-112.10954345640414, 33.48697302208512], [-112.10963328793255, 33.48697302208512]]}, "properties": {"confidence": "high"}}, {"type": "Feature", "geometry": {"type": "LineString", "coordinates": [[-112.10721681981826, 33.48697302208512], [-112.10721681981826, 33.4869655300339], [-112.10715393774836, 33.4869655300339], [-112.10715393774836, 33.48697302208512], [-112.10721681981826, 33.48697302208512]]}, "properties": {"confidence": "high"}}, {"type": "Feature", "geometry": {"type": "LineString", "coordinates": [[-112.11390028553211, 33.48731765574071], [-112.11390028553211, 33.48695803798202], [-112.11389130237927, 33.48695803798202], [-112.11389130237927, 33.48731765574071], [-112.11390028553211, 33.48731765574071]]}, "properties": {"confidence": "high"}}, {"type": "Feature", "geometry": {"type": "LineString", "coordinates": [[-112.11578674762876, 33.48697302208512], [-112.11578674762876, 33.48695803798202], [-112.11577776447591, 33.48695803798202], [-112.11577776447591, 33.48697302208512], [-112.11578674762876, 33.48697302208512]]}, "properties": {"confidence": "high"}}, {"type": "Feature", "geometry": {"type": "LineString", "coordinates": [[-112.11105262608145, 33.4869655300339], [-112.11105262608145, 33.48695803798202], [-112.11098076085872, 33.48695803798202], [-112.11098076085872, 33.4869655300339], [-112.11105262608145, 33.4869655300339]]}, "properties": {"confidence": "high"}}, {"type": "Feature", "geometry": {"type": "LineString", "coordinates": [[-112.10954345640414, 33.4869655300339], [-112.10954345640414, 33.48695803798202], [-112.10946260802855, 33.48695803798202], [-112.10946260802855, 33.4869655300339], [-112.10954345640414, 33.4869655300339]]}, "properties": {"confidence": "high"}}, {"type": "Feature", "geometry": {"type": "LineString", "coordinates": [[-112.10727970188816, 33.4869655300339], [-112.10727970188816, 33.48695803798202], [-112.10721681981826, 33.48695803798202], [-112.10721681981826, 33.4869655300339], [-112.10727970188816, 33.4869655300339]]}, "properties": {"confidence": "high"}}, {"type": "Feature", "geometry": {"type": "LineString", "coordinates": [[-112.11577776447591, 33.48695803798202], [-112.11577776447591, 33.4869505459295], [-112.11576878132307, 33.4869505459295], [-112.11576878132307, 33.48695803798202], [-112.11577776447591, 33.48695803798202]]}, "properties": {"confidence": "high"}}, {"type": "Feature", "geometry": {"type": "LineString", "coordinates": [[-112.11127720490249, 33.48695803798202], [-112.11127720490249, 33.4869505459295], [-112.1112592385968, 33.4869505459295], [-112.1112592385968, 33.48695803798202], [-112.11127720490249, 33.48695803798202]]}, "properties": {"confidence": "high"}}, {"type": "Feature", "geometry": {"type": "LineString", "coordinates": [[-112.11118737337407, 33.48695803798202], [-112.11118737337407, 33.4869505459295], [-112.11105262608145, 33.4869505459295], [-112.11105262608145, 33.48695803798202], [-112.11118737337407, 33.48695803798202]]}, "properties": {"confidence": "high"}}, {"type": "Feature", "geometry": {"type": "LineString", "coordinates": [[-112.10946260802855, 33.48695803798202], [-112.10946260802855, 33.4869505459295], [-112.10939074280583, 33.4869505459295], [-112.10939074280583, 33.48695803798202], [-112.10946260802855, 33.48695803798202]]}, "properties": {"confidence": "high"}}, {"type": "Feature", "geometry": {"type": "LineString", "coordinates": [[-112.10732461765237, 33.48695803798202], [-112.10732461765237, 33.4869505459295], [-112.10727970188816, 33.4869505459295], [-112.10727970188816, 33.48695803798202], [-112.10732461765237, 33.48695803798202]]}, "properties": {"confidence": "high"}}, {"type": "Feature", "geometry": {"type": "LineString", "coordinates": [[-112.11576878132307, 33.4869505459295], [-112.11576878132307, 33.486943053876345], [-112.11575979817023, 33.486943053876345], [-112.11575979817023, 33.4869505459295], [-112.11576878132307, 33.4869505459295]]}, "properties": {"confidence": "high"}}, {"type": "Feature", "geometry": {"type": "LineString", "coordinates": [[-112.11444825785541, 33.4869505459295], [-112.11444825785541, 33.486943053876345], [-112.113963167602, 33.486943053876345], [-112.113963167602, 33.4869505459295], [-112.11444825785541, 33.4869505459295]]}, "properties": {"confidence": "high"}}, {"type": "Feature", "geometry": {"type": "LineString", "coordinates": [[-112.11130415436101, 33.4869505459295], [-112.11130415436101, 33.486943053876345], [-112.11127720490249, 33.486943053876345], [-112.11127720490249, 33.4869505459295], [-112.11130415436101, 33.4869505459295]]}, "properties": {"confidence": "high"}}, {"type": "Feature", "geometry": {"type": "LineString", "coordinates": [[-112.1112592385968, 33.4869505459295], [-112.1112592385968, 33.486943053876345], [-112.11118737337407, 33.486943053876345], [-112.11118737337407, 33.4869505459295], [-112.1112592385968, 33.4869505459295]]}, "properties": {"confidence": "high"}}, {"type": "Feature", "geometry": {"type": "LineString", "coordinates": [[-112.10939074280583, 33.4869505459295], [-112.10939074280583, 33.486943053876345], [-112.10935481019446, 33.486943053876345], [-112.10935481019446, 33.4869505459295], [-112.10939074280583, 33.4869505459295]]}, "properties": {"confidence": "high"}}, {"type": "Feature", "geometry": {"type": "LineString", "coordinates": [[-112.10740546602793, 33.4869505459295], [-112.10740546602793, 33.486943053876345], [-112.10732461765237, 33.486943053876345], [-112.10732461765237, 33.4869505459295], [-112.10740546602793, 33.4869505459295]]}, "properties": {"confidence": "high"}}, {"type": "Feature", "geometry": {"type": "LineString", "coordinates": [[-112.10842954545183, 33.48697302208512], [-112.10842954545183, 33.48693556182253], [-112.10842056229899, 33.48693556182253], [-112.10842056229899, 33.48697302208512], [-112.10842954545183, 33.48697302208512]]}, "properties": {"confidence": "high"}}, {"type": "Feature", "geometry": {"type": "LineString", "coordinates": [[-112.11575979817023, 33.486943053876345], [-112.11575979817023, 33.48693556182253], [-112.11575081501739, 33.48693556182253], [-112.11575081501739, 33.486943053876345], [-112.11575979817023, 33.486943053876345]]}, "properties": {"confidence": "high"}}, {"type": "Feature", "geometry": {"type": "LineString", "coordinates": [[-112.11556216880773, 33.486943053876345], [-112.11556216880773, 33.48693556182253], [-112.11492436495601, 33.48693556182253], [-112.11492436495601, 33.486943053876345], [-112.11556216880773, 33.486943053876345]]}, "properties": {"confidence": "high"}}, {"type": "Feature", "geometry": {"type": "LineString", "coordinates": [[-112.11486148288611, 33.486943053876345], [-112.11486148288611, 33.48693556182253], [-112.11444825785541, 33.48693556182253], [-112.11444825785541, 33.486943053876345], [-112.11486148288611, 33.486943053876345]]}, "properties": {"confidence": "high"}}, {"type": "Feature", "geometry": {"type": "LineString", "coordinates": [[-112.11131313751385, 33.486943053876345], [-112.11131313751385, 33.48693556182253], [-112.11130415436101, 33.48693556182253], [-112.11130415436101, 33.486943053876345], [-112.11131313751385, 33.486943053876345]]}, "properties": {"confidence": "high"}}, {"type": "Feature", "geometry": {"type": "LineString", "coordinates": [[-112.10935481019446, 33.486943053876345], [-112.10935481019446, 33.48693556182253], [-112.1092739618189, 33.48693556182253], [-112.1092739618189, 33.486943053876345], [-112.10935481019446, 33.486943053876345]]}, "properties": {"confidence": "high"}}, {"type": "Feature", "geometry": {"type": "LineString", "coordinates": [[-112.10750428070918, 33.486943053876345], [-112.10750428070918, 33.48693556182253], [-112.10740546602793, 33.48693556182253], [-112.10740546602793, 33.486943053876345], [-112.10750428070918, 33.486943053876345]]}, "properties": {"confidence": "high"}}, {"type": "Feature", "geometry": {"type": "LineString", "coordinates": [[-112.11072923257917, 33.48699549823489], [-112.11072923257917, 33.48698800618561], [-112.11057651898086, 33.48698800618561], [-112.11057651898086, 33.48692806976807], [-112.11056753582803, 33.48692806976807], [-112.11056753582803, 33.48699549823489], [-112.11072923257917, 33.48699549823489]]}, "properties": {"confidence": "high"}}, {"type": "Feature", "geometry": {"type": "LineString", "coordinates": [[-112.11575081501739, 33.48693556182253], [-112.11575081501739, 33.48692806976807], [-112.11556216880773, 33.48692806976807], [-112.11556216880773, 33.48693556182253], [-112.11575081501739, 33.48693556182253]]}, "properties": {"confidence": "high"}}, {"type": "Feature", "geometry": {"type": "LineString", "coordinates": [[-112.11492436495601, 33.48693556182253], [-112.11492436495601, 33.48692806976807], [-112.11486148288611, 33.48692806976807], [-112.11486148288611, 33.48693556182253], [-112.11492436495601, 33.48693556182253]]}, "properties": {"confidence": "high"}}, {"type": "Feature", "geometry": {"type": "LineString", "coordinates": [[-112.1092739618189, 33.48693556182253], [-112.1092739618189, 33.48692806976807], [-112.10918413029049, 33.48692806976807], [-112.10918413029049, 33.48693556182253], [-112.1092739618189, 33.48693556182253]]}, "properties": {"confidence": "high"}}, {"type": "Feature", "geometry": {"type": "LineString", "coordinates": [[-112.10759411223759, 33.48693556182253], [-112.10759411223759, 33.48692806976807], [-112.10750428070918, 33.48692806976807], [-112.10750428070918, 33.48693556182253], [-112.10759411223759, 33.48693556182253]]}, "properties": {"confidence": "high"}}, {"type": "Feature", "geometry": {"type": "LineString", "coordinates": [[-112.10918413029049, 33.48692806976807], [-112.10918413029049, 33.48692057771296], [-112.10910328191491, 33.48692057771296], [-112.10910328191491, 33.48692806976807], [-112.10918413029049, 33.48692806976807]]}, "properties": {"confidence": "high"}}, {"type": "Feature", "geometry": {"type": "LineString", "coordinates": [[-112.10766597746031, 33.48692806976807], [-112.10766597746031, 33.48692057771296], [-112.10759411223759, 33.48692057771296], [-112.10759411223759, 33.48692806976807], [-112.10766597746031, 33.48692806976807]]}, "properties": {"confidence": "high"}}, {"type": "Feature", "geometry": {"type": "LineString", "coordinates": [[-112.11390926868495, 33.48695803798202], [-112.11390926868495, 33.486943053876345], [-112.113963167602, 33.486943053876345], [-112.113963167602, 33.48693556182253], [-112.11390926868495, 33.48693556182253], [-112.11390926868495, 33.4869130856572], [-112.11390028553211, 33.4869130856572], [-112.11390028553211, 33.48695803798202], [-112.11390926868495, 33.48695803798202]]}, "properties": {"confidence": "high"}}, {"type": "Feature", "geometry": {"type": "LineString", "coordinates": [[-112.10910328191491, 33.48692057771296], [-112.10910328191491, 33.4869130856572], [-112.1089505683166, 33.4869130856572], [-112.1089505683166, 33.48692057771296], [-112.10910328191491, 33.48692057771296]]}, "properties": {"confidence": "high"}}, {"type": "Feature", "geometry": {"type": "LineString", "coordinates": [[-112.10775580898873, 33.48692057771296], [-112.10775580898873, 33.4869130856572], [-112.10766597746031, 33.4869130856572], [-112.10766597746031, 33.48692057771296], [-112.10775580898873, 33.48692057771296]]}, "properties": {"confidence": "high"}}, {"type": "Feature", "geometry": {"type": "LineString", "coordinates": [[-112.1089505683166, 33.4869130856572], [-112.1089505683166, 33.486905593600795], [-112.10851937698024, 33.486905593600795], [-112.10851937698024, 33.4869130856572], [-112.1089505683166, 33.4869130856572]]}, "properties": {"confidence": "high"}}, {"type": "Feature", "geometry": {"type": "LineString", "coordinates": [[-112.10813310140806, 33.4869130856572], [-112.10813310140806, 33.486905593600795], [-112.10775580898873, 33.486905593600795], [-112.10775580898873, 33.4869130856572], [-112.10813310140806, 33.4869130856572]]}, "properties": {"confidence": "high"}}, {"type": "Feature", "geometry": {"type": "LineString", "coordinates": [[-112.10851937698024, 33.486905593600795], [-112.10851937698024, 33.48689810154374], [-112.1084475117575, 33.48689810154374], [-112.1084475117575, 33.486905593600795], [-112.10851937698024, 33.486905593600795]]}, "properties": {"confidence": "high"}}, {"type": "Feature", "geometry": {"type": "LineString", "coordinates": [[-112.1082049666308, 33.486905593600795], [-112.1082049666308, 33.48689810154374], [-112.10813310140806, 33.48689810154374], [-112.10813310140806, 33.486905593600795], [-112.1082049666308, 33.486905593600795]]}, "properties": {"confidence": "high"}}, {"type": "Feature", "geometry": {"type": "LineString", "coordinates": [[-112.10843852860467, 33.48693556182253], [-112.10843852860467, 33.48689810154374], [-112.1084475117575, 33.48689810154374], [-112.1084475117575, 33.48689060948603], [-112.10843852860467, 33.48689060948603], [-112.10843852860467, 33.48683067300109], [-112.10842954545183, 33.48683067300109], [-112.10842954545183, 33.48689060948603], [-112.1082049666308, 33.48689060948603], [-112.1082049666308, 33.48689810154374], [-112.10842954545183, 33.48689810154374], [-112.10842954545183, 33.48693556182253], [-112.10843852860467, 33.48693556182253]]}, "properties": {"confidence": "high"}}, {"type": "Feature", "geometry": {"type": "LineString", "coordinates": [[-112.1105855021337, 33.48692806976807], [-112.1105855021337, 33.48674826026654], [-112.11057651898086, 33.48674826026654], [-112.11057651898086, 33.48692806976807], [-112.1105855021337, 33.48692806976807]]}, "properties": {"confidence": "high"}}, {"type": "Feature", "geometry": {"type": "LineString", "coordinates": [[-112.11175331200306, 33.48713035501106], [-112.11175331200306, 33.486695815758274], [-112.11174432885022, 33.486695815758274], [-112.11174432885022, 33.48713035501106], [-112.11175331200306, 33.48713035501106]]}, "properties": {"confidence": "high"}}, {"type": "Feature", "geometry": {"type": "LineString", "coordinates": [[-112.1122204359508, 33.486703307832826], [-112.1122204359508, 33.48668832368307], [-112.11221145279796, 33.48668832368307], [-112.11221145279796, 33.486703307832826], [-112.1122204359508, 33.486703307832826]]}, "properties": {"confidence": "high"}}, {"type": "Feature", "geometry": {"type": "LineString", "coordinates": [[-112.11222941910364, 33.48668832368307], [-112.11222941910364, 33.48667333953073], [-112.1122204359508, 33.48667333953073], [-112.1122204359508, 33.48668832368307], [-112.11222941910364, 33.48668832368307]]}, "properties": {"confidence": "high"}}, {"type": "Feature", "geometry": {"type": "LineString", "coordinates": [[-112.1122204359508, 33.48667333953073], [-112.1122204359508, 33.48665835537579], [-112.11221145279796, 33.48665835537579], [-112.11221145279796, 33.48667333953073], [-112.1122204359508, 33.48667333953073]]}, "properties": {"confidence": "high"}}, {"type": "Feature", "geometry": {"type": "LineString", "coordinates": [[-112.11057651898086, 33.48674826026654], [-112.11057651898086, 33.48665086329735], [-112.11000159719903, 33.48665086329735], [-112.11000159719903, 33.48665835537579], [-112.11056753582803, 33.48665835537579], [-112.11056753582803, 33.48674826026654], [-112.11057651898086, 33.48674826026654]]}, "properties": {"confidence": "high"}}, {"type": "Feature", "geometry": {"type": "LineString", "coordinates": [[-112.11222941910364, 33.48665835537579], [-112.11222941910364, 33.486643371218264], [-112.1122204359508, 33.486643371218264], [-112.1122204359508, 33.48665835537579], [-112.11222941910364, 33.48665835537579]]}, "properties": {"confidence": "high"}}, {"type": "Feature", "geometry": {"type": "LineString", "coordinates": [[-112.11000159719903, 33.48665086329735], [-112.11000159719903, 33.486643371218264], [-112.10990278251778, 33.486643371218264], [-112.10990278251778, 33.48665086329735], [-112.11000159719903, 33.48665086329735]]}, "properties": {"confidence": "high"}}, {"type": "Feature", "geometry": {"type": "LineString", "coordinates": [[-112.10990278251778, 33.486643371218264], [-112.10990278251778, 33.48663587913852], [-112.10981295098937, 33.48663587913852], [-112.10981295098937, 33.486643371218264], [-112.10990278251778, 33.486643371218264]]}, "properties": {"confidence": "high"}}, {"type": "Feature", "geometry": {"type": "LineString", "coordinates": [[-112.11074719888485, 33.48663587913852], [-112.11074719888485, 33.48662838705813], [-112.11063041789791, 33.48662838705813], [-112.11063041789791, 33.48663587913852], [-112.11074719888485, 33.48663587913852]]}, "properties": {"confidence": "high"}}, {"type": "Feature", "geometry": {"type": "LineString", "coordinates": [[-112.10981295098937, 33.48663587913852], [-112.10981295098937, 33.48662838705813], [-112.10976803522516, 33.48662838705813], [-112.10976803522516, 33.48663587913852], [-112.10981295098937, 33.48663587913852]]}, "properties": {"confidence": "high"}}, {"type": "Feature", "geometry": {"type": "LineString", "coordinates": [[-112.1105855021337, 33.48665086329735], [-112.1105855021337, 33.4866208949771], [-112.11057651898086, 33.4866208949771], [-112.11057651898086, 33.48665086329735], [-112.1105855021337, 33.48665086329735]]}, "properties": {"confidence": "high"}}, {"type": "Feature", "geometry": {"type": "LineString", "coordinates": [[-112.11081008095475, 33.48662838705813], [-112.11081008095475, 33.4866208949771], [-112.11074719888485, 33.4866208949771], [-112.11074719888485, 33.48662838705813], [-112.11081008095475, 33.48662838705813]]}, "properties": {"confidence": "high"}}, {"type": "Feature", "geometry": {"type": "LineString", "coordinates": [[-112.11063041789791, 33.48662838705813], [-112.11063041789791, 33.4866208949771], [-112.1106034684394, 33.4866208949771], [-112.1106034684394, 33.48662838705813], [-112.11063041789791, 33.48662838705813]]}, "properties": {"confidence": "high"}}, {"type": "Feature", "geometry": {"type": "LineString", "coordinates": [[-112.10976803522516, 33.48662838705813], [-112.10976803522516, 33.4866208949771], [-112.10966023739107, 33.4866208949771], [-112.10966023739107, 33.48662838705813], [-112.10976803522516, 33.48662838705813]]}, "properties": {"confidence": "high"}}, {"type": "Feature", "geometry": {"type": "LineString", "coordinates": [[-112.10685749370461, 33.48662838705813], [-112.10685749370461, 33.4866208949771], [-112.10667783064778, 33.4866208949771], [-112.10667783064778, 33.48662838705813], [-112.10685749370461, 33.48662838705813]]}, "properties": {"confidence": "high"}}, {"type": "Feature", "geometry": {"type": "LineString", "coordinates": [[-112.11088194617747, 33.4866208949771], [-112.11088194617747, 33.486613402895415], [-112.11081008095475, 33.486613402895415], [-112.11081008095475, 33.4866208949771], [-112.11088194617747, 33.4866208949771]]}, "properties": {"confidence": "high"}}, {"type": "Feature", "geometry": {"type": "LineString", "coordinates": [[-112.10966023739107, 33.4866208949771], [-112.10966023739107, 33.486613402895415], [-112.10959735532118, 33.486613402895415], [-112.10959735532118, 33.4866208949771], [-112.10966023739107, 33.4866208949771]]}, "properties": {"confidence": "high"}}, {"type": "Feature", "geometry": {"type": "LineString", "coordinates": [[-112.10693834208018, 33.4866208949771], [-112.10693834208018, 33.486613402895415], [-112.10685749370461, 33.486613402895415], [-112.10685749370461, 33.4866208949771], [-112.10693834208018, 33.4866208949771]]}, "properties": {"confidence": "high"}}, {"type": "Feature", "geometry": {"type": "LineString", "coordinates": [[-112.10667783064778, 33.4866208949771], [-112.10667783064778, 33.486613402895415], [-112.10664189803641, 33.486613402895415], [-112.10664189803641, 33.4866208949771], [-112.10667783064778, 33.4866208949771]]}, "properties": {"confidence": "high"}}, {"type": "Feature", "geometry": {"type": "LineString", "coordinates": [[-112.11174432885022, 33.486695815758274], [-112.11174432885022, 33.48660591081308], [-112.11173534569738, 33.48660591081308], [-112.11173534569738, 33.486695815758274], [-112.11174432885022, 33.486695815758274]]}, "properties": {"confidence": "high"}}, {"type": "Feature", "geometry": {"type": "LineString", "coordinates": [[-112.11096279455305, 33.486613402895415], [-112.11096279455305, 33.48660591081308], [-112.11088194617747, 33.48660591081308], [-112.11088194617747, 33.486613402895415], [-112.11096279455305, 33.486613402895415]]}, "properties": {"confidence": "high"}}, {"type": "Feature", "geometry": {"type": "LineString", "coordinates": [[-112.10959735532118, 33.486613402895415], [-112.10959735532118, 33.48660591081308], [-112.10955243955698, 33.48660591081308], [-112.10955243955698, 33.486613402895415], [-112.10959735532118, 33.486613402895415]]}, "properties": {"confidence": "high"}}, {"type": "Feature", "geometry": {"type": "LineString", "coordinates": [[-112.10708207252564, 33.486613402895415], [-112.10708207252564, 33.48660591081308], [-112.10693834208018, 33.48660591081308], [-112.10693834208018, 33.486613402895415], [-112.10708207252564, 33.486613402895415]]}, "properties": {"confidence": "high"}}, {"type": "Feature", "geometry": {"type": "LineString", "coordinates": [[-112.1084475117575, 33.48683067300109], [-112.1084475117575, 33.486598418730104], [-112.10843852860467, 33.486598418730104], [-112.10843852860467, 33.48683067300109], [-112.1084475117575, 33.48683067300109]]}, "properties": {"confidence": "high"}}, {"type": "Feature", "geometry": {"type": "LineString", "coordinates": [[-112.10664189803641, 33.486613402895415], [-112.10664189803641, 33.486598418730104], [-112.10663291488358, 33.486598418730104], [-112.10663291488358, 33.486613402895415], [-112.10664189803641, 33.486613402895415]]}, "properties": {"confidence": "high"}}, {"type": "Feature", "geometry": {"type": "LineString", "coordinates": [[-112.11100771031724, 33.48660591081308], [-112.11100771031724, 33.486598418730104], [-112.11096279455305, 33.486598418730104], [-112.11096279455305, 33.48660591081308], [-112.11100771031724, 33.48660591081308]]}, "properties": {"confidence": "high"}}, {"type": "Feature", "geometry": {"type": "LineString", "coordinates": [[-112.10955243955698, 33.48660591081308], [-112.10955243955698, 33.486598418730104], [-112.10949854063992, 33.486598418730104], [-112.10949854063992, 33.48660591081308], [-112.10955243955698, 33.48660591081308]]}, "properties": {"confidence": "high"}}, {"type": "Feature", "geometry": {"type": "LineString", "coordinates": [[-112.1071629209012, 33.48660591081308], [-112.1071629209012, 33.486598418730104], [-112.10708207252564, 33.486598418730104], [-112.10708207252564, 33.48660591081308], [-112.1071629209012, 33.48660591081308]]}, "properties": {"confidence": "high"}}, {"type": "Feature", "geometry": {"type": "LineString", "coordinates": [[-112.11105262608145, 33.486598418730104], [-112.11105262608145, 33.486590926646485], [-112.11100771031724, 33.486590926646485], [-112.11100771031724, 33.486598418730104], [-112.11105262608145, 33.486598418730104]]}, "properties": {"confidence": "high"}}, {"type": "Feature", "geometry": {"type": "LineString", "coordinates": [[-112.10949854063992, 33.486598418730104], [-112.10949854063992, 33.486590926646485], [-112.10943565857004, 33.486590926646485], [-112.10943565857004, 33.486598418730104], [-112.10949854063992, 33.486598418730104]]}, "properties": {"confidence": "high"}}, {"type": "Feature", "geometry": {"type": "LineString", "coordinates": [[-112.10724376927678, 33.486598418730104], [-112.10724376927678, 33.486590926646485], [-112.1071629209012, 33.486590926646485], [-112.1071629209012, 33.486598418730104], [-112.10724376927678, 33.486598418730104]]}, "properties": {"confidence": "high"}}, {"type": "Feature", "geometry": {"type": "LineString", "coordinates": [[-112.10663291488358, 33.486598418730104], [-112.10663291488358, 33.486583434562206], [-112.10662393173074, 33.486583434562206], [-112.10662393173074, 33.486598418730104], [-112.10663291488358, 33.486598418730104]]}, "properties": {"confidence": "high"}}, {"type": "Feature", "geometry": {"type": "LineString", "coordinates": [[-112.11109754184565, 33.486590926646485], [-112.11109754184565, 33.486583434562206], [-112.11105262608145, 33.486583434562206], [-112.11105262608145, 33.486590926646485], [-112.11109754184565, 33.486590926646485]]}, "properties": {"confidence": "high"}}, {"type": "Feature", "geometry": {"type": "LineString", "coordinates": [[-112.10943565857004, 33.486590926646485], [-112.10943565857004, 33.486583434562206], [-112.1093637933473, 33.486583434562206], [-112.1093637933473, 33.486590926646485], [-112.10943565857004, 33.486590926646485]]}, "properties": {"confidence": "high"}}, {"type": "Feature", "geometry": {"type": "LineString", "coordinates": [[-112.10731563449951, 33.486590926646485], [-112.10731563449951, 33.486583434562206], [-112.10724376927678, 33.486583434562206], [-112.10724376927678, 33.486590926646485], [-112.10731563449951, 33.486590926646485]]}, "properties": {"confidence": "high"}}, {"type": "Feature", "geometry": {"type": "LineString", "coordinates": [[-112.11114245760986, 33.486583434562206], [-112.11114245760986, 33.48657594247728], [-112.11109754184565, 33.48657594247728], [-112.11109754184565, 33.486583434562206], [-112.11114245760986, 33.486583434562206]]}, "properties": {"confidence": "high"}}, {"type": "Feature", "geometry": {"type": "LineString", "coordinates": [[-112.1093637933473, 33.486583434562206], [-112.1093637933473, 33.48657594247728], [-112.10931887758309, 33.48657594247728], [-112.10931887758309, 33.486583434562206], [-112.1093637933473, 33.486583434562206]]}, "properties": {"confidence": "high"}}, {"type": "Feature", "geometry": {"type": "LineString", "coordinates": [[-112.10739648287509, 33.486583434562206], [-112.10739648287509, 33.48657594247728], [-112.10731563449951, 33.48657594247728], [-112.10731563449951, 33.486583434562206], [-112.10739648287509, 33.486583434562206]]}, "properties": {"confidence": "high"}}, {"type": "Feature", "geometry": {"type": "LineString", "coordinates": [[-112.11390028553211, 33.4869130856572], [-112.11390028553211, 33.48656845039171], [-112.11389130237927, 33.48656845039171], [-112.11389130237927, 33.4869130856572], [-112.11390028553211, 33.4869130856572]]}, "properties": {"confidence": "high"}}, {"type": "Feature", "geometry": {"type": "LineString", "coordinates": [[-112.11120533967974, 33.48657594247728], [-112.11120533967974, 33.48656845039171], [-112.11114245760986, 33.48656845039171], [-112.11114245760986, 33.48657594247728], [-112.11120533967974, 33.48657594247728]]}, "properties": {"confidence": "high"}}, {"type": "Feature", "geometry": {"type": "LineString", "coordinates": [[-112.10931887758309, 33.48657594247728], [-112.10931887758309, 33.48656845039171], [-112.1092739618189, 33.48656845039171], [-112.1092739618189, 33.48657594247728], [-112.10931887758309, 33.48657594247728]]}, "properties": {"confidence": "high"}}, {"type": "Feature", "geometry": {"type": "LineString", "coordinates": [[-112.10747733125066, 33.48657594247728], [-112.10747733125066, 33.48656845039171], [-112.10739648287509, 33.48656845039171], [-112.10739648287509, 33.48657594247728], [-112.10747733125066, 33.48657594247728]]}, "properties": {"confidence": "high"}}, {"type": "Feature", "geometry": {"type": "LineString", "coordinates": [[-112.11573284871172, 33.48656845039171], [-112.11573284871172, 33.48656095830548], [-112.11561606772477, 33.48656095830548], [-112.11561606772477, 33.48656845039171], [-112.11573284871172, 33.48656845039171]]}, "properties": {"confidence": "high"}}, {"type": "Feature", "geometry": {"type": "LineString", "coordinates": [[-112.11555318565489, 33.48656845039171], [-112.11555318565489, 33.48656095830548], [-112.11522979215262, 33.48656095830548], [-112.11522979215262, 33.48656845039171], [-112.11555318565489, 33.48656845039171]]}, "properties": {"confidence": "high"}}, {"type": "Feature", "geometry": {"type": "LineString", "coordinates": [[-112.11499623017873, 33.48656845039171], [-112.11499623017873, 33.48656095830548], [-112.11487046603897, 33.48656095830548], [-112.11487046603897, 33.48656845039171], [-112.11499623017873, 33.48656845039171]]}, "properties": {"confidence": "high"}}, {"type": "Feature", "geometry": {"type": "LineString", "coordinates": [[-112.11485249973327, 33.48656845039171], [-112.11485249973327, 33.48656095830548], [-112.11473571874635, 33.48656095830548], [-112.11473571874635, 33.48656845039171], [-112.11485249973327, 33.48656845039171]]}, "properties": {"confidence": "high"}}, {"type": "Feature", "geometry": {"type": "LineString", "coordinates": [[-112.11469978613498, 33.48656845039171], [-112.11469978613498, 33.48656095830548], [-112.11414283065882, 33.48656095830548], [-112.11414283065882, 33.48656845039171], [-112.11469978613498, 33.48656845039171]]}, "properties": {"confidence": "high"}}, {"type": "Feature", "geometry": {"type": "LineString", "coordinates": [[-112.1141158812003, 33.48656845039171], [-112.1141158812003, 33.48656095830548], [-112.11390028553211, 33.48656095830548], [-112.11390028553211, 33.48656845039171], [-112.1141158812003, 33.48656845039171]]}, "properties": {"confidence": "high"}}, {"type": "Feature", "geometry": {"type": "LineString", "coordinates": [[-112.11127720490249, 33.48656845039171], [-112.11127720490249, 33.48656095830548], [-112.11120533967974, 33.48656095830548], [-112.11120533967974, 33.48656845039171], [-112.11127720490249, 33.48656845039171]]}, "properties": {"confidence": "high"}}, {"type": "Feature", "geometry": {"type": "LineString", "coordinates": [[-112.1092739618189, 33.48656845039171], [-112.1092739618189, 33.48656095830548], [-112.1092290460547, 33.48656095830548], [-112.1092290460547, 33.48656845039171], [-112.1092739618189, 33.48656845039171]]}, "properties": {"confidence": "high"}}, {"type": "Feature", "geometry": {"type": "LineString", "coordinates": [[-112.10759411223759, 33.48656845039171], [-112.10759411223759, 33.48656095830548], [-112.10747733125066, 33.48656095830548], [-112.10747733125066, 33.48656845039171], [-112.10759411223759, 33.48656845039171]]}, "properties": {"confidence": "high"}}, {"type": "Feature", "geometry": {"type": "LineString", "coordinates": [[-112.11175331200306, 33.48660591081308], [-112.11175331200306, 33.486553466218616], [-112.11174432885022, 33.486553466218616], [-112.11174432885022, 33.48660591081308], [-112.11175331200306, 33.48660591081308]]}, "properties": {"confidence": "high"}}, {"type": "Feature", "geometry": {"type": "LineString", "coordinates": [[-112.11577776447591, 33.48656095830548], [-112.11577776447591, 33.486553466218616], [-112.11573284871172, 33.486553466218616], [-112.11573284871172, 33.48656095830548], [-112.11577776447591, 33.48656095830548]]}, "properties": {"confidence": "high"}}, {"type": "Feature", "geometry": {"type": "LineString", "coordinates": [[-112.11561606772477, 33.48656095830548], [-112.11561606772477, 33.486553466218616], [-112.11555318565489, 33.486553466218616], [-112.11555318565489, 33.48656095830548], [-112.11561606772477, 33.48656095830548]]}, "properties": {"confidence": "high"}}, {"type": "Feature", "geometry": {"type": "LineString", "coordinates": [[-112.11522979215262, 33.48656095830548], [-112.11522979215262, 33.486553466218616], [-112.11499623017873, 33.486553466218616], [-112.11499623017873, 33.48656095830548], [-112.11522979215262, 33.48656095830548]]}, "properties": {"confidence": "high"}}, {"type": "Feature", "geometry": {"type": "LineString", "coordinates": [[-112.11487046603897, 33.48656095830548], [-112.11487046603897, 33.486553466218616], [-112.11485249973327, 33.486553466218616], [-112.11485249973327, 33.48656095830548], [-112.11487046603897, 33.48656095830548]]}, "properties": {"confidence": "high"}}, {"type": "Feature", "geometry": {"type": "LineString", "coordinates": [[-112.11473571874635, 33.48656095830548], [-112.11473571874635, 33.486553466218616], [-112.11469978613498, 33.486553466218616], [-112.11469978613498, 33.48656095830548], [-112.11473571874635, 33.48656095830548]]}, "properties": {"confidence": "high"}}, {"type": "Feature", "geometry": {"type": "LineString", "coordinates": [[-112.11414283065882, 33.48656095830548], [-112.11414283065882, 33.486553466218616], [-112.1141158812003, 33.486553466218616], [-112.1141158812003, 33.48656095830548], [-112.11414283065882, 33.48656095830548]]}, "properties": {"confidence": "high"}}, {"type": "Feature", "geometry": {"type": "LineString", "coordinates": [[-112.11136703643089, 33.48656095830548], [-112.11136703643089, 33.486553466218616], [-112.11127720490249, 33.486553466218616], [-112.11127720490249, 33.48656095830548], [-112.11136703643089, 33.48656095830548]]}, "properties": {"confidence": "high"}}, {"type": "Feature", "geometry": {"type": "LineString", "coordinates": [[-112.1092290460547, 33.48656095830548], [-112.1092290460547, 33.486553466218616], [-112.10917514713765, 33.486553466218616], [-112.10917514713765, 33.48656095830548], [-112.1092290460547, 33.48656095830548]]}, "properties": {"confidence": "high"}}, {"type": "Feature", "geometry": {"type": "LineString", "coordinates": [[-112.10766597746031, 33.48656095830548], [-112.10766597746031, 33.486553466218616], [-112.10759411223759, 33.486553466218616], [-112.10759411223759, 33.48656095830548], [-112.10766597746031, 33.48656095830548]]}, "properties": {"confidence": "high"}}, {"type": "Feature", "geometry": {"type": "LineString", "coordinates": [[-112.10664189803641, 33.486583434562206], [-112.10664189803641, 33.486545974131104], [-112.10663291488358, 33.486545974131104], [-112.10663291488358, 33.486583434562206], [-112.10664189803641, 33.486583434562206]]}, "properties": {"confidence": "high"}}, {"type": "Feature", "geometry": {"type": "LineString", "coordinates": [[-112.11578674762876, 33.486553466218616], [-112.11578674762876, 33.486545974131104], [-112.11577776447591, 33.486545974131104], [-112.11577776447591, 33.486553466218616], [-112.11578674762876, 33.486553466218616]]}, "properties": {"confidence": "high"}}, {"type": "Feature", "geometry": {"type": "LineString", "coordinates": [[-112.11144788480647, 33.486553466218616], [-112.11144788480647, 33.486545974131104], [-112.11136703643089, 33.486545974131104], [-112.11136703643089, 33.486553466218616], [-112.11144788480647, 33.486553466218616]]}, "properties": {"confidence": "high"}}, {"type": "Feature", "geometry": {"type": "LineString", "coordinates": [[-112.10917514713765, 33.486553466218616], [-112.10917514713765, 33.486545974131104], [-112.1091212482206, 33.486545974131104], [-112.1091212482206, 33.486553466218616], [-112.10917514713765, 33.486553466218616]]}, "properties": {"confidence": "high"}}, {"type": "Feature", "geometry": {"type": "LineString", "coordinates": [[-112.10773784268305, 33.486553466218616], [-112.10773784268305, 33.486545974131104], [-112.10766597746031, 33.486545974131104], [-112.10766597746031, 33.486553466218616], [-112.10773784268305, 33.486553466218616]]}, "properties": {"confidence": "high"}}, {"type": "Feature", "geometry": {"type": "LineString", "coordinates": [[-112.11154669948772, 33.486545974131104], [-112.11154669948772, 33.48653848204294], [-112.11144788480647, 33.48653848204294], [-112.11144788480647, 33.486545974131104], [-112.11154669948772, 33.486545974131104]]}, "properties": {"confidence": "high"}}, {"type": "Feature", "geometry": {"type": "LineString", "coordinates": [[-112.1091212482206, 33.486545974131104], [-112.1091212482206, 33.48653848204294], [-112.10904938299787, 33.48653848204294], [-112.10904938299787, 33.486545974131104], [-112.1091212482206, 33.486545974131104]]}, "properties": {"confidence": "high"}}, {"type": "Feature", "geometry": {"type": "LineString", "coordinates": [[-112.10780970790577, 33.486545974131104], [-112.10780970790577, 33.48653848204294], [-112.10773784268305, 33.48653848204294], [-112.10773784268305, 33.486545974131104], [-112.10780970790577, 33.486545974131104]]}, "properties": {"confidence": "high"}}, {"type": "Feature", "geometry": {"type": "LineString", "coordinates": [[-112.11174432885022, 33.486553466218616], [-112.11174432885022, 33.486530989954126], [-112.11154669948772, 33.486530989954126], [-112.11154669948772, 33.48653848204294], [-112.11173534569738, 33.48653848204294], [-112.11173534569738, 33.486553466218616], [-112.11174432885022, 33.486553466218616]]}, "properties": {"confidence": "high"}}, {"type": "Feature", "geometry": {"type": "LineString", "coordinates": [[-112.10904938299787, 33.48653848204294], [-112.10904938299787, 33.486530989954126], [-112.10894158516376, 33.486530989954126], [-112.10894158516376, 33.48653848204294], [-112.10904938299787, 33.48653848204294]]}, "properties": {"confidence": "high"}}, {"type": "Feature", "geometry": {"type": "LineString", "coordinates": [[-112.10797140465692, 33.48653848204294], [-112.10797140465692, 33.486530989954126], [-112.10780970790577, 33.486530989954126], [-112.10780970790577, 33.48653848204294], [-112.10797140465692, 33.48653848204294]]}, "properties": {"confidence": "high"}}, {"type": "Feature", "geometry": {"type": "LineString", "coordinates": [[-112.10894158516376, 33.486530989954126], [-112.10894158516376, 33.48652349786467], [-112.1087978547183, 33.48652349786467], [-112.1087978547183, 33.486530989954126], [-112.10894158516376, 33.486530989954126]]}, "properties": {"confidence": "high"}}, {"type": "Feature", "geometry": {"type": "LineString", "coordinates": [[-112.10804326987966, 33.486530989954126], [-112.10804326987966, 33.48652349786467], [-112.10797140465692, 33.48652349786467], [-112.10797140465692, 33.486530989954126], [-112.10804326987966, 33.486530989954126]]}, "properties": {"confidence": "high"}}, {"type": "Feature", "geometry": {"type": "LineString", "coordinates": [[-112.1087978547183, 33.48652349786467], [-112.1087978547183, 33.486516005774554], [-112.10867209057854, 33.486516005774554], [-112.10867209057854, 33.48652349786467], [-112.1087978547183, 33.48652349786467]]}, "properties": {"confidence": "high"}}, {"type": "Feature", "geometry": {"type": "LineString", "coordinates": [[-112.10816005086659, 33.48652349786467], [-112.10816005086659, 33.486516005774554], [-112.10804326987966, 33.486516005774554], [-112.10804326987966, 33.48652349786467], [-112.10816005086659, 33.48652349786467]]}, "properties": {"confidence": "high"}}, {"type": "Feature", "geometry": {"type": "LineString", "coordinates": [[-112.1122204359508, 33.486643371218264], [-112.1122204359508, 33.4865085136838], [-112.11221145279796, 33.4865085136838], [-112.11221145279796, 33.486643371218264], [-112.1122204359508, 33.486643371218264]]}, "properties": {"confidence": "high"}}, {"type": "Feature", "geometry": {"type": "LineString", "coordinates": [[-112.10867209057854, 33.486516005774554], [-112.10867209057854, 33.4865085136838], [-112.10852836013308, 33.4865085136838], [-112.10852836013308, 33.486516005774554], [-112.10867209057854, 33.486516005774554]]}, "properties": {"confidence": "high"}}, {"type": "Feature", "geometry": {"type": "LineString", "coordinates": [[-112.10824089924215, 33.486516005774554], [-112.10824089924215, 33.4865085136838], [-112.10816005086659, 33.4865085136838], [-112.10816005086659, 33.486516005774554], [-112.10824089924215, 33.486516005774554]]}, "properties": {"confidence": "high"}}, {"type": "Feature", "geometry": {"type": "LineString", "coordinates": [[-112.11390028553211, 33.48656095830548], [-112.11390028553211, 33.4864785453143], [-112.11389130237927, 33.4864785453143], [-112.11389130237927, 33.48656095830548], [-112.11390028553211, 33.48656095830548]]}, "properties": {"confidence": "high"}}, {"type": "Feature", "geometry": {"type": "LineString", "coordinates": [[-112.11222941910364, 33.4865085136838], [-112.11222941910364, 33.48645606903037], [-112.1122204359508, 33.48645606903037], [-112.1122204359508, 33.4865085136838], [-112.11222941910364, 33.4865085136838]]}, "properties": {"confidence": "high"}}, {"type": "Feature", "geometry": {"type": "LineString", "coordinates": [[-112.1122204359508, 33.48645606903037], [-112.1122204359508, 33.486433592740596], [-112.11221145279796, 33.486433592740596], [-112.11221145279796, 33.48645606903037], [-112.1122204359508, 33.48645606903037]]}, "properties": {"confidence": "high"}}, {"type": "Feature", "geometry": {"type": "LineString", "coordinates": [[-112.10843852860467, 33.486598418730104], [-112.10843852860467, 33.4865085136838], [-112.10852836013308, 33.4865085136838], [-112.10852836013308, 33.4865010215924], [-112.10843852860467, 33.4865010215924], [-112.10843852860467, 33.48639613224469], [-112.10842954545183, 33.48639613224469], [-112.10842954545183, 33.4865010215924], [-112.10824089924215, 33.4865010215924], [-112.10824089924215, 33.4865085136838], [-112.10842954545183, 33.4865085136838], [-112.10842954545183, 33.486598418730104], [-112.10843852860467, 33.486598418730104]]}, "properties": {"confidence": "high"}}, {"type": "Feature", "geometry": {"type": "LineString", "coordinates": [[-112.10665088118927, 33.486545974131104], [-112.10665088118927, 33.486388640143566], [-112.10664189803641, 33.486388640143566], [-112.10664189803641, 33.486545974131104], [-112.10665088118927, 33.486545974131104]]}, "properties": {"confidence": "high"}}, {"type": "Feature", "geometry": {"type": "LineString", "coordinates": [[-112.11390926868495, 33.4864785453143], [-112.11390926868495, 33.486373655939374], [-112.11390028553211, 33.486373655939374], [-112.11390028553211, 33.4864785453143], [-112.11390926868495, 33.4864785453143]]}, "properties": {"confidence": "high"}}, {"type": "Feature", "geometry": {"type": "LineString", "coordinates": [[-112.10664189803641, 33.486388640143566], [-112.10664189803641, 33.4863661638363], [-112.10663291488358, 33.4863661638363], [-112.10663291488358, 33.486388640143566], [-112.10664189803641, 33.486388640143566]]}, "properties": {"confidence": "high"}}, {"type": "Feature", "geometry": {"type": "LineString", "coordinates": [[-112.10663291488358, 33.4863661638363], [-112.10663291488358, 33.48632870331123], [-112.10662393173074, 33.48632870331123], [-112.10662393173074, 33.4863661638363], [-112.10663291488358, 33.4863661638363]]}, "properties": {"confidence": "high"}}, {"type": "Feature", "geometry": {"type": "LineString", "coordinates": [[-112.11175331200306, 33.486530989954126], [-112.11175331200306, 33.48632121120427], [-112.11174432885022, 33.48632121120427], [-112.11174432885022, 33.486530989954126], [-112.11175331200306, 33.486530989954126]]}, "properties": {"confidence": "high"}}, {"type": "Feature", "geometry": {"type": "LineString", "coordinates": [[-112.10662393173074, 33.48632870331123], [-112.10662393173074, 33.486306226988404], [-112.1066149485779, 33.486306226988404], [-112.1066149485779, 33.48632870331123], [-112.10662393173074, 33.48632870331123]]}, "properties": {"confidence": "high"}}, {"type": "Feature", "geometry": {"type": "LineString", "coordinates": [[-112.11050465375814, 33.48631371909666], [-112.11050465375814, 33.486306226988404], [-112.11034295700699, 33.486306226988404], [-112.11034295700699, 33.48631371909666], [-112.11050465375814, 33.48631371909666]]}, "properties": {"confidence": "high"}}, {"type": "Feature", "geometry": {"type": "LineString", "coordinates": [[-112.11053160321666, 33.486306226988404], [-112.11053160321666, 33.486298734879504], [-112.11050465375814, 33.486298734879504], [-112.11050465375814, 33.486306226988404], [-112.11053160321666, 33.486306226988404]]}, "properties": {"confidence": "high"}}, {"type": "Feature", "geometry": {"type": "LineString", "coordinates": [[-112.11034295700699, 33.486306226988404], [-112.11034295700699, 33.486298734879504], [-112.11009142872744, 33.486298734879504], [-112.11009142872744, 33.486306226988404], [-112.11034295700699, 33.486306226988404]]}, "properties": {"confidence": "high"}}, {"type": "Feature", "geometry": {"type": "LineString", "coordinates": [[-112.11009142872744, 33.486298734879504], [-112.11009142872744, 33.48629124276995], [-112.1100375298104, 33.48629124276995], [-112.1100375298104, 33.486298734879504], [-112.11009142872744, 33.486298734879504]]}, "properties": {"confidence": "high"}}, {"type": "Feature", "geometry": {"type": "LineString", "coordinates": [[-112.11222941910364, 33.486433592740596], [-112.11222941910364, 33.48628375065975], [-112.1122204359508, 33.48628375065975], [-112.1122204359508, 33.486433592740596], [-112.11222941910364, 33.486433592740596]]}, "properties": {"confidence": "high"}}, {"type": "Feature", "geometry": {"type": "LineString", "coordinates": [[-112.10663291488358, 33.486306226988404], [-112.10663291488358, 33.48628375065975], [-112.10662393173074, 33.48628375065975], [-112.10662393173074, 33.486306226988404], [-112.10663291488358, 33.486306226988404]]}, "properties": {"confidence": "high"}}, {"type": "Feature", "geometry": {"type": "LineString", "coordinates": [[-112.1100375298104, 33.48629124276995], [-112.1100375298104, 33.48628375065975], [-112.10993871512915, 33.48628375065975], [-112.10993871512915, 33.48629124276995], [-112.1100375298104, 33.48629124276995]]}, "properties": {"confidence": "high"}}, {"type": "Feature", "geometry": {"type": "LineString", "coordinates": [[-112.1106034684394, 33.4866208949771], [-112.1106034684394, 33.486613402895415], [-112.11059448528654, 33.486613402895415], [-112.11059448528654, 33.48631371909666], [-112.1106034684394, 33.48631371909666], [-112.1106034684394, 33.48629124276995], [-112.11061245159223, 33.48629124276995], [-112.11061245159223, 33.48628375065975], [-112.1106034684394, 33.48628375065975], [-112.1106034684394, 33.486276258548905], [-112.11059448528654, 33.486276258548905], [-112.11059448528654, 33.486306226988404], [-112.11053160321666, 33.486306226988404], [-112.11053160321666, 33.48631371909666], [-112.1105855021337, 33.48631371909666], [-112.1105855021337, 33.4866208949771], [-112.1106034684394, 33.4866208949771]]}, "properties": {"confidence": "high"}}, {"type": "Feature", "geometry": {"type": "LineString", "coordinates": [[-112.11063041789791, 33.48628375065975], [-112.11063041789791, 33.486276258548905], [-112.11061245159223, 33.486276258548905], [-112.11061245159223, 33.48628375065975], [-112.11063041789791, 33.48628375065975]]}, "properties": {"confidence": "high"}}, {"type": "Feature", "geometry": {"type": "LineString", "coordinates": [[-112.10993871512915, 33.48628375065975], [-112.10993871512915, 33.486276258548905], [-112.10985786675357, 33.486276258548905], [-112.10985786675357, 33.48628375065975], [-112.10993871512915, 33.48628375065975]]}, "properties": {"confidence": "high"}}, {"type": "Feature", "geometry": {"type": "LineString", "coordinates": [[-112.10664189803641, 33.48628375065975], [-112.10664189803641, 33.486276258548905], [-112.10663291488358, 33.486276258548905], [-112.10663291488358, 33.48628375065975], [-112.10664189803641, 33.48628375065975]]}, "properties": {"confidence": "high"}}, {"type": "Feature", "geometry": {"type": "LineString", "coordinates": [[-112.11066635050928, 33.486276258548905], [-112.11066635050928, 33.486268766437405], [-112.11063041789791, 33.486268766437405], [-112.11063041789791, 33.486276258548905], [-112.11066635050928, 33.486276258548905]]}, "properties": {"confidence": "high"}}, {"type": "Feature", "geometry": {"type": "LineString", "coordinates": [[-112.10985786675357, 33.486276258548905], [-112.10985786675357, 33.486268766437405], [-112.10979498468369, 33.486268766437405], [-112.10979498468369, 33.486276258548905], [-112.10985786675357, 33.486276258548905]]}, "properties": {"confidence": "high"}}, {"type": "Feature", "geometry": {"type": "LineString", "coordinates": [[-112.10665088118927, 33.486276258548905], [-112.10665088118927, 33.486261274325265], [-112.10664189803641, 33.486261274325265], [-112.10664189803641, 33.486276258548905], [-112.10665088118927, 33.486276258548905]]}, "properties": {"confidence": "high"}}, {"type": "Feature", "geometry": {"type": "LineString", "coordinates": [[-112.11072024942634, 33.486268766437405], [-112.11072024942634, 33.486261274325265], [-112.11066635050928, 33.486261274325265], [-112.11066635050928, 33.486268766437405], [-112.11072024942634, 33.486268766437405]]}, "properties": {"confidence": "high"}}, {"type": "Feature", "geometry": {"type": "LineString", "coordinates": [[-112.10979498468369, 33.486268766437405], [-112.10979498468369, 33.486261274325265], [-112.10972311946095, 33.486261274325265], [-112.10972311946095, 33.486268766437405], [-112.10979498468369, 33.486268766437405]]}, "properties": {"confidence": "high"}}, {"type": "Feature", "geometry": {"type": "LineString", "coordinates": [[-112.11059448528654, 33.486276258548905], [-112.11059448528654, 33.48625378221247], [-112.1105855021337, 33.48625378221247], [-112.1105855021337, 33.486276258548905], [-112.11059448528654, 33.486276258548905]]}, "properties": {"confidence": "high"}}, {"type": "Feature", "geometry": {"type": "LineString", "coordinates": [[-112.11077414834338, 33.486261274325265], [-112.11077414834338, 33.48625378221247], [-112.11072024942634, 33.48625378221247], [-112.11072024942634, 33.486261274325265], [-112.11077414834338, 33.486261274325265]]}, "properties": {"confidence": "high"}}, {"type": "Feature", "geometry": {"type": "LineString", "coordinates": [[-112.10972311946095, 33.486261274325265], [-112.10972311946095, 33.48625378221247], [-112.1096871868496, 33.48625378221247], [-112.1096871868496, 33.486261274325265], [-112.10972311946095, 33.486261274325265]]}, "properties": {"confidence": "high"}}, {"type": "Feature", "geometry": {"type": "LineString", "coordinates": [[-112.10675867902337, 33.486261274325265], [-112.10675867902337, 33.48625378221247], [-112.10665088118927, 33.48625378221247], [-112.10665088118927, 33.486261274325265], [-112.10675867902337, 33.486261274325265]]}, "properties": {"confidence": "high"}}, {"type": "Feature", "geometry": {"type": "LineString", "coordinates": [[-112.11081008095475, 33.48625378221247], [-112.11081008095475, 33.48624629009903], [-112.11077414834338, 33.48624629009903], [-112.11077414834338, 33.48625378221247], [-112.11081008095475, 33.48625378221247]]}, "properties": {"confidence": "high"}}, {"type": "Feature", "geometry": {"type": "LineString", "coordinates": [[-112.1096871868496, 33.48625378221247], [-112.1096871868496, 33.48624629009903], [-112.10964227108539, 33.48624629009903], [-112.10964227108539, 33.48625378221247], [-112.1096871868496, 33.48625378221247]]}, "properties": {"confidence": "high"}}, {"type": "Feature", "geometry": {"type": "LineString", "coordinates": [[-112.10684851055177, 33.48625378221247], [-112.10684851055177, 33.48624629009903], [-112.10675867902337, 33.48624629009903], [-112.10675867902337, 33.48625378221247], [-112.10684851055177, 33.48625378221247]]}, "properties": {"confidence": "high"}}, {"type": "Feature", "geometry": {"type": "LineString", "coordinates": [[-112.10665088118927, 33.48625378221247], [-112.10665088118927, 33.48624629009903], [-112.10664189803641, 33.48624629009903], [-112.10664189803641, 33.48625378221247], [-112.10665088118927, 33.48625378221247]]}, "properties": {"confidence": "high"}}, {"type": "Feature", "geometry": {"type": "LineString", "coordinates": [[-112.11085499671894, 33.48624629009903], [-112.11085499671894, 33.486238797984946], [-112.11081008095475, 33.486238797984946], [-112.11081008095475, 33.48624629009903], [-112.11085499671894, 33.48624629009903]]}, "properties": {"confidence": "high"}}, {"type": "Feature", "geometry": {"type": "LineString", "coordinates": [[-112.10964227108539, 33.48624629009903], [-112.10964227108539, 33.486238797984946], [-112.10958837216835, 33.486238797984946], [-112.10958837216835, 33.48624629009903], [-112.10964227108539, 33.48624629009903]]}, "properties": {"confidence": "high"}}, {"type": "Feature", "geometry": {"type": "LineString", "coordinates": [[-112.10690240946882, 33.48624629009903], [-112.10690240946882, 33.486238797984946], [-112.10684851055177, 33.486238797984946], [-112.10684851055177, 33.48624629009903], [-112.10690240946882, 33.48624629009903]]}, "properties": {"confidence": "high"}}, {"type": "Feature", "geometry": {"type": "LineString", "coordinates": [[-112.10664189803641, 33.48624629009903], [-112.10664189803641, 33.486238797984946], [-112.10663291488358, 33.486238797984946], [-112.10663291488358, 33.48624629009903], [-112.10664189803641, 33.48624629009903]]}, "properties": {"confidence": "high"}}, {"type": "Feature", "geometry": {"type": "LineString", "coordinates": [[-112.11390028553211, 33.486373655939374], [-112.11390028553211, 33.48623130587021], [-112.11389130237927, 33.48623130587021], [-112.11389130237927, 33.486373655939374], [-112.11390028553211, 33.486373655939374]]}, "properties": {"confidence": "high"}}, {"type": "Feature", "geometry": {"type": "LineString", "coordinates": [[-112.11174432885022, 33.48632121120427], [-112.11174432885022, 33.48623130587021], [-112.11173534569738, 33.48623130587021], [-112.11173534569738, 33.48632121120427], [-112.11174432885022, 33.48632121120427]]}, "properties": {"confidence": "high"}}, {"type": "Feature", "geometry": {"type": "LineString", "coordinates": [[-112.11088194617747, 33.486238797984946], [-112.11088194617747, 33.48623130587021], [-112.11085499671894, 33.48623130587021], [-112.11085499671894, 33.486238797984946], [-112.11088194617747, 33.486238797984946]]}, "properties": {"confidence": "high"}}, {"type": "Feature", "geometry": {"type": "LineString", "coordinates": [[-112.10958837216835, 33.486238797984946], [-112.10958837216835, 33.48623130587021], [-112.10954345640414, 33.48623130587021], [-112.10954345640414, 33.486238797984946], [-112.10958837216835, 33.486238797984946]]}, "properties": {"confidence": "high"}}, {"type": "Feature", "geometry": {"type": "LineString", "coordinates": [[-112.10703715676144, 33.486238797984946], [-112.10703715676144, 33.48623130587021], [-112.10690240946882, 33.48623130587021], [-112.10690240946882, 33.486238797984946], [-112.10703715676144, 33.486238797984946]]}, "properties": {"confidence": "high"}}, {"type": "Feature", "geometry": {"type": "LineString", "coordinates": [[-112.10663291488358, 33.486238797984946], [-112.10663291488358, 33.48623130587021], [-112.10662393173074, 33.48623130587021], [-112.10662393173074, 33.486238797984946], [-112.10663291488358, 33.486238797984946]]}, "properties": {"confidence": "high"}}, {"type": "Feature", "geometry": {"type": "LineString", "coordinates": [[-112.11092686194168, 33.48623130587021], [-112.11092686194168, 33.48622381375483], [-112.11088194617747, 33.48622381375483], [-112.11088194617747, 33.48623130587021], [-112.11092686194168, 33.48623130587021]]}, "properties": {"confidence": "high"}}, {"type": "Feature", "geometry": {"type": "LineString", "coordinates": [[-112.10954345640414, 33.48623130587021], [-112.10954345640414, 33.48622381375483], [-112.10950752379276, 33.48622381375483], [-112.10950752379276, 33.48623130587021], [-112.10954345640414, 33.48623130587021]]}, "properties": {"confidence": "high"}}, {"type": "Feature", "geometry": {"type": "LineString", "coordinates": [[-112.10710902198416, 33.48623130587021], [-112.10710902198416, 33.48622381375483], [-112.10703715676144, 33.48622381375483], [-112.10703715676144, 33.48623130587021], [-112.10710902198416, 33.48623130587021]]}, "properties": {"confidence": "high"}}, {"type": "Feature", "geometry": {"type": "LineString", "coordinates": [[-112.10662393173074, 33.48623130587021], [-112.10662393173074, 33.48622381375483], [-112.1066149485779, 33.48622381375483], [-112.1066149485779, 33.48623130587021], [-112.10662393173074, 33.48623130587021]]}, "properties": {"confidence": "high"}}, {"type": "Feature", "geometry": {"type": "LineString", "coordinates": [[-112.11578674762876, 33.48623130587021], [-112.11578674762876, 33.48621632163879], [-112.11577776447591, 33.48621632163879], [-112.11577776447591, 33.48623130587021], [-112.11578674762876, 33.48623130587021]]}, "properties": {"confidence": "high"}}, {"type": "Feature", "geometry": {"type": "LineString", "coordinates": [[-112.11097177770588, 33.48622381375483], [-112.11097177770588, 33.48621632163879], [-112.11092686194168, 33.48621632163879], [-112.11092686194168, 33.48622381375483], [-112.11097177770588, 33.48622381375483]]}, "properties": {"confidence": "high"}}, {"type": "Feature", "geometry": {"type": "LineString", "coordinates": [[-112.10950752379276, 33.48622381375483], [-112.10950752379276, 33.48621632163879], [-112.10945362487571, 33.48621632163879], [-112.10945362487571, 33.48622381375483], [-112.10950752379276, 33.48622381375483]]}, "properties": {"confidence": "high"}}, {"type": "Feature", "geometry": {"type": "LineString", "coordinates": [[-112.10715393774836, 33.48622381375483], [-112.10715393774836, 33.48621632163879], [-112.10710902198416, 33.48621632163879], [-112.10710902198416, 33.48622381375483], [-112.10715393774836, 33.48622381375483]]}, "properties": {"confidence": "high"}}, {"type": "Feature", "geometry": {"type": "LineString", "coordinates": [[-112.11390926868495, 33.48623130587021], [-112.11390926868495, 33.48620882952212], [-112.11390028553211, 33.48620882952212], [-112.11390028553211, 33.48623130587021], [-112.11390926868495, 33.48623130587021]]}, "properties": {"confidence": "high"}}, {"type": "Feature", "geometry": {"type": "LineString", "coordinates": [[-112.11577776447591, 33.48621632163879], [-112.11577776447591, 33.48620882952212], [-112.11576878132307, 33.48620882952212], [-112.11576878132307, 33.48621632163879], [-112.11577776447591, 33.48621632163879]]}, "properties": {"confidence": "high"}}, {"type": "Feature", "geometry": {"type": "LineString", "coordinates": [[-112.11103465977577, 33.48621632163879], [-112.11103465977577, 33.48620882952212], [-112.11097177770588, 33.48620882952212], [-112.11097177770588, 33.48621632163879], [-112.11103465977577, 33.48621632163879]]}, "properties": {"confidence": "high"}}, {"type": "Feature", "geometry": {"type": "LineString", "coordinates": [[-112.10945362487571, 33.48621632163879], [-112.10945362487571, 33.48620882952212], [-112.10941769226434, 33.48620882952212], [-112.10941769226434, 33.48621632163879], [-112.10945362487571, 33.48621632163879]]}, "properties": {"confidence": "high"}}, {"type": "Feature", "geometry": {"type": "LineString", "coordinates": [[-112.10724376927678, 33.48621632163879], [-112.10724376927678, 33.48620882952212], [-112.10715393774836, 33.48620882952212], [-112.10715393774836, 33.48621632163879], [-112.10724376927678, 33.48621632163879]]}, "properties": {"confidence": "high"}}, {"type": "Feature", "geometry": {"type": "LineString", "coordinates": [[-112.11576878132307, 33.48620882952212], [-112.11576878132307, 33.486201337404786], [-112.11575979817023, 33.486201337404786], [-112.11575979817023, 33.48620882952212], [-112.11576878132307, 33.48620882952212]]}, "properties": {"confidence": "high"}}, {"type": "Feature", "geometry": {"type": "LineString", "coordinates": [[-112.11109754184565, 33.48620882952212], [-112.11109754184565, 33.486201337404786], [-112.11103465977577, 33.486201337404786], [-112.11103465977577, 33.48620882952212], [-112.11109754184565, 33.48620882952212]]}, "properties": {"confidence": "high"}}, {"type": "Feature", "geometry": {"type": "LineString", "coordinates": [[-112.10941769226434, 33.48620882952212], [-112.10941769226434, 33.486201337404786], [-112.10937277650015, 33.486201337404786], [-112.10937277650015, 33.48620882952212], [-112.10941769226434, 33.48620882952212]]}, "properties": {"confidence": "high"}}, {"type": "Feature", "geometry": {"type": "LineString", "coordinates": [[-112.10731563449951, 33.48620882952212], [-112.10731563449951, 33.486201337404786], [-112.10724376927678, 33.486201337404786], [-112.10724376927678, 33.48620882952212], [-112.10731563449951, 33.48620882952212]]}, "properties": {"confidence": "high"}}, {"type": "Feature", "geometry": {"type": "LineString", "coordinates": [[-112.11575979817023, 33.486201337404786], [-112.11575979817023, 33.486193845286806], [-112.11575081501739, 33.486193845286806], [-112.11575081501739, 33.486201337404786], [-112.11575979817023, 33.486201337404786]]}, "properties": {"confidence": "high"}}, {"type": "Feature", "geometry": {"type": "LineString", "coordinates": [[-112.1111514407627, 33.486201337404786], [-112.1111514407627, 33.486193845286806], [-112.11109754184565, 33.486193845286806], [-112.11109754184565, 33.486201337404786], [-112.1111514407627, 33.486201337404786]]}, "properties": {"confidence": "high"}}, {"type": "Feature", "geometry": {"type": "LineString", "coordinates": [[-112.10937277650015, 33.486201337404786], [-112.10937277650015, 33.486193845286806], [-112.10931887758309, 33.486193845286806], [-112.10931887758309, 33.486201337404786], [-112.10937277650015, 33.486201337404786]]}, "properties": {"confidence": "high"}}, {"type": "Feature", "geometry": {"type": "LineString", "coordinates": [[-112.10740546602793, 33.486201337404786], [-112.10740546602793, 33.486193845286806], [-112.10731563449951, 33.486193845286806], [-112.10731563449951, 33.486201337404786], [-112.10740546602793, 33.486201337404786]]}, "properties": {"confidence": "high"}}, {"type": "Feature", "geometry": {"type": "LineString", "coordinates": [[-112.11391825183779, 33.48620882952212], [-112.11391825183779, 33.486186353168186], [-112.11390926868495, 33.486186353168186], [-112.11390926868495, 33.48620882952212], [-112.11391825183779, 33.48620882952212]]}, "properties": {"confidence": "high"}}, {"type": "Feature", "geometry": {"type": "LineString", "coordinates": [[-112.11575081501739, 33.486193845286806], [-112.11575081501739, 33.486186353168186], [-112.11489741549748, 33.486186353168186], [-112.11489741549748, 33.486193845286806], [-112.11575081501739, 33.486193845286806]]}, "properties": {"confidence": "high"}}, {"type": "Feature", "geometry": {"type": "LineString", "coordinates": [[-112.11469080298214, 33.486193845286806], [-112.11469080298214, 33.486186353168186], [-112.11444825785541, 33.486186353168186], [-112.11444825785541, 33.486193845286806], [-112.11469080298214, 33.486193845286806]]}, "properties": {"confidence": "high"}}, {"type": "Feature", "geometry": {"type": "LineString", "coordinates": [[-112.11398113390767, 33.486193845286806], [-112.11398113390767, 33.486186353168186], [-112.113963167602, 33.486186353168186], [-112.113963167602, 33.486193845286806], [-112.11398113390767, 33.486193845286806]]}, "properties": {"confidence": "high"}}, {"type": "Feature", "geometry": {"type": "LineString", "coordinates": [[-112.1111963565269, 33.486193845286806], [-112.1111963565269, 33.486186353168186], [-112.1111514407627, 33.486186353168186], [-112.1111514407627, 33.486193845286806], [-112.1111963565269, 33.486193845286806]]}, "properties": {"confidence": "high"}}, {"type": "Feature", "geometry": {"type": "LineString", "coordinates": [[-112.10931887758309, 33.486193845286806], [-112.10931887758309, 33.486186353168186], [-112.10926497866605, 33.486186353168186], [-112.10926497866605, 33.486193845286806], [-112.10931887758309, 33.486193845286806]]}, "properties": {"confidence": "high"}}, {"type": "Feature", "geometry": {"type": "LineString", "coordinates": [[-112.10745936494497, 33.486193845286806], [-112.10745936494497, 33.486186353168186], [-112.10740546602793, 33.486186353168186], [-112.10740546602793, 33.486193845286806], [-112.10745936494497, 33.486193845286806]]}, "properties": {"confidence": "high"}}, {"type": "Feature", "geometry": {"type": "LineString", "coordinates": [[-112.11223840225648, 33.48628375065975], [-112.11223840225648, 33.48617886104891], [-112.11222941910364, 33.48617886104891], [-112.11222941910364, 33.48628375065975], [-112.11223840225648, 33.48628375065975]]}, "properties": {"confidence": "high"}}, {"type": "Feature", "geometry": {"type": "LineString", "coordinates": [[-112.11489741549748, 33.486186353168186], [-112.11489741549748, 33.48617886104891], [-112.11469080298214, 33.48617886104891], [-112.11469080298214, 33.486186353168186], [-112.11489741549748, 33.486186353168186]]}, "properties": {"confidence": "high"}}, {"type": "Feature", "geometry": {"type": "LineString", "coordinates": [[-112.11444825785541, 33.486186353168186], [-112.11444825785541, 33.48617886104891], [-112.11398113390767, 33.48617886104891], [-112.11398113390767, 33.486186353168186], [-112.11444825785541, 33.486186353168186]]}, "properties": {"confidence": "high"}}, {"type": "Feature", "geometry": {"type": "LineString", "coordinates": [[-112.113963167602, 33.486186353168186], [-112.113963167602, 33.48617886104891], [-112.11391825183779, 33.48617886104891], [-112.11391825183779, 33.486186353168186], [-112.113963167602, 33.486186353168186]]}, "properties": {"confidence": "high"}}, {"type": "Feature", "geometry": {"type": "LineString", "coordinates": [[-112.11131313751385, 33.486186353168186], [-112.11131313751385, 33.48617886104891], [-112.1111963565269, 33.48617886104891], [-112.1111963565269, 33.486186353168186], [-112.11131313751385, 33.486186353168186]]}, "properties": {"confidence": "high"}}, {"type": "Feature", "geometry": {"type": "LineString", "coordinates": [[-112.10926497866605, 33.486186353168186], [-112.10926497866605, 33.48617886104891], [-112.1092290460547, 33.48617886104891], [-112.1092290460547, 33.486186353168186], [-112.10926497866605, 33.486186353168186]]}, "properties": {"confidence": "high"}}, {"type": "Feature", "geometry": {"type": "LineString", "coordinates": [[-112.10749529755634, 33.486186353168186], [-112.10749529755634, 33.48617886104891], [-112.10745936494497, 33.48617886104891], [-112.10745936494497, 33.486186353168186], [-112.10749529755634, 33.486186353168186]]}, "properties": {"confidence": "high"}}, {"type": "Feature", "geometry": {"type": "LineString", "coordinates": [[-112.11142991850079, 33.48617886104891], [-112.11142991850079, 33.486171368929], [-112.11131313751385, 33.486171368929], [-112.11131313751385, 33.48617886104891], [-112.11142991850079, 33.48617886104891]]}, "properties": {"confidence": "high"}}, {"type": "Feature", "geometry": {"type": "LineString", "coordinates": [[-112.1092290460547, 33.48617886104891], [-112.1092290460547, 33.486171368929], [-112.10918413029049, 33.486171368929], [-112.10918413029049, 33.48617886104891], [-112.1092290460547, 33.48617886104891]]}, "properties": {"confidence": "high"}}, {"type": "Feature", "geometry": {"type": "LineString", "coordinates": [[-112.10756716277906, 33.48617886104891], [-112.10756716277906, 33.486171368929], [-112.10749529755634, 33.486171368929], [-112.10749529755634, 33.48617886104891], [-112.10756716277906, 33.48617886104891]]}, "properties": {"confidence": "high"}}, {"type": "Feature", "geometry": {"type": "LineString", "coordinates": [[-112.11150178372351, 33.486171368929], [-112.11150178372351, 33.48616387680842], [-112.11142991850079, 33.48616387680842], [-112.11142991850079, 33.486171368929], [-112.11150178372351, 33.486171368929]]}, "properties": {"confidence": "high"}}, {"type": "Feature", "geometry": {"type": "LineString", "coordinates": [[-112.10918413029049, 33.486171368929], [-112.10918413029049, 33.48616387680842], [-112.1091212482206, 33.48616387680842], [-112.1091212482206, 33.486171368929], [-112.10918413029049, 33.486171368929]]}, "properties": {"confidence": "high"}}, {"type": "Feature", "geometry": {"type": "LineString", "coordinates": [[-112.10763004484896, 33.486171368929], [-112.10763004484896, 33.48616387680842], [-112.10756716277906, 33.48616387680842], [-112.10756716277906, 33.486171368929], [-112.10763004484896, 33.486171368929]]}, "properties": {"confidence": "high"}}, {"type": "Feature", "geometry": {"type": "LineString", "coordinates": [[-112.1091212482206, 33.48616387680842], [-112.1091212482206, 33.48615638468721], [-112.10902243353935, 33.48615638468721], [-112.10902243353935, 33.48616387680842], [-112.1091212482206, 33.48616387680842]]}, "properties": {"confidence": "high"}}, {"type": "Feature", "geometry": {"type": "LineString", "coordinates": [[-112.10771089322452, 33.48616387680842], [-112.10771089322452, 33.48615638468721], [-112.10763004484896, 33.48615638468721], [-112.10763004484896, 33.48616387680842], [-112.10771089322452, 33.48616387680842]]}, "properties": {"confidence": "high"}}, {"type": "Feature", "geometry": {"type": "LineString", "coordinates": [[-112.11175331200306, 33.48623130587021], [-112.11175331200306, 33.48616387680842], [-112.1117622951559, 33.48616387680842], [-112.1117622951559, 33.48614889256534], [-112.11175331200306, 33.48614889256534], [-112.11175331200306, 33.48615638468721], [-112.11150178372351, 33.48615638468721], [-112.11150178372351, 33.48616387680842], [-112.11174432885022, 33.48616387680842], [-112.11174432885022, 33.48623130587021], [-112.11175331200306, 33.48623130587021]]}, "properties": {"confidence": "high"}}, {"type": "Feature", "geometry": {"type": "LineString", "coordinates": [[-112.10902243353935, 33.48615638468721], [-112.10902243353935, 33.48614889256534], [-112.10892361885809, 33.48614889256534], [-112.10892361885809, 33.48615638468721], [-112.10902243353935, 33.48615638468721]]}, "properties": {"confidence": "high"}}, {"type": "Feature", "geometry": {"type": "LineString", "coordinates": [[-112.10785462367, 33.48615638468721], [-112.10785462367, 33.48614889256534], [-112.10771089322452, 33.48614889256534], [-112.10771089322452, 33.48615638468721], [-112.10785462367, 33.48615638468721]]}, "properties": {"confidence": "high"}}, {"type": "Feature", "geometry": {"type": "LineString", "coordinates": [[-112.10892361885809, 33.48614889256534], [-112.10892361885809, 33.48614140044283], [-112.10869904003705, 33.48614140044283], [-112.10869904003705, 33.48614889256534], [-112.10892361885809, 33.48614889256534]]}, "properties": {"confidence": "high"}}, {"type": "Feature", "geometry": {"type": "LineString", "coordinates": [[-112.10798937096261, 33.48614889256534], [-112.10798937096261, 33.48614140044283], [-112.10785462367, 33.48614140044283], [-112.10785462367, 33.48614889256534], [-112.10798937096261, 33.48614889256534]]}, "properties": {"confidence": "high"}}, {"type": "Feature", "geometry": {"type": "LineString", "coordinates": [[-112.11177127830874, 33.48614889256534], [-112.11177127830874, 33.486133908319665], [-112.1117622951559, 33.486133908319665], [-112.1117622951559, 33.48614889256534], [-112.11177127830874, 33.48614889256534]]}, "properties": {"confidence": "high"}}, {"type": "Feature", "geometry": {"type": "LineString", "coordinates": [[-112.10869904003705, 33.48614140044283], [-112.10869904003705, 33.486133908319665], [-112.10860920850865, 33.486133908319665], [-112.10860920850865, 33.48614140044283], [-112.10869904003705, 33.48614140044283]]}, "properties": {"confidence": "high"}}, {"type": "Feature", "geometry": {"type": "LineString", "coordinates": [[-112.10815106771375, 33.48614140044283], [-112.10815106771375, 33.486133908319665], [-112.10798937096261, 33.486133908319665], [-112.10798937096261, 33.48614140044283], [-112.10815106771375, 33.48614140044283]]}, "properties": {"confidence": "high"}}, {"type": "Feature", "geometry": {"type": "LineString", "coordinates": [[-112.1084475117575, 33.48639613224469], [-112.1084475117575, 33.486126416195866], [-112.10815106771375, 33.486126416195866], [-112.10815106771375, 33.486133908319665], [-112.10843852860467, 33.486133908319665], [-112.10843852860467, 33.48639613224469], [-112.1084475117575, 33.48639613224469]]}, "properties": {"confidence": "high"}}, {"type": "Feature", "geometry": {"type": "LineString", "coordinates": [[-112.10860920850865, 33.486133908319665], [-112.10860920850865, 33.486126416195866], [-112.10847446121603, 33.486126416195866], [-112.10847446121603, 33.486133908319665], [-112.10860920850865, 33.486133908319665]]}, "properties": {"confidence": "high"}}, {"type": "Feature", "geometry": {"type": "LineString", "coordinates": [[-112.11222941910364, 33.48617886104891], [-112.11222941910364, 33.486103939820545], [-112.1122204359508, 33.486103939820545], [-112.1122204359508, 33.48617886104891], [-112.11222941910364, 33.48617886104891]]}, "properties": {"confidence": "high"}}, {"type": "Feature", "geometry": {"type": "LineString", "coordinates": [[-112.10847446121603, 33.486126416195866], [-112.10847446121603, 33.4861189240714], [-112.1084654780632, 33.4861189240714], [-112.1084654780632, 33.486103939820545], [-112.10845649491036, 33.486103939820545], [-112.10845649491036, 33.4861189240714], [-112.1084475117575, 33.4861189240714], [-112.1084475117575, 33.486126416195866], [-112.10847446121603, 33.486126416195866]]}, "properties": {"confidence": "high"}}, {"type": "Feature", "geometry": {"type": "LineString", "coordinates": [[-112.1117622951559, 33.486133908319665], [-112.1117622951559, 33.48608895556709], [-112.11175331200306, 33.48608895556709], [-112.11175331200306, 33.486133908319665], [-112.1117622951559, 33.486133908319665]]}, "properties": {"confidence": "high"}}, {"type": "Feature", "geometry": {"type": "LineString", "coordinates": [[-112.1122204359508, 33.486103939820545], [-112.1122204359508, 33.486051494922116], [-112.11221145279796, 33.486051494922116], [-112.11221145279796, 33.486103939820545], [-112.1122204359508, 33.486103939820545]]}, "properties": {"confidence": "high"}}, {"type": "Feature", "geometry": {"type": "LineString", "coordinates": [[-112.11175331200306, 33.48608895556709], [-112.11175331200306, 33.486029018527354], [-112.11174432885022, 33.486029018527354], [-112.11174432885022, 33.48608895556709], [-112.11175331200306, 33.48608895556709]]}, "properties": {"confidence": "high"}}, {"type": "Feature", "geometry": {"type": "LineString", "coordinates": [[-112.11221145279796, 33.486051494922116], [-112.11221145279796, 33.48601403426095], [-112.11220246964513, 33.48601403426095], [-112.11220246964513, 33.486051494922116], [-112.11221145279796, 33.486051494922116]]}, "properties": {"confidence": "high"}}, {"type": "Feature", "geometry": {"type": "LineString", "coordinates": [[-112.11174432885022, 33.486029018527354], [-112.11174432885022, 33.485999049991946], [-112.11173534569738, 33.485999049991946], [-112.11173534569738, 33.486029018527354], [-112.11174432885022, 33.486029018527354]]}, "properties": {"confidence": "high"}}, {"type": "Feature", "geometry": {"type": "LineString", "coordinates": [[-112.11220246964513, 33.48601403426095], [-112.11220246964513, 33.485984065720345], [-112.11219348649229, 33.485984065720345], [-112.11219348649229, 33.48601403426095], [-112.11220246964513, 33.48601403426095]]}, "properties": {"confidence": "high"}}, {"type": "Feature", "geometry": {"type": "LineString", "coordinates": [[-112.11173534569738, 33.485999049991946], [-112.11173534569738, 33.48595409716937], [-112.11172636254453, 33.48595409716937], [-112.11172636254453, 33.485999049991946], [-112.11173534569738, 33.485999049991946]]}, "properties": {"confidence": "high"}}, {"type": "Feature", "geometry": {"type": "LineString", "coordinates": [[-112.11051363691098, 33.48596158930809], [-112.11051363691098, 33.48595409716937], [-112.11012736133881, 33.48595409716937], [-112.11012736133881, 33.48596158930809], [-112.11051363691098, 33.48596158930809]]}, "properties": {"confidence": "high"}}, {"type": "Feature", "geometry": {"type": "LineString", "coordinates": [[-112.11391825183779, 33.48617886104891], [-112.11391825183779, 33.48594660503001], [-112.11390926868495, 33.48594660503001], [-112.11390926868495, 33.48617886104891], [-112.11391825183779, 33.48617886104891]]}, "properties": {"confidence": "high"}}, {"type": "Feature", "geometry": {"type": "LineString", "coordinates": [[-112.11219348649229, 33.485984065720345], [-112.11219348649229, 33.48594660503001], [-112.11218450333944, 33.48594660503001], [-112.11218450333944, 33.485984065720345], [-112.11219348649229, 33.485984065720345]]}, "properties": {"confidence": "high"}}, {"type": "Feature", "geometry": {"type": "LineString", "coordinates": [[-112.11012736133881, 33.48595409716937], [-112.11012736133881, 33.48594660503001], [-112.11000159719903, 33.48594660503001], [-112.11000159719903, 33.48595409716937], [-112.11012736133881, 33.48595409716937]]}, "properties": {"confidence": "high"}}, {"type": "Feature", "geometry": {"type": "LineString", "coordinates": [[-112.11000159719903, 33.48594660503001], [-112.11000159719903, 33.485939112889994], [-112.10992074882346, 33.485939112889994], [-112.10992074882346, 33.48594660503001], [-112.11000159719903, 33.48594660503001]]}, "properties": {"confidence": "high"}}, {"type": "Feature", "geometry": {"type": "LineString", "coordinates": [[-112.10992074882346, 33.485939112889994], [-112.10992074882346, 33.485931620749334], [-112.10985786675357, 33.485931620749334], [-112.10985786675357, 33.485939112889994], [-112.10992074882346, 33.485939112889994]]}, "properties": {"confidence": "high"}}, {"type": "Feature", "geometry": {"type": "LineString", "coordinates": [[-112.1105855021337, 33.48625378221247], [-112.1105855021337, 33.485924128608026], [-112.11057651898086, 33.485924128608026], [-112.11057651898086, 33.48594660503001], [-112.11051363691098, 33.48594660503001], [-112.11051363691098, 33.48595409716937], [-112.11057651898086, 33.48595409716937], [-112.11057651898086, 33.48625378221247], [-112.1105855021337, 33.48625378221247]]}, "properties": {"confidence": "high"}}, {"type": "Feature", "geometry": {"type": "LineString", "coordinates": [[-112.11067533366212, 33.485931620749334], [-112.11067533366212, 33.485924128608026], [-112.11061245159223, 33.485924128608026], [-112.11061245159223, 33.485931620749334], [-112.11067533366212, 33.485931620749334]]}, "properties": {"confidence": "high"}}, {"type": "Feature", "geometry": {"type": "LineString", "coordinates": [[-112.10985786675357, 33.485931620749334], [-112.10985786675357, 33.485924128608026], [-112.1098219341422, 33.485924128608026], [-112.1098219341422, 33.485931620749334], [-112.10985786675357, 33.485931620749334]]}, "properties": {"confidence": "high"}}, {"type": "Feature", "geometry": {"type": "LineString", "coordinates": [[-112.11307383547073, 33.487010482331506], [-112.11307383547073, 33.48591663646607], [-112.11306485231788, 33.48591663646607], [-112.11306485231788, 33.487010482331506], [-112.11307383547073, 33.487010482331506]]}, "properties": {"confidence": "high"}}, {"type": "Feature", "geometry": {"type": "LineString", "coordinates": [[-112.11172636254453, 33.48595409716937], [-112.11172636254453, 33.48591663646607], [-112.11171737939169, 33.48591663646607], [-112.11171737939169, 33.48595409716937], [-112.11172636254453, 33.48595409716937]]}, "properties": {"confidence": "high"}}, {"type": "Feature", "geometry": {"type": "LineString", "coordinates": [[-112.11218450333944, 33.48594660503001], [-112.11218450333944, 33.48591663646607], [-112.1121755201866, 33.48591663646607], [-112.1121755201866, 33.48594660503001], [-112.11218450333944, 33.48594660503001]]}, "properties": {"confidence": "high"}}, {"type": "Feature", "geometry": {"type": "LineString", "coordinates": [[-112.11074719888485, 33.485924128608026], [-112.11074719888485, 33.48591663646607], [-112.11067533366212, 33.48591663646607], [-112.11067533366212, 33.485924128608026], [-112.11074719888485, 33.485924128608026]]}, "properties": {"confidence": "high"}}, {"type": "Feature", "geometry": {"type": "LineString", "coordinates": [[-112.1098219341422, 33.485924128608026], [-112.1098219341422, 33.48591663646607], [-112.10974108576664, 33.48591663646607], [-112.10974108576664, 33.485924128608026], [-112.1098219341422, 33.485924128608026]]}, "properties": {"confidence": "high"}}, {"type": "Feature", "geometry": {"type": "LineString", "coordinates": [[-112.11076516519054, 33.48591663646607], [-112.11076516519054, 33.485909144323465], [-112.11074719888485, 33.485909144323465], [-112.11074719888485, 33.48591663646607], [-112.11076516519054, 33.48591663646607]]}, "properties": {"confidence": "high"}}, {"type": "Feature", "geometry": {"type": "LineString", "coordinates": [[-112.10974108576664, 33.48591663646607], [-112.10974108576664, 33.485909144323465], [-112.10969617000244, 33.485909144323465], [-112.10969617000244, 33.48591663646607], [-112.10974108576664, 33.48591663646607]]}, "properties": {"confidence": "high"}}, {"type": "Feature", "geometry": {"type": "LineString", "coordinates": [[-112.11079211464906, 33.485909144323465], [-112.11079211464906, 33.48590165218022], [-112.11076516519054, 33.48590165218022], [-112.11076516519054, 33.485909144323465], [-112.11079211464906, 33.485909144323465]]}, "properties": {"confidence": "high"}}, {"type": "Feature", "geometry": {"type": "LineString", "coordinates": [[-112.10969617000244, 33.485909144323465], [-112.10969617000244, 33.48590165218022], [-112.10964227108539, 33.48590165218022], [-112.10964227108539, 33.485909144323465], [-112.10969617000244, 33.485909144323465]]}, "properties": {"confidence": "high"}}, {"type": "Feature", "geometry": {"type": "LineString", "coordinates": [[-112.11082804726043, 33.48590165218022], [-112.11082804726043, 33.48589416003632], [-112.11079211464906, 33.48589416003632], [-112.11079211464906, 33.48590165218022], [-112.11082804726043, 33.48590165218022]]}, "properties": {"confidence": "high"}}, {"type": "Feature", "geometry": {"type": "LineString", "coordinates": [[-112.10964227108539, 33.48590165218022], [-112.10964227108539, 33.48589416003632], [-112.10959735532118, 33.48589416003632], [-112.10959735532118, 33.48590165218022], [-112.10964227108539, 33.48590165218022]]}, "properties": {"confidence": "high"}}, {"type": "Feature", "geometry": {"type": "LineString", "coordinates": [[-112.11085499671894, 33.48589416003632], [-112.11085499671894, 33.48588666789177], [-112.11082804726043, 33.48588666789177], [-112.11082804726043, 33.48589416003632], [-112.11085499671894, 33.48589416003632]]}, "properties": {"confidence": "high"}}, {"type": "Feature", "geometry": {"type": "LineString", "coordinates": [[-112.10959735532118, 33.48589416003632], [-112.10959735532118, 33.48588666789177], [-112.10956142270982, 33.48588666789177], [-112.10956142270982, 33.48589416003632], [-112.10959735532118, 33.48589416003632]]}, "properties": {"confidence": "high"}}, {"type": "Feature", "geometry": {"type": "LineString", "coordinates": [[-112.10674969587052, 33.48589416003632], [-112.10674969587052, 33.48588666789177], [-112.10663291488358, 33.48588666789177], [-112.10663291488358, 33.48589416003632], [-112.10674969587052, 33.48589416003632]]}, "properties": {"confidence": "high"}}, {"type": "Feature", "geometry": {"type": "LineString", "coordinates": [[-112.11089092933031, 33.48588666789177], [-112.11089092933031, 33.48587917574657], [-112.11085499671894, 33.48587917574657], [-112.11085499671894, 33.48588666789177], [-112.11089092933031, 33.48588666789177]]}, "properties": {"confidence": "high"}}, {"type": "Feature", "geometry": {"type": "LineString", "coordinates": [[-112.10956142270982, 33.48588666789177], [-112.10956142270982, 33.48587917574657], [-112.1095165069456, 33.48587917574657], [-112.1095165069456, 33.48588666789177], [-112.10956142270982, 33.48588666789177]]}, "properties": {"confidence": "high"}}, {"type": "Feature", "geometry": {"type": "LineString", "coordinates": [[-112.10682156109326, 33.48588666789177], [-112.10682156109326, 33.48587917574657], [-112.10674969587052, 33.48587917574657], [-112.10674969587052, 33.48588666789177], [-112.10682156109326, 33.48588666789177]]}, "properties": {"confidence": "high"}}, {"type": "Feature", "geometry": {"type": "LineString", "coordinates": [[-112.10663291488358, 33.48588666789177], [-112.10663291488358, 33.48587917574657], [-112.10662393173074, 33.48587917574657], [-112.10662393173074, 33.48588666789177], [-112.10663291488358, 33.48588666789177]]}, "properties": {"confidence": "high"}}, {"type": "Feature", "geometry": {"type": "LineString", "coordinates": [[-112.1121755201866, 33.48591663646607], [-112.1121755201866, 33.48587168360073], [-112.11216653703376, 33.48587168360073], [-112.11216653703376, 33.48591663646607], [-112.1121755201866, 33.48591663646607]]}, "properties": {"confidence": "high"}}, {"type": "Feature", "geometry": {"type": "LineString", "coordinates": [[-112.11171737939169, 33.48591663646607], [-112.11171737939169, 33.48587168360073], [-112.11170839623885, 33.48587168360073], [-112.11170839623885, 33.48591663646607], [-112.11171737939169, 33.48591663646607]]}, "properties": {"confidence": "high"}}, {"type": "Feature", "geometry": {"type": "LineString", "coordinates": [[-112.11090889563599, 33.48587917574657], [-112.11090889563599, 33.48587168360073], [-112.11089092933031, 33.48587168360073], [-112.11089092933031, 33.48587917574657], [-112.11090889563599, 33.48587917574657]]}, "properties": {"confidence": "high"}}, {"type": "Feature", "geometry": {"type": "LineString", "coordinates": [[-112.1095165069456, 33.48587917574657], [-112.1095165069456, 33.48587168360073], [-112.10948057433424, 33.48587168360073], [-112.10948057433424, 33.48587917574657], [-112.1095165069456, 33.48587917574657]]}, "properties": {"confidence": "high"}}, {"type": "Feature", "geometry": {"type": "LineString", "coordinates": [[-112.10689342631598, 33.48587917574657], [-112.10689342631598, 33.48587168360073], [-112.10682156109326, 33.48587168360073], [-112.10682156109326, 33.48587917574657], [-112.10689342631598, 33.48587917574657]]}, "properties": {"confidence": "high"}}, {"type": "Feature", "geometry": {"type": "LineString", "coordinates": [[-112.11390926868495, 33.48594660503001], [-112.11390926868495, 33.48586419145423], [-112.11390028553211, 33.48586419145423], [-112.11390028553211, 33.48594660503001], [-112.11390926868495, 33.48594660503001]]}, "properties": {"confidence": "high"}}, {"type": "Feature", "geometry": {"type": "LineString", "coordinates": [[-112.10662393173074, 33.48587917574657], [-112.10662393173074, 33.48586419145423], [-112.1066149485779, 33.48586419145423], [-112.1066149485779, 33.48587917574657], [-112.10662393173074, 33.48587917574657]]}, "properties": {"confidence": "high"}}, {"type": "Feature", "geometry": {"type": "LineString", "coordinates": [[-112.11094482824736, 33.48587168360073], [-112.11094482824736, 33.48586419145423], [-112.11090889563599, 33.48586419145423], [-112.11090889563599, 33.48587168360073], [-112.11094482824736, 33.48587168360073]]}, "properties": {"confidence": "high"}}, {"type": "Feature", "geometry": {"type": "LineString", "coordinates": [[-112.10948057433424, 33.48587168360073], [-112.10948057433424, 33.48586419145423], [-112.10943565857004, 33.48586419145423], [-112.10943565857004, 33.48587168360073], [-112.10948057433424, 33.48587168360073]]}, "properties": {"confidence": "high"}}, {"type": "Feature", "geometry": {"type": "LineString", "coordinates": [[-112.10700122415007, 33.48587168360073], [-112.10700122415007, 33.48586419145423], [-112.10689342631598, 33.48586419145423], [-112.10689342631598, 33.48587168360073], [-112.10700122415007, 33.48587168360073]]}, "properties": {"confidence": "high"}}, {"type": "Feature", "geometry": {"type": "LineString", "coordinates": [[-112.11098076085872, 33.48586419145423], [-112.11098076085872, 33.48585669930709], [-112.11094482824736, 33.48585669930709], [-112.11094482824736, 33.48586419145423], [-112.11098076085872, 33.48586419145423]]}, "properties": {"confidence": "high"}}, {"type": "Feature", "geometry": {"type": "LineString", "coordinates": [[-112.10943565857004, 33.48586419145423], [-112.10943565857004, 33.48585669930709], [-112.10937277650015, 33.48585669930709], [-112.10937277650015, 33.48586419145423], [-112.10943565857004, 33.48586419145423]]}, "properties": {"confidence": "high"}}, {"type": "Feature", "geometry": {"type": "LineString", "coordinates": [[-112.1070730893728, 33.48586419145423], [-112.1070730893728, 33.48585669930709], [-112.10700122415007, 33.48585669930709], [-112.10700122415007, 33.48586419145423], [-112.1070730893728, 33.48586419145423]]}, "properties": {"confidence": "high"}}, {"type": "Feature", "geometry": {"type": "LineString", "coordinates": [[-112.1066149485779, 33.48586419145423], [-112.1066149485779, 33.4858492071593], [-112.10660596542506, 33.4858492071593], [-112.10660596542506, 33.48586419145423], [-112.1066149485779, 33.48586419145423]]}, "properties": {"confidence": "high"}}, {"type": "Feature", "geometry": {"type": "LineString", "coordinates": [[-112.11103465977577, 33.48585669930709], [-112.11103465977577, 33.4858492071593], [-112.11098076085872, 33.4858492071593], [-112.11098076085872, 33.48585669930709], [-112.11103465977577, 33.48585669930709]]}, "properties": {"confidence": "high"}}, {"type": "Feature", "geometry": {"type": "LineString", "coordinates": [[-112.10937277650015, 33.48585669930709], [-112.10937277650015, 33.4858492071593], [-112.10933684388878, 33.4858492071593], [-112.10933684388878, 33.48585669930709], [-112.10937277650015, 33.48585669930709]]}, "properties": {"confidence": "high"}}, {"type": "Feature", "geometry": {"type": "LineString", "coordinates": [[-112.1071629209012, 33.48585669930709], [-112.1071629209012, 33.4858492071593], [-112.1070730893728, 33.4858492071593], [-112.1070730893728, 33.48585669930709], [-112.1071629209012, 33.48585669930709]]}, "properties": {"confidence": "high"}}, {"type": "Feature", "geometry": {"type": "LineString", "coordinates": [[-112.11170839623885, 33.48587168360073], [-112.11170839623885, 33.48584171501086], [-112.11169941308601, 33.48584171501086], [-112.11169941308601, 33.48587168360073], [-112.11170839623885, 33.48587168360073]]}, "properties": {"confidence": "high"}}, {"type": "Feature", "geometry": {"type": "LineString", "coordinates": [[-112.11107957553997, 33.4858492071593], [-112.11107957553997, 33.48584171501086], [-112.11103465977577, 33.48584171501086], [-112.11103465977577, 33.4858492071593], [-112.11107957553997, 33.4858492071593]]}, "properties": {"confidence": "high"}}, {"type": "Feature", "geometry": {"type": "LineString", "coordinates": [[-112.10933684388878, 33.4858492071593], [-112.10933684388878, 33.48584171501086], [-112.10928294497174, 33.48584171501086], [-112.10928294497174, 33.4858492071593], [-112.10933684388878, 33.4858492071593]]}, "properties": {"confidence": "high"}}, {"type": "Feature", "geometry": {"type": "LineString", "coordinates": [[-112.10723478612394, 33.4858492071593], [-112.10723478612394, 33.48584171501086], [-112.1071629209012, 33.48584171501086], [-112.1071629209012, 33.4858492071593], [-112.10723478612394, 33.4858492071593]]}, "properties": {"confidence": "high"}}, {"type": "Feature", "geometry": {"type": "LineString", "coordinates": [[-112.10660596542506, 33.4858492071593], [-112.10660596542506, 33.48584171501086], [-112.10659698227221, 33.48584171501086], [-112.10659698227221, 33.4858492071593], [-112.10660596542506, 33.4858492071593]]}, "properties": {"confidence": "high"}}, {"type": "Feature", "geometry": {"type": "LineString", "coordinates": [[-112.11061245159223, 33.485924128608026], [-112.11061245159223, 33.48591663646607], [-112.11059448528654, 33.48591663646607], [-112.11059448528654, 33.485834222861776], [-112.1105855021337, 33.485834222861776], [-112.1105855021337, 33.485924128608026], [-112.11061245159223, 33.485924128608026]]}, "properties": {"confidence": "high"}}, {"type": "Feature", "geometry": {"type": "LineString", "coordinates": [[-112.11114245760986, 33.48584171501086], [-112.11114245760986, 33.485834222861776], [-112.11107957553997, 33.485834222861776], [-112.11107957553997, 33.48584171501086], [-112.11114245760986, 33.48584171501086]]}, "properties": {"confidence": "high"}}, {"type": "Feature", "geometry": {"type": "LineString", "coordinates": [[-112.10928294497174, 33.48584171501086], [-112.10928294497174, 33.485834222861776], [-112.10922006290185, 33.485834222861776], [-112.10922006290185, 33.48584171501086], [-112.10928294497174, 33.48584171501086]]}, "properties": {"confidence": "high"}}, {"type": "Feature", "geometry": {"type": "LineString", "coordinates": [[-112.10735156711088, 33.48584171501086], [-112.10735156711088, 33.485834222861776], [-112.10723478612394, 33.485834222861776], [-112.10723478612394, 33.48584171501086], [-112.10735156711088, 33.48584171501086]]}, "properties": {"confidence": "high"}}, {"type": "Feature", "geometry": {"type": "LineString", "coordinates": [[-112.11579573078161, 33.48584171501086], [-112.11579573078161, 33.48582673071204], [-112.11578674762876, 33.48582673071204], [-112.11578674762876, 33.48584171501086], [-112.11579573078161, 33.48584171501086]]}, "properties": {"confidence": "high"}}, {"type": "Feature", "geometry": {"type": "LineString", "coordinates": [[-112.11116940706839, 33.485834222861776], [-112.11116940706839, 33.48582673071204], [-112.11114245760986, 33.48582673071204], [-112.11114245760986, 33.485834222861776], [-112.11116940706839, 33.485834222861776]]}, "properties": {"confidence": "high"}}, {"type": "Feature", "geometry": {"type": "LineString", "coordinates": [[-112.10922006290185, 33.485834222861776], [-112.10922006290185, 33.48582673071204], [-112.10917514713765, 33.48582673071204], [-112.10917514713765, 33.485834222861776], [-112.10922006290185, 33.485834222861776]]}, "properties": {"confidence": "high"}}, {"type": "Feature", "geometry": {"type": "LineString", "coordinates": [[-112.10740546602793, 33.485834222861776], [-112.10740546602793, 33.48582673071204], [-112.10735156711088, 33.48582673071204], [-112.10735156711088, 33.485834222861776], [-112.10740546602793, 33.485834222861776]]}, "properties": {"confidence": "high"}}, {"type": "Feature", "geometry": {"type": "LineString", "coordinates": [[-112.11216653703376, 33.48587168360073], [-112.11216653703376, 33.48581923856166], [-112.11215755388092, 33.48581923856166], [-112.11215755388092, 33.48587168360073], [-112.11216653703376, 33.48587168360073]]}, "properties": {"confidence": "high"}}, {"type": "Feature", "geometry": {"type": "LineString", "coordinates": [[-112.11578674762876, 33.48582673071204], [-112.11578674762876, 33.48581923856166], [-112.11577776447591, 33.48581923856166], [-112.11577776447591, 33.48582673071204], [-112.11578674762876, 33.48582673071204]]}, "properties": {"confidence": "high"}}, {"type": "Feature", "geometry": {"type": "LineString", "coordinates": [[-112.11126822174964, 33.48582673071204], [-112.11126822174964, 33.48581923856166], [-112.11116940706839, 33.48581923856166], [-112.11116940706839, 33.48582673071204], [-112.11126822174964, 33.48582673071204]]}, "properties": {"confidence": "high"}}, {"type": "Feature", "geometry": {"type": "LineString", "coordinates": [[-112.10917514713765, 33.48582673071204], [-112.10917514713765, 33.48581923856166], [-112.10911226506775, 33.48581923856166], [-112.10911226506775, 33.48582673071204], [-112.10917514713765, 33.48582673071204]]}, "properties": {"confidence": "high"}}, {"type": "Feature", "geometry": {"type": "LineString", "coordinates": [[-112.10745936494497, 33.48582673071204], [-112.10745936494497, 33.48581923856166], [-112.10740546602793, 33.48581923856166], [-112.10740546602793, 33.48582673071204], [-112.10745936494497, 33.48582673071204]]}, "properties": {"confidence": "high"}}, {"type": "Feature", "geometry": {"type": "LineString", "coordinates": [[-112.11169941308601, 33.48584171501086], [-112.11169941308601, 33.48581174641063], [-112.11169042993318, 33.48581174641063], [-112.11169042993318, 33.48584171501086], [-112.11169941308601, 33.48584171501086]]}, "properties": {"confidence": "high"}}, {"type": "Feature", "geometry": {"type": "LineString", "coordinates": [[-112.11577776447591, 33.48581923856166], [-112.11577776447591, 33.48581174641063], [-112.11533758998671, 33.48581174641063], [-112.11533758998671, 33.48581923856166], [-112.11577776447591, 33.48581923856166]]}, "properties": {"confidence": "high"}}, {"type": "Feature", "geometry": {"type": "LineString", "coordinates": [[-112.11509504485998, 33.48581923856166], [-112.11509504485998, 33.48581174641063], [-112.113963167602, 33.48581174641063], [-112.113963167602, 33.48581923856166], [-112.11509504485998, 33.48581923856166]]}, "properties": {"confidence": "high"}}, {"type": "Feature", "geometry": {"type": "LineString", "coordinates": [[-112.11133110381954, 33.48581923856166], [-112.11133110381954, 33.48581174641063], [-112.11126822174964, 33.48581174641063], [-112.11126822174964, 33.48581923856166], [-112.11133110381954, 33.48581923856166]]}, "properties": {"confidence": "high"}}, {"type": "Feature", "geometry": {"type": "LineString", "coordinates": [[-112.10911226506775, 33.48581923856166], [-112.10911226506775, 33.48581174641063], [-112.1090583661507, 33.48581174641063], [-112.1090583661507, 33.48581923856166], [-112.10911226506775, 33.48581923856166]]}, "properties": {"confidence": "high"}}, {"type": "Feature", "geometry": {"type": "LineString", "coordinates": [[-112.10754919647339, 33.48581923856166], [-112.10754919647339, 33.48581174641063], [-112.10745936494497, 33.48581174641063], [-112.10745936494497, 33.48581923856166], [-112.10754919647339, 33.48581923856166]]}, "properties": {"confidence": "high"}}, {"type": "Feature", "geometry": {"type": "LineString", "coordinates": [[-112.11533758998671, 33.48581174641063], [-112.11533758998671, 33.48580425425896], [-112.11509504485998, 33.48580425425896], [-112.11509504485998, 33.48581174641063], [-112.11533758998671, 33.48581174641063]]}, "properties": {"confidence": "high"}}, {"type": "Feature", "geometry": {"type": "LineString", "coordinates": [[-112.11146585111214, 33.48581174641063], [-112.11146585111214, 33.48580425425896], [-112.11133110381954, 33.48580425425896], [-112.11133110381954, 33.48581174641063], [-112.11146585111214, 33.48581174641063]]}, "properties": {"confidence": "high"}}, {"type": "Feature", "geometry": {"type": "LineString", "coordinates": [[-112.1090583661507, 33.48581174641063], [-112.1090583661507, 33.48580425425896], [-112.10900446723366, 33.48580425425896], [-112.10900446723366, 33.48581174641063], [-112.1090583661507, 33.48581174641063]]}, "properties": {"confidence": "high"}}, {"type": "Feature", "geometry": {"type": "LineString", "coordinates": [[-112.10764801115464, 33.48581174641063], [-112.10764801115464, 33.48580425425896], [-112.10754919647339, 33.48580425425896], [-112.10754919647339, 33.48581174641063], [-112.10764801115464, 33.48581174641063]]}, "properties": {"confidence": "high"}}, {"type": "Feature", "geometry": {"type": "LineString", "coordinates": [[-112.11151076687635, 33.48580425425896], [-112.11151076687635, 33.48579676210663], [-112.11146585111214, 33.48579676210663], [-112.11146585111214, 33.48580425425896], [-112.11151076687635, 33.48580425425896]]}, "properties": {"confidence": "high"}}, {"type": "Feature", "geometry": {"type": "LineString", "coordinates": [[-112.10900446723366, 33.48580425425896], [-112.10900446723366, 33.48579676210663], [-112.10893260201092, 33.48579676210663], [-112.10893260201092, 33.48580425425896], [-112.10900446723366, 33.48580425425896]]}, "properties": {"confidence": "high"}}, {"type": "Feature", "geometry": {"type": "LineString", "coordinates": [[-112.10773784268305, 33.48580425425896], [-112.10773784268305, 33.48579676210663], [-112.10764801115464, 33.48579676210663], [-112.10764801115464, 33.48580425425896], [-112.10773784268305, 33.48580425425896]]}, "properties": {"confidence": "high"}}, {"type": "Feature", "geometry": {"type": "LineString", "coordinates": [[-112.11169042993318, 33.48581174641063], [-112.11169042993318, 33.485789269953656], [-112.11168144678034, 33.485789269953656], [-112.11168144678034, 33.48581174641063], [-112.11169042993318, 33.48581174641063]]}, "properties": {"confidence": "high"}}, {"type": "Feature", "geometry": {"type": "LineString", "coordinates": [[-112.11165449732181, 33.48579676210663], [-112.11165449732181, 33.485789269953656], [-112.11151076687635, 33.485789269953656], [-112.11151076687635, 33.48579676210663], [-112.11165449732181, 33.48579676210663]]}, "properties": {"confidence": "high"}}, {"type": "Feature", "geometry": {"type": "LineString", "coordinates": [[-112.10893260201092, 33.48579676210663], [-112.10893260201092, 33.485789269953656], [-112.10886971994104, 33.485789269953656], [-112.10886971994104, 33.48579676210663], [-112.10893260201092, 33.48579676210663]]}, "properties": {"confidence": "high"}}, {"type": "Feature", "geometry": {"type": "LineString", "coordinates": [[-112.10780970790577, 33.48579676210663], [-112.10780970790577, 33.485789269953656], [-112.10773784268305, 33.485789269953656], [-112.10773784268305, 33.48579676210663], [-112.10780970790577, 33.48579676210663]]}, "properties": {"confidence": "high"}}, {"type": "Feature", "geometry": {"type": "LineString", "coordinates": [[-112.10886971994104, 33.485789269953656], [-112.10886971994104, 33.485781777800035], [-112.1087978547183, 33.485781777800035], [-112.1087978547183, 33.485789269953656], [-112.10886971994104, 33.485789269953656]]}, "properties": {"confidence": "high"}}, {"type": "Feature", "geometry": {"type": "LineString", "coordinates": [[-112.10787258997567, 33.485789269953656], [-112.10787258997567, 33.485781777800035], [-112.10780970790577, 33.485781777800035], [-112.10780970790577, 33.485789269953656], [-112.10787258997567, 33.485789269953656]]}, "properties": {"confidence": "high"}}, {"type": "Feature", "geometry": {"type": "LineString", "coordinates": [[-112.1087978547183, 33.485781777800035], [-112.1087978547183, 33.48577428564577], [-112.10872598949558, 33.48577428564577], [-112.10872598949558, 33.485781777800035], [-112.1087978547183, 33.485781777800035]]}, "properties": {"confidence": "high"}}, {"type": "Feature", "geometry": {"type": "LineString", "coordinates": [[-112.10793547204555, 33.485781777800035], [-112.10793547204555, 33.48577428564577], [-112.10787258997567, 33.48577428564577], [-112.10787258997567, 33.485781777800035], [-112.10793547204555, 33.485781777800035]]}, "properties": {"confidence": "high"}}, {"type": "Feature", "geometry": {"type": "LineString", "coordinates": [[-112.10872598949558, 33.48577428564577], [-112.10872598949558, 33.485766793490846], [-112.1086631074257, 33.485766793490846], [-112.1086631074257, 33.48577428564577], [-112.10872598949558, 33.48577428564577]]}, "properties": {"confidence": "high"}}, {"type": "Feature", "geometry": {"type": "LineString", "coordinates": [[-112.10800733726829, 33.48577428564577], [-112.10800733726829, 33.485766793490846], [-112.10793547204555, 33.485766793490846], [-112.10793547204555, 33.48577428564577], [-112.10800733726829, 33.48577428564577]]}, "properties": {"confidence": "high"}}, {"type": "Feature", "geometry": {"type": "LineString", "coordinates": [[-112.11215755388092, 33.48581923856166], [-112.11215755388092, 33.48575930133528], [-112.11214857072808, 33.48575930133528], [-112.11214857072808, 33.48581923856166], [-112.11215755388092, 33.48581923856166]]}, "properties": {"confidence": "high"}}, {"type": "Feature", "geometry": {"type": "LineString", "coordinates": [[-112.1086631074257, 33.485766793490846], [-112.1086631074257, 33.48575930133528], [-112.10857327589729, 33.48575930133528], [-112.10857327589729, 33.485766793490846], [-112.1086631074257, 33.485766793490846]]}, "properties": {"confidence": "high"}}, {"type": "Feature", "geometry": {"type": "LineString", "coordinates": [[-112.10808818564385, 33.485766793490846], [-112.10808818564385, 33.48575930133528], [-112.10800733726829, 33.48575930133528], [-112.10800733726829, 33.485766793490846], [-112.10808818564385, 33.485766793490846]]}, "properties": {"confidence": "high"}}, {"type": "Feature", "geometry": {"type": "LineString", "coordinates": [[-112.10822293293647, 33.48575930133528], [-112.10822293293647, 33.48575180917907], [-112.10808818564385, 33.48575180917907], [-112.10808818564385, 33.48575930133528], [-112.10822293293647, 33.48575930133528]]}, "properties": {"confidence": "high"}}, {"type": "Feature", "geometry": {"type": "LineString", "coordinates": [[-112.11168144678034, 33.485789269953656], [-112.11168144678034, 33.48574431702221], [-112.11167246362749, 33.48574431702221], [-112.11167246362749, 33.485781777800035], [-112.11165449732181, 33.485781777800035], [-112.11165449732181, 33.485789269953656], [-112.11168144678034, 33.485789269953656]]}, "properties": {"confidence": "high"}}, {"type": "Feature", "geometry": {"type": "LineString", "coordinates": [[-112.11214857072808, 33.48575930133528], [-112.11214857072808, 33.48571434838827], [-112.11213958757523, 33.48571434838827], [-112.11213958757523, 33.48575930133528], [-112.11214857072808, 33.48575930133528]]}, "properties": {"confidence": "high"}}, {"type": "Feature", "geometry": {"type": "LineString", "coordinates": [[-112.11167246362749, 33.48574431702221], [-112.11167246362749, 33.48567688758128], [-112.11166348047465, 33.48567688758128], [-112.11166348047465, 33.48574431702221], [-112.11167246362749, 33.48574431702221]]}, "properties": {"confidence": "high"}}, {"type": "Feature", "geometry": {"type": "LineString", "coordinates": [[-112.11213958757523, 33.48571434838827], [-112.11213958757523, 33.48566939541794], [-112.11213060442239, 33.48566939541794], [-112.11213060442239, 33.48571434838827], [-112.11213958757523, 33.48571434838827]]}, "properties": {"confidence": "high"}}, {"type": "Feature", "geometry": {"type": "LineString", "coordinates": [[-112.11390028553211, 33.48586419145423], [-112.11390028553211, 33.48582673071204], [-112.113963167602, 33.48582673071204], [-112.113963167602, 33.48581923856166], [-112.11390028553211, 33.48581923856166], [-112.11390028553211, 33.485639426758084], [-112.11389130237927, 33.485639426758084], [-112.11389130237927, 33.48586419145423], [-112.11390028553211, 33.48586419145423]]}, "properties": {"confidence": "high"}}, {"type": "Feature", "geometry": {"type": "LineString", "coordinates": [[-112.11166348047465, 33.48567688758128], [-112.11166348047465, 33.4856319345915], [-112.11165449732181, 33.4856319345915], [-112.11165449732181, 33.48567688758128], [-112.11166348047465, 33.48567688758128]]}, "properties": {"confidence": "high"}}, {"type": "Feature", "geometry": {"type": "LineString", "coordinates": [[-112.11213060442239, 33.48566939541794], [-112.11213060442239, 33.48562444242427], [-112.11212162126955, 33.48562444242427], [-112.11212162126955, 33.48566939541794], [-112.11213060442239, 33.48566939541794]]}, "properties": {"confidence": "high"}}, {"type": "Feature", "geometry": {"type": "LineString", "coordinates": [[-112.1102531254786, 33.485616950256386], [-112.1102531254786, 33.485609458087865], [-112.11008244557459, 33.485609458087865], [-112.11008244557459, 33.485616950256386], [-112.1102531254786, 33.485616950256386]]}, "properties": {"confidence": "high"}}, {"type": "Feature", "geometry": {"type": "LineString", "coordinates": [[-112.11033397385415, 33.485609458087865], [-112.11033397385415, 33.48560196591868], [-112.1102531254786, 33.48560196591868], [-112.1102531254786, 33.485609458087865], [-112.11033397385415, 33.485609458087865]]}, "properties": {"confidence": "high"}}, {"type": "Feature", "geometry": {"type": "LineString", "coordinates": [[-112.11008244557459, 33.485609458087865], [-112.11008244557459, 33.48560196591868], [-112.11004651296324, 33.48560196591868], [-112.11004651296324, 33.485609458087865], [-112.11008244557459, 33.485609458087865]]}, "properties": {"confidence": "high"}}, {"type": "Feature", "geometry": {"type": "LineString", "coordinates": [[-112.1105855021337, 33.485834222861776], [-112.1105855021337, 33.485594473748854], [-112.11057651898086, 33.485594473748854], [-112.11057651898086, 33.485609458087865], [-112.11033397385415, 33.485609458087865], [-112.11033397385415, 33.485616950256386], [-112.11057651898086, 33.485616950256386], [-112.11057651898086, 33.485834222861776], [-112.1105855021337, 33.485834222861776]]}, "properties": {"confidence": "high"}}, {"type": "Feature", "geometry": {"type": "LineString", "coordinates": [[-112.10660596542506, 33.485616950256386], [-112.10660596542506, 33.485594473748854], [-112.10659698227221, 33.485594473748854], [-112.10659698227221, 33.485616950256386], [-112.10660596542506, 33.485616950256386]]}, "properties": {"confidence": "high"}}, {"type": "Feature", "geometry": {"type": "LineString", "coordinates": [[-112.11004651296324, 33.48560196591868], [-112.11004651296324, 33.485594473748854], [-112.11000159719903, 33.485594473748854], [-112.11000159719903, 33.48560196591868], [-112.11004651296324, 33.48560196591868]]}, "properties": {"confidence": "high"}}, {"type": "Feature", "geometry": {"type": "LineString", "coordinates": [[-112.11165449732181, 33.4856319345915], [-112.11165449732181, 33.485586981578386], [-112.11164551416897, 33.485586981578386], [-112.11164551416897, 33.4856319345915], [-112.11165449732181, 33.4856319345915]]}, "properties": {"confidence": "high"}}, {"type": "Feature", "geometry": {"type": "LineString", "coordinates": [[-112.11212162126955, 33.48562444242427], [-112.11212162126955, 33.485586981578386], [-112.11211263811671, 33.485586981578386], [-112.11211263811671, 33.48562444242427], [-112.11212162126955, 33.48562444242427]]}, "properties": {"confidence": "high"}}, {"type": "Feature", "geometry": {"type": "LineString", "coordinates": [[-112.11000159719903, 33.485594473748854], [-112.11000159719903, 33.485586981578386], [-112.10994769828199, 33.485586981578386], [-112.10994769828199, 33.485594473748854], [-112.11000159719903, 33.485594473748854]]}, "properties": {"confidence": "high"}}, {"type": "Feature", "geometry": {"type": "LineString", "coordinates": [[-112.10994769828199, 33.485586981578386], [-112.10994769828199, 33.485579489407264], [-112.1098848162121, 33.485579489407264], [-112.1098848162121, 33.485586981578386], [-112.10994769828199, 33.485586981578386]]}, "properties": {"confidence": "high"}}, {"type": "Feature", "geometry": {"type": "LineString", "coordinates": [[-112.1066149485779, 33.485594473748854], [-112.1066149485779, 33.4855719972355], [-112.10660596542506, 33.4855719972355], [-112.10660596542506, 33.485594473748854], [-112.1066149485779, 33.485594473748854]]}, "properties": {"confidence": "high"}}, {"type": "Feature", "geometry": {"type": "LineString", "coordinates": [[-112.1098848162121, 33.485579489407264], [-112.1098848162121, 33.4855719972355], [-112.10984888360073, 33.4855719972355], [-112.10984888360073, 33.485579489407264], [-112.1098848162121, 33.485579489407264]]}, "properties": {"confidence": "high"}}, {"type": "Feature", "geometry": {"type": "LineString", "coordinates": [[-112.10984888360073, 33.4855719972355], [-112.10984888360073, 33.485564505063074], [-112.10980396783653, 33.485564505063074], [-112.10980396783653, 33.4855719972355], [-112.10984888360073, 33.4855719972355]]}, "properties": {"confidence": "high"}}, {"type": "Feature", "geometry": {"type": "LineString", "coordinates": [[-112.11211263811671, 33.485586981578386], [-112.11211263811671, 33.48555701289002], [-112.11210365496387, 33.48555701289002], [-112.11210365496387, 33.485586981578386], [-112.11211263811671, 33.485586981578386]]}, "properties": {"confidence": "high"}}, {"type": "Feature", "geometry": {"type": "LineString", "coordinates": [[-112.10662393173074, 33.4855719972355], [-112.10662393173074, 33.48555701289002], [-112.1066149485779, 33.48555701289002], [-112.1066149485779, 33.4855719972355], [-112.10662393173074, 33.4855719972355]]}, "properties": {"confidence": "high"}}, {"type": "Feature", "geometry": {"type": "LineString", "coordinates": [[-112.1106932999678, 33.485564505063074], [-112.1106932999678, 33.48555701289002], [-112.11064838420359, 33.48555701289002], [-112.11064838420359, 33.485564505063074], [-112.1106932999678, 33.485564505063074]]}, "properties": {"confidence": "high"}}, {"type": "Feature", "geometry": {"type": "LineString", "coordinates": [[-112.10980396783653, 33.485564505063074], [-112.10980396783653, 33.48555701289002], [-112.10976803522516, 33.48555701289002], [-112.10976803522516, 33.485564505063074], [-112.10980396783653, 33.485564505063074]]}, "properties": {"confidence": "high"}}, {"type": "Feature", "geometry": {"type": "LineString", "coordinates": [[-112.10845649491036, 33.486103939820545], [-112.10845649491036, 33.48575930133528], [-112.10857327589729, 33.48575930133528], [-112.10857327589729, 33.48575180917907], [-112.10845649491036, 33.48575180917907], [-112.10845649491036, 33.485549520716305], [-112.1084475117575, 33.485549520716305], [-112.1084475117575, 33.48574431702221], [-112.10822293293647, 33.48574431702221], [-112.10822293293647, 33.48575180917907], [-112.1084475117575, 33.48575180917907], [-112.1084475117575, 33.486103939820545], [-112.10845649491036, 33.486103939820545]]}, "properties": {"confidence": "high"}}, {"type": "Feature", "geometry": {"type": "LineString", "coordinates": [[-112.11075618203769, 33.48555701289002], [-112.11075618203769, 33.485549520716305], [-112.1106932999678, 33.485549520716305], [-112.1106932999678, 33.48555701289002], [-112.11075618203769, 33.48555701289002]]}, "properties": {"confidence": "high"}}, {"type": "Feature", "geometry": {"type": "LineString", "coordinates": [[-112.10976803522516, 33.48555701289002], [-112.10976803522516, 33.485549520716305], [-112.10972311946095, 33.485549520716305], [-112.10972311946095, 33.48555701289002], [-112.10976803522516, 33.48555701289002]]}, "properties": {"confidence": "high"}}, {"type": "Feature", "geometry": {"type": "LineString", "coordinates": [[-112.10663291488358, 33.48555701289002], [-112.10663291488358, 33.485549520716305], [-112.10662393173074, 33.485549520716305], [-112.10662393173074, 33.48555701289002], [-112.10663291488358, 33.48555701289002]]}, "properties": {"confidence": "high"}}, {"type": "Feature", "geometry": {"type": "LineString", "coordinates": [[-112.11059448528654, 33.485594473748854], [-112.11059448528654, 33.4855719972355], [-112.11064838420359, 33.4855719972355], [-112.11064838420359, 33.485564505063074], [-112.11059448528654, 33.485564505063074], [-112.11059448528654, 33.48554202854194], [-112.1105855021337, 33.48554202854194], [-112.1105855021337, 33.485594473748854], [-112.11059448528654, 33.485594473748854]]}, "properties": {"confidence": "high"}}, {"type": "Feature", "geometry": {"type": "LineString", "coordinates": [[-112.11078313149622, 33.485549520716305], [-112.11078313149622, 33.48554202854194], [-112.11075618203769, 33.48554202854194], [-112.11075618203769, 33.485549520716305], [-112.11078313149622, 33.485549520716305]]}, "properties": {"confidence": "high"}}, {"type": "Feature", "geometry": {"type": "LineString", "coordinates": [[-112.10972311946095, 33.485549520716305], [-112.10972311946095, 33.48554202854194], [-112.10969617000244, 33.48554202854194], [-112.10969617000244, 33.485549520716305], [-112.10972311946095, 33.485549520716305]]}, "properties": {"confidence": "high"}}, {"type": "Feature", "geometry": {"type": "LineString", "coordinates": [[-112.10664189803641, 33.485549520716305], [-112.10664189803641, 33.48554202854194], [-112.10663291488358, 33.48554202854194], [-112.10663291488358, 33.485549520716305], [-112.10664189803641, 33.485549520716305]]}, "properties": {"confidence": "high"}}, {"type": "Feature", "geometry": {"type": "LineString", "coordinates": [[-112.1108010978019, 33.48554202854194], [-112.1108010978019, 33.48553453636694], [-112.11078313149622, 33.48553453636694], [-112.11078313149622, 33.48554202854194], [-112.1108010978019, 33.48554202854194]]}, "properties": {"confidence": "high"}}, {"type": "Feature", "geometry": {"type": "LineString", "coordinates": [[-112.10969617000244, 33.48554202854194], [-112.10969617000244, 33.48553453636694], [-112.10966023739107, 33.48553453636694], [-112.10966023739107, 33.48554202854194], [-112.10969617000244, 33.48554202854194]]}, "properties": {"confidence": "high"}}, {"type": "Feature", "geometry": {"type": "LineString", "coordinates": [[-112.10665088118927, 33.48554202854194], [-112.10665088118927, 33.48552704419128], [-112.10664189803641, 33.48552704419128], [-112.10664189803641, 33.48554202854194], [-112.10665088118927, 33.48554202854194]]}, "properties": {"confidence": "high"}}, {"type": "Feature", "geometry": {"type": "LineString", "coordinates": [[-112.11082804726043, 33.48553453636694], [-112.11082804726043, 33.48552704419128], [-112.1108010978019, 33.48552704419128], [-112.1108010978019, 33.48553453636694], [-112.11082804726043, 33.48553453636694]]}, "properties": {"confidence": "high"}}, {"type": "Feature", "geometry": {"type": "LineString", "coordinates": [[-112.10966023739107, 33.48553453636694], [-112.10966023739107, 33.48552704419128], [-112.10963328793255, 33.48552704419128], [-112.10963328793255, 33.48553453636694], [-112.10966023739107, 33.48553453636694]]}, "properties": {"confidence": "high"}}, {"type": "Feature", "geometry": {"type": "LineString", "coordinates": [[-112.11210365496387, 33.48555701289002], [-112.11210365496387, 33.48551955201497], [-112.11209467181104, 33.48551955201497], [-112.11209467181104, 33.48555701289002], [-112.11210365496387, 33.48555701289002]]}, "properties": {"confidence": "high"}}, {"type": "Feature", "geometry": {"type": "LineString", "coordinates": [[-112.11085499671894, 33.48552704419128], [-112.11085499671894, 33.48551955201497], [-112.11082804726043, 33.48551955201497], [-112.11082804726043, 33.48552704419128], [-112.11085499671894, 33.48552704419128]]}, "properties": {"confidence": "high"}}, {"type": "Feature", "geometry": {"type": "LineString", "coordinates": [[-112.10963328793255, 33.48552704419128], [-112.10963328793255, 33.48551955201497], [-112.10959735532118, 33.48551955201497], [-112.10959735532118, 33.48552704419128], [-112.10963328793255, 33.48552704419128]]}, "properties": {"confidence": "high"}}, {"type": "Feature", "geometry": {"type": "LineString", "coordinates": [[-112.11088194617747, 33.48551955201497], [-112.11088194617747, 33.48551205983802], [-112.11085499671894, 33.48551205983802], [-112.11085499671894, 33.48551955201497], [-112.11088194617747, 33.48551955201497]]}, "properties": {"confidence": "high"}}, {"type": "Feature", "geometry": {"type": "LineString", "coordinates": [[-112.10959735532118, 33.48551955201497], [-112.10959735532118, 33.48551205983802], [-112.10957040586266, 33.48551205983802], [-112.10957040586266, 33.48551955201497], [-112.10959735532118, 33.48551955201497]]}, "properties": {"confidence": "high"}}, {"type": "Feature", "geometry": {"type": "LineString", "coordinates": [[-112.1066598643421, 33.48552704419128], [-112.1066598643421, 33.48551955201497], [-112.10676766217621, 33.48551955201497], [-112.10676766217621, 33.48551205983802], [-112.10665088118927, 33.48551205983802], [-112.10665088118927, 33.48552704419128], [-112.1066598643421, 33.48552704419128]]}, "properties": {"confidence": "high"}}, {"type": "Feature", "geometry": {"type": "LineString", "coordinates": [[-112.11308281862357, 33.48591663646607], [-112.11308281862357, 33.48550456766042], [-112.11307383547073, 33.48550456766042], [-112.11307383547073, 33.48591663646607], [-112.11308281862357, 33.48591663646607]]}, "properties": {"confidence": "high"}}, {"type": "Feature", "geometry": {"type": "LineString", "coordinates": [[-112.11164551416897, 33.485586981578386], [-112.11164551416897, 33.48550456766042], [-112.11163653101613, 33.48550456766042], [-112.11163653101613, 33.485586981578386], [-112.11164551416897, 33.485586981578386]]}, "properties": {"confidence": "high"}}, {"type": "Feature", "geometry": {"type": "LineString", "coordinates": [[-112.11089991248315, 33.48551205983802], [-112.11089991248315, 33.48550456766042], [-112.11088194617747, 33.48550456766042], [-112.11088194617747, 33.48551205983802], [-112.11089991248315, 33.48551205983802]]}, "properties": {"confidence": "high"}}, {"type": "Feature", "geometry": {"type": "LineString", "coordinates": [[-112.10957040586266, 33.48551205983802], [-112.10957040586266, 33.48550456766042], [-112.10953447325129, 33.48550456766042], [-112.10953447325129, 33.48551205983802], [-112.10957040586266, 33.48551205983802]]}, "properties": {"confidence": "high"}}, {"type": "Feature", "geometry": {"type": "LineString", "coordinates": [[-112.10683952739893, 33.48551205983802], [-112.10683952739893, 33.48550456766042], [-112.10676766217621, 33.48550456766042], [-112.10676766217621, 33.48551205983802], [-112.10683952739893, 33.48551205983802]]}, "properties": {"confidence": "high"}}, {"type": "Feature", "geometry": {"type": "LineString", "coordinates": [[-112.10665088118927, 33.48551205983802], [-112.10665088118927, 33.48550456766042], [-112.10664189803641, 33.48550456766042], [-112.10664189803641, 33.48551205983802], [-112.10665088118927, 33.48551205983802]]}, "properties": {"confidence": "high"}}, {"type": "Feature", "geometry": {"type": "LineString", "coordinates": [[-112.11092686194168, 33.48550456766042], [-112.11092686194168, 33.485497075482165], [-112.11089991248315, 33.485497075482165], [-112.11089991248315, 33.48550456766042], [-112.11092686194168, 33.48550456766042]]}, "properties": {"confidence": "high"}}, {"type": "Feature", "geometry": {"type": "LineString", "coordinates": [[-112.10953447325129, 33.48550456766042], [-112.10953447325129, 33.485497075482165], [-112.10950752379276, 33.485497075482165], [-112.10950752379276, 33.48550456766042], [-112.10953447325129, 33.48550456766042]]}, "properties": {"confidence": "high"}}, {"type": "Feature", "geometry": {"type": "LineString", "coordinates": [[-112.10693834208018, 33.48550456766042], [-112.10693834208018, 33.485497075482165], [-112.10683952739893, 33.485497075482165], [-112.10683952739893, 33.48550456766042], [-112.10693834208018, 33.48550456766042]]}, "properties": {"confidence": "high"}}, {"type": "Feature", "geometry": {"type": "LineString", "coordinates": [[-112.10664189803641, 33.48550456766042], [-112.10664189803641, 33.485497075482165], [-112.10663291488358, 33.485497075482165], [-112.10663291488358, 33.48550456766042], [-112.10664189803641, 33.48550456766042]]}, "properties": {"confidence": "high"}}, {"type": "Feature", "geometry": {"type": "LineString", "coordinates": [[-112.11097177770588, 33.485497075482165], [-112.11097177770588, 33.48548958330327], [-112.11092686194168, 33.48548958330327], [-112.11092686194168, 33.485497075482165], [-112.11097177770588, 33.485497075482165]]}, "properties": {"confidence": "high"}}, {"type": "Feature", "geometry": {"type": "LineString", "coordinates": [[-112.10950752379276, 33.485497075482165], [-112.10950752379276, 33.48548958330327], [-112.10947159118139, 33.48548958330327], [-112.10947159118139, 33.485497075482165], [-112.10950752379276, 33.485497075482165]]}, "properties": {"confidence": "high"}}, {"type": "Feature", "geometry": {"type": "LineString", "coordinates": [[-112.1070102073029, 33.485497075482165], [-112.1070102073029, 33.48548958330327], [-112.10693834208018, 33.48548958330327], [-112.10693834208018, 33.485497075482165], [-112.1070102073029, 33.485497075482165]]}, "properties": {"confidence": "high"}}, {"type": "Feature", "geometry": {"type": "LineString", "coordinates": [[-112.10663291488358, 33.485497075482165], [-112.10663291488358, 33.48548958330327], [-112.10662393173074, 33.48548958330327], [-112.10662393173074, 33.485497075482165], [-112.10663291488358, 33.485497075482165]]}, "properties": {"confidence": "high"}}, {"type": "Feature", "geometry": {"type": "LineString", "coordinates": [[-112.11209467181104, 33.48551955201497], [-112.11209467181104, 33.48548209112373], [-112.11208568865818, 33.48548209112373], [-112.11208568865818, 33.48551955201497], [-112.11209467181104, 33.48551955201497]]}, "properties": {"confidence": "high"}}, {"type": "Feature", "geometry": {"type": "LineString", "coordinates": [[-112.11100771031724, 33.48548958330327], [-112.11100771031724, 33.48548209112373], [-112.11097177770588, 33.48548209112373], [-112.11097177770588, 33.48548958330327], [-112.11100771031724, 33.48548958330327]]}, "properties": {"confidence": "high"}}, {"type": "Feature", "geometry": {"type": "LineString", "coordinates": [[-112.10947159118139, 33.48548958330327], [-112.10947159118139, 33.48548209112373], [-112.10944464172287, 33.48548209112373], [-112.10944464172287, 33.48548958330327], [-112.10947159118139, 33.48548958330327]]}, "properties": {"confidence": "high"}}, {"type": "Feature", "geometry": {"type": "LineString", "coordinates": [[-112.10710003883132, 33.48548958330327], [-112.10710003883132, 33.48548209112373], [-112.1070102073029, 33.48548209112373], [-112.1070102073029, 33.48548958330327], [-112.10710003883132, 33.48548958330327]]}, "properties": {"confidence": "high"}}, {"type": "Feature", "geometry": {"type": "LineString", "coordinates": [[-112.10662393173074, 33.48548958330327], [-112.10662393173074, 33.48548209112373], [-112.1066149485779, 33.48548209112373], [-112.1066149485779, 33.48548958330327], [-112.10662393173074, 33.48548958330327]]}, "properties": {"confidence": "high"}}, {"type": "Feature", "geometry": {"type": "LineString", "coordinates": [[-112.11105262608145, 33.48548209112373], [-112.11105262608145, 33.48547459894353], [-112.11100771031724, 33.48547459894353], [-112.11100771031724, 33.48548209112373], [-112.11105262608145, 33.48548209112373]]}, "properties": {"confidence": "high"}}, {"type": "Feature", "geometry": {"type": "LineString", "coordinates": [[-112.10944464172287, 33.48548209112373], [-112.10944464172287, 33.48547459894353], [-112.10941769226434, 33.48547459894353], [-112.10941769226434, 33.48548209112373], [-112.10944464172287, 33.48548209112373]]}, "properties": {"confidence": "high"}}, {"type": "Feature", "geometry": {"type": "LineString", "coordinates": [[-112.1071629209012, 33.48548209112373], [-112.1071629209012, 33.48547459894353], [-112.10710003883132, 33.48547459894353], [-112.10710003883132, 33.48548209112373], [-112.1071629209012, 33.48548209112373]]}, "properties": {"confidence": "high"}}, {"type": "Feature", "geometry": {"type": "LineString", "coordinates": [[-112.1066149485779, 33.48548209112373], [-112.1066149485779, 33.48547459894353], [-112.10660596542506, 33.48547459894353], [-112.10660596542506, 33.48548209112373], [-112.1066149485779, 33.48548209112373]]}, "properties": {"confidence": "high"}}, {"type": "Feature", "geometry": {"type": "LineString", "coordinates": [[-112.11108855869281, 33.48547459894353], [-112.11108855869281, 33.4854671067627], [-112.11105262608145, 33.4854671067627], [-112.11105262608145, 33.48547459894353], [-112.11108855869281, 33.48547459894353]]}, "properties": {"confidence": "high"}}, {"type": "Feature", "geometry": {"type": "LineString", "coordinates": [[-112.10941769226434, 33.48547459894353], [-112.10941769226434, 33.4854671067627], [-112.10939074280583, 33.4854671067627], [-112.10939074280583, 33.48547459894353], [-112.10941769226434, 33.48547459894353]]}, "properties": {"confidence": "high"}}, {"type": "Feature", "geometry": {"type": "LineString", "coordinates": [[-112.10720783666541, 33.48547459894353], [-112.10720783666541, 33.4854671067627], [-112.1071629209012, 33.4854671067627], [-112.1071629209012, 33.48547459894353], [-112.10720783666541, 33.48547459894353]]}, "properties": {"confidence": "high"}}, {"type": "Feature", "geometry": {"type": "LineString", "coordinates": [[-112.11113347445702, 33.4854671067627], [-112.11113347445702, 33.4854596145812], [-112.11108855869281, 33.4854596145812], [-112.11108855869281, 33.4854671067627], [-112.11113347445702, 33.4854671067627]]}, "properties": {"confidence": "high"}}, {"type": "Feature", "geometry": {"type": "LineString", "coordinates": [[-112.10939074280583, 33.4854671067627], [-112.10939074280583, 33.4854596145812], [-112.10935481019446, 33.4854596145812], [-112.10935481019446, 33.4854671067627], [-112.10939074280583, 33.4854671067627]]}, "properties": {"confidence": "high"}}, {"type": "Feature", "geometry": {"type": "LineString", "coordinates": [[-112.10725275242962, 33.4854671067627], [-112.10725275242962, 33.4854596145812], [-112.10720783666541, 33.4854596145812], [-112.10720783666541, 33.4854671067627], [-112.10725275242962, 33.4854671067627]]}, "properties": {"confidence": "high"}}, {"type": "Feature", "geometry": {"type": "LineString", "coordinates": [[-112.11390926868495, 33.485639426758084], [-112.11390926868495, 33.48545212239907], [-112.11390028553211, 33.48545212239907], [-112.11390028553211, 33.485639426758084], [-112.11390926868495, 33.485639426758084]]}, "properties": {"confidence": "high"}}, {"type": "Feature", "geometry": {"type": "LineString", "coordinates": [[-112.11208568865818, 33.48548209112373], [-112.11208568865818, 33.48545212239907], [-112.11207670550534, 33.48545212239907], [-112.11207670550534, 33.48548209112373], [-112.11208568865818, 33.48548209112373]]}, "properties": {"confidence": "high"}}, {"type": "Feature", "geometry": {"type": "LineString", "coordinates": [[-112.11117839022123, 33.4854596145812], [-112.11117839022123, 33.48545212239907], [-112.11113347445702, 33.48545212239907], [-112.11113347445702, 33.4854596145812], [-112.11117839022123, 33.4854596145812]]}, "properties": {"confidence": "high"}}, {"type": "Feature", "geometry": {"type": "LineString", "coordinates": [[-112.10935481019446, 33.4854596145812], [-112.10935481019446, 33.48545212239907], [-112.10932786073595, 33.48545212239907], [-112.10932786073595, 33.4854596145812], [-112.10935481019446, 33.4854596145812]]}, "properties": {"confidence": "high"}}, {"type": "Feature", "geometry": {"type": "LineString", "coordinates": [[-112.10729766819384, 33.4854596145812], [-112.10729766819384, 33.48545212239907], [-112.10725275242962, 33.48545212239907], [-112.10725275242962, 33.4854596145812], [-112.10729766819384, 33.4854596145812]]}, "properties": {"confidence": "high"}}, {"type": "Feature", "geometry": {"type": "LineString", "coordinates": [[-112.11125025544396, 33.48545212239907], [-112.11125025544396, 33.48544463021628], [-112.11117839022123, 33.48544463021628], [-112.11117839022123, 33.48545212239907], [-112.11125025544396, 33.48545212239907]]}, "properties": {"confidence": "high"}}, {"type": "Feature", "geometry": {"type": "LineString", "coordinates": [[-112.10932786073595, 33.48545212239907], [-112.10932786073595, 33.48544463021628], [-112.10930091127742, 33.48544463021628], [-112.10930091127742, 33.48545212239907], [-112.10932786073595, 33.48545212239907]]}, "properties": {"confidence": "high"}}, {"type": "Feature", "geometry": {"type": "LineString", "coordinates": [[-112.10734258395804, 33.48545212239907], [-112.10734258395804, 33.48544463021628], [-112.10729766819384, 33.48544463021628], [-112.10729766819384, 33.48545212239907], [-112.10734258395804, 33.48545212239907]]}, "properties": {"confidence": "high"}}, {"type": "Feature", "geometry": {"type": "LineString", "coordinates": [[-112.11163653101613, 33.48550456766042], [-112.11163653101613, 33.48543713803284], [-112.11162754786328, 33.48543713803284], [-112.11162754786328, 33.48550456766042], [-112.11163653101613, 33.48550456766042]]}, "properties": {"confidence": "high"}}, {"type": "Feature", "geometry": {"type": "LineString", "coordinates": [[-112.11575979817023, 33.48544463021628], [-112.11575979817023, 33.48543713803284], [-112.11575081501739, 33.48543713803284], [-112.11575081501739, 33.48544463021628], [-112.11575979817023, 33.48544463021628]]}, "properties": {"confidence": "high"}}, {"type": "Feature", "geometry": {"type": "LineString", "coordinates": [[-112.11134008697238, 33.48544463021628], [-112.11134008697238, 33.48543713803284], [-112.11125025544396, 33.48543713803284], [-112.11125025544396, 33.48544463021628], [-112.11134008697238, 33.48544463021628]]}, "properties": {"confidence": "high"}}, {"type": "Feature", "geometry": {"type": "LineString", "coordinates": [[-112.10930091127742, 33.48544463021628], [-112.10930091127742, 33.48543713803284], [-112.10926497866605, 33.48543713803284], [-112.10926497866605, 33.48544463021628], [-112.10930091127742, 33.48544463021628]]}, "properties": {"confidence": "high"}}, {"type": "Feature", "geometry": {"type": "LineString", "coordinates": [[-112.10739648287509, 33.48544463021628], [-112.10739648287509, 33.48543713803284], [-112.10734258395804, 33.48543713803284], [-112.10734258395804, 33.48544463021628], [-112.10739648287509, 33.48544463021628]]}, "properties": {"confidence": "high"}}, {"type": "Feature", "geometry": {"type": "LineString", "coordinates": [[-112.11575081501739, 33.48543713803284], [-112.11575081501739, 33.48542964584876], [-112.11398113390767, 33.48542964584876], [-112.11398113390767, 33.48543713803284], [-112.11575081501739, 33.48543713803284]]}, "properties": {"confidence": "high"}}, {"type": "Feature", "geometry": {"type": "LineString", "coordinates": [[-112.11162754786328, 33.48543713803284], [-112.11162754786328, 33.48542964584876], [-112.11161856471044, 33.48542964584876], [-112.11161856471044, 33.48543713803284], [-112.11162754786328, 33.48543713803284]]}, "properties": {"confidence": "high"}}, {"type": "Feature", "geometry": {"type": "LineString", "coordinates": [[-112.11142991850079, 33.48543713803284], [-112.11142991850079, 33.48542964584876], [-112.11134008697238, 33.48542964584876], [-112.11134008697238, 33.48543713803284], [-112.11142991850079, 33.48543713803284]]}, "properties": {"confidence": "high"}}, {"type": "Feature", "geometry": {"type": "LineString", "coordinates": [[-112.10926497866605, 33.48543713803284], [-112.10926497866605, 33.48542964584876], [-112.1092290460547, 33.48542964584876], [-112.1092290460547, 33.48543713803284], [-112.10926497866605, 33.48543713803284]]}, "properties": {"confidence": "high"}}, {"type": "Feature", "geometry": {"type": "LineString", "coordinates": [[-112.10745038179213, 33.48543713803284], [-112.10745038179213, 33.48542964584876], [-112.10739648287509, 33.48542964584876], [-112.10739648287509, 33.48543713803284], [-112.10745038179213, 33.48543713803284]]}, "properties": {"confidence": "high"}}, {"type": "Feature", "geometry": {"type": "LineString", "coordinates": [[-112.11207670550534, 33.48545212239907], [-112.11207670550534, 33.48542215366403], [-112.1120677223525, 33.48542215366403], [-112.1120677223525, 33.48545212239907], [-112.11207670550534, 33.48545212239907]]}, "properties": {"confidence": "high"}}, {"type": "Feature", "geometry": {"type": "LineString", "coordinates": [[-112.11161856471044, 33.48542964584876], [-112.11161856471044, 33.48542215366403], [-112.1116095815576, 33.48542215366403], [-112.1116095815576, 33.48542964584876], [-112.11161856471044, 33.48542964584876]]}, "properties": {"confidence": "high"}}, {"type": "Feature", "geometry": {"type": "LineString", "coordinates": [[-112.1115646657934, 33.48542964584876], [-112.1115646657934, 33.48542215366403], [-112.11142991850079, 33.48542215366403], [-112.11142991850079, 33.48542964584876], [-112.1115646657934, 33.48542964584876]]}, "properties": {"confidence": "high"}}, {"type": "Feature", "geometry": {"type": "LineString", "coordinates": [[-112.1092290460547, 33.48542964584876], [-112.1092290460547, 33.48542215366403], [-112.10918413029049, 33.48542215366403], [-112.10918413029049, 33.48542964584876], [-112.1092290460547, 33.48542964584876]]}, "properties": {"confidence": "high"}}, {"type": "Feature", "geometry": {"type": "LineString", "coordinates": [[-112.10750428070918, 33.48542964584876], [-112.10750428070918, 33.48542215366403], [-112.10745038179213, 33.48542215366403], [-112.10745038179213, 33.48542964584876], [-112.10750428070918, 33.48542964584876]]}, "properties": {"confidence": "high"}}, {"type": "Feature", "geometry": {"type": "LineString", "coordinates": [[-112.10918413029049, 33.48542215366403], [-112.10918413029049, 33.48541466147865], [-112.10913023137344, 33.48541466147865], [-112.10913023137344, 33.48542215366403], [-112.10918413029049, 33.48542215366403]]}, "properties": {"confidence": "high"}}, {"type": "Feature", "geometry": {"type": "LineString", "coordinates": [[-112.10758512908475, 33.48542215366403], [-112.10758512908475, 33.48541466147865], [-112.10750428070918, 33.48541466147865], [-112.10750428070918, 33.48542215366403], [-112.10758512908475, 33.48542215366403]]}, "properties": {"confidence": "high"}}, {"type": "Feature", "geometry": {"type": "LineString", "coordinates": [[-112.11391825183779, 33.48545212239907], [-112.11391825183779, 33.48542964584876], [-112.11398113390767, 33.48542964584876], [-112.11398113390767, 33.48542215366403], [-112.11391825183779, 33.48542215366403], [-112.11391825183779, 33.48540716929263], [-112.11390926868495, 33.48540716929263], [-112.11390926868495, 33.48545212239907], [-112.11391825183779, 33.48545212239907]]}, "properties": {"confidence": "high"}}, {"type": "Feature", "geometry": {"type": "LineString", "coordinates": [[-112.10913023137344, 33.48541466147865], [-112.10913023137344, 33.48540716929263], [-112.1090763324564, 33.48540716929263], [-112.1090763324564, 33.48541466147865], [-112.10913023137344, 33.48541466147865]]}, "properties": {"confidence": "high"}}, {"type": "Feature", "geometry": {"type": "LineString", "coordinates": [[-112.10763004484896, 33.48541466147865], [-112.10763004484896, 33.48540716929263], [-112.10758512908475, 33.48540716929263], [-112.10758512908475, 33.48541466147865], [-112.10763004484896, 33.48541466147865]]}, "properties": {"confidence": "high"}}, {"type": "Feature", "geometry": {"type": "LineString", "coordinates": [[-112.1105855021337, 33.48554202854194], [-112.1105855021337, 33.485399677105946], [-112.11057651898086, 33.485399677105946], [-112.11057651898086, 33.48554202854194], [-112.1105855021337, 33.48554202854194]]}, "properties": {"confidence": "high"}}, {"type": "Feature", "geometry": {"type": "LineString", "coordinates": [[-112.1116095815576, 33.48542215366403], [-112.1116095815576, 33.485399677105946], [-112.11160059840476, 33.485399677105946], [-112.11160059840476, 33.48541466147865], [-112.1115646657934, 33.48541466147865], [-112.1115646657934, 33.48542215366403], [-112.1116095815576, 33.48542215366403]]}, "properties": {"confidence": "high"}}, {"type": "Feature", "geometry": {"type": "LineString", "coordinates": [[-112.1090763324564, 33.48540716929263], [-112.1090763324564, 33.485399677105946], [-112.1090134503865, 33.485399677105946], [-112.1090134503865, 33.48540716929263], [-112.1090763324564, 33.48540716929263]]}, "properties": {"confidence": "high"}}, {"type": "Feature", "geometry": {"type": "LineString", "coordinates": [[-112.10769292691884, 33.48540716929263], [-112.10769292691884, 33.485399677105946], [-112.10763004484896, 33.485399677105946], [-112.10763004484896, 33.48540716929263], [-112.10769292691884, 33.48540716929263]]}, "properties": {"confidence": "high"}}, {"type": "Feature", "geometry": {"type": "LineString", "coordinates": [[-112.11161856471044, 33.485399677105946], [-112.11161856471044, 33.48539218491863], [-112.1116095815576, 33.48539218491863], [-112.1116095815576, 33.485399677105946], [-112.11161856471044, 33.485399677105946]]}, "properties": {"confidence": "high"}}, {"type": "Feature", "geometry": {"type": "LineString", "coordinates": [[-112.1090134503865, 33.485399677105946], [-112.1090134503865, 33.48539218491863], [-112.10894158516376, 33.48539218491863], [-112.10894158516376, 33.485399677105946], [-112.1090134503865, 33.485399677105946]]}, "properties": {"confidence": "high"}}, {"type": "Feature", "geometry": {"type": "LineString", "coordinates": [[-112.10774682583589, 33.485399677105946], [-112.10774682583589, 33.48539218491863], [-112.10769292691884, 33.48539218491863], [-112.10769292691884, 33.485399677105946], [-112.10774682583589, 33.485399677105946]]}, "properties": {"confidence": "high"}}, {"type": "Feature", "geometry": {"type": "LineString", "coordinates": [[-112.10894158516376, 33.48539218491863], [-112.10894158516376, 33.485384692730655], [-112.10886971994104, 33.485384692730655], [-112.10886971994104, 33.48539218491863], [-112.10894158516376, 33.48539218491863]]}, "properties": {"confidence": "high"}}, {"type": "Feature", "geometry": {"type": "LineString", "coordinates": [[-112.10785462367, 33.48539218491863], [-112.10785462367, 33.485384692730655], [-112.10774682583589, 33.485384692730655], [-112.10774682583589, 33.48539218491863], [-112.10785462367, 33.48539218491863]]}, "properties": {"confidence": "high"}}, {"type": "Feature", "geometry": {"type": "LineString", "coordinates": [[-112.10886971994104, 33.485384692730655], [-112.10886971994104, 33.48537720054203], [-112.10878887156547, 33.48537720054203], [-112.10878887156547, 33.485384692730655], [-112.10886971994104, 33.485384692730655]]}, "properties": {"confidence": "high"}}, {"type": "Feature", "geometry": {"type": "LineString", "coordinates": [[-112.10801632042113, 33.485384692730655], [-112.10801632042113, 33.48537720054203], [-112.10785462367, 33.48537720054203], [-112.10785462367, 33.485384692730655], [-112.10801632042113, 33.485384692730655]]}, "properties": {"confidence": "high"}}, {"type": "Feature", "geometry": {"type": "LineString", "coordinates": [[-112.1120677223525, 33.48542215366403], [-112.1120677223525, 33.48536970835277], [-112.11205873919967, 33.48536970835277], [-112.11205873919967, 33.48542215366403], [-112.1120677223525, 33.48542215366403]]}, "properties": {"confidence": "high"}}, {"type": "Feature", "geometry": {"type": "LineString", "coordinates": [[-112.10878887156547, 33.48537720054203], [-112.10878887156547, 33.48536970835277], [-112.10869005688421, 33.48536970835277], [-112.10869005688421, 33.48537720054203], [-112.10878887156547, 33.48537720054203]]}, "properties": {"confidence": "high"}}, {"type": "Feature", "geometry": {"type": "LineString", "coordinates": [[-112.10817801717226, 33.48537720054203], [-112.10817801717226, 33.48536970835277], [-112.10801632042113, 33.48536970835277], [-112.10801632042113, 33.48537720054203], [-112.10817801717226, 33.48537720054203]]}, "properties": {"confidence": "high"}}, {"type": "Feature", "geometry": {"type": "LineString", "coordinates": [[-112.11205873919967, 33.48536970835277], [-112.11205873919967, 33.485362216162855], [-112.11204975604683, 33.485362216162855], [-112.11204975604683, 33.48536970835277], [-112.11205873919967, 33.48536970835277]]}, "properties": {"confidence": "high"}}, {"type": "Feature", "geometry": {"type": "LineString", "coordinates": [[-112.11035194015984, 33.485264817634985], [-112.11035194015984, 33.485257325435995], [-112.11011837818597, 33.485257325435995], [-112.11011837818597, 33.485264817634985], [-112.11035194015984, 33.485264817634985]]}, "properties": {"confidence": "high"}}, {"type": "Feature", "geometry": {"type": "LineString", "coordinates": [[-112.11011837818597, 33.485257325435995], [-112.11011837818597, 33.48524983323636], [-112.1100375298104, 33.48524983323636], [-112.1100375298104, 33.485257325435995], [-112.11011837818597, 33.485257325435995]]}, "properties": {"confidence": "high"}}, {"type": "Feature", "geometry": {"type": "LineString", "coordinates": [[-112.1100375298104, 33.48524983323636], [-112.1100375298104, 33.48524234103607], [-112.1099746477405, 33.48524234103607], [-112.1099746477405, 33.48524983323636], [-112.1100375298104, 33.48524983323636]]}, "properties": {"confidence": "high"}}, {"type": "Feature", "geometry": {"type": "LineString", "coordinates": [[-112.1099746477405, 33.48524234103607], [-112.1099746477405, 33.48523484883514], [-112.1099297319763, 33.48523484883514], [-112.1099297319763, 33.48524234103607], [-112.1099746477405, 33.48524234103607]]}, "properties": {"confidence": "high"}}, {"type": "Feature", "geometry": {"type": "LineString", "coordinates": [[-112.1099297319763, 33.48523484883514], [-112.1099297319763, 33.48522735663356], [-112.10989379936494, 33.48522735663356], [-112.10989379936494, 33.48523484883514], [-112.1099297319763, 33.48523484883514]]}, "properties": {"confidence": "high"}}, {"type": "Feature", "geometry": {"type": "LineString", "coordinates": [[-112.10989379936494, 33.48522735663356], [-112.10989379936494, 33.485219864431336], [-112.10984888360073, 33.485219864431336], [-112.10984888360073, 33.48522735663356], [-112.10989379936494, 33.48522735663356]]}, "properties": {"confidence": "high"}}, {"type": "Feature", "geometry": {"type": "LineString", "coordinates": [[-112.10984888360073, 33.485219864431336], [-112.10984888360073, 33.48521237222845], [-112.10979498468369, 33.48521237222845], [-112.10979498468369, 33.485219864431336], [-112.10984888360073, 33.485219864431336]]}, "properties": {"confidence": "high"}}, {"type": "Feature", "geometry": {"type": "LineString", "coordinates": [[-112.10979498468369, 33.48521237222845], [-112.10979498468369, 33.48520488002493], [-112.10976803522516, 33.48520488002493], [-112.10976803522516, 33.48521237222845], [-112.10979498468369, 33.48521237222845]]}, "properties": {"confidence": "high"}}, {"type": "Feature", "geometry": {"type": "LineString", "coordinates": [[-112.10976803522516, 33.48520488002493], [-112.10976803522516, 33.485197387820754], [-112.10974108576664, 33.485197387820754], [-112.10974108576664, 33.48520488002493], [-112.10976803522516, 33.48520488002493]]}, "properties": {"confidence": "high"}}, {"type": "Feature", "geometry": {"type": "LineString", "coordinates": [[-112.10974108576664, 33.485197387820754], [-112.10974108576664, 33.48518989561594], [-112.10970515315528, 33.48518989561594], [-112.10970515315528, 33.485197387820754], [-112.10974108576664, 33.485197387820754]]}, "properties": {"confidence": "high"}}, {"type": "Feature", "geometry": {"type": "LineString", "coordinates": [[-112.10970515315528, 33.48518989561594], [-112.10970515315528, 33.48518240341047], [-112.1096692205439, 33.48518240341047], [-112.1096692205439, 33.48518989561594], [-112.10970515315528, 33.48518989561594]]}, "properties": {"confidence": "high"}}, {"type": "Feature", "geometry": {"type": "LineString", "coordinates": [[-112.11390926868495, 33.48540716929263], [-112.11390926868495, 33.48517491120435], [-112.11390028553211, 33.48517491120435], [-112.11390028553211, 33.48540716929263], [-112.11390926868495, 33.48540716929263]]}, "properties": {"confidence": "high"}}, {"type": "Feature", "geometry": {"type": "LineString", "coordinates": [[-112.1096692205439, 33.48518240341047], [-112.1096692205439, 33.48517491120435], [-112.10963328793255, 33.48517491120435], [-112.10963328793255, 33.48518240341047], [-112.1096692205439, 33.48518240341047]]}, "properties": {"confidence": "high"}}, {"type": "Feature", "geometry": {"type": "LineString", "coordinates": [[-112.10963328793255, 33.48517491120435], [-112.10963328793255, 33.485167418997584], [-112.10960633847402, 33.485167418997584], [-112.10960633847402, 33.48517491120435], [-112.10963328793255, 33.48517491120435]]}, "properties": {"confidence": "high"}}, {"type": "Feature", "geometry": {"type": "LineString", "coordinates": [[-112.11059448528654, 33.485399677105946], [-112.11059448528654, 33.485159926790175], [-112.1105855021337, 33.485159926790175], [-112.1105855021337, 33.485264817634985], [-112.11035194015984, 33.485264817634985], [-112.11035194015984, 33.48527230983333], [-112.1105855021337, 33.48527230983333], [-112.1105855021337, 33.485399677105946], [-112.11059448528654, 33.485399677105946]]}, "properties": {"confidence": "high"}}, {"type": "Feature", "geometry": {"type": "LineString", "coordinates": [[-112.10960633847402, 33.485167418997584], [-112.10960633847402, 33.485159926790175], [-112.10957938901551, 33.485159926790175], [-112.10957938901551, 33.485167418997584], [-112.10960633847402, 33.485167418997584]]}, "properties": {"confidence": "high"}}, {"type": "Feature", "geometry": {"type": "LineString", "coordinates": [[-112.10957938901551, 33.485159926790175], [-112.10957938901551, 33.48515243458211], [-112.10954345640414, 33.48515243458211], [-112.10954345640414, 33.485159926790175], [-112.10957938901551, 33.485159926790175]]}, "properties": {"confidence": "high"}}, {"type": "Feature", "geometry": {"type": "LineString", "coordinates": [[-112.10954345640414, 33.48515243458211], [-112.10954345640414, 33.485144942373395], [-112.10950752379276, 33.485144942373395], [-112.10950752379276, 33.48515243458211], [-112.10954345640414, 33.48515243458211]]}, "properties": {"confidence": "high"}}, {"type": "Feature", "geometry": {"type": "LineString", "coordinates": [[-112.10950752379276, 33.485144942373395], [-112.10950752379276, 33.48513745016403], [-112.10947159118139, 33.48513745016403], [-112.10947159118139, 33.485144942373395], [-112.10950752379276, 33.485144942373395]]}, "properties": {"confidence": "high"}}, {"type": "Feature", "geometry": {"type": "LineString", "coordinates": [[-112.10947159118139, 33.48513745016403], [-112.10947159118139, 33.48512995795403], [-112.10943565857004, 33.48512995795403], [-112.10943565857004, 33.48513745016403], [-112.10947159118139, 33.48513745016403]]}, "properties": {"confidence": "high"}}, {"type": "Feature", "geometry": {"type": "LineString", "coordinates": [[-112.10665088118927, 33.48513745016403], [-112.10665088118927, 33.48512995795403], [-112.1066149485779, 33.48512995795403], [-112.1066149485779, 33.48513745016403], [-112.10665088118927, 33.48513745016403]]}, "properties": {"confidence": "high"}}, {"type": "Feature", "geometry": {"type": "LineString", "coordinates": [[-112.10943565857004, 33.48512995795403], [-112.10943565857004, 33.48512246574337], [-112.10939972595867, 33.48512246574337], [-112.10939972595867, 33.48512995795403], [-112.10943565857004, 33.48512995795403]]}, "properties": {"confidence": "high"}}, {"type": "Feature", "geometry": {"type": "LineString", "coordinates": [[-112.10671376325917, 33.48512995795403], [-112.10671376325917, 33.48512246574337], [-112.10665088118927, 33.48512246574337], [-112.10665088118927, 33.48512995795403], [-112.10671376325917, 33.48512995795403]]}, "properties": {"confidence": "high"}}, {"type": "Feature", "geometry": {"type": "LineString", "coordinates": [[-112.10939972595867, 33.48512246574337], [-112.10939972595867, 33.48511497353208], [-112.10937277650015, 33.48511497353208], [-112.10937277650015, 33.48512246574337], [-112.10939972595867, 33.48512246574337]]}, "properties": {"confidence": "high"}}, {"type": "Feature", "geometry": {"type": "LineString", "coordinates": [[-112.10677664532905, 33.48512246574337], [-112.10677664532905, 33.48511497353208], [-112.10671376325917, 33.48511497353208], [-112.10671376325917, 33.48512246574337], [-112.10677664532905, 33.48512246574337]]}, "properties": {"confidence": "high"}}, {"type": "Feature", "geometry": {"type": "LineString", "coordinates": [[-112.10937277650015, 33.48511497353208], [-112.10937277650015, 33.48510748132013], [-112.10933684388878, 33.48510748132013], [-112.10933684388878, 33.48511497353208], [-112.10937277650015, 33.48511497353208]]}, "properties": {"confidence": "high"}}, {"type": "Feature", "geometry": {"type": "LineString", "coordinates": [[-112.1068754600103, 33.48511497353208], [-112.1068754600103, 33.48510748132013], [-112.10677664532905, 33.48510748132013], [-112.10677664532905, 33.48511497353208], [-112.1068754600103, 33.48511497353208]]}, "properties": {"confidence": "high"}}, {"type": "Feature", "geometry": {"type": "LineString", "coordinates": [[-112.10933684388878, 33.48510748132013], [-112.10933684388878, 33.485099989107525], [-112.10930091127742, 33.485099989107525], [-112.10930091127742, 33.48510748132013], [-112.10933684388878, 33.48510748132013]]}, "properties": {"confidence": "high"}}, {"type": "Feature", "geometry": {"type": "LineString", "coordinates": [[-112.10695630838586, 33.48510748132013], [-112.10695630838586, 33.485099989107525], [-112.1068754600103, 33.485099989107525], [-112.1068754600103, 33.48510748132013], [-112.10695630838586, 33.48510748132013]]}, "properties": {"confidence": "high"}}, {"type": "Feature", "geometry": {"type": "LineString", "coordinates": [[-112.10930091127742, 33.485099989107525], [-112.10930091127742, 33.48509249689428], [-112.10926497866605, 33.48509249689428], [-112.10926497866605, 33.485099989107525], [-112.10930091127742, 33.485099989107525]]}, "properties": {"confidence": "high"}}, {"type": "Feature", "geometry": {"type": "LineString", "coordinates": [[-112.1070281736086, 33.485099989107525], [-112.1070281736086, 33.48509249689428], [-112.10695630838586, 33.48509249689428], [-112.10695630838586, 33.485099989107525], [-112.1070281736086, 33.485099989107525]]}, "properties": {"confidence": "high"}}, {"type": "Feature", "geometry": {"type": "LineString", "coordinates": [[-112.10926497866605, 33.48509249689428], [-112.10926497866605, 33.485085004680386], [-112.1092290460547, 33.485085004680386], [-112.1092290460547, 33.48509249689428], [-112.10926497866605, 33.48509249689428]]}, "properties": {"confidence": "high"}}, {"type": "Feature", "geometry": {"type": "LineString", "coordinates": [[-112.10708207252564, 33.48509249689428], [-112.10708207252564, 33.485085004680386], [-112.1070281736086, 33.485085004680386], [-112.1070281736086, 33.48509249689428], [-112.10708207252564, 33.48509249689428]]}, "properties": {"confidence": "high"}}, {"type": "Feature", "geometry": {"type": "LineString", "coordinates": [[-112.1092290460547, 33.485085004680386], [-112.1092290460547, 33.48507751246584], [-112.10918413029049, 33.48507751246584], [-112.10918413029049, 33.485085004680386], [-112.1092290460547, 33.485085004680386]]}, "properties": {"confidence": "high"}}, {"type": "Feature", "geometry": {"type": "LineString", "coordinates": [[-112.10717190405406, 33.485085004680386], [-112.10717190405406, 33.48507751246584], [-112.10708207252564, 33.48507751246584], [-112.10708207252564, 33.485085004680386], [-112.10717190405406, 33.485085004680386]]}, "properties": {"confidence": "high"}}, {"type": "Feature", "geometry": {"type": "LineString", "coordinates": [[-112.11103465977577, 33.48507751246584], [-112.11103465977577, 33.48507002025065], [-112.1106932999678, 33.48507002025065], [-112.1106932999678, 33.48507751246584], [-112.11103465977577, 33.48507751246584]]}, "properties": {"confidence": "high"}}, {"type": "Feature", "geometry": {"type": "LineString", "coordinates": [[-112.10918413029049, 33.48507751246584], [-112.10918413029049, 33.48507002025065], [-112.10913023137344, 33.48507002025065], [-112.10913023137344, 33.48507751246584], [-112.10918413029049, 33.48507751246584]]}, "properties": {"confidence": "high"}}, {"type": "Feature", "geometry": {"type": "LineString", "coordinates": [[-112.10727970188816, 33.48507751246584], [-112.10727970188816, 33.48507002025065], [-112.10717190405406, 33.48507002025065], [-112.10717190405406, 33.48507751246584], [-112.10727970188816, 33.48507751246584]]}, "properties": {"confidence": "high"}}, {"type": "Feature", "geometry": {"type": "LineString", "coordinates": [[-112.1106034684394, 33.485159926790175], [-112.1106034684394, 33.48506252803482], [-112.11059448528654, 33.48506252803482], [-112.11059448528654, 33.485159926790175], [-112.1106034684394, 33.485159926790175]]}, "properties": {"confidence": "high"}}, {"type": "Feature", "geometry": {"type": "LineString", "coordinates": [[-112.11199585712978, 33.48507002025065], [-112.11199585712978, 33.48506252803482], [-112.11190602560137, 33.48506252803482], [-112.11190602560137, 33.48507002025065], [-112.11199585712978, 33.48507002025065]]}, "properties": {"confidence": "high"}}, {"type": "Feature", "geometry": {"type": "LineString", "coordinates": [[-112.11175331200306, 33.48507002025065], [-112.11175331200306, 33.48506252803482], [-112.11171737939169, 33.48506252803482], [-112.11171737939169, 33.48507002025065], [-112.11175331200306, 33.48507002025065]]}, "properties": {"confidence": "high"}}, {"type": "Feature", "geometry": {"type": "LineString", "coordinates": [[-112.11142991850079, 33.48507002025065], [-112.11142991850079, 33.48506252803482], [-112.11117839022123, 33.48506252803482], [-112.11117839022123, 33.48507002025065], [-112.11142991850079, 33.48507002025065]]}, "properties": {"confidence": "high"}}, {"type": "Feature", "geometry": {"type": "LineString", "coordinates": [[-112.11112449130418, 33.48507002025065], [-112.11112449130418, 33.48506252803482], [-112.11103465977577, 33.48506252803482], [-112.11103465977577, 33.48507002025065], [-112.11112449130418, 33.48507002025065]]}, "properties": {"confidence": "high"}}, {"type": "Feature", "geometry": {"type": "LineString", "coordinates": [[-112.1106932999678, 33.48507002025065], [-112.1106932999678, 33.48506252803482], [-112.11065736735644, 33.48506252803482], [-112.11065736735644, 33.48507002025065], [-112.1106932999678, 33.48507002025065]]}, "properties": {"confidence": "high"}}, {"type": "Feature", "geometry": {"type": "LineString", "coordinates": [[-112.10913023137344, 33.48507002025065], [-112.10913023137344, 33.48506252803482], [-112.10909429876207, 33.48506252803482], [-112.10909429876207, 33.48507002025065], [-112.10913023137344, 33.48507002025065]]}, "properties": {"confidence": "high"}}, {"type": "Feature", "geometry": {"type": "LineString", "coordinates": [[-112.10736055026372, 33.48507002025065], [-112.10736055026372, 33.48506252803482], [-112.10727970188816, 33.48506252803482], [-112.10727970188816, 33.48507002025065], [-112.10736055026372, 33.48507002025065]]}, "properties": {"confidence": "high"}}, {"type": "Feature", "geometry": {"type": "LineString", "coordinates": [[-112.11531064052818, 33.48506252803482], [-112.11531064052818, 33.48505503581833], [-112.11527470791683, 33.48505503581833], [-112.11527470791683, 33.48506252803482], [-112.11531064052818, 33.48506252803482]]}, "properties": {"confidence": "high"}}, {"type": "Feature", "geometry": {"type": "LineString", "coordinates": [[-112.1151669100827, 33.48506252803482], [-112.1151669100827, 33.48505503581833], [-112.11405299913041, 33.48505503581833], [-112.11405299913041, 33.48506252803482], [-112.1151669100827, 33.48506252803482]]}, "properties": {"confidence": "high"}}, {"type": "Feature", "geometry": {"type": "LineString", "coordinates": [[-112.11190602560137, 33.48506252803482], [-112.11190602560137, 33.48505503581833], [-112.11175331200306, 33.48505503581833], [-112.11175331200306, 33.48506252803482], [-112.11190602560137, 33.48506252803482]]}, "properties": {"confidence": "high"}}, {"type": "Feature", "geometry": {"type": "LineString", "coordinates": [[-112.11171737939169, 33.48506252803482], [-112.11171737939169, 33.48505503581833], [-112.11168144678034, 33.48505503581833], [-112.11168144678034, 33.48506252803482], [-112.11171737939169, 33.48506252803482]]}, "properties": {"confidence": "high"}}, {"type": "Feature", "geometry": {"type": "LineString", "coordinates": [[-112.11163653101613, 33.48506252803482], [-112.11163653101613, 33.48505503581833], [-112.11142991850079, 33.48505503581833], [-112.11142991850079, 33.48506252803482], [-112.11163653101613, 33.48506252803482]]}, "properties": {"confidence": "high"}}, {"type": "Feature", "geometry": {"type": "LineString", "coordinates": [[-112.11117839022123, 33.48506252803482], [-112.11117839022123, 33.48505503581833], [-112.11112449130418, 33.48505503581833], [-112.11112449130418, 33.48506252803482], [-112.11117839022123, 33.48506252803482]]}, "properties": {"confidence": "high"}}, {"type": "Feature", "geometry": {"type": "LineString", "coordinates": [[-112.11065736735644, 33.48506252803482], [-112.11065736735644, 33.48505503581833], [-112.11063041789791, 33.48505503581833], [-112.11063041789791, 33.48506252803482], [-112.11065736735644, 33.48506252803482]]}, "properties": {"confidence": "high"}}, {"type": "Feature", "geometry": {"type": "LineString", "coordinates": [[-112.10909429876207, 33.48506252803482], [-112.10909429876207, 33.48505503581833], [-112.10904938299787, 33.48505503581833], [-112.10904938299787, 33.48506252803482], [-112.10909429876207, 33.48506252803482]]}, "properties": {"confidence": "high"}}, {"type": "Feature", "geometry": {"type": "LineString", "coordinates": [[-112.10742343233362, 33.48506252803482], [-112.10742343233362, 33.48505503581833], [-112.10736055026372, 33.48505503581833], [-112.10736055026372, 33.48506252803482], [-112.10742343233362, 33.48506252803482]]}, "properties": {"confidence": "high"}}, {"type": "Feature", "geometry": {"type": "LineString", "coordinates": [[-112.11390028553211, 33.48517491120435], [-112.11390028553211, 33.48507002025065], [-112.11405299913041, 33.48507002025065], [-112.11405299913041, 33.48506252803482], [-112.11390028553211, 33.48506252803482], [-112.11390028553211, 33.4850475436012], [-112.11389130237927, 33.4850475436012], [-112.11389130237927, 33.48517491120435], [-112.11390028553211, 33.48517491120435]]}, "properties": {"confidence": "high"}}, {"type": "Feature", "geometry": {"type": "LineString", "coordinates": [[-112.11527470791683, 33.48505503581833], [-112.11527470791683, 33.4850475436012], [-112.1151669100827, 33.4850475436012], [-112.1151669100827, 33.48505503581833], [-112.11527470791683, 33.48505503581833]]}, "properties": {"confidence": "high"}}, {"type": "Feature", "geometry": {"type": "LineString", "coordinates": [[-112.10904938299787, 33.48505503581833], [-112.10904938299787, 33.4850475436012], [-112.10900446723366, 33.4850475436012], [-112.10900446723366, 33.48505503581833], [-112.10904938299787, 33.48505503581833]]}, "properties": {"confidence": "high"}}, {"type": "Feature", "geometry": {"type": "LineString", "coordinates": [[-112.10757614593192, 33.48505503581833], [-112.10757614593192, 33.4850475436012], [-112.10742343233362, 33.4850475436012], [-112.10742343233362, 33.48505503581833], [-112.10757614593192, 33.48505503581833]]}, "properties": {"confidence": "high"}}, {"type": "Feature", "geometry": {"type": "LineString", "coordinates": [[-112.10900446723366, 33.4850475436012], [-112.10900446723366, 33.485040051383415], [-112.10895955146945, 33.485040051383415], [-112.10895955146945, 33.4850475436012], [-112.10900446723366, 33.4850475436012]]}, "properties": {"confidence": "high"}}, {"type": "Feature", "geometry": {"type": "LineString", "coordinates": [[-112.10764801115464, 33.4850475436012], [-112.10764801115464, 33.485040051383415], [-112.10757614593192, 33.485040051383415], [-112.10757614593192, 33.4850475436012], [-112.10764801115464, 33.4850475436012]]}, "properties": {"confidence": "high"}}, {"type": "Feature", "geometry": {"type": "LineString", "coordinates": [[-112.10895955146945, 33.485040051383415], [-112.10895955146945, 33.485032559164985], [-112.10891463570525, 33.485032559164985], [-112.10891463570525, 33.485040051383415], [-112.10895955146945, 33.485040051383415]]}, "properties": {"confidence": "high"}}, {"type": "Feature", "geometry": {"type": "LineString", "coordinates": [[-112.10775580898873, 33.485040051383415], [-112.10775580898873, 33.485032559164985], [-112.10764801115464, 33.485032559164985], [-112.10764801115464, 33.485040051383415], [-112.10775580898873, 33.485040051383415]]}, "properties": {"confidence": "high"}}, {"type": "Feature", "geometry": {"type": "LineString", "coordinates": [[-112.10891463570525, 33.485032559164985], [-112.10891463570525, 33.4850250669459], [-112.10888768624672, 33.4850250669459], [-112.10888768624672, 33.485032559164985], [-112.10891463570525, 33.485032559164985]]}, "properties": {"confidence": "high"}}, {"type": "Feature", "geometry": {"type": "LineString", "coordinates": [[-112.10785462367, 33.485032559164985], [-112.10785462367, 33.4850250669459], [-112.10775580898873, 33.4850250669459], [-112.10775580898873, 33.485032559164985], [-112.10785462367, 33.485032559164985]]}, "properties": {"confidence": "high"}}, {"type": "Feature", "geometry": {"type": "LineString", "coordinates": [[-112.10888768624672, 33.4850250669459], [-112.10888768624672, 33.48501757472617], [-112.10882480417683, 33.48501757472617], [-112.10882480417683, 33.4850250669459], [-112.10888768624672, 33.4850250669459]]}, "properties": {"confidence": "high"}}, {"type": "Feature", "geometry": {"type": "LineString", "coordinates": [[-112.10792648889272, 33.4850250669459], [-112.10792648889272, 33.48501757472617], [-112.10785462367, 33.48501757472617], [-112.10785462367, 33.4850250669459], [-112.10792648889272, 33.4850250669459]]}, "properties": {"confidence": "high"}}, {"type": "Feature", "geometry": {"type": "LineString", "coordinates": [[-112.10882480417683, 33.48501757472617], [-112.10882480417683, 33.4850100825058], [-112.10878887156547, 33.4850100825058], [-112.10878887156547, 33.48501757472617], [-112.10882480417683, 33.48501757472617]]}, "properties": {"confidence": "high"}}, {"type": "Feature", "geometry": {"type": "LineString", "coordinates": [[-112.10806123618534, 33.48501757472617], [-112.10806123618534, 33.4850100825058], [-112.10792648889272, 33.4850100825058], [-112.10792648889272, 33.48501757472617], [-112.10806123618534, 33.48501757472617]]}, "properties": {"confidence": "high"}}, {"type": "Feature", "geometry": {"type": "LineString", "coordinates": [[-112.1084654780632, 33.485549520716305], [-112.1084654780632, 33.48536970835277], [-112.10869005688421, 33.48536970835277], [-112.10869005688421, 33.485362216162855], [-112.10845649491036, 33.485362216162855], [-112.10845649491036, 33.48500259028477], [-112.1084475117575, 33.48500259028477], [-112.1084475117575, 33.485362216162855], [-112.10817801717226, 33.485362216162855], [-112.10817801717226, 33.48536970835277], [-112.10845649491036, 33.48536970835277], [-112.10845649491036, 33.485549520716305], [-112.1084654780632, 33.485549520716305]]}, "properties": {"confidence": "high"}}, {"type": "Feature", "geometry": {"type": "LineString", "coordinates": [[-112.10878887156547, 33.4850100825058], [-112.10878887156547, 33.48500259028477], [-112.10874395580126, 33.48500259028477], [-112.10874395580126, 33.4850100825058], [-112.10878887156547, 33.4850100825058]]}, "properties": {"confidence": "high"}}, {"type": "Feature", "geometry": {"type": "LineString", "coordinates": [[-112.10816005086659, 33.4850100825058], [-112.10816005086659, 33.48500259028477], [-112.10806123618534, 33.48500259028477], [-112.10806123618534, 33.4850100825058], [-112.10816005086659, 33.4850100825058]]}, "properties": {"confidence": "high"}}, {"type": "Feature", "geometry": {"type": "LineString", "coordinates": [[-112.10874395580126, 33.48500259028477], [-112.10874395580126, 33.48499509806311], [-112.10869904003705, 33.48499509806311], [-112.10869904003705, 33.48500259028477], [-112.10874395580126, 33.48500259028477]]}, "properties": {"confidence": "high"}}, {"type": "Feature", "geometry": {"type": "LineString", "coordinates": [[-112.10821394978363, 33.48500259028477], [-112.10821394978363, 33.48499509806311], [-112.10816005086659, 33.48499509806311], [-112.10816005086659, 33.48500259028477], [-112.10821394978363, 33.48500259028477]]}, "properties": {"confidence": "high"}}, {"type": "Feature", "geometry": {"type": "LineString", "coordinates": [[-112.10869904003705, 33.48499509806311], [-112.10869904003705, 33.484987605840786], [-112.10864514112001, 33.484987605840786], [-112.10864514112001, 33.48499509806311], [-112.10869904003705, 33.48499509806311]]}, "properties": {"confidence": "high"}}, {"type": "Feature", "geometry": {"type": "LineString", "coordinates": [[-112.10832174761772, 33.48499509806311], [-112.10832174761772, 33.484987605840786], [-112.10821394978363, 33.484987605840786], [-112.10821394978363, 33.48499509806311], [-112.10832174761772, 33.48499509806311]]}, "properties": {"confidence": "high"}}, {"type": "Feature", "geometry": {"type": "LineString", "coordinates": [[-112.10864514112001, 33.484987605840786], [-112.10864514112001, 33.484980113617816], [-112.10860920850865, 33.484980113617816], [-112.10860920850865, 33.484987605840786], [-112.10864514112001, 33.484987605840786]]}, "properties": {"confidence": "high"}}, {"type": "Feature", "geometry": {"type": "LineString", "coordinates": [[-112.10860920850865, 33.484980113617816], [-112.10860920850865, 33.4849726213942], [-112.10852836013308, 33.4849726213942], [-112.10852836013308, 33.484980113617816], [-112.10860920850865, 33.484980113617816]]}, "properties": {"confidence": "high"}}, {"type": "Feature", "geometry": {"type": "LineString", "coordinates": [[-112.11389130237927, 33.4850475436012], [-112.11389130237927, 33.48495014471946], [-112.11388231922642, 33.48495014471946], [-112.11388231922642, 33.4850475436012], [-112.11389130237927, 33.4850475436012]]}, "properties": {"confidence": "high"}}, {"type": "Feature", "geometry": {"type": "LineString", "coordinates": [[-112.1084654780632, 33.48500259028477], [-112.1084654780632, 33.4849726213942], [-112.10852836013308, 33.4849726213942], [-112.10852836013308, 33.484965129169936], [-112.1084654780632, 33.484965129169936], [-112.1084654780632, 33.48495014471946], [-112.10845649491036, 33.48495014471946], [-112.10845649491036, 33.484980113617816], [-112.10832174761772, 33.484980113617816], [-112.10832174761772, 33.484987605840786], [-112.10845649491036, 33.484987605840786], [-112.10845649491036, 33.48500259028477], [-112.1084654780632, 33.48500259028477]]}, "properties": {"confidence": "high"}}, {"type": "Feature", "geometry": {"type": "LineString", "coordinates": [[-112.1130918017764, 33.48550456766042], [-112.1130918017764, 33.48494265249327], [-112.11308281862357, 33.48494265249327], [-112.11308281862357, 33.48550456766042], [-112.1130918017764, 33.48550456766042]]}, "properties": {"confidence": "high"}}, {"type": "Feature", "geometry": {"type": "LineString", "coordinates": [[-112.11061245159223, 33.48506252803482], [-112.11061245159223, 33.48505503581833], [-112.11063041789791, 33.48505503581833], [-112.11063041789791, 33.4850475436012], [-112.11061245159223, 33.4850475436012], [-112.11061245159223, 33.4849351602664], [-112.1106034684394, 33.4849351602664], [-112.1106034684394, 33.48506252803482], [-112.11061245159223, 33.48506252803482]]}, "properties": {"confidence": "high"}}, {"type": "Feature", "geometry": {"type": "LineString", "coordinates": [[-112.10845649491036, 33.48495014471946], [-112.10845649491036, 33.484905191352496], [-112.1084475117575, 33.484905191352496], [-112.1084475117575, 33.48495014471946], [-112.10845649491036, 33.48495014471946]]}, "properties": {"confidence": "high"}}, {"type": "Feature", "geometry": {"type": "LineString", "coordinates": [[-112.11007346242175, 33.484905191352496], [-112.11007346242175, 33.4848976991224], [-112.11000159719903, 33.4848976991224], [-112.11000159719903, 33.484905191352496], [-112.11007346242175, 33.484905191352496]]}, "properties": {"confidence": "high"}}, {"type": "Feature", "geometry": {"type": "LineString", "coordinates": [[-112.11168144678034, 33.48505503581833], [-112.11168144678034, 33.4850475436012], [-112.11167246362749, 33.4850475436012], [-112.11167246362749, 33.48489020689165], [-112.11166348047465, 33.48489020689165], [-112.11166348047465, 33.4850475436012], [-112.11163653101613, 33.4850475436012], [-112.11163653101613, 33.48505503581833], [-112.11168144678034, 33.48505503581833]]}, "properties": {"confidence": "high"}}, {"type": "Feature", "geometry": {"type": "LineString", "coordinates": [[-112.1106034684394, 33.4849351602664], [-112.1106034684394, 33.48489020689165], [-112.11059448528654, 33.48489020689165], [-112.11059448528654, 33.484905191352496], [-112.11007346242175, 33.484905191352496], [-112.11007346242175, 33.484912683581946], [-112.11059448528654, 33.484912683581946], [-112.11059448528654, 33.4849351602664], [-112.1106034684394, 33.4849351602664]]}, "properties": {"confidence": "high"}}, {"type": "Feature", "geometry": {"type": "LineString", "coordinates": [[-112.11000159719903, 33.4848976991224], [-112.11000159719903, 33.48489020689165], [-112.10996566458766, 33.48489020689165], [-112.10996566458766, 33.4848976991224], [-112.11000159719903, 33.4848976991224]]}, "properties": {"confidence": "high"}}, {"type": "Feature", "geometry": {"type": "LineString", "coordinates": [[-112.10996566458766, 33.48489020689165], [-112.10996566458766, 33.48488271466026], [-112.10991176567062, 33.48488271466026], [-112.10991176567062, 33.48489020689165], [-112.10996566458766, 33.48489020689165]]}, "properties": {"confidence": "high"}}, {"type": "Feature", "geometry": {"type": "LineString", "coordinates": [[-112.10991176567062, 33.48488271466026], [-112.10991176567062, 33.48487522242822], [-112.10985786675357, 33.48487522242822], [-112.10985786675357, 33.48488271466026], [-112.10991176567062, 33.48488271466026]]}, "properties": {"confidence": "high"}}, {"type": "Feature", "geometry": {"type": "LineString", "coordinates": [[-112.10985786675357, 33.48487522242822], [-112.10985786675357, 33.48486773019553], [-112.10981295098937, 33.48486773019553], [-112.10981295098937, 33.48487522242822], [-112.10985786675357, 33.48487522242822]]}, "properties": {"confidence": "high"}}, {"type": "Feature", "geometry": {"type": "LineString", "coordinates": [[-112.10981295098937, 33.48486773019553], [-112.10981295098937, 33.48486023796219], [-112.109777018378, 33.48486023796219], [-112.109777018378, 33.48486773019553], [-112.10981295098937, 33.48486773019553]]}, "properties": {"confidence": "high"}}, {"type": "Feature", "geometry": {"type": "LineString", "coordinates": [[-112.109777018378, 33.48486023796219], [-112.109777018378, 33.48485274572821], [-112.10975006891948, 33.48485274572821], [-112.10975006891948, 33.48486023796219], [-112.109777018378, 33.48486023796219]]}, "properties": {"confidence": "high"}}, {"type": "Feature", "geometry": {"type": "LineString", "coordinates": [[-112.11166348047465, 33.48489020689165], [-112.11166348047465, 33.484845253493575], [-112.11165449732181, 33.484845253493575], [-112.11165449732181, 33.48489020689165], [-112.11166348047465, 33.48489020689165]]}, "properties": {"confidence": "high"}}, {"type": "Feature", "geometry": {"type": "LineString", "coordinates": [[-112.10975006891948, 33.48485274572821], [-112.10975006891948, 33.484845253493575], [-112.1097321026138, 33.484845253493575], [-112.1097321026138, 33.48485274572821], [-112.10975006891948, 33.48485274572821]]}, "properties": {"confidence": "high"}}, {"type": "Feature", "geometry": {"type": "LineString", "coordinates": [[-112.1097321026138, 33.484845253493575], [-112.1097321026138, 33.4848377612583], [-112.10972311946095, 33.4848377612583], [-112.10972311946095, 33.484845253493575], [-112.1097321026138, 33.484845253493575]]}, "properties": {"confidence": "high"}}, {"type": "Feature", "geometry": {"type": "LineString", "coordinates": [[-112.10972311946095, 33.4848377612583], [-112.10972311946095, 33.48483026902236], [-112.10971413630811, 33.48483026902236], [-112.10971413630811, 33.4848377612583], [-112.10972311946095, 33.4848377612583]]}, "properties": {"confidence": "high"}}, {"type": "Feature", "geometry": {"type": "LineString", "coordinates": [[-112.11061245159223, 33.48489020689165], [-112.11061245159223, 33.48482277678579], [-112.1106034684394, 33.48482277678579], [-112.1106034684394, 33.48489020689165], [-112.11061245159223, 33.48489020689165]]}, "properties": {"confidence": "high"}}, {"type": "Feature", "geometry": {"type": "LineString", "coordinates": [[-112.10971413630811, 33.48483026902236], [-112.10971413630811, 33.48482277678579], [-112.10970515315528, 33.48482277678579], [-112.10970515315528, 33.48483026902236], [-112.10971413630811, 33.48483026902236]]}, "properties": {"confidence": "high"}}, {"type": "Feature", "geometry": {"type": "LineString", "coordinates": [[-112.1084654780632, 33.484905191352496], [-112.1084654780632, 33.48481528454856], [-112.10845649491036, 33.48481528454856], [-112.10845649491036, 33.484905191352496], [-112.1084654780632, 33.484905191352496]]}, "properties": {"confidence": "high"}}, {"type": "Feature", "geometry": {"type": "LineString", "coordinates": [[-112.11131313751385, 33.48482277678579], [-112.11131313751385, 33.48481528454856], [-112.11112449130418, 33.48481528454856], [-112.11112449130418, 33.48482277678579], [-112.11131313751385, 33.48482277678579]]}, "properties": {"confidence": "high"}}, {"type": "Feature", "geometry": {"type": "LineString", "coordinates": [[-112.11088194617747, 33.48482277678579], [-112.11088194617747, 33.48481528454856], [-112.11068431681497, 33.48481528454856], [-112.11068431681497, 33.48482277678579], [-112.11088194617747, 33.48482277678579]]}, "properties": {"confidence": "high"}}, {"type": "Feature", "geometry": {"type": "LineString", "coordinates": [[-112.11142991850079, 33.48481528454856], [-112.11142991850079, 33.48480779231069], [-112.11131313751385, 33.48480779231069], [-112.11131313751385, 33.48481528454856], [-112.11142991850079, 33.48481528454856]]}, "properties": {"confidence": "high"}}, {"type": "Feature", "geometry": {"type": "LineString", "coordinates": [[-112.11112449130418, 33.48481528454856], [-112.11112449130418, 33.48480779231069], [-112.1110436429286, 33.48480779231069], [-112.1110436429286, 33.48481528454856], [-112.11112449130418, 33.48481528454856]]}, "properties": {"confidence": "high"}}, {"type": "Feature", "geometry": {"type": "LineString", "coordinates": [[-112.11100771031724, 33.48481528454856], [-112.11100771031724, 33.48480779231069], [-112.11088194617747, 33.48480779231069], [-112.11088194617747, 33.48481528454856], [-112.11100771031724, 33.48481528454856]]}, "properties": {"confidence": "high"}}, {"type": "Feature", "geometry": {"type": "LineString", "coordinates": [[-112.11068431681497, 33.48481528454856], [-112.11068431681497, 33.48480779231069], [-112.11065736735644, 33.48480779231069], [-112.11065736735644, 33.48481528454856], [-112.11068431681497, 33.48481528454856]]}, "properties": {"confidence": "high"}}, {"type": "Feature", "geometry": {"type": "LineString", "coordinates": [[-112.11308281862357, 33.48494265249327], [-112.11308281862357, 33.484800300072166], [-112.11307383547073, 33.484800300072166], [-112.11307383547073, 33.48494265249327], [-112.11308281862357, 33.48494265249327]]}, "properties": {"confidence": "high"}}, {"type": "Feature", "geometry": {"type": "LineString", "coordinates": [[-112.11062143474507, 33.48482277678579], [-112.11062143474507, 33.484800300072166], [-112.11061245159223, 33.484800300072166], [-112.11061245159223, 33.48482277678579], [-112.11062143474507, 33.48482277678579]]}, "properties": {"confidence": "high"}}, {"type": "Feature", "geometry": {"type": "LineString", "coordinates": [[-112.10970515315528, 33.48482277678579], [-112.10970515315528, 33.484800300072166], [-112.10969617000244, 33.484800300072166], [-112.10969617000244, 33.48480779231069], [-112.10963328793255, 33.48480779231069], [-112.10963328793255, 33.48481528454856], [-112.10969617000244, 33.48481528454856], [-112.10969617000244, 33.48482277678579], [-112.10970515315528, 33.48482277678579]]}, "properties": {"confidence": "high"}}, {"type": "Feature", "geometry": {"type": "LineString", "coordinates": [[-112.11065736735644, 33.48480779231069], [-112.11065736735644, 33.484800300072166], [-112.11063940105075, 33.484800300072166], [-112.11063940105075, 33.48480779231069], [-112.11065736735644, 33.48480779231069]]}, "properties": {"confidence": "high"}}, {"type": "Feature", "geometry": {"type": "LineString", "coordinates": [[-112.10963328793255, 33.48480779231069], [-112.10963328793255, 33.484800300072166], [-112.10957938901551, 33.484800300072166], [-112.10957938901551, 33.48480779231069], [-112.10963328793255, 33.48480779231069]]}, "properties": {"confidence": "high"}}, {"type": "Feature", "geometry": {"type": "LineString", "coordinates": [[-112.11165449732181, 33.484845253493575], [-112.11165449732181, 33.484792807832996], [-112.11164551416897, 33.484792807832996], [-112.11164551416897, 33.48481528454856], [-112.11142991850079, 33.48481528454856], [-112.11142991850079, 33.48482277678579], [-112.11164551416897, 33.48482277678579], [-112.11164551416897, 33.484845253493575], [-112.11165449732181, 33.484845253493575]]}, "properties": {"confidence": "high"}}, {"type": "Feature", "geometry": {"type": "LineString", "coordinates": [[-112.10957938901551, 33.484800300072166], [-112.10957938901551, 33.484792807832996], [-112.10953447325129, 33.484792807832996], [-112.10953447325129, 33.484800300072166], [-112.10957938901551, 33.484800300072166]]}, "properties": {"confidence": "high"}}, {"type": "Feature", "geometry": {"type": "LineString", "coordinates": [[-112.10953447325129, 33.484792807832996], [-112.10953447325129, 33.48478531559318], [-112.10950752379276, 33.48478531559318], [-112.10950752379276, 33.484792807832996], [-112.10953447325129, 33.484792807832996]]}, "properties": {"confidence": "high"}}, {"type": "Feature", "geometry": {"type": "LineString", "coordinates": [[-112.10950752379276, 33.48478531559318], [-112.10950752379276, 33.484777823352715], [-112.10948057433424, 33.484777823352715], [-112.10948057433424, 33.48478531559318], [-112.10950752379276, 33.48478531559318]]}, "properties": {"confidence": "high"}}, {"type": "Feature", "geometry": {"type": "LineString", "coordinates": [[-112.10971413630811, 33.484800300072166], [-112.10971413630811, 33.4847703311116], [-112.10970515315528, 33.4847703311116], [-112.10970515315528, 33.484800300072166], [-112.10971413630811, 33.484800300072166]]}, "properties": {"confidence": "high"}}, {"type": "Feature", "geometry": {"type": "LineString", "coordinates": [[-112.10948057433424, 33.484777823352715], [-112.10948057433424, 33.4847703311116], [-112.10945362487571, 33.4847703311116], [-112.10945362487571, 33.484777823352715], [-112.10948057433424, 33.484777823352715]]}, "properties": {"confidence": "high"}}, {"type": "Feature", "geometry": {"type": "LineString", "coordinates": [[-112.10945362487571, 33.4847703311116], [-112.10945362487571, 33.48476283886984], [-112.1094266754172, 33.48476283886984], [-112.1094266754172, 33.4847703311116], [-112.10945362487571, 33.4847703311116]]}, "properties": {"confidence": "high"}}, {"type": "Feature", "geometry": {"type": "LineString", "coordinates": [[-112.11307383547073, 33.484800300072166], [-112.11307383547073, 33.48475534662742], [-112.11306485231788, 33.48475534662742], [-112.11306485231788, 33.484800300072166], [-112.11307383547073, 33.484800300072166]]}, "properties": {"confidence": "high"}}, {"type": "Feature", "geometry": {"type": "LineString", "coordinates": [[-112.1094266754172, 33.48476283886984], [-112.1094266754172, 33.48475534662742], [-112.10939972595867, 33.48475534662742], [-112.10939972595867, 33.48476283886984], [-112.1094266754172, 33.48476283886984]]}, "properties": {"confidence": "high"}}, {"type": "Feature", "geometry": {"type": "LineString", "coordinates": [[-112.10939972595867, 33.48475534662742], [-112.10939972595867, 33.48474785438437], [-112.10938175965299, 33.48474785438437], [-112.10938175965299, 33.48475534662742], [-112.10939972595867, 33.48475534662742]]}, "properties": {"confidence": "high"}}, {"type": "Feature", "geometry": {"type": "LineString", "coordinates": [[-112.1066598643421, 33.48475534662742], [-112.1066598643421, 33.48474785438437], [-112.10664189803641, 33.48474785438437], [-112.10664189803641, 33.48475534662742], [-112.1066598643421, 33.48475534662742]]}, "properties": {"confidence": "high"}}, {"type": "Feature", "geometry": {"type": "LineString", "coordinates": [[-112.10938175965299, 33.48474785438437], [-112.10938175965299, 33.48474036214066], [-112.10935481019446, 33.48474036214066], [-112.10935481019446, 33.48474785438437], [-112.10938175965299, 33.48474785438437]]}, "properties": {"confidence": "high"}}, {"type": "Feature", "geometry": {"type": "LineString", "coordinates": [[-112.10685749370461, 33.48474785438437], [-112.10685749370461, 33.48474036214066], [-112.1066598643421, 33.48474036214066], [-112.1066598643421, 33.48474785438437], [-112.10685749370461, 33.48474785438437]]}, "properties": {"confidence": "high"}}, {"type": "Feature", "geometry": {"type": "LineString", "coordinates": [[-112.10935481019446, 33.48474036214066], [-112.10935481019446, 33.48473286989631], [-112.10933684388878, 33.48473286989631], [-112.10933684388878, 33.48474036214066], [-112.10935481019446, 33.48474036214066]]}, "properties": {"confidence": "high"}}, {"type": "Feature", "geometry": {"type": "LineString", "coordinates": [[-112.10696529153871, 33.48474036214066], [-112.10696529153871, 33.48473286989631], [-112.10685749370461, 33.48473286989631], [-112.10685749370461, 33.48474036214066], [-112.10696529153871, 33.48474036214066]]}, "properties": {"confidence": "high"}}, {"type": "Feature", "geometry": {"type": "LineString", "coordinates": [[-112.10972311946095, 33.4847703311116], [-112.10972311946095, 33.48472537765131], [-112.10971413630811, 33.48472537765131], [-112.10971413630811, 33.4847703311116], [-112.10972311946095, 33.4847703311116]]}, "properties": {"confidence": "high"}}, {"type": "Feature", "geometry": {"type": "LineString", "coordinates": [[-112.10933684388878, 33.48473286989631], [-112.10933684388878, 33.48472537765131], [-112.10931887758309, 33.48472537765131], [-112.10931887758309, 33.48473286989631], [-112.10933684388878, 33.48473286989631]]}, "properties": {"confidence": "high"}}, {"type": "Feature", "geometry": {"type": "LineString", "coordinates": [[-112.1070281736086, 33.48473286989631], [-112.1070281736086, 33.48472537765131], [-112.10696529153871, 33.48472537765131], [-112.10696529153871, 33.48473286989631], [-112.1070281736086, 33.48473286989631]]}, "properties": {"confidence": "high"}}, {"type": "Feature", "geometry": {"type": "LineString", "coordinates": [[-112.10931887758309, 33.48472537765131], [-112.10931887758309, 33.48471788540565], [-112.10930091127742, 33.48471788540565], [-112.10930091127742, 33.48472537765131], [-112.10931887758309, 33.48472537765131]]}, "properties": {"confidence": "high"}}, {"type": "Feature", "geometry": {"type": "LineString", "coordinates": [[-112.10708207252564, 33.48472537765131], [-112.10708207252564, 33.48471788540565], [-112.1070281736086, 33.48471788540565], [-112.1070281736086, 33.48472537765131], [-112.10708207252564, 33.48472537765131]]}, "properties": {"confidence": "high"}}, {"type": "Feature", "geometry": {"type": "LineString", "coordinates": [[-112.11390028553211, 33.48495014471946], [-112.11390028553211, 33.484710393159354], [-112.11389130237927, 33.484710393159354], [-112.11389130237927, 33.48495014471946], [-112.11390028553211, 33.48495014471946]]}, "properties": {"confidence": "high"}}, {"type": "Feature", "geometry": {"type": "LineString", "coordinates": [[-112.10930091127742, 33.48471788540565], [-112.10930091127742, 33.484710393159354], [-112.1092739618189, 33.484710393159354], [-112.1092739618189, 33.48471788540565], [-112.10930091127742, 33.48471788540565]]}, "properties": {"confidence": "high"}}, {"type": "Feature", "geometry": {"type": "LineString", "coordinates": [[-112.10714495459553, 33.48471788540565], [-112.10714495459553, 33.484710393159354], [-112.10708207252564, 33.484710393159354], [-112.10708207252564, 33.48471788540565], [-112.10714495459553, 33.48471788540565]]}, "properties": {"confidence": "high"}}, {"type": "Feature", "geometry": {"type": "LineString", "coordinates": [[-112.1092739618189, 33.484710393159354], [-112.1092739618189, 33.48470290091242], [-112.10924701236037, 33.48470290091242], [-112.10924701236037, 33.484710393159354], [-112.1092739618189, 33.484710393159354]]}, "properties": {"confidence": "high"}}, {"type": "Feature", "geometry": {"type": "LineString", "coordinates": [[-112.10719885351257, 33.484710393159354], [-112.10719885351257, 33.48470290091242], [-112.10714495459553, 33.48470290091242], [-112.10714495459553, 33.484710393159354], [-112.10719885351257, 33.484710393159354]]}, "properties": {"confidence": "high"}}, {"type": "Feature", "geometry": {"type": "LineString", "coordinates": [[-112.1097321026138, 33.48472537765131], [-112.1097321026138, 33.48469540866481], [-112.10972311946095, 33.48469540866481], [-112.10972311946095, 33.48472537765131], [-112.1097321026138, 33.48472537765131]]}, "properties": {"confidence": "high"}}, {"type": "Feature", "geometry": {"type": "LineString", "coordinates": [[-112.10924701236037, 33.48470290091242], [-112.10924701236037, 33.48469540866481], [-112.10922006290185, 33.48469540866481], [-112.10922006290185, 33.48470290091242], [-112.10924701236037, 33.48470290091242]]}, "properties": {"confidence": "high"}}, {"type": "Feature", "geometry": {"type": "LineString", "coordinates": [[-112.10724376927678, 33.48470290091242], [-112.10724376927678, 33.48469540866481], [-112.10719885351257, 33.48469540866481], [-112.10719885351257, 33.48470290091242], [-112.10724376927678, 33.48470290091242]]}, "properties": {"confidence": "high"}}, {"type": "Feature", "geometry": {"type": "LineString", "coordinates": [[-112.10922006290185, 33.48469540866481], [-112.10922006290185, 33.484687916416576], [-112.10919311344333, 33.484687916416576], [-112.10919311344333, 33.48469540866481], [-112.10922006290185, 33.48469540866481]]}, "properties": {"confidence": "high"}}, {"type": "Feature", "geometry": {"type": "LineString", "coordinates": [[-112.107288685041, 33.48469540866481], [-112.107288685041, 33.484687916416576], [-112.10724376927678, 33.484687916416576], [-112.10724376927678, 33.48469540866481], [-112.107288685041, 33.48469540866481]]}, "properties": {"confidence": "high"}}, {"type": "Feature", "geometry": {"type": "LineString", "coordinates": [[-112.11517589323556, 33.484687916416576], [-112.11517589323556, 33.484680424167685], [-112.11509504485998, 33.484680424167685], [-112.11509504485998, 33.484687916416576], [-112.11517589323556, 33.484687916416576]]}, "properties": {"confidence": "high"}}, {"type": "Feature", "geometry": {"type": "LineString", "coordinates": [[-112.11485249973327, 33.484687916416576], [-112.11485249973327, 33.484680424167685], [-112.11444825785541, 33.484680424167685], [-112.11444825785541, 33.484687916416576], [-112.11485249973327, 33.484687916416576]]}, "properties": {"confidence": "high"}}, {"type": "Feature", "geometry": {"type": "LineString", "coordinates": [[-112.10919311344333, 33.484687916416576], [-112.10919311344333, 33.484680424167685], [-112.1091661639848, 33.484680424167685], [-112.1091661639848, 33.484687916416576], [-112.10919311344333, 33.484687916416576]]}, "properties": {"confidence": "high"}}, {"type": "Feature", "geometry": {"type": "LineString", "coordinates": [[-112.10732461765237, 33.484687916416576], [-112.10732461765237, 33.484680424167685], [-112.107288685041, 33.484680424167685], [-112.107288685041, 33.484687916416576], [-112.10732461765237, 33.484687916416576]]}, "properties": {"confidence": "high"}}, {"type": "Feature", "geometry": {"type": "LineString", "coordinates": [[-112.11575979817023, 33.484680424167685], [-112.11575979817023, 33.48467293191814], [-112.11517589323556, 33.48467293191814], [-112.11517589323556, 33.484680424167685], [-112.11575979817023, 33.484680424167685]]}, "properties": {"confidence": "high"}}, {"type": "Feature", "geometry": {"type": "LineString", "coordinates": [[-112.11509504485998, 33.484680424167685], [-112.11509504485998, 33.48467293191814], [-112.11485249973327, 33.48467293191814], [-112.11485249973327, 33.484680424167685], [-112.11509504485998, 33.484680424167685]]}, "properties": {"confidence": "high"}}, {"type": "Feature", "geometry": {"type": "LineString", "coordinates": [[-112.11444825785541, 33.484680424167685], [-112.11444825785541, 33.48467293191814], [-112.1141158812003, 33.48467293191814], [-112.1141158812003, 33.484680424167685], [-112.11444825785541, 33.484680424167685]]}, "properties": {"confidence": "high"}}, {"type": "Feature", "geometry": {"type": "LineString", "coordinates": [[-112.1091661639848, 33.484680424167685], [-112.1091661639848, 33.48467293191814], [-112.10913921452628, 33.48467293191814], [-112.10913921452628, 33.484680424167685], [-112.1091661639848, 33.484680424167685]]}, "properties": {"confidence": "high"}}, {"type": "Feature", "geometry": {"type": "LineString", "coordinates": [[-112.10736953341656, 33.484680424167685], [-112.10736953341656, 33.48467293191814], [-112.10732461765237, 33.48467293191814], [-112.10732461765237, 33.484680424167685], [-112.10736953341656, 33.484680424167685]]}, "properties": {"confidence": "high"}}, {"type": "Feature", "geometry": {"type": "LineString", "coordinates": [[-112.10974108576664, 33.48469540866481], [-112.10974108576664, 33.48466543966795], [-112.1097321026138, 33.48466543966795], [-112.1097321026138, 33.48469540866481], [-112.10974108576664, 33.48469540866481]]}, "properties": {"confidence": "high"}}, {"type": "Feature", "geometry": {"type": "LineString", "coordinates": [[-112.11576878132307, 33.48467293191814], [-112.11576878132307, 33.48466543966795], [-112.11575979817023, 33.48466543966795], [-112.11575979817023, 33.48467293191814], [-112.11576878132307, 33.48467293191814]]}, "properties": {"confidence": "high"}}, {"type": "Feature", "geometry": {"type": "LineString", "coordinates": [[-112.1141158812003, 33.48467293191814], [-112.1141158812003, 33.48466543966795], [-112.113963167602, 33.48466543966795], [-112.113963167602, 33.48467293191814], [-112.1141158812003, 33.48467293191814]]}, "properties": {"confidence": "high"}}, {"type": "Feature", "geometry": {"type": "LineString", "coordinates": [[-112.10913921452628, 33.48467293191814], [-112.10913921452628, 33.48466543966795], [-112.1091212482206, 33.48466543966795], [-112.1091212482206, 33.48467293191814], [-112.10913921452628, 33.48467293191814]]}, "properties": {"confidence": "high"}}, {"type": "Feature", "geometry": {"type": "LineString", "coordinates": [[-112.10742343233362, 33.48467293191814], [-112.10742343233362, 33.48466543966795], [-112.10736953341656, 33.48466543966795], [-112.10736953341656, 33.48467293191814], [-112.10742343233362, 33.48467293191814]]}, "properties": {"confidence": "high"}}, {"type": "Feature", "geometry": {"type": "LineString", "coordinates": [[-112.11390926868495, 33.484710393159354], [-112.11390926868495, 33.484680424167685], [-112.113963167602, 33.484680424167685], [-112.113963167602, 33.48467293191814], [-112.11390926868495, 33.48467293191814], [-112.11390926868495, 33.48465794741711], [-112.11390028553211, 33.48465794741711], [-112.11390028553211, 33.484710393159354], [-112.11390926868495, 33.484710393159354]]}, "properties": {"confidence": "high"}}, {"type": "Feature", "geometry": {"type": "LineString", "coordinates": [[-112.11577776447591, 33.48466543966795], [-112.11577776447591, 33.48465794741711], [-112.11576878132307, 33.48465794741711], [-112.11576878132307, 33.48466543966795], [-112.11577776447591, 33.48466543966795]]}, "properties": {"confidence": "high"}}, {"type": "Feature", "geometry": {"type": "LineString", "coordinates": [[-112.1091212482206, 33.48466543966795], [-112.1091212482206, 33.48465794741711], [-112.10909429876207, 33.48465794741711], [-112.10909429876207, 33.48466543966795], [-112.1091212482206, 33.48466543966795]]}, "properties": {"confidence": "high"}}, {"type": "Feature", "geometry": {"type": "LineString", "coordinates": [[-112.10751326386202, 33.48466543966795], [-112.10751326386202, 33.48465794741711], [-112.10742343233362, 33.48465794741711], [-112.10742343233362, 33.48466543966795], [-112.10751326386202, 33.48466543966795]]}, "properties": {"confidence": "high"}}, {"type": "Feature", "geometry": {"type": "LineString", "coordinates": [[-112.10909429876207, 33.48465794741711], [-112.10909429876207, 33.48465045516563], [-112.1090583661507, 33.48465045516563], [-112.1090583661507, 33.48465794741711], [-112.10909429876207, 33.48465794741711]]}, "properties": {"confidence": "high"}}, {"type": "Feature", "geometry": {"type": "LineString", "coordinates": [[-112.10756716277906, 33.48465794741711], [-112.10756716277906, 33.48465045516563], [-112.10751326386202, 33.48465045516563], [-112.10751326386202, 33.48465794741711], [-112.10756716277906, 33.48465794741711]]}, "properties": {"confidence": "high"}}, {"type": "Feature", "geometry": {"type": "LineString", "coordinates": [[-112.11578674762876, 33.48465794741711], [-112.11578674762876, 33.4846429629135], [-112.11577776447591, 33.4846429629135], [-112.11577776447591, 33.48465794741711], [-112.11578674762876, 33.48465794741711]]}, "properties": {"confidence": "high"}}, {"type": "Feature", "geometry": {"type": "LineString", "coordinates": [[-112.1090583661507, 33.48465045516563], [-112.1090583661507, 33.4846429629135], [-112.10903141669219, 33.4846429629135], [-112.10903141669219, 33.48465045516563], [-112.1090583661507, 33.48465045516563]]}, "properties": {"confidence": "high"}}, {"type": "Feature", "geometry": {"type": "LineString", "coordinates": [[-112.10762106169611, 33.48465045516563], [-112.10762106169611, 33.4846429629135], [-112.10756716277906, 33.4846429629135], [-112.10756716277906, 33.48465045516563], [-112.10762106169611, 33.48465045516563]]}, "properties": {"confidence": "high"}}, {"type": "Feature", "geometry": {"type": "LineString", "coordinates": [[-112.10975006891948, 33.48466543966795], [-112.10975006891948, 33.48463547066072], [-112.10974108576664, 33.48463547066072], [-112.10974108576664, 33.48466543966795], [-112.10975006891948, 33.48466543966795]]}, "properties": {"confidence": "high"}}, {"type": "Feature", "geometry": {"type": "LineString", "coordinates": [[-112.11579573078161, 33.4846429629135], [-112.11579573078161, 33.48463547066072], [-112.11578674762876, 33.48463547066072], [-112.11578674762876, 33.4846429629135], [-112.11579573078161, 33.4846429629135]]}, "properties": {"confidence": "high"}}, {"type": "Feature", "geometry": {"type": "LineString", "coordinates": [[-112.10903141669219, 33.4846429629135], [-112.10903141669219, 33.48463547066072], [-112.10898650092798, 33.48463547066072], [-112.10898650092798, 33.4846429629135], [-112.10903141669219, 33.4846429629135]]}, "properties": {"confidence": "high"}}, {"type": "Feature", "geometry": {"type": "LineString", "coordinates": [[-112.10769292691884, 33.4846429629135], [-112.10769292691884, 33.48463547066072], [-112.10762106169611, 33.48463547066072], [-112.10762106169611, 33.4846429629135], [-112.10769292691884, 33.4846429629135]]}, "properties": {"confidence": "high"}}, {"type": "Feature", "geometry": {"type": "LineString", "coordinates": [[-112.10847446121603, 33.48481528454856], [-112.10847446121603, 33.484627978407296], [-112.1084654780632, 33.484627978407296], [-112.1084654780632, 33.48481528454856], [-112.10847446121603, 33.48481528454856]]}, "properties": {"confidence": "high"}}, {"type": "Feature", "geometry": {"type": "LineString", "coordinates": [[-112.10898650092798, 33.48463547066072], [-112.10898650092798, 33.484627978407296], [-112.10892361885809, 33.484627978407296], [-112.10892361885809, 33.48463547066072], [-112.10898650092798, 33.48463547066072]]}, "properties": {"confidence": "high"}}, {"type": "Feature", "geometry": {"type": "LineString", "coordinates": [[-112.10782767421145, 33.48463547066072], [-112.10782767421145, 33.484627978407296], [-112.10769292691884, 33.484627978407296], [-112.10769292691884, 33.48463547066072], [-112.10782767421145, 33.48463547066072]]}, "properties": {"confidence": "high"}}, {"type": "Feature", "geometry": {"type": "LineString", "coordinates": [[-112.10892361885809, 33.484627978407296], [-112.10892361885809, 33.48462048615322], [-112.10887870309388, 33.48462048615322], [-112.10887870309388, 33.484627978407296], [-112.10892361885809, 33.484627978407296]]}, "properties": {"confidence": "high"}}, {"type": "Feature", "geometry": {"type": "LineString", "coordinates": [[-112.1078995394342, 33.484627978407296], [-112.1078995394342, 33.48462048615322], [-112.10782767421145, 33.48462048615322], [-112.10782767421145, 33.484627978407296], [-112.1078995394342, 33.484627978407296]]}, "properties": {"confidence": "high"}}, {"type": "Feature", "geometry": {"type": "LineString", "coordinates": [[-112.10887870309388, 33.48462048615322], [-112.10887870309388, 33.48461299389849], [-112.10877090525979, 33.48461299389849], [-112.10877090525979, 33.48462048615322], [-112.10887870309388, 33.48462048615322]]}, "properties": {"confidence": "high"}}, {"type": "Feature", "geometry": {"type": "LineString", "coordinates": [[-112.10799835411545, 33.48462048615322], [-112.10799835411545, 33.48461299389849], [-112.1078995394342, 33.48461299389849], [-112.1078995394342, 33.48462048615322], [-112.10799835411545, 33.48462048615322]]}, "properties": {"confidence": "high"}}, {"type": "Feature", "geometry": {"type": "LineString", "coordinates": [[-112.10975905207232, 33.48463547066072], [-112.10975905207232, 33.484605501643124], [-112.10975006891948, 33.484605501643124], [-112.10975006891948, 33.48463547066072], [-112.10975905207232, 33.48463547066072]]}, "properties": {"confidence": "high"}}, {"type": "Feature", "geometry": {"type": "LineString", "coordinates": [[-112.10877090525979, 33.48461299389849], [-112.10877090525979, 33.484605501643124], [-112.10871700634274, 33.484605501643124], [-112.10871700634274, 33.48461299389849], [-112.10877090525979, 33.48461299389849]]}, "properties": {"confidence": "high"}}, {"type": "Feature", "geometry": {"type": "LineString", "coordinates": [[-112.10813310140806, 33.48461299389849], [-112.10813310140806, 33.484605501643124], [-112.10799835411545, 33.484605501643124], [-112.10799835411545, 33.48461299389849], [-112.10813310140806, 33.48461299389849]]}, "properties": {"confidence": "high"}}, {"type": "Feature", "geometry": {"type": "LineString", "coordinates": [[-112.11166348047465, 33.484792807832996], [-112.11166348047465, 33.4845980093871], [-112.11165449732181, 33.4845980093871], [-112.11165449732181, 33.484792807832996], [-112.11166348047465, 33.484792807832996]]}, "properties": {"confidence": "high"}}, {"type": "Feature", "geometry": {"type": "LineString", "coordinates": [[-112.1084654780632, 33.484627978407296], [-112.1084654780632, 33.4845980093871], [-112.10813310140806, 33.4845980093871], [-112.10813310140806, 33.484605501643124], [-112.10845649491036, 33.484605501643124], [-112.10845649491036, 33.484627978407296], [-112.1084654780632, 33.484627978407296]]}, "properties": {"confidence": "high"}}, {"type": "Feature", "geometry": {"type": "LineString", "coordinates": [[-112.10871700634274, 33.484605501643124], [-112.10871700634274, 33.4845980093871], [-112.10861819166149, 33.4845980093871], [-112.10861819166149, 33.484605501643124], [-112.10871700634274, 33.484605501643124]]}, "properties": {"confidence": "high"}}, {"type": "Feature", "geometry": {"type": "LineString", "coordinates": [[-112.11167246362749, 33.4845980093871], [-112.11167246362749, 33.48459051713043], [-112.11166348047465, 33.48459051713043], [-112.11166348047465, 33.4845980093871], [-112.11167246362749, 33.4845980093871]]}, "properties": {"confidence": "high"}}, {"type": "Feature", "geometry": {"type": "LineString", "coordinates": [[-112.10976803522516, 33.484605501643124], [-112.10976803522516, 33.48458302487312], [-112.10975905207232, 33.48458302487312], [-112.10975905207232, 33.484605501643124], [-112.10976803522516, 33.484605501643124]]}, "properties": {"confidence": "high"}}, {"type": "Feature", "geometry": {"type": "LineString", "coordinates": [[-112.1104327885354, 33.48457553261515], [-112.1104327885354, 33.48456804035654], [-112.11037888961836, 33.48456804035654], [-112.11037888961836, 33.48457553261515], [-112.1104327885354, 33.48457553261515]]}, "properties": {"confidence": "high"}}, {"type": "Feature", "geometry": {"type": "LineString", "coordinates": [[-112.11031600754848, 33.48457553261515], [-112.11031600754848, 33.48456804035654], [-112.1102980412428, 33.48456804035654], [-112.1102980412428, 33.48457553261515], [-112.11031600754848, 33.48457553261515]]}, "properties": {"confidence": "high"}}, {"type": "Feature", "geometry": {"type": "LineString", "coordinates": [[-112.1104507548411, 33.48456804035654], [-112.1104507548411, 33.48456054809728], [-112.1104327885354, 33.48456054809728], [-112.1104327885354, 33.48456804035654], [-112.1104507548411, 33.48456804035654]]}, "properties": {"confidence": "high"}}, {"type": "Feature", "geometry": {"type": "LineString", "coordinates": [[-112.11037888961836, 33.48456804035654], [-112.11037888961836, 33.48456054809728], [-112.11031600754848, 33.48456054809728], [-112.11031600754848, 33.48456804035654], [-112.11037888961836, 33.48456804035654]]}, "properties": {"confidence": "high"}}, {"type": "Feature", "geometry": {"type": "LineString", "coordinates": [[-112.109777018378, 33.48458302487312], [-112.109777018378, 33.484545563576816], [-112.10976803522516, 33.484545563576816], [-112.10976803522516, 33.48458302487312], [-112.109777018378, 33.48458302487312]]}, "properties": {"confidence": "high"}}, {"type": "Feature", "geometry": {"type": "LineString", "coordinates": [[-112.10978600153085, 33.484545563576816], [-112.10978600153085, 33.48450810226431], [-112.109777018378, 33.48450810226431], [-112.109777018378, 33.484545563576816], [-112.10978600153085, 33.484545563576816]]}, "properties": {"confidence": "high"}}, {"type": "Feature", "geometry": {"type": "LineString", "coordinates": [[-112.1110436429286, 33.48480779231069], [-112.1110436429286, 33.484800300072166], [-112.11103465977577, 33.484800300072166], [-112.11103465977577, 33.484470640935605], [-112.11102567662293, 33.484470640935605], [-112.11102567662293, 33.484800300072166], [-112.11100771031724, 33.484800300072166], [-112.11100771031724, 33.48480779231069], [-112.1110436429286, 33.48480779231069]]}, "properties": {"confidence": "high"}}, {"type": "Feature", "geometry": {"type": "LineString", "coordinates": [[-112.10979498468369, 33.48450810226431], [-112.10979498468369, 33.484470640935605], [-112.10978600153085, 33.484470640935605], [-112.10978600153085, 33.48450810226431], [-112.10979498468369, 33.48450810226431]]}, "properties": {"confidence": "high"}}, {"type": "Feature", "geometry": {"type": "LineString", "coordinates": [[-112.11166348047465, 33.48459051713043], [-112.11166348047465, 33.484418195048185], [-112.11165449732181, 33.484418195048185], [-112.11165449732181, 33.48459051713043], [-112.11166348047465, 33.48459051713043]]}, "properties": {"confidence": "high"}}, {"type": "Feature", "geometry": {"type": "LineString", "coordinates": [[-112.11063940105075, 33.484800300072166], [-112.11063940105075, 33.484792807832996], [-112.11063041789791, 33.484792807832996], [-112.11063041789791, 33.4844032105031], [-112.11062143474507, 33.4844032105031], [-112.11062143474507, 33.484553055837374], [-112.1104507548411, 33.484553055837374], [-112.1104507548411, 33.48456054809728], [-112.11062143474507, 33.48456054809728], [-112.11062143474507, 33.484800300072166], [-112.11063940105075, 33.484800300072166]]}, "properties": {"confidence": "high"}}, {"type": "Feature", "geometry": {"type": "LineString", "coordinates": [[-112.11306485231788, 33.48475534662742], [-112.11306485231788, 33.48439571822958], [-112.11305586916504, 33.48439571822958], [-112.11305586916504, 33.48475534662742], [-112.11306485231788, 33.48475534662742]]}, "properties": {"confidence": "high"}}, {"type": "Feature", "geometry": {"type": "LineString", "coordinates": [[-112.11579573078161, 33.48433578001811], [-112.11579573078161, 33.48432079545876], [-112.11578674762876, 33.48432079545876], [-112.11578674762876, 33.48433578001811], [-112.11579573078161, 33.48433578001811]]}, "properties": {"confidence": "high"}}, {"type": "Feature", "geometry": {"type": "LineString", "coordinates": [[-112.11578674762876, 33.48432079545876], [-112.11578674762876, 33.48431330317811], [-112.11577776447591, 33.48431330317811], [-112.11577776447591, 33.48432079545876], [-112.11578674762876, 33.48432079545876]]}, "properties": {"confidence": "high"}}, {"type": "Feature", "geometry": {"type": "LineString", "coordinates": [[-112.11577776447591, 33.48431330317811], [-112.11577776447591, 33.48430581089681], [-112.11574183186455, 33.48430581089681], [-112.11574183186455, 33.48431330317811], [-112.11577776447591, 33.48431330317811]]}, "properties": {"confidence": "high"}}, {"type": "Feature", "geometry": {"type": "LineString", "coordinates": [[-112.11558911826626, 33.48431330317811], [-112.11558911826626, 33.48430581089681], [-112.11551725304352, 33.48430581089681], [-112.11551725304352, 33.48431330317811], [-112.11558911826626, 33.48431330317811]]}, "properties": {"confidence": "high"}}, {"type": "Feature", "geometry": {"type": "LineString", "coordinates": [[-112.11462792091224, 33.48431330317811], [-112.11462792091224, 33.48430581089681], [-112.1140080833662, 33.48430581089681], [-112.1140080833662, 33.48431330317811], [-112.11462792091224, 33.48431330317811]]}, "properties": {"confidence": "high"}}, {"type": "Feature", "geometry": {"type": "LineString", "coordinates": [[-112.11574183186455, 33.48430581089681], [-112.11574183186455, 33.48429831861487], [-112.11558911826626, 33.48429831861487], [-112.11558911826626, 33.48430581089681], [-112.11574183186455, 33.48430581089681]]}, "properties": {"confidence": "high"}}, {"type": "Feature", "geometry": {"type": "LineString", "coordinates": [[-112.11551725304352, 33.48430581089681], [-112.11551725304352, 33.48429831861487], [-112.11505012909578, 33.48429831861487], [-112.11505012909578, 33.48430581089681], [-112.11551725304352, 33.48430581089681]]}, "properties": {"confidence": "high"}}, {"type": "Feature", "geometry": {"type": "LineString", "coordinates": [[-112.1150321627901, 33.48430581089681], [-112.1150321627901, 33.48429831861487], [-112.11462792091224, 33.48429831861487], [-112.11462792091224, 33.48430581089681], [-112.1150321627901, 33.48430581089681]]}, "properties": {"confidence": "high"}}, {"type": "Feature", "geometry": {"type": "LineString", "coordinates": [[-112.11505012909578, 33.48429831861487], [-112.11505012909578, 33.48429082633228], [-112.1150321627901, 33.48429082633228], [-112.1150321627901, 33.48429831861487], [-112.11505012909578, 33.48429831861487]]}, "properties": {"confidence": "high"}}, {"type": "Feature", "geometry": {"type": "LineString", "coordinates": [[-112.11320858276333, 33.48429831861487], [-112.11320858276333, 33.48429082633228], [-112.11319061645766, 33.48429082633228], [-112.11319061645766, 33.48429831861487], [-112.11320858276333, 33.48429831861487]]}, "properties": {"confidence": "high"}}, {"type": "Feature", "geometry": {"type": "LineString", "coordinates": [[-112.10980396783653, 33.484470640935605], [-112.10980396783653, 33.48427584176515], [-112.10979498468369, 33.48427584176515], [-112.10979498468369, 33.484470640935605], [-112.10980396783653, 33.484470640935605]]}, "properties": {"confidence": "high"}}, {"type": "Feature", "geometry": {"type": "LineString", "coordinates": [[-112.11305586916504, 33.48439571822958], [-112.11305586916504, 33.48430581089681], [-112.11319061645766, 33.48430581089681], [-112.11319061645766, 33.48429831861487], [-112.11305586916504, 33.48429831861487], [-112.11305586916504, 33.48426085719543], [-112.11306485231788, 33.48426085719543], [-112.11306485231788, 33.48425336490959], [-112.11303790285936, 33.48425336490959], [-112.11303790285936, 33.48426085719543], [-112.1130468860122, 33.48426085719543], [-112.1130468860122, 33.48439571822958], [-112.11305586916504, 33.48439571822958]]}, "properties": {"confidence": "high"}}, {"type": "Feature", "geometry": {"type": "LineString", "coordinates": [[-112.11307383547073, 33.48425336490959], [-112.11307383547073, 33.48424587262312], [-112.11306485231788, 33.48424587262312], [-112.11306485231788, 33.48425336490959], [-112.11307383547073, 33.48425336490959]]}, "properties": {"confidence": "high"}}, {"type": "Feature", "geometry": {"type": "LineString", "coordinates": [[-112.11303790285936, 33.48425336490959], [-112.11303790285936, 33.48424587262312], [-112.11302891970652, 33.48424587262312], [-112.11302891970652, 33.48425336490959], [-112.11303790285936, 33.48425336490959]]}, "properties": {"confidence": "high"}}, {"type": "Feature", "geometry": {"type": "LineString", "coordinates": [[-112.10861819166149, 33.4845980093871], [-112.10861819166149, 33.48459051713043], [-112.10847446121603, 33.48459051713043], [-112.10847446121603, 33.484238380335995], [-112.10841157914615, 33.484238380335995], [-112.10841157914615, 33.48424587262312], [-112.1084654780632, 33.48424587262312], [-112.1084654780632, 33.4845980093871], [-112.10861819166149, 33.4845980093871]]}, "properties": {"confidence": "high"}}, {"type": "Feature", "geometry": {"type": "LineString", "coordinates": [[-112.11308281862357, 33.48424587262312], [-112.11308281862357, 33.484238380335995], [-112.11307383547073, 33.484238380335995], [-112.11307383547073, 33.48424587262312], [-112.11308281862357, 33.48424587262312]]}, "properties": {"confidence": "high"}}, {"type": "Feature", "geometry": {"type": "LineString", "coordinates": [[-112.11302891970652, 33.48424587262312], [-112.11302891970652, 33.484238380335995], [-112.11301993655368, 33.484238380335995], [-112.11301993655368, 33.48424587262312], [-112.11302891970652, 33.48424587262312]]}, "properties": {"confidence": "high"}}, {"type": "Feature", "geometry": {"type": "LineString", "coordinates": [[-112.1110436429286, 33.484470640935605], [-112.1110436429286, 33.48423088804821], [-112.11103465977577, 33.48423088804821], [-112.11103465977577, 33.484470640935605], [-112.1110436429286, 33.484470640935605]]}, "properties": {"confidence": "high"}}, {"type": "Feature", "geometry": {"type": "LineString", "coordinates": [[-112.1130918017764, 33.484238380335995], [-112.1130918017764, 33.48423088804821], [-112.11308281862357, 33.48423088804821], [-112.11308281862357, 33.484238380335995], [-112.1130918017764, 33.484238380335995]]}, "properties": {"confidence": "high"}}, {"type": "Feature", "geometry": {"type": "LineString", "coordinates": [[-112.11301993655368, 33.484238380335995], [-112.11301993655368, 33.48423088804821], [-112.11301095340083, 33.48423088804821], [-112.11301095340083, 33.484238380335995], [-112.11301993655368, 33.484238380335995]]}, "properties": {"confidence": "high"}}, {"type": "Feature", "geometry": {"type": "LineString", "coordinates": [[-112.10855530959161, 33.484238380335995], [-112.10855530959161, 33.48423088804821], [-112.10852836013308, 33.48423088804821], [-112.10852836013308, 33.484238380335995], [-112.10855530959161, 33.484238380335995]]}, "properties": {"confidence": "high"}}, {"type": "Feature", "geometry": {"type": "LineString", "coordinates": [[-112.10841157914615, 33.484238380335995], [-112.10841157914615, 33.48423088804821], [-112.10723478612394, 33.48423088804821], [-112.10723478612394, 33.484238380335995], [-112.10841157914615, 33.484238380335995]]}, "properties": {"confidence": "high"}}, {"type": "Feature", "geometry": {"type": "LineString", "coordinates": [[-112.11310078492924, 33.48423088804821], [-112.11310078492924, 33.48422339575979], [-112.1130918017764, 33.48422339575979], [-112.1130918017764, 33.48423088804821], [-112.11310078492924, 33.48423088804821]]}, "properties": {"confidence": "high"}}, {"type": "Feature", "geometry": {"type": "LineString", "coordinates": [[-112.11301095340083, 33.48423088804821], [-112.11301095340083, 33.48422339575979], [-112.11300197024799, 33.48422339575979], [-112.11300197024799, 33.48423088804821], [-112.11301095340083, 33.48423088804821]]}, "properties": {"confidence": "high"}}, {"type": "Feature", "geometry": {"type": "LineString", "coordinates": [[-112.10889666939956, 33.48423088804821], [-112.10889666939956, 33.48422339575979], [-112.10855530959161, 33.48422339575979], [-112.10855530959161, 33.48423088804821], [-112.10889666939956, 33.48423088804821]]}, "properties": {"confidence": "high"}}, {"type": "Feature", "geometry": {"type": "LineString", "coordinates": [[-112.10723478612394, 33.48423088804821], [-112.10723478612394, 33.48422339575979], [-112.10704613991427, 33.48422339575979], [-112.10704613991427, 33.48423088804821], [-112.10723478612394, 33.48423088804821]]}, "properties": {"confidence": "high"}}, {"type": "Feature", "geometry": {"type": "LineString", "coordinates": [[-112.10691139262167, 33.48423088804821], [-112.10691139262167, 33.48422339575979], [-112.10663291488358, 33.48422339575979], [-112.10663291488358, 33.48423088804821], [-112.10691139262167, 33.48423088804821]]}, "properties": {"confidence": "high"}}, {"type": "Feature", "geometry": {"type": "LineString", "coordinates": [[-112.11310976808208, 33.48422339575979], [-112.11310976808208, 33.48421590347072], [-112.11310078492924, 33.48421590347072], [-112.11310078492924, 33.48422339575979], [-112.11310976808208, 33.48422339575979]]}, "properties": {"confidence": "high"}}, {"type": "Feature", "geometry": {"type": "LineString", "coordinates": [[-112.11300197024799, 33.48422339575979], [-112.11300197024799, 33.48421590347072], [-112.11299298709515, 33.48421590347072], [-112.11299298709515, 33.48422339575979], [-112.11300197024799, 33.48422339575979]]}, "properties": {"confidence": "high"}}, {"type": "Feature", "geometry": {"type": "LineString", "coordinates": [[-112.11005549611608, 33.48422339575979], [-112.11005549611608, 33.48421590347072], [-112.10989379936494, 33.48421590347072], [-112.10989379936494, 33.48422339575979], [-112.11005549611608, 33.48422339575979]]}, "properties": {"confidence": "high"}}, {"type": "Feature", "geometry": {"type": "LineString", "coordinates": [[-112.10926497866605, 33.48422339575979], [-112.10926497866605, 33.48421590347072], [-112.10889666939956, 33.48421590347072], [-112.10889666939956, 33.48422339575979], [-112.10926497866605, 33.48422339575979]]}, "properties": {"confidence": "high"}}, {"type": "Feature", "geometry": {"type": "LineString", "coordinates": [[-112.10704613991427, 33.48422339575979], [-112.10704613991427, 33.48421590347072], [-112.10691139262167, 33.48421590347072], [-112.10691139262167, 33.48422339575979], [-112.10704613991427, 33.48422339575979]]}, "properties": {"confidence": "high"}}, {"type": "Feature", "geometry": {"type": "LineString", "coordinates": [[-112.10663291488358, 33.48422339575979], [-112.10663291488358, 33.48421590347072], [-112.10662393173074, 33.48421590347072], [-112.10662393173074, 33.48422339575979], [-112.10663291488358, 33.48422339575979]]}, "properties": {"confidence": "high"}}, {"type": "Feature", "geometry": {"type": "LineString", "coordinates": [[-112.11311875123494, 33.48421590347072], [-112.11311875123494, 33.484208411181], [-112.11310976808208, 33.484208411181], [-112.11310976808208, 33.48421590347072], [-112.11311875123494, 33.48421590347072]]}, "properties": {"confidence": "high"}}, {"type": "Feature", "geometry": {"type": "LineString", "coordinates": [[-112.11299298709515, 33.48421590347072], [-112.11299298709515, 33.484208411181], [-112.11298400394232, 33.484208411181], [-112.11298400394232, 33.48421590347072], [-112.11299298709515, 33.48421590347072]]}, "properties": {"confidence": "high"}}, {"type": "Feature", "geometry": {"type": "LineString", "coordinates": [[-112.11031600754848, 33.48421590347072], [-112.11031600754848, 33.484208411181], [-112.11005549611608, 33.484208411181], [-112.11005549611608, 33.48421590347072], [-112.11031600754848, 33.48421590347072]]}, "properties": {"confidence": "high"}}, {"type": "Feature", "geometry": {"type": "LineString", "coordinates": [[-112.11312773438777, 33.484208411181], [-112.11312773438777, 33.484200918890636], [-112.11311875123494, 33.484200918890636], [-112.11311875123494, 33.484208411181], [-112.11312773438777, 33.484208411181]]}, "properties": {"confidence": "high"}}, {"type": "Feature", "geometry": {"type": "LineString", "coordinates": [[-112.11298400394232, 33.484208411181], [-112.11298400394232, 33.484200918890636], [-112.11297502078948, 33.484200918890636], [-112.11297502078948, 33.484208411181], [-112.11298400394232, 33.484208411181]]}, "properties": {"confidence": "high"}}, {"type": "Feature", "geometry": {"type": "LineString", "coordinates": [[-112.11048668745245, 33.484208411181], [-112.11048668745245, 33.484200918890636], [-112.11031600754848, 33.484200918890636], [-112.11031600754848, 33.484208411181], [-112.11048668745245, 33.484208411181]]}, "properties": {"confidence": "high"}}, {"type": "Feature", "geometry": {"type": "LineString", "coordinates": [[-112.11063940105075, 33.4844032105031], [-112.11063940105075, 33.4841934265996], [-112.11063041789791, 33.4841934265996], [-112.11063041789791, 33.484200918890636], [-112.11054956952233, 33.484200918890636], [-112.11054956952233, 33.484208411181], [-112.11063041789791, 33.484208411181], [-112.11063041789791, 33.4844032105031], [-112.11063940105075, 33.4844032105031]]}, "properties": {"confidence": "high"}}, {"type": "Feature", "geometry": {"type": "LineString", "coordinates": [[-112.11313671754061, 33.484200918890636], [-112.11313671754061, 33.4841934265996], [-112.11312773438777, 33.4841934265996], [-112.11312773438777, 33.484200918890636], [-112.11313671754061, 33.484200918890636]]}, "properties": {"confidence": "high"}}, {"type": "Feature", "geometry": {"type": "LineString", "coordinates": [[-112.11297502078948, 33.484200918890636], [-112.11297502078948, 33.4841934265996], [-112.11296603763664, 33.4841934265996], [-112.11296603763664, 33.484200918890636], [-112.11297502078948, 33.484200918890636]]}, "properties": {"confidence": "high"}}, {"type": "Feature", "geometry": {"type": "LineString", "coordinates": [[-112.11054956952233, 33.484200918890636], [-112.11054956952233, 33.4841934265996], [-112.11048668745245, 33.4841934265996], [-112.11048668745245, 33.484200918890636], [-112.11054956952233, 33.484200918890636]]}, "properties": {"confidence": "high"}}, {"type": "Feature", "geometry": {"type": "LineString", "coordinates": [[-112.11314570069345, 33.4841934265996], [-112.11314570069345, 33.484185934307945], [-112.11313671754061, 33.484185934307945], [-112.11313671754061, 33.4841934265996], [-112.11314570069345, 33.4841934265996]]}, "properties": {"confidence": "high"}}, {"type": "Feature", "geometry": {"type": "LineString", "coordinates": [[-112.11296603763664, 33.4841934265996], [-112.11296603763664, 33.484185934307945], [-112.11295705448379, 33.484185934307945], [-112.11295705448379, 33.4841934265996], [-112.11296603763664, 33.4841934265996]]}, "properties": {"confidence": "high"}}, {"type": "Feature", "geometry": {"type": "LineString", "coordinates": [[-112.11315468384629, 33.484185934307945], [-112.11315468384629, 33.48417844201563], [-112.11314570069345, 33.48417844201563], [-112.11314570069345, 33.484185934307945], [-112.11315468384629, 33.484185934307945]]}, "properties": {"confidence": "high"}}, {"type": "Feature", "geometry": {"type": "LineString", "coordinates": [[-112.11295705448379, 33.484185934307945], [-112.11295705448379, 33.48417844201563], [-112.11294807133095, 33.48417844201563], [-112.11294807133095, 33.484185934307945], [-112.11295705448379, 33.484185934307945]]}, "properties": {"confidence": "high"}}, {"type": "Feature", "geometry": {"type": "LineString", "coordinates": [[-112.11316366699913, 33.48417844201563], [-112.11316366699913, 33.484170949722674], [-112.11315468384629, 33.484170949722674], [-112.11315468384629, 33.48417844201563], [-112.11316366699913, 33.48417844201563]]}, "properties": {"confidence": "high"}}, {"type": "Feature", "geometry": {"type": "LineString", "coordinates": [[-112.11294807133095, 33.48417844201563], [-112.11294807133095, 33.484170949722674], [-112.1129390881781, 33.484170949722674], [-112.1129390881781, 33.48417844201563], [-112.11294807133095, 33.48417844201563]]}, "properties": {"confidence": "high"}}, {"type": "Feature", "geometry": {"type": "LineString", "coordinates": [[-112.11317265015198, 33.484170949722674], [-112.11317265015198, 33.48416345742906], [-112.11316366699913, 33.48416345742906], [-112.11316366699913, 33.484170949722674], [-112.11317265015198, 33.484170949722674]]}, "properties": {"confidence": "high"}}, {"type": "Feature", "geometry": {"type": "LineString", "coordinates": [[-112.1129390881781, 33.484170949722674], [-112.1129390881781, 33.48416345742906], [-112.11293010502526, 33.48416345742906], [-112.11293010502526, 33.484170949722674], [-112.1129390881781, 33.484170949722674]]}, "properties": {"confidence": "high"}}, {"type": "Feature", "geometry": {"type": "LineString", "coordinates": [[-112.11318163330482, 33.48416345742906], [-112.11318163330482, 33.4841559651348], [-112.11317265015198, 33.4841559651348], [-112.11317265015198, 33.48416345742906], [-112.11318163330482, 33.48416345742906]]}, "properties": {"confidence": "high"}}, {"type": "Feature", "geometry": {"type": "LineString", "coordinates": [[-112.11293010502526, 33.48416345742906], [-112.11293010502526, 33.4841559651348], [-112.11292112187242, 33.4841559651348], [-112.11292112187242, 33.48416345742906], [-112.11293010502526, 33.48416345742906]]}, "properties": {"confidence": "high"}}, {"type": "Feature", "geometry": {"type": "LineString", "coordinates": [[-112.11319061645766, 33.4841559651348], [-112.11319061645766, 33.4841484728399], [-112.11318163330482, 33.4841484728399], [-112.11318163330482, 33.4841559651348], [-112.11319061645766, 33.4841559651348]]}, "properties": {"confidence": "high"}}, {"type": "Feature", "geometry": {"type": "LineString", "coordinates": [[-112.11292112187242, 33.4841559651348], [-112.11292112187242, 33.4841484728399], [-112.11291213871958, 33.4841484728399], [-112.11291213871958, 33.4841559651348], [-112.11292112187242, 33.4841559651348]]}, "properties": {"confidence": "high"}}, {"type": "Feature", "geometry": {"type": "LineString", "coordinates": [[-112.1131995996105, 33.4841484728399], [-112.1131995996105, 33.484140980544346], [-112.11319061645766, 33.484140980544346], [-112.11319061645766, 33.4841484728399], [-112.1131995996105, 33.4841484728399]]}, "properties": {"confidence": "high"}}, {"type": "Feature", "geometry": {"type": "LineString", "coordinates": [[-112.11291213871958, 33.4841484728399], [-112.11291213871958, 33.484140980544346], [-112.11290315556673, 33.484140980544346], [-112.11290315556673, 33.4841484728399], [-112.11291213871958, 33.4841484728399]]}, "properties": {"confidence": "high"}}, {"type": "Feature", "geometry": {"type": "LineString", "coordinates": [[-112.11320858276333, 33.484140980544346], [-112.11320858276333, 33.48413348824814], [-112.1131995996105, 33.48413348824814], [-112.1131995996105, 33.484140980544346], [-112.11320858276333, 33.484140980544346]]}, "properties": {"confidence": "high"}}, {"type": "Feature", "geometry": {"type": "LineString", "coordinates": [[-112.11321756591617, 33.48413348824814], [-112.11321756591617, 33.4841185036538], [-112.11320858276333, 33.4841185036538], [-112.11320858276333, 33.48413348824814], [-112.11321756591617, 33.48413348824814]]}, "properties": {"confidence": "high"}}, {"type": "Feature", "geometry": {"type": "LineString", "coordinates": [[-112.11290315556673, 33.484140980544346], [-112.11290315556673, 33.48411101135566], [-112.11289417241389, 33.48411101135566], [-112.11289417241389, 33.484140980544346], [-112.11290315556673, 33.484140980544346]]}, "properties": {"confidence": "high"}}, {"type": "Feature", "geometry": {"type": "LineString", "coordinates": [[-112.11289417241389, 33.48411101135566], [-112.11289417241389, 33.48410351905686], [-112.11288518926105, 33.48410351905686], [-112.11288518926105, 33.48411101135566], [-112.11289417241389, 33.48411101135566]]}, "properties": {"confidence": "high"}}, {"type": "Feature", "geometry": {"type": "LineString", "coordinates": [[-112.11390028553211, 33.48465794741711], [-112.11390028553211, 33.48432079545876], [-112.1140080833662, 33.48432079545876], [-112.1140080833662, 33.48431330317811], [-112.11390028553211, 33.48431330317811], [-112.11390028553211, 33.48409602675742], [-112.11389130237927, 33.48409602675742], [-112.11389130237927, 33.48465794741711], [-112.11390028553211, 33.48465794741711]]}, "properties": {"confidence": "high"}}, {"type": "Feature", "geometry": {"type": "LineString", "coordinates": [[-112.11322654906903, 33.4841185036538], [-112.11322654906903, 33.48409602675742], [-112.11321756591617, 33.48409602675742], [-112.11321756591617, 33.4841185036538], [-112.11322654906903, 33.4841185036538]]}, "properties": {"confidence": "high"}}, {"type": "Feature", "geometry": {"type": "LineString", "coordinates": [[-112.11288518926105, 33.48410351905686], [-112.11288518926105, 33.48409602675742], [-112.11287620610821, 33.48409602675742], [-112.11287620610821, 33.48410351905686], [-112.11288518926105, 33.48410351905686]]}, "properties": {"confidence": "high"}}, {"type": "Feature", "geometry": {"type": "LineString", "coordinates": [[-112.11323553222186, 33.48409602675742], [-112.11323553222186, 33.48408853445733], [-112.11322654906903, 33.48408853445733], [-112.11322654906903, 33.48409602675742], [-112.11323553222186, 33.48409602675742]]}, "properties": {"confidence": "high"}}, {"type": "Feature", "geometry": {"type": "LineString", "coordinates": [[-112.11287620610821, 33.48409602675742], [-112.11287620610821, 33.48408853445733], [-112.11286722295537, 33.48408853445733], [-112.11286722295537, 33.48409602675742], [-112.11287620610821, 33.48409602675742]]}, "properties": {"confidence": "high"}}, {"type": "Feature", "geometry": {"type": "LineString", "coordinates": [[-112.11286722295537, 33.48408853445733], [-112.11286722295537, 33.484081042156596], [-112.11285823980252, 33.484081042156596], [-112.11285823980252, 33.48408853445733], [-112.11286722295537, 33.48408853445733]]}, "properties": {"confidence": "high"}}, {"type": "Feature", "geometry": {"type": "LineString", "coordinates": [[-112.10981295098937, 33.48427584176515], [-112.10981295098937, 33.48421590347072], [-112.10989379936494, 33.48421590347072], [-112.10989379936494, 33.484208411181], [-112.10981295098937, 33.484208411181], [-112.10981295098937, 33.484073549855204], [-112.10980396783653, 33.484073549855204], [-112.10980396783653, 33.484208411181], [-112.10926497866605, 33.484208411181], [-112.10926497866605, 33.48421590347072], [-112.10980396783653, 33.48421590347072], [-112.10980396783653, 33.48427584176515], [-112.10981295098937, 33.48427584176515]]}, "properties": {"confidence": "high"}}, {"type": "Feature", "geometry": {"type": "LineString", "coordinates": [[-112.11285823980252, 33.484081042156596], [-112.11285823980252, 33.484073549855204], [-112.11284925664968, 33.484073549855204], [-112.11284925664968, 33.484081042156596], [-112.11285823980252, 33.484081042156596]]}, "properties": {"confidence": "high"}}, {"type": "Feature", "geometry": {"type": "LineString", "coordinates": [[-112.11064838420359, 33.4841934265996], [-112.11064838420359, 33.48406605755317], [-112.11063940105075, 33.48406605755317], [-112.11063940105075, 33.4841934265996], [-112.11064838420359, 33.4841934265996]]}, "properties": {"confidence": "high"}}, {"type": "Feature", "geometry": {"type": "LineString", "coordinates": [[-112.11284925664968, 33.484073549855204], [-112.11284925664968, 33.48406605755317], [-112.11284027349684, 33.48406605755317], [-112.11284027349684, 33.484073549855204], [-112.11284925664968, 33.484073549855204]]}, "properties": {"confidence": "high"}}, {"type": "Feature", "geometry": {"type": "LineString", "coordinates": [[-112.11284027349684, 33.48406605755317], [-112.11284027349684, 33.484058565250486], [-112.112831290344, 33.484058565250486], [-112.112831290344, 33.48406605755317], [-112.11284027349684, 33.48406605755317]]}, "properties": {"confidence": "high"}}, {"type": "Feature", "geometry": {"type": "LineString", "coordinates": [[-112.11063940105075, 33.48406605755317], [-112.11063940105075, 33.484058565250486], [-112.11063041789791, 33.484058565250486], [-112.11063041789791, 33.48406605755317], [-112.11063940105075, 33.48406605755317]]}, "properties": {"confidence": "high"}}, {"type": "Feature", "geometry": {"type": "LineString", "coordinates": [[-112.112831290344, 33.484058565250486], [-112.112831290344, 33.48405107294717], [-112.11282230719117, 33.48405107294717], [-112.11282230719117, 33.484058565250486], [-112.112831290344, 33.484058565250486]]}, "properties": {"confidence": "high"}}, {"type": "Feature", "geometry": {"type": "LineString", "coordinates": [[-112.11063041789791, 33.484058565250486], [-112.11063041789791, 33.48405107294717], [-112.11062143474507, 33.48405107294717], [-112.11062143474507, 33.484058565250486], [-112.11063041789791, 33.484058565250486]]}, "properties": {"confidence": "high"}}, {"type": "Feature", "geometry": {"type": "LineString", "coordinates": [[-112.11282230719117, 33.48405107294717], [-112.11282230719117, 33.48404358064319], [-112.11280434088548, 33.48404358064319], [-112.11280434088548, 33.48405107294717], [-112.11282230719117, 33.48405107294717]]}, "properties": {"confidence": "high"}}, {"type": "Feature", "geometry": {"type": "LineString", "coordinates": [[-112.11062143474507, 33.48405107294717], [-112.11062143474507, 33.48404358064319], [-112.11061245159223, 33.48404358064319], [-112.11061245159223, 33.48405107294717], [-112.11062143474507, 33.48405107294717]]}, "properties": {"confidence": "high"}}, {"type": "Feature", "geometry": {"type": "LineString", "coordinates": [[-112.11105262608145, 33.48423088804821], [-112.11105262608145, 33.48403608833856], [-112.1110436429286, 33.48403608833856], [-112.1110436429286, 33.48423088804821], [-112.11105262608145, 33.48423088804821]]}, "properties": {"confidence": "high"}}, {"type": "Feature", "geometry": {"type": "LineString", "coordinates": [[-112.10848344436887, 33.484238380335995], [-112.10848344436887, 33.48423088804821], [-112.10852836013308, 33.48423088804821], [-112.10852836013308, 33.48422339575979], [-112.10848344436887, 33.48422339575979], [-112.10848344436887, 33.48403608833856], [-112.10847446121603, 33.48403608833856], [-112.10847446121603, 33.484238380335995], [-112.10848344436887, 33.484238380335995]]}, "properties": {"confidence": "high"}}, {"type": "Feature", "geometry": {"type": "LineString", "coordinates": [[-112.11061245159223, 33.48404358064319], [-112.11061245159223, 33.48403608833856], [-112.1106034684394, 33.48403608833856], [-112.1106034684394, 33.48404358064319], [-112.11061245159223, 33.48404358064319]]}, "properties": {"confidence": "high"}}, {"type": "Feature", "geometry": {"type": "LineString", "coordinates": [[-112.11167246362749, 33.484418195048185], [-112.11167246362749, 33.48402859603328], [-112.11166348047465, 33.48402859603328], [-112.11166348047465, 33.484418195048185], [-112.11167246362749, 33.484418195048185]]}, "properties": {"confidence": "high"}}, {"type": "Feature", "geometry": {"type": "LineString", "coordinates": [[-112.11390926868495, 33.48409602675742], [-112.11390926868495, 33.48402859603328], [-112.11390028553211, 33.48402859603328], [-112.11390028553211, 33.48409602675742], [-112.11390926868495, 33.48409602675742]]}, "properties": {"confidence": "high"}}, {"type": "Feature", "geometry": {"type": "LineString", "coordinates": [[-112.10980396783653, 33.484073549855204], [-112.10980396783653, 33.48402859603328], [-112.10979498468369, 33.48402859603328], [-112.10979498468369, 33.484073549855204], [-112.10980396783653, 33.484073549855204]]}, "properties": {"confidence": "high"}}, {"type": "Feature", "geometry": {"type": "LineString", "coordinates": [[-112.11106160923428, 33.48403608833856], [-112.11106160923428, 33.48402859603328], [-112.11105262608145, 33.48402859603328], [-112.11105262608145, 33.48403608833856], [-112.11106160923428, 33.48403608833856]]}, "properties": {"confidence": "high"}}, {"type": "Feature", "geometry": {"type": "LineString", "coordinates": [[-112.1106034684394, 33.48403608833856], [-112.1106034684394, 33.48402859603328], [-112.11059448528654, 33.48402859603328], [-112.11059448528654, 33.48403608833856], [-112.1106034684394, 33.48403608833856]]}, "properties": {"confidence": "high"}}, {"type": "Feature", "geometry": {"type": "LineString", "coordinates": [[-112.10849242752171, 33.48403608833856], [-112.10849242752171, 33.48402859603328], [-112.10848344436887, 33.48402859603328], [-112.10848344436887, 33.48403608833856], [-112.10849242752171, 33.48403608833856]]}, "properties": {"confidence": "high"}}, {"type": "Feature", "geometry": {"type": "LineString", "coordinates": [[-112.11390028553211, 33.48402859603328], [-112.11390028553211, 33.48402110372736], [-112.11389130237927, 33.48402110372736], [-112.11389130237927, 33.48402859603328], [-112.11390028553211, 33.48402859603328]]}, "properties": {"confidence": "high"}}, {"type": "Feature", "geometry": {"type": "LineString", "coordinates": [[-112.11166348047465, 33.48402859603328], [-112.11166348047465, 33.48402110372736], [-112.11165449732181, 33.48402110372736], [-112.11165449732181, 33.48402859603328], [-112.11166348047465, 33.48402859603328]]}, "properties": {"confidence": "high"}}, {"type": "Feature", "geometry": {"type": "LineString", "coordinates": [[-112.11059448528654, 33.48402859603328], [-112.11059448528654, 33.48402110372736], [-112.1105855021337, 33.48402110372736], [-112.1105855021337, 33.48402859603328], [-112.11059448528654, 33.48402859603328]]}, "properties": {"confidence": "high"}}, {"type": "Feature", "geometry": {"type": "LineString", "coordinates": [[-112.10979498468369, 33.48402859603328], [-112.10979498468369, 33.48402110372736], [-112.109777018378, 33.48402110372736], [-112.109777018378, 33.48402859603328], [-112.10979498468369, 33.48402859603328]]}, "properties": {"confidence": "high"}}, {"type": "Feature", "geometry": {"type": "LineString", "coordinates": [[-112.10850141067456, 33.48402859603328], [-112.10850141067456, 33.48402110372736], [-112.10849242752171, 33.48402110372736], [-112.10849242752171, 33.48402859603328], [-112.10850141067456, 33.48402859603328]]}, "properties": {"confidence": "high"}}, {"type": "Feature", "geometry": {"type": "LineString", "coordinates": [[-112.11389130237927, 33.48402110372736], [-112.11389130237927, 33.48401361142079], [-112.11388231922642, 33.48401361142079], [-112.11388231922642, 33.48402110372736], [-112.11389130237927, 33.48402110372736]]}, "properties": {"confidence": "high"}}, {"type": "Feature", "geometry": {"type": "LineString", "coordinates": [[-112.11165449732181, 33.48402110372736], [-112.11165449732181, 33.48401361142079], [-112.11164551416897, 33.48401361142079], [-112.11164551416897, 33.48402110372736], [-112.11165449732181, 33.48402110372736]]}, "properties": {"confidence": "high"}}, {"type": "Feature", "geometry": {"type": "LineString", "coordinates": [[-112.1105855021337, 33.48402110372736], [-112.1105855021337, 33.48401361142079], [-112.11056753582803, 33.48401361142079], [-112.11056753582803, 33.48402110372736], [-112.1105855021337, 33.48402110372736]]}, "properties": {"confidence": "high"}}, {"type": "Feature", "geometry": {"type": "LineString", "coordinates": [[-112.109777018378, 33.48402110372736], [-112.109777018378, 33.48401361142079], [-112.10976803522516, 33.48401361142079], [-112.10976803522516, 33.48402110372736], [-112.109777018378, 33.48402110372736]]}, "properties": {"confidence": "high"}}, {"type": "Feature", "geometry": {"type": "LineString", "coordinates": [[-112.1085103938274, 33.48402110372736], [-112.1085103938274, 33.48401361142079], [-112.10850141067456, 33.48401361142079], [-112.10850141067456, 33.48402110372736], [-112.1085103938274, 33.48402110372736]]}, "properties": {"confidence": "high"}}, {"type": "Feature", "geometry": {"type": "LineString", "coordinates": [[-112.11388231922642, 33.48401361142079], [-112.11388231922642, 33.48400611911357], [-112.11387333607358, 33.48400611911357], [-112.11387333607358, 33.48401361142079], [-112.11388231922642, 33.48401361142079]]}, "properties": {"confidence": "high"}}, {"type": "Feature", "geometry": {"type": "LineString", "coordinates": [[-112.11164551416897, 33.48401361142079], [-112.11164551416897, 33.48400611911357], [-112.11162754786328, 33.48400611911357], [-112.11162754786328, 33.48401361142079], [-112.11164551416897, 33.48401361142079]]}, "properties": {"confidence": "high"}}, {"type": "Feature", "geometry": {"type": "LineString", "coordinates": [[-112.10976803522516, 33.48401361142079], [-112.10976803522516, 33.48400611911357], [-112.10975006891948, 33.48400611911357], [-112.10975006891948, 33.48401361142079], [-112.10976803522516, 33.48401361142079]]}, "properties": {"confidence": "high"}}, {"type": "Feature", "geometry": {"type": "LineString", "coordinates": [[-112.10852836013308, 33.48401361142079], [-112.10852836013308, 33.48400611911357], [-112.1085103938274, 33.48400611911357], [-112.1085103938274, 33.48401361142079], [-112.10852836013308, 33.48401361142079]]}, "properties": {"confidence": "high"}}, {"type": "Feature", "geometry": {"type": "LineString", "coordinates": [[-112.11387333607358, 33.48400611911357], [-112.11387333607358, 33.48399862680571], [-112.1138553697679, 33.48399862680571], [-112.1138553697679, 33.48400611911357], [-112.11387333607358, 33.48400611911357]]}, "properties": {"confidence": "high"}}]}