{"type": "FeatureCollection", "features": [{"type": "Feature", "geometry": {"type": "LineString", "coordinates": [[-75.21030068622042, 39.924537404304004], [-75.21030068622042, 39.92453051521021], [-75.21029170306758, 39.92453051521021], [-75.21029170306758, 39.924537404304004], [-75.21030068622042, 39.924537404304004]]}, "properties": {"confidence": "high"}}, {"type": "Feature", "geometry": {"type": "LineString", "coordinates": [[-75.21126188357441, 39.92453051521021], [-75.21126188357441, 39.924523626115715], [-75.21125290042157, 39.924523626115715], [-75.21125290042157, 39.92453051521021], [-75.21126188357441, 39.92453051521021]]}, "properties": {"confidence": "high"}}, {"type": "Feature", "geometry": {"type": "LineString", "coordinates": [[-75.21030966937326, 39.92453051521021], [-75.21030966937326, 39.924523626115715], [-75.21030068622042, 39.924523626115715], [-75.21030068622042, 39.92453051521021], [-75.21030966937326, 39.92453051521021]]}, "properties": {"confidence": "high"}}, {"type": "Feature", "geometry": {"type": "LineString", "coordinates": [[-75.2103186525261, 39.924523626115715], [-75.2103186525261, 39.924468513334816], [-75.21030966937326, 39.924468513334816], [-75.21030966937326, 39.924523626115715], [-75.2103186525261, 39.924523626115715]]}, "properties": {"confidence": "high"}}, {"type": "Feature", "geometry": {"type": "LineString", "coordinates": [[-75.21032763567894, 39.924468513334816], [-75.21032763567894, 39.92445473513266], [-75.2103186525261, 39.92445473513266], [-75.2103186525261, 39.924468513334816], [-75.21032763567894, 39.924468513334816]]}, "properties": {"confidence": "high"}}, {"type": "Feature", "geometry": {"type": "LineString", "coordinates": [[-75.21127086672726, 39.924523626115715], [-75.21127086672726, 39.92443406782423], [-75.21126188357441, 39.92443406782423], [-75.21126188357441, 39.924523626115715], [-75.21127086672726, 39.924523626115715]]}, "properties": {"confidence": "high"}}, {"type": "Feature", "geometry": {"type": "LineString", "coordinates": [[-75.21033661883178, 39.92445473513266], [-75.21033661883178, 39.92443406782423], [-75.21032763567894, 39.92443406782423], [-75.21032763567894, 39.92445473513266], [-75.21033661883178, 39.92445473513266]]}, "properties": {"confidence": "high"}}, {"type": "Feature", "geometry": {"type": "LineString", "coordinates": [[-75.21034560198463, 39.92443406782423], [-75.21034560198463, 39.92441340050956], [-75.21033661883178, 39.92441340050956], [-75.21033661883178, 39.92443406782423], [-75.21034560198463, 39.92443406782423]]}, "properties": {"confidence": "high"}}, {"type": "Feature", "geometry": {"type": "LineString", "coordinates": [[-75.21126188357441, 39.92443406782423], [-75.21126188357441, 39.92437895497123], [-75.21125290042157, 39.92437895497123], [-75.21125290042157, 39.92443406782423], [-75.21126188357441, 39.92443406782423]]}, "properties": {"confidence": "high"}}, {"type": "Feature", "geometry": {"type": "LineString", "coordinates": [[-75.21035458513747, 39.92441340050956], [-75.21035458513747, 39.92433762030238], [-75.21034560198463, 39.92433762030238], [-75.21034560198463, 39.92441340050956], [-75.21035458513747, 39.92441340050956]]}, "properties": {"confidence": "high"}}, {"type": "Feature", "geometry": {"type": "LineString", "coordinates": [[-75.21125290042157, 39.92437895497123], [-75.21125290042157, 39.92433762030238], [-75.21124391726873, 39.92433762030238], [-75.21124391726873, 39.92437895497123], [-75.21125290042157, 39.92437895497123]]}, "properties": {"confidence": "high"}}, {"type": "Feature", "geometry": {"type": "LineString", "coordinates": [[-75.21002220848233, 39.924358287639926], [-75.21002220848233, 39.92433762030238], [-75.21001322532949, 39.92433762030238], [-75.21001322532949, 39.924358287639926], [-75.21002220848233, 39.924358287639926]]}, "properties": {"confidence": "high"}}, {"type": "Feature", "geometry": {"type": "LineString", "coordinates": [[-75.21124391726873, 39.92433762030238], [-75.21124391726873, 39.9243169529586], [-75.2112349341159, 39.9243169529586], [-75.2112349341159, 39.92433762030238], [-75.21124391726873, 39.92433762030238]]}, "properties": {"confidence": "high"}}, {"type": "Feature", "geometry": {"type": "LineString", "coordinates": [[-75.21003119163517, 39.92433762030238], [-75.21003119163517, 39.92429628560857], [-75.21002220848233, 39.92429628560857], [-75.21002220848233, 39.92433762030238], [-75.21003119163517, 39.92433762030238]]}, "properties": {"confidence": "high"}}, {"type": "Feature", "geometry": {"type": "LineString", "coordinates": [[-75.2112349341159, 39.9243169529586], [-75.2112349341159, 39.92428939649051], [-75.21122595096305, 39.92428939649051], [-75.21122595096305, 39.9243169529586], [-75.2112349341159, 39.9243169529586]]}, "properties": {"confidence": "high"}}, {"type": "Feature", "geometry": {"type": "LineString", "coordinates": [[-75.2103635682903, 39.92433762030238], [-75.2103635682903, 39.924268729132166], [-75.21035458513747, 39.924268729132166], [-75.21035458513747, 39.92433762030238], [-75.2103635682903, 39.92433762030238]]}, "properties": {"confidence": "high"}}, {"type": "Feature", "geometry": {"type": "LineString", "coordinates": [[-75.21004017478802, 39.92429628560857], [-75.21004017478802, 39.924268729132166], [-75.21003119163517, 39.924268729132166], [-75.21003119163517, 39.92429628560857], [-75.21004017478802, 39.92429628560857]]}, "properties": {"confidence": "high"}}, {"type": "Feature", "geometry": {"type": "LineString", "coordinates": [[-75.21122595096305, 39.92428939649051], [-75.21122595096305, 39.924268729132166], [-75.21121696781022, 39.924268729132166], [-75.21121696781022, 39.92428939649051], [-75.21122595096305, 39.92428939649051]]}, "properties": {"confidence": "high"}}, {"type": "Feature", "geometry": {"type": "LineString", "coordinates": [[-75.21121696781022, 39.924268729132166], [-75.21121696781022, 39.92424806176758], [-75.21120798465736, 39.92424806176758], [-75.21120798465736, 39.924268729132166], [-75.21121696781022, 39.924268729132166]]}, "properties": {"confidence": "high"}}, {"type": "Feature", "geometry": {"type": "LineString", "coordinates": [[-75.21037255144314, 39.924268729132166], [-75.21037255144314, 39.924234283521066], [-75.2103635682903, 39.924234283521066], [-75.2103635682903, 39.924268729132166], [-75.21037255144314, 39.924268729132166]]}, "properties": {"confidence": "high"}}, {"type": "Feature", "geometry": {"type": "LineString", "coordinates": [[-75.21004915794086, 39.924268729132166], [-75.21004915794086, 39.924227394396766], [-75.21004017478802, 39.924227394396766], [-75.21004017478802, 39.924268729132166], [-75.21004915794086, 39.924268729132166]]}, "properties": {"confidence": "high"}}, {"type": "Feature", "geometry": {"type": "LineString", "coordinates": [[-75.21120798465736, 39.92424806176758], [-75.21120798465736, 39.924227394396766], [-75.21119900150453, 39.924227394396766], [-75.21119900150453, 39.92424806176758], [-75.21120798465736, 39.92424806176758]]}, "properties": {"confidence": "high"}}, {"type": "Feature", "geometry": {"type": "LineString", "coordinates": [[-75.21004017478802, 39.924227394396766], [-75.21004017478802, 39.92421361614609], [-75.21003119163517, 39.92421361614609], [-75.21003119163517, 39.924227394396766], [-75.21004017478802, 39.924227394396766]]}, "properties": {"confidence": "high"}}, {"type": "Feature", "geometry": {"type": "LineString", "coordinates": [[-75.20935745517208, 39.924227394396766], [-75.20935745517208, 39.92421361614609], [-75.20934847201924, 39.92421361614609], [-75.20934847201924, 39.924227394396766], [-75.20935745517208, 39.924227394396766]]}, "properties": {"confidence": "high"}}, {"type": "Feature", "geometry": {"type": "LineString", "coordinates": [[-75.20352738897816, 39.92422050527177], [-75.20352738897816, 39.92421361614609], [-75.2035184058253, 39.92421361614609], [-75.2035184058253, 39.92422050527177], [-75.20352738897816, 39.92422050527177]]}, "properties": {"confidence": "high"}}, {"type": "Feature", "geometry": {"type": "LineString", "coordinates": [[-75.21119900150453, 39.924227394396766], [-75.21119900150453, 39.92420672701971], [-75.21119001835169, 39.92420672701971], [-75.21119001835169, 39.924227394396766], [-75.21119900150453, 39.924227394396766]]}, "properties": {"confidence": "high"}}, {"type": "Feature", "geometry": {"type": "LineString", "coordinates": [[-75.203536372131, 39.92421361614609], [-75.203536372131, 39.92420672701971], [-75.20352738897816, 39.92420672701971], [-75.20352738897816, 39.92421361614609], [-75.203536372131, 39.92421361614609]]}, "properties": {"confidence": "high"}}, {"type": "Feature", "geometry": {"type": "LineString", "coordinates": [[-75.21038153459598, 39.924234283521066], [-75.21038153459598, 39.92419983789263], [-75.21037255144314, 39.92419983789263], [-75.21037255144314, 39.924234283521066], [-75.21038153459598, 39.924234283521066]]}, "properties": {"confidence": "high"}}, {"type": "Feature", "geometry": {"type": "LineString", "coordinates": [[-75.20934847201924, 39.92421361614609], [-75.20934847201924, 39.92419983789263], [-75.2093394888664, 39.92419983789263], [-75.2093394888664, 39.92421361614609], [-75.20934847201924, 39.92421361614609]]}, "properties": {"confidence": "high"}}, {"type": "Feature", "geometry": {"type": "LineString", "coordinates": [[-75.20354535528384, 39.92420672701971], [-75.20354535528384, 39.92419294876486], [-75.203536372131, 39.92419294876486], [-75.203536372131, 39.92420672701971], [-75.20354535528384, 39.92420672701971]]}, "properties": {"confidence": "high"}}, {"type": "Feature", "geometry": {"type": "LineString", "coordinates": [[-75.21119001835169, 39.92420672701971], [-75.21119001835169, 39.924186059636405], [-75.21118103519885, 39.924186059636405], [-75.21118103519885, 39.92420672701971], [-75.21119001835169, 39.92420672701971]]}, "properties": {"confidence": "high"}}, {"type": "Feature", "geometry": {"type": "LineString", "coordinates": [[-75.2093394888664, 39.92419983789263], [-75.2093394888664, 39.924186059636405], [-75.20933050571357, 39.924186059636405], [-75.20933050571357, 39.92419983789263], [-75.2093394888664, 39.92419983789263]]}, "properties": {"confidence": "high"}}, {"type": "Feature", "geometry": {"type": "LineString", "coordinates": [[-75.20355433843667, 39.92419294876486], [-75.20355433843667, 39.92417917050725], [-75.20354535528384, 39.92417917050725], [-75.20354535528384, 39.92419294876486], [-75.20355433843667, 39.92419294876486]]}, "properties": {"confidence": "high"}}, {"type": "Feature", "geometry": {"type": "LineString", "coordinates": [[-75.20933050571357, 39.924186059636405], [-75.20933050571357, 39.92417228137741], [-75.20932152256073, 39.92417228137741], [-75.20932152256073, 39.924186059636405], [-75.20933050571357, 39.924186059636405]]}, "properties": {"confidence": "high"}}, {"type": "Feature", "geometry": {"type": "LineString", "coordinates": [[-75.21118103519885, 39.924186059636405], [-75.21118103519885, 39.92416539224686], [-75.21117205204601, 39.92416539224686], [-75.21117205204601, 39.924186059636405], [-75.21118103519885, 39.924186059636405]]}, "properties": {"confidence": "high"}}, {"type": "Feature", "geometry": {"type": "LineString", "coordinates": [[-75.20356332158951, 39.92417917050725], [-75.20356332158951, 39.92416539224686], [-75.20355433843667, 39.92416539224686], [-75.20355433843667, 39.92417917050725], [-75.20356332158951, 39.92417917050725]]}, "properties": {"confidence": "high"}}, {"type": "Feature", "geometry": {"type": "LineString", "coordinates": [[-75.21039051774882, 39.92419983789263], [-75.21039051774882, 39.924158503115635], [-75.21038153459598, 39.924158503115635], [-75.21038153459598, 39.92419983789263], [-75.21039051774882, 39.92419983789263]]}, "properties": {"confidence": "high"}}, {"type": "Feature", "geometry": {"type": "LineString", "coordinates": [[-75.20932152256073, 39.92417228137741], [-75.20932152256073, 39.924158503115635], [-75.20931253940788, 39.924158503115635], [-75.20931253940788, 39.92417228137741], [-75.20932152256073, 39.92417228137741]]}, "properties": {"confidence": "high"}}, {"type": "Feature", "geometry": {"type": "LineString", "coordinates": [[-75.20357230474237, 39.92416539224686], [-75.20357230474237, 39.924158503115635], [-75.20356332158951, 39.924158503115635], [-75.20356332158951, 39.92416539224686], [-75.20357230474237, 39.92416539224686]]}, "properties": {"confidence": "high"}}, {"type": "Feature", "geometry": {"type": "LineString", "coordinates": [[-75.20931253940788, 39.924158503115635], [-75.20931253940788, 39.92415161398371], [-75.20930355625504, 39.92415161398371], [-75.20930355625504, 39.924158503115635], [-75.20931253940788, 39.924158503115635]]}, "properties": {"confidence": "high"}}, {"type": "Feature", "geometry": {"type": "LineString", "coordinates": [[-75.20359027104804, 39.924158503115635], [-75.20359027104804, 39.92415161398371], [-75.20357230474237, 39.92415161398371], [-75.20357230474237, 39.924158503115635], [-75.20359027104804, 39.924158503115635]]}, "properties": {"confidence": "high"}}, {"type": "Feature", "geometry": {"type": "LineString", "coordinates": [[-75.21117205204601, 39.92416539224686], [-75.21117205204601, 39.9241447248511], [-75.21116306889317, 39.9241447248511], [-75.21116306889317, 39.92416539224686], [-75.21117205204601, 39.92416539224686]]}, "properties": {"confidence": "high"}}, {"type": "Feature", "geometry": {"type": "LineString", "coordinates": [[-75.20361722050656, 39.92415161398371], [-75.20361722050656, 39.9241447248511], [-75.20359027104804, 39.9241447248511], [-75.20359027104804, 39.92415161398371], [-75.20361722050656, 39.92415161398371]]}, "properties": {"confidence": "high"}}, {"type": "Feature", "geometry": {"type": "LineString", "coordinates": [[-75.20930355625504, 39.92415161398371], [-75.20930355625504, 39.92413783571778], [-75.2092945731022, 39.92413783571778], [-75.2092945731022, 39.92415161398371], [-75.20930355625504, 39.92415161398371]]}, "properties": {"confidence": "high"}}, {"type": "Feature", "geometry": {"type": "LineString", "coordinates": [[-75.20364416996509, 39.9241447248511], [-75.20364416996509, 39.92413783571778], [-75.20361722050656, 39.92413783571778], [-75.20361722050656, 39.9241447248511], [-75.20364416996509, 39.9241447248511]]}, "properties": {"confidence": "high"}}, {"type": "Feature", "geometry": {"type": "LineString", "coordinates": [[-75.20366213627076, 39.92413783571778], [-75.20366213627076, 39.92413094658377], [-75.20364416996509, 39.92413094658377], [-75.20364416996509, 39.92413783571778], [-75.20366213627076, 39.92413783571778]]}, "properties": {"confidence": "high"}}, {"type": "Feature", "geometry": {"type": "LineString", "coordinates": [[-75.2092945731022, 39.92413783571778], [-75.2092945731022, 39.924124057449085], [-75.20928558994936, 39.924124057449085], [-75.20928558994936, 39.92413783571778], [-75.2092945731022, 39.92413783571778]]}, "properties": {"confidence": "high"}}, {"type": "Feature", "geometry": {"type": "LineString", "coordinates": [[-75.20368010257646, 39.92413094658377], [-75.20368010257646, 39.924124057449085], [-75.20366213627076, 39.924124057449085], [-75.20366213627076, 39.92413094658377], [-75.20368010257646, 39.92413094658377]]}, "properties": {"confidence": "high"}}, {"type": "Feature", "geometry": {"type": "LineString", "coordinates": [[-75.21004915794086, 39.92421361614609], [-75.21004915794086, 39.924117168313686], [-75.21004017478802, 39.924117168313686], [-75.21004017478802, 39.92421361614609], [-75.21004915794086, 39.92421361614609]]}, "properties": {"confidence": "high"}}, {"type": "Feature", "geometry": {"type": "LineString", "coordinates": [[-75.21116306889317, 39.9241447248511], [-75.21116306889317, 39.924117168313686], [-75.21115408574032, 39.924117168313686], [-75.21115408574032, 39.9241447248511], [-75.21116306889317, 39.9241447248511]]}, "properties": {"confidence": "high"}}, {"type": "Feature", "geometry": {"type": "LineString", "coordinates": [[-75.20928558994936, 39.924124057449085], [-75.20928558994936, 39.924117168313686], [-75.20927660679652, 39.924117168313686], [-75.20927660679652, 39.924124057449085], [-75.20928558994936, 39.924124057449085]]}, "properties": {"confidence": "high"}}, {"type": "Feature", "geometry": {"type": "LineString", "coordinates": [[-75.20369806888213, 39.924124057449085], [-75.20369806888213, 39.924117168313686], [-75.20368010257646, 39.924117168313686], [-75.20368010257646, 39.924124057449085], [-75.20369806888213, 39.924124057449085]]}, "properties": {"confidence": "high"}}, {"type": "Feature", "geometry": {"type": "LineString", "coordinates": [[-75.21039950090167, 39.924158503115635], [-75.21039950090167, 39.924110279177604], [-75.21039051774882, 39.924110279177604], [-75.21039051774882, 39.924158503115635], [-75.21039950090167, 39.924158503115635]]}, "properties": {"confidence": "high"}}, {"type": "Feature", "geometry": {"type": "LineString", "coordinates": [[-75.20371603518781, 39.924117168313686], [-75.20371603518781, 39.924110279177604], [-75.20369806888213, 39.924110279177604], [-75.20369806888213, 39.924117168313686], [-75.20371603518781, 39.924117168313686]]}, "properties": {"confidence": "high"}}, {"type": "Feature", "geometry": {"type": "LineString", "coordinates": [[-75.21115408574032, 39.924117168313686], [-75.21115408574032, 39.92410339004083], [-75.21114510258748, 39.92410339004083], [-75.21114510258748, 39.924117168313686], [-75.21115408574032, 39.924117168313686]]}, "properties": {"confidence": "high"}}, {"type": "Feature", "geometry": {"type": "LineString", "coordinates": [[-75.20927660679652, 39.924117168313686], [-75.20927660679652, 39.92410339004083], [-75.20926762364368, 39.92410339004083], [-75.20926762364368, 39.924117168313686], [-75.20927660679652, 39.924117168313686]]}, "properties": {"confidence": "high"}}, {"type": "Feature", "geometry": {"type": "LineString", "coordinates": [[-75.2037340014935, 39.924110279177604], [-75.2037340014935, 39.92410339004083], [-75.20371603518781, 39.92410339004083], [-75.20371603518781, 39.924110279177604], [-75.2037340014935, 39.924110279177604]]}, "properties": {"confidence": "high"}}, {"type": "Feature", "geometry": {"type": "LineString", "coordinates": [[-75.21040848405451, 39.924110279177604], [-75.21040848405451, 39.92409650090335], [-75.21039950090167, 39.92409650090335], [-75.21039950090167, 39.924110279177604], [-75.21040848405451, 39.924110279177604]]}, "properties": {"confidence": "high"}}, {"type": "Feature", "geometry": {"type": "LineString", "coordinates": [[-75.20375196779918, 39.92410339004083], [-75.20375196779918, 39.92409650090335], [-75.2037340014935, 39.92409650090335], [-75.2037340014935, 39.92410339004083], [-75.20375196779918, 39.92410339004083]]}, "properties": {"confidence": "high"}}, {"type": "Feature", "geometry": {"type": "LineString", "coordinates": [[-75.20926762364368, 39.92410339004083], [-75.20926762364368, 39.92408961176519], [-75.20925864049083, 39.92408961176519], [-75.20925864049083, 39.92410339004083], [-75.20926762364368, 39.92410339004083]]}, "properties": {"confidence": "high"}}, {"type": "Feature", "geometry": {"type": "LineString", "coordinates": [[-75.20376095095202, 39.92409650090335], [-75.20376095095202, 39.92408961176519], [-75.20375196779918, 39.92408961176519], [-75.20375196779918, 39.92409650090335], [-75.20376095095202, 39.92409650090335]]}, "properties": {"confidence": "high"}}, {"type": "Feature", "geometry": {"type": "LineString", "coordinates": [[-75.21114510258748, 39.92410339004083], [-75.21114510258748, 39.92408272262634], [-75.21113611943464, 39.92408272262634], [-75.21113611943464, 39.92410339004083], [-75.21114510258748, 39.92410339004083]]}, "properties": {"confidence": "high"}}, {"type": "Feature", "geometry": {"type": "LineString", "coordinates": [[-75.20925864049083, 39.92408961176519], [-75.20925864049083, 39.92408272262634], [-75.20924965733799, 39.92408272262634], [-75.20924965733799, 39.92408961176519], [-75.20925864049083, 39.92408961176519]]}, "properties": {"confidence": "high"}}, {"type": "Feature", "geometry": {"type": "LineString", "coordinates": [[-75.20377891725771, 39.92408961176519], [-75.20377891725771, 39.92408272262634], [-75.20376095095202, 39.92408272262634], [-75.20376095095202, 39.92408961176519], [-75.20377891725771, 39.92408961176519]]}, "properties": {"confidence": "high"}}, {"type": "Feature", "geometry": {"type": "LineString", "coordinates": [[-75.20379688356338, 39.92408272262634], [-75.20379688356338, 39.92407583348678], [-75.20377891725771, 39.92407583348678], [-75.20377891725771, 39.92408272262634], [-75.20379688356338, 39.92408272262634]]}, "properties": {"confidence": "high"}}, {"type": "Feature", "geometry": {"type": "LineString", "coordinates": [[-75.20924965733799, 39.92408272262634], [-75.20924965733799, 39.924068944346544], [-75.20924067418515, 39.924068944346544], [-75.20924067418515, 39.92408272262634], [-75.20924965733799, 39.92408272262634]]}, "properties": {"confidence": "high"}}, {"type": "Feature", "geometry": {"type": "LineString", "coordinates": [[-75.20381484986906, 39.92407583348678], [-75.20381484986906, 39.924068944346544], [-75.20379688356338, 39.924068944346544], [-75.20379688356338, 39.92407583348678], [-75.20381484986906, 39.92407583348678]]}, "properties": {"confidence": "high"}}, {"type": "Feature", "geometry": {"type": "LineString", "coordinates": [[-75.21113611943464, 39.92408272262634], [-75.21113611943464, 39.9240620552056], [-75.2111271362818, 39.9240620552056], [-75.2111271362818, 39.92408272262634], [-75.21113611943464, 39.92408272262634]]}, "properties": {"confidence": "high"}}, {"type": "Feature", "geometry": {"type": "LineString", "coordinates": [[-75.20383281617475, 39.924068944346544], [-75.20383281617475, 39.9240620552056], [-75.20381484986906, 39.9240620552056], [-75.20381484986906, 39.924068944346544], [-75.20383281617475, 39.924068944346544]]}, "properties": {"confidence": "high"}}, {"type": "Feature", "geometry": {"type": "LineString", "coordinates": [[-75.20924067418515, 39.924068944346544], [-75.20924067418515, 39.92405516606397], [-75.20923169103231, 39.92405516606397], [-75.20923169103231, 39.924068944346544], [-75.20924067418515, 39.924068944346544]]}, "properties": {"confidence": "high"}}, {"type": "Feature", "geometry": {"type": "LineString", "coordinates": [[-75.20385078248043, 39.9240620552056], [-75.20385078248043, 39.92405516606397], [-75.20383281617475, 39.92405516606397], [-75.20383281617475, 39.9240620552056], [-75.20385078248043, 39.9240620552056]]}, "properties": {"confidence": "high"}}, {"type": "Feature", "geometry": {"type": "LineString", "coordinates": [[-75.2038687487861, 39.92405516606397], [-75.2038687487861, 39.92404827692165], [-75.20385078248043, 39.92404827692165], [-75.20385078248043, 39.92405516606397], [-75.2038687487861, 39.92405516606397]]}, "properties": {"confidence": "high"}}, {"type": "Feature", "geometry": {"type": "LineString", "coordinates": [[-75.2100581410937, 39.924117168313686], [-75.2100581410937, 39.92404138777864], [-75.21004915794086, 39.92404138777864], [-75.21004915794086, 39.924117168313686], [-75.2100581410937, 39.924117168313686]]}, "properties": {"confidence": "high"}}, {"type": "Feature", "geometry": {"type": "LineString", "coordinates": [[-75.20923169103231, 39.92405516606397], [-75.20923169103231, 39.92404138777864], [-75.20922270787948, 39.92404138777864], [-75.20922270787948, 39.92405516606397], [-75.20923169103231, 39.92405516606397]]}, "properties": {"confidence": "high"}}, {"type": "Feature", "geometry": {"type": "LineString", "coordinates": [[-75.2038867150918, 39.92404827692165], [-75.2038867150918, 39.92404138777864], [-75.2038687487861, 39.92404138777864], [-75.2038687487861, 39.92404827692165], [-75.2038867150918, 39.92404827692165]]}, "properties": {"confidence": "high"}}, {"type": "Feature", "geometry": {"type": "LineString", "coordinates": [[-75.2111271362818, 39.9240620552056], [-75.2111271362818, 39.92403449863493], [-75.21111815312896, 39.92403449863493], [-75.21111815312896, 39.9240620552056], [-75.2111271362818, 39.9240620552056]]}, "properties": {"confidence": "high"}}, {"type": "Feature", "geometry": {"type": "LineString", "coordinates": [[-75.20922270787948, 39.92404138777864], [-75.20922270787948, 39.92403449863493], [-75.20921372472664, 39.92403449863493], [-75.20921372472664, 39.92404138777864], [-75.20922270787948, 39.92404138777864]]}, "properties": {"confidence": "high"}}, {"type": "Feature", "geometry": {"type": "LineString", "coordinates": [[-75.20390468139747, 39.92404138777864], [-75.20390468139747, 39.92403449863493], [-75.2038867150918, 39.92403449863493], [-75.2038867150918, 39.92404138777864], [-75.20390468139747, 39.92404138777864]]}, "properties": {"confidence": "high"}}, {"type": "Feature", "geometry": {"type": "LineString", "coordinates": [[-75.20392264770315, 39.92403449863493], [-75.20392264770315, 39.92402760949052], [-75.20390468139747, 39.92402760949052], [-75.20390468139747, 39.92403449863493], [-75.20392264770315, 39.92403449863493]]}, "properties": {"confidence": "high"}}, {"type": "Feature", "geometry": {"type": "LineString", "coordinates": [[-75.20921372472664, 39.92403449863493], [-75.20921372472664, 39.92402072034543], [-75.20920474157379, 39.92402072034543], [-75.20920474157379, 39.92403449863493], [-75.20921372472664, 39.92403449863493]]}, "properties": {"confidence": "high"}}, {"type": "Feature", "geometry": {"type": "LineString", "coordinates": [[-75.20394061400884, 39.92402760949052], [-75.20394061400884, 39.92402072034543], [-75.20392264770315, 39.92402072034543], [-75.20392264770315, 39.92402760949052], [-75.20394061400884, 39.92402760949052]]}, "properties": {"confidence": "high"}}, {"type": "Feature", "geometry": {"type": "LineString", "coordinates": [[-75.20920474157379, 39.92402072034543], [-75.20920474157379, 39.92401383119964], [-75.20919575842095, 39.92401383119964], [-75.20919575842095, 39.92402072034543], [-75.20920474157379, 39.92402072034543]]}, "properties": {"confidence": "high"}}, {"type": "Feature", "geometry": {"type": "LineString", "coordinates": [[-75.20395858031452, 39.92402072034543], [-75.20395858031452, 39.92401383119964], [-75.20394061400884, 39.92401383119964], [-75.20394061400884, 39.92402072034543], [-75.20395858031452, 39.92402072034543]]}, "properties": {"confidence": "high"}}, {"type": "Feature", "geometry": {"type": "LineString", "coordinates": [[-75.21111815312896, 39.92403449863493], [-75.21111815312896, 39.92400694205316], [-75.21110916997611, 39.92400694205316], [-75.21110916997611, 39.92403449863493], [-75.21111815312896, 39.92403449863493]]}, "properties": {"confidence": "high"}}, {"type": "Feature", "geometry": {"type": "LineString", "coordinates": [[-75.20919575842095, 39.92401383119964], [-75.20919575842095, 39.92400694205316], [-75.20918677526811, 39.92400694205316], [-75.20918677526811, 39.92401383119964], [-75.20919575842095, 39.92401383119964]]}, "properties": {"confidence": "high"}}, {"type": "Feature", "geometry": {"type": "LineString", "coordinates": [[-75.20397654662021, 39.92401383119964], [-75.20397654662021, 39.92400694205316], [-75.20395858031452, 39.92400694205316], [-75.20395858031452, 39.92401383119964], [-75.20397654662021, 39.92401383119964]]}, "properties": {"confidence": "high"}}, {"type": "Feature", "geometry": {"type": "LineString", "coordinates": [[-75.20399451292589, 39.92400694205316], [-75.20399451292589, 39.92400005290598], [-75.20397654662021, 39.92400005290598], [-75.20397654662021, 39.92400694205316], [-75.20399451292589, 39.92400694205316]]}, "properties": {"confidence": "high"}}, {"type": "Feature", "geometry": {"type": "LineString", "coordinates": [[-75.20918677526811, 39.92400694205316], [-75.20918677526811, 39.92399316375811], [-75.20917779211527, 39.92399316375811], [-75.20917779211527, 39.92400694205316], [-75.20918677526811, 39.92400694205316]]}, "properties": {"confidence": "high"}}, {"type": "Feature", "geometry": {"type": "LineString", "coordinates": [[-75.20401247923157, 39.92400005290598], [-75.20401247923157, 39.92399316375811], [-75.20399451292589, 39.92399316375811], [-75.20399451292589, 39.92400005290598], [-75.20401247923157, 39.92400005290598]]}, "properties": {"confidence": "high"}}, {"type": "Feature", "geometry": {"type": "LineString", "coordinates": [[-75.20403044553726, 39.92399316375811], [-75.20403044553726, 39.923986274609554], [-75.20401247923157, 39.923986274609554], [-75.20401247923157, 39.92399316375811], [-75.20403044553726, 39.92399316375811]]}, "properties": {"confidence": "high"}}, {"type": "Feature", "geometry": {"type": "LineString", "coordinates": [[-75.21110916997611, 39.92400694205316], [-75.21110916997611, 39.92397938546029], [-75.21110018682327, 39.92397938546029], [-75.21110018682327, 39.92400694205316], [-75.21110916997611, 39.92400694205316]]}, "properties": {"confidence": "high"}}, {"type": "Feature", "geometry": {"type": "LineString", "coordinates": [[-75.20917779211527, 39.92399316375811], [-75.20917779211527, 39.92397938546029], [-75.20916880896243, 39.92397938546029], [-75.20916880896243, 39.92399316375811], [-75.20917779211527, 39.92399316375811]]}, "properties": {"confidence": "high"}}, {"type": "Feature", "geometry": {"type": "LineString", "coordinates": [[-75.20404841184295, 39.923986274609554], [-75.20404841184295, 39.92397938546029], [-75.20403044553726, 39.92397938546029], [-75.20403044553726, 39.923986274609554], [-75.20404841184295, 39.923986274609554]]}, "properties": {"confidence": "high"}}, {"type": "Feature", "geometry": {"type": "LineString", "coordinates": [[-75.20916880896243, 39.92397938546029], [-75.20916880896243, 39.92397249631035], [-75.20915982580958, 39.92397249631035], [-75.20915982580958, 39.92397938546029], [-75.20916880896243, 39.92397938546029]]}, "properties": {"confidence": "high"}}, {"type": "Feature", "geometry": {"type": "LineString", "coordinates": [[-75.20406637814862, 39.92397938546029], [-75.20406637814862, 39.92397249631035], [-75.20404841184295, 39.92397249631035], [-75.20404841184295, 39.92397938546029], [-75.20406637814862, 39.92397938546029]]}, "properties": {"confidence": "high"}}, {"type": "Feature", "geometry": {"type": "LineString", "coordinates": [[-75.20915982580958, 39.92397249631035], [-75.20915982580958, 39.92396560715971], [-75.20915084265674, 39.92396560715971], [-75.20915084265674, 39.92397249631035], [-75.20915982580958, 39.92397249631035]]}, "properties": {"confidence": "high"}}, {"type": "Feature", "geometry": {"type": "LineString", "coordinates": [[-75.20408434445432, 39.92397249631035], [-75.20408434445432, 39.92396560715971], [-75.20406637814862, 39.92396560715971], [-75.20406637814862, 39.92397249631035], [-75.20408434445432, 39.92397249631035]]}, "properties": {"confidence": "high"}}, {"type": "Feature", "geometry": {"type": "LineString", "coordinates": [[-75.21110018682327, 39.92397938546029], [-75.21110018682327, 39.92395871800837], [-75.21109120367043, 39.92395871800837], [-75.21109120367043, 39.92397938546029], [-75.21110018682327, 39.92397938546029]]}, "properties": {"confidence": "high"}}, {"type": "Feature", "geometry": {"type": "LineString", "coordinates": [[-75.20410231075999, 39.92396560715971], [-75.20410231075999, 39.92395871800837], [-75.20408434445432, 39.92395871800837], [-75.20408434445432, 39.92396560715971], [-75.20410231075999, 39.92396560715971]]}, "properties": {"confidence": "high"}}, {"type": "Feature", "geometry": {"type": "LineString", "coordinates": [[-75.21006712424654, 39.92404138777864], [-75.21006712424654, 39.923951828856346], [-75.2100581410937, 39.923951828856346], [-75.2100581410937, 39.92404138777864], [-75.21006712424654, 39.92404138777864]]}, "properties": {"confidence": "high"}}, {"type": "Feature", "geometry": {"type": "LineString", "coordinates": [[-75.20915084265674, 39.92396560715971], [-75.20915084265674, 39.923951828856346], [-75.2091418595039, 39.923951828856346], [-75.2091418595039, 39.92396560715971], [-75.20915084265674, 39.92396560715971]]}, "properties": {"confidence": "high"}}, {"type": "Feature", "geometry": {"type": "LineString", "coordinates": [[-75.20412027706567, 39.92395871800837], [-75.20412027706567, 39.923951828856346], [-75.20410231075999, 39.923951828856346], [-75.20410231075999, 39.92395871800837], [-75.20412027706567, 39.92395871800837]]}, "properties": {"confidence": "high"}}, {"type": "Feature", "geometry": {"type": "LineString", "coordinates": [[-75.2091418595039, 39.923951828856346], [-75.2091418595039, 39.923944939703624], [-75.20913287635106, 39.923944939703624], [-75.20913287635106, 39.923951828856346], [-75.2091418595039, 39.923951828856346]]}, "properties": {"confidence": "high"}}, {"type": "Feature", "geometry": {"type": "LineString", "coordinates": [[-75.20413824337136, 39.923951828856346], [-75.20413824337136, 39.923944939703624], [-75.20412027706567, 39.923944939703624], [-75.20412027706567, 39.923951828856346], [-75.20413824337136, 39.923951828856346]]}, "properties": {"confidence": "high"}}, {"type": "Feature", "geometry": {"type": "LineString", "coordinates": [[-75.21109120367043, 39.92395871800837], [-75.21109120367043, 39.92393805055021], [-75.2110822205176, 39.92393805055021], [-75.2110822205176, 39.92395871800837], [-75.21109120367043, 39.92395871800837]]}, "properties": {"confidence": "high"}}, {"type": "Feature", "geometry": {"type": "LineString", "coordinates": [[-75.20415620967704, 39.923944939703624], [-75.20415620967704, 39.92393805055021], [-75.20413824337136, 39.92393805055021], [-75.20413824337136, 39.923944939703624], [-75.20415620967704, 39.923944939703624]]}, "properties": {"confidence": "high"}}, {"type": "Feature", "geometry": {"type": "LineString", "coordinates": [[-75.20913287635106, 39.923944939703624], [-75.20913287635106, 39.923931161396105], [-75.20912389319821, 39.923931161396105], [-75.20912389319821, 39.923944939703624], [-75.20913287635106, 39.923944939703624]]}, "properties": {"confidence": "high"}}, {"type": "Feature", "geometry": {"type": "LineString", "coordinates": [[-75.20417417598271, 39.92393805055021], [-75.20417417598271, 39.923931161396105], [-75.20415620967704, 39.923931161396105], [-75.20415620967704, 39.92393805055021], [-75.20417417598271, 39.92393805055021]]}, "properties": {"confidence": "high"}}, {"type": "Feature", "geometry": {"type": "LineString", "coordinates": [[-75.20912389319821, 39.923931161396105], [-75.20912389319821, 39.9239242722413], [-75.20911491004537, 39.9239242722413], [-75.20911491004537, 39.923931161396105], [-75.20912389319821, 39.923931161396105]]}, "properties": {"confidence": "high"}}, {"type": "Feature", "geometry": {"type": "LineString", "coordinates": [[-75.2041921422884, 39.923931161396105], [-75.2041921422884, 39.9239242722413], [-75.20417417598271, 39.9239242722413], [-75.20417417598271, 39.923931161396105], [-75.2041921422884, 39.923931161396105]]}, "properties": {"confidence": "high"}}, {"type": "Feature", "geometry": {"type": "LineString", "coordinates": [[-75.2110822205176, 39.92393805055021], [-75.2110822205176, 39.92391738308581], [-75.21107323736476, 39.92391738308581], [-75.21107323736476, 39.92393805055021], [-75.2110822205176, 39.92393805055021]]}, "properties": {"confidence": "high"}}, {"type": "Feature", "geometry": {"type": "LineString", "coordinates": [[-75.20911491004537, 39.9239242722413], [-75.20911491004537, 39.92391738308581], [-75.20910592689252, 39.92391738308581], [-75.20910592689252, 39.9239242722413], [-75.20911491004537, 39.9239242722413]]}, "properties": {"confidence": "high"}}, {"type": "Feature", "geometry": {"type": "LineString", "coordinates": [[-75.20421010859408, 39.9239242722413], [-75.20421010859408, 39.92391738308581], [-75.2041921422884, 39.92391738308581], [-75.2041921422884, 39.9239242722413], [-75.20421010859408, 39.9239242722413]]}, "properties": {"confidence": "high"}}, {"type": "Feature", "geometry": {"type": "LineString", "coordinates": [[-75.20422807489976, 39.92391738308581], [-75.20422807489976, 39.92391049392962], [-75.20421010859408, 39.92391049392962], [-75.20421010859408, 39.92391738308581], [-75.20422807489976, 39.92391738308581]]}, "properties": {"confidence": "high"}}, {"type": "Feature", "geometry": {"type": "LineString", "coordinates": [[-75.20910592689252, 39.92391738308581], [-75.20910592689252, 39.92390360477275], [-75.20909694373968, 39.92390360477275], [-75.20909694373968, 39.92391738308581], [-75.20910592689252, 39.92391738308581]]}, "properties": {"confidence": "high"}}, {"type": "Feature", "geometry": {"type": "LineString", "coordinates": [[-75.20424604120545, 39.92391049392962], [-75.20424604120545, 39.92390360477275], [-75.20422807489976, 39.92390360477275], [-75.20422807489976, 39.92391049392962], [-75.20424604120545, 39.92391049392962]]}, "properties": {"confidence": "high"}}, {"type": "Feature", "geometry": {"type": "LineString", "coordinates": [[-75.20909694373968, 39.92390360477275], [-75.20909694373968, 39.92389671561517], [-75.20908796058684, 39.92389671561517], [-75.20908796058684, 39.92390360477275], [-75.20909694373968, 39.92390360477275]]}, "properties": {"confidence": "high"}}, {"type": "Feature", "geometry": {"type": "LineString", "coordinates": [[-75.20425502435829, 39.92390360477275], [-75.20425502435829, 39.92389671561517], [-75.20424604120545, 39.92389671561517], [-75.20424604120545, 39.92390360477275], [-75.20425502435829, 39.92390360477275]]}, "properties": {"confidence": "high"}}, {"type": "Feature", "geometry": {"type": "LineString", "coordinates": [[-75.21107323736476, 39.92391738308581], [-75.21107323736476, 39.92388982645691], [-75.21106425421192, 39.92388982645691], [-75.21106425421192, 39.92391738308581], [-75.21107323736476, 39.92391738308581]]}, "properties": {"confidence": "high"}}, {"type": "Feature", "geometry": {"type": "LineString", "coordinates": [[-75.20908796058684, 39.92389671561517], [-75.20908796058684, 39.92388982645691], [-75.209078977434, 39.92388982645691], [-75.209078977434, 39.92389671561517], [-75.20908796058684, 39.92389671561517]]}, "properties": {"confidence": "high"}}, {"type": "Feature", "geometry": {"type": "LineString", "coordinates": [[-75.20427299066397, 39.92389671561517], [-75.20427299066397, 39.92388982645691], [-75.20425502435829, 39.92388982645691], [-75.20425502435829, 39.92389671561517], [-75.20427299066397, 39.92389671561517]]}, "properties": {"confidence": "high"}}, {"type": "Feature", "geometry": {"type": "LineString", "coordinates": [[-75.20429095696966, 39.92388982645691], [-75.20429095696966, 39.92388293729795], [-75.20427299066397, 39.92388293729795], [-75.20427299066397, 39.92388982645691], [-75.20429095696966, 39.92388982645691]]}, "properties": {"confidence": "high"}}, {"type": "Feature", "geometry": {"type": "LineString", "coordinates": [[-75.21106425421192, 39.92388982645691], [-75.21106425421192, 39.92387604813829], [-75.21105527105907, 39.92387604813829], [-75.21105527105907, 39.92388982645691], [-75.21106425421192, 39.92388982645691]]}, "properties": {"confidence": "high"}}, {"type": "Feature", "geometry": {"type": "LineString", "coordinates": [[-75.209078977434, 39.92388982645691], [-75.209078977434, 39.92387604813829], [-75.20906999428117, 39.92387604813829], [-75.20906999428117, 39.92388982645691], [-75.209078977434, 39.92388982645691]]}, "properties": {"confidence": "high"}}, {"type": "Feature", "geometry": {"type": "LineString", "coordinates": [[-75.20430892327533, 39.92388293729795], [-75.20430892327533, 39.92387604813829], [-75.20429095696966, 39.92387604813829], [-75.20429095696966, 39.92388293729795], [-75.20430892327533, 39.92388293729795]]}, "properties": {"confidence": "high"}}, {"type": "Feature", "geometry": {"type": "LineString", "coordinates": [[-75.2100581410937, 39.923951828856346], [-75.2100581410937, 39.92386915897795], [-75.21004915794086, 39.92386915897795], [-75.21004915794086, 39.923951828856346], [-75.2100581410937, 39.923951828856346]]}, "properties": {"confidence": "high"}}, {"type": "Feature", "geometry": {"type": "LineString", "coordinates": [[-75.20906999428117, 39.92387604813829], [-75.20906999428117, 39.92386915897795], [-75.20906101112833, 39.92386915897795], [-75.20906101112833, 39.92387604813829], [-75.20906999428117, 39.92387604813829]]}, "properties": {"confidence": "high"}}, {"type": "Feature", "geometry": {"type": "LineString", "coordinates": [[-75.20432688958101, 39.92387604813829], [-75.20432688958101, 39.92386915897795], [-75.20430892327533, 39.92386915897795], [-75.20430892327533, 39.92387604813829], [-75.20432688958101, 39.92387604813829]]}, "properties": {"confidence": "high"}}, {"type": "Feature", "geometry": {"type": "LineString", "coordinates": [[-75.20906101112833, 39.92386915897795], [-75.20906101112833, 39.92386226981691], [-75.20905202797547, 39.92386226981691], [-75.20905202797547, 39.92386915897795], [-75.20906101112833, 39.92386915897795]]}, "properties": {"confidence": "high"}}, {"type": "Feature", "geometry": {"type": "LineString", "coordinates": [[-75.2043448558867, 39.92386915897795], [-75.2043448558867, 39.92386226981691], [-75.20432688958101, 39.92386226981691], [-75.20432688958101, 39.92386915897795], [-75.2043448558867, 39.92386915897795]]}, "properties": {"confidence": "high"}}, {"type": "Feature", "geometry": {"type": "LineString", "coordinates": [[-75.21105527105907, 39.92387604813829], [-75.21105527105907, 39.923855380655176], [-75.21104628790623, 39.923855380655176], [-75.21104628790623, 39.92387604813829], [-75.21105527105907, 39.92387604813829]]}, "properties": {"confidence": "high"}}, {"type": "Feature", "geometry": {"type": "LineString", "coordinates": [[-75.20436282219238, 39.92386226981691], [-75.20436282219238, 39.923855380655176], [-75.2043448558867, 39.923855380655176], [-75.2043448558867, 39.92386226981691], [-75.20436282219238, 39.92386226981691]]}, "properties": {"confidence": "high"}}, {"type": "Feature", "geometry": {"type": "LineString", "coordinates": [[-75.20905202797547, 39.92386226981691], [-75.20905202797547, 39.92384849149275], [-75.20904304482264, 39.92384849149275], [-75.20904304482264, 39.92386226981691], [-75.20905202797547, 39.92386226981691]]}, "properties": {"confidence": "high"}}, {"type": "Feature", "geometry": {"type": "LineString", "coordinates": [[-75.20438078849806, 39.923855380655176], [-75.20438078849806, 39.92384849149275], [-75.20436282219238, 39.92384849149275], [-75.20436282219238, 39.923855380655176], [-75.20438078849806, 39.923855380655176]]}, "properties": {"confidence": "high"}}, {"type": "Feature", "geometry": {"type": "LineString", "coordinates": [[-75.20440773795659, 39.92384849149275], [-75.20440773795659, 39.92384160232963], [-75.20438078849806, 39.92384160232963], [-75.20438078849806, 39.92384849149275], [-75.20440773795659, 39.92384849149275]]}, "properties": {"confidence": "high"}}, {"type": "Feature", "geometry": {"type": "LineString", "coordinates": [[-75.21104628790623, 39.923855380655176], [-75.21104628790623, 39.92383471316582], [-75.21103730475339, 39.92383471316582], [-75.21103730475339, 39.923855380655176], [-75.21104628790623, 39.923855380655176]]}, "properties": {"confidence": "high"}}, {"type": "Feature", "geometry": {"type": "LineString", "coordinates": [[-75.20904304482264, 39.92384849149275], [-75.20904304482264, 39.92383471316582], [-75.2090340616698, 39.92383471316582], [-75.2090340616698, 39.92384849149275], [-75.20904304482264, 39.92384849149275]]}, "properties": {"confidence": "high"}}, {"type": "Feature", "geometry": {"type": "LineString", "coordinates": [[-75.20441672110942, 39.92384160232963], [-75.20441672110942, 39.92383471316582], [-75.20440773795659, 39.92383471316582], [-75.20440773795659, 39.92384160232963], [-75.20441672110942, 39.92384160232963]]}, "properties": {"confidence": "high"}}, {"type": "Feature", "geometry": {"type": "LineString", "coordinates": [[-75.2090340616698, 39.92383471316582], [-75.2090340616698, 39.923827824001314], [-75.20902507851696, 39.923827824001314], [-75.20902507851696, 39.92383471316582], [-75.2090340616698, 39.92383471316582]]}, "properties": {"confidence": "high"}}, {"type": "Feature", "geometry": {"type": "LineString", "coordinates": [[-75.2044346874151, 39.92383471316582], [-75.2044346874151, 39.923827824001314], [-75.20441672110942, 39.923827824001314], [-75.20441672110942, 39.92383471316582], [-75.2044346874151, 39.92383471316582]]}, "properties": {"confidence": "high"}}, {"type": "Feature", "geometry": {"type": "LineString", "coordinates": [[-75.21004915794086, 39.92386915897795], [-75.21004915794086, 39.92382093483612], [-75.21004017478802, 39.92382093483612], [-75.21004017478802, 39.92386915897795], [-75.21004915794086, 39.92386915897795]]}, "properties": {"confidence": "high"}}, {"type": "Feature", "geometry": {"type": "LineString", "coordinates": [[-75.21103730475339, 39.92383471316582], [-75.21103730475339, 39.92382093483612], [-75.21102832160055, 39.92382093483612], [-75.21102832160055, 39.92383471316582], [-75.21103730475339, 39.92383471316582]]}, "properties": {"confidence": "high"}}, {"type": "Feature", "geometry": {"type": "LineString", "coordinates": [[-75.2044526537208, 39.923827824001314], [-75.2044526537208, 39.92382093483612], [-75.2044346874151, 39.92382093483612], [-75.2044346874151, 39.923827824001314], [-75.2044526537208, 39.923827824001314]]}, "properties": {"confidence": "high"}}, {"type": "Feature", "geometry": {"type": "LineString", "coordinates": [[-75.20902507851696, 39.923827824001314], [-75.20902507851696, 39.92381404567022], [-75.20901609536412, 39.92381404567022], [-75.20901609536412, 39.923827824001314], [-75.20902507851696, 39.923827824001314]]}, "properties": {"confidence": "high"}}, {"type": "Feature", "geometry": {"type": "LineString", "coordinates": [[-75.20447062002647, 39.92382093483612], [-75.20447062002647, 39.92381404567022], [-75.2044526537208, 39.92381404567022], [-75.2044526537208, 39.92382093483612], [-75.20447062002647, 39.92382093483612]]}, "properties": {"confidence": "high"}}, {"type": "Feature", "geometry": {"type": "LineString", "coordinates": [[-75.20901609536412, 39.92381404567022], [-75.20901609536412, 39.92380715650364], [-75.20900711221128, 39.92380715650364], [-75.20900711221128, 39.92381404567022], [-75.20901609536412, 39.92381404567022]]}, "properties": {"confidence": "high"}}, {"type": "Feature", "geometry": {"type": "LineString", "coordinates": [[-75.204497569485, 39.92381404567022], [-75.204497569485, 39.92380715650364], [-75.20447062002647, 39.92380715650364], [-75.20447062002647, 39.92381404567022], [-75.204497569485, 39.92381404567022]]}, "properties": {"confidence": "high"}}, {"type": "Feature", "geometry": {"type": "LineString", "coordinates": [[-75.21102832160055, 39.92382093483612], [-75.21102832160055, 39.92380026733636], [-75.21101933844771, 39.92380026733636], [-75.21101933844771, 39.92382093483612], [-75.21102832160055, 39.92382093483612]]}, "properties": {"confidence": "high"}}, {"type": "Feature", "geometry": {"type": "LineString", "coordinates": [[-75.20451553579068, 39.92380715650364], [-75.20451553579068, 39.92380026733636], [-75.204497569485, 39.92380026733636], [-75.204497569485, 39.92380715650364], [-75.20451553579068, 39.92380715650364]]}, "properties": {"confidence": "high"}}, {"type": "Feature", "geometry": {"type": "LineString", "coordinates": [[-75.20900711221128, 39.92380715650364], [-75.20900711221128, 39.92379337816839], [-75.20899812905843, 39.92379337816839], [-75.20899812905843, 39.92380715650364], [-75.20900711221128, 39.92380715650364]]}, "properties": {"confidence": "high"}}, {"type": "Feature", "geometry": {"type": "LineString", "coordinates": [[-75.20453350209635, 39.92380026733636], [-75.20453350209635, 39.92379337816839], [-75.20451553579068, 39.92379337816839], [-75.20451553579068, 39.92380026733636], [-75.20453350209635, 39.92380026733636]]}, "properties": {"confidence": "high"}}, {"type": "Feature", "geometry": {"type": "LineString", "coordinates": [[-75.21004017478802, 39.92382093483612], [-75.21004017478802, 39.92378648899973], [-75.21003119163517, 39.92378648899973], [-75.21003119163517, 39.92382093483612], [-75.21004017478802, 39.92382093483612]]}, "properties": {"confidence": "high"}}, {"type": "Feature", "geometry": {"type": "LineString", "coordinates": [[-75.21101933844771, 39.92380026733636], [-75.21101933844771, 39.92378648899973], [-75.21101035529487, 39.92378648899973], [-75.21101035529487, 39.92380026733636], [-75.21101933844771, 39.92380026733636]]}, "properties": {"confidence": "high"}}, {"type": "Feature", "geometry": {"type": "LineString", "coordinates": [[-75.20899812905843, 39.92379337816839], [-75.20899812905843, 39.92378648899973], [-75.20898914590559, 39.92378648899973], [-75.20898914590559, 39.92379337816839], [-75.20899812905843, 39.92379337816839]]}, "properties": {"confidence": "high"}}, {"type": "Feature", "geometry": {"type": "LineString", "coordinates": [[-75.20455146840204, 39.92379337816839], [-75.20455146840204, 39.92378648899973], [-75.20453350209635, 39.92378648899973], [-75.20453350209635, 39.92379337816839], [-75.20455146840204, 39.92379337816839]]}, "properties": {"confidence": "high"}}, {"type": "Feature", "geometry": {"type": "LineString", "coordinates": [[-75.20898914590559, 39.92378648899973], [-75.20898914590559, 39.923779599830375], [-75.20898016275275, 39.923779599830375], [-75.20898016275275, 39.92378648899973], [-75.20898914590559, 39.92378648899973]]}, "properties": {"confidence": "high"}}, {"type": "Feature", "geometry": {"type": "LineString", "coordinates": [[-75.20456943470772, 39.92378648899973], [-75.20456943470772, 39.923779599830375], [-75.20455146840204, 39.923779599830375], [-75.20455146840204, 39.92378648899973], [-75.20456943470772, 39.92378648899973]]}, "properties": {"confidence": "high"}}, {"type": "Feature", "geometry": {"type": "LineString", "coordinates": [[-75.21101035529487, 39.92378648899973], [-75.21101035529487, 39.92377271066032], [-75.21100137214202, 39.92377271066032], [-75.21100137214202, 39.92378648899973], [-75.21101035529487, 39.92378648899973]]}, "properties": {"confidence": "high"}}, {"type": "Feature", "geometry": {"type": "LineString", "coordinates": [[-75.20898016275275, 39.923779599830375], [-75.20898016275275, 39.92377271066032], [-75.20897117959991, 39.92377271066032], [-75.20897117959991, 39.923779599830375], [-75.20898016275275, 39.923779599830375]]}, "properties": {"confidence": "high"}}, {"type": "Feature", "geometry": {"type": "LineString", "coordinates": [[-75.2045874010134, 39.923779599830375], [-75.2045874010134, 39.92377271066032], [-75.20456943470772, 39.92377271066032], [-75.20456943470772, 39.923779599830375], [-75.2045874010134, 39.923779599830375]]}, "properties": {"confidence": "high"}}, {"type": "Feature", "geometry": {"type": "LineString", "coordinates": [[-75.2046053673191, 39.92377271066032], [-75.2046053673191, 39.92376582148958], [-75.2045874010134, 39.92376582148958], [-75.2045874010134, 39.92377271066032], [-75.2046053673191, 39.92377271066032]]}, "properties": {"confidence": "high"}}, {"type": "Feature", "geometry": {"type": "LineString", "coordinates": [[-75.20897117959991, 39.92377271066032], [-75.20897117959991, 39.92375893231814], [-75.20896219644708, 39.92375893231814], [-75.20896219644708, 39.92377271066032], [-75.20897117959991, 39.92377271066032]]}, "properties": {"confidence": "high"}}, {"type": "Feature", "geometry": {"type": "LineString", "coordinates": [[-75.20462333362478, 39.92376582148958], [-75.20462333362478, 39.92375893231814], [-75.2046053673191, 39.92375893231814], [-75.2046053673191, 39.92376582148958], [-75.20462333362478, 39.92376582148958]]}, "properties": {"confidence": "high"}}, {"type": "Feature", "geometry": {"type": "LineString", "coordinates": [[-75.21003119163517, 39.92378648899973], [-75.21003119163517, 39.92375204314601], [-75.21002220848233, 39.92375204314601], [-75.21002220848233, 39.92378648899973], [-75.21003119163517, 39.92378648899973]]}, "properties": {"confidence": "high"}}, {"type": "Feature", "geometry": {"type": "LineString", "coordinates": [[-75.21100137214202, 39.92377271066032], [-75.21100137214202, 39.92375204314601], [-75.21099238898918, 39.92375204314601], [-75.21099238898918, 39.92377271066032], [-75.21100137214202, 39.92377271066032]]}, "properties": {"confidence": "high"}}, {"type": "Feature", "geometry": {"type": "LineString", "coordinates": [[-75.20896219644708, 39.92375893231814], [-75.20896219644708, 39.92375204314601], [-75.20895321329422, 39.92375204314601], [-75.20895321329422, 39.92375893231814], [-75.20896219644708, 39.92375893231814]]}, "properties": {"confidence": "high"}}, {"type": "Feature", "geometry": {"type": "LineString", "coordinates": [[-75.20464129993046, 39.92375893231814], [-75.20464129993046, 39.92375204314601], [-75.20462333362478, 39.92375204314601], [-75.20462333362478, 39.92375893231814], [-75.20464129993046, 39.92375893231814]]}, "properties": {"confidence": "high"}}, {"type": "Feature", "geometry": {"type": "LineString", "coordinates": [[-75.20895321329422, 39.92375204314601], [-75.20895321329422, 39.92374515397319], [-75.20894423014138, 39.92374515397319], [-75.20894423014138, 39.92375204314601], [-75.20895321329422, 39.92375204314601]]}, "properties": {"confidence": "high"}}, {"type": "Feature", "geometry": {"type": "LineString", "coordinates": [[-75.20465926623615, 39.92375204314601], [-75.20465926623615, 39.92374515397319], [-75.20464129993046, 39.92374515397319], [-75.20464129993046, 39.92375204314601], [-75.20465926623615, 39.92375204314601]]}, "properties": {"confidence": "high"}}, {"type": "Feature", "geometry": {"type": "LineString", "coordinates": [[-75.21099238898918, 39.92375204314601], [-75.21099238898918, 39.92373826479967], [-75.21098340583634, 39.92373826479967], [-75.21098340583634, 39.92375204314601], [-75.21099238898918, 39.92375204314601]]}, "properties": {"confidence": "high"}}, {"type": "Feature", "geometry": {"type": "LineString", "coordinates": [[-75.20467723254183, 39.92374515397319], [-75.20467723254183, 39.92373826479967], [-75.20465926623615, 39.92373826479967], [-75.20465926623615, 39.92374515397319], [-75.20467723254183, 39.92374515397319]]}, "properties": {"confidence": "high"}}, {"type": "Feature", "geometry": {"type": "LineString", "coordinates": [[-75.20894423014138, 39.92374515397319], [-75.20894423014138, 39.92373137562546], [-75.20893524698855, 39.92373137562546], [-75.20893524698855, 39.92374515397319], [-75.20894423014138, 39.92374515397319]]}, "properties": {"confidence": "high"}}, {"type": "Feature", "geometry": {"type": "LineString", "coordinates": [[-75.2046951988475, 39.92373826479967], [-75.2046951988475, 39.92373137562546], [-75.20467723254183, 39.92373137562546], [-75.20467723254183, 39.92373826479967], [-75.2046951988475, 39.92373826479967]]}, "properties": {"confidence": "high"}}, {"type": "Feature", "geometry": {"type": "LineString", "coordinates": [[-75.21002220848233, 39.92375204314601], [-75.21002220848233, 39.92372448645055], [-75.21001322532949, 39.92372448645055], [-75.21001322532949, 39.92375204314601], [-75.21002220848233, 39.92375204314601]]}, "properties": {"confidence": "high"}}, {"type": "Feature", "geometry": {"type": "LineString", "coordinates": [[-75.20893524698855, 39.92373137562546], [-75.20893524698855, 39.92372448645055], [-75.2089262638357, 39.92372448645055], [-75.2089262638357, 39.92373137562546], [-75.20893524698855, 39.92373137562546]]}, "properties": {"confidence": "high"}}, {"type": "Feature", "geometry": {"type": "LineString", "coordinates": [[-75.20470418200036, 39.92373137562546], [-75.20470418200036, 39.92372448645055], [-75.2046951988475, 39.92372448645055], [-75.2046951988475, 39.92373137562546], [-75.20470418200036, 39.92373137562546]]}, "properties": {"confidence": "high"}}, {"type": "Feature", "geometry": {"type": "LineString", "coordinates": [[-75.21098340583634, 39.92373826479967], [-75.21098340583634, 39.92371759727496], [-75.2109744226835, 39.92371759727496], [-75.2109744226835, 39.92373826479967], [-75.21098340583634, 39.92373826479967]]}, "properties": {"confidence": "high"}}, {"type": "Feature", "geometry": {"type": "LineString", "coordinates": [[-75.2089262638357, 39.92372448645055], [-75.2089262638357, 39.92371759727496], [-75.20891728068287, 39.92371759727496], [-75.20891728068287, 39.92372448645055], [-75.2089262638357, 39.92372448645055]]}, "properties": {"confidence": "high"}}, {"type": "Feature", "geometry": {"type": "LineString", "coordinates": [[-75.20472214830603, 39.92372448645055], [-75.20472214830603, 39.92371759727496], [-75.20470418200036, 39.92371759727496], [-75.20470418200036, 39.92372448645055], [-75.20472214830603, 39.92372448645055]]}, "properties": {"confidence": "high"}}, {"type": "Feature", "geometry": {"type": "LineString", "coordinates": [[-75.20474909776455, 39.92371759727496], [-75.20474909776455, 39.92371070809867], [-75.20472214830603, 39.92371070809867], [-75.20472214830603, 39.92371759727496], [-75.20474909776455, 39.92371759727496]]}, "properties": {"confidence": "high"}}, {"type": "Feature", "geometry": {"type": "LineString", "coordinates": [[-75.20891728068287, 39.92371759727496], [-75.20891728068287, 39.92370381892169], [-75.20890829753003, 39.92370381892169], [-75.20890829753003, 39.92371759727496], [-75.20891728068287, 39.92371759727496]]}, "properties": {"confidence": "high"}}, {"type": "Feature", "geometry": {"type": "LineString", "coordinates": [[-75.20476706407024, 39.92371070809867], [-75.20476706407024, 39.92370381892169], [-75.20474909776455, 39.92370381892169], [-75.20474909776455, 39.92371070809867], [-75.20476706407024, 39.92371070809867]]}, "properties": {"confidence": "high"}}, {"type": "Feature", "geometry": {"type": "LineString", "coordinates": [[-75.2109744226835, 39.92371759727496], [-75.2109744226835, 39.92369692974401], [-75.21096543953067, 39.92369692974401], [-75.21096543953067, 39.92371759727496], [-75.2109744226835, 39.92371759727496]]}, "properties": {"confidence": "high"}}, {"type": "Feature", "geometry": {"type": "LineString", "coordinates": [[-75.20890829753003, 39.92370381892169], [-75.20890829753003, 39.92369692974401], [-75.20889931437718, 39.92369692974401], [-75.20889931437718, 39.92370381892169], [-75.20890829753003, 39.92370381892169]]}, "properties": {"confidence": "high"}}, {"type": "Feature", "geometry": {"type": "LineString", "coordinates": [[-75.20478503037592, 39.92370381892169], [-75.20478503037592, 39.92369692974401], [-75.20476706407024, 39.92369692974401], [-75.20476706407024, 39.92370381892169], [-75.20478503037592, 39.92370381892169]]}, "properties": {"confidence": "high"}}, {"type": "Feature", "geometry": {"type": "LineString", "coordinates": [[-75.20480299668161, 39.92369692974401], [-75.20480299668161, 39.923690040565646], [-75.20478503037592, 39.923690040565646], [-75.20478503037592, 39.92369692974401], [-75.20480299668161, 39.92369692974401]]}, "properties": {"confidence": "high"}}, {"type": "Feature", "geometry": {"type": "LineString", "coordinates": [[-75.21096543953067, 39.92369692974401], [-75.21096543953067, 39.923683151386584], [-75.21095645637782, 39.923683151386584], [-75.21095645637782, 39.92369692974401], [-75.21096543953067, 39.92369692974401]]}, "properties": {"confidence": "high"}}, {"type": "Feature", "geometry": {"type": "LineString", "coordinates": [[-75.20889931437718, 39.92369692974401], [-75.20889931437718, 39.923683151386584], [-75.20889033122434, 39.923683151386584], [-75.20889033122434, 39.92369692974401], [-75.20889931437718, 39.92369692974401]]}, "properties": {"confidence": "high"}}, {"type": "Feature", "geometry": {"type": "LineString", "coordinates": [[-75.20482096298728, 39.923690040565646], [-75.20482096298728, 39.923683151386584], [-75.20480299668161, 39.923683151386584], [-75.20480299668161, 39.923690040565646], [-75.20482096298728, 39.923690040565646]]}, "properties": {"confidence": "high"}}, {"type": "Feature", "geometry": {"type": "LineString", "coordinates": [[-75.21001322532949, 39.92372448645055], [-75.21001322532949, 39.923676262206826], [-75.21000424217665, 39.923676262206826], [-75.21000424217665, 39.92372448645055], [-75.21001322532949, 39.92372448645055]]}, "properties": {"confidence": "high"}}, {"type": "Feature", "geometry": {"type": "LineString", "coordinates": [[-75.20889033122434, 39.923683151386584], [-75.20889033122434, 39.923676262206826], [-75.2088813480715, 39.923676262206826], [-75.2088813480715, 39.923683151386584], [-75.20889033122434, 39.923683151386584]]}, "properties": {"confidence": "high"}}, {"type": "Feature", "geometry": {"type": "LineString", "coordinates": [[-75.20483892929296, 39.923683151386584], [-75.20483892929296, 39.923676262206826], [-75.20482096298728, 39.923676262206826], [-75.20482096298728, 39.923683151386584], [-75.20483892929296, 39.923683151386584]]}, "properties": {"confidence": "high"}}, {"type": "Feature", "geometry": {"type": "LineString", "coordinates": [[-75.2088813480715, 39.923676262206826], [-75.2088813480715, 39.923669373026385], [-75.20887236491866, 39.923669373026385], [-75.20887236491866, 39.923676262206826], [-75.2088813480715, 39.923676262206826]]}, "properties": {"confidence": "high"}}, {"type": "Feature", "geometry": {"type": "LineString", "coordinates": [[-75.20485689559865, 39.923676262206826], [-75.20485689559865, 39.923669373026385], [-75.20483892929296, 39.923669373026385], [-75.20483892929296, 39.923676262206826], [-75.20485689559865, 39.923676262206826]]}, "properties": {"confidence": "high"}}, {"type": "Feature", "geometry": {"type": "LineString", "coordinates": [[-75.21095645637782, 39.923683151386584], [-75.21095645637782, 39.92366248384524], [-75.21094747322498, 39.92366248384524], [-75.21094747322498, 39.923683151386584], [-75.21095645637782, 39.923683151386584]]}, "properties": {"confidence": "high"}}, {"type": "Feature", "geometry": {"type": "LineString", "coordinates": [[-75.20887236491866, 39.923669373026385], [-75.20887236491866, 39.92366248384524], [-75.20886338176582, 39.92366248384524], [-75.20886338176582, 39.923669373026385], [-75.20887236491866, 39.923669373026385]]}, "properties": {"confidence": "high"}}, {"type": "Feature", "geometry": {"type": "LineString", "coordinates": [[-75.20487486190433, 39.923669373026385], [-75.20487486190433, 39.92366248384524], [-75.20485689559865, 39.92366248384524], [-75.20485689559865, 39.923669373026385], [-75.20487486190433, 39.923669373026385]]}, "properties": {"confidence": "high"}}, {"type": "Feature", "geometry": {"type": "LineString", "coordinates": [[-75.20489282821, 39.92366248384524], [-75.20489282821, 39.9236555946634], [-75.20487486190433, 39.9236555946634], [-75.20487486190433, 39.92366248384524], [-75.20489282821, 39.92366248384524]]}, "properties": {"confidence": "high"}}, {"type": "Feature", "geometry": {"type": "LineString", "coordinates": [[-75.20886338176582, 39.92366248384524], [-75.20886338176582, 39.92364870548088], [-75.20885439861298, 39.92364870548088], [-75.20885439861298, 39.92366248384524], [-75.20886338176582, 39.92366248384524]]}, "properties": {"confidence": "high"}}, {"type": "Feature", "geometry": {"type": "LineString", "coordinates": [[-75.2049107945157, 39.9236555946634], [-75.2049107945157, 39.92364870548088], [-75.20489282821, 39.92364870548088], [-75.20489282821, 39.9236555946634], [-75.2049107945157, 39.9236555946634]]}, "properties": {"confidence": "high"}}, {"type": "Feature", "geometry": {"type": "LineString", "coordinates": [[-75.21000424217665, 39.923676262206826], [-75.21000424217665, 39.92364181629765], [-75.20999525902381, 39.92364181629765], [-75.20999525902381, 39.923676262206826], [-75.21000424217665, 39.923676262206826]]}, "properties": {"confidence": "high"}}, {"type": "Feature", "geometry": {"type": "LineString", "coordinates": [[-75.21094747322498, 39.92366248384524], [-75.21094747322498, 39.92364181629765], [-75.21093849007214, 39.92364181629765], [-75.21093849007214, 39.92366248384524], [-75.21094747322498, 39.92366248384524]]}, "properties": {"confidence": "high"}}, {"type": "Feature", "geometry": {"type": "LineString", "coordinates": [[-75.20492876082137, 39.92364870548088], [-75.20492876082137, 39.92364181629765], [-75.2049107945157, 39.92364181629765], [-75.2049107945157, 39.92364870548088], [-75.20492876082137, 39.92364870548088]]}, "properties": {"confidence": "high"}}, {"type": "Feature", "geometry": {"type": "LineString", "coordinates": [[-75.20885439861298, 39.92364870548088], [-75.20885439861298, 39.92363492711374], [-75.20884541546013, 39.92363492711374], [-75.20884541546013, 39.92364870548088], [-75.20885439861298, 39.92364870548088]]}, "properties": {"confidence": "high"}}, {"type": "Feature", "geometry": {"type": "LineString", "coordinates": [[-75.20494672712705, 39.92364181629765], [-75.20494672712705, 39.92363492711374], [-75.20492876082137, 39.92363492711374], [-75.20492876082137, 39.92364181629765], [-75.20494672712705, 39.92364181629765]]}, "properties": {"confidence": "high"}}, {"type": "Feature", "geometry": {"type": "LineString", "coordinates": [[-75.21093849007214, 39.92364181629765], [-75.21093849007214, 39.923628037929134], [-75.2109295069193, 39.923628037929134], [-75.2109295069193, 39.92364181629765], [-75.21093849007214, 39.92364181629765]]}, "properties": {"confidence": "high"}}, {"type": "Feature", "geometry": {"type": "LineString", "coordinates": [[-75.20884541546013, 39.92363492711374], [-75.20884541546013, 39.923628037929134], [-75.2088364323073, 39.923628037929134], [-75.2088364323073, 39.92363492711374], [-75.20884541546013, 39.92363492711374]]}, "properties": {"confidence": "high"}}, {"type": "Feature", "geometry": {"type": "LineString", "coordinates": [[-75.20496469343274, 39.92363492711374], [-75.20496469343274, 39.923628037929134], [-75.20494672712705, 39.923628037929134], [-75.20494672712705, 39.92363492711374], [-75.20496469343274, 39.92363492711374]]}, "properties": {"confidence": "high"}}, {"type": "Feature", "geometry": {"type": "LineString", "coordinates": [[-75.20999525902381, 39.92364181629765], [-75.20999525902381, 39.923621148743834], [-75.20998627587097, 39.923621148743834], [-75.20998627587097, 39.92364181629765], [-75.20999525902381, 39.92364181629765]]}, "properties": {"confidence": "high"}}, {"type": "Feature", "geometry": {"type": "LineString", "coordinates": [[-75.20498265973842, 39.923628037929134], [-75.20498265973842, 39.923621148743834], [-75.20496469343274, 39.923621148743834], [-75.20496469343274, 39.923628037929134], [-75.20498265973842, 39.923628037929134]]}, "properties": {"confidence": "high"}}, {"type": "Feature", "geometry": {"type": "LineString", "coordinates": [[-75.2088364323073, 39.923628037929134], [-75.2088364323073, 39.92361425955784], [-75.20882744915446, 39.92361425955784], [-75.20882744915446, 39.923628037929134], [-75.2088364323073, 39.923628037929134]]}, "properties": {"confidence": "high"}}, {"type": "Feature", "geometry": {"type": "LineString", "coordinates": [[-75.20499164289126, 39.923621148743834], [-75.20499164289126, 39.92361425955784], [-75.20498265973842, 39.92361425955784], [-75.20498265973842, 39.923621148743834], [-75.20499164289126, 39.923621148743834]]}, "properties": {"confidence": "high"}}, {"type": "Feature", "geometry": {"type": "LineString", "coordinates": [[-75.2109295069193, 39.923628037929134], [-75.2109295069193, 39.92360737037115], [-75.21092052376646, 39.92360737037115], [-75.21092052376646, 39.923628037929134], [-75.2109295069193, 39.923628037929134]]}, "properties": {"confidence": "high"}}, {"type": "Feature", "geometry": {"type": "LineString", "coordinates": [[-75.20882744915446, 39.92361425955784], [-75.20882744915446, 39.92360737037115], [-75.20881846600162, 39.92360737037115], [-75.20881846600162, 39.92361425955784], [-75.20882744915446, 39.92361425955784]]}, "properties": {"confidence": "high"}}, {"type": "Feature", "geometry": {"type": "LineString", "coordinates": [[-75.20500960919695, 39.92361425955784], [-75.20500960919695, 39.92360737037115], [-75.20499164289126, 39.92360737037115], [-75.20499164289126, 39.92361425955784], [-75.20500960919695, 39.92361425955784]]}, "properties": {"confidence": "high"}}, {"type": "Feature", "geometry": {"type": "LineString", "coordinates": [[-75.20998627587097, 39.923621148743834], [-75.20998627587097, 39.923600481183776], [-75.20997729271812, 39.923600481183776], [-75.20997729271812, 39.923621148743834], [-75.20998627587097, 39.923621148743834]]}, "properties": {"confidence": "high"}}, {"type": "Feature", "geometry": {"type": "LineString", "coordinates": [[-75.20502757550263, 39.92360737037115], [-75.20502757550263, 39.923600481183776], [-75.20500960919695, 39.923600481183776], [-75.20500960919695, 39.92360737037115], [-75.20502757550263, 39.92360737037115]]}, "properties": {"confidence": "high"}}, {"type": "Feature", "geometry": {"type": "LineString", "coordinates": [[-75.21092052376646, 39.92360737037115], [-75.21092052376646, 39.9235935919957], [-75.21091154061362, 39.9235935919957], [-75.21091154061362, 39.92360737037115], [-75.21092052376646, 39.92360737037115]]}, "properties": {"confidence": "high"}}, {"type": "Feature", "geometry": {"type": "LineString", "coordinates": [[-75.20881846600162, 39.92360737037115], [-75.20881846600162, 39.9235935919957], [-75.20880948284878, 39.9235935919957], [-75.20880948284878, 39.92360737037115], [-75.20881846600162, 39.92360737037115]]}, "properties": {"confidence": "high"}}, {"type": "Feature", "geometry": {"type": "LineString", "coordinates": [[-75.2050455418083, 39.923600481183776], [-75.2050455418083, 39.9235935919957], [-75.20502757550263, 39.9235935919957], [-75.20502757550263, 39.923600481183776], [-75.2050455418083, 39.923600481183776]]}, "properties": {"confidence": "high"}}, {"type": "Feature", "geometry": {"type": "LineString", "coordinates": [[-75.205063508114, 39.9235935919957], [-75.205063508114, 39.92358670280693], [-75.2050455418083, 39.92358670280693], [-75.2050455418083, 39.9235935919957], [-75.205063508114, 39.9235935919957]]}, "properties": {"confidence": "high"}}, {"type": "Feature", "geometry": {"type": "LineString", "coordinates": [[-75.20997729271812, 39.923600481183776], [-75.20997729271812, 39.92357981361747], [-75.20996830956528, 39.92357981361747], [-75.20996830956528, 39.923600481183776], [-75.20997729271812, 39.923600481183776]]}, "properties": {"confidence": "high"}}, {"type": "Feature", "geometry": {"type": "LineString", "coordinates": [[-75.21091154061362, 39.9235935919957], [-75.21091154061362, 39.92357981361747], [-75.21090255746077, 39.92357981361747], [-75.21090255746077, 39.9235935919957], [-75.21091154061362, 39.9235935919957]]}, "properties": {"confidence": "high"}}, {"type": "Feature", "geometry": {"type": "LineString", "coordinates": [[-75.20507249126683, 39.92358670280693], [-75.20507249126683, 39.92357981361747], [-75.205063508114, 39.92357981361747], [-75.205063508114, 39.92358670280693], [-75.20507249126683, 39.92358670280693]]}, "properties": {"confidence": "high"}}, {"type": "Feature", "geometry": {"type": "LineString", "coordinates": [[-75.20880948284878, 39.9235935919957], [-75.20880948284878, 39.92357292442732], [-75.20880049969593, 39.92357292442732], [-75.20880049969593, 39.9235935919957], [-75.20880948284878, 39.9235935919957]]}, "properties": {"confidence": "high"}}, {"type": "Feature", "geometry": {"type": "LineString", "coordinates": [[-75.20509045757251, 39.92357981361747], [-75.20509045757251, 39.92357292442732], [-75.20507249126683, 39.92357292442732], [-75.20507249126683, 39.92357981361747], [-75.20509045757251, 39.92357981361747]]}, "properties": {"confidence": "high"}}, {"type": "Feature", "geometry": {"type": "LineString", "coordinates": [[-75.20880049969593, 39.92357292442732], [-75.20880049969593, 39.923566035236476], [-75.20879151654309, 39.923566035236476], [-75.20879151654309, 39.92357292442732], [-75.20880049969593, 39.92357292442732]]}, "properties": {"confidence": "high"}}, {"type": "Feature", "geometry": {"type": "LineString", "coordinates": [[-75.2051084238782, 39.92357292442732], [-75.2051084238782, 39.923566035236476], [-75.20509045757251, 39.923566035236476], [-75.20509045757251, 39.92357292442732], [-75.2051084238782, 39.92357292442732]]}, "properties": {"confidence": "high"}}, {"type": "Feature", "geometry": {"type": "LineString", "coordinates": [[-75.21090255746077, 39.92357981361747], [-75.21090255746077, 39.92355914604493], [-75.21089357430793, 39.92355914604493], [-75.21089357430793, 39.92357981361747], [-75.21090255746077, 39.92357981361747]]}, "properties": {"confidence": "high"}}, {"type": "Feature", "geometry": {"type": "LineString", "coordinates": [[-75.20996830956528, 39.92357981361747], [-75.20996830956528, 39.92355914604493], [-75.20995932641245, 39.92355914604493], [-75.20995932641245, 39.92357981361747], [-75.20996830956528, 39.92357981361747]]}, "properties": {"confidence": "high"}}, {"type": "Feature", "geometry": {"type": "LineString", "coordinates": [[-75.20513537333672, 39.923566035236476], [-75.20513537333672, 39.92355914604493], [-75.2051084238782, 39.92355914604493], [-75.2051084238782, 39.923566035236476], [-75.20513537333672, 39.923566035236476]]}, "properties": {"confidence": "high"}}, {"type": "Feature", "geometry": {"type": "LineString", "coordinates": [[-75.20879151654309, 39.923566035236476], [-75.20879151654309, 39.9235522568527], [-75.20878253339025, 39.9235522568527], [-75.20878253339025, 39.923566035236476], [-75.20879151654309, 39.923566035236476]]}, "properties": {"confidence": "high"}}, {"type": "Feature", "geometry": {"type": "LineString", "coordinates": [[-75.2051533396424, 39.92355914604493], [-75.2051533396424, 39.9235522568527], [-75.20513537333672, 39.9235522568527], [-75.20513537333672, 39.92355914604493], [-75.2051533396424, 39.92355914604493]]}, "properties": {"confidence": "high"}}, {"type": "Feature", "geometry": {"type": "LineString", "coordinates": [[-75.21089357430793, 39.92355914604493], [-75.21089357430793, 39.923545367659784], [-75.2108845911551, 39.923545367659784], [-75.2108845911551, 39.92355914604493], [-75.21089357430793, 39.92355914604493]]}, "properties": {"confidence": "high"}}, {"type": "Feature", "geometry": {"type": "LineString", "coordinates": [[-75.20995932641245, 39.92355914604493], [-75.20995932641245, 39.923545367659784], [-75.2099503432596, 39.923545367659784], [-75.2099503432596, 39.92355914604493], [-75.20995932641245, 39.92355914604493]]}, "properties": {"confidence": "high"}}, {"type": "Feature", "geometry": {"type": "LineString", "coordinates": [[-75.20878253339025, 39.9235522568527], [-75.20878253339025, 39.923545367659784], [-75.20877355023741, 39.923545367659784], [-75.20877355023741, 39.9235522568527], [-75.20878253339025, 39.9235522568527]]}, "properties": {"confidence": "high"}}, {"type": "Feature", "geometry": {"type": "LineString", "coordinates": [[-75.2051713059481, 39.9235522568527], [-75.2051713059481, 39.923545367659784], [-75.2051533396424, 39.923545367659784], [-75.2051533396424, 39.9235522568527], [-75.2051713059481, 39.9235522568527]]}, "properties": {"confidence": "high"}}, {"type": "Feature", "geometry": {"type": "LineString", "coordinates": [[-75.20518927225378, 39.923545367659784], [-75.20518927225378, 39.923538478466156], [-75.2051713059481, 39.923538478466156], [-75.2051713059481, 39.923545367659784], [-75.20518927225378, 39.923545367659784]]}, "properties": {"confidence": "high"}}, {"type": "Feature", "geometry": {"type": "LineString", "coordinates": [[-75.2108845911551, 39.923545367659784], [-75.2108845911551, 39.923531589271846], [-75.21087560800225, 39.923531589271846], [-75.21087560800225, 39.923545367659784], [-75.2108845911551, 39.923545367659784]]}, "properties": {"confidence": "high"}}, {"type": "Feature", "geometry": {"type": "LineString", "coordinates": [[-75.20877355023741, 39.923545367659784], [-75.20877355023741, 39.923531589271846], [-75.20876456708457, 39.923531589271846], [-75.20876456708457, 39.923545367659784], [-75.20877355023741, 39.923545367659784]]}, "properties": {"confidence": "high"}}, {"type": "Feature", "geometry": {"type": "LineString", "coordinates": [[-75.20520723855945, 39.923538478466156], [-75.20520723855945, 39.923531589271846], [-75.20518927225378, 39.923531589271846], [-75.20518927225378, 39.923538478466156], [-75.20520723855945, 39.923538478466156]]}, "properties": {"confidence": "high"}}, {"type": "Feature", "geometry": {"type": "LineString", "coordinates": [[-75.2099503432596, 39.923545367659784], [-75.2099503432596, 39.92352470007683], [-75.20994136010677, 39.92352470007683], [-75.20994136010677, 39.923545367659784], [-75.2099503432596, 39.923545367659784]]}, "properties": {"confidence": "high"}}, {"type": "Feature", "geometry": {"type": "LineString", "coordinates": [[-75.20876456708457, 39.923531589271846], [-75.20876456708457, 39.92352470007683], [-75.20875558393173, 39.92352470007683], [-75.20875558393173, 39.923531589271846], [-75.20876456708457, 39.923531589271846]]}, "properties": {"confidence": "high"}}, {"type": "Feature", "geometry": {"type": "LineString", "coordinates": [[-75.20523418801798, 39.923531589271846], [-75.20523418801798, 39.92352470007683], [-75.20520723855945, 39.92352470007683], [-75.20520723855945, 39.923531589271846], [-75.20523418801798, 39.923531589271846]]}, "properties": {"confidence": "high"}}, {"type": "Feature", "geometry": {"type": "LineString", "coordinates": [[-75.21087560800225, 39.923531589271846], [-75.21087560800225, 39.92351781088114], [-75.21086662484942, 39.92351781088114], [-75.21086662484942, 39.923531589271846], [-75.21087560800225, 39.923531589271846]]}, "properties": {"confidence": "high"}}, {"type": "Feature", "geometry": {"type": "LineString", "coordinates": [[-75.20875558393173, 39.92352470007683], [-75.20875558393173, 39.92351781088114], [-75.20874660077888, 39.92351781088114], [-75.20874660077888, 39.92352470007683], [-75.20875558393173, 39.92352470007683]]}, "properties": {"confidence": "high"}}, {"type": "Feature", "geometry": {"type": "LineString", "coordinates": [[-75.2052611374765, 39.92352470007683], [-75.2052611374765, 39.92351781088114], [-75.20523418801798, 39.92351781088114], [-75.20523418801798, 39.92352470007683], [-75.2052611374765, 39.92352470007683]]}, "properties": {"confidence": "high"}}, {"type": "Feature", "geometry": {"type": "LineString", "coordinates": [[-75.20994136010677, 39.92352470007683], [-75.20994136010677, 39.923510921684745], [-75.20993237695393, 39.923510921684745], [-75.20993237695393, 39.92352470007683], [-75.20994136010677, 39.92352470007683]]}, "properties": {"confidence": "high"}}, {"type": "Feature", "geometry": {"type": "LineString", "coordinates": [[-75.20874660077888, 39.92351781088114], [-75.20874660077888, 39.923510921684745], [-75.20873761762604, 39.923510921684745], [-75.20873761762604, 39.92351781088114], [-75.20874660077888, 39.92351781088114]]}, "properties": {"confidence": "high"}}, {"type": "Feature", "geometry": {"type": "LineString", "coordinates": [[-75.20527910378219, 39.92351781088114], [-75.20527910378219, 39.923510921684745], [-75.2052611374765, 39.923510921684745], [-75.2052611374765, 39.92351781088114], [-75.20527910378219, 39.92351781088114]]}, "properties": {"confidence": "high"}}, {"type": "Feature", "geometry": {"type": "LineString", "coordinates": [[-75.21086662484942, 39.92351781088114], [-75.21086662484942, 39.923504032487656], [-75.21085764169658, 39.923504032487656], [-75.21085764169658, 39.92351781088114], [-75.21086662484942, 39.92351781088114]]}, "properties": {"confidence": "high"}}, {"type": "Feature", "geometry": {"type": "LineString", "coordinates": [[-75.20873761762604, 39.923510921684745], [-75.20873761762604, 39.923504032487656], [-75.2087286344732, 39.923504032487656], [-75.2087286344732, 39.923510921684745], [-75.20873761762604, 39.923510921684745]]}, "properties": {"confidence": "high"}}, {"type": "Feature", "geometry": {"type": "LineString", "coordinates": [[-75.20529707008787, 39.923510921684745], [-75.20529707008787, 39.923504032487656], [-75.20527910378219, 39.923504032487656], [-75.20527910378219, 39.923510921684745], [-75.20529707008787, 39.923510921684745]]}, "properties": {"confidence": "high"}}, {"type": "Feature", "geometry": {"type": "LineString", "coordinates": [[-75.20993237695393, 39.923510921684745], [-75.20993237695393, 39.92349714328988], [-75.20992339380108, 39.92349714328988], [-75.20992339380108, 39.923510921684745], [-75.20993237695393, 39.923510921684745]]}, "properties": {"confidence": "high"}}, {"type": "Feature", "geometry": {"type": "LineString", "coordinates": [[-75.2087286344732, 39.923504032487656], [-75.2087286344732, 39.92349714328988], [-75.20871965132037, 39.92349714328988], [-75.20871965132037, 39.923504032487656], [-75.2087286344732, 39.923504032487656]]}, "properties": {"confidence": "high"}}, {"type": "Feature", "geometry": {"type": "LineString", "coordinates": [[-75.2053240195464, 39.923504032487656], [-75.2053240195464, 39.92349714328988], [-75.20529707008787, 39.92349714328988], [-75.20529707008787, 39.923504032487656], [-75.2053240195464, 39.923504032487656]]}, "properties": {"confidence": "high"}}, {"type": "Feature", "geometry": {"type": "LineString", "coordinates": [[-75.21085764169658, 39.923504032487656], [-75.21085764169658, 39.92349025409141], [-75.21084865854372, 39.92349025409141], [-75.21084865854372, 39.923504032487656], [-75.21085764169658, 39.923504032487656]]}, "properties": {"confidence": "high"}}, {"type": "Feature", "geometry": {"type": "LineString", "coordinates": [[-75.20871965132037, 39.92349714328988], [-75.20871965132037, 39.92349025409141], [-75.20871066816753, 39.92349025409141], [-75.20871066816753, 39.92349714328988], [-75.20871965132037, 39.92349714328988]]}, "properties": {"confidence": "high"}}, {"type": "Feature", "geometry": {"type": "LineString", "coordinates": [[-75.20534198585207, 39.92349714328988], [-75.20534198585207, 39.92349025409141], [-75.2053240195464, 39.92349025409141], [-75.2053240195464, 39.92349714328988], [-75.20534198585207, 39.92349714328988]]}, "properties": {"confidence": "high"}}, {"type": "Feature", "geometry": {"type": "LineString", "coordinates": [[-75.20992339380108, 39.92349714328988], [-75.20992339380108, 39.92348336489225], [-75.20991441064824, 39.92348336489225], [-75.20991441064824, 39.92349714328988], [-75.20992339380108, 39.92349714328988]]}, "properties": {"confidence": "high"}}, {"type": "Feature", "geometry": {"type": "LineString", "coordinates": [[-75.20535995215775, 39.92349025409141], [-75.20535995215775, 39.92348336489225], [-75.20534198585207, 39.92348336489225], [-75.20534198585207, 39.92349025409141], [-75.20535995215775, 39.92349025409141]]}, "properties": {"confidence": "high"}}, {"type": "Feature", "geometry": {"type": "LineString", "coordinates": [[-75.21084865854372, 39.92349025409141], [-75.21084865854372, 39.92347647569239], [-75.21083967539089, 39.92347647569239], [-75.21083967539089, 39.92349025409141], [-75.21084865854372, 39.92349025409141]]}, "properties": {"confidence": "high"}}, {"type": "Feature", "geometry": {"type": "LineString", "coordinates": [[-75.20537791846344, 39.92348336489225], [-75.20537791846344, 39.92347647569239], [-75.20535995215775, 39.92347647569239], [-75.20535995215775, 39.92348336489225], [-75.20537791846344, 39.92348336489225]]}, "properties": {"confidence": "high"}}, {"type": "Feature", "geometry": {"type": "LineString", "coordinates": [[-75.20538690161628, 39.92347647569239], [-75.20538690161628, 39.92346958649184], [-75.20537791846344, 39.92346958649184], [-75.20537791846344, 39.92347647569239], [-75.20538690161628, 39.92347647569239]]}, "properties": {"confidence": "high"}}, {"type": "Feature", "geometry": {"type": "LineString", "coordinates": [[-75.20991441064824, 39.92348336489225], [-75.20991441064824, 39.923462697290596], [-75.2099054274954, 39.923462697290596], [-75.2099054274954, 39.92348336489225], [-75.20991441064824, 39.92348336489225]]}, "properties": {"confidence": "high"}}, {"type": "Feature", "geometry": {"type": "LineString", "coordinates": [[-75.21083967539089, 39.92347647569239], [-75.21083967539089, 39.923462697290596], [-75.21083069223803, 39.923462697290596], [-75.21083069223803, 39.92347647569239], [-75.21083967539089, 39.92347647569239]]}, "properties": {"confidence": "high"}}, {"type": "Feature", "geometry": {"type": "LineString", "coordinates": [[-75.20539588476912, 39.92346958649184], [-75.20539588476912, 39.923462697290596], [-75.20538690161628, 39.923462697290596], [-75.20538690161628, 39.92346958649184], [-75.20539588476912, 39.92346958649184]]}, "properties": {"confidence": "high"}}, {"type": "Feature", "geometry": {"type": "LineString", "coordinates": [[-75.2054138510748, 39.923462697290596], [-75.2054138510748, 39.92345580808866], [-75.20539588476912, 39.92345580808866], [-75.20539588476912, 39.923462697290596], [-75.2054138510748, 39.923462697290596]]}, "properties": {"confidence": "high"}}, {"type": "Feature", "geometry": {"type": "LineString", "coordinates": [[-75.21083069223803, 39.923462697290596], [-75.21083069223803, 39.92344891888603], [-75.2108217090852, 39.92344891888603], [-75.2108217090852, 39.923462697290596], [-75.21083069223803, 39.923462697290596]]}, "properties": {"confidence": "high"}}, {"type": "Feature", "geometry": {"type": "LineString", "coordinates": [[-75.2099054274954, 39.923462697290596], [-75.2099054274954, 39.92344891888603], [-75.20989644434256, 39.92344891888603], [-75.20989644434256, 39.923462697290596], [-75.2099054274954, 39.923462697290596]]}, "properties": {"confidence": "high"}}, {"type": "Feature", "geometry": {"type": "LineString", "coordinates": [[-75.20542283422765, 39.92345580808866], [-75.20542283422765, 39.92344891888603], [-75.2054138510748, 39.92344891888603], [-75.2054138510748, 39.92345580808866], [-75.20542283422765, 39.92345580808866]]}, "properties": {"confidence": "high"}}, {"type": "Feature", "geometry": {"type": "LineString", "coordinates": [[-75.20543181738049, 39.92344891888603], [-75.20543181738049, 39.923442029682704], [-75.20542283422765, 39.923442029682704], [-75.20542283422765, 39.92344891888603], [-75.20543181738049, 39.92344891888603]]}, "properties": {"confidence": "high"}}, {"type": "Feature", "geometry": {"type": "LineString", "coordinates": [[-75.2108217090852, 39.92344891888603], [-75.2108217090852, 39.923435140478695], [-75.21081272593236, 39.923435140478695], [-75.21081272593236, 39.92344891888603], [-75.2108217090852, 39.92344891888603]]}, "properties": {"confidence": "high"}}, {"type": "Feature", "geometry": {"type": "LineString", "coordinates": [[-75.20989644434256, 39.92344891888603], [-75.20989644434256, 39.923435140478695], [-75.20988746118972, 39.923435140478695], [-75.20988746118972, 39.92344891888603], [-75.20989644434256, 39.92344891888603]]}, "properties": {"confidence": "high"}}, {"type": "Feature", "geometry": {"type": "LineString", "coordinates": [[-75.20544080053332, 39.923442029682704], [-75.20544080053332, 39.923435140478695], [-75.20543181738049, 39.923435140478695], [-75.20543181738049, 39.923442029682704], [-75.20544080053332, 39.923442029682704]]}, "properties": {"confidence": "high"}}, {"type": "Feature", "geometry": {"type": "LineString", "coordinates": [[-75.205458766839, 39.923435140478695], [-75.205458766839, 39.92342825127398], [-75.20544080053332, 39.92342825127398], [-75.20544080053332, 39.923435140478695], [-75.205458766839, 39.923435140478695]]}, "properties": {"confidence": "high"}}, {"type": "Feature", "geometry": {"type": "LineString", "coordinates": [[-75.21081272593236, 39.923435140478695], [-75.21081272593236, 39.923421362068574], [-75.21080374277952, 39.923421362068574], [-75.21080374277952, 39.923435140478695], [-75.21081272593236, 39.923435140478695]]}, "properties": {"confidence": "high"}}, {"type": "Feature", "geometry": {"type": "LineString", "coordinates": [[-75.20546774999185, 39.92342825127398], [-75.20546774999185, 39.923421362068574], [-75.205458766839, 39.923421362068574], [-75.205458766839, 39.92342825127398], [-75.20546774999185, 39.92342825127398]]}, "properties": {"confidence": "high"}}, {"type": "Feature", "geometry": {"type": "LineString", "coordinates": [[-75.20988746118972, 39.923435140478695], [-75.20988746118972, 39.92341447286248], [-75.20987847803687, 39.92341447286248], [-75.20987847803687, 39.923435140478695], [-75.20988746118972, 39.923435140478695]]}, "properties": {"confidence": "high"}}, {"type": "Feature", "geometry": {"type": "LineString", "coordinates": [[-75.20548571629753, 39.923421362068574], [-75.20548571629753, 39.92341447286248], [-75.20546774999185, 39.92341447286248], [-75.20546774999185, 39.923421362068574], [-75.20548571629753, 39.923421362068574]]}, "properties": {"confidence": "high"}}, {"type": "Feature", "geometry": {"type": "LineString", "coordinates": [[-75.21080374277952, 39.923421362068574], [-75.21080374277952, 39.92340758365569], [-75.21079475962667, 39.92340758365569], [-75.21079475962667, 39.923421362068574], [-75.21080374277952, 39.923421362068574]]}, "properties": {"confidence": "high"}}, {"type": "Feature", "geometry": {"type": "LineString", "coordinates": [[-75.20550368260321, 39.92341447286248], [-75.20550368260321, 39.92340758365569], [-75.20548571629753, 39.92340758365569], [-75.20548571629753, 39.92341447286248], [-75.20550368260321, 39.92341447286248]]}, "properties": {"confidence": "high"}}, {"type": "Feature", "geometry": {"type": "LineString", "coordinates": [[-75.20987847803687, 39.92341447286248], [-75.20987847803687, 39.92340069444821], [-75.20986949488403, 39.92340069444821], [-75.20986949488403, 39.92341447286248], [-75.20987847803687, 39.92341447286248]]}, "properties": {"confidence": "high"}}, {"type": "Feature", "geometry": {"type": "LineString", "coordinates": [[-75.21079475962667, 39.92340758365569], [-75.21079475962667, 39.92340069444821], [-75.21078577647383, 39.92340069444821], [-75.21078577647383, 39.92340758365569], [-75.21079475962667, 39.92340758365569]]}, "properties": {"confidence": "high"}}, {"type": "Feature", "geometry": {"type": "LineString", "coordinates": [[-75.2055216489089, 39.92340758365569], [-75.2055216489089, 39.92340069444821], [-75.20550368260321, 39.92340069444821], [-75.20550368260321, 39.92340758365569], [-75.2055216489089, 39.92340758365569]]}, "properties": {"confidence": "high"}}, {"type": "Feature", "geometry": {"type": "LineString", "coordinates": [[-75.20553961521458, 39.92340069444821], [-75.20553961521458, 39.92339380524003], [-75.2055216489089, 39.92339380524003], [-75.2055216489089, 39.92340069444821], [-75.20553961521458, 39.92340069444821]]}, "properties": {"confidence": "high"}}, {"type": "Feature", "geometry": {"type": "LineString", "coordinates": [[-75.21078577647383, 39.92340069444821], [-75.21078577647383, 39.92338691603116], [-75.21077679332099, 39.92338691603116], [-75.21077679332099, 39.92340069444821], [-75.21078577647383, 39.92340069444821]]}, "properties": {"confidence": "high"}}, {"type": "Feature", "geometry": {"type": "LineString", "coordinates": [[-75.20986949488403, 39.92340069444821], [-75.20986949488403, 39.92338691603116], [-75.2098605117312, 39.92338691603116], [-75.2098605117312, 39.92340069444821], [-75.20986949488403, 39.92340069444821]]}, "properties": {"confidence": "high"}}, {"type": "Feature", "geometry": {"type": "LineString", "coordinates": [[-75.20555758152025, 39.92339380524003], [-75.20555758152025, 39.92338691603116], [-75.20553961521458, 39.92338691603116], [-75.20553961521458, 39.92339380524003], [-75.20555758152025, 39.92339380524003]]}, "properties": {"confidence": "high"}}, {"type": "Feature", "geometry": {"type": "LineString", "coordinates": [[-75.2098605117312, 39.92338691603116], [-75.2098605117312, 39.923380026821604], [-75.20985152857835, 39.923380026821604], [-75.20985152857835, 39.92338691603116], [-75.2098605117312, 39.92338691603116]]}, "properties": {"confidence": "high"}}, {"type": "Feature", "geometry": {"type": "LineString", "coordinates": [[-75.20862981979195, 39.92338691603116], [-75.20862981979195, 39.923380026821604], [-75.20862083663911, 39.923380026821604], [-75.20862083663911, 39.92338691603116], [-75.20862981979195, 39.92338691603116]]}, "properties": {"confidence": "high"}}, {"type": "Feature", "geometry": {"type": "LineString", "coordinates": [[-75.20557554782594, 39.92338691603116], [-75.20557554782594, 39.923380026821604], [-75.20555758152025, 39.923380026821604], [-75.20555758152025, 39.92338691603116], [-75.20557554782594, 39.92338691603116]]}, "properties": {"confidence": "high"}}, {"type": "Feature", "geometry": {"type": "LineString", "coordinates": [[-75.21077679332099, 39.92338691603116], [-75.21077679332099, 39.92337313761135], [-75.21076781016815, 39.92337313761135], [-75.21076781016815, 39.92338691603116], [-75.21077679332099, 39.92338691603116]]}, "properties": {"confidence": "high"}}, {"type": "Feature", "geometry": {"type": "LineString", "coordinates": [[-75.20862083663911, 39.923380026821604], [-75.20862083663911, 39.92337313761135], [-75.20861185348627, 39.92337313761135], [-75.20861185348627, 39.923380026821604], [-75.20862083663911, 39.923380026821604]]}, "properties": {"confidence": "high"}}, {"type": "Feature", "geometry": {"type": "LineString", "coordinates": [[-75.20559351413162, 39.923380026821604], [-75.20559351413162, 39.92337313761135], [-75.20557554782594, 39.92337313761135], [-75.20557554782594, 39.923380026821604], [-75.20559351413162, 39.923380026821604]]}, "properties": {"confidence": "high"}}, {"type": "Feature", "geometry": {"type": "LineString", "coordinates": [[-75.20985152857835, 39.923380026821604], [-75.20985152857835, 39.923366248400406], [-75.20984254542552, 39.923366248400406], [-75.20984254542552, 39.923380026821604], [-75.20985152857835, 39.923380026821604]]}, "properties": {"confidence": "high"}}, {"type": "Feature", "geometry": {"type": "LineString", "coordinates": [[-75.21076781016815, 39.92337313761135], [-75.21076781016815, 39.923366248400406], [-75.21075882701531, 39.923366248400406], [-75.21075882701531, 39.92337313761135], [-75.21076781016815, 39.92337313761135]]}, "properties": {"confidence": "high"}}, {"type": "Feature", "geometry": {"type": "LineString", "coordinates": [[-75.20861185348627, 39.92337313761135], [-75.20861185348627, 39.923366248400406], [-75.20860287033344, 39.923366248400406], [-75.20860287033344, 39.92337313761135], [-75.20861185348627, 39.92337313761135]]}, "properties": {"confidence": "high"}}, {"type": "Feature", "geometry": {"type": "LineString", "coordinates": [[-75.20560249728446, 39.92337313761135], [-75.20560249728446, 39.923366248400406], [-75.20559351413162, 39.923366248400406], [-75.20559351413162, 39.92337313761135], [-75.20560249728446, 39.92337313761135]]}, "properties": {"confidence": "high"}}, {"type": "Feature", "geometry": {"type": "LineString", "coordinates": [[-75.20860287033344, 39.923366248400406], [-75.20860287033344, 39.92335935918876], [-75.20859388718058, 39.92335935918876], [-75.20859388718058, 39.923366248400406], [-75.20860287033344, 39.923366248400406]]}, "properties": {"confidence": "high"}}, {"type": "Feature", "geometry": {"type": "LineString", "coordinates": [[-75.20562046359015, 39.923366248400406], [-75.20562046359015, 39.92335935918876], [-75.20560249728446, 39.92335935918876], [-75.20560249728446, 39.923366248400406], [-75.20562046359015, 39.923366248400406]]}, "properties": {"confidence": "high"}}, {"type": "Feature", "geometry": {"type": "LineString", "coordinates": [[-75.20984254542552, 39.923366248400406], [-75.20984254542552, 39.92335246997643], [-75.20983356227268, 39.92335246997643], [-75.20983356227268, 39.923366248400406], [-75.20984254542552, 39.923366248400406]]}, "properties": {"confidence": "high"}}, {"type": "Feature", "geometry": {"type": "LineString", "coordinates": [[-75.20563842989583, 39.92335935918876], [-75.20563842989583, 39.92335246997643], [-75.20562046359015, 39.92335246997643], [-75.20562046359015, 39.92335935918876], [-75.20563842989583, 39.92335935918876]]}, "properties": {"confidence": "high"}}, {"type": "Feature", "geometry": {"type": "LineString", "coordinates": [[-75.21075882701531, 39.923366248400406], [-75.21075882701531, 39.923345580763396], [-75.21074984386247, 39.923345580763396], [-75.21074984386247, 39.923366248400406], [-75.21075882701531, 39.923366248400406]]}, "properties": {"confidence": "high"}}, {"type": "Feature", "geometry": {"type": "LineString", "coordinates": [[-75.20859388718058, 39.92335935918876], [-75.20859388718058, 39.923345580763396], [-75.20858490402775, 39.923345580763396], [-75.20858490402775, 39.92335935918876], [-75.20859388718058, 39.92335935918876]]}, "properties": {"confidence": "high"}}, {"type": "Feature", "geometry": {"type": "LineString", "coordinates": [[-75.2056563962015, 39.92335246997643], [-75.2056563962015, 39.923345580763396], [-75.20563842989583, 39.923345580763396], [-75.20563842989583, 39.92335246997643], [-75.2056563962015, 39.92335246997643]]}, "properties": {"confidence": "high"}}, {"type": "Feature", "geometry": {"type": "LineString", "coordinates": [[-75.20983356227268, 39.92335246997643], [-75.20983356227268, 39.923338691549674], [-75.20982457911983, 39.923338691549674], [-75.20982457911983, 39.92335246997643], [-75.20983356227268, 39.92335246997643]]}, "properties": {"confidence": "high"}}, {"type": "Feature", "geometry": {"type": "LineString", "coordinates": [[-75.20858490402775, 39.923345580763396], [-75.20858490402775, 39.923338691549674], [-75.2085759208749, 39.923338691549674], [-75.2085759208749, 39.923345580763396], [-75.20858490402775, 39.923345580763396]]}, "properties": {"confidence": "high"}}, {"type": "Feature", "geometry": {"type": "LineString", "coordinates": [[-75.20566537935434, 39.923345580763396], [-75.20566537935434, 39.923338691549674], [-75.2056563962015, 39.923338691549674], [-75.2056563962015, 39.923345580763396], [-75.20566537935434, 39.923345580763396]]}, "properties": {"confidence": "high"}}, {"type": "Feature", "geometry": {"type": "LineString", "coordinates": [[-75.21074984386247, 39.923345580763396], [-75.21074984386247, 39.92333180233526], [-75.21074086070962, 39.92333180233526], [-75.21074086070962, 39.923345580763396], [-75.21074984386247, 39.923345580763396]]}, "properties": {"confidence": "high"}}, {"type": "Feature", "geometry": {"type": "LineString", "coordinates": [[-75.2085759208749, 39.923338691549674], [-75.2085759208749, 39.92333180233526], [-75.20856693772207, 39.92333180233526], [-75.20856693772207, 39.923338691549674], [-75.2085759208749, 39.923338691549674]]}, "properties": {"confidence": "high"}}, {"type": "Feature", "geometry": {"type": "LineString", "coordinates": [[-75.20568334566003, 39.923338691549674], [-75.20568334566003, 39.92333180233526], [-75.20566537935434, 39.92333180233526], [-75.20566537935434, 39.923338691549674], [-75.20568334566003, 39.923338691549674]]}, "properties": {"confidence": "high"}}, {"type": "Feature", "geometry": {"type": "LineString", "coordinates": [[-75.20982457911983, 39.923338691549674], [-75.20982457911983, 39.923324913120155], [-75.20981559596699, 39.923324913120155], [-75.20981559596699, 39.923338691549674], [-75.20982457911983, 39.923338691549674]]}, "properties": {"confidence": "high"}}, {"type": "Feature", "geometry": {"type": "LineString", "coordinates": [[-75.20570131196571, 39.92333180233526], [-75.20570131196571, 39.923324913120155], [-75.20568334566003, 39.923324913120155], [-75.20568334566003, 39.92333180233526], [-75.20570131196571, 39.92333180233526]]}, "properties": {"confidence": "high"}}, {"type": "Feature", "geometry": {"type": "LineString", "coordinates": [[-75.21074086070962, 39.92333180233526], [-75.21074086070962, 39.92331802390435], [-75.21073187755678, 39.92331802390435], [-75.21073187755678, 39.92333180233526], [-75.21074086070962, 39.92333180233526]]}, "properties": {"confidence": "high"}}, {"type": "Feature", "geometry": {"type": "LineString", "coordinates": [[-75.20856693772207, 39.92333180233526], [-75.20856693772207, 39.92331802390435], [-75.20855795456922, 39.92331802390435], [-75.20855795456922, 39.92333180233526], [-75.20856693772207, 39.92333180233526]]}, "properties": {"confidence": "high"}}, {"type": "Feature", "geometry": {"type": "LineString", "coordinates": [[-75.20981559596699, 39.923324913120155], [-75.20981559596699, 39.92331802390435], [-75.20980661281415, 39.92331802390435], [-75.20980661281415, 39.923324913120155], [-75.20981559596699, 39.923324913120155]]}, "properties": {"confidence": "high"}}, {"type": "Feature", "geometry": {"type": "LineString", "coordinates": [[-75.20571927827139, 39.923324913120155], [-75.20571927827139, 39.92331802390435], [-75.20570131196571, 39.92331802390435], [-75.20570131196571, 39.923324913120155], [-75.20571927827139, 39.923324913120155]]}, "properties": {"confidence": "high"}}, {"type": "Feature", "geometry": {"type": "LineString", "coordinates": [[-75.20855795456922, 39.92331802390435], [-75.20855795456922, 39.92331113468786], [-75.20854897141638, 39.92331113468786], [-75.20854897141638, 39.92331802390435], [-75.20855795456922, 39.92331802390435]]}, "properties": {"confidence": "high"}}, {"type": "Feature", "geometry": {"type": "LineString", "coordinates": [[-75.20574622772993, 39.92331802390435], [-75.20574622772993, 39.92331113468786], [-75.20571927827139, 39.92331113468786], [-75.20571927827139, 39.92331802390435], [-75.20574622772993, 39.92331802390435]]}, "properties": {"confidence": "high"}}, {"type": "Feature", "geometry": {"type": "LineString", "coordinates": [[-75.21073187755678, 39.92331802390435], [-75.21073187755678, 39.92330424547067], [-75.21072289440394, 39.92330424547067], [-75.21072289440394, 39.92331802390435], [-75.21073187755678, 39.92331802390435]]}, "properties": {"confidence": "high"}}, {"type": "Feature", "geometry": {"type": "LineString", "coordinates": [[-75.20980661281415, 39.92331802390435], [-75.20980661281415, 39.92330424547067], [-75.20979762966131, 39.92330424547067], [-75.20979762966131, 39.92331802390435], [-75.20980661281415, 39.92331802390435]]}, "properties": {"confidence": "high"}}, {"type": "Feature", "geometry": {"type": "LineString", "coordinates": [[-75.20577317718845, 39.92331113468786], [-75.20577317718845, 39.92330424547067], [-75.20574622772993, 39.92330424547067], [-75.20574622772993, 39.92331113468786], [-75.20577317718845, 39.92331113468786]]}, "properties": {"confidence": "high"}}, {"type": "Feature", "geometry": {"type": "LineString", "coordinates": [[-75.20854897141638, 39.92331113468786], [-75.20854897141638, 39.92329735625278], [-75.20853998826352, 39.92329735625278], [-75.20853998826352, 39.92331113468786], [-75.20854897141638, 39.92331113468786]]}, "properties": {"confidence": "high"}}, {"type": "Feature", "geometry": {"type": "LineString", "coordinates": [[-75.2057821603413, 39.92330424547067], [-75.2057821603413, 39.92329735625278], [-75.20577317718845, 39.92329735625278], [-75.20577317718845, 39.92330424547067], [-75.2057821603413, 39.92330424547067]]}, "properties": {"confidence": "high"}}, {"type": "Feature", "geometry": {"type": "LineString", "coordinates": [[-75.21072289440394, 39.92330424547067], [-75.21072289440394, 39.923290467034214], [-75.2107139112511, 39.923290467034214], [-75.2107139112511, 39.92330424547067], [-75.21072289440394, 39.92330424547067]]}, "properties": {"confidence": "high"}}, {"type": "Feature", "geometry": {"type": "LineString", "coordinates": [[-75.20979762966131, 39.92330424547067], [-75.20979762966131, 39.923290467034214], [-75.20978864650847, 39.923290467034214], [-75.20978864650847, 39.92330424547067], [-75.20979762966131, 39.92330424547067]]}, "properties": {"confidence": "high"}}, {"type": "Feature", "geometry": {"type": "LineString", "coordinates": [[-75.20853998826352, 39.92329735625278], [-75.20853998826352, 39.923290467034214], [-75.20853100511069, 39.923290467034214], [-75.20853100511069, 39.92329735625278], [-75.20853998826352, 39.92329735625278]]}, "properties": {"confidence": "high"}}, {"type": "Feature", "geometry": {"type": "LineString", "coordinates": [[-75.20579114349414, 39.92329735625278], [-75.20579114349414, 39.92327668859499], [-75.2057821603413, 39.92327668859499], [-75.2057821603413, 39.92329735625278], [-75.20579114349414, 39.92329735625278]]}, "properties": {"confidence": "high"}}, {"type": "Feature", "geometry": {"type": "LineString", "coordinates": [[-75.2107139112511, 39.923290467034214], [-75.2107139112511, 39.92327668859499], [-75.21070492809827, 39.92327668859499], [-75.21070492809827, 39.923290467034214], [-75.2107139112511, 39.923290467034214]]}, "properties": {"confidence": "high"}}, {"type": "Feature", "geometry": {"type": "LineString", "coordinates": [[-75.20978864650847, 39.923290467034214], [-75.20978864650847, 39.92327668859499], [-75.20977966335563, 39.92327668859499], [-75.20977966335563, 39.923290467034214], [-75.20978864650847, 39.923290467034214]]}, "properties": {"confidence": "high"}}, {"type": "Feature", "geometry": {"type": "LineString", "coordinates": [[-75.20853100511069, 39.923290467034214], [-75.20853100511069, 39.92327668859499], [-75.20852202195785, 39.92327668859499], [-75.20852202195785, 39.923290467034214], [-75.20853100511069, 39.923290467034214]]}, "properties": {"confidence": "high"}}, {"type": "Feature", "geometry": {"type": "LineString", "coordinates": [[-75.20977966335563, 39.92327668859499], [-75.20977966335563, 39.92326979937433], [-75.20977068020278, 39.92326979937433], [-75.20977068020278, 39.92327668859499], [-75.20977966335563, 39.92327668859499]]}, "properties": {"confidence": "high"}}, {"type": "Feature", "geometry": {"type": "LineString", "coordinates": [[-75.20852202195785, 39.92327668859499], [-75.20852202195785, 39.92326979937433], [-75.20851303880501, 39.92326979937433], [-75.20851303880501, 39.92327668859499], [-75.20852202195785, 39.92327668859499]]}, "properties": {"confidence": "high"}}, {"type": "Feature", "geometry": {"type": "LineString", "coordinates": [[-75.21070492809827, 39.92327668859499], [-75.21070492809827, 39.923262910152985], [-75.21069594494541, 39.923262910152985], [-75.21069594494541, 39.92327668859499], [-75.21070492809827, 39.92327668859499]]}, "properties": {"confidence": "high"}}, {"type": "Feature", "geometry": {"type": "LineString", "coordinates": [[-75.20580012664698, 39.92327668859499], [-75.20580012664698, 39.923262910152985], [-75.20579114349414, 39.923262910152985], [-75.20579114349414, 39.92327668859499], [-75.20580012664698, 39.92327668859499]]}, "properties": {"confidence": "high"}}, {"type": "Feature", "geometry": {"type": "LineString", "coordinates": [[-75.20977068020278, 39.92326979937433], [-75.20977068020278, 39.92325602093095], [-75.20976169704994, 39.92325602093095], [-75.20976169704994, 39.92326979937433], [-75.20977068020278, 39.92326979937433]]}, "properties": {"confidence": "high"}}, {"type": "Feature", "geometry": {"type": "LineString", "coordinates": [[-75.20851303880501, 39.92326979937433], [-75.20851303880501, 39.92325602093095], [-75.20850405565217, 39.92325602093095], [-75.20850405565217, 39.92326979937433], [-75.20851303880501, 39.92326979937433]]}, "properties": {"confidence": "high"}}, {"type": "Feature", "geometry": {"type": "LineString", "coordinates": [[-75.21069594494541, 39.923262910152985], [-75.21069594494541, 39.92324913170822], [-75.21068696179258, 39.92324913170822], [-75.21068696179258, 39.923262910152985], [-75.21069594494541, 39.923262910152985]]}, "properties": {"confidence": "high"}}, {"type": "Feature", "geometry": {"type": "LineString", "coordinates": [[-75.20580910979982, 39.923262910152985], [-75.20580910979982, 39.92324913170822], [-75.20580012664698, 39.92324913170822], [-75.20580012664698, 39.923262910152985], [-75.20580910979982, 39.923262910152985]]}, "properties": {"confidence": "high"}}, {"type": "Feature", "geometry": {"type": "LineString", "coordinates": [[-75.20976169704994, 39.92325602093095], [-75.20976169704994, 39.92324224248479], [-75.2097527138971, 39.92324224248479], [-75.2097527138971, 39.92325602093095], [-75.20976169704994, 39.92325602093095]]}, "properties": {"confidence": "high"}}, {"type": "Feature", "geometry": {"type": "LineString", "coordinates": [[-75.20850405565217, 39.92325602093095], [-75.20850405565217, 39.92324224248479], [-75.20849507249933, 39.92324224248479], [-75.20849507249933, 39.92325602093095], [-75.20850405565217, 39.92325602093095]]}, "properties": {"confidence": "high"}}, {"type": "Feature", "geometry": {"type": "LineString", "coordinates": [[-75.20581809295265, 39.92324913170822], [-75.20581809295265, 39.92324224248479], [-75.20580910979982, 39.92324224248479], [-75.20580910979982, 39.92324913170822], [-75.20581809295265, 39.92324913170822]]}, "properties": {"confidence": "high"}}, {"type": "Feature", "geometry": {"type": "LineString", "coordinates": [[-75.21068696179258, 39.92324913170822], [-75.21068696179258, 39.923235353260665], [-75.21067797863974, 39.923235353260665], [-75.21067797863974, 39.92324913170822], [-75.21068696179258, 39.92324913170822]]}, "properties": {"confidence": "high"}}, {"type": "Feature", "geometry": {"type": "LineString", "coordinates": [[-75.20849507249933, 39.92324224248479], [-75.20849507249933, 39.923235353260665], [-75.20848608934648, 39.923235353260665], [-75.20848608934648, 39.92324224248479], [-75.20849507249933, 39.92324224248479]]}, "properties": {"confidence": "high"}}, {"type": "Feature", "geometry": {"type": "LineString", "coordinates": [[-75.2097527138971, 39.92324224248479], [-75.2097527138971, 39.92322846403586], [-75.20974373074426, 39.92322846403586], [-75.20974373074426, 39.92324224248479], [-75.2097527138971, 39.92324224248479]]}, "properties": {"confidence": "high"}}, {"type": "Feature", "geometry": {"type": "LineString", "coordinates": [[-75.20848608934648, 39.923235353260665], [-75.20848608934648, 39.92322846403586], [-75.20847710619364, 39.92322846403586], [-75.20847710619364, 39.923235353260665], [-75.20848608934648, 39.923235353260665]]}, "properties": {"confidence": "high"}}, {"type": "Feature", "geometry": {"type": "LineString", "coordinates": [[-75.21067797863974, 39.923235353260665], [-75.21067797863974, 39.923221574810356], [-75.2106689954869, 39.923221574810356], [-75.2106689954869, 39.923235353260665], [-75.21067797863974, 39.923235353260665]]}, "properties": {"confidence": "high"}}, {"type": "Feature", "geometry": {"type": "LineString", "coordinates": [[-75.20974373074426, 39.92322846403586], [-75.20974373074426, 39.923214685584156], [-75.20973474759143, 39.923214685584156], [-75.20973474759143, 39.92322846403586], [-75.20974373074426, 39.92322846403586]]}, "properties": {"confidence": "high"}}, {"type": "Feature", "geometry": {"type": "LineString", "coordinates": [[-75.20847710619364, 39.92322846403586], [-75.20847710619364, 39.923214685584156], [-75.2084681230408, 39.923214685584156], [-75.2084681230408, 39.92322846403586], [-75.20847710619364, 39.92322846403586]]}, "properties": {"confidence": "high"}}, {"type": "Feature", "geometry": {"type": "LineString", "coordinates": [[-75.2106689954869, 39.923221574810356], [-75.2106689954869, 39.92320779635726], [-75.21066001233406, 39.92320779635726], [-75.21066001233406, 39.923221574810356], [-75.2106689954869, 39.923221574810356]]}, "properties": {"confidence": "high"}}, {"type": "Feature", "geometry": {"type": "LineString", "coordinates": [[-75.20973474759143, 39.923214685584156], [-75.20973474759143, 39.92320779635726], [-75.20972576443857, 39.92320779635726], [-75.20972576443857, 39.923214685584156], [-75.20973474759143, 39.923214685584156]]}, "properties": {"confidence": "high"}}, {"type": "Feature", "geometry": {"type": "LineString", "coordinates": [[-75.2084681230408, 39.923214685584156], [-75.2084681230408, 39.92320779635726], [-75.20845913988796, 39.92320779635726], [-75.20845913988796, 39.923214685584156], [-75.2084681230408, 39.923214685584156]]}, "properties": {"confidence": "high"}}, {"type": "Feature", "geometry": {"type": "LineString", "coordinates": [[-75.20845913988796, 39.92320779635726], [-75.20845913988796, 39.923200907129676], [-75.20845015673513, 39.923200907129676], [-75.20845015673513, 39.92320779635726], [-75.20845913988796, 39.92320779635726]]}, "properties": {"confidence": "high"}}, {"type": "Feature", "geometry": {"type": "LineString", "coordinates": [[-75.21066001233406, 39.92320779635726], [-75.21066001233406, 39.9231940179014], [-75.21065102918122, 39.9231940179014], [-75.21065102918122, 39.92320779635726], [-75.21066001233406, 39.92320779635726]]}, "properties": {"confidence": "high"}}, {"type": "Feature", "geometry": {"type": "LineString", "coordinates": [[-75.20972576443857, 39.92320779635726], [-75.20972576443857, 39.9231940179014], [-75.20971678128574, 39.9231940179014], [-75.20971678128574, 39.92320779635726], [-75.20972576443857, 39.92320779635726]]}, "properties": {"confidence": "high"}}, {"type": "Feature", "geometry": {"type": "LineString", "coordinates": [[-75.20845015673513, 39.923200907129676], [-75.20845015673513, 39.92318712867243], [-75.20844117358229, 39.92318712867243], [-75.20844117358229, 39.923200907129676], [-75.20845015673513, 39.923200907129676]]}, "properties": {"confidence": "high"}}, {"type": "Feature", "geometry": {"type": "LineString", "coordinates": [[-75.21065102918122, 39.9231940179014], [-75.21065102918122, 39.923180239442765], [-75.21064204602837, 39.923180239442765], [-75.21064204602837, 39.9231940179014], [-75.21065102918122, 39.9231940179014]]}, "properties": {"confidence": "high"}}, {"type": "Feature", "geometry": {"type": "LineString", "coordinates": [[-75.20971678128574, 39.9231940179014], [-75.20971678128574, 39.923180239442765], [-75.2097077981329, 39.923180239442765], [-75.2097077981329, 39.9231940179014], [-75.20971678128574, 39.9231940179014]]}, "properties": {"confidence": "high"}}, {"type": "Feature", "geometry": {"type": "LineString", "coordinates": [[-75.20844117358229, 39.92318712867243], [-75.20844117358229, 39.923180239442765], [-75.20843219042943, 39.923180239442765], [-75.20843219042943, 39.92318712867243], [-75.20844117358229, 39.92318712867243]]}, "properties": {"confidence": "high"}}, {"type": "Feature", "geometry": {"type": "LineString", "coordinates": [[-75.2097077981329, 39.923180239442765], [-75.2097077981329, 39.92317335021241], [-75.20969881498004, 39.92317335021241], [-75.20969881498004, 39.923180239442765], [-75.2097077981329, 39.923180239442765]]}, "properties": {"confidence": "high"}}, {"type": "Feature", "geometry": {"type": "LineString", "coordinates": [[-75.20843219042943, 39.923180239442765], [-75.20843219042943, 39.92317335021241], [-75.2084232072766, 39.92317335021241], [-75.2084232072766, 39.923180239442765], [-75.20843219042943, 39.923180239442765]]}, "properties": {"confidence": "high"}}, {"type": "Feature", "geometry": {"type": "LineString", "coordinates": [[-75.21064204602837, 39.923180239442765], [-75.21064204602837, 39.923166460981356], [-75.21063306287553, 39.923166460981356], [-75.21063306287553, 39.923180239442765], [-75.21064204602837, 39.923180239442765]]}, "properties": {"confidence": "high"}}, {"type": "Feature", "geometry": {"type": "LineString", "coordinates": [[-75.20969881498004, 39.92317335021241], [-75.20969881498004, 39.923166460981356], [-75.2096898318272, 39.923166460981356], [-75.2096898318272, 39.92317335021241], [-75.20969881498004, 39.92317335021241]]}, "properties": {"confidence": "high"}}, {"type": "Feature", "geometry": {"type": "LineString", "coordinates": [[-75.2084232072766, 39.92317335021241], [-75.2084232072766, 39.923159571749615], [-75.20841422412376, 39.923159571749615], [-75.20841422412376, 39.92317335021241], [-75.2084232072766, 39.92317335021241]]}, "properties": {"confidence": "high"}}, {"type": "Feature", "geometry": {"type": "LineString", "coordinates": [[-75.21063306287553, 39.923166460981356], [-75.21063306287553, 39.923159571749615], [-75.21062407972269, 39.923159571749615], [-75.21062407972269, 39.923166460981356], [-75.21063306287553, 39.923166460981356]]}, "properties": {"confidence": "high"}}, {"type": "Feature", "geometry": {"type": "LineString", "coordinates": [[-75.2096898318272, 39.923166460981356], [-75.2096898318272, 39.92315268251718], [-75.20968084867437, 39.92315268251718], [-75.20968084867437, 39.923166460981356], [-75.2096898318272, 39.923166460981356]]}, "properties": {"confidence": "high"}}, {"type": "Feature", "geometry": {"type": "LineString", "coordinates": [[-75.20841422412376, 39.923159571749615], [-75.20841422412376, 39.92315268251718], [-75.20840524097092, 39.92315268251718], [-75.20840524097092, 39.923159571749615], [-75.20841422412376, 39.923159571749615]]}, "properties": {"confidence": "high"}}, {"type": "Feature", "geometry": {"type": "LineString", "coordinates": [[-75.21062407972269, 39.923159571749615], [-75.21062407972269, 39.92314579328405], [-75.21061509656985, 39.92314579328405], [-75.21061509656985, 39.923159571749615], [-75.21062407972269, 39.923159571749615]]}, "properties": {"confidence": "high"}}, {"type": "Feature", "geometry": {"type": "LineString", "coordinates": [[-75.20968084867437, 39.92315268251718], [-75.20968084867437, 39.92314579328405], [-75.20967186552153, 39.92314579328405], [-75.20967186552153, 39.92315268251718], [-75.20968084867437, 39.92315268251718]]}, "properties": {"confidence": "high"}}, {"type": "Feature", "geometry": {"type": "LineString", "coordinates": [[-75.20840524097092, 39.92315268251718], [-75.20840524097092, 39.92314579328405], [-75.20839625781808, 39.92314579328405], [-75.20839625781808, 39.92315268251718], [-75.20840524097092, 39.92315268251718]]}, "properties": {"confidence": "high"}}, {"type": "Feature", "geometry": {"type": "LineString", "coordinates": [[-75.21061509656985, 39.92314579328405], [-75.21061509656985, 39.92313890405022], [-75.21060611341701, 39.92313890405022], [-75.21060611341701, 39.92314579328405], [-75.21061509656985, 39.92314579328405]]}, "properties": {"confidence": "high"}}, {"type": "Feature", "geometry": {"type": "LineString", "coordinates": [[-75.20967186552153, 39.92314579328405], [-75.20967186552153, 39.92313890405022], [-75.20966288236868, 39.92313890405022], [-75.20966288236868, 39.92314579328405], [-75.20967186552153, 39.92314579328405]]}, "properties": {"confidence": "high"}}, {"type": "Feature", "geometry": {"type": "LineString", "coordinates": [[-75.20839625781808, 39.92314579328405], [-75.20839625781808, 39.9231320148157], [-75.20838727466523, 39.9231320148157], [-75.20838727466523, 39.92314579328405], [-75.20839625781808, 39.92314579328405]]}, "properties": {"confidence": "high"}}, {"type": "Feature", "geometry": {"type": "LineString", "coordinates": [[-75.21060611341701, 39.92313890405022], [-75.21060611341701, 39.92312512558049], [-75.21059713026418, 39.92312512558049], [-75.21059713026418, 39.92313890405022], [-75.21060611341701, 39.92313890405022]]}, "properties": {"confidence": "high"}}, {"type": "Feature", "geometry": {"type": "LineString", "coordinates": [[-75.20966288236868, 39.92313890405022], [-75.20966288236868, 39.92312512558049], [-75.20965389921584, 39.92312512558049], [-75.20965389921584, 39.92313890405022], [-75.20966288236868, 39.92313890405022]]}, "properties": {"confidence": "high"}}, {"type": "Feature", "geometry": {"type": "LineString", "coordinates": [[-75.20838727466523, 39.9231320148157], [-75.20838727466523, 39.92312512558049], [-75.20837829151239, 39.92312512558049], [-75.20837829151239, 39.9231320148157], [-75.20838727466523, 39.9231320148157]]}, "properties": {"confidence": "high"}}, {"type": "Feature", "geometry": {"type": "LineString", "coordinates": [[-75.21059713026418, 39.92312512558049], [-75.21059713026418, 39.92311823634459], [-75.21058814711132, 39.92311823634459], [-75.21058814711132, 39.92312512558049], [-75.21059713026418, 39.92312512558049]]}, "properties": {"confidence": "high"}}, {"type": "Feature", "geometry": {"type": "LineString", "coordinates": [[-75.20965389921584, 39.92312512558049], [-75.20965389921584, 39.92311823634459], [-75.209644916063, 39.92311823634459], [-75.209644916063, 39.92312512558049], [-75.20965389921584, 39.92312512558049]]}, "properties": {"confidence": "high"}}, {"type": "Feature", "geometry": {"type": "LineString", "coordinates": [[-75.20837829151239, 39.92312512558049], [-75.20837829151239, 39.92311823634459], [-75.20836930835955, 39.92311823634459], [-75.20836930835955, 39.92312512558049], [-75.20837829151239, 39.92312512558049]]}, "properties": {"confidence": "high"}}, {"type": "Feature", "geometry": {"type": "LineString", "coordinates": [[-75.209644916063, 39.92311823634459], [-75.209644916063, 39.923111347108], [-75.20963593291016, 39.923111347108], [-75.20963593291016, 39.92311823634459], [-75.209644916063, 39.92311823634459]]}, "properties": {"confidence": "high"}}, {"type": "Feature", "geometry": {"type": "LineString", "coordinates": [[-75.21058814711132, 39.92311823634459], [-75.21058814711132, 39.9231044578707], [-75.21057916395849, 39.9231044578707], [-75.21057916395849, 39.92311823634459], [-75.21058814711132, 39.92311823634459]]}, "properties": {"confidence": "high"}}, {"type": "Feature", "geometry": {"type": "LineString", "coordinates": [[-75.20836930835955, 39.92311823634459], [-75.20836930835955, 39.9231044578707], [-75.20836032520671, 39.9231044578707], [-75.20836032520671, 39.92311823634459], [-75.20836930835955, 39.92311823634459]]}, "properties": {"confidence": "high"}}, {"type": "Feature", "geometry": {"type": "LineString", "coordinates": [[-75.20963593291016, 39.923111347108], [-75.20963593291016, 39.9231044578707], [-75.20962694975732, 39.9231044578707], [-75.20962694975732, 39.923111347108], [-75.20963593291016, 39.923111347108]]}, "properties": {"confidence": "high"}}, {"type": "Feature", "geometry": {"type": "LineString", "coordinates": [[-75.21057916395849, 39.9231044578707], [-75.21057916395849, 39.92309756863272], [-75.21057018080565, 39.92309756863272], [-75.21057018080565, 39.9231044578707], [-75.21057916395849, 39.9231044578707]]}, "properties": {"confidence": "high"}}, {"type": "Feature", "geometry": {"type": "LineString", "coordinates": [[-75.20962694975732, 39.9231044578707], [-75.20962694975732, 39.92309756863272], [-75.20961796660447, 39.92309756863272], [-75.20961796660447, 39.9231044578707], [-75.20962694975732, 39.9231044578707]]}, "properties": {"confidence": "high"}}, {"type": "Feature", "geometry": {"type": "LineString", "coordinates": [[-75.20836032520671, 39.9231044578707], [-75.20836032520671, 39.92309756863272], [-75.20835134205387, 39.92309756863272], [-75.20835134205387, 39.9231044578707], [-75.20836032520671, 39.9231044578707]]}, "properties": {"confidence": "high"}}, {"type": "Feature", "geometry": {"type": "LineString", "coordinates": [[-75.20961796660447, 39.92309756863272], [-75.20961796660447, 39.923090679394036], [-75.20960898345163, 39.923090679394036], [-75.20960898345163, 39.92309756863272], [-75.20961796660447, 39.92309756863272]]}, "properties": {"confidence": "high"}}, {"type": "Feature", "geometry": {"type": "LineString", "coordinates": [[-75.20835134205387, 39.92309756863272], [-75.20835134205387, 39.923090679394036], [-75.20834235890104, 39.923090679394036], [-75.20834235890104, 39.92309756863272], [-75.20835134205387, 39.92309756863272]]}, "properties": {"confidence": "high"}}, {"type": "Feature", "geometry": {"type": "LineString", "coordinates": [[-75.21057018080565, 39.92309756863272], [-75.21057018080565, 39.92308379015468], [-75.21056119765281, 39.92308379015468], [-75.21056119765281, 39.92309756863272], [-75.21057018080565, 39.92309756863272]]}, "properties": {"confidence": "high"}}, {"type": "Feature", "geometry": {"type": "LineString", "coordinates": [[-75.20960898345163, 39.923090679394036], [-75.20960898345163, 39.92308379015468], [-75.20960000029879, 39.92308379015468], [-75.20960000029879, 39.923090679394036], [-75.20960898345163, 39.923090679394036]]}, "properties": {"confidence": "high"}}, {"type": "Feature", "geometry": {"type": "LineString", "coordinates": [[-75.20834235890104, 39.923090679394036], [-75.20834235890104, 39.92307690091461], [-75.20833337574818, 39.92307690091461], [-75.20833337574818, 39.923090679394036], [-75.20834235890104, 39.923090679394036]]}, "properties": {"confidence": "high"}}, {"type": "Feature", "geometry": {"type": "LineString", "coordinates": [[-75.20960000029879, 39.92308379015468], [-75.20960000029879, 39.92307690091461], [-75.20959101714595, 39.92307690091461], [-75.20959101714595, 39.92308379015468], [-75.20960000029879, 39.92308379015468]]}, "properties": {"confidence": "high"}}, {"type": "Feature", "geometry": {"type": "LineString", "coordinates": [[-75.21056119765281, 39.92308379015468], [-75.21056119765281, 39.92307001167386], [-75.21055221449997, 39.92307001167386], [-75.21055221449997, 39.92308379015468], [-75.21056119765281, 39.92308379015468]]}, "properties": {"confidence": "high"}}, {"type": "Feature", "geometry": {"type": "LineString", "coordinates": [[-75.20959101714595, 39.92307690091461], [-75.20959101714595, 39.92307001167386], [-75.20958203399312, 39.92307001167386], [-75.20958203399312, 39.92307690091461], [-75.20959101714595, 39.92307690091461]]}, "properties": {"confidence": "high"}}, {"type": "Feature", "geometry": {"type": "LineString", "coordinates": [[-75.20833337574818, 39.92307690091461], [-75.20833337574818, 39.92306312243241], [-75.20832439259534, 39.92306312243241], [-75.20832439259534, 39.92307690091461], [-75.20833337574818, 39.92307690091461]]}, "properties": {"confidence": "high"}}, {"type": "Feature", "geometry": {"type": "LineString", "coordinates": [[-75.20958203399312, 39.92307001167386], [-75.20958203399312, 39.92306312243241], [-75.20957305084028, 39.92306312243241], [-75.20957305084028, 39.92307001167386], [-75.20958203399312, 39.92307001167386]]}, "properties": {"confidence": "high"}}, {"type": "Feature", "geometry": {"type": "LineString", "coordinates": [[-75.21055221449997, 39.92307001167386], [-75.21055221449997, 39.92305623319026], [-75.21054323134712, 39.92305623319026], [-75.21054323134712, 39.92307001167386], [-75.21055221449997, 39.92307001167386]]}, "properties": {"confidence": "high"}}, {"type": "Feature", "geometry": {"type": "LineString", "coordinates": [[-75.20957305084028, 39.92306312243241], [-75.20957305084028, 39.92305623319026], [-75.20956406768742, 39.92305623319026], [-75.20956406768742, 39.92306312243241], [-75.20957305084028, 39.92306312243241]]}, "properties": {"confidence": "high"}}, {"type": "Feature", "geometry": {"type": "LineString", "coordinates": [[-75.20832439259534, 39.92306312243241], [-75.20832439259534, 39.923049343947426], [-75.2083154094425, 39.923049343947426], [-75.2083154094425, 39.92306312243241], [-75.20832439259534, 39.92306312243241]]}, "properties": {"confidence": "high"}}, {"type": "Feature", "geometry": {"type": "LineString", "coordinates": [[-75.20956406768742, 39.92305623319026], [-75.20956406768742, 39.923049343947426], [-75.20955508453459, 39.923049343947426], [-75.20955508453459, 39.92305623319026], [-75.20956406768742, 39.92305623319026]]}, "properties": {"confidence": "high"}}, {"type": "Feature", "geometry": {"type": "LineString", "coordinates": [[-75.21054323134712, 39.92305623319026], [-75.21054323134712, 39.923042454703904], [-75.21053424819428, 39.923042454703904], [-75.21053424819428, 39.92305623319026], [-75.21054323134712, 39.92305623319026]]}, "properties": {"confidence": "high"}}, {"type": "Feature", "geometry": {"type": "LineString", "coordinates": [[-75.20955508453459, 39.923049343947426], [-75.20955508453459, 39.923042454703904], [-75.20954610138175, 39.923042454703904], [-75.20954610138175, 39.923049343947426], [-75.20955508453459, 39.923049343947426]]}, "properties": {"confidence": "high"}}, {"type": "Feature", "geometry": {"type": "LineString", "coordinates": [[-75.2083154094425, 39.923049343947426], [-75.2083154094425, 39.92303556545968], [-75.20830642628967, 39.92303556545968], [-75.20830642628967, 39.923049343947426], [-75.2083154094425, 39.923049343947426]]}, "properties": {"confidence": "high"}}, {"type": "Feature", "geometry": {"type": "LineString", "coordinates": [[-75.20954610138175, 39.923042454703904], [-75.20954610138175, 39.92303556545968], [-75.20953711822891, 39.92303556545968], [-75.20953711822891, 39.923042454703904], [-75.20954610138175, 39.923042454703904]]}, "properties": {"confidence": "high"}}, {"type": "Feature", "geometry": {"type": "LineString", "coordinates": [[-75.21053424819428, 39.923042454703904], [-75.21053424819428, 39.92302867621476], [-75.21052526504144, 39.92302867621476], [-75.21052526504144, 39.923042454703904], [-75.21053424819428, 39.923042454703904]]}, "properties": {"confidence": "high"}}, {"type": "Feature", "geometry": {"type": "LineString", "coordinates": [[-75.20953711822891, 39.92303556545968], [-75.20953711822891, 39.92302867621476], [-75.20952813507607, 39.92302867621476], [-75.20952813507607, 39.92303556545968], [-75.20953711822891, 39.92303556545968]]}, "properties": {"confidence": "high"}}, {"type": "Feature", "geometry": {"type": "LineString", "coordinates": [[-75.20830642628967, 39.92303556545968], [-75.20830642628967, 39.92302178696916], [-75.20829744313683, 39.92302178696916], [-75.20829744313683, 39.92303556545968], [-75.20830642628967, 39.92303556545968]]}, "properties": {"confidence": "high"}}, {"type": "Feature", "geometry": {"type": "LineString", "coordinates": [[-75.20952813507607, 39.92302867621476], [-75.20952813507607, 39.92302178696916], [-75.20951915192323, 39.92302178696916], [-75.20951915192323, 39.92302867621476], [-75.20952813507607, 39.92302867621476]]}, "properties": {"confidence": "high"}}, {"type": "Feature", "geometry": {"type": "LineString", "coordinates": [[-75.21052526504144, 39.92302867621476], [-75.21052526504144, 39.923014897722865], [-75.2105162818886, 39.923014897722865], [-75.2105162818886, 39.92302867621476], [-75.21052526504144, 39.92302867621476]]}, "properties": {"confidence": "high"}}, {"type": "Feature", "geometry": {"type": "LineString", "coordinates": [[-75.20951915192323, 39.92302178696916], [-75.20951915192323, 39.923014897722865], [-75.20951016877038, 39.923014897722865], [-75.20951016877038, 39.92302178696916], [-75.20951915192323, 39.92302178696916]]}, "properties": {"confidence": "high"}}, {"type": "Feature", "geometry": {"type": "LineString", "coordinates": [[-75.20829744313683, 39.92302178696916], [-75.20829744313683, 39.923014897722865], [-75.20828845998399, 39.923014897722865], [-75.20828845998399, 39.92302178696916], [-75.20829744313683, 39.92302178696916]]}, "properties": {"confidence": "high"}}, {"type": "Feature", "geometry": {"type": "LineString", "coordinates": [[-75.2105162818886, 39.923014897722865], [-75.2105162818886, 39.92300800847586], [-75.21050729873576, 39.92300800847586], [-75.21050729873576, 39.923014897722865], [-75.2105162818886, 39.923014897722865]]}, "properties": {"confidence": "high"}}, {"type": "Feature", "geometry": {"type": "LineString", "coordinates": [[-75.20951016877038, 39.923014897722865], [-75.20951016877038, 39.92300800847586], [-75.20950118561754, 39.92300800847586], [-75.20950118561754, 39.923014897722865], [-75.20951016877038, 39.923014897722865]]}, "properties": {"confidence": "high"}}, {"type": "Feature", "geometry": {"type": "LineString", "coordinates": [[-75.20828845998399, 39.923014897722865], [-75.20828845998399, 39.923001119228175], [-75.20827947683114, 39.923001119228175], [-75.20827947683114, 39.923014897722865], [-75.20828845998399, 39.923014897722865]]}, "properties": {"confidence": "high"}}, {"type": "Feature", "geometry": {"type": "LineString", "coordinates": [[-75.20950118561754, 39.92300800847586], [-75.20950118561754, 39.923001119228175], [-75.2094922024647, 39.923001119228175], [-75.2094922024647, 39.92300800847586], [-75.20950118561754, 39.92300800847586]]}, "properties": {"confidence": "high"}}, {"type": "Feature", "geometry": {"type": "LineString", "coordinates": [[-75.21050729873576, 39.92300800847586], [-75.21050729873576, 39.92299422997979], [-75.21049831558292, 39.92299422997979], [-75.21049831558292, 39.92300800847586], [-75.21050729873576, 39.92300800847586]]}, "properties": {"confidence": "high"}}, {"type": "Feature", "geometry": {"type": "LineString", "coordinates": [[-75.2094922024647, 39.923001119228175], [-75.2094922024647, 39.92299422997979], [-75.20948321931186, 39.92299422997979], [-75.20948321931186, 39.923001119228175], [-75.2094922024647, 39.923001119228175]]}, "properties": {"confidence": "high"}}, {"type": "Feature", "geometry": {"type": "LineString", "coordinates": [[-75.20827947683114, 39.923001119228175], [-75.20827947683114, 39.92298734073073], [-75.2082704936783, 39.92298734073073], [-75.2082704936783, 39.923001119228175], [-75.20827947683114, 39.923001119228175]]}, "properties": {"confidence": "high"}}, {"type": "Feature", "geometry": {"type": "LineString", "coordinates": [[-75.20948321931186, 39.92299422997979], [-75.20948321931186, 39.92298734073073], [-75.20947423615902, 39.92298734073073], [-75.20947423615902, 39.92299422997979], [-75.20948321931186, 39.92299422997979]]}, "properties": {"confidence": "high"}}, {"type": "Feature", "geometry": {"type": "LineString", "coordinates": [[-75.21049831558292, 39.92299422997979], [-75.21049831558292, 39.92298045148096], [-75.21048933243007, 39.92298045148096], [-75.21048933243007, 39.92299422997979], [-75.21049831558292, 39.92299422997979]]}, "properties": {"confidence": "high"}}, {"type": "Feature", "geometry": {"type": "LineString", "coordinates": [[-75.20947423615902, 39.92298734073073], [-75.20947423615902, 39.92298045148096], [-75.20946525300617, 39.92298045148096], [-75.20946525300617, 39.92298734073073], [-75.20947423615902, 39.92298734073073]]}, "properties": {"confidence": "high"}}, {"type": "Feature", "geometry": {"type": "LineString", "coordinates": [[-75.2082704936783, 39.92298734073073], [-75.2082704936783, 39.92298045148096], [-75.20826151052546, 39.92298045148096], [-75.20826151052546, 39.92298734073073], [-75.2082704936783, 39.92298734073073]]}, "properties": {"confidence": "high"}}, {"type": "Feature", "geometry": {"type": "LineString", "coordinates": [[-75.20946525300617, 39.92298045148096], [-75.20946525300617, 39.922973562230496], [-75.20945626985333, 39.922973562230496], [-75.20945626985333, 39.92298045148096], [-75.20946525300617, 39.92298045148096]]}, "properties": {"confidence": "high"}}, {"type": "Feature", "geometry": {"type": "LineString", "coordinates": [[-75.21048933243007, 39.92298045148096], [-75.21048933243007, 39.92296667297934], [-75.21048034927723, 39.92296667297934], [-75.21048034927723, 39.92298045148096], [-75.21048933243007, 39.92298045148096]]}, "properties": {"confidence": "high"}}, {"type": "Feature", "geometry": {"type": "LineString", "coordinates": [[-75.20826151052546, 39.92298045148096], [-75.20826151052546, 39.92296667297934], [-75.20825252737262, 39.92296667297934], [-75.20825252737262, 39.92298045148096], [-75.20826151052546, 39.92298045148096]]}, "properties": {"confidence": "high"}}, {"type": "Feature", "geometry": {"type": "LineString", "coordinates": [[-75.20945626985333, 39.922973562230496], [-75.20945626985333, 39.92296667297934], [-75.2094472867005, 39.92296667297934], [-75.2094472867005, 39.922973562230496], [-75.20945626985333, 39.922973562230496]]}, "properties": {"confidence": "high"}}, {"type": "Feature", "geometry": {"type": "LineString", "coordinates": [[-75.2094472867005, 39.92296667297934], [-75.2094472867005, 39.92295978372749], [-75.20943830354766, 39.92295978372749], [-75.20943830354766, 39.92296667297934], [-75.2094472867005, 39.92296667297934]]}, "properties": {"confidence": "high"}}, {"type": "Feature", "geometry": {"type": "LineString", "coordinates": [[-75.20825252737262, 39.92296667297934], [-75.20825252737262, 39.92295978372749], [-75.20824354421978, 39.92295978372749], [-75.20824354421978, 39.92296667297934], [-75.20825252737262, 39.92296667297934]]}, "properties": {"confidence": "high"}}, {"type": "Feature", "geometry": {"type": "LineString", "coordinates": [[-75.21048034927723, 39.92296667297934], [-75.21048034927723, 39.92295289447496], [-75.2104713661244, 39.92295289447496], [-75.2104713661244, 39.92296667297934], [-75.21048034927723, 39.92296667297934]]}, "properties": {"confidence": "high"}}, {"type": "Feature", "geometry": {"type": "LineString", "coordinates": [[-75.20943830354766, 39.92295978372749], [-75.20943830354766, 39.92295289447496], [-75.20942932039482, 39.92295289447496], [-75.20942932039482, 39.92295978372749], [-75.20943830354766, 39.92295978372749]]}, "properties": {"confidence": "high"}}, {"type": "Feature", "geometry": {"type": "LineString", "coordinates": [[-75.20824354421978, 39.92295978372749], [-75.20824354421978, 39.92295289447496], [-75.20823456106693, 39.92295289447496], [-75.20823456106693, 39.92295978372749], [-75.20824354421978, 39.92295978372749]]}, "properties": {"confidence": "high"}}, {"type": "Feature", "geometry": {"type": "LineString", "coordinates": [[-75.2104713661244, 39.92295289447496], [-75.2104713661244, 39.922946005221725], [-75.21046238297156, 39.922946005221725], [-75.21046238297156, 39.92295289447496], [-75.2104713661244, 39.92295289447496]]}, "properties": {"confidence": "high"}}, {"type": "Feature", "geometry": {"type": "LineString", "coordinates": [[-75.20942932039482, 39.92295289447496], [-75.20942932039482, 39.922946005221725], [-75.20942033724198, 39.922946005221725], [-75.20942033724198, 39.92295289447496], [-75.20942932039482, 39.92295289447496]]}, "properties": {"confidence": "high"}}, {"type": "Feature", "geometry": {"type": "LineString", "coordinates": [[-75.20823456106693, 39.92295289447496], [-75.20823456106693, 39.9229391159678], [-75.20822557791409, 39.9229391159678], [-75.20822557791409, 39.92295289447496], [-75.20823456106693, 39.92295289447496]]}, "properties": {"confidence": "high"}}, {"type": "Feature", "geometry": {"type": "LineString", "coordinates": [[-75.20942033724198, 39.922946005221725], [-75.20942033724198, 39.9229391159678], [-75.20941135408913, 39.9229391159678], [-75.20941135408913, 39.922946005221725], [-75.20942033724198, 39.922946005221725]]}, "properties": {"confidence": "high"}}, {"type": "Feature", "geometry": {"type": "LineString", "coordinates": [[-75.21046238297156, 39.922946005221725], [-75.21046238297156, 39.922932226713186], [-75.21045339981872, 39.922932226713186], [-75.21045339981872, 39.922946005221725], [-75.21046238297156, 39.922946005221725]]}, "properties": {"confidence": "high"}}, {"type": "Feature", "geometry": {"type": "LineString", "coordinates": [[-75.20941135408913, 39.9229391159678], [-75.20941135408913, 39.922932226713186], [-75.20940237093629, 39.922932226713186], [-75.20940237093629, 39.9229391159678], [-75.20941135408913, 39.9229391159678]]}, "properties": {"confidence": "high"}}, {"type": "Feature", "geometry": {"type": "LineString", "coordinates": [[-75.20822557791409, 39.9229391159678], [-75.20822557791409, 39.922932226713186], [-75.20821659476125, 39.922932226713186], [-75.20821659476125, 39.9229391159678], [-75.20822557791409, 39.9229391159678]]}, "properties": {"confidence": "high"}}, {"type": "Feature", "geometry": {"type": "LineString", "coordinates": [[-75.20940237093629, 39.922932226713186], [-75.20940237093629, 39.92292533745787], [-75.20939338778345, 39.92292533745787], [-75.20939338778345, 39.922932226713186], [-75.20940237093629, 39.922932226713186]]}, "properties": {"confidence": "high"}}, {"type": "Feature", "geometry": {"type": "LineString", "coordinates": [[-75.20821659476125, 39.922932226713186], [-75.20821659476125, 39.92292533745787], [-75.20820761160842, 39.92292533745787], [-75.20820761160842, 39.922932226713186], [-75.20821659476125, 39.922932226713186]]}, "properties": {"confidence": "high"}}, {"type": "Feature", "geometry": {"type": "LineString", "coordinates": [[-75.21045339981872, 39.922932226713186], [-75.21045339981872, 39.92291844820187], [-75.21044441666588, 39.92291844820187], [-75.21044441666588, 39.922932226713186], [-75.21045339981872, 39.922932226713186]]}, "properties": {"confidence": "high"}}, {"type": "Feature", "geometry": {"type": "LineString", "coordinates": [[-75.20939338778345, 39.92292533745787], [-75.20939338778345, 39.92291844820187], [-75.20938440463061, 39.92291844820187], [-75.20938440463061, 39.92292533745787], [-75.20939338778345, 39.92292533745787]]}, "properties": {"confidence": "high"}}, {"type": "Feature", "geometry": {"type": "LineString", "coordinates": [[-75.20820761160842, 39.92292533745787], [-75.20820761160842, 39.92291844820187], [-75.20819862845558, 39.92291844820187], [-75.20819862845558, 39.92292533745787], [-75.20820761160842, 39.92292533745787]]}, "properties": {"confidence": "high"}}, {"type": "Feature", "geometry": {"type": "LineString", "coordinates": [[-75.20938440463061, 39.92291844820187], [-75.20938440463061, 39.92291155894517], [-75.20937542147777, 39.92291155894517], [-75.20937542147777, 39.92291844820187], [-75.20938440463061, 39.92291844820187]]}, "properties": {"confidence": "high"}}, {"type": "Feature", "geometry": {"type": "LineString", "coordinates": [[-75.21044441666588, 39.92291844820187], [-75.21044441666588, 39.92290466968777], [-75.21043543351303, 39.92290466968777], [-75.21043543351303, 39.92291844820187], [-75.21044441666588, 39.92291844820187]]}, "properties": {"confidence": "high"}}, {"type": "Feature", "geometry": {"type": "LineString", "coordinates": [[-75.20819862845558, 39.92291844820187], [-75.20819862845558, 39.92290466968777], [-75.20818964530274, 39.92290466968777], [-75.20818964530274, 39.92291844820187], [-75.20819862845558, 39.92291844820187]]}, "properties": {"confidence": "high"}}, {"type": "Feature", "geometry": {"type": "LineString", "coordinates": [[-75.20937542147777, 39.92291155894517], [-75.20937542147777, 39.92290466968777], [-75.20936643832493, 39.92290466968777], [-75.20936643832493, 39.92291155894517], [-75.20937542147777, 39.92291155894517]]}, "properties": {"confidence": "high"}}, {"type": "Feature", "geometry": {"type": "LineString", "coordinates": [[-75.21043543351303, 39.92290466968777], [-75.21043543351303, 39.922897780429686], [-75.21042645036019, 39.922897780429686], [-75.21042645036019, 39.92290466968777], [-75.21043543351303, 39.92290466968777]]}, "properties": {"confidence": "high"}}, {"type": "Feature", "geometry": {"type": "LineString", "coordinates": [[-75.20936643832493, 39.92290466968777], [-75.20936643832493, 39.922897780429686], [-75.20935745517208, 39.922897780429686], [-75.20935745517208, 39.92290466968777], [-75.20936643832493, 39.92290466968777]]}, "properties": {"confidence": "high"}}, {"type": "Feature", "geometry": {"type": "LineString", "coordinates": [[-75.20818964530274, 39.92290466968777], [-75.20818964530274, 39.922897780429686], [-75.20818066214989, 39.922897780429686], [-75.20818066214989, 39.92290466968777], [-75.20818964530274, 39.92290466968777]]}, "properties": {"confidence": "high"}}, {"type": "Feature", "geometry": {"type": "LineString", "coordinates": [[-75.20935745517208, 39.922897780429686], [-75.20935745517208, 39.92289089117091], [-75.2093394888664, 39.92289089117091], [-75.2093394888664, 39.922897780429686], [-75.20935745517208, 39.922897780429686]]}, "properties": {"confidence": "high"}}, {"type": "Feature", "geometry": {"type": "LineString", "coordinates": [[-75.21042645036019, 39.922897780429686], [-75.21042645036019, 39.922884001911434], [-75.21041746720735, 39.922884001911434], [-75.21041746720735, 39.922897780429686], [-75.21042645036019, 39.922897780429686]]}, "properties": {"confidence": "high"}}, {"type": "Feature", "geometry": {"type": "LineString", "coordinates": [[-75.20818066214989, 39.922897780429686], [-75.20818066214989, 39.922884001911434], [-75.20817167899705, 39.922884001911434], [-75.20817167899705, 39.922897780429686], [-75.20818066214989, 39.922897780429686]]}, "properties": {"confidence": "high"}}, {"type": "Feature", "geometry": {"type": "LineString", "coordinates": [[-75.2093394888664, 39.92289089117091], [-75.2093394888664, 39.922884001911434], [-75.20933050571357, 39.922884001911434], [-75.20933050571357, 39.92289089117091], [-75.2093394888664, 39.92289089117091]]}, "properties": {"confidence": "high"}}, {"type": "Feature", "geometry": {"type": "LineString", "coordinates": [[-75.20933050571357, 39.922884001911434], [-75.20933050571357, 39.92287711265127], [-75.20932152256073, 39.92287711265127], [-75.20932152256073, 39.922884001911434], [-75.20933050571357, 39.922884001911434]]}, "properties": {"confidence": "high"}}, {"type": "Feature", "geometry": {"type": "LineString", "coordinates": [[-75.20817167899705, 39.922884001911434], [-75.20817167899705, 39.92287711265127], [-75.20816269584421, 39.92287711265127], [-75.20816269584421, 39.922884001911434], [-75.20817167899705, 39.922884001911434]]}, "properties": {"confidence": "high"}}, {"type": "Feature", "geometry": {"type": "LineString", "coordinates": [[-75.21041746720735, 39.922884001911434], [-75.21041746720735, 39.92287022339041], [-75.21040848405451, 39.92287022339041], [-75.21040848405451, 39.922884001911434], [-75.21041746720735, 39.922884001911434]]}, "properties": {"confidence": "high"}}, {"type": "Feature", "geometry": {"type": "LineString", "coordinates": [[-75.20932152256073, 39.92287711265127], [-75.20932152256073, 39.92287022339041], [-75.20930355625504, 39.92287022339041], [-75.20930355625504, 39.92287711265127], [-75.20932152256073, 39.92287711265127]]}, "properties": {"confidence": "high"}}, {"type": "Feature", "geometry": {"type": "LineString", "coordinates": [[-75.20816269584421, 39.92287711265127], [-75.20816269584421, 39.92286333412886], [-75.20815371269137, 39.92286333412886], [-75.20815371269137, 39.92287711265127], [-75.20816269584421, 39.92287711265127]]}, "properties": {"confidence": "high"}}, {"type": "Feature", "geometry": {"type": "LineString", "coordinates": [[-75.20930355625504, 39.92287022339041], [-75.20930355625504, 39.92286333412886], [-75.2092945731022, 39.92286333412886], [-75.2092945731022, 39.92287022339041], [-75.20930355625504, 39.92287022339041]]}, "properties": {"confidence": "high"}}, {"type": "Feature", "geometry": {"type": "LineString", "coordinates": [[-75.21040848405451, 39.92287022339041], [-75.21040848405451, 39.92285644486662], [-75.21039950090167, 39.92285644486662], [-75.21039950090167, 39.92287022339041], [-75.21040848405451, 39.92287022339041]]}, "properties": {"confidence": "high"}}, {"type": "Feature", "geometry": {"type": "LineString", "coordinates": [[-75.2092945731022, 39.92286333412886], [-75.2092945731022, 39.92285644486662], [-75.20928558994936, 39.92285644486662], [-75.20928558994936, 39.92286333412886], [-75.2092945731022, 39.92286333412886]]}, "properties": {"confidence": "high"}}, {"type": "Feature", "geometry": {"type": "LineString", "coordinates": [[-75.20815371269137, 39.92286333412886], [-75.20815371269137, 39.92285644486662], [-75.20814472953853, 39.92285644486662], [-75.20814472953853, 39.92286333412886], [-75.20815371269137, 39.92286333412886]]}, "properties": {"confidence": "high"}}, {"type": "Feature", "geometry": {"type": "LineString", "coordinates": [[-75.20928558994936, 39.92285644486662], [-75.20928558994936, 39.922849555603676], [-75.20926762364368, 39.922849555603676], [-75.20926762364368, 39.92285644486662], [-75.20928558994936, 39.92285644486662]]}, "properties": {"confidence": "high"}}, {"type": "Feature", "geometry": {"type": "LineString", "coordinates": [[-75.21039950090167, 39.92285644486662], [-75.21039950090167, 39.922842666340046], [-75.21039051774882, 39.922842666340046], [-75.21039051774882, 39.92285644486662], [-75.21039950090167, 39.92285644486662]]}, "properties": {"confidence": "high"}}, {"type": "Feature", "geometry": {"type": "LineString", "coordinates": [[-75.20926762364368, 39.922849555603676], [-75.20926762364368, 39.922842666340046], [-75.20925864049083, 39.922842666340046], [-75.20925864049083, 39.922849555603676], [-75.20926762364368, 39.922849555603676]]}, "properties": {"confidence": "high"}}, {"type": "Feature", "geometry": {"type": "LineString", "coordinates": [[-75.20925864049083, 39.922842666340046], [-75.20925864049083, 39.922835777075726], [-75.20924067418515, 39.922835777075726], [-75.20924067418515, 39.922842666340046], [-75.20925864049083, 39.922842666340046]]}, "properties": {"confidence": "high"}}, {"type": "Feature", "geometry": {"type": "LineString", "coordinates": [[-75.20814472953853, 39.92285644486662], [-75.20814472953853, 39.92282888781071], [-75.2081357463857, 39.92282888781071], [-75.2081357463857, 39.92285644486662], [-75.20814472953853, 39.92285644486662]]}, "properties": {"confidence": "high"}}, {"type": "Feature", "geometry": {"type": "LineString", "coordinates": [[-75.21039051774882, 39.922842666340046], [-75.21039051774882, 39.92282888781071], [-75.21038153459598, 39.92282888781071], [-75.21038153459598, 39.922842666340046], [-75.21039051774882, 39.922842666340046]]}, "properties": {"confidence": "high"}}, {"type": "Feature", "geometry": {"type": "LineString", "coordinates": [[-75.20924067418515, 39.922835777075726], [-75.20924067418515, 39.92282888781071], [-75.20923169103231, 39.92282888781071], [-75.20923169103231, 39.922835777075726], [-75.20924067418515, 39.922835777075726]]}, "properties": {"confidence": "high"}}, {"type": "Feature", "geometry": {"type": "LineString", "coordinates": [[-75.21038153459598, 39.92282888781071], [-75.21038153459598, 39.922821998545], [-75.21037255144314, 39.922821998545], [-75.21037255144314, 39.92282888781071], [-75.21038153459598, 39.92282888781071]]}, "properties": {"confidence": "high"}}, {"type": "Feature", "geometry": {"type": "LineString", "coordinates": [[-75.20923169103231, 39.92282888781071], [-75.20923169103231, 39.922821998545], [-75.20922270787948, 39.922821998545], [-75.20922270787948, 39.92282888781071], [-75.20923169103231, 39.92282888781071]]}, "properties": {"confidence": "high"}}, {"type": "Feature", "geometry": {"type": "LineString", "coordinates": [[-75.21037255144314, 39.922821998545], [-75.21037255144314, 39.922815109278595], [-75.2103635682903, 39.922815109278595], [-75.2103635682903, 39.922821998545], [-75.21037255144314, 39.922821998545]]}, "properties": {"confidence": "high"}}, {"type": "Feature", "geometry": {"type": "LineString", "coordinates": [[-75.20922270787948, 39.922821998545], [-75.20922270787948, 39.922815109278595], [-75.20921372472664, 39.922815109278595], [-75.20921372472664, 39.922821998545], [-75.20922270787948, 39.922821998545]]}, "properties": {"confidence": "high"}}, {"type": "Feature", "geometry": {"type": "LineString", "coordinates": [[-75.20921372472664, 39.922815109278595], [-75.20921372472664, 39.9228082200115], [-75.20919575842095, 39.9228082200115], [-75.20919575842095, 39.922815109278595], [-75.20921372472664, 39.922815109278595]]}, "properties": {"confidence": "high"}}, {"type": "Feature", "geometry": {"type": "LineString", "coordinates": [[-75.2081357463857, 39.92282888781071], [-75.2081357463857, 39.92280133074371], [-75.20812676323284, 39.92280133074371], [-75.20812676323284, 39.92282888781071], [-75.2081357463857, 39.92282888781071]]}, "properties": {"confidence": "high"}}, {"type": "Feature", "geometry": {"type": "LineString", "coordinates": [[-75.2103635682903, 39.922815109278595], [-75.2103635682903, 39.92280133074371], [-75.21035458513747, 39.92280133074371], [-75.21035458513747, 39.922815109278595], [-75.2103635682903, 39.922815109278595]]}, "properties": {"confidence": "high"}}, {"type": "Feature", "geometry": {"type": "LineString", "coordinates": [[-75.20707573435043, 39.922815109278595], [-75.20707573435043, 39.92280133074371], [-75.20706675119759, 39.92280133074371], [-75.20706675119759, 39.922815109278595], [-75.20707573435043, 39.922815109278595]]}, "properties": {"confidence": "high"}}, {"type": "Feature", "geometry": {"type": "LineString", "coordinates": [[-75.20919575842095, 39.9228082200115], [-75.20919575842095, 39.92280133074371], [-75.20918677526811, 39.92280133074371], [-75.20918677526811, 39.9228082200115], [-75.20919575842095, 39.9228082200115]]}, "properties": {"confidence": "high"}}, {"type": "Feature", "geometry": {"type": "LineString", "coordinates": [[-75.21035458513747, 39.92280133074371], [-75.21035458513747, 39.922794441475226], [-75.21034560198463, 39.922794441475226], [-75.21034560198463, 39.92280133074371], [-75.21035458513747, 39.92280133074371]]}, "properties": {"confidence": "high"}}, {"type": "Feature", "geometry": {"type": "LineString", "coordinates": [[-75.20918677526811, 39.92280133074371], [-75.20918677526811, 39.922794441475226], [-75.20916880896243, 39.922794441475226], [-75.20916880896243, 39.92280133074371], [-75.20918677526811, 39.92280133074371]]}, "properties": {"confidence": "high"}}, {"type": "Feature", "geometry": {"type": "LineString", "coordinates": [[-75.21034560198463, 39.922794441475226], [-75.21034560198463, 39.922787552206046], [-75.21033661883178, 39.922787552206046], [-75.21033661883178, 39.922794441475226], [-75.21034560198463, 39.922794441475226]]}, "properties": {"confidence": "high"}}, {"type": "Feature", "geometry": {"type": "LineString", "coordinates": [[-75.20916880896243, 39.922794441475226], [-75.20916880896243, 39.922787552206046], [-75.20915982580958, 39.922787552206046], [-75.20915982580958, 39.922794441475226], [-75.20916880896243, 39.922794441475226]]}, "properties": {"confidence": "high"}}, {"type": "Feature", "geometry": {"type": "LineString", "coordinates": [[-75.20812676323284, 39.92280133074371], [-75.20812676323284, 39.922780662936184], [-75.20811778008, 39.922780662936184], [-75.20811778008, 39.92280133074371], [-75.20812676323284, 39.92280133074371]]}, "properties": {"confidence": "high"}}, {"type": "Feature", "geometry": {"type": "LineString", "coordinates": [[-75.21033661883178, 39.922787552206046], [-75.21033661883178, 39.922780662936184], [-75.21032763567894, 39.922780662936184], [-75.21032763567894, 39.922787552206046], [-75.21033661883178, 39.922787552206046]]}, "properties": {"confidence": "high"}}, {"type": "Feature", "geometry": {"type": "LineString", "coordinates": [[-75.20915982580958, 39.922787552206046], [-75.20915982580958, 39.922780662936184], [-75.2091418595039, 39.922780662936184], [-75.2091418595039, 39.922787552206046], [-75.20915982580958, 39.922787552206046]]}, "properties": {"confidence": "high"}}, {"type": "Feature", "geometry": {"type": "LineString", "coordinates": [[-75.21032763567894, 39.922780662936184], [-75.21032763567894, 39.92277377366562], [-75.2103186525261, 39.92277377366562], [-75.2103186525261, 39.922780662936184], [-75.21032763567894, 39.922780662936184]]}, "properties": {"confidence": "high"}}, {"type": "Feature", "geometry": {"type": "LineString", "coordinates": [[-75.2091418595039, 39.922780662936184], [-75.2091418595039, 39.92277377366562], [-75.20912389319821, 39.92277377366562], [-75.20912389319821, 39.922780662936184], [-75.2091418595039, 39.922780662936184]]}, "properties": {"confidence": "high"}}, {"type": "Feature", "geometry": {"type": "LineString", "coordinates": [[-75.20706675119759, 39.92280133074371], [-75.20706675119759, 39.922780662936184], [-75.20707573435043, 39.922780662936184], [-75.20707573435043, 39.92277377366562], [-75.20700386912769, 39.92277377366562], [-75.20700386912769, 39.922780662936184], [-75.20705776804475, 39.922780662936184], [-75.20705776804475, 39.92280133074371], [-75.20706675119759, 39.92280133074371]]}, "properties": {"confidence": "high"}}, {"type": "Feature", "geometry": {"type": "LineString", "coordinates": [[-75.20566537935434, 39.922780662936184], [-75.20566537935434, 39.92277377366562], [-75.20563842989583, 39.92277377366562], [-75.20563842989583, 39.922780662936184], [-75.20566537935434, 39.922780662936184]]}, "properties": {"confidence": "high"}}, {"type": "Feature", "geometry": {"type": "LineString", "coordinates": [[-75.20912389319821, 39.92277377366562], [-75.20912389319821, 39.92276688439436], [-75.20910592689252, 39.92276688439436], [-75.20910592689252, 39.92277377366562], [-75.20912389319821, 39.92277377366562]]}, "properties": {"confidence": "high"}}, {"type": "Feature", "geometry": {"type": "LineString", "coordinates": [[-75.2070937006561, 39.92277377366562], [-75.2070937006561, 39.92276688439436], [-75.20707573435043, 39.92276688439436], [-75.20707573435043, 39.92277377366562], [-75.2070937006561, 39.92277377366562]]}, "properties": {"confidence": "high"}}, {"type": "Feature", "geometry": {"type": "LineString", "coordinates": [[-75.20570131196571, 39.92277377366562], [-75.20570131196571, 39.92276688439436], [-75.20566537935434, 39.92276688439436], [-75.20566537935434, 39.92277377366562], [-75.20570131196571, 39.92277377366562]]}, "properties": {"confidence": "high"}}, {"type": "Feature", "geometry": {"type": "LineString", "coordinates": [[-75.2103186525261, 39.92277377366562], [-75.2103186525261, 39.92275999512241], [-75.21030966937326, 39.92275999512241], [-75.21030966937326, 39.92277377366562], [-75.2103186525261, 39.92277377366562]]}, "properties": {"confidence": "high"}}, {"type": "Feature", "geometry": {"type": "LineString", "coordinates": [[-75.20910592689252, 39.92276688439436], [-75.20910592689252, 39.92275999512241], [-75.20908796058684, 39.92275999512241], [-75.20908796058684, 39.92276688439436], [-75.20910592689252, 39.92276688439436]]}, "properties": {"confidence": "high"}}, {"type": "Feature", "geometry": {"type": "LineString", "coordinates": [[-75.20713861642031, 39.92276688439436], [-75.20713861642031, 39.92275999512241], [-75.2070937006561, 39.92275999512241], [-75.2070937006561, 39.92276688439436], [-75.20713861642031, 39.92276688439436]]}, "properties": {"confidence": "high"}}, {"type": "Feature", "geometry": {"type": "LineString", "coordinates": [[-75.20572826142426, 39.92276688439436], [-75.20572826142426, 39.92275999512241], [-75.20570131196571, 39.92275999512241], [-75.20570131196571, 39.92276688439436], [-75.20572826142426, 39.92276688439436]]}, "properties": {"confidence": "high"}}, {"type": "Feature", "geometry": {"type": "LineString", "coordinates": [[-75.21030966937326, 39.92275999512241], [-75.21030966937326, 39.92275310584977], [-75.21030068622042, 39.92275310584977], [-75.21030068622042, 39.92275999512241], [-75.21030966937326, 39.92275999512241]]}, "properties": {"confidence": "high"}}, {"type": "Feature", "geometry": {"type": "LineString", "coordinates": [[-75.20908796058684, 39.92275999512241], [-75.20908796058684, 39.92275310584977], [-75.20906999428117, 39.92275310584977], [-75.20906999428117, 39.92275999512241], [-75.20908796058684, 39.92275999512241]]}, "properties": {"confidence": "high"}}, {"type": "Feature", "geometry": {"type": "LineString", "coordinates": [[-75.20718353218452, 39.92275999512241], [-75.20718353218452, 39.92275310584977], [-75.20713861642031, 39.92275310584977], [-75.20713861642031, 39.92275999512241], [-75.20718353218452, 39.92275999512241]]}, "properties": {"confidence": "high"}}, {"type": "Feature", "geometry": {"type": "LineString", "coordinates": [[-75.2057372445771, 39.92275999512241], [-75.2057372445771, 39.92275310584977], [-75.20572826142426, 39.92275310584977], [-75.20572826142426, 39.92275999512241], [-75.2057372445771, 39.92275999512241]]}, "properties": {"confidence": "high"}}, {"type": "Feature", "geometry": {"type": "LineString", "coordinates": [[-75.21030068622042, 39.92275310584977], [-75.21030068622042, 39.92274621657644], [-75.21029170306758, 39.92274621657644], [-75.21029170306758, 39.92275310584977], [-75.21030068622042, 39.92275310584977]]}, "properties": {"confidence": "high"}}, {"type": "Feature", "geometry": {"type": "LineString", "coordinates": [[-75.20906999428117, 39.92275310584977], [-75.20906999428117, 39.92274621657644], [-75.20905202797547, 39.92274621657644], [-75.20905202797547, 39.92275310584977], [-75.20906999428117, 39.92275310584977]]}, "properties": {"confidence": "high"}}, {"type": "Feature", "geometry": {"type": "LineString", "coordinates": [[-75.20721946479588, 39.92275310584977], [-75.20721946479588, 39.92274621657644], [-75.20718353218452, 39.92274621657644], [-75.20718353218452, 39.92275310584977], [-75.20721946479588, 39.92275310584977]]}, "properties": {"confidence": "high"}}, {"type": "Feature", "geometry": {"type": "LineString", "coordinates": [[-75.20575521088277, 39.92275310584977], [-75.20575521088277, 39.92274621657644], [-75.2057372445771, 39.92274621657644], [-75.2057372445771, 39.92275310584977], [-75.20575521088277, 39.92275310584977]]}, "properties": {"confidence": "high"}}, {"type": "Feature", "geometry": {"type": "LineString", "coordinates": [[-75.21029170306758, 39.92274621657644], [-75.21029170306758, 39.92273932730241], [-75.21026475360904, 39.92273932730241], [-75.21026475360904, 39.92274621657644], [-75.21029170306758, 39.92274621657644]]}, "properties": {"confidence": "high"}}, {"type": "Feature", "geometry": {"type": "LineString", "coordinates": [[-75.20905202797547, 39.92274621657644], [-75.20905202797547, 39.92273932730241], [-75.20902507851696, 39.92273932730241], [-75.20902507851696, 39.92274621657644], [-75.20905202797547, 39.92274621657644]]}, "properties": {"confidence": "high"}}, {"type": "Feature", "geometry": {"type": "LineString", "coordinates": [[-75.20722844794872, 39.92274621657644], [-75.20722844794872, 39.92273932730241], [-75.20721946479588, 39.92273932730241], [-75.20721946479588, 39.92274621657644], [-75.20722844794872, 39.92274621657644]]}, "properties": {"confidence": "high"}}, {"type": "Feature", "geometry": {"type": "LineString", "coordinates": [[-75.20577317718845, 39.92274621657644], [-75.20577317718845, 39.92273932730241], [-75.20575521088277, 39.92273932730241], [-75.20575521088277, 39.92274621657644], [-75.20577317718845, 39.92274621657644]]}, "properties": {"confidence": "high"}}, {"type": "Feature", "geometry": {"type": "LineString", "coordinates": [[-75.21026475360904, 39.92273932730241], [-75.21026475360904, 39.92273243802769], [-75.21023780415052, 39.92273243802769], [-75.21023780415052, 39.92273932730241], [-75.21026475360904, 39.92273932730241]]}, "properties": {"confidence": "high"}}, {"type": "Feature", "geometry": {"type": "LineString", "coordinates": [[-75.20902507851696, 39.92273932730241], [-75.20902507851696, 39.92273243802769], [-75.20900711221128, 39.92273243802769], [-75.20900711221128, 39.92273932730241], [-75.20902507851696, 39.92273932730241]]}, "properties": {"confidence": "high"}}, {"type": "Feature", "geometry": {"type": "LineString", "coordinates": [[-75.2072464142544, 39.92273932730241], [-75.2072464142544, 39.92273243802769], [-75.20722844794872, 39.92273243802769], [-75.20722844794872, 39.92273932730241], [-75.2072464142544, 39.92273932730241]]}, "properties": {"confidence": "high"}}, {"type": "Feature", "geometry": {"type": "LineString", "coordinates": [[-75.20580910979982, 39.92273932730241], [-75.20580910979982, 39.92273243802769], [-75.20577317718845, 39.92273243802769], [-75.20577317718845, 39.92273932730241], [-75.20580910979982, 39.92273932730241]]}, "properties": {"confidence": "high"}}, {"type": "Feature", "geometry": {"type": "LineString", "coordinates": [[-75.21023780415052, 39.92273243802769], [-75.21023780415052, 39.922725548752275], [-75.21021983784483, 39.922725548752275], [-75.21021983784483, 39.92273243802769], [-75.21023780415052, 39.92273243802769]]}, "properties": {"confidence": "high"}}, {"type": "Feature", "geometry": {"type": "LineString", "coordinates": [[-75.20900711221128, 39.92273243802769], [-75.20900711221128, 39.922725548752275], [-75.20898914590559, 39.922725548752275], [-75.20898914590559, 39.92273243802769], [-75.20900711221128, 39.92273243802769]]}, "properties": {"confidence": "high"}}, {"type": "Feature", "geometry": {"type": "LineString", "coordinates": [[-75.20726438056009, 39.92273243802769], [-75.20726438056009, 39.922725548752275], [-75.2072464142544, 39.922725548752275], [-75.2072464142544, 39.92273243802769], [-75.20726438056009, 39.92273243802769]]}, "properties": {"confidence": "high"}}, {"type": "Feature", "geometry": {"type": "LineString", "coordinates": [[-75.20582707610549, 39.92273243802769], [-75.20582707610549, 39.922725548752275], [-75.20580910979982, 39.922725548752275], [-75.20580910979982, 39.92273243802769], [-75.20582707610549, 39.92273243802769]]}, "properties": {"confidence": "high"}}, {"type": "Feature", "geometry": {"type": "LineString", "coordinates": [[-75.21021983784483, 39.922725548752275], [-75.21021983784483, 39.92271865947616], [-75.21018390523346, 39.92271865947616], [-75.21018390523346, 39.922725548752275], [-75.21021983784483, 39.922725548752275]]}, "properties": {"confidence": "high"}}, {"type": "Feature", "geometry": {"type": "LineString", "coordinates": [[-75.20898914590559, 39.922725548752275], [-75.20898914590559, 39.92271865947616], [-75.20897117959991, 39.92271865947616], [-75.20897117959991, 39.922725548752275], [-75.20898914590559, 39.922725548752275]]}, "properties": {"confidence": "high"}}, {"type": "Feature", "geometry": {"type": "LineString", "coordinates": [[-75.2072913300186, 39.922725548752275], [-75.2072913300186, 39.92271865947616], [-75.20726438056009, 39.92271865947616], [-75.20726438056009, 39.922725548752275], [-75.2072913300186, 39.922725548752275]]}, "properties": {"confidence": "high"}}, {"type": "Feature", "geometry": {"type": "LineString", "coordinates": [[-75.20584504241118, 39.922725548752275], [-75.20584504241118, 39.92271865947616], [-75.20582707610549, 39.92271865947616], [-75.20582707610549, 39.922725548752275], [-75.20584504241118, 39.922725548752275]]}, "properties": {"confidence": "high"}}, {"type": "Feature", "geometry": {"type": "LineString", "coordinates": [[-75.21018390523346, 39.92271865947616], [-75.21018390523346, 39.92271177019937], [-75.21016593892779, 39.92271177019937], [-75.21016593892779, 39.92271865947616], [-75.21018390523346, 39.92271865947616]]}, "properties": {"confidence": "high"}}, {"type": "Feature", "geometry": {"type": "LineString", "coordinates": [[-75.20897117959991, 39.92271865947616], [-75.20897117959991, 39.92271177019937], [-75.20895321329422, 39.92271177019937], [-75.20895321329422, 39.92271865947616], [-75.20897117959991, 39.92271865947616]]}, "properties": {"confidence": "high"}}, {"type": "Feature", "geometry": {"type": "LineString", "coordinates": [[-75.20730929632428, 39.92271865947616], [-75.20730929632428, 39.92271177019937], [-75.2072913300186, 39.92271177019937], [-75.2072913300186, 39.92271865947616], [-75.20730929632428, 39.92271865947616]]}, "properties": {"confidence": "high"}}, {"type": "Feature", "geometry": {"type": "LineString", "coordinates": [[-75.20585402556402, 39.92271865947616], [-75.20585402556402, 39.92271177019937], [-75.20584504241118, 39.92271177019937], [-75.20584504241118, 39.92271865947616], [-75.20585402556402, 39.92271865947616]]}, "properties": {"confidence": "high"}}, {"type": "Feature", "geometry": {"type": "LineString", "coordinates": [[-75.21016593892779, 39.92271177019937], [-75.21016593892779, 39.92270488092187], [-75.21015695577495, 39.92270488092187], [-75.21015695577495, 39.92271177019937], [-75.21016593892779, 39.92271177019937]]}, "properties": {"confidence": "high"}}, {"type": "Feature", "geometry": {"type": "LineString", "coordinates": [[-75.20895321329422, 39.92271177019937], [-75.20895321329422, 39.92270488092187], [-75.20893524698855, 39.92270488092187], [-75.20893524698855, 39.92271177019937], [-75.20895321329422, 39.92271177019937]]}, "properties": {"confidence": "high"}}, {"type": "Feature", "geometry": {"type": "LineString", "coordinates": [[-75.20733624578281, 39.92271177019937], [-75.20733624578281, 39.92270488092187], [-75.20730929632428, 39.92270488092187], [-75.20730929632428, 39.92271177019937], [-75.20733624578281, 39.92271177019937]]}, "properties": {"confidence": "high"}}, {"type": "Feature", "geometry": {"type": "LineString", "coordinates": [[-75.20586300871686, 39.92271177019937], [-75.20586300871686, 39.92270488092187], [-75.20585402556402, 39.92270488092187], [-75.20585402556402, 39.92271177019937], [-75.20586300871686, 39.92271177019937]]}, "properties": {"confidence": "high"}}, {"type": "Feature", "geometry": {"type": "LineString", "coordinates": [[-75.21015695577495, 39.92270488092187], [-75.21015695577495, 39.92269799164368], [-75.21014797262211, 39.92269799164368], [-75.21014797262211, 39.92270488092187], [-75.21015695577495, 39.92270488092187]]}, "properties": {"confidence": "high"}}, {"type": "Feature", "geometry": {"type": "LineString", "coordinates": [[-75.20893524698855, 39.92270488092187], [-75.20893524698855, 39.92269799164368], [-75.20891728068287, 39.92269799164368], [-75.20891728068287, 39.92270488092187], [-75.20893524698855, 39.92270488092187]]}, "properties": {"confidence": "high"}}, {"type": "Feature", "geometry": {"type": "LineString", "coordinates": [[-75.20735421208849, 39.92270488092187], [-75.20735421208849, 39.92269799164368], [-75.20733624578281, 39.92269799164368], [-75.20733624578281, 39.92270488092187], [-75.20735421208849, 39.92270488092187]]}, "properties": {"confidence": "high"}}, {"type": "Feature", "geometry": {"type": "LineString", "coordinates": [[-75.2058719918697, 39.92270488092187], [-75.2058719918697, 39.92269799164368], [-75.20586300871686, 39.92269799164368], [-75.20586300871686, 39.92270488092187], [-75.2058719918697, 39.92270488092187]]}, "properties": {"confidence": "high"}}, {"type": "Feature", "geometry": {"type": "LineString", "coordinates": [[-75.21014797262211, 39.92269799164368], [-75.21014797262211, 39.9226911023648], [-75.21013898946927, 39.9226911023648], [-75.21013898946927, 39.92269799164368], [-75.21014797262211, 39.92269799164368]]}, "properties": {"confidence": "high"}}, {"type": "Feature", "geometry": {"type": "LineString", "coordinates": [[-75.20891728068287, 39.92269799164368], [-75.20891728068287, 39.9226911023648], [-75.20889931437718, 39.9226911023648], [-75.20889931437718, 39.92269799164368], [-75.20891728068287, 39.92269799164368]]}, "properties": {"confidence": "high"}}, {"type": "Feature", "geometry": {"type": "LineString", "coordinates": [[-75.20737217839418, 39.92269799164368], [-75.20737217839418, 39.9226911023648], [-75.20735421208849, 39.9226911023648], [-75.20735421208849, 39.92269799164368], [-75.20737217839418, 39.92269799164368]]}, "properties": {"confidence": "high"}}, {"type": "Feature", "geometry": {"type": "LineString", "coordinates": [[-75.20588995817539, 39.92269799164368], [-75.20588995817539, 39.9226911023648], [-75.2058719918697, 39.9226911023648], [-75.2058719918697, 39.92269799164368], [-75.20588995817539, 39.92269799164368]]}, "properties": {"confidence": "high"}}, {"type": "Feature", "geometry": {"type": "LineString", "coordinates": [[-75.21013898946927, 39.9226911023648], [-75.21013898946927, 39.92268421308523], [-75.21013000631642, 39.92268421308523], [-75.21013000631642, 39.9226911023648], [-75.21013898946927, 39.9226911023648]]}, "properties": {"confidence": "high"}}, {"type": "Feature", "geometry": {"type": "LineString", "coordinates": [[-75.20889931437718, 39.9226911023648], [-75.20889931437718, 39.92268421308523], [-75.2088813480715, 39.92268421308523], [-75.2088813480715, 39.9226911023648], [-75.20889931437718, 39.9226911023648]]}, "properties": {"confidence": "high"}}, {"type": "Feature", "geometry": {"type": "LineString", "coordinates": [[-75.2073991278527, 39.9226911023648], [-75.2073991278527, 39.92268421308523], [-75.20737217839418, 39.92268421308523], [-75.20737217839418, 39.9226911023648], [-75.2073991278527, 39.9226911023648]]}, "properties": {"confidence": "high"}}, {"type": "Feature", "geometry": {"type": "LineString", "coordinates": [[-75.20590792448107, 39.9226911023648], [-75.20590792448107, 39.92268421308523], [-75.20588995817539, 39.92268421308523], [-75.20588995817539, 39.9226911023648], [-75.20590792448107, 39.9226911023648]]}, "properties": {"confidence": "high"}}, {"type": "Feature", "geometry": {"type": "LineString", "coordinates": [[-75.21013000631642, 39.92268421308523], [-75.21013000631642, 39.92267732380496], [-75.21012102316358, 39.92267732380496], [-75.21012102316358, 39.92268421308523], [-75.21013000631642, 39.92268421308523]]}, "properties": {"confidence": "high"}}, {"type": "Feature", "geometry": {"type": "LineString", "coordinates": [[-75.2088813480715, 39.92268421308523], [-75.2088813480715, 39.92267732380496], [-75.20885439861298, 39.92267732380496], [-75.20885439861298, 39.92268421308523], [-75.2088813480715, 39.92268421308523]]}, "properties": {"confidence": "high"}}, {"type": "Feature", "geometry": {"type": "LineString", "coordinates": [[-75.20741709415839, 39.92268421308523], [-75.20741709415839, 39.92267732380496], [-75.2073991278527, 39.92267732380496], [-75.2073991278527, 39.92268421308523], [-75.20741709415839, 39.92268421308523]]}, "properties": {"confidence": "high"}}, {"type": "Feature", "geometry": {"type": "LineString", "coordinates": [[-75.20592589078674, 39.92268421308523], [-75.20592589078674, 39.92267732380496], [-75.20590792448107, 39.92267732380496], [-75.20590792448107, 39.92268421308523], [-75.20592589078674, 39.92268421308523]]}, "properties": {"confidence": "high"}}, {"type": "Feature", "geometry": {"type": "LineString", "coordinates": [[-75.21012102316358, 39.92267732380496], [-75.21012102316358, 39.922670434524], [-75.21011204001074, 39.922670434524], [-75.21011204001074, 39.92267732380496], [-75.21012102316358, 39.92267732380496]]}, "properties": {"confidence": "high"}}, {"type": "Feature", "geometry": {"type": "LineString", "coordinates": [[-75.20885439861298, 39.92267732380496], [-75.20885439861298, 39.922670434524], [-75.2088364323073, 39.922670434524], [-75.2088364323073, 39.92267732380496], [-75.20885439861298, 39.92267732380496]]}, "properties": {"confidence": "high"}}, {"type": "Feature", "geometry": {"type": "LineString", "coordinates": [[-75.20744404361692, 39.92267732380496], [-75.20744404361692, 39.922670434524], [-75.20741709415839, 39.922670434524], [-75.20741709415839, 39.92267732380496], [-75.20744404361692, 39.92267732380496]]}, "properties": {"confidence": "high"}}, {"type": "Feature", "geometry": {"type": "LineString", "coordinates": [[-75.20594385709244, 39.92267732380496], [-75.20594385709244, 39.922670434524], [-75.20592589078674, 39.922670434524], [-75.20592589078674, 39.92267732380496], [-75.20594385709244, 39.92267732380496]]}, "properties": {"confidence": "high"}}, {"type": "Feature", "geometry": {"type": "LineString", "coordinates": [[-75.21011204001074, 39.922670434524], [-75.21011204001074, 39.922663545242344], [-75.2101030568579, 39.922663545242344], [-75.2101030568579, 39.922670434524], [-75.21011204001074, 39.922670434524]]}, "properties": {"confidence": "high"}}, {"type": "Feature", "geometry": {"type": "LineString", "coordinates": [[-75.2088364323073, 39.922670434524], [-75.2088364323073, 39.922663545242344], [-75.20881846600162, 39.922663545242344], [-75.20881846600162, 39.922670434524], [-75.2088364323073, 39.922670434524]]}, "properties": {"confidence": "high"}}, {"type": "Feature", "geometry": {"type": "LineString", "coordinates": [[-75.2074620099226, 39.922670434524], [-75.2074620099226, 39.922663545242344], [-75.20744404361692, 39.922663545242344], [-75.20744404361692, 39.922670434524], [-75.2074620099226, 39.922670434524]]}, "properties": {"confidence": "high"}}, {"type": "Feature", "geometry": {"type": "LineString", "coordinates": [[-75.20596182339811, 39.922670434524], [-75.20596182339811, 39.922663545242344], [-75.20594385709244, 39.922663545242344], [-75.20594385709244, 39.922670434524], [-75.20596182339811, 39.922670434524]]}, "properties": {"confidence": "high"}}, {"type": "Feature", "geometry": {"type": "LineString", "coordinates": [[-75.2101030568579, 39.922663545242344], [-75.2101030568579, 39.92265665595999], [-75.21009407370506, 39.92265665595999], [-75.21009407370506, 39.922663545242344], [-75.2101030568579, 39.922663545242344]]}, "properties": {"confidence": "high"}}, {"type": "Feature", "geometry": {"type": "LineString", "coordinates": [[-75.20881846600162, 39.922663545242344], [-75.20881846600162, 39.92265665595999], [-75.20879151654309, 39.92265665595999], [-75.20879151654309, 39.922663545242344], [-75.20881846600162, 39.922663545242344]]}, "properties": {"confidence": "high"}}, {"type": "Feature", "geometry": {"type": "LineString", "coordinates": [[-75.20748895938112, 39.922663545242344], [-75.20748895938112, 39.92265665595999], [-75.2074620099226, 39.92265665595999], [-75.2074620099226, 39.922663545242344], [-75.20748895938112, 39.922663545242344]]}, "properties": {"confidence": "high"}}, {"type": "Feature", "geometry": {"type": "LineString", "coordinates": [[-75.2059797897038, 39.922663545242344], [-75.2059797897038, 39.92265665595999], [-75.20596182339811, 39.92265665595999], [-75.20596182339811, 39.922663545242344], [-75.2059797897038, 39.922663545242344]]}, "properties": {"confidence": "high"}}, {"type": "Feature", "geometry": {"type": "LineString", "coordinates": [[-75.21009407370506, 39.92265665595999], [-75.21009407370506, 39.922649766676955], [-75.21008509055223, 39.922649766676955], [-75.21008509055223, 39.92265665595999], [-75.21009407370506, 39.92265665595999]]}, "properties": {"confidence": "high"}}, {"type": "Feature", "geometry": {"type": "LineString", "coordinates": [[-75.20879151654309, 39.92265665595999], [-75.20879151654309, 39.922649766676955], [-75.20877355023741, 39.922649766676955], [-75.20877355023741, 39.92265665595999], [-75.20879151654309, 39.92265665595999]]}, "properties": {"confidence": "high"}}, {"type": "Feature", "geometry": {"type": "LineString", "coordinates": [[-75.20751590883964, 39.92265665595999], [-75.20751590883964, 39.922649766676955], [-75.20748895938112, 39.922649766676955], [-75.20748895938112, 39.92265665595999], [-75.20751590883964, 39.92265665595999]]}, "properties": {"confidence": "high"}}, {"type": "Feature", "geometry": {"type": "LineString", "coordinates": [[-75.20599775600948, 39.92265665595999], [-75.20599775600948, 39.922649766676955], [-75.2059797897038, 39.922649766676955], [-75.2059797897038, 39.92265665595999], [-75.20599775600948, 39.92265665595999]]}, "properties": {"confidence": "high"}}, {"type": "Feature", "geometry": {"type": "LineString", "coordinates": [[-75.21008509055223, 39.922649766676955], [-75.21008509055223, 39.92264287739322], [-75.21007610739937, 39.92264287739322], [-75.21007610739937, 39.922649766676955], [-75.21008509055223, 39.922649766676955]]}, "properties": {"confidence": "high"}}, {"type": "Feature", "geometry": {"type": "LineString", "coordinates": [[-75.20877355023741, 39.922649766676955], [-75.20877355023741, 39.92264287739322], [-75.20874660077888, 39.92264287739322], [-75.20874660077888, 39.922649766676955], [-75.20877355023741, 39.922649766676955]]}, "properties": {"confidence": "high"}}, {"type": "Feature", "geometry": {"type": "LineString", "coordinates": [[-75.20754285829817, 39.922649766676955], [-75.20754285829817, 39.92264287739322], [-75.20751590883964, 39.92264287739322], [-75.20751590883964, 39.922649766676955], [-75.20754285829817, 39.922649766676955]]}, "properties": {"confidence": "high"}}, {"type": "Feature", "geometry": {"type": "LineString", "coordinates": [[-75.20600673916232, 39.922649766676955], [-75.20600673916232, 39.92264287739322], [-75.20599775600948, 39.92264287739322], [-75.20599775600948, 39.922649766676955], [-75.20600673916232, 39.922649766676955]]}, "properties": {"confidence": "high"}}, {"type": "Feature", "geometry": {"type": "LineString", "coordinates": [[-75.21007610739937, 39.92264287739322], [-75.21007610739937, 39.922635988108794], [-75.21006712424654, 39.922635988108794], [-75.21006712424654, 39.92264287739322], [-75.21007610739937, 39.92264287739322]]}, "properties": {"confidence": "high"}}, {"type": "Feature", "geometry": {"type": "LineString", "coordinates": [[-75.20874660077888, 39.92264287739322], [-75.20874660077888, 39.922635988108794], [-75.20871066816753, 39.922635988108794], [-75.20871066816753, 39.92264287739322], [-75.20874660077888, 39.92264287739322]]}, "properties": {"confidence": "high"}}, {"type": "Feature", "geometry": {"type": "LineString", "coordinates": [[-75.20757879090954, 39.92264287739322], [-75.20757879090954, 39.922635988108794], [-75.20754285829817, 39.922635988108794], [-75.20754285829817, 39.92264287739322], [-75.20757879090954, 39.92264287739322]]}, "properties": {"confidence": "high"}}, {"type": "Feature", "geometry": {"type": "LineString", "coordinates": [[-75.206024705468, 39.92264287739322], [-75.206024705468, 39.922635988108794], [-75.20600673916232, 39.922635988108794], [-75.20600673916232, 39.92264287739322], [-75.206024705468, 39.92264287739322]]}, "properties": {"confidence": "high"}}, {"type": "Feature", "geometry": {"type": "LineString", "coordinates": [[-75.20871066816753, 39.922635988108794], [-75.20871066816753, 39.922629098823684], [-75.208683718709, 39.922629098823684], [-75.208683718709, 39.922635988108794], [-75.20871066816753, 39.922635988108794]]}, "properties": {"confidence": "high"}}, {"type": "Feature", "geometry": {"type": "LineString", "coordinates": [[-75.20761472352089, 39.922635988108794], [-75.20761472352089, 39.922629098823684], [-75.20757879090954, 39.922629098823684], [-75.20757879090954, 39.922635988108794], [-75.20761472352089, 39.922635988108794]]}, "properties": {"confidence": "high"}}, {"type": "Feature", "geometry": {"type": "LineString", "coordinates": [[-75.20604267177369, 39.922635988108794], [-75.20604267177369, 39.922629098823684], [-75.206024705468, 39.922629098823684], [-75.206024705468, 39.922635988108794], [-75.20604267177369, 39.922635988108794]]}, "properties": {"confidence": "high"}}, {"type": "Feature", "geometry": {"type": "LineString", "coordinates": [[-75.21000424217665, 39.922629098823684], [-75.21000424217665, 39.92262220953786], [-75.20997729271812, 39.92262220953786], [-75.20997729271812, 39.922629098823684], [-75.21000424217665, 39.922629098823684]]}, "properties": {"confidence": "high"}}, {"type": "Feature", "geometry": {"type": "LineString", "coordinates": [[-75.208683718709, 39.922629098823684], [-75.208683718709, 39.92262220953786], [-75.20863880294479, 39.92262220953786], [-75.20863880294479, 39.922629098823684], [-75.208683718709, 39.922629098823684]]}, "properties": {"confidence": "high"}}, {"type": "Feature", "geometry": {"type": "LineString", "coordinates": [[-75.20765065613226, 39.922629098823684], [-75.20765065613226, 39.92262220953786], [-75.20761472352089, 39.92262220953786], [-75.20761472352089, 39.922629098823684], [-75.20765065613226, 39.922629098823684]]}, "properties": {"confidence": "high"}}, {"type": "Feature", "geometry": {"type": "LineString", "coordinates": [[-75.2060696212322, 39.922629098823684], [-75.2060696212322, 39.92262220953786], [-75.20604267177369, 39.92262220953786], [-75.20604267177369, 39.922629098823684], [-75.2060696212322, 39.922629098823684]]}, "properties": {"confidence": "high"}}, {"type": "Feature", "geometry": {"type": "LineString", "coordinates": [[-75.20997729271812, 39.92262220953786], [-75.20997729271812, 39.92261532025136], [-75.2099503432596, 39.92261532025136], [-75.2099503432596, 39.92262220953786], [-75.20997729271812, 39.92262220953786]]}, "properties": {"confidence": "high"}}, {"type": "Feature", "geometry": {"type": "LineString", "coordinates": [[-75.20863880294479, 39.92262220953786], [-75.20863880294479, 39.92261532025136], [-75.20860287033344, 39.92261532025136], [-75.20860287033344, 39.92262220953786], [-75.20863880294479, 39.92262220953786]]}, "properties": {"confidence": "high"}}, {"type": "Feature", "geometry": {"type": "LineString", "coordinates": [[-75.20768658874363, 39.92262220953786], [-75.20768658874363, 39.92261532025136], [-75.20765065613226, 39.92261532025136], [-75.20765065613226, 39.92262220953786], [-75.20768658874363, 39.92262220953786]]}, "properties": {"confidence": "high"}}, {"type": "Feature", "geometry": {"type": "LineString", "coordinates": [[-75.2060875875379, 39.92262220953786], [-75.2060875875379, 39.92261532025136], [-75.2060696212322, 39.92261532025136], [-75.2060696212322, 39.92262220953786], [-75.2060875875379, 39.92262220953786]]}, "properties": {"confidence": "high"}}, {"type": "Feature", "geometry": {"type": "LineString", "coordinates": [[-75.21006712424654, 39.922635988108794], [-75.21006712424654, 39.92260843096417], [-75.2100581410937, 39.92260843096417], [-75.2100581410937, 39.922629098823684], [-75.21000424217665, 39.922629098823684], [-75.21000424217665, 39.922635988108794], [-75.21006712424654, 39.922635988108794]]}, "properties": {"confidence": "high"}}, {"type": "Feature", "geometry": {"type": "LineString", "coordinates": [[-75.2099503432596, 39.92261532025136], [-75.2099503432596, 39.92260843096417], [-75.20993237695393, 39.92260843096417], [-75.20993237695393, 39.92261532025136], [-75.2099503432596, 39.92261532025136]]}, "properties": {"confidence": "high"}}, {"type": "Feature", "geometry": {"type": "LineString", "coordinates": [[-75.20860287033344, 39.92261532025136], [-75.20860287033344, 39.92260843096417], [-75.20856693772207, 39.92260843096417], [-75.20856693772207, 39.92261532025136], [-75.20860287033344, 39.92261532025136]]}, "properties": {"confidence": "high"}}, {"type": "Feature", "geometry": {"type": "LineString", "coordinates": [[-75.20771353820214, 39.92261532025136], [-75.20771353820214, 39.92260843096417], [-75.20768658874363, 39.92260843096417], [-75.20768658874363, 39.92261532025136], [-75.20771353820214, 39.92261532025136]]}, "properties": {"confidence": "high"}}, {"type": "Feature", "geometry": {"type": "LineString", "coordinates": [[-75.20609657069073, 39.92261532025136], [-75.20609657069073, 39.92260843096417], [-75.2060875875379, 39.92260843096417], [-75.2060875875379, 39.92261532025136], [-75.20609657069073, 39.92261532025136]]}, "properties": {"confidence": "high"}}, {"type": "Feature", "geometry": {"type": "LineString", "coordinates": [[-75.20993237695393, 39.92260843096417], [-75.20993237695393, 39.92260154167627], [-75.20991441064824, 39.92260154167627], [-75.20991441064824, 39.92260843096417], [-75.20993237695393, 39.92260843096417]]}, "properties": {"confidence": "high"}}, {"type": "Feature", "geometry": {"type": "LineString", "coordinates": [[-75.20856693772207, 39.92260843096417], [-75.20856693772207, 39.92260154167627], [-75.20853100511069, 39.92260154167627], [-75.20853100511069, 39.92260843096417], [-75.20856693772207, 39.92260843096417]]}, "properties": {"confidence": "high"}}, {"type": "Feature", "geometry": {"type": "LineString", "coordinates": [[-75.20775845396635, 39.92260843096417], [-75.20775845396635, 39.92260154167627], [-75.20771353820214, 39.92260154167627], [-75.20771353820214, 39.92260843096417], [-75.20775845396635, 39.92260843096417]]}, "properties": {"confidence": "high"}}, {"type": "Feature", "geometry": {"type": "LineString", "coordinates": [[-75.20611453699641, 39.92260843096417], [-75.20611453699641, 39.92260154167627], [-75.20609657069073, 39.92260154167627], [-75.20609657069073, 39.92260843096417], [-75.20611453699641, 39.92260843096417]]}, "properties": {"confidence": "high"}}, {"type": "Feature", "geometry": {"type": "LineString", "coordinates": [[-75.20853100511069, 39.92260154167627], [-75.20853100511069, 39.92259465238769], [-75.20849507249933, 39.92259465238769], [-75.20849507249933, 39.92260154167627], [-75.20853100511069, 39.92260154167627]]}, "properties": {"confidence": "high"}}, {"type": "Feature", "geometry": {"type": "LineString", "coordinates": [[-75.20779438657772, 39.92260154167627], [-75.20779438657772, 39.92259465238769], [-75.20775845396635, 39.92259465238769], [-75.20775845396635, 39.92260154167627], [-75.20779438657772, 39.92260154167627]]}, "properties": {"confidence": "high"}}, {"type": "Feature", "geometry": {"type": "LineString", "coordinates": [[-75.2061325033021, 39.92260154167627], [-75.2061325033021, 39.92259465238769], [-75.20611453699641, 39.92259465238769], [-75.20611453699641, 39.92260154167627], [-75.2061325033021, 39.92260154167627]]}, "properties": {"confidence": "high"}}, {"type": "Feature", "geometry": {"type": "LineString", "coordinates": [[-75.2100581410937, 39.92260843096417], [-75.2100581410937, 39.92258776309841], [-75.21004915794086, 39.92258776309841], [-75.21004915794086, 39.92260843096417], [-75.2100581410937, 39.92260843096417]]}, "properties": {"confidence": "high"}}, {"type": "Feature", "geometry": {"type": "LineString", "coordinates": [[-75.20991441064824, 39.92260154167627], [-75.20991441064824, 39.92258776309841], [-75.2099054274954, 39.92258776309841], [-75.2099054274954, 39.92260154167627], [-75.20991441064824, 39.92260154167627]]}, "properties": {"confidence": "high"}}, {"type": "Feature", "geometry": {"type": "LineString", "coordinates": [[-75.20849507249933, 39.92259465238769], [-75.20849507249933, 39.92258776309841], [-75.20844117358229, 39.92258776309841], [-75.20844117358229, 39.92259465238769], [-75.20849507249933, 39.92259465238769]]}, "properties": {"confidence": "high"}}, {"type": "Feature", "geometry": {"type": "LineString", "coordinates": [[-75.20782133603623, 39.92259465238769], [-75.20782133603623, 39.92258776309841], [-75.20779438657772, 39.92258776309841], [-75.20779438657772, 39.92259465238769], [-75.20782133603623, 39.92259465238769]]}, "properties": {"confidence": "high"}}, {"type": "Feature", "geometry": {"type": "LineString", "coordinates": [[-75.20615046960778, 39.92259465238769], [-75.20615046960778, 39.92258776309841], [-75.2061325033021, 39.92258776309841], [-75.2061325033021, 39.92259465238769], [-75.20615046960778, 39.92259465238769]]}, "properties": {"confidence": "high"}}, {"type": "Feature", "geometry": {"type": "LineString", "coordinates": [[-75.20844117358229, 39.92258776309841], [-75.20844117358229, 39.922580873808435], [-75.20837829151239, 39.922580873808435], [-75.20837829151239, 39.92258776309841], [-75.20844117358229, 39.92258776309841]]}, "properties": {"confidence": "high"}}, {"type": "Feature", "geometry": {"type": "LineString", "coordinates": [[-75.20784828549476, 39.92258776309841], [-75.20784828549476, 39.922580873808435], [-75.20782133603623, 39.922580873808435], [-75.20782133603623, 39.92258776309841], [-75.20784828549476, 39.92258776309841]]}, "properties": {"confidence": "high"}}, {"type": "Feature", "geometry": {"type": "LineString", "coordinates": [[-75.20616843591345, 39.92258776309841], [-75.20616843591345, 39.922580873808435], [-75.20615046960778, 39.922580873808435], [-75.20615046960778, 39.92258776309841], [-75.20616843591345, 39.92258776309841]]}, "properties": {"confidence": "high"}}, {"type": "Feature", "geometry": {"type": "LineString", "coordinates": [[-75.20352738897816, 39.92258776309841], [-75.20352738897816, 39.922580873808435], [-75.2035184058253, 39.922580873808435], [-75.2035184058253, 39.92258776309841], [-75.20352738897816, 39.92258776309841]]}, "properties": {"confidence": "high"}}, {"type": "Feature", "geometry": {"type": "LineString", "coordinates": [[-75.20837829151239, 39.922580873808435], [-75.20837829151239, 39.92257398451777], [-75.20830642628967, 39.92257398451777], [-75.20830642628967, 39.922580873808435], [-75.20837829151239, 39.922580873808435]]}, "properties": {"confidence": "high"}}, {"type": "Feature", "geometry": {"type": "LineString", "coordinates": [[-75.20792015071748, 39.922580873808435], [-75.20792015071748, 39.92257398451777], [-75.20784828549476, 39.92257398451777], [-75.20784828549476, 39.922580873808435], [-75.20792015071748, 39.922580873808435]]}, "properties": {"confidence": "high"}}, {"type": "Feature", "geometry": {"type": "LineString", "coordinates": [[-75.20618640221915, 39.922580873808435], [-75.20618640221915, 39.92257398451777], [-75.20616843591345, 39.92257398451777], [-75.20616843591345, 39.922580873808435], [-75.20618640221915, 39.922580873808435]]}, "properties": {"confidence": "high"}}, {"type": "Feature", "geometry": {"type": "LineString", "coordinates": [[-75.2099054274954, 39.92258776309841], [-75.2099054274954, 39.92256709522641], [-75.20989644434256, 39.92256709522641], [-75.20989644434256, 39.92258776309841], [-75.2099054274954, 39.92258776309841]]}, "properties": {"confidence": "high"}}, {"type": "Feature", "geometry": {"type": "LineString", "coordinates": [[-75.203536372131, 39.922580873808435], [-75.203536372131, 39.92256709522641], [-75.20352738897816, 39.92256709522641], [-75.20352738897816, 39.922580873808435], [-75.203536372131, 39.922580873808435]]}, "properties": {"confidence": "high"}}, {"type": "Feature", "geometry": {"type": "LineString", "coordinates": [[-75.20830642628967, 39.92257398451777], [-75.20830642628967, 39.92256709522641], [-75.20823456106693, 39.92256709522641], [-75.20823456106693, 39.92257398451777], [-75.20830642628967, 39.92257398451777]]}, "properties": {"confidence": "high"}}, {"type": "Feature", "geometry": {"type": "LineString", "coordinates": [[-75.20800099909307, 39.92257398451777], [-75.20800099909307, 39.92256709522641], [-75.20792015071748, 39.92256709522641], [-75.20792015071748, 39.92257398451777], [-75.20800099909307, 39.92257398451777]]}, "properties": {"confidence": "high"}}, {"type": "Feature", "geometry": {"type": "LineString", "coordinates": [[-75.20620436852482, 39.92257398451777], [-75.20620436852482, 39.92256709522641], [-75.20618640221915, 39.92256709522641], [-75.20618640221915, 39.92257398451777], [-75.20620436852482, 39.92257398451777]]}, "properties": {"confidence": "high"}}, {"type": "Feature", "geometry": {"type": "LineString", "coordinates": [[-75.21004915794086, 39.92258776309841], [-75.21004915794086, 39.92256020593436], [-75.21004017478802, 39.92256020593436], [-75.21004017478802, 39.92258776309841], [-75.21004915794086, 39.92258776309841]]}, "properties": {"confidence": "high"}}, {"type": "Feature", "geometry": {"type": "LineString", "coordinates": [[-75.20823456106693, 39.92256709522641], [-75.20823456106693, 39.92256020593436], [-75.20800099909307, 39.92256020593436], [-75.20800099909307, 39.92256709522641], [-75.20823456106693, 39.92256709522641]]}, "properties": {"confidence": "high"}}, {"type": "Feature", "geometry": {"type": "LineString", "coordinates": [[-75.2062223348305, 39.92256709522641], [-75.2062223348305, 39.92256020593436], [-75.20620436852482, 39.92256020593436], [-75.20620436852482, 39.92256709522641], [-75.2062223348305, 39.92256709522641]]}, "properties": {"confidence": "high"}}, {"type": "Feature", "geometry": {"type": "LineString", "coordinates": [[-75.20354535528384, 39.92256709522641], [-75.20354535528384, 39.92255331664162], [-75.203536372131, 39.92255331664162], [-75.203536372131, 39.92256709522641], [-75.20354535528384, 39.92256709522641]]}, "properties": {"confidence": "high"}}, {"type": "Feature", "geometry": {"type": "LineString", "coordinates": [[-75.20624030113619, 39.92256020593436], [-75.20624030113619, 39.92255331664162], [-75.2062223348305, 39.92255331664162], [-75.2062223348305, 39.92256020593436], [-75.20624030113619, 39.92256020593436]]}, "properties": {"confidence": "high"}}, {"type": "Feature", "geometry": {"type": "LineString", "coordinates": [[-75.20989644434256, 39.92256709522641], [-75.20989644434256, 39.92254642734817], [-75.20988746118972, 39.92254642734817], [-75.20988746118972, 39.92256709522641], [-75.20989644434256, 39.92256709522641]]}, "properties": {"confidence": "high"}}, {"type": "Feature", "geometry": {"type": "LineString", "coordinates": [[-75.20625826744187, 39.92255331664162], [-75.20625826744187, 39.92254642734817], [-75.20624030113619, 39.92254642734817], [-75.20624030113619, 39.92255331664162], [-75.20625826744187, 39.92255331664162]]}, "properties": {"confidence": "high"}}, {"type": "Feature", "geometry": {"type": "LineString", "coordinates": [[-75.21004017478802, 39.92256020593436], [-75.21004017478802, 39.92253953805405], [-75.21003119163517, 39.92253953805405], [-75.21003119163517, 39.92256020593436], [-75.21004017478802, 39.92256020593436]]}, "properties": {"confidence": "high"}}, {"type": "Feature", "geometry": {"type": "LineString", "coordinates": [[-75.20355433843667, 39.92255331664162], [-75.20355433843667, 39.92253953805405], [-75.20354535528384, 39.92253953805405], [-75.20354535528384, 39.92255331664162], [-75.20355433843667, 39.92255331664162]]}, "properties": {"confidence": "high"}}, {"type": "Feature", "geometry": {"type": "LineString", "coordinates": [[-75.2062672505947, 39.92254642734817], [-75.2062672505947, 39.92253953805405], [-75.20625826744187, 39.92253953805405], [-75.20625826744187, 39.92254642734817], [-75.2062672505947, 39.92254642734817]]}, "properties": {"confidence": "high"}}, {"type": "Feature", "geometry": {"type": "LineString", "coordinates": [[-75.21003119163517, 39.92253953805405], [-75.21003119163517, 39.92253264875922], [-75.21002220848233, 39.92253264875922], [-75.21002220848233, 39.92253953805405], [-75.21003119163517, 39.92253953805405]]}, "properties": {"confidence": "high"}}, {"type": "Feature", "geometry": {"type": "LineString", "coordinates": [[-75.2062852169004, 39.92253953805405], [-75.2062852169004, 39.92253264875922], [-75.2062672505947, 39.92253264875922], [-75.2062672505947, 39.92253953805405], [-75.2062852169004, 39.92253953805405]]}, "properties": {"confidence": "high"}}, {"type": "Feature", "geometry": {"type": "LineString", "coordinates": [[-75.2035812878952, 39.92253953805405], [-75.2035812878952, 39.92253264875922], [-75.20355433843667, 39.92253264875922], [-75.20355433843667, 39.92253953805405], [-75.2035812878952, 39.92253953805405]]}, "properties": {"confidence": "high"}}, {"type": "Feature", "geometry": {"type": "LineString", "coordinates": [[-75.21002220848233, 39.92253264875922], [-75.21002220848233, 39.92252575946371], [-75.21001322532949, 39.92252575946371], [-75.21001322532949, 39.92253264875922], [-75.21002220848233, 39.92253264875922]]}, "properties": {"confidence": "high"}}, {"type": "Feature", "geometry": {"type": "LineString", "coordinates": [[-75.20631216635893, 39.92253264875922], [-75.20631216635893, 39.92252575946371], [-75.2062852169004, 39.92252575946371], [-75.2062852169004, 39.92253264875922], [-75.20631216635893, 39.92253264875922]]}, "properties": {"confidence": "high"}}, {"type": "Feature", "geometry": {"type": "LineString", "coordinates": [[-75.20359027104804, 39.92253264875922], [-75.20359027104804, 39.92252575946371], [-75.2035812878952, 39.92252575946371], [-75.2035812878952, 39.92253264875922], [-75.20359027104804, 39.92253264875922]]}, "properties": {"confidence": "high"}}, {"type": "Feature", "geometry": {"type": "LineString", "coordinates": [[-75.21001322532949, 39.92252575946371], [-75.21001322532949, 39.922518870167494], [-75.21000424217665, 39.922518870167494], [-75.21000424217665, 39.92252575946371], [-75.21001322532949, 39.92252575946371]]}, "properties": {"confidence": "high"}}, {"type": "Feature", "geometry": {"type": "LineString", "coordinates": [[-75.2063301326646, 39.92252575946371], [-75.2063301326646, 39.922518870167494], [-75.20631216635893, 39.922518870167494], [-75.20631216635893, 39.92252575946371], [-75.2063301326646, 39.92252575946371]]}, "properties": {"confidence": "high"}}, {"type": "Feature", "geometry": {"type": "LineString", "coordinates": [[-75.20360823735372, 39.92252575946371], [-75.20360823735372, 39.922518870167494], [-75.20359027104804, 39.922518870167494], [-75.20359027104804, 39.92252575946371], [-75.20360823735372, 39.92252575946371]]}, "properties": {"confidence": "high"}}, {"type": "Feature", "geometry": {"type": "LineString", "coordinates": [[-75.21000424217665, 39.922518870167494], [-75.21000424217665, 39.922511980870595], [-75.20998627587097, 39.922511980870595], [-75.20998627587097, 39.922518870167494], [-75.21000424217665, 39.922518870167494]]}, "properties": {"confidence": "high"}}, {"type": "Feature", "geometry": {"type": "LineString", "coordinates": [[-75.2063480989703, 39.922518870167494], [-75.2063480989703, 39.922511980870595], [-75.2063301326646, 39.922511980870595], [-75.2063301326646, 39.922518870167494], [-75.2063480989703, 39.922518870167494]]}, "properties": {"confidence": "high"}}, {"type": "Feature", "geometry": {"type": "LineString", "coordinates": [[-75.20362620365941, 39.922518870167494], [-75.20362620365941, 39.922511980870595], [-75.20360823735372, 39.922511980870595], [-75.20360823735372, 39.922518870167494], [-75.20362620365941, 39.922518870167494]]}, "properties": {"confidence": "high"}}, {"type": "Feature", "geometry": {"type": "LineString", "coordinates": [[-75.20998627587097, 39.922511980870595], [-75.20998627587097, 39.922505091572994], [-75.20995932641245, 39.922505091572994], [-75.20995932641245, 39.922511980870595], [-75.20998627587097, 39.922511980870595]]}, "properties": {"confidence": "high"}}, {"type": "Feature", "geometry": {"type": "LineString", "coordinates": [[-75.20636606527597, 39.922511980870595], [-75.20636606527597, 39.922505091572994], [-75.2063480989703, 39.922505091572994], [-75.2063480989703, 39.922511980870595], [-75.20636606527597, 39.922511980870595]]}, "properties": {"confidence": "high"}}, {"type": "Feature", "geometry": {"type": "LineString", "coordinates": [[-75.20364416996509, 39.922511980870595], [-75.20364416996509, 39.922505091572994], [-75.20362620365941, 39.922505091572994], [-75.20362620365941, 39.922511980870595], [-75.20364416996509, 39.922511980870595]]}, "properties": {"confidence": "high"}}, {"type": "Feature", "geometry": {"type": "LineString", "coordinates": [[-75.20995932641245, 39.922505091572994], [-75.20995932641245, 39.92249820227471], [-75.20992339380108, 39.92249820227471], [-75.20992339380108, 39.922505091572994], [-75.20995932641245, 39.922505091572994]]}, "properties": {"confidence": "high"}}, {"type": "Feature", "geometry": {"type": "LineString", "coordinates": [[-75.20638403158165, 39.922505091572994], [-75.20638403158165, 39.92249820227471], [-75.20636606527597, 39.92249820227471], [-75.20636606527597, 39.922505091572994], [-75.20638403158165, 39.922505091572994]]}, "properties": {"confidence": "high"}}, {"type": "Feature", "geometry": {"type": "LineString", "coordinates": [[-75.20366213627076, 39.922505091572994], [-75.20366213627076, 39.92249820227471], [-75.20364416996509, 39.92249820227471], [-75.20364416996509, 39.922505091572994], [-75.20366213627076, 39.922505091572994]]}, "properties": {"confidence": "high"}}, {"type": "Feature", "geometry": {"type": "LineString", "coordinates": [[-75.20988746118972, 39.92254642734817], [-75.20988746118972, 39.92249820227471], [-75.20992339380108, 39.92249820227471], [-75.20992339380108, 39.92249131297573], [-75.20987847803687, 39.92249131297573], [-75.20987847803687, 39.92254642734817], [-75.20988746118972, 39.92254642734817]]}, "properties": {"confidence": "high"}}, {"type": "Feature", "geometry": {"type": "LineString", "coordinates": [[-75.20641098104018, 39.92249820227471], [-75.20641098104018, 39.92249131297573], [-75.20638403158165, 39.92249131297573], [-75.20638403158165, 39.92249820227471], [-75.20641098104018, 39.92249820227471]]}, "properties": {"confidence": "high"}}, {"type": "Feature", "geometry": {"type": "LineString", "coordinates": [[-75.2036890857293, 39.92249820227471], [-75.2036890857293, 39.92249131297573], [-75.20366213627076, 39.92249131297573], [-75.20366213627076, 39.92249820227471], [-75.2036890857293, 39.92249820227471]]}, "properties": {"confidence": "high"}}, {"type": "Feature", "geometry": {"type": "LineString", "coordinates": [[-75.20987847803687, 39.92249131297573], [-75.20987847803687, 39.92248442367605], [-75.20986949488403, 39.92248442367605], [-75.20986949488403, 39.92249131297573], [-75.20987847803687, 39.92249131297573]]}, "properties": {"confidence": "high"}}, {"type": "Feature", "geometry": {"type": "LineString", "coordinates": [[-75.20642894734586, 39.92249131297573], [-75.20642894734586, 39.92248442367605], [-75.20641098104018, 39.92248442367605], [-75.20641098104018, 39.92249131297573], [-75.20642894734586, 39.92249131297573]]}, "properties": {"confidence": "high"}}, {"type": "Feature", "geometry": {"type": "LineString", "coordinates": [[-75.20370705203497, 39.92249131297573], [-75.20370705203497, 39.92248442367605], [-75.2036890857293, 39.92248442367605], [-75.2036890857293, 39.92249131297573], [-75.20370705203497, 39.92249131297573]]}, "properties": {"confidence": "high"}}, {"type": "Feature", "geometry": {"type": "LineString", "coordinates": [[-75.20986949488403, 39.92248442367605], [-75.20986949488403, 39.92247753437568], [-75.2098605117312, 39.92247753437568], [-75.2098605117312, 39.92248442367605], [-75.20986949488403, 39.92248442367605]]}, "properties": {"confidence": "high"}}, {"type": "Feature", "geometry": {"type": "LineString", "coordinates": [[-75.20645589680439, 39.92248442367605], [-75.20645589680439, 39.92247753437568], [-75.20642894734586, 39.92247753437568], [-75.20642894734586, 39.92248442367605], [-75.20645589680439, 39.92248442367605]]}, "properties": {"confidence": "high"}}, {"type": "Feature", "geometry": {"type": "LineString", "coordinates": [[-75.20371603518781, 39.92248442367605], [-75.20371603518781, 39.92247753437568], [-75.20370705203497, 39.92247753437568], [-75.20370705203497, 39.92248442367605], [-75.20371603518781, 39.92248442367605]]}, "properties": {"confidence": "high"}}, {"type": "Feature", "geometry": {"type": "LineString", "coordinates": [[-75.2098605117312, 39.92247753437568], [-75.2098605117312, 39.922470645074625], [-75.20985152857835, 39.922470645074625], [-75.20985152857835, 39.92247753437568], [-75.2098605117312, 39.92247753437568]]}, "properties": {"confidence": "high"}}, {"type": "Feature", "geometry": {"type": "LineString", "coordinates": [[-75.20647386311006, 39.92247753437568], [-75.20647386311006, 39.922470645074625], [-75.20645589680439, 39.922470645074625], [-75.20645589680439, 39.92247753437568], [-75.20647386311006, 39.92247753437568]]}, "properties": {"confidence": "high"}}, {"type": "Feature", "geometry": {"type": "LineString", "coordinates": [[-75.2037340014935, 39.92247753437568], [-75.2037340014935, 39.922470645074625], [-75.20371603518781, 39.922470645074625], [-75.20371603518781, 39.92247753437568], [-75.2037340014935, 39.92247753437568]]}, "properties": {"confidence": "high"}}, {"type": "Feature", "geometry": {"type": "LineString", "coordinates": [[-75.20985152857835, 39.922470645074625], [-75.20985152857835, 39.92246375577287], [-75.20984254542552, 39.92246375577287], [-75.20984254542552, 39.922470645074625], [-75.20985152857835, 39.922470645074625]]}, "properties": {"confidence": "high"}}, {"type": "Feature", "geometry": {"type": "LineString", "coordinates": [[-75.20649182941574, 39.922470645074625], [-75.20649182941574, 39.92246375577287], [-75.20647386311006, 39.92246375577287], [-75.20647386311006, 39.922470645074625], [-75.20649182941574, 39.922470645074625]]}, "properties": {"confidence": "high"}}, {"type": "Feature", "geometry": {"type": "LineString", "coordinates": [[-75.20376095095202, 39.922470645074625], [-75.20376095095202, 39.92246375577287], [-75.2037340014935, 39.92246375577287], [-75.2037340014935, 39.922470645074625], [-75.20376095095202, 39.922470645074625]]}, "properties": {"confidence": "high"}}, {"type": "Feature", "geometry": {"type": "LineString", "coordinates": [[-75.20984254542552, 39.92246375577287], [-75.20984254542552, 39.92245686647042], [-75.20982457911983, 39.92245686647042], [-75.20982457911983, 39.92246375577287], [-75.20984254542552, 39.92246375577287]]}, "properties": {"confidence": "high"}}, {"type": "Feature", "geometry": {"type": "LineString", "coordinates": [[-75.20650979572143, 39.92246375577287], [-75.20650979572143, 39.92245686647042], [-75.20649182941574, 39.92245686647042], [-75.20649182941574, 39.92246375577287], [-75.20650979572143, 39.92246375577287]]}, "properties": {"confidence": "high"}}, {"type": "Feature", "geometry": {"type": "LineString", "coordinates": [[-75.20377891725771, 39.92246375577287], [-75.20377891725771, 39.92245686647042], [-75.20376095095202, 39.92245686647042], [-75.20376095095202, 39.92246375577287], [-75.20377891725771, 39.92246375577287]]}, "properties": {"confidence": "high"}}, {"type": "Feature", "geometry": {"type": "LineString", "coordinates": [[-75.20982457911983, 39.92245686647042], [-75.20982457911983, 39.922449977167275], [-75.20981559596699, 39.922449977167275], [-75.20981559596699, 39.92245686647042], [-75.20982457911983, 39.92245686647042]]}, "properties": {"confidence": "high"}}, {"type": "Feature", "geometry": {"type": "LineString", "coordinates": [[-75.20652776202711, 39.92245686647042], [-75.20652776202711, 39.922449977167275], [-75.20650979572143, 39.922449977167275], [-75.20650979572143, 39.92245686647042], [-75.20652776202711, 39.92245686647042]]}, "properties": {"confidence": "high"}}, {"type": "Feature", "geometry": {"type": "LineString", "coordinates": [[-75.20379688356338, 39.92245686647042], [-75.20379688356338, 39.922449977167275], [-75.20377891725771, 39.922449977167275], [-75.20377891725771, 39.92245686647042], [-75.20379688356338, 39.92245686647042]]}, "properties": {"confidence": "high"}}, {"type": "Feature", "geometry": {"type": "LineString", "coordinates": [[-75.20981559596699, 39.922449977167275], [-75.20981559596699, 39.922443087863435], [-75.20979762966131, 39.922443087863435], [-75.20979762966131, 39.922449977167275], [-75.20981559596699, 39.922449977167275]]}, "properties": {"confidence": "high"}}, {"type": "Feature", "geometry": {"type": "LineString", "coordinates": [[-75.2065457283328, 39.922449977167275], [-75.2065457283328, 39.922443087863435], [-75.20652776202711, 39.922443087863435], [-75.20652776202711, 39.922449977167275], [-75.2065457283328, 39.922449977167275]]}, "properties": {"confidence": "high"}}, {"type": "Feature", "geometry": {"type": "LineString", "coordinates": [[-75.2038238330219, 39.922449977167275], [-75.2038238330219, 39.922443087863435], [-75.20379688356338, 39.922443087863435], [-75.20379688356338, 39.922449977167275], [-75.2038238330219, 39.922449977167275]]}, "properties": {"confidence": "high"}}, {"type": "Feature", "geometry": {"type": "LineString", "coordinates": [[-75.20979762966131, 39.922443087863435], [-75.20979762966131, 39.922436198558906], [-75.20978864650847, 39.922436198558906], [-75.20978864650847, 39.922443087863435], [-75.20979762966131, 39.922443087863435]]}, "properties": {"confidence": "high"}}, {"type": "Feature", "geometry": {"type": "LineString", "coordinates": [[-75.20656369463848, 39.922443087863435], [-75.20656369463848, 39.922436198558906], [-75.2065457283328, 39.922436198558906], [-75.2065457283328, 39.922443087863435], [-75.20656369463848, 39.922443087863435]]}, "properties": {"confidence": "high"}}, {"type": "Feature", "geometry": {"type": "LineString", "coordinates": [[-75.20385078248043, 39.922443087863435], [-75.20385078248043, 39.922436198558906], [-75.2038238330219, 39.922436198558906], [-75.2038238330219, 39.922443087863435], [-75.20385078248043, 39.922443087863435]]}, "properties": {"confidence": "high"}}, {"type": "Feature", "geometry": {"type": "LineString", "coordinates": [[-75.20978864650847, 39.922436198558906], [-75.20978864650847, 39.92242930925369], [-75.20977966335563, 39.92242930925369], [-75.20977966335563, 39.922436198558906], [-75.20978864650847, 39.922436198558906]]}, "properties": {"confidence": "high"}}, {"type": "Feature", "geometry": {"type": "LineString", "coordinates": [[-75.20658166094415, 39.922436198558906], [-75.20658166094415, 39.92242930925369], [-75.20656369463848, 39.92242930925369], [-75.20656369463848, 39.922436198558906], [-75.20658166094415, 39.922436198558906]]}, "properties": {"confidence": "high"}}, {"type": "Feature", "geometry": {"type": "LineString", "coordinates": [[-75.20387773193896, 39.922436198558906], [-75.20387773193896, 39.92242930925369], [-75.20385078248043, 39.92242930925369], [-75.20385078248043, 39.922436198558906], [-75.20387773193896, 39.922436198558906]]}, "properties": {"confidence": "high"}}, {"type": "Feature", "geometry": {"type": "LineString", "coordinates": [[-75.20977966335563, 39.92242930925369], [-75.20977966335563, 39.92242241994777], [-75.20976169704994, 39.92242241994777], [-75.20976169704994, 39.92242930925369], [-75.20977966335563, 39.92242930925369]]}, "properties": {"confidence": "high"}}, {"type": "Feature", "geometry": {"type": "LineString", "coordinates": [[-75.20660861040268, 39.92242930925369], [-75.20660861040268, 39.92242241994777], [-75.20658166094415, 39.92242241994777], [-75.20658166094415, 39.92242930925369], [-75.20660861040268, 39.92242930925369]]}, "properties": {"confidence": "high"}}, {"type": "Feature", "geometry": {"type": "LineString", "coordinates": [[-75.20390468139747, 39.92242930925369], [-75.20390468139747, 39.92242241994777], [-75.20387773193896, 39.92242241994777], [-75.20387773193896, 39.92242930925369], [-75.20390468139747, 39.92242930925369]]}, "properties": {"confidence": "high"}}, {"type": "Feature", "geometry": {"type": "LineString", "coordinates": [[-75.20976169704994, 39.92242241994777], [-75.20976169704994, 39.92241553064117], [-75.2097527138971, 39.92241553064117], [-75.2097527138971, 39.92242241994777], [-75.20976169704994, 39.92242241994777]]}, "properties": {"confidence": "high"}}, {"type": "Feature", "geometry": {"type": "LineString", "coordinates": [[-75.20661759355552, 39.92242241994777], [-75.20661759355552, 39.92241553064117], [-75.20660861040268, 39.92241553064117], [-75.20660861040268, 39.92242241994777], [-75.20661759355552, 39.92242241994777]]}, "properties": {"confidence": "high"}}, {"type": "Feature", "geometry": {"type": "LineString", "coordinates": [[-75.20392264770315, 39.92242241994777], [-75.20392264770315, 39.92241553064117], [-75.20390468139747, 39.92241553064117], [-75.20390468139747, 39.92242241994777], [-75.20392264770315, 39.92242241994777]]}, "properties": {"confidence": "high"}}, {"type": "Feature", "geometry": {"type": "LineString", "coordinates": [[-75.2097527138971, 39.92241553064117], [-75.2097527138971, 39.92240864133386], [-75.20973474759143, 39.92240864133386], [-75.20973474759143, 39.92241553064117], [-75.2097527138971, 39.92241553064117]]}, "properties": {"confidence": "high"}}, {"type": "Feature", "geometry": {"type": "LineString", "coordinates": [[-75.2066355598612, 39.92241553064117], [-75.2066355598612, 39.92240864133386], [-75.20661759355552, 39.92240864133386], [-75.20661759355552, 39.92241553064117], [-75.2066355598612, 39.92241553064117]]}, "properties": {"confidence": "high"}}, {"type": "Feature", "geometry": {"type": "LineString", "coordinates": [[-75.20394061400884, 39.92241553064117], [-75.20394061400884, 39.92240864133386], [-75.20392264770315, 39.92240864133386], [-75.20392264770315, 39.92241553064117], [-75.20394061400884, 39.92241553064117]]}, "properties": {"confidence": "high"}}, {"type": "Feature", "geometry": {"type": "LineString", "coordinates": [[-75.20973474759143, 39.92240864133386], [-75.20973474759143, 39.92240175202587], [-75.20971678128574, 39.92240175202587], [-75.20971678128574, 39.92240864133386], [-75.20973474759143, 39.92240864133386]]}, "properties": {"confidence": "high"}}, {"type": "Feature", "geometry": {"type": "LineString", "coordinates": [[-75.20665352616689, 39.92240864133386], [-75.20665352616689, 39.92240175202587], [-75.2066355598612, 39.92240175202587], [-75.2066355598612, 39.92240864133386], [-75.20665352616689, 39.92240864133386]]}, "properties": {"confidence": "high"}}, {"type": "Feature", "geometry": {"type": "LineString", "coordinates": [[-75.20396756346736, 39.92240864133386], [-75.20396756346736, 39.92240175202587], [-75.20394061400884, 39.92240175202587], [-75.20394061400884, 39.92240864133386], [-75.20396756346736, 39.92240864133386]]}, "properties": {"confidence": "high"}}, {"type": "Feature", "geometry": {"type": "LineString", "coordinates": [[-75.20971678128574, 39.92240175202587], [-75.20971678128574, 39.92239486271718], [-75.20969881498004, 39.92239486271718], [-75.20969881498004, 39.92240175202587], [-75.20971678128574, 39.92240175202587]]}, "properties": {"confidence": "high"}}, {"type": "Feature", "geometry": {"type": "LineString", "coordinates": [[-75.2066804756254, 39.92240175202587], [-75.2066804756254, 39.92239486271718], [-75.20665352616689, 39.92239486271718], [-75.20665352616689, 39.92240175202587], [-75.2066804756254, 39.92240175202587]]}, "properties": {"confidence": "high"}}, {"type": "Feature", "geometry": {"type": "LineString", "coordinates": [[-75.20398552977305, 39.92240175202587], [-75.20398552977305, 39.92239486271718], [-75.20396756346736, 39.92239486271718], [-75.20396756346736, 39.92240175202587], [-75.20398552977305, 39.92240175202587]]}, "properties": {"confidence": "high"}}, {"type": "Feature", "geometry": {"type": "LineString", "coordinates": [[-75.20969881498004, 39.92239486271718], [-75.20969881498004, 39.922387973407794], [-75.20968084867437, 39.922387973407794], [-75.20968084867437, 39.92239486271718], [-75.20969881498004, 39.92239486271718]]}, "properties": {"confidence": "high"}}, {"type": "Feature", "geometry": {"type": "LineString", "coordinates": [[-75.20668945877824, 39.92239486271718], [-75.20668945877824, 39.922387973407794], [-75.2066804756254, 39.922387973407794], [-75.2066804756254, 39.92239486271718], [-75.20668945877824, 39.92239486271718]]}, "properties": {"confidence": "high"}}, {"type": "Feature", "geometry": {"type": "LineString", "coordinates": [[-75.20400349607873, 39.92239486271718], [-75.20400349607873, 39.922387973407794], [-75.20398552977305, 39.922387973407794], [-75.20398552977305, 39.92239486271718], [-75.20400349607873, 39.92239486271718]]}, "properties": {"confidence": "high"}}, {"type": "Feature", "geometry": {"type": "LineString", "coordinates": [[-75.20968084867437, 39.922387973407794], [-75.20968084867437, 39.92238108409772], [-75.20967186552153, 39.92238108409772], [-75.20967186552153, 39.922387973407794], [-75.20968084867437, 39.922387973407794]]}, "properties": {"confidence": "high"}}, {"type": "Feature", "geometry": {"type": "LineString", "coordinates": [[-75.20670742508393, 39.922387973407794], [-75.20670742508393, 39.92238108409772], [-75.20668945877824, 39.92238108409772], [-75.20668945877824, 39.922387973407794], [-75.20670742508393, 39.922387973407794]]}, "properties": {"confidence": "high"}}, {"type": "Feature", "geometry": {"type": "LineString", "coordinates": [[-75.20403044553726, 39.922387973407794], [-75.20403044553726, 39.92238108409772], [-75.20400349607873, 39.92238108409772], [-75.20400349607873, 39.922387973407794], [-75.20403044553726, 39.922387973407794]]}, "properties": {"confidence": "high"}}, {"type": "Feature", "geometry": {"type": "LineString", "coordinates": [[-75.20967186552153, 39.92238108409772], [-75.20967186552153, 39.92237419478696], [-75.20965389921584, 39.92237419478696], [-75.20965389921584, 39.92238108409772], [-75.20967186552153, 39.92238108409772]]}, "properties": {"confidence": "high"}}, {"type": "Feature", "geometry": {"type": "LineString", "coordinates": [[-75.20672539138961, 39.92238108409772], [-75.20672539138961, 39.92237419478696], [-75.20670742508393, 39.92237419478696], [-75.20670742508393, 39.92238108409772], [-75.20672539138961, 39.92238108409772]]}, "properties": {"confidence": "high"}}, {"type": "Feature", "geometry": {"type": "LineString", "coordinates": [[-75.20405739499579, 39.92238108409772], [-75.20405739499579, 39.92237419478696], [-75.20403044553726, 39.92237419478696], [-75.20403044553726, 39.92238108409772], [-75.20405739499579, 39.92238108409772]]}, "properties": {"confidence": "high"}}, {"type": "Feature", "geometry": {"type": "LineString", "coordinates": [[-75.20965389921584, 39.92237419478696], [-75.20965389921584, 39.9223673054755], [-75.20963593291016, 39.9223673054755], [-75.20963593291016, 39.92237419478696], [-75.20965389921584, 39.92237419478696]]}, "properties": {"confidence": "high"}}, {"type": "Feature", "geometry": {"type": "LineString", "coordinates": [[-75.20674335769529, 39.92237419478696], [-75.20674335769529, 39.9223673054755], [-75.20672539138961, 39.9223673054755], [-75.20672539138961, 39.92237419478696], [-75.20674335769529, 39.92237419478696]]}, "properties": {"confidence": "high"}}, {"type": "Feature", "geometry": {"type": "LineString", "coordinates": [[-75.20408434445432, 39.92237419478696], [-75.20408434445432, 39.9223673054755], [-75.20405739499579, 39.9223673054755], [-75.20405739499579, 39.92237419478696], [-75.20408434445432, 39.92237419478696]]}, "properties": {"confidence": "high"}}, {"type": "Feature", "geometry": {"type": "LineString", "coordinates": [[-75.20963593291016, 39.9223673054755], [-75.20963593291016, 39.92236041616334], [-75.20962694975732, 39.92236041616334], [-75.20962694975732, 39.9223673054755], [-75.20963593291016, 39.9223673054755]]}, "properties": {"confidence": "high"}}, {"type": "Feature", "geometry": {"type": "LineString", "coordinates": [[-75.20676132400098, 39.9223673054755], [-75.20676132400098, 39.92236041616334], [-75.20674335769529, 39.92236041616334], [-75.20674335769529, 39.9223673054755], [-75.20676132400098, 39.9223673054755]]}, "properties": {"confidence": "high"}}, {"type": "Feature", "geometry": {"type": "LineString", "coordinates": [[-75.20411129391283, 39.9223673054755], [-75.20411129391283, 39.92236041616334], [-75.20408434445432, 39.92236041616334], [-75.20408434445432, 39.9223673054755], [-75.20411129391283, 39.9223673054755]]}, "properties": {"confidence": "high"}}, {"type": "Feature", "geometry": {"type": "LineString", "coordinates": [[-75.20962694975732, 39.92236041616334], [-75.20962694975732, 39.9223535268505], [-75.20960898345163, 39.9223535268505], [-75.20960898345163, 39.92236041616334], [-75.20962694975732, 39.92236041616334]]}, "properties": {"confidence": "high"}}, {"type": "Feature", "geometry": {"type": "LineString", "coordinates": [[-75.20677929030666, 39.92236041616334], [-75.20677929030666, 39.9223535268505], [-75.20676132400098, 39.9223535268505], [-75.20676132400098, 39.92236041616334], [-75.20677929030666, 39.92236041616334]]}, "properties": {"confidence": "high"}}, {"type": "Feature", "geometry": {"type": "LineString", "coordinates": [[-75.2041472265242, 39.92236041616334], [-75.2041472265242, 39.9223535268505], [-75.20411129391283, 39.9223535268505], [-75.20411129391283, 39.92236041616334], [-75.2041472265242, 39.92236041616334]]}, "properties": {"confidence": "high"}}, {"type": "Feature", "geometry": {"type": "LineString", "coordinates": [[-75.20960898345163, 39.9223535268505], [-75.20960898345163, 39.92234663753696], [-75.20959101714595, 39.92234663753696], [-75.20959101714595, 39.9223535268505], [-75.20960898345163, 39.9223535268505]]}, "properties": {"confidence": "high"}}, {"type": "Feature", "geometry": {"type": "LineString", "coordinates": [[-75.20679725661233, 39.9223535268505], [-75.20679725661233, 39.92234663753696], [-75.20677929030666, 39.92234663753696], [-75.20677929030666, 39.9223535268505], [-75.20679725661233, 39.9223535268505]]}, "properties": {"confidence": "high"}}, {"type": "Feature", "geometry": {"type": "LineString", "coordinates": [[-75.20417417598271, 39.9223535268505], [-75.20417417598271, 39.92234663753696], [-75.2041472265242, 39.92234663753696], [-75.2041472265242, 39.9223535268505], [-75.20417417598271, 39.9223535268505]]}, "properties": {"confidence": "high"}}, {"type": "Feature", "geometry": {"type": "LineString", "coordinates": [[-75.20959101714595, 39.92234663753696], [-75.20959101714595, 39.922339748222726], [-75.20958203399312, 39.922339748222726], [-75.20958203399312, 39.92234663753696], [-75.20959101714595, 39.92234663753696]]}, "properties": {"confidence": "high"}}, {"type": "Feature", "geometry": {"type": "LineString", "coordinates": [[-75.20682420607086, 39.92234663753696], [-75.20682420607086, 39.922339748222726], [-75.20679725661233, 39.922339748222726], [-75.20679725661233, 39.92234663753696], [-75.20682420607086, 39.92234663753696]]}, "properties": {"confidence": "high"}}, {"type": "Feature", "geometry": {"type": "LineString", "coordinates": [[-75.20420112544124, 39.92234663753696], [-75.20420112544124, 39.922339748222726], [-75.20417417598271, 39.922339748222726], [-75.20417417598271, 39.92234663753696], [-75.20420112544124, 39.92234663753696]]}, "properties": {"confidence": "high"}}, {"type": "Feature", "geometry": {"type": "LineString", "coordinates": [[-75.20958203399312, 39.922339748222726], [-75.20958203399312, 39.9223328589078], [-75.20956406768742, 39.9223328589078], [-75.20956406768742, 39.922339748222726], [-75.20958203399312, 39.922339748222726]]}, "properties": {"confidence": "high"}}, {"type": "Feature", "geometry": {"type": "LineString", "coordinates": [[-75.20684217237654, 39.922339748222726], [-75.20684217237654, 39.9223328589078], [-75.20682420607086, 39.9223328589078], [-75.20682420607086, 39.922339748222726], [-75.20684217237654, 39.922339748222726]]}, "properties": {"confidence": "high"}}, {"type": "Feature", "geometry": {"type": "LineString", "coordinates": [[-75.20424604120545, 39.922339748222726], [-75.20424604120545, 39.9223328589078], [-75.20420112544124, 39.9223328589078], [-75.20420112544124, 39.922339748222726], [-75.20424604120545, 39.922339748222726]]}, "properties": {"confidence": "high"}}, {"type": "Feature", "geometry": {"type": "LineString", "coordinates": [[-75.20956406768742, 39.9223328589078], [-75.20956406768742, 39.92232596959218], [-75.20955508453459, 39.92232596959218], [-75.20955508453459, 39.9223328589078], [-75.20956406768742, 39.9223328589078]]}, "properties": {"confidence": "high"}}, {"type": "Feature", "geometry": {"type": "LineString", "coordinates": [[-75.20686013868223, 39.9223328589078], [-75.20686013868223, 39.92232596959218], [-75.20684217237654, 39.92232596959218], [-75.20684217237654, 39.9223328589078], [-75.20686013868223, 39.9223328589078]]}, "properties": {"confidence": "high"}}, {"type": "Feature", "geometry": {"type": "LineString", "coordinates": [[-75.20427299066397, 39.9223328589078], [-75.20427299066397, 39.92232596959218], [-75.20424604120545, 39.92232596959218], [-75.20424604120545, 39.9223328589078], [-75.20427299066397, 39.9223328589078]]}, "properties": {"confidence": "high"}}, {"type": "Feature", "geometry": {"type": "LineString", "coordinates": [[-75.20955508453459, 39.92232596959218], [-75.20955508453459, 39.92231908027587], [-75.20953711822891, 39.92231908027587], [-75.20953711822891, 39.92232596959218], [-75.20955508453459, 39.92232596959218]]}, "properties": {"confidence": "high"}}, {"type": "Feature", "geometry": {"type": "LineString", "coordinates": [[-75.20687810498792, 39.92232596959218], [-75.20687810498792, 39.92231908027587], [-75.20686013868223, 39.92231908027587], [-75.20686013868223, 39.92232596959218], [-75.20687810498792, 39.92232596959218]]}, "properties": {"confidence": "high"}}, {"type": "Feature", "geometry": {"type": "LineString", "coordinates": [[-75.2042999401225, 39.92232596959218], [-75.2042999401225, 39.92231908027587], [-75.20427299066397, 39.92231908027587], [-75.20427299066397, 39.92232596959218], [-75.2042999401225, 39.92232596959218]]}, "properties": {"confidence": "high"}}, {"type": "Feature", "geometry": {"type": "LineString", "coordinates": [[-75.20953711822891, 39.92231908027587], [-75.20953711822891, 39.92231219095886], [-75.20951915192323, 39.92231219095886], [-75.20951915192323, 39.92231908027587], [-75.20953711822891, 39.92231908027587]]}, "properties": {"confidence": "high"}}, {"type": "Feature", "geometry": {"type": "LineString", "coordinates": [[-75.2068960712936, 39.92231908027587], [-75.2068960712936, 39.92231219095886], [-75.20687810498792, 39.92231219095886], [-75.20687810498792, 39.92231908027587], [-75.2068960712936, 39.92231908027587]]}, "properties": {"confidence": "high"}}, {"type": "Feature", "geometry": {"type": "LineString", "coordinates": [[-75.20432688958101, 39.92231908027587], [-75.20432688958101, 39.92231219095886], [-75.2042999401225, 39.92231219095886], [-75.2042999401225, 39.92231908027587], [-75.20432688958101, 39.92231908027587]]}, "properties": {"confidence": "high"}}, {"type": "Feature", "geometry": {"type": "LineString", "coordinates": [[-75.20951915192323, 39.92231219095886], [-75.20951915192323, 39.92230530164116], [-75.20950118561754, 39.92230530164116], [-75.20950118561754, 39.92231219095886], [-75.20951915192323, 39.92231219095886]]}, "properties": {"confidence": "high"}}, {"type": "Feature", "geometry": {"type": "LineString", "coordinates": [[-75.20691403759929, 39.92231219095886], [-75.20691403759929, 39.92230530164116], [-75.2068960712936, 39.92230530164116], [-75.2068960712936, 39.92231219095886], [-75.20691403759929, 39.92231219095886]]}, "properties": {"confidence": "high"}}, {"type": "Feature", "geometry": {"type": "LineString", "coordinates": [[-75.20436282219238, 39.92231219095886], [-75.20436282219238, 39.92230530164116], [-75.20432688958101, 39.92230530164116], [-75.20432688958101, 39.92231219095886], [-75.20436282219238, 39.92231219095886]]}, "properties": {"confidence": "high"}}, {"type": "Feature", "geometry": {"type": "LineString", "coordinates": [[-75.20950118561754, 39.92230530164116], [-75.20950118561754, 39.92229841232277], [-75.2094922024647, 39.92229841232277], [-75.2094922024647, 39.92230530164116], [-75.20950118561754, 39.92230530164116]]}, "properties": {"confidence": "high"}}, {"type": "Feature", "geometry": {"type": "LineString", "coordinates": [[-75.20693200390497, 39.92230530164116], [-75.20693200390497, 39.92229841232277], [-75.20691403759929, 39.92229841232277], [-75.20691403759929, 39.92230530164116], [-75.20693200390497, 39.92230530164116]]}, "properties": {"confidence": "high"}}, {"type": "Feature", "geometry": {"type": "LineString", "coordinates": [[-75.20439875480375, 39.92230530164116], [-75.20439875480375, 39.92229841232277], [-75.20436282219238, 39.92229841232277], [-75.20436282219238, 39.92230530164116], [-75.20439875480375, 39.92230530164116]]}, "properties": {"confidence": "high"}}, {"type": "Feature", "geometry": {"type": "LineString", "coordinates": [[-75.2094922024647, 39.92229841232277], [-75.2094922024647, 39.922291523003686], [-75.20947423615902, 39.922291523003686], [-75.20947423615902, 39.92229841232277], [-75.2094922024647, 39.92229841232277]]}, "properties": {"confidence": "high"}}, {"type": "Feature", "geometry": {"type": "LineString", "coordinates": [[-75.2069409870578, 39.92229841232277], [-75.2069409870578, 39.922291523003686], [-75.20693200390497, 39.922291523003686], [-75.20693200390497, 39.92229841232277], [-75.2069409870578, 39.92229841232277]]}, "properties": {"confidence": "high"}}, {"type": "Feature", "geometry": {"type": "LineString", "coordinates": [[-75.20442570426226, 39.92229841232277], [-75.20442570426226, 39.922291523003686], [-75.20439875480375, 39.922291523003686], [-75.20439875480375, 39.92229841232277], [-75.20442570426226, 39.92229841232277]]}, "properties": {"confidence": "high"}}, {"type": "Feature", "geometry": {"type": "LineString", "coordinates": [[-75.20947423615902, 39.922291523003686], [-75.20947423615902, 39.92228463368391], [-75.2094472867005, 39.92228463368391], [-75.2094472867005, 39.922291523003686], [-75.20947423615902, 39.922291523003686]]}, "properties": {"confidence": "high"}}, {"type": "Feature", "geometry": {"type": "LineString", "coordinates": [[-75.2044526537208, 39.922291523003686], [-75.2044526537208, 39.92228463368391], [-75.20442570426226, 39.92228463368391], [-75.20442570426226, 39.922291523003686], [-75.2044526537208, 39.922291523003686]]}, "properties": {"confidence": "high"}}, {"type": "Feature", "geometry": {"type": "LineString", "coordinates": [[-75.20694997021064, 39.922291523003686], [-75.20694997021064, 39.922277744363434], [-75.2069409870578, 39.922277744363434], [-75.2069409870578, 39.922291523003686], [-75.20694997021064, 39.922291523003686]]}, "properties": {"confidence": "high"}}, {"type": "Feature", "geometry": {"type": "LineString", "coordinates": [[-75.2094472867005, 39.92228463368391], [-75.2094472867005, 39.922277744363434], [-75.20943830354766, 39.922277744363434], [-75.20943830354766, 39.92228463368391], [-75.2094472867005, 39.92228463368391]]}, "properties": {"confidence": "high"}}, {"type": "Feature", "geometry": {"type": "LineString", "coordinates": [[-75.20447062002647, 39.92228463368391], [-75.20447062002647, 39.922277744363434], [-75.2044526537208, 39.922277744363434], [-75.2044526537208, 39.92228463368391], [-75.20447062002647, 39.92228463368391]]}, "properties": {"confidence": "high"}}, {"type": "Feature", "geometry": {"type": "LineString", "coordinates": [[-75.20943830354766, 39.922277744363434], [-75.20943830354766, 39.92227085504227], [-75.20942033724198, 39.92227085504227], [-75.20942033724198, 39.922277744363434], [-75.20943830354766, 39.922277744363434]]}, "properties": {"confidence": "high"}}, {"type": "Feature", "geometry": {"type": "LineString", "coordinates": [[-75.2069589533635, 39.922277744363434], [-75.2069589533635, 39.92227085504227], [-75.20694997021064, 39.92227085504227], [-75.20694997021064, 39.922277744363434], [-75.2069589533635, 39.922277744363434]]}, "properties": {"confidence": "high"}}, {"type": "Feature", "geometry": {"type": "LineString", "coordinates": [[-75.204497569485, 39.922277744363434], [-75.204497569485, 39.92227085504227], [-75.20447062002647, 39.92227085504227], [-75.20447062002647, 39.922277744363434], [-75.204497569485, 39.922277744363434]]}, "properties": {"confidence": "high"}}, {"type": "Feature", "geometry": {"type": "LineString", "coordinates": [[-75.20942033724198, 39.92227085504227], [-75.20942033724198, 39.92226396572041], [-75.20940237093629, 39.92226396572041], [-75.20940237093629, 39.92227085504227], [-75.20942033724198, 39.92227085504227]]}, "properties": {"confidence": "high"}}, {"type": "Feature", "geometry": {"type": "LineString", "coordinates": [[-75.20451553579068, 39.92227085504227], [-75.20451553579068, 39.92226396572041], [-75.204497569485, 39.92226396572041], [-75.204497569485, 39.92227085504227], [-75.20451553579068, 39.92227085504227]]}, "properties": {"confidence": "high"}}, {"type": "Feature", "geometry": {"type": "LineString", "coordinates": [[-75.20940237093629, 39.92226396572041], [-75.20940237093629, 39.92225707639787], [-75.20938440463061, 39.92225707639787], [-75.20938440463061, 39.92226396572041], [-75.20940237093629, 39.92226396572041]]}, "properties": {"confidence": "high"}}, {"type": "Feature", "geometry": {"type": "LineString", "coordinates": [[-75.2045424852492, 39.92226396572041], [-75.2045424852492, 39.92225707639787], [-75.20451553579068, 39.92225707639787], [-75.20451553579068, 39.92226396572041], [-75.2045424852492, 39.92226396572041]]}, "properties": {"confidence": "high"}}, {"type": "Feature", "geometry": {"type": "LineString", "coordinates": [[-75.20938440463061, 39.92225707639787], [-75.20938440463061, 39.922250187074624], [-75.20936643832493, 39.922250187074624], [-75.20936643832493, 39.92225707639787], [-75.20938440463061, 39.92225707639787]]}, "properties": {"confidence": "high"}}, {"type": "Feature", "geometry": {"type": "LineString", "coordinates": [[-75.20456943470772, 39.92225707639787], [-75.20456943470772, 39.922250187074624], [-75.2045424852492, 39.922250187074624], [-75.2045424852492, 39.92225707639787], [-75.20456943470772, 39.92225707639787]]}, "properties": {"confidence": "high"}}, {"type": "Feature", "geometry": {"type": "LineString", "coordinates": [[-75.20936643832493, 39.922250187074624], [-75.20936643832493, 39.92224329775068], [-75.20934847201924, 39.92224329775068], [-75.20934847201924, 39.922250187074624], [-75.20936643832493, 39.922250187074624]]}, "properties": {"confidence": "high"}}, {"type": "Feature", "geometry": {"type": "LineString", "coordinates": [[-75.20461435047194, 39.922250187074624], [-75.20461435047194, 39.92224329775068], [-75.20456943470772, 39.92224329775068], [-75.20456943470772, 39.922250187074624], [-75.20461435047194, 39.922250187074624]]}, "properties": {"confidence": "high"}}, {"type": "Feature", "geometry": {"type": "LineString", "coordinates": [[-75.20934847201924, 39.92224329775068], [-75.20934847201924, 39.922236408426045], [-75.20933050571357, 39.922236408426045], [-75.20933050571357, 39.92224329775068], [-75.20934847201924, 39.92224329775068]]}, "properties": {"confidence": "high"}}, {"type": "Feature", "geometry": {"type": "LineString", "coordinates": [[-75.20465028308331, 39.92224329775068], [-75.20465028308331, 39.922236408426045], [-75.20461435047194, 39.922236408426045], [-75.20461435047194, 39.92224329775068], [-75.20465028308331, 39.92224329775068]]}, "properties": {"confidence": "high"}}, {"type": "Feature", "geometry": {"type": "LineString", "coordinates": [[-75.20470418200036, 39.922236408426045], [-75.20470418200036, 39.922229519100725], [-75.20465028308331, 39.922229519100725], [-75.20465028308331, 39.922236408426045], [-75.20470418200036, 39.922236408426045]]}, "properties": {"confidence": "high"}}, {"type": "Feature", "geometry": {"type": "LineString", "coordinates": [[-75.20933050571357, 39.922236408426045], [-75.20933050571357, 39.92222262977471], [-75.20932152256073, 39.92222262977471], [-75.20932152256073, 39.922236408426045], [-75.20933050571357, 39.922236408426045]]}, "properties": {"confidence": "high"}}, {"type": "Feature", "geometry": {"type": "LineString", "coordinates": [[-75.20474011461171, 39.922229519100725], [-75.20474011461171, 39.92222262977471], [-75.20470418200036, 39.92222262977471], [-75.20470418200036, 39.922229519100725], [-75.20474011461171, 39.922229519100725]]}, "properties": {"confidence": "high"}}, {"type": "Feature", "geometry": {"type": "LineString", "coordinates": [[-75.20479401352875, 39.92222262977471], [-75.20479401352875, 39.922215740447996], [-75.20474011461171, 39.922215740447996], [-75.20474011461171, 39.92222262977471], [-75.20479401352875, 39.92222262977471]]}, "properties": {"confidence": "high"}}, {"type": "Feature", "geometry": {"type": "LineString", "coordinates": [[-75.20923169103231, 39.922215740447996], [-75.20923169103231, 39.922208851120594], [-75.20919575842095, 39.922208851120594], [-75.20919575842095, 39.922215740447996], [-75.20923169103231, 39.922215740447996]]}, "properties": {"confidence": "high"}}, {"type": "Feature", "geometry": {"type": "LineString", "coordinates": [[-75.20483892929296, 39.922215740447996], [-75.20483892929296, 39.922208851120594], [-75.20479401352875, 39.922208851120594], [-75.20479401352875, 39.922215740447996], [-75.20483892929296, 39.922215740447996]]}, "properties": {"confidence": "high"}}, {"type": "Feature", "geometry": {"type": "LineString", "coordinates": [[-75.20919575842095, 39.922208851120594], [-75.20919575842095, 39.9222019617925], [-75.20917779211527, 39.9222019617925], [-75.20917779211527, 39.922208851120594], [-75.20919575842095, 39.922208851120594]]}, "properties": {"confidence": "high"}}, {"type": "Feature", "geometry": {"type": "LineString", "coordinates": [[-75.20489282821, 39.922208851120594], [-75.20489282821, 39.9222019617925], [-75.20483892929296, 39.9222019617925], [-75.20483892929296, 39.922208851120594], [-75.20489282821, 39.922208851120594]]}, "properties": {"confidence": "high"}}, {"type": "Feature", "geometry": {"type": "LineString", "coordinates": [[-75.20932152256073, 39.92222262977471], [-75.20932152256073, 39.922215740447996], [-75.20931253940788, 39.922215740447996], [-75.20931253940788, 39.92219507246371], [-75.20930355625504, 39.92219507246371], [-75.20930355625504, 39.922215740447996], [-75.20923169103231, 39.922215740447996], [-75.20923169103231, 39.92222262977471], [-75.20932152256073, 39.92222262977471]]}, "properties": {"confidence": "high"}}, {"type": "Feature", "geometry": {"type": "LineString", "coordinates": [[-75.20917779211527, 39.9222019617925], [-75.20917779211527, 39.92219507246371], [-75.20916880896243, 39.92219507246371], [-75.20916880896243, 39.9222019617925], [-75.20917779211527, 39.9222019617925]]}, "properties": {"confidence": "high"}}, {"type": "Feature", "geometry": {"type": "LineString", "coordinates": [[-75.20494672712705, 39.9222019617925], [-75.20494672712705, 39.92219507246371], [-75.20489282821, 39.92219507246371], [-75.20489282821, 39.9222019617925], [-75.20494672712705, 39.9222019617925]]}, "properties": {"confidence": "high"}}, {"type": "Feature", "geometry": {"type": "LineString", "coordinates": [[-75.20930355625504, 39.92219507246371], [-75.20930355625504, 39.922188183134224], [-75.2092945731022, 39.922188183134224], [-75.2092945731022, 39.92219507246371], [-75.20930355625504, 39.92219507246371]]}, "properties": {"confidence": "high"}}, {"type": "Feature", "geometry": {"type": "LineString", "coordinates": [[-75.20916880896243, 39.92219507246371], [-75.20916880896243, 39.922188183134224], [-75.20915084265674, 39.922188183134224], [-75.20915084265674, 39.92219507246371], [-75.20916880896243, 39.92219507246371]]}, "properties": {"confidence": "high"}}, {"type": "Feature", "geometry": {"type": "LineString", "coordinates": [[-75.2050006260441, 39.92219507246371], [-75.2050006260441, 39.922188183134224], [-75.20494672712705, 39.922188183134224], [-75.20494672712705, 39.92219507246371], [-75.2050006260441, 39.92219507246371]]}, "properties": {"confidence": "high"}}, {"type": "Feature", "geometry": {"type": "LineString", "coordinates": [[-75.20915084265674, 39.922188183134224], [-75.20915084265674, 39.92218129380405], [-75.20913287635106, 39.92218129380405], [-75.20913287635106, 39.922188183134224], [-75.20915084265674, 39.922188183134224]]}, "properties": {"confidence": "high"}}, {"type": "Feature", "geometry": {"type": "LineString", "coordinates": [[-75.2050455418083, 39.922188183134224], [-75.2050455418083, 39.92218129380405], [-75.2050006260441, 39.92218129380405], [-75.2050006260441, 39.922188183134224], [-75.2050455418083, 39.922188183134224]]}, "properties": {"confidence": "high"}}, {"type": "Feature", "geometry": {"type": "LineString", "coordinates": [[-75.2092945731022, 39.922188183134224], [-75.2092945731022, 39.92217440447318], [-75.20928558994936, 39.92217440447318], [-75.20928558994936, 39.922188183134224], [-75.2092945731022, 39.922188183134224]]}, "properties": {"confidence": "high"}}, {"type": "Feature", "geometry": {"type": "LineString", "coordinates": [[-75.20913287635106, 39.92218129380405], [-75.20913287635106, 39.92217440447318], [-75.20911491004537, 39.92217440447318], [-75.20911491004537, 39.92218129380405], [-75.20913287635106, 39.92218129380405]]}, "properties": {"confidence": "high"}}, {"type": "Feature", "geometry": {"type": "LineString", "coordinates": [[-75.20509045757251, 39.92218129380405], [-75.20509045757251, 39.92217440447318], [-75.2050455418083, 39.92217440447318], [-75.2050455418083, 39.92218129380405], [-75.20509045757251, 39.92218129380405]]}, "properties": {"confidence": "high"}}, {"type": "Feature", "geometry": {"type": "LineString", "coordinates": [[-75.20911491004537, 39.92217440447318], [-75.20911491004537, 39.922167515141616], [-75.20909694373968, 39.922167515141616], [-75.20909694373968, 39.92217440447318], [-75.20911491004537, 39.92217440447318]]}, "properties": {"confidence": "high"}}, {"type": "Feature", "geometry": {"type": "LineString", "coordinates": [[-75.20514435648955, 39.92217440447318], [-75.20514435648955, 39.922167515141616], [-75.20509045757251, 39.922167515141616], [-75.20509045757251, 39.92217440447318], [-75.20514435648955, 39.92217440447318]]}, "properties": {"confidence": "high"}}, {"type": "Feature", "geometry": {"type": "LineString", "coordinates": [[-75.20928558994936, 39.92217440447318], [-75.20928558994936, 39.92216062580936], [-75.20927660679652, 39.92216062580936], [-75.20927660679652, 39.92217440447318], [-75.20928558994936, 39.92217440447318]]}, "properties": {"confidence": "high"}}, {"type": "Feature", "geometry": {"type": "LineString", "coordinates": [[-75.20909694373968, 39.922167515141616], [-75.20909694373968, 39.92216062580936], [-75.209078977434, 39.92216062580936], [-75.209078977434, 39.922167515141616], [-75.20909694373968, 39.922167515141616]]}, "properties": {"confidence": "high"}}, {"type": "Feature", "geometry": {"type": "LineString", "coordinates": [[-75.20897117959991, 39.922167515141616], [-75.20897117959991, 39.92216062580936], [-75.20893524698855, 39.92216062580936], [-75.20893524698855, 39.922167515141616], [-75.20897117959991, 39.922167515141616]]}, "properties": {"confidence": "high"}}, {"type": "Feature", "geometry": {"type": "LineString", "coordinates": [[-75.20522520486514, 39.922167515141616], [-75.20522520486514, 39.92216062580936], [-75.20514435648955, 39.92216062580936], [-75.20514435648955, 39.922167515141616], [-75.20522520486514, 39.922167515141616]]}, "properties": {"confidence": "high"}}, {"type": "Feature", "geometry": {"type": "LineString", "coordinates": [[-75.20927660679652, 39.92216062580936], [-75.20927660679652, 39.92215373647641], [-75.20926762364368, 39.92215373647641], [-75.20926762364368, 39.92216062580936], [-75.20927660679652, 39.92216062580936]]}, "properties": {"confidence": "high"}}, {"type": "Feature", "geometry": {"type": "LineString", "coordinates": [[-75.20893524698855, 39.92216062580936], [-75.20893524698855, 39.92215373647641], [-75.20891728068287, 39.92215373647641], [-75.20891728068287, 39.92216062580936], [-75.20893524698855, 39.92216062580936]]}, "properties": {"confidence": "high"}}, {"type": "Feature", "geometry": {"type": "LineString", "coordinates": [[-75.20529707008787, 39.92216062580936], [-75.20529707008787, 39.92215373647641], [-75.20522520486514, 39.92215373647641], [-75.20522520486514, 39.92216062580936], [-75.20529707008787, 39.92216062580936]]}, "properties": {"confidence": "high"}}, {"type": "Feature", "geometry": {"type": "LineString", "coordinates": [[-75.20891728068287, 39.92215373647641], [-75.20891728068287, 39.92214684714277], [-75.20889033122434, 39.92214684714277], [-75.20889033122434, 39.92215373647641], [-75.20891728068287, 39.92215373647641]]}, "properties": {"confidence": "high"}}, {"type": "Feature", "geometry": {"type": "LineString", "coordinates": [[-75.20535995215775, 39.92215373647641], [-75.20535995215775, 39.92214684714277], [-75.20529707008787, 39.92214684714277], [-75.20529707008787, 39.92215373647641], [-75.20535995215775, 39.92215373647641]]}, "properties": {"confidence": "high"}}, {"type": "Feature", "geometry": {"type": "LineString", "coordinates": [[-75.20889033122434, 39.92214684714277], [-75.20889033122434, 39.92213995780844], [-75.20887236491866, 39.92213995780844], [-75.20887236491866, 39.92214684714277], [-75.20889033122434, 39.92214684714277]]}, "properties": {"confidence": "high"}}, {"type": "Feature", "geometry": {"type": "LineString", "coordinates": [[-75.20543181738049, 39.92214684714277], [-75.20543181738049, 39.92213995780844], [-75.20535995215775, 39.92213995780844], [-75.20535995215775, 39.92214684714277], [-75.20543181738049, 39.92214684714277]]}, "properties": {"confidence": "high"}}, {"type": "Feature", "geometry": {"type": "LineString", "coordinates": [[-75.20887236491866, 39.92213995780844], [-75.20887236491866, 39.92213306847341], [-75.20882744915446, 39.92213306847341], [-75.20882744915446, 39.92213995780844], [-75.20887236491866, 39.92213995780844]]}, "properties": {"confidence": "high"}}, {"type": "Feature", "geometry": {"type": "LineString", "coordinates": [[-75.20551266575605, 39.92213995780844], [-75.20551266575605, 39.92213306847341], [-75.20543181738049, 39.92213306847341], [-75.20543181738049, 39.92213995780844], [-75.20551266575605, 39.92213995780844]]}, "properties": {"confidence": "high"}}, {"type": "Feature", "geometry": {"type": "LineString", "coordinates": [[-75.20882744915446, 39.92213306847341], [-75.20882744915446, 39.922126179137685], [-75.20876456708457, 39.922126179137685], [-75.20876456708457, 39.92213306847341], [-75.20882744915446, 39.92213306847341]]}, "properties": {"confidence": "high"}}, {"type": "Feature", "geometry": {"type": "LineString", "coordinates": [[-75.20558453097878, 39.92213306847341], [-75.20558453097878, 39.922126179137685], [-75.20551266575605, 39.922126179137685], [-75.20551266575605, 39.92213306847341], [-75.20558453097878, 39.92213306847341]]}, "properties": {"confidence": "high"}}, {"type": "Feature", "geometry": {"type": "LineString", "coordinates": [[-75.20876456708457, 39.922126179137685], [-75.20876456708457, 39.92211928980127], [-75.20871066816753, 39.92211928980127], [-75.20871066816753, 39.922126179137685], [-75.20876456708457, 39.922126179137685]]}, "properties": {"confidence": "high"}}, {"type": "Feature", "geometry": {"type": "LineString", "coordinates": [[-75.20564741304867, 39.922126179137685], [-75.20564741304867, 39.92211928980127], [-75.20558453097878, 39.92211928980127], [-75.20558453097878, 39.922126179137685], [-75.20564741304867, 39.922126179137685]]}, "properties": {"confidence": "high"}}, {"type": "Feature", "geometry": {"type": "LineString", "coordinates": [[-75.20871066816753, 39.92211928980127], [-75.20871066816753, 39.922112400464165], [-75.208683718709, 39.922112400464165], [-75.208683718709, 39.92211928980127], [-75.20871066816753, 39.92211928980127]]}, "properties": {"confidence": "high"}}, {"type": "Feature", "geometry": {"type": "LineString", "coordinates": [[-75.20571927827139, 39.92211928980127], [-75.20571927827139, 39.922112400464165], [-75.20564741304867, 39.922112400464165], [-75.20564741304867, 39.92211928980127], [-75.20571927827139, 39.92211928980127]]}, "properties": {"confidence": "high"}}, {"type": "Feature", "geometry": {"type": "LineString", "coordinates": [[-75.208683718709, 39.922112400464165], [-75.208683718709, 39.92210551112637], [-75.20865676925048, 39.92210551112637], [-75.20865676925048, 39.922112400464165], [-75.208683718709, 39.922112400464165]]}, "properties": {"confidence": "high"}}, {"type": "Feature", "geometry": {"type": "LineString", "coordinates": [[-75.2057821603413, 39.922112400464165], [-75.2057821603413, 39.92210551112637], [-75.20571927827139, 39.92210551112637], [-75.20571927827139, 39.922112400464165], [-75.2057821603413, 39.922112400464165]]}, "properties": {"confidence": "high"}}, {"type": "Feature", "geometry": {"type": "LineString", "coordinates": [[-75.20865676925048, 39.92210551112637], [-75.20865676925048, 39.922098621787875], [-75.20862083663911, 39.922098621787875], [-75.20862083663911, 39.92210551112637], [-75.20865676925048, 39.92210551112637]]}, "properties": {"confidence": "high"}}, {"type": "Feature", "geometry": {"type": "LineString", "coordinates": [[-75.20579114349414, 39.92210551112637], [-75.20579114349414, 39.922098621787875], [-75.2057821603413, 39.922098621787875], [-75.2057821603413, 39.92210551112637], [-75.20579114349414, 39.92210551112637]]}, "properties": {"confidence": "high"}}, {"type": "Feature", "geometry": {"type": "LineString", "coordinates": [[-75.20862083663911, 39.922098621787875], [-75.20862083663911, 39.92209173244868], [-75.20859388718058, 39.92209173244868], [-75.20859388718058, 39.922098621787875], [-75.20862083663911, 39.922098621787875]]}, "properties": {"confidence": "high"}}, {"type": "Feature", "geometry": {"type": "LineString", "coordinates": [[-75.20772252135498, 39.922098621787875], [-75.20772252135498, 39.92209173244868], [-75.20771353820214, 39.92209173244868], [-75.20771353820214, 39.922098621787875], [-75.20772252135498, 39.922098621787875]]}, "properties": {"confidence": "high"}}, {"type": "Feature", "geometry": {"type": "LineString", "coordinates": [[-75.20580012664698, 39.922098621787875], [-75.20580012664698, 39.92209173244868], [-75.20579114349414, 39.92209173244868], [-75.20579114349414, 39.922098621787875], [-75.20580012664698, 39.922098621787875]]}, "properties": {"confidence": "high"}}, {"type": "Feature", "geometry": {"type": "LineString", "coordinates": [[-75.20859388718058, 39.92209173244868], [-75.20859388718058, 39.9220848431088], [-75.20853100511069, 39.9220848431088], [-75.20853100511069, 39.92209173244868], [-75.20859388718058, 39.92209173244868]]}, "properties": {"confidence": "high"}}, {"type": "Feature", "geometry": {"type": "LineString", "coordinates": [[-75.20775845396635, 39.92209173244868], [-75.20775845396635, 39.9220848431088], [-75.20772252135498, 39.9220848431088], [-75.20772252135498, 39.92209173244868], [-75.20775845396635, 39.92209173244868]]}, "properties": {"confidence": "high"}}, {"type": "Feature", "geometry": {"type": "LineString", "coordinates": [[-75.20580910979982, 39.92209173244868], [-75.20580910979982, 39.92207795376823], [-75.20580012664698, 39.92207795376823], [-75.20580012664698, 39.92209173244868], [-75.20580910979982, 39.92209173244868]]}, "properties": {"confidence": "high"}}, {"type": "Feature", "geometry": {"type": "LineString", "coordinates": [[-75.20853100511069, 39.9220848431088], [-75.20853100511069, 39.92207795376823], [-75.20850405565217, 39.92207795376823], [-75.20850405565217, 39.9220848431088], [-75.20853100511069, 39.9220848431088]]}, "properties": {"confidence": "high"}}, {"type": "Feature", "geometry": {"type": "LineString", "coordinates": [[-75.20848608934648, 39.9220848431088], [-75.20848608934648, 39.92207795376823], [-75.20847710619364, 39.92207795376823], [-75.20847710619364, 39.9220848431088], [-75.20848608934648, 39.9220848431088]]}, "properties": {"confidence": "high"}}, {"type": "Feature", "geometry": {"type": "LineString", "coordinates": [[-75.2078123528834, 39.9220848431088], [-75.2078123528834, 39.92207795376823], [-75.20775845396635, 39.92207795376823], [-75.20775845396635, 39.9220848431088], [-75.2078123528834, 39.9220848431088]]}, "properties": {"confidence": "high"}}, {"type": "Feature", "geometry": {"type": "LineString", "coordinates": [[-75.20850405565217, 39.92207795376823], [-75.20850405565217, 39.92207106442696], [-75.20848608934648, 39.92207106442696], [-75.20848608934648, 39.92207795376823], [-75.20850405565217, 39.92207795376823]]}, "properties": {"confidence": "high"}}, {"type": "Feature", "geometry": {"type": "LineString", "coordinates": [[-75.20787523495328, 39.92207795376823], [-75.20787523495328, 39.92207106442696], [-75.2078123528834, 39.92207106442696], [-75.2078123528834, 39.92207795376823], [-75.20787523495328, 39.92207795376823]]}, "properties": {"confidence": "high"}}, {"type": "Feature", "geometry": {"type": "LineString", "coordinates": [[-75.20792015071748, 39.92207106442696], [-75.20792015071748, 39.922064175085005], [-75.20787523495328, 39.922064175085005], [-75.20787523495328, 39.92207106442696], [-75.20792015071748, 39.92207106442696]]}, "properties": {"confidence": "high"}}, {"type": "Feature", "geometry": {"type": "LineString", "coordinates": [[-75.20877355023741, 39.922002170976164], [-75.20877355023741, 39.92199528162727], [-75.20875558393173, 39.92199528162727], [-75.20875558393173, 39.922002170976164], [-75.20877355023741, 39.922002170976164]]}, "properties": {"confidence": "high"}}, {"type": "Feature", "geometry": {"type": "LineString", "coordinates": [[-75.20875558393173, 39.92199528162727], [-75.20875558393173, 39.92198839227768], [-75.20873761762604, 39.92198839227768], [-75.20873761762604, 39.92199528162727], [-75.20875558393173, 39.92199528162727]]}, "properties": {"confidence": "high"}}, {"type": "Feature", "geometry": {"type": "LineString", "coordinates": [[-75.20873761762604, 39.92198839227768], [-75.20873761762604, 39.9219815029274], [-75.20866575240332, 39.9219815029274], [-75.20866575240332, 39.92198839227768], [-75.20873761762604, 39.92198839227768]]}, "properties": {"confidence": "high"}}, {"type": "Feature", "geometry": {"type": "LineString", "coordinates": [[-75.20866575240332, 39.9219815029274], [-75.20866575240332, 39.92197461357644], [-75.20862083663911, 39.92197461357644], [-75.20862083663911, 39.9219815029274], [-75.20866575240332, 39.9219815029274]]}, "properties": {"confidence": "high"}}, {"type": "Feature", "geometry": {"type": "LineString", "coordinates": [[-75.20862083663911, 39.92197461357644], [-75.20862083663911, 39.92196772422477], [-75.20859388718058, 39.92196772422477], [-75.20859388718058, 39.92197461357644], [-75.20862083663911, 39.92197461357644]]}, "properties": {"confidence": "high"}}, {"type": "Feature", "geometry": {"type": "LineString", "coordinates": [[-75.20859388718058, 39.92196772422477], [-75.20859388718058, 39.921960834872415], [-75.20856693772207, 39.921960834872415], [-75.20856693772207, 39.92196772422477], [-75.20859388718058, 39.92196772422477]]}, "properties": {"confidence": "high"}}, {"type": "Feature", "geometry": {"type": "LineString", "coordinates": [[-75.20856693772207, 39.921960834872415], [-75.20856693772207, 39.921953945519355], [-75.20853998826352, 39.921953945519355], [-75.20853998826352, 39.921960834872415], [-75.20856693772207, 39.921960834872415]]}, "properties": {"confidence": "high"}}, {"type": "Feature", "geometry": {"type": "LineString", "coordinates": [[-75.20853998826352, 39.921953945519355], [-75.20853998826352, 39.92194705616562], [-75.20851303880501, 39.92194705616562], [-75.20851303880501, 39.921953945519355], [-75.20853998826352, 39.921953945519355]]}, "properties": {"confidence": "high"}}, {"type": "Feature", "geometry": {"type": "LineString", "coordinates": [[-75.20851303880501, 39.92194705616562], [-75.20851303880501, 39.92194016681118], [-75.20845015673513, 39.92194016681118], [-75.20845015673513, 39.92194705616562], [-75.20851303880501, 39.92194705616562]]}, "properties": {"confidence": "high"}}, {"type": "Feature", "geometry": {"type": "LineString", "coordinates": [[-75.20845015673513, 39.92194016681118], [-75.20845015673513, 39.92193327745605], [-75.20836930835955, 39.92193327745605], [-75.20836930835955, 39.92194016681118], [-75.20845015673513, 39.92194016681118]]}, "properties": {"confidence": "high"}}, {"type": "Feature", "geometry": {"type": "LineString", "coordinates": [[-75.20836930835955, 39.92193327745605], [-75.20836930835955, 39.921926388100225], [-75.2083154094425, 39.921926388100225], [-75.2083154094425, 39.92193327745605], [-75.20836930835955, 39.92193327745605]]}, "properties": {"confidence": "high"}}, {"type": "Feature", "geometry": {"type": "LineString", "coordinates": [[-75.2083154094425, 39.921926388100225], [-75.2083154094425, 39.92191949874371], [-75.2081357463857, 39.92191949874371], [-75.2081357463857, 39.921926388100225], [-75.2083154094425, 39.921926388100225]]}, "properties": {"confidence": "high"}}, {"type": "Feature", "geometry": {"type": "LineString", "coordinates": [[-75.212699188029, 39.92003867848904], [-75.212699188029, 39.92002489939546], [-75.21269020487617, 39.92002489939546], [-75.21269020487617, 39.92003867848904], [-75.212699188029, 39.92003867848904]]}, "properties": {"confidence": "high"}}, {"type": "Feature", "geometry": {"type": "LineString", "coordinates": [[-75.21269020487617, 39.92002489939546], [-75.21269020487617, 39.920011120299094], [-75.21268122172333, 39.920011120299094], [-75.21268122172333, 39.92002489939546], [-75.21269020487617, 39.92002489939546]]}, "properties": {"confidence": "high"}}, {"type": "Feature", "geometry": {"type": "LineString", "coordinates": [[-75.21268122172333, 39.920011120299094], [-75.21268122172333, 39.91999734119996], [-75.21267223857049, 39.91999734119996], [-75.21267223857049, 39.920011120299094], [-75.21268122172333, 39.920011120299094]]}, "properties": {"confidence": "high"}}, {"type": "Feature", "geometry": {"type": "LineString", "coordinates": [[-75.21267223857049, 39.91999734119996], [-75.21267223857049, 39.919983562098054], [-75.21266325541765, 39.919983562098054], [-75.21266325541765, 39.91999734119996], [-75.21267223857049, 39.91999734119996]]}, "properties": {"confidence": "high"}}, {"type": "Feature", "geometry": {"type": "LineString", "coordinates": [[-75.21266325541765, 39.919983562098054], [-75.21266325541765, 39.919969782993384], [-75.21265427226481, 39.919969782993384], [-75.21265427226481, 39.919983562098054], [-75.21266325541765, 39.919983562098054]]}, "properties": {"confidence": "high"}}, {"type": "Feature", "geometry": {"type": "LineString", "coordinates": [[-75.21265427226481, 39.919969782993384], [-75.21265427226481, 39.91994911433116], [-75.21264528911196, 39.91994911433116], [-75.21264528911196, 39.919969782993384], [-75.21265427226481, 39.919969782993384]]}, "properties": {"confidence": "high"}}, {"type": "Feature", "geometry": {"type": "LineString", "coordinates": [[-75.21264528911196, 39.91994911433116], [-75.21264528911196, 39.919935335219556], [-75.21263630595912, 39.919935335219556], [-75.21263630595912, 39.91994911433116], [-75.21264528911196, 39.91994911433116]]}, "properties": {"confidence": "high"}}, {"type": "Feature", "geometry": {"type": "LineString", "coordinates": [[-75.21263630595912, 39.919935335219556], [-75.21263630595912, 39.919928445662705], [-75.21262732280628, 39.919928445662705], [-75.21262732280628, 39.919935335219556], [-75.21263630595912, 39.919935335219556]]}, "properties": {"confidence": "high"}}, {"type": "Feature", "geometry": {"type": "LineString", "coordinates": [[-75.21262732280628, 39.919928445662705], [-75.21262732280628, 39.91992155610517], [-75.21260935650061, 39.91992155610517], [-75.21260935650061, 39.919928445662705], [-75.21262732280628, 39.919928445662705]]}, "properties": {"confidence": "high"}}, {"type": "Feature", "geometry": {"type": "LineString", "coordinates": [[-75.21260935650061, 39.91992155610517], [-75.21260935650061, 39.919914666546944], [-75.21260037334777, 39.919914666546944], [-75.21260037334777, 39.91992155610517], [-75.21260935650061, 39.91992155610517]]}, "properties": {"confidence": "high"}}, {"type": "Feature", "geometry": {"type": "LineString", "coordinates": [[-75.21260037334777, 39.919914666546944], [-75.21260037334777, 39.91990777698802], [-75.21258240704208, 39.91990777698802], [-75.21258240704208, 39.919914666546944], [-75.21260037334777, 39.919914666546944]]}, "properties": {"confidence": "high"}}, {"type": "Feature", "geometry": {"type": "LineString", "coordinates": [[-75.21258240704208, 39.91990777698802], [-75.21258240704208, 39.9199008874284], [-75.2125644407364, 39.9199008874284], [-75.2125644407364, 39.91990777698802], [-75.21258240704208, 39.91990777698802]]}, "properties": {"confidence": "high"}}, {"type": "Feature", "geometry": {"type": "LineString", "coordinates": [[-75.2125644407364, 39.9199008874284], [-75.2125644407364, 39.919893997868094], [-75.21254647443071, 39.919893997868094], [-75.21254647443071, 39.9199008874284], [-75.2125644407364, 39.9199008874284]]}, "properties": {"confidence": "high"}}, {"type": "Feature", "geometry": {"type": "LineString", "coordinates": [[-75.21254647443071, 39.919893997868094], [-75.21254647443071, 39.91988710830709], [-75.21252850812502, 39.91988710830709], [-75.21252850812502, 39.919893997868094], [-75.21254647443071, 39.919893997868094]]}, "properties": {"confidence": "high"}}, {"type": "Feature", "geometry": {"type": "LineString", "coordinates": [[-75.21252850812502, 39.91988710830709], [-75.21252850812502, 39.91988021874539], [-75.21251054181934, 39.91988021874539], [-75.21251054181934, 39.91988710830709], [-75.21252850812502, 39.91988710830709]]}, "properties": {"confidence": "high"}}, {"type": "Feature", "geometry": {"type": "LineString", "coordinates": [[-75.21251054181934, 39.91988021874539], [-75.21251054181934, 39.919873329183], [-75.21249257551365, 39.919873329183], [-75.21249257551365, 39.91988021874539], [-75.21251054181934, 39.91988021874539]]}, "properties": {"confidence": "high"}}, {"type": "Feature", "geometry": {"type": "LineString", "coordinates": [[-75.21249257551365, 39.919873329183], [-75.21249257551365, 39.919866439619916], [-75.21248359236081, 39.919866439619916], [-75.21248359236081, 39.919873329183], [-75.21249257551365, 39.919873329183]]}, "properties": {"confidence": "high"}}, {"type": "Feature", "geometry": {"type": "LineString", "coordinates": [[-75.21248359236081, 39.919866439619916], [-75.21248359236081, 39.91985955005614], [-75.21246562605513, 39.91985955005614], [-75.21246562605513, 39.919866439619916], [-75.21248359236081, 39.919866439619916]]}, "properties": {"confidence": "high"}}, {"type": "Feature", "geometry": {"type": "LineString", "coordinates": [[-75.21246562605513, 39.91985955005614], [-75.21246562605513, 39.919852660491664], [-75.21244765974946, 39.919852660491664], [-75.21244765974946, 39.91985955005614], [-75.21246562605513, 39.91985955005614]]}, "properties": {"confidence": "high"}}, {"type": "Feature", "geometry": {"type": "LineString", "coordinates": [[-75.21244765974946, 39.919852660491664], [-75.21244765974946, 39.91984577092651], [-75.21242969344377, 39.91984577092651], [-75.21242969344377, 39.919852660491664], [-75.21244765974946, 39.919852660491664]]}, "properties": {"confidence": "high"}}, {"type": "Feature", "geometry": {"type": "LineString", "coordinates": [[-75.21242969344377, 39.91984577092651], [-75.21242969344377, 39.91983888136065], [-75.21241172713809, 39.91983888136065], [-75.21241172713809, 39.91984577092651], [-75.21242969344377, 39.91984577092651]]}, "properties": {"confidence": "high"}}, {"type": "Feature", "geometry": {"type": "LineString", "coordinates": [[-75.21241172713809, 39.91983888136065], [-75.21241172713809, 39.91983199179409], [-75.21239376083241, 39.91983199179409], [-75.21239376083241, 39.91983888136065], [-75.21241172713809, 39.91983888136065]]}, "properties": {"confidence": "high"}}, {"type": "Feature", "geometry": {"type": "LineString", "coordinates": [[-75.21239376083241, 39.91983199179409], [-75.21239376083241, 39.91982510222686], [-75.21236681137388, 39.91982510222686], [-75.21236681137388, 39.91983199179409], [-75.21239376083241, 39.91983199179409]]}, "properties": {"confidence": "high"}}, {"type": "Feature", "geometry": {"type": "LineString", "coordinates": [[-75.21236681137388, 39.91982510222686], [-75.21236681137388, 39.91981821265892], [-75.2123488450682, 39.91981821265892], [-75.2123488450682, 39.91982510222686], [-75.21236681137388, 39.91982510222686]]}, "properties": {"confidence": "high"}}, {"type": "Feature", "geometry": {"type": "LineString", "coordinates": [[-75.2123488450682, 39.91981821265892], [-75.2123488450682, 39.91981132309029], [-75.21233986191535, 39.91981132309029], [-75.21233986191535, 39.91981821265892], [-75.2123488450682, 39.91981821265892]]}, "properties": {"confidence": "high"}}, {"type": "Feature", "geometry": {"type": "LineString", "coordinates": [[-75.21233986191535, 39.91981132309029], [-75.21233986191535, 39.919804433520966], [-75.21232189560968, 39.919804433520966], [-75.21232189560968, 39.91981132309029], [-75.21233986191535, 39.91981132309029]]}, "properties": {"confidence": "high"}}, {"type": "Feature", "geometry": {"type": "LineString", "coordinates": [[-75.21232189560968, 39.919804433520966], [-75.21232189560968, 39.91979754395095], [-75.21231291245684, 39.91979754395095], [-75.21231291245684, 39.919804433520966], [-75.21232189560968, 39.919804433520966]]}, "properties": {"confidence": "high"}}, {"type": "Feature", "geometry": {"type": "LineString", "coordinates": [[-75.21231291245684, 39.91979754395095], [-75.21231291245684, 39.91979065438024], [-75.21229494615116, 39.91979065438024], [-75.21229494615116, 39.91979754395095], [-75.21231291245684, 39.91979754395095]]}, "properties": {"confidence": "high"}}, {"type": "Feature", "geometry": {"type": "LineString", "coordinates": [[-75.21229494615116, 39.91979065438024], [-75.21229494615116, 39.91978376480884], [-75.21227697984547, 39.91978376480884], [-75.21227697984547, 39.91979065438024], [-75.21229494615116, 39.91979065438024]]}, "properties": {"confidence": "high"}}, {"type": "Feature", "geometry": {"type": "LineString", "coordinates": [[-75.21227697984547, 39.91978376480884], [-75.21227697984547, 39.91977687523675], [-75.21225901353979, 39.91977687523675], [-75.21225901353979, 39.91978376480884], [-75.21227697984547, 39.91978376480884]]}, "properties": {"confidence": "high"}}, {"type": "Feature", "geometry": {"type": "LineString", "coordinates": [[-75.21225901353979, 39.91977687523675], [-75.21225901353979, 39.91976998566396], [-75.21224104723412, 39.91976998566396], [-75.21224104723412, 39.91977687523675], [-75.21225901353979, 39.91977687523675]]}, "properties": {"confidence": "high"}}, {"type": "Feature", "geometry": {"type": "LineString", "coordinates": [[-75.21224104723412, 39.91976998566396], [-75.21224104723412, 39.919763096090485], [-75.21222308092842, 39.919763096090485], [-75.21222308092842, 39.91976998566396], [-75.21224104723412, 39.91976998566396]]}, "properties": {"confidence": "high"}}, {"type": "Feature", "geometry": {"type": "LineString", "coordinates": [[-75.21222308092842, 39.919763096090485], [-75.21222308092842, 39.91975620651631], [-75.21220511462275, 39.91975620651631], [-75.21220511462275, 39.919763096090485], [-75.21222308092842, 39.919763096090485]]}, "properties": {"confidence": "high"}}, {"type": "Feature", "geometry": {"type": "LineString", "coordinates": [[-75.21220511462275, 39.91975620651631], [-75.21220511462275, 39.91974931694144], [-75.21218714831706, 39.91974931694144], [-75.21218714831706, 39.91975620651631], [-75.21220511462275, 39.91975620651631]]}, "properties": {"confidence": "high"}}, {"type": "Feature", "geometry": {"type": "LineString", "coordinates": [[-75.21218714831706, 39.91974931694144], [-75.21218714831706, 39.91974242736588], [-75.21216918201138, 39.91974242736588], [-75.21216918201138, 39.91974931694144], [-75.21218714831706, 39.91974931694144]]}, "properties": {"confidence": "high"}}, {"type": "Feature", "geometry": {"type": "LineString", "coordinates": [[-75.21216918201138, 39.91974242736588], [-75.21216918201138, 39.91973553778963], [-75.2121512157057, 39.91973553778963], [-75.2121512157057, 39.91974242736588], [-75.21216918201138, 39.91974242736588]]}, "properties": {"confidence": "high"}}, {"type": "Feature", "geometry": {"type": "LineString", "coordinates": [[-75.2121512157057, 39.91973553778963], [-75.2121512157057, 39.919728648212676], [-75.21213324940001, 39.919728648212676], [-75.21213324940001, 39.91973553778963], [-75.2121512157057, 39.91973553778963]]}, "properties": {"confidence": "high"}}, {"type": "Feature", "geometry": {"type": "LineString", "coordinates": [[-75.21213324940001, 39.919728648212676], [-75.21213324940001, 39.91972175863504], [-75.21211528309433, 39.91972175863504], [-75.21211528309433, 39.919728648212676], [-75.21213324940001, 39.919728648212676]]}, "properties": {"confidence": "high"}}, {"type": "Feature", "geometry": {"type": "LineString", "coordinates": [[-75.21211528309433, 39.91972175863504], [-75.21211528309433, 39.919714869056705], [-75.21209731678866, 39.919714869056705], [-75.21209731678866, 39.91972175863504], [-75.21211528309433, 39.91972175863504]]}, "properties": {"confidence": "high"}}, {"type": "Feature", "geometry": {"type": "LineString", "coordinates": [[-75.21209731678866, 39.919714869056705], [-75.21209731678866, 39.91970797947768], [-75.21207935048297, 39.91970797947768], [-75.21207935048297, 39.919714869056705], [-75.21209731678866, 39.919714869056705]]}, "properties": {"confidence": "high"}}, {"type": "Feature", "geometry": {"type": "LineString", "coordinates": [[-75.21207935048297, 39.91970797947768], [-75.21207935048297, 39.91970108989796], [-75.21206138417729, 39.91970108989796], [-75.21206138417729, 39.91970797947768], [-75.21207935048297, 39.91970797947768]]}, "properties": {"confidence": "high"}}, {"type": "Feature", "geometry": {"type": "LineString", "coordinates": [[-75.21206138417729, 39.91970108989796], [-75.21206138417729, 39.91969420031755], [-75.21205240102445, 39.91969420031755], [-75.21205240102445, 39.91970108989796], [-75.21206138417729, 39.91970108989796]]}, "properties": {"confidence": "high"}}, {"type": "Feature", "geometry": {"type": "LineString", "coordinates": [[-75.21205240102445, 39.91969420031755], [-75.21205240102445, 39.91968731073645], [-75.21203443471876, 39.91968731073645], [-75.21203443471876, 39.91969420031755], [-75.21205240102445, 39.91969420031755]]}, "properties": {"confidence": "high"}}, {"type": "Feature", "geometry": {"type": "LineString", "coordinates": [[-75.21203443471876, 39.91968731073645], [-75.21203443471876, 39.91968042115464], [-75.21201646841308, 39.91968042115464], [-75.21201646841308, 39.91968731073645], [-75.21203443471876, 39.91968731073645]]}, "properties": {"confidence": "high"}}, {"type": "Feature", "geometry": {"type": "LineString", "coordinates": [[-75.21201646841308, 39.91968042115464], [-75.21201646841308, 39.91967353157216], [-75.2119985021074, 39.91967353157216], [-75.2119985021074, 39.91968042115464], [-75.21201646841308, 39.91968042115464]]}, "properties": {"confidence": "high"}}, {"type": "Feature", "geometry": {"type": "LineString", "coordinates": [[-75.2119985021074, 39.91967353157216], [-75.2119985021074, 39.91966664198896], [-75.21198951895457, 39.91966664198896], [-75.21198951895457, 39.91967353157216], [-75.2119985021074, 39.91967353157216]]}, "properties": {"confidence": "high"}}, {"type": "Feature", "geometry": {"type": "LineString", "coordinates": [[-75.21198951895457, 39.91966664198896], [-75.21198951895457, 39.91965975240509], [-75.21195358634318, 39.91965975240509], [-75.21195358634318, 39.91966664198896], [-75.21198951895457, 39.91966664198896]]}, "properties": {"confidence": "high"}}, {"type": "Feature", "geometry": {"type": "LineString", "coordinates": [[-75.21195358634318, 39.91965975240509], [-75.21195358634318, 39.91965286282052], [-75.21193562003751, 39.91965286282052], [-75.21193562003751, 39.91965975240509], [-75.21195358634318, 39.91965975240509]]}, "properties": {"confidence": "high"}}, {"type": "Feature", "geometry": {"type": "LineString", "coordinates": [[-75.21193562003751, 39.91965286282052], [-75.21193562003751, 39.919645973235255], [-75.21192663688466, 39.919645973235255], [-75.21192663688466, 39.91965286282052], [-75.21193562003751, 39.91965286282052]]}, "properties": {"confidence": "high"}}, {"type": "Feature", "geometry": {"type": "LineString", "coordinates": [[-75.21192663688466, 39.919645973235255], [-75.21192663688466, 39.919639083649294], [-75.21190867057898, 39.919639083649294], [-75.21190867057898, 39.919645973235255], [-75.21192663688466, 39.919645973235255]]}, "properties": {"confidence": "high"}}, {"type": "Feature", "geometry": {"type": "LineString", "coordinates": [[-75.21190867057898, 39.919639083649294], [-75.21190867057898, 39.91963219406264], [-75.2118907042733, 39.91963219406264], [-75.2118907042733, 39.919639083649294], [-75.21190867057898, 39.919639083649294]]}, "properties": {"confidence": "high"}}, {"type": "Feature", "geometry": {"type": "LineString", "coordinates": [[-75.20352738897816, 39.919639083649294], [-75.20352738897816, 39.91963219406264], [-75.2035184058253, 39.91963219406264], [-75.2035184058253, 39.919639083649294], [-75.20352738897816, 39.919639083649294]]}, "properties": {"confidence": "high"}}, {"type": "Feature", "geometry": {"type": "LineString", "coordinates": [[-75.2118907042733, 39.91963219406264], [-75.2118907042733, 39.91962530447529], [-75.21187273796761, 39.91962530447529], [-75.21187273796761, 39.91963219406264], [-75.2118907042733, 39.91963219406264]]}, "properties": {"confidence": "high"}}, {"type": "Feature", "geometry": {"type": "LineString", "coordinates": [[-75.203536372131, 39.91963219406264], [-75.203536372131, 39.91962530447529], [-75.20352738897816, 39.91962530447529], [-75.20352738897816, 39.91963219406264], [-75.203536372131, 39.91963219406264]]}, "properties": {"confidence": "high"}}, {"type": "Feature", "geometry": {"type": "LineString", "coordinates": [[-75.21187273796761, 39.91962530447529], [-75.21187273796761, 39.91961841488726], [-75.21186375481477, 39.91961841488726], [-75.21186375481477, 39.91962530447529], [-75.21187273796761, 39.91962530447529]]}, "properties": {"confidence": "high"}}, {"type": "Feature", "geometry": {"type": "LineString", "coordinates": [[-75.20354535528384, 39.91962530447529], [-75.20354535528384, 39.91961152529853], [-75.203536372131, 39.91961152529853], [-75.203536372131, 39.91962530447529], [-75.20354535528384, 39.91962530447529]]}, "properties": {"confidence": "high"}}, {"type": "Feature", "geometry": {"type": "LineString", "coordinates": [[-75.21186375481477, 39.91961841488726], [-75.21186375481477, 39.91961152529853], [-75.2118457885091, 39.91961152529853], [-75.2118457885091, 39.91961841488726], [-75.21186375481477, 39.91961841488726]]}, "properties": {"confidence": "high"}}, {"type": "Feature", "geometry": {"type": "LineString", "coordinates": [[-75.2118457885091, 39.91961152529853], [-75.2118457885091, 39.9196046357091], [-75.21183680535626, 39.9196046357091], [-75.21183680535626, 39.91961152529853], [-75.2118457885091, 39.91961152529853]]}, "properties": {"confidence": "high"}}, {"type": "Feature", "geometry": {"type": "LineString", "coordinates": [[-75.20355433843667, 39.91961152529853], [-75.20355433843667, 39.9196046357091], [-75.20354535528384, 39.9196046357091], [-75.20354535528384, 39.91961152529853], [-75.20355433843667, 39.91961152529853]]}, "properties": {"confidence": "high"}}, {"type": "Feature", "geometry": {"type": "LineString", "coordinates": [[-75.21183680535626, 39.9196046357091], [-75.21183680535626, 39.91959774611899], [-75.21181883905057, 39.91959774611899], [-75.21181883905057, 39.9196046357091], [-75.21183680535626, 39.9196046357091]]}, "properties": {"confidence": "high"}}, {"type": "Feature", "geometry": {"type": "LineString", "coordinates": [[-75.20356332158951, 39.9196046357091], [-75.20356332158951, 39.919590856528174], [-75.20355433843667, 39.919590856528174], [-75.20355433843667, 39.9196046357091], [-75.20356332158951, 39.9196046357091]]}, "properties": {"confidence": "high"}}, {"type": "Feature", "geometry": {"type": "LineString", "coordinates": [[-75.21181883905057, 39.91959774611899], [-75.21181883905057, 39.919590856528174], [-75.21180985589773, 39.919590856528174], [-75.21180985589773, 39.91959774611899], [-75.21181883905057, 39.91959774611899]]}, "properties": {"confidence": "high"}}, {"type": "Feature", "geometry": {"type": "LineString", "coordinates": [[-75.21180985589773, 39.919590856528174], [-75.21180985589773, 39.91958396693668], [-75.21179188959205, 39.91958396693668], [-75.21179188959205, 39.919590856528174], [-75.21180985589773, 39.919590856528174]]}, "properties": {"confidence": "high"}}, {"type": "Feature", "geometry": {"type": "LineString", "coordinates": [[-75.20357230474237, 39.919590856528174], [-75.20357230474237, 39.91958396693668], [-75.20356332158951, 39.91958396693668], [-75.20356332158951, 39.919590856528174], [-75.20357230474237, 39.919590856528174]]}, "properties": {"confidence": "high"}}, {"type": "Feature", "geometry": {"type": "LineString", "coordinates": [[-75.21179188959205, 39.91958396693668], [-75.21179188959205, 39.91957707734448], [-75.21177392328636, 39.91957707734448], [-75.21177392328636, 39.91958396693668], [-75.21179188959205, 39.91958396693668]]}, "properties": {"confidence": "high"}}, {"type": "Feature", "geometry": {"type": "LineString", "coordinates": [[-75.2035812878952, 39.91958396693668], [-75.2035812878952, 39.91957018775159], [-75.20357230474237, 39.91957018775159], [-75.20357230474237, 39.91958396693668], [-75.2035812878952, 39.91958396693668]]}, "properties": {"confidence": "high"}}, {"type": "Feature", "geometry": {"type": "LineString", "coordinates": [[-75.21177392328636, 39.91957707734448], [-75.21177392328636, 39.91957018775159], [-75.21174697382784, 39.91957018775159], [-75.21174697382784, 39.91957707734448], [-75.21177392328636, 39.91957707734448]]}, "properties": {"confidence": "high"}}, {"type": "Feature", "geometry": {"type": "LineString", "coordinates": [[-75.21174697382784, 39.91957018775159], [-75.21174697382784, 39.91956329815801], [-75.21172900752217, 39.91956329815801], [-75.21172900752217, 39.91957018775159], [-75.21174697382784, 39.91957018775159]]}, "properties": {"confidence": "high"}}, {"type": "Feature", "geometry": {"type": "LineString", "coordinates": [[-75.20359027104804, 39.91957018775159], [-75.20359027104804, 39.91956329815801], [-75.2035812878952, 39.91956329815801], [-75.2035812878952, 39.91957018775159], [-75.20359027104804, 39.91957018775159]]}, "properties": {"confidence": "high"}}, {"type": "Feature", "geometry": {"type": "LineString", "coordinates": [[-75.21172900752217, 39.91956329815801], [-75.21172900752217, 39.919556408563736], [-75.21172002436931, 39.919556408563736], [-75.21172002436931, 39.91956329815801], [-75.21172900752217, 39.91956329815801]]}, "properties": {"confidence": "high"}}, {"type": "Feature", "geometry": {"type": "LineString", "coordinates": [[-75.20359925420088, 39.91956329815801], [-75.20359925420088, 39.919549518968765], [-75.20359027104804, 39.919549518968765], [-75.20359027104804, 39.91956329815801], [-75.20359925420088, 39.91956329815801]]}, "properties": {"confidence": "high"}}, {"type": "Feature", "geometry": {"type": "LineString", "coordinates": [[-75.21172002436931, 39.919556408563736], [-75.21172002436931, 39.919549518968765], [-75.21170205806364, 39.919549518968765], [-75.21170205806364, 39.919556408563736], [-75.21172002436931, 39.919556408563736]]}, "properties": {"confidence": "high"}}, {"type": "Feature", "geometry": {"type": "LineString", "coordinates": [[-75.21170205806364, 39.919549518968765], [-75.21170205806364, 39.919542629373105], [-75.21168409175796, 39.919542629373105], [-75.21168409175796, 39.919549518968765], [-75.21170205806364, 39.919549518968765]]}, "properties": {"confidence": "high"}}, {"type": "Feature", "geometry": {"type": "LineString", "coordinates": [[-75.20360823735372, 39.919549518968765], [-75.20360823735372, 39.91953573977674], [-75.20359925420088, 39.91953573977674], [-75.20359925420088, 39.919549518968765], [-75.20360823735372, 39.919549518968765]]}, "properties": {"confidence": "high"}}, {"type": "Feature", "geometry": {"type": "LineString", "coordinates": [[-75.21168409175796, 39.919542629373105], [-75.21168409175796, 39.91953573977674], [-75.21166612545227, 39.91953573977674], [-75.21166612545227, 39.919542629373105], [-75.21168409175796, 39.919542629373105]]}, "properties": {"confidence": "high"}}, {"type": "Feature", "geometry": {"type": "LineString", "coordinates": [[-75.21166612545227, 39.91953573977674], [-75.21166612545227, 39.91952885017969], [-75.21163917599375, 39.91952885017969], [-75.21163917599375, 39.91953573977674], [-75.21166612545227, 39.91953573977674]]}, "properties": {"confidence": "high"}}, {"type": "Feature", "geometry": {"type": "LineString", "coordinates": [[-75.20361722050656, 39.91953573977674], [-75.20361722050656, 39.91952885017969], [-75.20360823735372, 39.91952885017969], [-75.20360823735372, 39.91953573977674], [-75.20361722050656, 39.91953573977674]]}, "properties": {"confidence": "high"}}, {"type": "Feature", "geometry": {"type": "LineString", "coordinates": [[-75.21163917599375, 39.91952885017969], [-75.21163917599375, 39.91952196058195], [-75.21162120968806, 39.91952196058195], [-75.21162120968806, 39.91952885017969], [-75.21163917599375, 39.91952885017969]]}, "properties": {"confidence": "high"}}, {"type": "Feature", "geometry": {"type": "LineString", "coordinates": [[-75.20362620365941, 39.91952885017969], [-75.20362620365941, 39.91952196058195], [-75.20361722050656, 39.91952196058195], [-75.20361722050656, 39.91952885017969], [-75.20362620365941, 39.91952885017969]]}, "properties": {"confidence": "high"}}, {"type": "Feature", "geometry": {"type": "LineString", "coordinates": [[-75.21162120968806, 39.91952196058195], [-75.21162120968806, 39.91951507098352], [-75.21159426022955, 39.91951507098352], [-75.21159426022955, 39.91952196058195], [-75.21162120968806, 39.91952196058195]]}, "properties": {"confidence": "high"}}, {"type": "Feature", "geometry": {"type": "LineString", "coordinates": [[-75.20363518681225, 39.91952196058195], [-75.20363518681225, 39.919508181384394], [-75.20362620365941, 39.919508181384394], [-75.20362620365941, 39.91952196058195], [-75.20363518681225, 39.91952196058195]]}, "properties": {"confidence": "high"}}, {"type": "Feature", "geometry": {"type": "LineString", "coordinates": [[-75.21159426022955, 39.91951507098352], [-75.21159426022955, 39.919508181384394], [-75.21158527707671, 39.919508181384394], [-75.21158527707671, 39.91951507098352], [-75.21159426022955, 39.91951507098352]]}, "properties": {"confidence": "high"}}, {"type": "Feature", "geometry": {"type": "LineString", "coordinates": [[-75.21158527707671, 39.919508181384394], [-75.21158527707671, 39.91950129178456], [-75.21156731077102, 39.91950129178456], [-75.21156731077102, 39.919508181384394], [-75.21158527707671, 39.919508181384394]]}, "properties": {"confidence": "high"}}, {"type": "Feature", "geometry": {"type": "LineString", "coordinates": [[-75.20364416996509, 39.919508181384394], [-75.20364416996509, 39.91950129178456], [-75.20363518681225, 39.91950129178456], [-75.20363518681225, 39.919508181384394], [-75.20364416996509, 39.919508181384394]]}, "properties": {"confidence": "high"}}, {"type": "Feature", "geometry": {"type": "LineString", "coordinates": [[-75.21156731077102, 39.91950129178456], [-75.21156731077102, 39.91949440218406], [-75.21154934446534, 39.91949440218406], [-75.21154934446534, 39.91950129178456], [-75.21156731077102, 39.91950129178456]]}, "properties": {"confidence": "high"}}, {"type": "Feature", "geometry": {"type": "LineString", "coordinates": [[-75.20366213627076, 39.91950129178456], [-75.20366213627076, 39.91949440218406], [-75.20364416996509, 39.91949440218406], [-75.20364416996509, 39.91950129178456], [-75.20366213627076, 39.91950129178456]]}, "properties": {"confidence": "high"}}, {"type": "Feature", "geometry": {"type": "LineString", "coordinates": [[-75.21154934446534, 39.91949440218406], [-75.21154934446534, 39.91948751258285], [-75.21153137815966, 39.91948751258285], [-75.21153137815966, 39.91949440218406], [-75.21154934446534, 39.91949440218406]]}, "properties": {"confidence": "high"}}, {"type": "Feature", "geometry": {"type": "LineString", "coordinates": [[-75.20369806888213, 39.91949440218406], [-75.20369806888213, 39.91948751258285], [-75.20366213627076, 39.91948751258285], [-75.20366213627076, 39.91949440218406], [-75.20369806888213, 39.91949440218406]]}, "properties": {"confidence": "high"}}, {"type": "Feature", "geometry": {"type": "LineString", "coordinates": [[-75.21153137815966, 39.91948751258285], [-75.21153137815966, 39.91948062298095], [-75.21150442870113, 39.91948062298095], [-75.21150442870113, 39.91948751258285], [-75.21153137815966, 39.91948751258285]]}, "properties": {"confidence": "high"}}, {"type": "Feature", "geometry": {"type": "LineString", "coordinates": [[-75.20372501834066, 39.91948751258285], [-75.20372501834066, 39.91948062298095], [-75.20369806888213, 39.91948062298095], [-75.20369806888213, 39.91948751258285], [-75.20372501834066, 39.91948751258285]]}, "properties": {"confidence": "high"}}, {"type": "Feature", "geometry": {"type": "LineString", "coordinates": [[-75.21150442870113, 39.91948062298095], [-75.21150442870113, 39.919473733378354], [-75.21148646239546, 39.919473733378354], [-75.21148646239546, 39.91948062298095], [-75.21150442870113, 39.91948062298095]]}, "properties": {"confidence": "high"}}, {"type": "Feature", "geometry": {"type": "LineString", "coordinates": [[-75.20375196779918, 39.91948062298095], [-75.20375196779918, 39.919473733378354], [-75.20372501834066, 39.919473733378354], [-75.20372501834066, 39.91948062298095], [-75.20375196779918, 39.91948062298095]]}, "properties": {"confidence": "high"}}, {"type": "Feature", "geometry": {"type": "LineString", "coordinates": [[-75.21148646239546, 39.919473733378354], [-75.21148646239546, 39.91946684377507], [-75.21147747924262, 39.91946684377507], [-75.21147747924262, 39.919473733378354], [-75.21148646239546, 39.919473733378354]]}, "properties": {"confidence": "high"}}, {"type": "Feature", "geometry": {"type": "LineString", "coordinates": [[-75.20378790041055, 39.919473733378354], [-75.20378790041055, 39.91946684377507], [-75.20375196779918, 39.91946684377507], [-75.20375196779918, 39.919473733378354], [-75.20378790041055, 39.919473733378354]]}, "properties": {"confidence": "high"}}, {"type": "Feature", "geometry": {"type": "LineString", "coordinates": [[-75.21147747924262, 39.91946684377507], [-75.21147747924262, 39.91945995417109], [-75.21145951293693, 39.91945995417109], [-75.21145951293693, 39.91946684377507], [-75.21147747924262, 39.91946684377507]]}, "properties": {"confidence": "high"}}, {"type": "Feature", "geometry": {"type": "LineString", "coordinates": [[-75.20383281617475, 39.91946684377507], [-75.20383281617475, 39.91945995417109], [-75.20378790041055, 39.91945995417109], [-75.20378790041055, 39.91946684377507], [-75.20383281617475, 39.91946684377507]]}, "properties": {"confidence": "high"}}, {"type": "Feature", "geometry": {"type": "LineString", "coordinates": [[-75.21145951293693, 39.91945995417109], [-75.21145951293693, 39.91945306456642], [-75.21145052978409, 39.91945306456642], [-75.21145052978409, 39.91945995417109], [-75.21145951293693, 39.91945995417109]]}, "properties": {"confidence": "high"}}, {"type": "Feature", "geometry": {"type": "LineString", "coordinates": [[-75.2038687487861, 39.91945995417109], [-75.2038687487861, 39.91945306456642], [-75.20383281617475, 39.91945306456642], [-75.20383281617475, 39.91945995417109], [-75.2038687487861, 39.91945995417109]]}, "properties": {"confidence": "high"}}, {"type": "Feature", "geometry": {"type": "LineString", "coordinates": [[-75.21145052978409, 39.91945306456642], [-75.21145052978409, 39.919446174961045], [-75.21143256347841, 39.919446174961045], [-75.21143256347841, 39.91945306456642], [-75.21145052978409, 39.91945306456642]]}, "properties": {"confidence": "high"}}, {"type": "Feature", "geometry": {"type": "LineString", "coordinates": [[-75.20390468139747, 39.91945306456642], [-75.20390468139747, 39.919446174961045], [-75.2038687487861, 39.919446174961045], [-75.2038687487861, 39.91945306456642], [-75.20390468139747, 39.91945306456642]]}, "properties": {"confidence": "high"}}, {"type": "Feature", "geometry": {"type": "LineString", "coordinates": [[-75.21143256347841, 39.919446174961045], [-75.21143256347841, 39.91943928535499], [-75.21141459717272, 39.91943928535499], [-75.21141459717272, 39.919446174961045], [-75.21143256347841, 39.919446174961045]]}, "properties": {"confidence": "high"}}, {"type": "Feature", "geometry": {"type": "LineString", "coordinates": [[-75.20394061400884, 39.919446174961045], [-75.20394061400884, 39.91943928535499], [-75.20390468139747, 39.91943928535499], [-75.20390468139747, 39.919446174961045], [-75.20394061400884, 39.919446174961045]]}, "properties": {"confidence": "high"}}, {"type": "Feature", "geometry": {"type": "LineString", "coordinates": [[-75.21141459717272, 39.91943928535499], [-75.21141459717272, 39.91943239574824], [-75.21139663086703, 39.91943239574824], [-75.21139663086703, 39.91943928535499], [-75.21141459717272, 39.91943928535499]]}, "properties": {"confidence": "high"}}, {"type": "Feature", "geometry": {"type": "LineString", "coordinates": [[-75.20398552977305, 39.91943928535499], [-75.20398552977305, 39.91943239574824], [-75.20394061400884, 39.91943239574824], [-75.20394061400884, 39.91943928535499], [-75.20398552977305, 39.91943928535499]]}, "properties": {"confidence": "high"}}, {"type": "Feature", "geometry": {"type": "LineString", "coordinates": [[-75.21139663086703, 39.91943239574824], [-75.21139663086703, 39.91942550614079], [-75.21137866456135, 39.91942550614079], [-75.21137866456135, 39.91943239574824], [-75.21139663086703, 39.91943239574824]]}, "properties": {"confidence": "high"}}, {"type": "Feature", "geometry": {"type": "LineString", "coordinates": [[-75.20401247923157, 39.91943239574824], [-75.20401247923157, 39.91942550614079], [-75.20398552977305, 39.91942550614079], [-75.20398552977305, 39.91943239574824], [-75.20401247923157, 39.91943239574824]]}, "properties": {"confidence": "high"}}, {"type": "Feature", "geometry": {"type": "LineString", "coordinates": [[-75.21137866456135, 39.91942550614079], [-75.21137866456135, 39.91941861653265], [-75.21136069825566, 39.91941861653265], [-75.21136069825566, 39.91942550614079], [-75.21137866456135, 39.91942550614079]]}, "properties": {"confidence": "high"}}, {"type": "Feature", "geometry": {"type": "LineString", "coordinates": [[-75.20404841184295, 39.91942550614079], [-75.20404841184295, 39.91941861653265], [-75.20401247923157, 39.91941861653265], [-75.20401247923157, 39.91942550614079], [-75.20404841184295, 39.91942550614079]]}, "properties": {"confidence": "high"}}, {"type": "Feature", "geometry": {"type": "LineString", "coordinates": [[-75.21136069825566, 39.91941861653265], [-75.21136069825566, 39.91941172692382], [-75.21135171510282, 39.91941172692382], [-75.21135171510282, 39.91941861653265], [-75.21136069825566, 39.91941861653265]]}, "properties": {"confidence": "high"}}, {"type": "Feature", "geometry": {"type": "LineString", "coordinates": [[-75.20407536130146, 39.91941861653265], [-75.20407536130146, 39.91941172692382], [-75.20404841184295, 39.91941172692382], [-75.20404841184295, 39.91941861653265], [-75.20407536130146, 39.91941861653265]]}, "properties": {"confidence": "high"}}, {"type": "Feature", "geometry": {"type": "LineString", "coordinates": [[-75.21135171510282, 39.91941172692382], [-75.21135171510282, 39.91940483731428], [-75.21133374879714, 39.91940483731428], [-75.21133374879714, 39.91941172692382], [-75.21135171510282, 39.91941172692382]]}, "properties": {"confidence": "high"}}, {"type": "Feature", "geometry": {"type": "LineString", "coordinates": [[-75.20412027706567, 39.91941172692382], [-75.20412027706567, 39.91940483731428], [-75.20407536130146, 39.91940483731428], [-75.20407536130146, 39.91941172692382], [-75.20412027706567, 39.91941172692382]]}, "properties": {"confidence": "high"}}, {"type": "Feature", "geometry": {"type": "LineString", "coordinates": [[-75.21133374879714, 39.91940483731428], [-75.21133374879714, 39.91939794770407], [-75.21131578249147, 39.91939794770407], [-75.21131578249147, 39.91940483731428], [-75.21133374879714, 39.91940483731428]]}, "properties": {"confidence": "high"}}, {"type": "Feature", "geometry": {"type": "LineString", "coordinates": [[-75.20415620967704, 39.91940483731428], [-75.20415620967704, 39.91939794770407], [-75.20412027706567, 39.91939794770407], [-75.20412027706567, 39.91940483731428], [-75.20415620967704, 39.91940483731428]]}, "properties": {"confidence": "high"}}, {"type": "Feature", "geometry": {"type": "LineString", "coordinates": [[-75.21131578249147, 39.91939794770407], [-75.21131578249147, 39.91939105809315], [-75.21129781618578, 39.91939105809315], [-75.21129781618578, 39.91939794770407], [-75.21131578249147, 39.91939794770407]]}, "properties": {"confidence": "high"}}, {"type": "Feature", "geometry": {"type": "LineString", "coordinates": [[-75.2041921422884, 39.91939794770407], [-75.2041921422884, 39.91939105809315], [-75.20415620967704, 39.91939105809315], [-75.20415620967704, 39.91939794770407], [-75.2041921422884, 39.91939794770407]]}, "properties": {"confidence": "high"}}, {"type": "Feature", "geometry": {"type": "LineString", "coordinates": [[-75.21129781618578, 39.91939105809315], [-75.21129781618578, 39.91938416848155], [-75.2112798498801, 39.91938416848155], [-75.2112798498801, 39.91939105809315], [-75.21129781618578, 39.91939105809315]]}, "properties": {"confidence": "high"}}, {"type": "Feature", "geometry": {"type": "LineString", "coordinates": [[-75.20424604120545, 39.91939105809315], [-75.20424604120545, 39.91938416848155], [-75.2041921422884, 39.91938416848155], [-75.2041921422884, 39.91939105809315], [-75.20424604120545, 39.91939105809315]]}, "properties": {"confidence": "high"}}, {"type": "Feature", "geometry": {"type": "LineString", "coordinates": [[-75.2112798498801, 39.91938416848155], [-75.2112798498801, 39.91937727886925], [-75.21126188357441, 39.91937727886925], [-75.21126188357441, 39.91938416848155], [-75.2112798498801, 39.91938416848155]]}, "properties": {"confidence": "high"}}, {"type": "Feature", "geometry": {"type": "LineString", "coordinates": [[-75.20427299066397, 39.91938416848155], [-75.20427299066397, 39.91937727886925], [-75.20424604120545, 39.91937727886925], [-75.20424604120545, 39.91938416848155], [-75.20427299066397, 39.91938416848155]]}, "properties": {"confidence": "high"}}, {"type": "Feature", "geometry": {"type": "LineString", "coordinates": [[-75.21126188357441, 39.91937727886925], [-75.21126188357441, 39.91937038925626], [-75.2112349341159, 39.91937038925626], [-75.2112349341159, 39.91937727886925], [-75.21126188357441, 39.91937727886925]]}, "properties": {"confidence": "high"}}, {"type": "Feature", "geometry": {"type": "LineString", "coordinates": [[-75.20430892327533, 39.91937727886925], [-75.20430892327533, 39.91937038925626], [-75.20427299066397, 39.91937038925626], [-75.20427299066397, 39.91937727886925], [-75.20430892327533, 39.91937727886925]]}, "properties": {"confidence": "high"}}, {"type": "Feature", "geometry": {"type": "LineString", "coordinates": [[-75.2112349341159, 39.91937038925626], [-75.2112349341159, 39.91936349964258], [-75.21122595096305, 39.91936349964258], [-75.21122595096305, 39.91937038925626], [-75.2112349341159, 39.91937038925626]]}, "properties": {"confidence": "high"}}, {"type": "Feature", "geometry": {"type": "LineString", "coordinates": [[-75.2043448558867, 39.91937038925626], [-75.2043448558867, 39.91936349964258], [-75.20430892327533, 39.91936349964258], [-75.20430892327533, 39.91937038925626], [-75.2043448558867, 39.91937038925626]]}, "properties": {"confidence": "high"}}, {"type": "Feature", "geometry": {"type": "LineString", "coordinates": [[-75.21122595096305, 39.91936349964258], [-75.21122595096305, 39.9193566100282], [-75.21120798465736, 39.9193566100282], [-75.21120798465736, 39.91936349964258], [-75.21122595096305, 39.91936349964258]]}, "properties": {"confidence": "high"}}, {"type": "Feature", "geometry": {"type": "LineString", "coordinates": [[-75.20437180534522, 39.91936349964258], [-75.20437180534522, 39.9193566100282], [-75.2043448558867, 39.9193566100282], [-75.2043448558867, 39.91936349964258], [-75.20437180534522, 39.91936349964258]]}, "properties": {"confidence": "high"}}, {"type": "Feature", "geometry": {"type": "LineString", "coordinates": [[-75.21120798465736, 39.9193566100282], [-75.21120798465736, 39.91934972041313], [-75.21119001835169, 39.91934972041313], [-75.21119001835169, 39.9193566100282], [-75.21120798465736, 39.9193566100282]]}, "properties": {"confidence": "high"}}, {"type": "Feature", "geometry": {"type": "LineString", "coordinates": [[-75.20439875480375, 39.9193566100282], [-75.20439875480375, 39.91934972041313], [-75.20437180534522, 39.91934972041313], [-75.20437180534522, 39.9193566100282], [-75.20439875480375, 39.9193566100282]]}, "properties": {"confidence": "high"}}, {"type": "Feature", "geometry": {"type": "LineString", "coordinates": [[-75.21119001835169, 39.91934972041313], [-75.21119001835169, 39.91934283079736], [-75.21117205204601, 39.91934283079736], [-75.21117205204601, 39.91934972041313], [-75.21119001835169, 39.91934972041313]]}, "properties": {"confidence": "high"}}, {"type": "Feature", "geometry": {"type": "LineString", "coordinates": [[-75.2044526537208, 39.91934972041313], [-75.2044526537208, 39.91934283079736], [-75.20439875480375, 39.91934283079736], [-75.20439875480375, 39.91934972041313], [-75.2044526537208, 39.91934972041313]]}, "properties": {"confidence": "high"}}, {"type": "Feature", "geometry": {"type": "LineString", "coordinates": [[-75.21117205204601, 39.91934283079736], [-75.21117205204601, 39.919335941180904], [-75.21114510258748, 39.919335941180904], [-75.21114510258748, 39.91934283079736], [-75.21117205204601, 39.91934283079736]]}, "properties": {"confidence": "high"}}, {"type": "Feature", "geometry": {"type": "LineString", "coordinates": [[-75.20447062002647, 39.91934283079736], [-75.20447062002647, 39.919335941180904], [-75.2044526537208, 39.919335941180904], [-75.2044526537208, 39.91934283079736], [-75.20447062002647, 39.91934283079736]]}, "properties": {"confidence": "high"}}, {"type": "Feature", "geometry": {"type": "LineString", "coordinates": [[-75.21114510258748, 39.919335941180904], [-75.21114510258748, 39.91932905156376], [-75.21113611943464, 39.91932905156376], [-75.21113611943464, 39.919335941180904], [-75.21114510258748, 39.919335941180904]]}, "properties": {"confidence": "high"}}, {"type": "Feature", "geometry": {"type": "LineString", "coordinates": [[-75.20451553579068, 39.919335941180904], [-75.20451553579068, 39.91932905156376], [-75.20447062002647, 39.91932905156376], [-75.20447062002647, 39.919335941180904], [-75.20451553579068, 39.919335941180904]]}, "properties": {"confidence": "high"}}, {"type": "Feature", "geometry": {"type": "LineString", "coordinates": [[-75.21113611943464, 39.91932905156376], [-75.21113611943464, 39.919322161945914], [-75.21111815312896, 39.919322161945914], [-75.21111815312896, 39.91932905156376], [-75.21113611943464, 39.91932905156376]]}, "properties": {"confidence": "high"}}, {"type": "Feature", "geometry": {"type": "LineString", "coordinates": [[-75.20456943470772, 39.91932905156376], [-75.20456943470772, 39.919322161945914], [-75.20451553579068, 39.919322161945914], [-75.20451553579068, 39.91932905156376], [-75.20456943470772, 39.91932905156376]]}, "properties": {"confidence": "high"}}, {"type": "Feature", "geometry": {"type": "LineString", "coordinates": [[-75.21111815312896, 39.919322161945914], [-75.21111815312896, 39.919315272327374], [-75.21110018682327, 39.919315272327374], [-75.21110018682327, 39.919322161945914], [-75.21111815312896, 39.919322161945914]]}, "properties": {"confidence": "high"}}, {"type": "Feature", "geometry": {"type": "LineString", "coordinates": [[-75.2046053673191, 39.919322161945914], [-75.2046053673191, 39.919315272327374], [-75.20456943470772, 39.919315272327374], [-75.20456943470772, 39.919322161945914], [-75.2046053673191, 39.919322161945914]]}, "properties": {"confidence": "high"}}, {"type": "Feature", "geometry": {"type": "LineString", "coordinates": [[-75.21110018682327, 39.919315272327374], [-75.21110018682327, 39.919308382708145], [-75.21109120367043, 39.919308382708145], [-75.21109120367043, 39.919315272327374], [-75.21110018682327, 39.919315272327374]]}, "properties": {"confidence": "high"}}, {"type": "Feature", "geometry": {"type": "LineString", "coordinates": [[-75.20463231677762, 39.919315272327374], [-75.20463231677762, 39.919308382708145], [-75.2046053673191, 39.919308382708145], [-75.2046053673191, 39.919315272327374], [-75.20463231677762, 39.919315272327374]]}, "properties": {"confidence": "high"}}, {"type": "Feature", "geometry": {"type": "LineString", "coordinates": [[-75.21109120367043, 39.919308382708145], [-75.21109120367043, 39.91930149308823], [-75.21107323736476, 39.91930149308823], [-75.21107323736476, 39.919308382708145], [-75.21109120367043, 39.919308382708145]]}, "properties": {"confidence": "high"}}, {"type": "Feature", "geometry": {"type": "LineString", "coordinates": [[-75.20468621569466, 39.919308382708145], [-75.20468621569466, 39.91930149308823], [-75.20463231677762, 39.91930149308823], [-75.20463231677762, 39.919308382708145], [-75.20468621569466, 39.919308382708145]]}, "properties": {"confidence": "high"}}, {"type": "Feature", "geometry": {"type": "LineString", "coordinates": [[-75.21107323736476, 39.91930149308823], [-75.21107323736476, 39.919294603467605], [-75.21105527105907, 39.919294603467605], [-75.21105527105907, 39.91930149308823], [-75.21107323736476, 39.91930149308823]]}, "properties": {"confidence": "high"}}, {"type": "Feature", "geometry": {"type": "LineString", "coordinates": [[-75.20473113145887, 39.91930149308823], [-75.20473113145887, 39.919294603467605], [-75.20468621569466, 39.919294603467605], [-75.20468621569466, 39.91930149308823], [-75.20473113145887, 39.91930149308823]]}, "properties": {"confidence": "high"}}, {"type": "Feature", "geometry": {"type": "LineString", "coordinates": [[-75.21105527105907, 39.919294603467605], [-75.21105527105907, 39.919287713846295], [-75.21103730475339, 39.919287713846295], [-75.21103730475339, 39.919294603467605], [-75.21105527105907, 39.919294603467605]]}, "properties": {"confidence": "high"}}, {"type": "Feature", "geometry": {"type": "LineString", "coordinates": [[-75.20476706407024, 39.919294603467605], [-75.20476706407024, 39.919287713846295], [-75.20473113145887, 39.919287713846295], [-75.20473113145887, 39.919294603467605], [-75.20476706407024, 39.919294603467605]]}, "properties": {"confidence": "high"}}, {"type": "Feature", "geometry": {"type": "LineString", "coordinates": [[-75.21103730475339, 39.919287713846295], [-75.21103730475339, 39.919280824224295], [-75.21101933844771, 39.919280824224295], [-75.21101933844771, 39.919287713846295], [-75.21103730475339, 39.919287713846295]]}, "properties": {"confidence": "high"}}, {"type": "Feature", "geometry": {"type": "LineString", "coordinates": [[-75.20479401352875, 39.919287713846295], [-75.20479401352875, 39.919280824224295], [-75.20476706407024, 39.919280824224295], [-75.20476706407024, 39.919287713846295], [-75.20479401352875, 39.919287713846295]]}, "properties": {"confidence": "high"}}, {"type": "Feature", "geometry": {"type": "LineString", "coordinates": [[-75.21101933844771, 39.919280824224295], [-75.21101933844771, 39.9192739346016], [-75.21101035529487, 39.9192739346016], [-75.21101035529487, 39.919280824224295], [-75.21101933844771, 39.919280824224295]]}, "properties": {"confidence": "high"}}, {"type": "Feature", "geometry": {"type": "LineString", "coordinates": [[-75.20483892929296, 39.919280824224295], [-75.20483892929296, 39.9192739346016], [-75.20479401352875, 39.9192739346016], [-75.20479401352875, 39.919280824224295], [-75.20483892929296, 39.919280824224295]]}, "properties": {"confidence": "high"}}, {"type": "Feature", "geometry": {"type": "LineString", "coordinates": [[-75.21101035529487, 39.9192739346016], [-75.21101035529487, 39.919267044978206], [-75.21099238898918, 39.919267044978206], [-75.21099238898918, 39.9192739346016], [-75.21101035529487, 39.9192739346016]]}, "properties": {"confidence": "high"}}, {"type": "Feature", "geometry": {"type": "LineString", "coordinates": [[-75.20487486190433, 39.9192739346016], [-75.20487486190433, 39.919267044978206], [-75.20483892929296, 39.919267044978206], [-75.20483892929296, 39.9192739346016], [-75.20487486190433, 39.9192739346016]]}, "properties": {"confidence": "high"}}, {"type": "Feature", "geometry": {"type": "LineString", "coordinates": [[-75.21099238898918, 39.919267044978206], [-75.21099238898918, 39.91926015535413], [-75.2109744226835, 39.91926015535413], [-75.2109744226835, 39.919267044978206], [-75.21099238898918, 39.919267044978206]]}, "properties": {"confidence": "high"}}, {"type": "Feature", "geometry": {"type": "LineString", "coordinates": [[-75.2049107945157, 39.919267044978206], [-75.2049107945157, 39.91926015535413], [-75.20487486190433, 39.91926015535413], [-75.20487486190433, 39.919267044978206], [-75.2049107945157, 39.919267044978206]]}, "properties": {"confidence": "high"}}, {"type": "Feature", "geometry": {"type": "LineString", "coordinates": [[-75.2109744226835, 39.91926015535413], [-75.2109744226835, 39.91925326572935], [-75.21095645637782, 39.91925326572935], [-75.21095645637782, 39.91926015535413], [-75.2109744226835, 39.91926015535413]]}, "properties": {"confidence": "high"}}, {"type": "Feature", "geometry": {"type": "LineString", "coordinates": [[-75.20494672712705, 39.91926015535413], [-75.20494672712705, 39.91925326572935], [-75.2049107945157, 39.91925326572935], [-75.2049107945157, 39.91926015535413], [-75.20494672712705, 39.91926015535413]]}, "properties": {"confidence": "high"}}, {"type": "Feature", "geometry": {"type": "LineString", "coordinates": [[-75.21095645637782, 39.91925326572935], [-75.21095645637782, 39.91924637610388], [-75.21094747322498, 39.91924637610388], [-75.21094747322498, 39.91925326572935], [-75.21095645637782, 39.91925326572935]]}, "properties": {"confidence": "high"}}, {"type": "Feature", "geometry": {"type": "LineString", "coordinates": [[-75.20498265973842, 39.91925326572935], [-75.20498265973842, 39.91924637610388], [-75.20494672712705, 39.91924637610388], [-75.20494672712705, 39.91925326572935], [-75.20498265973842, 39.91925326572935]]}, "properties": {"confidence": "high"}}, {"type": "Feature", "geometry": {"type": "LineString", "coordinates": [[-75.21094747322498, 39.91924637610388], [-75.21094747322498, 39.91923948647772], [-75.2109295069193, 39.91923948647772], [-75.2109295069193, 39.91924637610388], [-75.21094747322498, 39.91924637610388]]}, "properties": {"confidence": "high"}}, {"type": "Feature", "geometry": {"type": "LineString", "coordinates": [[-75.20502757550263, 39.91924637610388], [-75.20502757550263, 39.91923948647772], [-75.20498265973842, 39.91923948647772], [-75.20498265973842, 39.91924637610388], [-75.20502757550263, 39.91924637610388]]}, "properties": {"confidence": "high"}}, {"type": "Feature", "geometry": {"type": "LineString", "coordinates": [[-75.2109295069193, 39.91923948647772], [-75.2109295069193, 39.91923259685086], [-75.21091154061362, 39.91923259685086], [-75.21091154061362, 39.91923948647772], [-75.2109295069193, 39.91923948647772]]}, "properties": {"confidence": "high"}}, {"type": "Feature", "geometry": {"type": "LineString", "coordinates": [[-75.205063508114, 39.91923948647772], [-75.205063508114, 39.91923259685086], [-75.20502757550263, 39.91923259685086], [-75.20502757550263, 39.91923948647772], [-75.205063508114, 39.91923948647772]]}, "properties": {"confidence": "high"}}, {"type": "Feature", "geometry": {"type": "LineString", "coordinates": [[-75.21091154061362, 39.91923259685086], [-75.21091154061362, 39.91922570722332], [-75.21089357430793, 39.91922570722332], [-75.21089357430793, 39.91923259685086], [-75.21091154061362, 39.91923259685086]]}, "properties": {"confidence": "high"}}, {"type": "Feature", "geometry": {"type": "LineString", "coordinates": [[-75.20509045757251, 39.91923259685086], [-75.20509045757251, 39.91922570722332], [-75.205063508114, 39.91922570722332], [-75.205063508114, 39.91923259685086], [-75.20509045757251, 39.91923259685086]]}, "properties": {"confidence": "high"}}, {"type": "Feature", "geometry": {"type": "LineString", "coordinates": [[-75.21089357430793, 39.91922570722332], [-75.21089357430793, 39.91921881759507], [-75.21087560800225, 39.91921881759507], [-75.21087560800225, 39.91922570722332], [-75.21089357430793, 39.91922570722332]]}, "properties": {"confidence": "high"}}, {"type": "Feature", "geometry": {"type": "LineString", "coordinates": [[-75.20513537333672, 39.91922570722332], [-75.20513537333672, 39.91921881759507], [-75.20509045757251, 39.91921881759507], [-75.20509045757251, 39.91922570722332], [-75.20513537333672, 39.91922570722332]]}, "properties": {"confidence": "high"}}, {"type": "Feature", "geometry": {"type": "LineString", "coordinates": [[-75.21087560800225, 39.91921881759507], [-75.21087560800225, 39.91921192796614], [-75.21085764169658, 39.91921192796614], [-75.21085764169658, 39.91921881759507], [-75.21087560800225, 39.91921881759507]]}, "properties": {"confidence": "high"}}, {"type": "Feature", "geometry": {"type": "LineString", "coordinates": [[-75.20518028910094, 39.91921881759507], [-75.20518028910094, 39.91921192796614], [-75.20513537333672, 39.91921192796614], [-75.20513537333672, 39.91921881759507], [-75.20518028910094, 39.91921881759507]]}, "properties": {"confidence": "high"}}, {"type": "Feature", "geometry": {"type": "LineString", "coordinates": [[-75.21085764169658, 39.91921192796614], [-75.21085764169658, 39.919205038336514], [-75.21084865854372, 39.919205038336514], [-75.21084865854372, 39.91921192796614], [-75.21085764169658, 39.91921192796614]]}, "properties": {"confidence": "high"}}, {"type": "Feature", "geometry": {"type": "LineString", "coordinates": [[-75.2052162217123, 39.91921192796614], [-75.2052162217123, 39.919205038336514], [-75.20518028910094, 39.919205038336514], [-75.20518028910094, 39.91921192796614], [-75.2052162217123, 39.91921192796614]]}, "properties": {"confidence": "high"}}, {"type": "Feature", "geometry": {"type": "LineString", "coordinates": [[-75.21084865854372, 39.919205038336514], [-75.21084865854372, 39.919198148706194], [-75.21083069223803, 39.919198148706194], [-75.21083069223803, 39.919205038336514], [-75.21084865854372, 39.919205038336514]]}, "properties": {"confidence": "high"}}, {"type": "Feature", "geometry": {"type": "LineString", "coordinates": [[-75.2052611374765, 39.919205038336514], [-75.2052611374765, 39.919198148706194], [-75.2052162217123, 39.919198148706194], [-75.2052162217123, 39.919205038336514], [-75.2052611374765, 39.919205038336514]]}, "properties": {"confidence": "high"}}, {"type": "Feature", "geometry": {"type": "LineString", "coordinates": [[-75.21026475360904, 39.91923259685086], [-75.21026475360904, 39.91919125907518], [-75.2102557704562, 39.91919125907518], [-75.2102557704562, 39.91923259685086], [-75.21026475360904, 39.91923259685086]]}, "properties": {"confidence": "high"}}, {"type": "Feature", "geometry": {"type": "LineString", "coordinates": [[-75.21083069223803, 39.919198148706194], [-75.21083069223803, 39.91919125907518], [-75.21081272593236, 39.91919125907518], [-75.21081272593236, 39.919198148706194], [-75.21083069223803, 39.919198148706194]]}, "properties": {"confidence": "high"}}, {"type": "Feature", "geometry": {"type": "LineString", "coordinates": [[-75.2053060532407, 39.919198148706194], [-75.2053060532407, 39.91919125907518], [-75.2052611374765, 39.91919125907518], [-75.2052611374765, 39.919198148706194], [-75.2053060532407, 39.919198148706194]]}, "properties": {"confidence": "high"}}, {"type": "Feature", "geometry": {"type": "LineString", "coordinates": [[-75.21081272593236, 39.91919125907518], [-75.21081272593236, 39.91918436944347], [-75.21079475962667, 39.91918436944347], [-75.21079475962667, 39.91919125907518], [-75.21081272593236, 39.91919125907518]]}, "properties": {"confidence": "high"}}, {"type": "Feature", "geometry": {"type": "LineString", "coordinates": [[-75.20535096900491, 39.91919125907518], [-75.20535096900491, 39.91918436944347], [-75.2053060532407, 39.91918436944347], [-75.2053060532407, 39.91919125907518], [-75.20535096900491, 39.91919125907518]]}, "properties": {"confidence": "high"}}, {"type": "Feature", "geometry": {"type": "LineString", "coordinates": [[-75.21027373676189, 39.91919125907518], [-75.21027373676189, 39.91917747981107], [-75.21026475360904, 39.91917747981107], [-75.21026475360904, 39.91919125907518], [-75.21027373676189, 39.91919125907518]]}, "properties": {"confidence": "high"}}, {"type": "Feature", "geometry": {"type": "LineString", "coordinates": [[-75.21079475962667, 39.91918436944347], [-75.21079475962667, 39.91917747981107], [-75.21076781016815, 39.91917747981107], [-75.21076781016815, 39.91918436944347], [-75.21079475962667, 39.91918436944347]]}, "properties": {"confidence": "high"}}, {"type": "Feature", "geometry": {"type": "LineString", "coordinates": [[-75.20537791846344, 39.91918436944347], [-75.20537791846344, 39.91917747981107], [-75.20535096900491, 39.91917747981107], [-75.20535096900491, 39.91918436944347], [-75.20537791846344, 39.91918436944347]]}, "properties": {"confidence": "high"}}, {"type": "Feature", "geometry": {"type": "LineString", "coordinates": [[-75.21076781016815, 39.91917747981107], [-75.21076781016815, 39.91917059017798], [-75.21074984386247, 39.91917059017798], [-75.21074984386247, 39.91917747981107], [-75.21076781016815, 39.91917747981107]]}, "properties": {"confidence": "high"}}, {"type": "Feature", "geometry": {"type": "LineString", "coordinates": [[-75.20542283422765, 39.91917747981107], [-75.20542283422765, 39.91917059017798], [-75.20537791846344, 39.91917059017798], [-75.20537791846344, 39.91917747981107], [-75.20542283422765, 39.91917747981107]]}, "properties": {"confidence": "high"}}, {"type": "Feature", "geometry": {"type": "LineString", "coordinates": [[-75.21074984386247, 39.91917059017798], [-75.21074984386247, 39.91916370054419], [-75.21072289440394, 39.91916370054419], [-75.21072289440394, 39.91917059017798], [-75.21074984386247, 39.91917059017798]]}, "properties": {"confidence": "high"}}, {"type": "Feature", "geometry": {"type": "LineString", "coordinates": [[-75.205458766839, 39.91917059017798], [-75.205458766839, 39.91916370054419], [-75.20542283422765, 39.91916370054419], [-75.20542283422765, 39.91917059017798], [-75.205458766839, 39.91917059017798]]}, "properties": {"confidence": "high"}}, {"type": "Feature", "geometry": {"type": "LineString", "coordinates": [[-75.21028271991473, 39.91917747981107], [-75.21028271991473, 39.919156810909705], [-75.21027373676189, 39.919156810909705], [-75.21027373676189, 39.91917747981107], [-75.21028271991473, 39.91917747981107]]}, "properties": {"confidence": "high"}}, {"type": "Feature", "geometry": {"type": "LineString", "coordinates": [[-75.21072289440394, 39.91916370054419], [-75.21072289440394, 39.919156810909705], [-75.2107139112511, 39.919156810909705], [-75.2107139112511, 39.91916370054419], [-75.21072289440394, 39.91916370054419]]}, "properties": {"confidence": "high"}}, {"type": "Feature", "geometry": {"type": "LineString", "coordinates": [[-75.20548571629753, 39.91916370054419], [-75.20548571629753, 39.919156810909705], [-75.205458766839, 39.919156810909705], [-75.205458766839, 39.91916370054419], [-75.20548571629753, 39.91916370054419]]}, "properties": {"confidence": "high"}}, {"type": "Feature", "geometry": {"type": "LineString", "coordinates": [[-75.2107139112511, 39.919156810909705], [-75.2107139112511, 39.91914992127454], [-75.21069594494541, 39.91914992127454], [-75.21069594494541, 39.919156810909705], [-75.2107139112511, 39.919156810909705]]}, "properties": {"confidence": "high"}}, {"type": "Feature", "geometry": {"type": "LineString", "coordinates": [[-75.20553063206174, 39.919156810909705], [-75.20553063206174, 39.91914992127454], [-75.20548571629753, 39.91914992127454], [-75.20548571629753, 39.919156810909705], [-75.20553063206174, 39.919156810909705]]}, "properties": {"confidence": "high"}}, {"type": "Feature", "geometry": {"type": "LineString", "coordinates": [[-75.21029170306758, 39.919156810909705], [-75.21029170306758, 39.91914303163867], [-75.21028271991473, 39.91914303163867], [-75.21028271991473, 39.919156810909705], [-75.21029170306758, 39.919156810909705]]}, "properties": {"confidence": "high"}}, {"type": "Feature", "geometry": {"type": "LineString", "coordinates": [[-75.21069594494541, 39.91914992127454], [-75.21069594494541, 39.91914303163867], [-75.21067797863974, 39.91914303163867], [-75.21067797863974, 39.91914992127454], [-75.21069594494541, 39.91914992127454]]}, "properties": {"confidence": "high"}}, {"type": "Feature", "geometry": {"type": "LineString", "coordinates": [[-75.20556656467309, 39.91914992127454], [-75.20556656467309, 39.91914303163867], [-75.20553063206174, 39.91914303163867], [-75.20553063206174, 39.91914992127454], [-75.20556656467309, 39.91914992127454]]}, "properties": {"confidence": "high"}}, {"type": "Feature", "geometry": {"type": "LineString", "coordinates": [[-75.21067797863974, 39.91914303163867], [-75.21067797863974, 39.91913614200211], [-75.21066001233406, 39.91913614200211], [-75.21066001233406, 39.91914303163867], [-75.21067797863974, 39.91914303163867]]}, "properties": {"confidence": "high"}}, {"type": "Feature", "geometry": {"type": "LineString", "coordinates": [[-75.20560249728446, 39.91914303163867], [-75.20560249728446, 39.91913614200211], [-75.20556656467309, 39.91913614200211], [-75.20556656467309, 39.91914303163867], [-75.20560249728446, 39.91914303163867]]}, "properties": {"confidence": "high"}}, {"type": "Feature", "geometry": {"type": "LineString", "coordinates": [[-75.21066001233406, 39.91913614200211], [-75.21066001233406, 39.91912925236486], [-75.21064204602837, 39.91912925236486], [-75.21064204602837, 39.91913614200211], [-75.21066001233406, 39.91913614200211]]}, "properties": {"confidence": "high"}}, {"type": "Feature", "geometry": {"type": "LineString", "coordinates": [[-75.20562944674299, 39.91913614200211], [-75.20562944674299, 39.91912925236486], [-75.20560249728446, 39.91912925236486], [-75.20560249728446, 39.91913614200211], [-75.20562944674299, 39.91913614200211]]}, "properties": {"confidence": "high"}}, {"type": "Feature", "geometry": {"type": "LineString", "coordinates": [[-75.21064204602837, 39.91912925236486], [-75.21064204602837, 39.91912236272691], [-75.21062407972269, 39.91912236272691], [-75.21062407972269, 39.91912925236486], [-75.21064204602837, 39.91912925236486]]}, "properties": {"confidence": "high"}}, {"type": "Feature", "geometry": {"type": "LineString", "coordinates": [[-75.20566537935434, 39.91912925236486], [-75.20566537935434, 39.91912236272691], [-75.20562944674299, 39.91912236272691], [-75.20562944674299, 39.91912925236486], [-75.20566537935434, 39.91912925236486]]}, "properties": {"confidence": "high"}}, {"type": "Feature", "geometry": {"type": "LineString", "coordinates": [[-75.21030068622042, 39.91914303163867], [-75.21030068622042, 39.919115473088276], [-75.21029170306758, 39.919115473088276], [-75.21029170306758, 39.91914303163867], [-75.21030068622042, 39.91914303163867]]}, "properties": {"confidence": "high"}}, {"type": "Feature", "geometry": {"type": "LineString", "coordinates": [[-75.21062407972269, 39.91912236272691], [-75.21062407972269, 39.919115473088276], [-75.21060611341701, 39.919115473088276], [-75.21060611341701, 39.91912236272691], [-75.21062407972269, 39.91912236272691]]}, "properties": {"confidence": "high"}}, {"type": "Feature", "geometry": {"type": "LineString", "coordinates": [[-75.20570131196571, 39.91912236272691], [-75.20570131196571, 39.919115473088276], [-75.20566537935434, 39.919115473088276], [-75.20566537935434, 39.91912236272691], [-75.20570131196571, 39.91912236272691]]}, "properties": {"confidence": "high"}}, {"type": "Feature", "geometry": {"type": "LineString", "coordinates": [[-75.21060611341701, 39.919115473088276], [-75.21060611341701, 39.91910858344894], [-75.21058814711132, 39.91910858344894], [-75.21058814711132, 39.919115473088276], [-75.21060611341701, 39.919115473088276]]}, "properties": {"confidence": "high"}}, {"type": "Feature", "geometry": {"type": "LineString", "coordinates": [[-75.21030966937326, 39.919115473088276], [-75.21030966937326, 39.91910858344894], [-75.21030068622042, 39.91910858344894], [-75.21030068622042, 39.919115473088276], [-75.21030966937326, 39.919115473088276]]}, "properties": {"confidence": "high"}}, {"type": "Feature", "geometry": {"type": "LineString", "coordinates": [[-75.2057372445771, 39.919115473088276], [-75.2057372445771, 39.91910858344894], [-75.20570131196571, 39.91910858344894], [-75.20570131196571, 39.919115473088276], [-75.2057372445771, 39.919115473088276]]}, "properties": {"confidence": "high"}}, {"type": "Feature", "geometry": {"type": "LineString", "coordinates": [[-75.21058814711132, 39.91910858344894], [-75.21058814711132, 39.91910169380892], [-75.21056119765281, 39.91910169380892], [-75.21056119765281, 39.91910858344894], [-75.21058814711132, 39.91910858344894]]}, "properties": {"confidence": "high"}}, {"type": "Feature", "geometry": {"type": "LineString", "coordinates": [[-75.2103186525261, 39.91910858344894], [-75.2103186525261, 39.91910169380892], [-75.21030966937326, 39.91910169380892], [-75.21030966937326, 39.91910858344894], [-75.2103186525261, 39.91910858344894]]}, "properties": {"confidence": "high"}}, {"type": "Feature", "geometry": {"type": "LineString", "coordinates": [[-75.2057821603413, 39.91910858344894], [-75.2057821603413, 39.91910169380892], [-75.2057372445771, 39.91910169380892], [-75.2057372445771, 39.91910858344894], [-75.2057821603413, 39.91910858344894]]}, "properties": {"confidence": "high"}}, {"type": "Feature", "geometry": {"type": "LineString", "coordinates": [[-75.21056119765281, 39.91910169380892], [-75.21056119765281, 39.919094804168196], [-75.21054323134712, 39.919094804168196], [-75.21054323134712, 39.91910169380892], [-75.21056119765281, 39.91910169380892]]}, "properties": {"confidence": "high"}}, {"type": "Feature", "geometry": {"type": "LineString", "coordinates": [[-75.21032763567894, 39.91910169380892], [-75.21032763567894, 39.919094804168196], [-75.2103186525261, 39.919094804168196], [-75.2103186525261, 39.91910169380892], [-75.21032763567894, 39.91910169380892]]}, "properties": {"confidence": "high"}}, {"type": "Feature", "geometry": {"type": "LineString", "coordinates": [[-75.20581809295265, 39.91910169380892], [-75.20581809295265, 39.919094804168196], [-75.2057821603413, 39.919094804168196], [-75.2057821603413, 39.91910169380892], [-75.20581809295265, 39.91910169380892]]}, "properties": {"confidence": "high"}}, {"type": "Feature", "geometry": {"type": "LineString", "coordinates": [[-75.21054323134712, 39.919094804168196], [-75.21054323134712, 39.91908791452679], [-75.21053424819428, 39.91908791452679], [-75.21053424819428, 39.919094804168196], [-75.21054323134712, 39.919094804168196]]}, "properties": {"confidence": "high"}}, {"type": "Feature", "geometry": {"type": "LineString", "coordinates": [[-75.21033661883178, 39.919094804168196], [-75.21033661883178, 39.91908791452679], [-75.21032763567894, 39.91908791452679], [-75.21032763567894, 39.919094804168196], [-75.21033661883178, 39.919094804168196]]}, "properties": {"confidence": "high"}}, {"type": "Feature", "geometry": {"type": "LineString", "coordinates": [[-75.20584504241118, 39.919094804168196], [-75.20584504241118, 39.91908791452679], [-75.20581809295265, 39.91908791452679], [-75.20581809295265, 39.919094804168196], [-75.20584504241118, 39.919094804168196]]}, "properties": {"confidence": "high"}}, {"type": "Feature", "geometry": {"type": "LineString", "coordinates": [[-75.21053424819428, 39.91908791452679], [-75.21053424819428, 39.91908102488468], [-75.2105162818886, 39.91908102488468], [-75.2105162818886, 39.91908791452679], [-75.21053424819428, 39.91908791452679]]}, "properties": {"confidence": "high"}}, {"type": "Feature", "geometry": {"type": "LineString", "coordinates": [[-75.21034560198463, 39.91908791452679], [-75.21034560198463, 39.91908102488468], [-75.21033661883178, 39.91908102488468], [-75.21033661883178, 39.91908791452679], [-75.21034560198463, 39.91908791452679]]}, "properties": {"confidence": "high"}}, {"type": "Feature", "geometry": {"type": "LineString", "coordinates": [[-75.2058719918697, 39.91908791452679], [-75.2058719918697, 39.91908102488468], [-75.20584504241118, 39.91908102488468], [-75.20584504241118, 39.91908791452679], [-75.2058719918697, 39.91908791452679]]}, "properties": {"confidence": "high"}}, {"type": "Feature", "geometry": {"type": "LineString", "coordinates": [[-75.2105162818886, 39.91908102488468], [-75.2105162818886, 39.919074135241885], [-75.21050729873576, 39.919074135241885], [-75.21050729873576, 39.91908102488468], [-75.2105162818886, 39.91908102488468]]}, "properties": {"confidence": "high"}}, {"type": "Feature", "geometry": {"type": "LineString", "coordinates": [[-75.21035458513747, 39.91908102488468], [-75.21035458513747, 39.919074135241885], [-75.21034560198463, 39.919074135241885], [-75.21034560198463, 39.91908102488468], [-75.21035458513747, 39.91908102488468]]}, "properties": {"confidence": "high"}}, {"type": "Feature", "geometry": {"type": "LineString", "coordinates": [[-75.20590792448107, 39.91908102488468], [-75.20590792448107, 39.919074135241885], [-75.2058719918697, 39.919074135241885], [-75.2058719918697, 39.91908102488468], [-75.20590792448107, 39.91908102488468]]}, "properties": {"confidence": "high"}}, {"type": "Feature", "geometry": {"type": "LineString", "coordinates": [[-75.21050729873576, 39.919074135241885], [-75.21050729873576, 39.9190672455984], [-75.21049831558292, 39.9190672455984], [-75.21049831558292, 39.919074135241885], [-75.21050729873576, 39.919074135241885]]}, "properties": {"confidence": "high"}}, {"type": "Feature", "geometry": {"type": "LineString", "coordinates": [[-75.2103635682903, 39.919074135241885], [-75.2103635682903, 39.9190672455984], [-75.21035458513747, 39.9190672455984], [-75.21035458513747, 39.919074135241885], [-75.2103635682903, 39.919074135241885]]}, "properties": {"confidence": "high"}}, {"type": "Feature", "geometry": {"type": "LineString", "coordinates": [[-75.20594385709244, 39.919074135241885], [-75.20594385709244, 39.9190672455984], [-75.20590792448107, 39.9190672455984], [-75.20590792448107, 39.919074135241885], [-75.20594385709244, 39.919074135241885]]}, "properties": {"confidence": "high"}}, {"type": "Feature", "geometry": {"type": "LineString", "coordinates": [[-75.21049831558292, 39.9190672455984], [-75.21049831558292, 39.919060355954215], [-75.21048034927723, 39.919060355954215], [-75.21048034927723, 39.9190672455984], [-75.21049831558292, 39.9190672455984]]}, "properties": {"confidence": "high"}}, {"type": "Feature", "geometry": {"type": "LineString", "coordinates": [[-75.21037255144314, 39.9190672455984], [-75.21037255144314, 39.919060355954215], [-75.2103635682903, 39.919060355954215], [-75.2103635682903, 39.9190672455984], [-75.21037255144314, 39.9190672455984]]}, "properties": {"confidence": "high"}}, {"type": "Feature", "geometry": {"type": "LineString", "coordinates": [[-75.2059797897038, 39.9190672455984], [-75.2059797897038, 39.919060355954215], [-75.20594385709244, 39.919060355954215], [-75.20594385709244, 39.9190672455984], [-75.2059797897038, 39.9190672455984]]}, "properties": {"confidence": "high"}}, {"type": "Feature", "geometry": {"type": "LineString", "coordinates": [[-75.21048034927723, 39.919060355954215], [-75.21048034927723, 39.919053466309336], [-75.21044441666588, 39.919053466309336], [-75.21044441666588, 39.919060355954215], [-75.21048034927723, 39.919060355954215]]}, "properties": {"confidence": "high"}}, {"type": "Feature", "geometry": {"type": "LineString", "coordinates": [[-75.21038153459598, 39.919060355954215], [-75.21038153459598, 39.919053466309336], [-75.21037255144314, 39.919053466309336], [-75.21037255144314, 39.919060355954215], [-75.21038153459598, 39.919060355954215]]}, "properties": {"confidence": "high"}}, {"type": "Feature", "geometry": {"type": "LineString", "coordinates": [[-75.20600673916232, 39.919060355954215], [-75.20600673916232, 39.919053466309336], [-75.2059797897038, 39.919053466309336], [-75.2059797897038, 39.919060355954215], [-75.20600673916232, 39.919060355954215]]}, "properties": {"confidence": "high"}}, {"type": "Feature", "geometry": {"type": "LineString", "coordinates": [[-75.21044441666588, 39.919053466309336], [-75.21044441666588, 39.91904657666377], [-75.21040848405451, 39.91904657666377], [-75.21040848405451, 39.919053466309336], [-75.21044441666588, 39.919053466309336]]}, "properties": {"confidence": "high"}}, {"type": "Feature", "geometry": {"type": "LineString", "coordinates": [[-75.20603368862085, 39.919053466309336], [-75.20603368862085, 39.91904657666377], [-75.20600673916232, 39.91904657666377], [-75.20600673916232, 39.919053466309336], [-75.20603368862085, 39.919053466309336]]}, "properties": {"confidence": "high"}}, {"type": "Feature", "geometry": {"type": "LineString", "coordinates": [[-75.20604267177369, 39.91904657666377], [-75.20604267177369, 39.919039687017495], [-75.20603368862085, 39.919039687017495], [-75.20603368862085, 39.91904657666377], [-75.20604267177369, 39.91904657666377]]}, "properties": {"confidence": "high"}}, {"type": "Feature", "geometry": {"type": "LineString", "coordinates": [[-75.20605165492653, 39.919039687017495], [-75.20605165492653, 39.91903279737054], [-75.20604267177369, 39.91903279737054], [-75.20604267177369, 39.919039687017495], [-75.20605165492653, 39.919039687017495]]}, "properties": {"confidence": "high"}}, {"type": "Feature", "geometry": {"type": "LineString", "coordinates": [[-75.21039051774882, 39.919053466309336], [-75.21039051774882, 39.91904657666377], [-75.21040848405451, 39.91904657666377], [-75.21040848405451, 39.919039687017495], [-75.21039051774882, 39.919039687017495], [-75.21039051774882, 39.91902590772289], [-75.21038153459598, 39.91902590772289], [-75.21038153459598, 39.919053466309336], [-75.21039051774882, 39.919053466309336]]}, "properties": {"confidence": "high"}}, {"type": "Feature", "geometry": {"type": "LineString", "coordinates": [[-75.20610555384357, 39.91903279737054], [-75.20610555384357, 39.91902590772289], [-75.20605165492653, 39.91902590772289], [-75.20605165492653, 39.91903279737054], [-75.20610555384357, 39.91903279737054]]}, "properties": {"confidence": "high"}}, {"type": "Feature", "geometry": {"type": "LineString", "coordinates": [[-75.21038153459598, 39.91902590772289], [-75.21038153459598, 39.91901901807455], [-75.21037255144314, 39.91901901807455], [-75.21037255144314, 39.91902590772289], [-75.21038153459598, 39.91902590772289]]}, "properties": {"confidence": "high"}}, {"type": "Feature", "geometry": {"type": "LineString", "coordinates": [[-75.20618640221915, 39.91902590772289], [-75.20618640221915, 39.91901901807455], [-75.20610555384357, 39.91901901807455], [-75.20610555384357, 39.91902590772289], [-75.20618640221915, 39.91902590772289]]}, "properties": {"confidence": "high"}}, {"type": "Feature", "geometry": {"type": "LineString", "coordinates": [[-75.20605165492653, 39.91902590772289], [-75.20605165492653, 39.91901901807455], [-75.20604267177369, 39.91901901807455], [-75.20604267177369, 39.91902590772289], [-75.20605165492653, 39.91902590772289]]}, "properties": {"confidence": "high"}}, {"type": "Feature", "geometry": {"type": "LineString", "coordinates": [[-75.21037255144314, 39.91901901807455], [-75.21037255144314, 39.919012128425514], [-75.21035458513747, 39.919012128425514], [-75.21035458513747, 39.91901901807455], [-75.21037255144314, 39.91901901807455]]}, "properties": {"confidence": "high"}}, {"type": "Feature", "geometry": {"type": "LineString", "coordinates": [[-75.20623131798334, 39.91901901807455], [-75.20623131798334, 39.919012128425514], [-75.20618640221915, 39.919012128425514], [-75.20618640221915, 39.91901901807455], [-75.20623131798334, 39.91901901807455]]}, "properties": {"confidence": "high"}}, {"type": "Feature", "geometry": {"type": "LineString", "coordinates": [[-75.20604267177369, 39.91901901807455], [-75.20604267177369, 39.919012128425514], [-75.20603368862085, 39.919012128425514], [-75.20603368862085, 39.91901901807455], [-75.20604267177369, 39.91901901807455]]}, "properties": {"confidence": "high"}}, {"type": "Feature", "geometry": {"type": "LineString", "coordinates": [[-75.21035458513747, 39.919012128425514], [-75.21035458513747, 39.91900523877579], [-75.21034560198463, 39.91900523877579], [-75.21034560198463, 39.919012128425514], [-75.21035458513747, 39.919012128425514]]}, "properties": {"confidence": "high"}}, {"type": "Feature", "geometry": {"type": "LineString", "coordinates": [[-75.20625826744187, 39.919012128425514], [-75.20625826744187, 39.91900523877579], [-75.20623131798334, 39.91900523877579], [-75.20623131798334, 39.919012128425514], [-75.20625826744187, 39.919012128425514]]}, "properties": {"confidence": "high"}}, {"type": "Feature", "geometry": {"type": "LineString", "coordinates": [[-75.20603368862085, 39.919012128425514], [-75.20603368862085, 39.91900523877579], [-75.206024705468, 39.91900523877579], [-75.206024705468, 39.919012128425514], [-75.20603368862085, 39.919012128425514]]}, "properties": {"confidence": "high"}}, {"type": "Feature", "geometry": {"type": "LineString", "coordinates": [[-75.21034560198463, 39.91900523877579], [-75.21034560198463, 39.91899834912537], [-75.21033661883178, 39.91899834912537], [-75.21033661883178, 39.91900523877579], [-75.21034560198463, 39.91900523877579]]}, "properties": {"confidence": "high"}}, {"type": "Feature", "geometry": {"type": "LineString", "coordinates": [[-75.20629420005324, 39.91900523877579], [-75.20629420005324, 39.91899834912537], [-75.20625826744187, 39.91899834912537], [-75.20625826744187, 39.91900523877579], [-75.20629420005324, 39.91900523877579]]}, "properties": {"confidence": "high"}}, {"type": "Feature", "geometry": {"type": "LineString", "coordinates": [[-75.206024705468, 39.91900523877579], [-75.206024705468, 39.91899834912537], [-75.20601572231516, 39.91899834912537], [-75.20601572231516, 39.91900523877579], [-75.206024705468, 39.91900523877579]]}, "properties": {"confidence": "high"}}, {"type": "Feature", "geometry": {"type": "LineString", "coordinates": [[-75.21033661883178, 39.91899834912537], [-75.21033661883178, 39.91899145947425], [-75.2103186525261, 39.91899145947425], [-75.2103186525261, 39.91899834912537], [-75.21033661883178, 39.91899834912537]]}, "properties": {"confidence": "high"}}, {"type": "Feature", "geometry": {"type": "LineString", "coordinates": [[-75.2063301326646, 39.91899834912537], [-75.2063301326646, 39.91899145947425], [-75.20629420005324, 39.91899145947425], [-75.20629420005324, 39.91899834912537], [-75.2063301326646, 39.91899834912537]]}, "properties": {"confidence": "high"}}, {"type": "Feature", "geometry": {"type": "LineString", "coordinates": [[-75.20601572231516, 39.91899834912537], [-75.20601572231516, 39.91899145947425], [-75.20600673916232, 39.91899145947425], [-75.20600673916232, 39.91899834912537], [-75.20601572231516, 39.91899834912537]]}, "properties": {"confidence": "high"}}, {"type": "Feature", "geometry": {"type": "LineString", "coordinates": [[-75.2103186525261, 39.91899145947425], [-75.2103186525261, 39.91898456982244], [-75.21030966937326, 39.91898456982244], [-75.21030966937326, 39.91899145947425], [-75.2103186525261, 39.91899145947425]]}, "properties": {"confidence": "high"}}, {"type": "Feature", "geometry": {"type": "LineString", "coordinates": [[-75.20636606527597, 39.91899145947425], [-75.20636606527597, 39.91898456982244], [-75.2063301326646, 39.91898456982244], [-75.2063301326646, 39.91899145947425], [-75.20636606527597, 39.91899145947425]]}, "properties": {"confidence": "high"}}, {"type": "Feature", "geometry": {"type": "LineString", "coordinates": [[-75.21030966937326, 39.91898456982244], [-75.21030966937326, 39.91897768016994], [-75.21029170306758, 39.91897768016994], [-75.21029170306758, 39.91898456982244], [-75.21030966937326, 39.91898456982244]]}, "properties": {"confidence": "high"}}, {"type": "Feature", "geometry": {"type": "LineString", "coordinates": [[-75.20641098104018, 39.91898456982244], [-75.20641098104018, 39.91897768016994], [-75.20636606527597, 39.91897768016994], [-75.20636606527597, 39.91898456982244], [-75.20641098104018, 39.91898456982244]]}, "properties": {"confidence": "high"}}, {"type": "Feature", "geometry": {"type": "LineString", "coordinates": [[-75.20600673916232, 39.91899145947425], [-75.20600673916232, 39.91897079051674], [-75.20599775600948, 39.91897079051674], [-75.20599775600948, 39.91899145947425], [-75.20600673916232, 39.91899145947425]]}, "properties": {"confidence": "high"}}, {"type": "Feature", "geometry": {"type": "LineString", "coordinates": [[-75.21029170306758, 39.91897768016994], [-75.21029170306758, 39.91897079051674], [-75.21027373676189, 39.91897079051674], [-75.21027373676189, 39.91897768016994], [-75.21029170306758, 39.91897768016994]]}, "properties": {"confidence": "high"}}, {"type": "Feature", "geometry": {"type": "LineString", "coordinates": [[-75.2064379304987, 39.91897768016994], [-75.2064379304987, 39.91897079051674], [-75.20641098104018, 39.91897079051674], [-75.20641098104018, 39.91897768016994], [-75.2064379304987, 39.91897768016994]]}, "properties": {"confidence": "high"}}, {"type": "Feature", "geometry": {"type": "LineString", "coordinates": [[-75.21027373676189, 39.91897079051674], [-75.21027373676189, 39.91896390086285], [-75.21024678730336, 39.91896390086285], [-75.21024678730336, 39.91897079051674], [-75.21027373676189, 39.91897079051674]]}, "properties": {"confidence": "high"}}, {"type": "Feature", "geometry": {"type": "LineString", "coordinates": [[-75.2064828462629, 39.91897079051674], [-75.2064828462629, 39.91896390086285], [-75.2064379304987, 39.91896390086285], [-75.2064379304987, 39.91897079051674], [-75.2064828462629, 39.91897079051674]]}, "properties": {"confidence": "high"}}, {"type": "Feature", "geometry": {"type": "LineString", "coordinates": [[-75.21024678730336, 39.91896390086285], [-75.21024678730336, 39.91895701120827], [-75.21023780415052, 39.91895701120827], [-75.21023780415052, 39.91896390086285], [-75.21024678730336, 39.91896390086285]]}, "properties": {"confidence": "high"}}, {"type": "Feature", "geometry": {"type": "LineString", "coordinates": [[-75.20651877887427, 39.91896390086285], [-75.20651877887427, 39.91895701120827], [-75.2064828462629, 39.91895701120827], [-75.2064828462629, 39.91896390086285], [-75.20651877887427, 39.91896390086285]]}, "properties": {"confidence": "high"}}, {"type": "Feature", "geometry": {"type": "LineString", "coordinates": [[-75.21023780415052, 39.91895701120827], [-75.21023780415052, 39.918950121552996], [-75.21021983784483, 39.918950121552996], [-75.21021983784483, 39.91895701120827], [-75.21023780415052, 39.91895701120827]]}, "properties": {"confidence": "high"}}, {"type": "Feature", "geometry": {"type": "LineString", "coordinates": [[-75.20655471148564, 39.91895701120827], [-75.20655471148564, 39.918950121552996], [-75.20651877887427, 39.918950121552996], [-75.20651877887427, 39.91895701120827], [-75.20655471148564, 39.91895701120827]]}, "properties": {"confidence": "high"}}, {"type": "Feature", "geometry": {"type": "LineString", "coordinates": [[-75.21021983784483, 39.918950121552996], [-75.21021983784483, 39.918943231897025], [-75.21020187153916, 39.918943231897025], [-75.21020187153916, 39.918950121552996], [-75.21021983784483, 39.918950121552996]]}, "properties": {"confidence": "high"}}, {"type": "Feature", "geometry": {"type": "LineString", "coordinates": [[-75.20659064409699, 39.918950121552996], [-75.20659064409699, 39.918943231897025], [-75.20655471148564, 39.918943231897025], [-75.20655471148564, 39.918950121552996], [-75.20659064409699, 39.918950121552996]]}, "properties": {"confidence": "high"}}, {"type": "Feature", "geometry": {"type": "LineString", "coordinates": [[-75.20599775600948, 39.91897079051674], [-75.20599775600948, 39.918936342240364], [-75.20598877285664, 39.918936342240364], [-75.20598877285664, 39.91897079051674], [-75.20599775600948, 39.91897079051674]]}, "properties": {"confidence": "high"}}, {"type": "Feature", "geometry": {"type": "LineString", "coordinates": [[-75.21020187153916, 39.918943231897025], [-75.21020187153916, 39.918936342240364], [-75.21019288838632, 39.918936342240364], [-75.21019288838632, 39.918943231897025], [-75.21020187153916, 39.918943231897025]]}, "properties": {"confidence": "high"}}, {"type": "Feature", "geometry": {"type": "LineString", "coordinates": [[-75.20664454301404, 39.918943231897025], [-75.20664454301404, 39.918936342240364], [-75.20659064409699, 39.918936342240364], [-75.20659064409699, 39.918943231897025], [-75.20664454301404, 39.918943231897025]]}, "properties": {"confidence": "high"}}, {"type": "Feature", "geometry": {"type": "LineString", "coordinates": [[-75.21019288838632, 39.918936342240364], [-75.21019288838632, 39.918929452583015], [-75.21017492208063, 39.918929452583015], [-75.21017492208063, 39.918936342240364], [-75.21019288838632, 39.918936342240364]]}, "properties": {"confidence": "high"}}, {"type": "Feature", "geometry": {"type": "LineString", "coordinates": [[-75.20667149247257, 39.918936342240364], [-75.20667149247257, 39.918929452583015], [-75.20664454301404, 39.918929452583015], [-75.20664454301404, 39.918936342240364], [-75.20667149247257, 39.918936342240364]]}, "properties": {"confidence": "high"}}, {"type": "Feature", "geometry": {"type": "LineString", "coordinates": [[-75.21017492208063, 39.918929452583015], [-75.21017492208063, 39.91892256292496], [-75.21016593892779, 39.91892256292496], [-75.21016593892779, 39.918929452583015], [-75.21017492208063, 39.918929452583015]]}, "properties": {"confidence": "high"}}, {"type": "Feature", "geometry": {"type": "LineString", "coordinates": [[-75.20670742508393, 39.918929452583015], [-75.20670742508393, 39.91892256292496], [-75.20667149247257, 39.91892256292496], [-75.20667149247257, 39.918929452583015], [-75.20670742508393, 39.918929452583015]]}, "properties": {"confidence": "high"}}, {"type": "Feature", "geometry": {"type": "LineString", "coordinates": [[-75.21016593892779, 39.91892256292496], [-75.21016593892779, 39.91891567326622], [-75.21014797262211, 39.91891567326622], [-75.21014797262211, 39.91892256292496], [-75.21016593892779, 39.91892256292496]]}, "properties": {"confidence": "high"}}, {"type": "Feature", "geometry": {"type": "LineString", "coordinates": [[-75.20674335769529, 39.91892256292496], [-75.20674335769529, 39.91891567326622], [-75.20670742508393, 39.91891567326622], [-75.20670742508393, 39.91892256292496], [-75.20674335769529, 39.91892256292496]]}, "properties": {"confidence": "high"}}, {"type": "Feature", "geometry": {"type": "LineString", "coordinates": [[-75.21014797262211, 39.91891567326622], [-75.21014797262211, 39.91890878360679], [-75.21013000631642, 39.91890878360679], [-75.21013000631642, 39.91891567326622], [-75.21014797262211, 39.91891567326622]]}, "properties": {"confidence": "high"}}, {"type": "Feature", "geometry": {"type": "LineString", "coordinates": [[-75.20677030715382, 39.91891567326622], [-75.20677030715382, 39.91890878360679], [-75.20674335769529, 39.91890878360679], [-75.20674335769529, 39.91891567326622], [-75.20677030715382, 39.91891567326622]]}, "properties": {"confidence": "high"}}, {"type": "Feature", "geometry": {"type": "LineString", "coordinates": [[-75.21013000631642, 39.91890878360679], [-75.21013000631642, 39.91890189394666], [-75.21012102316358, 39.91890189394666], [-75.21012102316358, 39.91890878360679], [-75.21013000631642, 39.91890878360679]]}, "properties": {"confidence": "high"}}, {"type": "Feature", "geometry": {"type": "LineString", "coordinates": [[-75.20680623976519, 39.91890878360679], [-75.20680623976519, 39.91890189394666], [-75.20677030715382, 39.91890189394666], [-75.20677030715382, 39.91890878360679], [-75.20680623976519, 39.91890878360679]]}, "properties": {"confidence": "high"}}, {"type": "Feature", "geometry": {"type": "LineString", "coordinates": [[-75.21012102316358, 39.91890189394666], [-75.21012102316358, 39.918895004285844], [-75.21009407370506, 39.918895004285844], [-75.21009407370506, 39.91890189394666], [-75.21012102316358, 39.91890189394666]]}, "properties": {"confidence": "high"}}, {"type": "Feature", "geometry": {"type": "LineString", "coordinates": [[-75.20684217237654, 39.91890189394666], [-75.20684217237654, 39.918895004285844], [-75.20680623976519, 39.918895004285844], [-75.20680623976519, 39.91890189394666], [-75.20684217237654, 39.91890189394666]]}, "properties": {"confidence": "high"}}, {"type": "Feature", "geometry": {"type": "LineString", "coordinates": [[-75.21009407370506, 39.918895004285844], [-75.21009407370506, 39.91888811462433], [-75.21008509055223, 39.91888811462433], [-75.21008509055223, 39.918895004285844], [-75.21009407370506, 39.918895004285844]]}, "properties": {"confidence": "high"}}, {"type": "Feature", "geometry": {"type": "LineString", "coordinates": [[-75.20686912183508, 39.918895004285844], [-75.20686912183508, 39.91888811462433], [-75.20684217237654, 39.91888811462433], [-75.20684217237654, 39.918895004285844], [-75.20686912183508, 39.918895004285844]]}, "properties": {"confidence": "high"}}, {"type": "Feature", "geometry": {"type": "LineString", "coordinates": [[-75.21008509055223, 39.91888811462433], [-75.21008509055223, 39.91888122496212], [-75.21007610739937, 39.91888122496212], [-75.21007610739937, 39.91888811462433], [-75.21008509055223, 39.91888811462433]]}, "properties": {"confidence": "high"}}, {"type": "Feature", "geometry": {"type": "LineString", "coordinates": [[-75.20690505444644, 39.91888811462433], [-75.20690505444644, 39.91888122496212], [-75.20686912183508, 39.91888122496212], [-75.20686912183508, 39.91888811462433], [-75.20690505444644, 39.91888811462433]]}, "properties": {"confidence": "high"}}, {"type": "Feature", "geometry": {"type": "LineString", "coordinates": [[-75.21007610739937, 39.91888122496212], [-75.21007610739937, 39.91887433529922], [-75.2100581410937, 39.91887433529922], [-75.2100581410937, 39.91888122496212], [-75.21007610739937, 39.91888122496212]]}, "properties": {"confidence": "high"}}, {"type": "Feature", "geometry": {"type": "LineString", "coordinates": [[-75.20693200390497, 39.91888122496212], [-75.20693200390497, 39.91887433529922], [-75.20690505444644, 39.91887433529922], [-75.20690505444644, 39.91888122496212], [-75.20693200390497, 39.91888122496212]]}, "properties": {"confidence": "high"}}, {"type": "Feature", "geometry": {"type": "LineString", "coordinates": [[-75.2100581410937, 39.91887433529922], [-75.2100581410937, 39.91886744563563], [-75.21004017478802, 39.91886744563563], [-75.21004017478802, 39.91887433529922], [-75.2100581410937, 39.91887433529922]]}, "properties": {"confidence": "high"}}, {"type": "Feature", "geometry": {"type": "LineString", "coordinates": [[-75.20696793651634, 39.91887433529922], [-75.20696793651634, 39.91886744563563], [-75.20693200390497, 39.91886744563563], [-75.20693200390497, 39.91887433529922], [-75.20696793651634, 39.91887433529922]]}, "properties": {"confidence": "high"}}, {"type": "Feature", "geometry": {"type": "LineString", "coordinates": [[-75.21004017478802, 39.91886744563563], [-75.21004017478802, 39.91886055597134], [-75.21001322532949, 39.91886055597134], [-75.21001322532949, 39.91886744563563], [-75.21004017478802, 39.91886744563563]]}, "properties": {"confidence": "high"}}, {"type": "Feature", "geometry": {"type": "LineString", "coordinates": [[-75.20699488597485, 39.91886744563563], [-75.20699488597485, 39.91886055597134], [-75.20696793651634, 39.91886055597134], [-75.20696793651634, 39.91886744563563], [-75.20699488597485, 39.91886744563563]]}, "properties": {"confidence": "high"}}, {"type": "Feature", "geometry": {"type": "LineString", "coordinates": [[-75.21001322532949, 39.91886055597134], [-75.21001322532949, 39.91885366630636], [-75.20999525902381, 39.91885366630636], [-75.20999525902381, 39.91886055597134], [-75.21001322532949, 39.91886055597134]]}, "properties": {"confidence": "high"}}, {"type": "Feature", "geometry": {"type": "LineString", "coordinates": [[-75.20702183543338, 39.91886055597134], [-75.20702183543338, 39.91885366630636], [-75.20699488597485, 39.91885366630636], [-75.20699488597485, 39.91886055597134], [-75.20702183543338, 39.91886055597134]]}, "properties": {"confidence": "high"}}, {"type": "Feature", "geometry": {"type": "LineString", "coordinates": [[-75.20600673916232, 39.918936342240364], [-75.20600673916232, 39.91884677664069], [-75.20599775600948, 39.91884677664069], [-75.20599775600948, 39.918936342240364], [-75.20600673916232, 39.918936342240364]]}, "properties": {"confidence": "high"}}, {"type": "Feature", "geometry": {"type": "LineString", "coordinates": [[-75.20999525902381, 39.91885366630636], [-75.20999525902381, 39.91884677664069], [-75.20997729271812, 39.91884677664069], [-75.20997729271812, 39.91885366630636], [-75.20999525902381, 39.91885366630636]]}, "properties": {"confidence": "high"}}, {"type": "Feature", "geometry": {"type": "LineString", "coordinates": [[-75.20703980173906, 39.91885366630636], [-75.20703980173906, 39.91884677664069], [-75.20702183543338, 39.91884677664069], [-75.20702183543338, 39.91885366630636], [-75.20703980173906, 39.91885366630636]]}, "properties": {"confidence": "high"}}, {"type": "Feature", "geometry": {"type": "LineString", "coordinates": [[-75.20997729271812, 39.91884677664069], [-75.20997729271812, 39.918839886974325], [-75.20995932641245, 39.918839886974325], [-75.20995932641245, 39.91884677664069], [-75.20997729271812, 39.91884677664069]]}, "properties": {"confidence": "high"}}, {"type": "Feature", "geometry": {"type": "LineString", "coordinates": [[-75.20706675119759, 39.91884677664069], [-75.20706675119759, 39.918839886974325], [-75.20703980173906, 39.918839886974325], [-75.20703980173906, 39.91884677664069], [-75.20706675119759, 39.91884677664069]]}, "properties": {"confidence": "high"}}, {"type": "Feature", "geometry": {"type": "LineString", "coordinates": [[-75.20995932641245, 39.918839886974325], [-75.20995932641245, 39.91883299730727], [-75.20994136010677, 39.91883299730727], [-75.20994136010677, 39.918839886974325], [-75.20995932641245, 39.918839886974325]]}, "properties": {"confidence": "high"}}, {"type": "Feature", "geometry": {"type": "LineString", "coordinates": [[-75.2070937006561, 39.918839886974325], [-75.2070937006561, 39.91883299730727], [-75.20706675119759, 39.91883299730727], [-75.20706675119759, 39.918839886974325], [-75.2070937006561, 39.918839886974325]]}, "properties": {"confidence": "high"}}, {"type": "Feature", "geometry": {"type": "LineString", "coordinates": [[-75.20994136010677, 39.91883299730727], [-75.20994136010677, 39.91882610763952], [-75.20992339380108, 39.91882610763952], [-75.20992339380108, 39.91883299730727], [-75.20994136010677, 39.91883299730727]]}, "properties": {"confidence": "high"}}, {"type": "Feature", "geometry": {"type": "LineString", "coordinates": [[-75.20712065011463, 39.91883299730727], [-75.20712065011463, 39.91882610763952], [-75.2070937006561, 39.91882610763952], [-75.2070937006561, 39.91883299730727], [-75.20712065011463, 39.91883299730727]]}, "properties": {"confidence": "high"}}, {"type": "Feature", "geometry": {"type": "LineString", "coordinates": [[-75.20601572231516, 39.91884677664069], [-75.20601572231516, 39.91881921797107], [-75.20600673916232, 39.91881921797107], [-75.20600673916232, 39.91884677664069], [-75.20601572231516, 39.91884677664069]]}, "properties": {"confidence": "high"}}, {"type": "Feature", "geometry": {"type": "LineString", "coordinates": [[-75.20992339380108, 39.91882610763952], [-75.20992339380108, 39.91881921797107], [-75.20991441064824, 39.91881921797107], [-75.20991441064824, 39.91882610763952], [-75.20992339380108, 39.91882610763952]]}, "properties": {"confidence": "high"}}, {"type": "Feature", "geometry": {"type": "LineString", "coordinates": [[-75.20714759957315, 39.91882610763952], [-75.20714759957315, 39.91881921797107], [-75.20712065011463, 39.91881921797107], [-75.20712065011463, 39.91882610763952], [-75.20714759957315, 39.91882610763952]]}, "properties": {"confidence": "high"}}, {"type": "Feature", "geometry": {"type": "LineString", "coordinates": [[-75.20991441064824, 39.91881921797107], [-75.20991441064824, 39.91881232830193], [-75.20989644434256, 39.91881232830193], [-75.20989644434256, 39.91881921797107], [-75.20991441064824, 39.91881921797107]]}, "properties": {"confidence": "high"}}, {"type": "Feature", "geometry": {"type": "LineString", "coordinates": [[-75.20717454903168, 39.91881921797107], [-75.20717454903168, 39.91881232830193], [-75.20714759957315, 39.91881232830193], [-75.20714759957315, 39.91881921797107], [-75.20717454903168, 39.91881921797107]]}, "properties": {"confidence": "high"}}, {"type": "Feature", "geometry": {"type": "LineString", "coordinates": [[-75.20989644434256, 39.91881232830193], [-75.20989644434256, 39.918805438632106], [-75.20987847803687, 39.918805438632106], [-75.20987847803687, 39.91881232830193], [-75.20989644434256, 39.91881232830193]]}, "properties": {"confidence": "high"}}, {"type": "Feature", "geometry": {"type": "LineString", "coordinates": [[-75.20720149849019, 39.91881232830193], [-75.20720149849019, 39.918805438632106], [-75.20717454903168, 39.918805438632106], [-75.20717454903168, 39.91881232830193], [-75.20720149849019, 39.91881232830193]]}, "properties": {"confidence": "high"}}, {"type": "Feature", "geometry": {"type": "LineString", "coordinates": [[-75.20987847803687, 39.918805438632106], [-75.20987847803687, 39.918798548961576], [-75.2098605117312, 39.918798548961576], [-75.2098605117312, 39.918805438632106], [-75.20987847803687, 39.918805438632106]]}, "properties": {"confidence": "high"}}, {"type": "Feature", "geometry": {"type": "LineString", "coordinates": [[-75.20722844794872, 39.918805438632106], [-75.20722844794872, 39.918798548961576], [-75.20720149849019, 39.918798548961576], [-75.20720149849019, 39.918805438632106], [-75.20722844794872, 39.918805438632106]]}, "properties": {"confidence": "high"}}, {"type": "Feature", "geometry": {"type": "LineString", "coordinates": [[-75.2098605117312, 39.918798548961576], [-75.2098605117312, 39.91879165929036], [-75.20985152857835, 39.91879165929036], [-75.20985152857835, 39.918798548961576], [-75.2098605117312, 39.918798548961576]]}, "properties": {"confidence": "high"}}, {"type": "Feature", "geometry": {"type": "LineString", "coordinates": [[-75.20725539740724, 39.918798548961576], [-75.20725539740724, 39.91879165929036], [-75.20722844794872, 39.91879165929036], [-75.20722844794872, 39.918798548961576], [-75.20725539740724, 39.918798548961576]]}, "properties": {"confidence": "high"}}, {"type": "Feature", "geometry": {"type": "LineString", "coordinates": [[-75.20985152857835, 39.91879165929036], [-75.20985152857835, 39.918784769618455], [-75.20983356227268, 39.918784769618455], [-75.20983356227268, 39.91879165929036], [-75.20985152857835, 39.91879165929036]]}, "properties": {"confidence": "high"}}, {"type": "Feature", "geometry": {"type": "LineString", "coordinates": [[-75.20727336371293, 39.91879165929036], [-75.20727336371293, 39.918784769618455], [-75.20725539740724, 39.918784769618455], [-75.20725539740724, 39.91879165929036], [-75.20727336371293, 39.91879165929036]]}, "properties": {"confidence": "high"}}, {"type": "Feature", "geometry": {"type": "LineString", "coordinates": [[-75.20983356227268, 39.918784769618455], [-75.20983356227268, 39.91877787994585], [-75.20981559596699, 39.91877787994585], [-75.20981559596699, 39.918784769618455], [-75.20983356227268, 39.918784769618455]]}, "properties": {"confidence": "high"}}, {"type": "Feature", "geometry": {"type": "LineString", "coordinates": [[-75.20730031317144, 39.918784769618455], [-75.20730031317144, 39.91877787994585], [-75.20727336371293, 39.91877787994585], [-75.20727336371293, 39.918784769618455], [-75.20730031317144, 39.918784769618455]]}, "properties": {"confidence": "high"}}, {"type": "Feature", "geometry": {"type": "LineString", "coordinates": [[-75.206024705468, 39.91881921797107], [-75.206024705468, 39.91877099027255], [-75.20601572231516, 39.91877099027255], [-75.20601572231516, 39.91881921797107], [-75.206024705468, 39.91881921797107]]}, "properties": {"confidence": "high"}}, {"type": "Feature", "geometry": {"type": "LineString", "coordinates": [[-75.20981559596699, 39.91877787994585], [-75.20981559596699, 39.91877099027255], [-75.20979762966131, 39.91877099027255], [-75.20979762966131, 39.91877787994585], [-75.20981559596699, 39.91877787994585]]}, "properties": {"confidence": "high"}}, {"type": "Feature", "geometry": {"type": "LineString", "coordinates": [[-75.20731827947714, 39.91877787994585], [-75.20731827947714, 39.91877099027255], [-75.20730031317144, 39.91877099027255], [-75.20730031317144, 39.91877787994585], [-75.20731827947714, 39.91877787994585]]}, "properties": {"confidence": "high"}}, {"type": "Feature", "geometry": {"type": "LineString", "coordinates": [[-75.20979762966131, 39.91877099027255], [-75.20979762966131, 39.91876410059856], [-75.20977966335563, 39.91876410059856], [-75.20977966335563, 39.91877099027255], [-75.20979762966131, 39.91877099027255]]}, "properties": {"confidence": "high"}}, {"type": "Feature", "geometry": {"type": "LineString", "coordinates": [[-75.20734522893565, 39.91877099027255], [-75.20734522893565, 39.91876410059856], [-75.20731827947714, 39.91876410059856], [-75.20731827947714, 39.91877099027255], [-75.20734522893565, 39.91877099027255]]}, "properties": {"confidence": "high"}}, {"type": "Feature", "geometry": {"type": "LineString", "coordinates": [[-75.20603368862085, 39.91877099027255], [-75.20603368862085, 39.91875721092388], [-75.206024705468, 39.91875721092388], [-75.206024705468, 39.91877099027255], [-75.20603368862085, 39.91877099027255]]}, "properties": {"confidence": "high"}}, {"type": "Feature", "geometry": {"type": "LineString", "coordinates": [[-75.20977966335563, 39.91876410059856], [-75.20977966335563, 39.91875721092388], [-75.20977068020278, 39.91875721092388], [-75.20977068020278, 39.91876410059856], [-75.20977966335563, 39.91876410059856]]}, "properties": {"confidence": "high"}}, {"type": "Feature", "geometry": {"type": "LineString", "coordinates": [[-75.20736319524134, 39.91876410059856], [-75.20736319524134, 39.91875721092388], [-75.20734522893565, 39.91875721092388], [-75.20734522893565, 39.91876410059856], [-75.20736319524134, 39.91876410059856]]}, "properties": {"confidence": "high"}}, {"type": "Feature", "geometry": {"type": "LineString", "coordinates": [[-75.20977068020278, 39.91875721092388], [-75.20977068020278, 39.918750321248496], [-75.20974373074426, 39.918750321248496], [-75.20974373074426, 39.91875721092388], [-75.20977068020278, 39.91875721092388]]}, "properties": {"confidence": "high"}}, {"type": "Feature", "geometry": {"type": "LineString", "coordinates": [[-75.20739014469986, 39.91875721092388], [-75.20739014469986, 39.918750321248496], [-75.20736319524134, 39.918750321248496], [-75.20736319524134, 39.91875721092388], [-75.20739014469986, 39.91875721092388]]}, "properties": {"confidence": "high"}}, {"type": "Feature", "geometry": {"type": "LineString", "coordinates": [[-75.20605165492653, 39.91875721092388], [-75.20605165492653, 39.918750321248496], [-75.20603368862085, 39.918750321248496], [-75.20603368862085, 39.91875721092388], [-75.20605165492653, 39.91875721092388]]}, "properties": {"confidence": "high"}}, {"type": "Feature", "geometry": {"type": "LineString", "coordinates": [[-75.206024705468, 39.91875721092388], [-75.206024705468, 39.918750321248496], [-75.20601572231516, 39.918750321248496], [-75.20601572231516, 39.91875721092388], [-75.206024705468, 39.91875721092388]]}, "properties": {"confidence": "high"}}, {"type": "Feature", "geometry": {"type": "LineString", "coordinates": [[-75.20570131196571, 39.91875721092388], [-75.20570131196571, 39.918750321248496], [-75.20569232881287, 39.918750321248496], [-75.20569232881287, 39.91875721092388], [-75.20570131196571, 39.91875721092388]]}, "properties": {"confidence": "high"}}, {"type": "Feature", "geometry": {"type": "LineString", "coordinates": [[-75.20974373074426, 39.918750321248496], [-75.20974373074426, 39.91874343157242], [-75.20972576443857, 39.91874343157242], [-75.20972576443857, 39.918750321248496], [-75.20974373074426, 39.918750321248496]]}, "properties": {"confidence": "high"}}, {"type": "Feature", "geometry": {"type": "LineString", "coordinates": [[-75.20741709415839, 39.918750321248496], [-75.20741709415839, 39.91874343157242], [-75.20739014469986, 39.91874343157242], [-75.20739014469986, 39.918750321248496], [-75.20741709415839, 39.918750321248496]]}, "properties": {"confidence": "high"}}, {"type": "Feature", "geometry": {"type": "LineString", "coordinates": [[-75.20606063807936, 39.918750321248496], [-75.20606063807936, 39.91874343157242], [-75.20605165492653, 39.91874343157242], [-75.20605165492653, 39.918750321248496], [-75.20606063807936, 39.918750321248496]]}, "properties": {"confidence": "high"}}, {"type": "Feature", "geometry": {"type": "LineString", "coordinates": [[-75.20601572231516, 39.918750321248496], [-75.20601572231516, 39.91874343157242], [-75.20600673916232, 39.91874343157242], [-75.20600673916232, 39.918750321248496], [-75.20601572231516, 39.918750321248496]]}, "properties": {"confidence": "high"}}, {"type": "Feature", "geometry": {"type": "LineString", "coordinates": [[-75.20580910979982, 39.918750321248496], [-75.20580910979982, 39.91874343157242], [-75.20570131196571, 39.91874343157242], [-75.20570131196571, 39.918750321248496], [-75.20580910979982, 39.918750321248496]]}, "properties": {"confidence": "high"}}, {"type": "Feature", "geometry": {"type": "LineString", "coordinates": [[-75.20569232881287, 39.918750321248496], [-75.20569232881287, 39.91874343157242], [-75.2056563962015, 39.91874343157242], [-75.2056563962015, 39.918750321248496], [-75.20569232881287, 39.918750321248496]]}, "properties": {"confidence": "high"}}, {"type": "Feature", "geometry": {"type": "LineString", "coordinates": [[-75.20972576443857, 39.91874343157242], [-75.20972576443857, 39.91873654189566], [-75.2097077981329, 39.91873654189566], [-75.2097077981329, 39.91874343157242], [-75.20972576443857, 39.91874343157242]]}, "properties": {"confidence": "high"}}, {"type": "Feature", "geometry": {"type": "LineString", "coordinates": [[-75.20743506046408, 39.91874343157242], [-75.20743506046408, 39.91873654189566], [-75.20741709415839, 39.91873654189566], [-75.20741709415839, 39.91874343157242], [-75.20743506046408, 39.91874343157242]]}, "properties": {"confidence": "high"}}, {"type": "Feature", "geometry": {"type": "LineString", "coordinates": [[-75.20607860438504, 39.91874343157242], [-75.20607860438504, 39.91873654189566], [-75.20606063807936, 39.91873654189566], [-75.20606063807936, 39.91874343157242], [-75.20607860438504, 39.91874343157242]]}, "properties": {"confidence": "high"}}, {"type": "Feature", "geometry": {"type": "LineString", "coordinates": [[-75.20600673916232, 39.91874343157242], [-75.20600673916232, 39.91873654189566], [-75.20597080655095, 39.91873654189566], [-75.20597080655095, 39.91874343157242], [-75.20600673916232, 39.91874343157242]]}, "properties": {"confidence": "high"}}, {"type": "Feature", "geometry": {"type": "LineString", "coordinates": [[-75.20590792448107, 39.91874343157242], [-75.20590792448107, 39.91873654189566], [-75.20580910979982, 39.91873654189566], [-75.20580910979982, 39.91874343157242], [-75.20590792448107, 39.91874343157242]]}, "properties": {"confidence": "high"}}, {"type": "Feature", "geometry": {"type": "LineString", "coordinates": [[-75.2056563962015, 39.91874343157242], [-75.2056563962015, 39.91873654189566], [-75.20562944674299, 39.91873654189566], [-75.20562944674299, 39.91874343157242], [-75.2056563962015, 39.91874343157242]]}, "properties": {"confidence": "high"}}, {"type": "Feature", "geometry": {"type": "LineString", "coordinates": [[-75.2097077981329, 39.91873654189566], [-75.2097077981329, 39.918729652218204], [-75.2096898318272, 39.918729652218204], [-75.2096898318272, 39.91873654189566], [-75.2097077981329, 39.91873654189566]]}, "properties": {"confidence": "high"}}, {"type": "Feature", "geometry": {"type": "LineString", "coordinates": [[-75.20745302676976, 39.91873654189566], [-75.20745302676976, 39.918729652218204], [-75.20743506046408, 39.918729652218204], [-75.20743506046408, 39.91873654189566], [-75.20745302676976, 39.91873654189566]]}, "properties": {"confidence": "high"}}, {"type": "Feature", "geometry": {"type": "LineString", "coordinates": [[-75.2060875875379, 39.91873654189566], [-75.2060875875379, 39.918729652218204], [-75.20607860438504, 39.918729652218204], [-75.20607860438504, 39.91873654189566], [-75.2060875875379, 39.91873654189566]]}, "properties": {"confidence": "high"}}, {"type": "Feature", "geometry": {"type": "LineString", "coordinates": [[-75.20597080655095, 39.91873654189566], [-75.20597080655095, 39.918729652218204], [-75.20590792448107, 39.918729652218204], [-75.20590792448107, 39.91873654189566], [-75.20597080655095, 39.91873654189566]]}, "properties": {"confidence": "high"}}, {"type": "Feature", "geometry": {"type": "LineString", "coordinates": [[-75.20562944674299, 39.91873654189566], [-75.20562944674299, 39.918729652218204], [-75.20560249728446, 39.918729652218204], [-75.20560249728446, 39.91873654189566], [-75.20562944674299, 39.91873654189566]]}, "properties": {"confidence": "high"}}, {"type": "Feature", "geometry": {"type": "LineString", "coordinates": [[-75.2096898318272, 39.918729652218204], [-75.2096898318272, 39.91872276254006], [-75.20967186552153, 39.91872276254006], [-75.20967186552153, 39.918729652218204], [-75.2096898318272, 39.918729652218204]]}, "properties": {"confidence": "high"}}, {"type": "Feature", "geometry": {"type": "LineString", "coordinates": [[-75.20747099307545, 39.918729652218204], [-75.20747099307545, 39.91872276254006], [-75.20745302676976, 39.91872276254006], [-75.20745302676976, 39.918729652218204], [-75.20747099307545, 39.918729652218204]]}, "properties": {"confidence": "high"}}, {"type": "Feature", "geometry": {"type": "LineString", "coordinates": [[-75.20609657069073, 39.918729652218204], [-75.20609657069073, 39.91872276254006], [-75.2060875875379, 39.91872276254006], [-75.2060875875379, 39.918729652218204], [-75.20609657069073, 39.918729652218204]]}, "properties": {"confidence": "high"}}, {"type": "Feature", "geometry": {"type": "LineString", "coordinates": [[-75.20560249728446, 39.918729652218204], [-75.20560249728446, 39.91872276254006], [-75.20559351413162, 39.91872276254006], [-75.20559351413162, 39.918729652218204], [-75.20560249728446, 39.918729652218204]]}, "properties": {"confidence": "high"}}, {"type": "Feature", "geometry": {"type": "LineString", "coordinates": [[-75.20967186552153, 39.91872276254006], [-75.20967186552153, 39.91871587286121], [-75.20965389921584, 39.91871587286121], [-75.20965389921584, 39.91872276254006], [-75.20967186552153, 39.91872276254006]]}, "properties": {"confidence": "high"}}, {"type": "Feature", "geometry": {"type": "LineString", "coordinates": [[-75.20748895938112, 39.91872276254006], [-75.20748895938112, 39.91871587286121], [-75.20747099307545, 39.91871587286121], [-75.20747099307545, 39.91872276254006], [-75.20748895938112, 39.91872276254006]]}, "properties": {"confidence": "high"}}, {"type": "Feature", "geometry": {"type": "LineString", "coordinates": [[-75.20610555384357, 39.91872276254006], [-75.20610555384357, 39.91871587286121], [-75.20609657069073, 39.91871587286121], [-75.20609657069073, 39.91872276254006], [-75.20610555384357, 39.91872276254006]]}, "properties": {"confidence": "high"}}, {"type": "Feature", "geometry": {"type": "LineString", "coordinates": [[-75.20559351413162, 39.91872276254006], [-75.20559351413162, 39.91871587286121], [-75.20558453097878, 39.91871587286121], [-75.20558453097878, 39.91872276254006], [-75.20559351413162, 39.91872276254006]]}, "properties": {"confidence": "high"}}, {"type": "Feature", "geometry": {"type": "LineString", "coordinates": [[-75.20965389921584, 39.91871587286121], [-75.20965389921584, 39.91870898318168], [-75.20963593291016, 39.91870898318168], [-75.20963593291016, 39.91871587286121], [-75.20965389921584, 39.91871587286121]]}, "properties": {"confidence": "high"}}, {"type": "Feature", "geometry": {"type": "LineString", "coordinates": [[-75.2075069256868, 39.91871587286121], [-75.2075069256868, 39.91870898318168], [-75.20748895938112, 39.91870898318168], [-75.20748895938112, 39.91871587286121], [-75.2075069256868, 39.91871587286121]]}, "properties": {"confidence": "high"}}, {"type": "Feature", "geometry": {"type": "LineString", "coordinates": [[-75.20611453699641, 39.91871587286121], [-75.20611453699641, 39.91870898318168], [-75.20610555384357, 39.91870898318168], [-75.20610555384357, 39.91871587286121], [-75.20611453699641, 39.91871587286121]]}, "properties": {"confidence": "high"}}, {"type": "Feature", "geometry": {"type": "LineString", "coordinates": [[-75.20558453097878, 39.91871587286121], [-75.20558453097878, 39.91870898318168], [-75.20557554782594, 39.91870898318168], [-75.20557554782594, 39.91871587286121], [-75.20558453097878, 39.91871587286121]]}, "properties": {"confidence": "high"}}, {"type": "Feature", "geometry": {"type": "LineString", "coordinates": [[-75.20963593291016, 39.91870898318168], [-75.20963593291016, 39.91870209350145], [-75.20962694975732, 39.91870209350145], [-75.20962694975732, 39.91870898318168], [-75.20963593291016, 39.91870898318168]]}, "properties": {"confidence": "high"}}, {"type": "Feature", "geometry": {"type": "LineString", "coordinates": [[-75.20753387514533, 39.91870898318168], [-75.20753387514533, 39.91870209350145], [-75.2075069256868, 39.91870209350145], [-75.2075069256868, 39.91870898318168], [-75.20753387514533, 39.91870898318168]]}, "properties": {"confidence": "high"}}, {"type": "Feature", "geometry": {"type": "LineString", "coordinates": [[-75.2061325033021, 39.91870898318168], [-75.2061325033021, 39.91870209350145], [-75.20611453699641, 39.91870209350145], [-75.20611453699641, 39.91870898318168], [-75.2061325033021, 39.91870898318168]]}, "properties": {"confidence": "high"}}, {"type": "Feature", "geometry": {"type": "LineString", "coordinates": [[-75.20557554782594, 39.91870898318168], [-75.20557554782594, 39.91870209350145], [-75.20556656467309, 39.91870209350145], [-75.20556656467309, 39.91870898318168], [-75.20557554782594, 39.91870898318168]]}, "properties": {"confidence": "high"}}, {"type": "Feature", "geometry": {"type": "LineString", "coordinates": [[-75.20962694975732, 39.91870209350145], [-75.20962694975732, 39.91869520382053], [-75.20960898345163, 39.91869520382053], [-75.20960898345163, 39.91870209350145], [-75.20962694975732, 39.91870209350145]]}, "properties": {"confidence": "high"}}, {"type": "Feature", "geometry": {"type": "LineString", "coordinates": [[-75.20756082460385, 39.91870209350145], [-75.20756082460385, 39.91869520382053], [-75.20753387514533, 39.91869520382053], [-75.20753387514533, 39.91870209350145], [-75.20756082460385, 39.91870209350145]]}, "properties": {"confidence": "high"}}, {"type": "Feature", "geometry": {"type": "LineString", "coordinates": [[-75.20614148645494, 39.91870209350145], [-75.20614148645494, 39.91869520382053], [-75.2061325033021, 39.91869520382053], [-75.2061325033021, 39.91870209350145], [-75.20614148645494, 39.91870209350145]]}, "properties": {"confidence": "high"}}, {"type": "Feature", "geometry": {"type": "LineString", "coordinates": [[-75.20556656467309, 39.91870209350145], [-75.20556656467309, 39.91869520382053], [-75.20555758152025, 39.91869520382053], [-75.20555758152025, 39.91870209350145], [-75.20556656467309, 39.91870209350145]]}, "properties": {"confidence": "high"}}, {"type": "Feature", "geometry": {"type": "LineString", "coordinates": [[-75.20960898345163, 39.91869520382053], [-75.20960898345163, 39.91868831413891], [-75.20960000029879, 39.91868831413891], [-75.20960000029879, 39.91869520382053], [-75.20960898345163, 39.91869520382053]]}, "properties": {"confidence": "high"}}, {"type": "Feature", "geometry": {"type": "LineString", "coordinates": [[-75.20757879090954, 39.91869520382053], [-75.20757879090954, 39.91868831413891], [-75.20756082460385, 39.91868831413891], [-75.20756082460385, 39.91869520382053], [-75.20757879090954, 39.91869520382053]]}, "properties": {"confidence": "high"}}, {"type": "Feature", "geometry": {"type": "LineString", "coordinates": [[-75.20615945276062, 39.91869520382053], [-75.20615945276062, 39.91868831413891], [-75.20614148645494, 39.91868831413891], [-75.20614148645494, 39.91869520382053], [-75.20615945276062, 39.91869520382053]]}, "properties": {"confidence": "high"}}, {"type": "Feature", "geometry": {"type": "LineString", "coordinates": [[-75.20555758152025, 39.91869520382053], [-75.20555758152025, 39.91868831413891], [-75.20554859836741, 39.91868831413891], [-75.20554859836741, 39.91869520382053], [-75.20555758152025, 39.91869520382053]]}, "properties": {"confidence": "high"}}, {"type": "Feature", "geometry": {"type": "LineString", "coordinates": [[-75.20960000029879, 39.91868831413891], [-75.20960000029879, 39.9186814244566], [-75.20958203399312, 39.9186814244566], [-75.20958203399312, 39.91868831413891], [-75.20960000029879, 39.91868831413891]]}, "properties": {"confidence": "high"}}, {"type": "Feature", "geometry": {"type": "LineString", "coordinates": [[-75.20760574036805, 39.91868831413891], [-75.20760574036805, 39.9186814244566], [-75.20757879090954, 39.9186814244566], [-75.20757879090954, 39.91868831413891], [-75.20760574036805, 39.91868831413891]]}, "properties": {"confidence": "high"}}, {"type": "Feature", "geometry": {"type": "LineString", "coordinates": [[-75.2061774190663, 39.91868831413891], [-75.2061774190663, 39.9186814244566], [-75.20615945276062, 39.9186814244566], [-75.20615945276062, 39.91868831413891], [-75.2061774190663, 39.91868831413891]]}, "properties": {"confidence": "high"}}, {"type": "Feature", "geometry": {"type": "LineString", "coordinates": [[-75.20554859836741, 39.91868831413891], [-75.20554859836741, 39.91867453477361], [-75.20553961521458, 39.91867453477361], [-75.20553961521458, 39.91868831413891], [-75.20554859836741, 39.91868831413891]]}, "properties": {"confidence": "high"}}, {"type": "Feature", "geometry": {"type": "LineString", "coordinates": [[-75.20958203399312, 39.9186814244566], [-75.20958203399312, 39.91867453477361], [-75.20956406768742, 39.91867453477361], [-75.20956406768742, 39.9186814244566], [-75.20958203399312, 39.9186814244566]]}, "properties": {"confidence": "high"}}, {"type": "Feature", "geometry": {"type": "LineString", "coordinates": [[-75.20762370667374, 39.9186814244566], [-75.20762370667374, 39.91867453477361], [-75.20760574036805, 39.91867453477361], [-75.20760574036805, 39.9186814244566], [-75.20762370667374, 39.9186814244566]]}, "properties": {"confidence": "high"}}, {"type": "Feature", "geometry": {"type": "LineString", "coordinates": [[-75.20619538537198, 39.9186814244566], [-75.20619538537198, 39.91867453477361], [-75.2061774190663, 39.91867453477361], [-75.2061774190663, 39.9186814244566], [-75.20619538537198, 39.9186814244566]]}, "properties": {"confidence": "high"}}, {"type": "Feature", "geometry": {"type": "LineString", "coordinates": [[-75.20956406768742, 39.91867453477361], [-75.20956406768742, 39.91866764508991], [-75.20954610138175, 39.91866764508991], [-75.20954610138175, 39.91867453477361], [-75.20956406768742, 39.91867453477361]]}, "properties": {"confidence": "high"}}, {"type": "Feature", "geometry": {"type": "LineString", "coordinates": [[-75.20764167297942, 39.91867453477361], [-75.20764167297942, 39.91866764508991], [-75.20762370667374, 39.91866764508991], [-75.20762370667374, 39.91867453477361], [-75.20764167297942, 39.91867453477361]]}, "properties": {"confidence": "high"}}, {"type": "Feature", "geometry": {"type": "LineString", "coordinates": [[-75.2062223348305, 39.91867453477361], [-75.2062223348305, 39.91866764508991], [-75.20619538537198, 39.91866764508991], [-75.20619538537198, 39.91867453477361], [-75.2062223348305, 39.91867453477361]]}, "properties": {"confidence": "high"}}, {"type": "Feature", "geometry": {"type": "LineString", "coordinates": [[-75.20553961521458, 39.91867453477361], [-75.20553961521458, 39.91866764508991], [-75.20553063206174, 39.91866764508991], [-75.20553063206174, 39.91867453477361], [-75.20553961521458, 39.91867453477361]]}, "properties": {"confidence": "high"}}, {"type": "Feature", "geometry": {"type": "LineString", "coordinates": [[-75.20954610138175, 39.91866764508991], [-75.20954610138175, 39.918660755405526], [-75.20953711822891, 39.918660755405526], [-75.20953711822891, 39.91866764508991], [-75.20954610138175, 39.91866764508991]]}, "properties": {"confidence": "high"}}, {"type": "Feature", "geometry": {"type": "LineString", "coordinates": [[-75.2076596392851, 39.91866764508991], [-75.2076596392851, 39.918660755405526], [-75.20764167297942, 39.918660755405526], [-75.20764167297942, 39.91866764508991], [-75.2076596392851, 39.91866764508991]]}, "properties": {"confidence": "high"}}, {"type": "Feature", "geometry": {"type": "LineString", "coordinates": [[-75.20624928428903, 39.91866764508991], [-75.20624928428903, 39.918660755405526], [-75.2062223348305, 39.918660755405526], [-75.2062223348305, 39.91866764508991], [-75.20624928428903, 39.91866764508991]]}, "properties": {"confidence": "high"}}, {"type": "Feature", "geometry": {"type": "LineString", "coordinates": [[-75.20953711822891, 39.918660755405526], [-75.20953711822891, 39.918653865720444], [-75.20951915192323, 39.918653865720444], [-75.20951915192323, 39.918660755405526], [-75.20953711822891, 39.918660755405526]]}, "properties": {"confidence": "high"}}, {"type": "Feature", "geometry": {"type": "LineString", "coordinates": [[-75.20767760559079, 39.918660755405526], [-75.20767760559079, 39.918653865720444], [-75.2076596392851, 39.918653865720444], [-75.2076596392851, 39.918660755405526], [-75.20767760559079, 39.918660755405526]]}, "properties": {"confidence": "high"}}, {"type": "Feature", "geometry": {"type": "LineString", "coordinates": [[-75.20627623374754, 39.918660755405526], [-75.20627623374754, 39.918653865720444], [-75.20624928428903, 39.918653865720444], [-75.20624928428903, 39.918660755405526], [-75.20627623374754, 39.918660755405526]]}, "properties": {"confidence": "high"}}, {"type": "Feature", "geometry": {"type": "LineString", "coordinates": [[-75.20553063206174, 39.91866764508991], [-75.20553063206174, 39.918646976034665], [-75.2055216489089, 39.918646976034665], [-75.2055216489089, 39.91866764508991], [-75.20553063206174, 39.91866764508991]]}, "properties": {"confidence": "high"}}, {"type": "Feature", "geometry": {"type": "LineString", "coordinates": [[-75.20951915192323, 39.918653865720444], [-75.20951915192323, 39.918646976034665], [-75.20950118561754, 39.918646976034665], [-75.20950118561754, 39.918653865720444], [-75.20951915192323, 39.918653865720444]]}, "properties": {"confidence": "high"}}, {"type": "Feature", "geometry": {"type": "LineString", "coordinates": [[-75.20769557189647, 39.918653865720444], [-75.20769557189647, 39.918646976034665], [-75.20767760559079, 39.918646976034665], [-75.20767760559079, 39.918653865720444], [-75.20769557189647, 39.918653865720444]]}, "properties": {"confidence": "high"}}, {"type": "Feature", "geometry": {"type": "LineString", "coordinates": [[-75.20630318320609, 39.918653865720444], [-75.20630318320609, 39.918646976034665], [-75.20627623374754, 39.918646976034665], [-75.20627623374754, 39.918653865720444], [-75.20630318320609, 39.918653865720444]]}, "properties": {"confidence": "high"}}, {"type": "Feature", "geometry": {"type": "LineString", "coordinates": [[-75.20950118561754, 39.918646976034665], [-75.20950118561754, 39.9186400863482], [-75.20947423615902, 39.9186400863482], [-75.20947423615902, 39.918646976034665], [-75.20950118561754, 39.918646976034665]]}, "properties": {"confidence": "high"}}, {"type": "Feature", "geometry": {"type": "LineString", "coordinates": [[-75.20771353820214, 39.918646976034665], [-75.20771353820214, 39.9186400863482], [-75.20769557189647, 39.9186400863482], [-75.20769557189647, 39.918646976034665], [-75.20771353820214, 39.918646976034665]]}, "properties": {"confidence": "high"}}, {"type": "Feature", "geometry": {"type": "LineString", "coordinates": [[-75.2063301326646, 39.918646976034665], [-75.2063301326646, 39.9186400863482], [-75.20630318320609, 39.9186400863482], [-75.20630318320609, 39.918646976034665], [-75.2063301326646, 39.918646976034665]]}, "properties": {"confidence": "high"}}, {"type": "Feature", "geometry": {"type": "LineString", "coordinates": [[-75.2055216489089, 39.918646976034665], [-75.2055216489089, 39.9186400863482], [-75.20551266575605, 39.9186400863482], [-75.20551266575605, 39.918646976034665], [-75.2055216489089, 39.918646976034665]]}, "properties": {"confidence": "high"}}, {"type": "Feature", "geometry": {"type": "LineString", "coordinates": [[-75.20947423615902, 39.9186400863482], [-75.20947423615902, 39.91863319666104], [-75.20946525300617, 39.91863319666104], [-75.20946525300617, 39.9186400863482], [-75.20947423615902, 39.9186400863482]]}, "properties": {"confidence": "high"}}, {"type": "Feature", "geometry": {"type": "LineString", "coordinates": [[-75.20773150450783, 39.9186400863482], [-75.20773150450783, 39.91863319666104], [-75.20771353820214, 39.91863319666104], [-75.20771353820214, 39.9186400863482], [-75.20773150450783, 39.9186400863482]]}, "properties": {"confidence": "high"}}, {"type": "Feature", "geometry": {"type": "LineString", "coordinates": [[-75.20635708212313, 39.9186400863482], [-75.20635708212313, 39.91863319666104], [-75.2063301326646, 39.91863319666104], [-75.2063301326646, 39.9186400863482], [-75.20635708212313, 39.9186400863482]]}, "properties": {"confidence": "high"}}, {"type": "Feature", "geometry": {"type": "LineString", "coordinates": [[-75.20551266575605, 39.9186400863482], [-75.20551266575605, 39.91862630697319], [-75.20550368260321, 39.91862630697319], [-75.20550368260321, 39.9186400863482], [-75.20551266575605, 39.9186400863482]]}, "properties": {"confidence": "high"}}, {"type": "Feature", "geometry": {"type": "LineString", "coordinates": [[-75.20946525300617, 39.91863319666104], [-75.20946525300617, 39.91862630697319], [-75.20943830354766, 39.91862630697319], [-75.20943830354766, 39.91863319666104], [-75.20946525300617, 39.91863319666104]]}, "properties": {"confidence": "high"}}, {"type": "Feature", "geometry": {"type": "LineString", "coordinates": [[-75.20774947081351, 39.91863319666104], [-75.20774947081351, 39.91862630697319], [-75.20773150450783, 39.91862630697319], [-75.20773150450783, 39.91863319666104], [-75.20774947081351, 39.91863319666104]]}, "properties": {"confidence": "high"}}, {"type": "Feature", "geometry": {"type": "LineString", "coordinates": [[-75.2063930147345, 39.91863319666104], [-75.2063930147345, 39.91862630697319], [-75.20635708212313, 39.91862630697319], [-75.20635708212313, 39.91863319666104], [-75.2063930147345, 39.91863319666104]]}, "properties": {"confidence": "high"}}, {"type": "Feature", "geometry": {"type": "LineString", "coordinates": [[-75.20943830354766, 39.91862630697319], [-75.20943830354766, 39.91861941728464], [-75.20942033724198, 39.91861941728464], [-75.20942033724198, 39.91862630697319], [-75.20943830354766, 39.91862630697319]]}, "properties": {"confidence": "high"}}, {"type": "Feature", "geometry": {"type": "LineString", "coordinates": [[-75.20776743711919, 39.91862630697319], [-75.20776743711919, 39.91861941728464], [-75.20774947081351, 39.91861941728464], [-75.20774947081351, 39.91862630697319], [-75.20776743711919, 39.91862630697319]]}, "properties": {"confidence": "high"}}, {"type": "Feature", "geometry": {"type": "LineString", "coordinates": [[-75.20641098104018, 39.91862630697319], [-75.20641098104018, 39.91861941728464], [-75.2063930147345, 39.91861941728464], [-75.2063930147345, 39.91862630697319], [-75.20641098104018, 39.91862630697319]]}, "properties": {"confidence": "high"}}, {"type": "Feature", "geometry": {"type": "LineString", "coordinates": [[-75.20550368260321, 39.91862630697319], [-75.20550368260321, 39.9186125275954], [-75.20549469945037, 39.9186125275954], [-75.20549469945037, 39.91862630697319], [-75.20550368260321, 39.91862630697319]]}, "properties": {"confidence": "high"}}, {"type": "Feature", "geometry": {"type": "LineString", "coordinates": [[-75.20942033724198, 39.91861941728464], [-75.20942033724198, 39.9186125275954], [-75.20941135408913, 39.9186125275954], [-75.20941135408913, 39.91861941728464], [-75.20942033724198, 39.91861941728464]]}, "properties": {"confidence": "high"}}, {"type": "Feature", "geometry": {"type": "LineString", "coordinates": [[-75.20778540342488, 39.91861941728464], [-75.20778540342488, 39.9186125275954], [-75.20776743711919, 39.9186125275954], [-75.20776743711919, 39.91861941728464], [-75.20778540342488, 39.91861941728464]]}, "properties": {"confidence": "high"}}, {"type": "Feature", "geometry": {"type": "LineString", "coordinates": [[-75.2064379304987, 39.91861941728464], [-75.2064379304987, 39.9186125275954], [-75.20641098104018, 39.9186125275954], [-75.20641098104018, 39.91861941728464], [-75.2064379304987, 39.91861941728464]]}, "properties": {"confidence": "high"}}, {"type": "Feature", "geometry": {"type": "LineString", "coordinates": [[-75.20941135408913, 39.9186125275954], [-75.20941135408913, 39.918605637905465], [-75.20940237093629, 39.918605637905465], [-75.20940237093629, 39.9186125275954], [-75.20941135408913, 39.9186125275954]]}, "properties": {"confidence": "high"}}, {"type": "Feature", "geometry": {"type": "LineString", "coordinates": [[-75.2078123528834, 39.9186125275954], [-75.2078123528834, 39.918605637905465], [-75.20778540342488, 39.918605637905465], [-75.20778540342488, 39.9186125275954], [-75.2078123528834, 39.9186125275954]]}, "properties": {"confidence": "high"}}, {"type": "Feature", "geometry": {"type": "LineString", "coordinates": [[-75.20645589680439, 39.9186125275954], [-75.20645589680439, 39.918605637905465], [-75.2064379304987, 39.918605637905465], [-75.2064379304987, 39.9186125275954], [-75.20645589680439, 39.9186125275954]]}, "properties": {"confidence": "high"}}, {"type": "Feature", "geometry": {"type": "LineString", "coordinates": [[-75.20549469945037, 39.9186125275954], [-75.20549469945037, 39.918605637905465], [-75.20548571629753, 39.918605637905465], [-75.20548571629753, 39.9186125275954], [-75.20549469945037, 39.9186125275954]]}, "properties": {"confidence": "high"}}, {"type": "Feature", "geometry": {"type": "LineString", "coordinates": [[-75.20940237093629, 39.918605637905465], [-75.20940237093629, 39.91859874821484], [-75.20938440463061, 39.91859874821484], [-75.20938440463061, 39.918605637905465], [-75.20940237093629, 39.918605637905465]]}, "properties": {"confidence": "high"}}, {"type": "Feature", "geometry": {"type": "LineString", "coordinates": [[-75.20783930234192, 39.918605637905465], [-75.20783930234192, 39.91859874821484], [-75.2078123528834, 39.91859874821484], [-75.2078123528834, 39.918605637905465], [-75.20783930234192, 39.918605637905465]]}, "properties": {"confidence": "high"}}, {"type": "Feature", "geometry": {"type": "LineString", "coordinates": [[-75.20647386311006, 39.918605637905465], [-75.20647386311006, 39.91859874821484], [-75.20645589680439, 39.91859874821484], [-75.20645589680439, 39.918605637905465], [-75.20647386311006, 39.918605637905465]]}, "properties": {"confidence": "high"}}, {"type": "Feature", "geometry": {"type": "LineString", "coordinates": [[-75.20548571629753, 39.918605637905465], [-75.20548571629753, 39.91859185852353], [-75.20547673314469, 39.91859185852353], [-75.20547673314469, 39.918605637905465], [-75.20548571629753, 39.918605637905465]]}, "properties": {"confidence": "high"}}, {"type": "Feature", "geometry": {"type": "LineString", "coordinates": [[-75.20938440463061, 39.91859874821484], [-75.20938440463061, 39.91859185852353], [-75.20937542147777, 39.91859185852353], [-75.20937542147777, 39.91859874821484], [-75.20938440463061, 39.91859874821484]]}, "properties": {"confidence": "high"}}, {"type": "Feature", "geometry": {"type": "LineString", "coordinates": [[-75.2078572686476, 39.91859874821484], [-75.2078572686476, 39.91859185852353], [-75.20783930234192, 39.91859185852353], [-75.20783930234192, 39.91859874821484], [-75.2078572686476, 39.91859874821484]]}, "properties": {"confidence": "high"}}, {"type": "Feature", "geometry": {"type": "LineString", "coordinates": [[-75.20652776202711, 39.91859874821484], [-75.20652776202711, 39.91859185852353], [-75.20647386311006, 39.91859185852353], [-75.20647386311006, 39.91859874821484], [-75.20652776202711, 39.91859874821484]]}, "properties": {"confidence": "high"}}, {"type": "Feature", "geometry": {"type": "LineString", "coordinates": [[-75.20937542147777, 39.91859185852353], [-75.20937542147777, 39.9185849688315], [-75.20936643832493, 39.9185849688315], [-75.20936643832493, 39.91859185852353], [-75.20937542147777, 39.91859185852353]]}, "properties": {"confidence": "high"}}, {"type": "Feature", "geometry": {"type": "LineString", "coordinates": [[-75.20787523495328, 39.91859185852353], [-75.20787523495328, 39.9185849688315], [-75.2078572686476, 39.9185849688315], [-75.2078572686476, 39.91859185852353], [-75.20787523495328, 39.91859185852353]]}, "properties": {"confidence": "high"}}, {"type": "Feature", "geometry": {"type": "LineString", "coordinates": [[-75.20655471148564, 39.91859185852353], [-75.20655471148564, 39.9185849688315], [-75.20652776202711, 39.9185849688315], [-75.20652776202711, 39.91859185852353], [-75.20655471148564, 39.91859185852353]]}, "properties": {"confidence": "high"}}, {"type": "Feature", "geometry": {"type": "LineString", "coordinates": [[-75.20547673314469, 39.91859185852353], [-75.20547673314469, 39.91857807913881], [-75.20546774999185, 39.91857807913881], [-75.20546774999185, 39.91859185852353], [-75.20547673314469, 39.91859185852353]]}, "properties": {"confidence": "high"}}, {"type": "Feature", "geometry": {"type": "LineString", "coordinates": [[-75.20936643832493, 39.9185849688315], [-75.20936643832493, 39.91857807913881], [-75.20935745517208, 39.91857807913881], [-75.20935745517208, 39.9185849688315], [-75.20936643832493, 39.9185849688315]]}, "properties": {"confidence": "high"}}, {"type": "Feature", "geometry": {"type": "LineString", "coordinates": [[-75.20789320125897, 39.9185849688315], [-75.20789320125897, 39.91857807913881], [-75.20787523495328, 39.91857807913881], [-75.20787523495328, 39.9185849688315], [-75.20789320125897, 39.9185849688315]]}, "properties": {"confidence": "high"}}, {"type": "Feature", "geometry": {"type": "LineString", "coordinates": [[-75.20659064409699, 39.9185849688315], [-75.20659064409699, 39.91857807913881], [-75.20655471148564, 39.91857807913881], [-75.20655471148564, 39.9185849688315], [-75.20659064409699, 39.9185849688315]]}, "properties": {"confidence": "high"}}, {"type": "Feature", "geometry": {"type": "LineString", "coordinates": [[-75.20935745517208, 39.91857807913881], [-75.20935745517208, 39.9185711894454], [-75.20934847201924, 39.9185711894454], [-75.20934847201924, 39.91857807913881], [-75.20935745517208, 39.91857807913881]]}, "properties": {"confidence": "high"}}, {"type": "Feature", "geometry": {"type": "LineString", "coordinates": [[-75.20791116756465, 39.91857807913881], [-75.20791116756465, 39.9185711894454], [-75.20789320125897, 39.9185711894454], [-75.20789320125897, 39.91857807913881], [-75.20791116756465, 39.91857807913881]]}, "properties": {"confidence": "high"}}, {"type": "Feature", "geometry": {"type": "LineString", "coordinates": [[-75.20662657670836, 39.91857807913881], [-75.20662657670836, 39.9185711894454], [-75.20659064409699, 39.9185711894454], [-75.20659064409699, 39.91857807913881], [-75.20662657670836, 39.91857807913881]]}, "properties": {"confidence": "high"}}, {"type": "Feature", "geometry": {"type": "LineString", "coordinates": [[-75.20546774999185, 39.91857807913881], [-75.20546774999185, 39.91856429975131], [-75.205458766839, 39.91856429975131], [-75.205458766839, 39.91857807913881], [-75.20546774999185, 39.91857807913881]]}, "properties": {"confidence": "high"}}, {"type": "Feature", "geometry": {"type": "LineString", "coordinates": [[-75.20934847201924, 39.9185711894454], [-75.20934847201924, 39.91856429975131], [-75.20932152256073, 39.91856429975131], [-75.20932152256073, 39.9185711894454], [-75.20934847201924, 39.9185711894454]]}, "properties": {"confidence": "high"}}, {"type": "Feature", "geometry": {"type": "LineString", "coordinates": [[-75.20792913387034, 39.9185711894454], [-75.20792913387034, 39.91856429975131], [-75.20791116756465, 39.91856429975131], [-75.20791116756465, 39.9185711894454], [-75.20792913387034, 39.9185711894454]]}, "properties": {"confidence": "high"}}, {"type": "Feature", "geometry": {"type": "LineString", "coordinates": [[-75.20666250931973, 39.9185711894454], [-75.20666250931973, 39.91856429975131], [-75.20662657670836, 39.91856429975131], [-75.20662657670836, 39.9185711894454], [-75.20666250931973, 39.9185711894454]]}, "properties": {"confidence": "high"}}, {"type": "Feature", "geometry": {"type": "LineString", "coordinates": [[-75.20932152256073, 39.91856429975131], [-75.20932152256073, 39.91855741005653], [-75.20931253940788, 39.91855741005653], [-75.20931253940788, 39.91856429975131], [-75.20932152256073, 39.91856429975131]]}, "properties": {"confidence": "high"}}, {"type": "Feature", "geometry": {"type": "LineString", "coordinates": [[-75.20793811702318, 39.91856429975131], [-75.20793811702318, 39.91855741005653], [-75.20792913387034, 39.91855741005653], [-75.20792913387034, 39.91856429975131], [-75.20793811702318, 39.91856429975131]]}, "properties": {"confidence": "high"}}, {"type": "Feature", "geometry": {"type": "LineString", "coordinates": [[-75.20668945877824, 39.91856429975131], [-75.20668945877824, 39.91855741005653], [-75.20666250931973, 39.91855741005653], [-75.20666250931973, 39.91856429975131], [-75.20668945877824, 39.91856429975131]]}, "properties": {"confidence": "high"}}, {"type": "Feature", "geometry": {"type": "LineString", "coordinates": [[-75.205458766839, 39.91856429975131], [-75.205458766839, 39.91855052036105], [-75.20544978368616, 39.91855052036105], [-75.20544978368616, 39.91856429975131], [-75.205458766839, 39.91856429975131]]}, "properties": {"confidence": "high"}}, {"type": "Feature", "geometry": {"type": "LineString", "coordinates": [[-75.20931253940788, 39.91855741005653], [-75.20931253940788, 39.91855052036105], [-75.2092945731022, 39.91855052036105], [-75.2092945731022, 39.91855741005653], [-75.20931253940788, 39.91855741005653]]}, "properties": {"confidence": "high"}}, {"type": "Feature", "geometry": {"type": "LineString", "coordinates": [[-75.20795608332885, 39.91855741005653], [-75.20795608332885, 39.91855052036105], [-75.20793811702318, 39.91855052036105], [-75.20793811702318, 39.91855741005653], [-75.20795608332885, 39.91855741005653]]}, "properties": {"confidence": "high"}}, {"type": "Feature", "geometry": {"type": "LineString", "coordinates": [[-75.20672539138961, 39.91855741005653], [-75.20672539138961, 39.91855052036105], [-75.20668945877824, 39.91855052036105], [-75.20668945877824, 39.91855741005653], [-75.20672539138961, 39.91855741005653]]}, "properties": {"confidence": "high"}}, {"type": "Feature", "geometry": {"type": "LineString", "coordinates": [[-75.2092945731022, 39.91855052036105], [-75.2092945731022, 39.91854363066488], [-75.20927660679652, 39.91854363066488], [-75.20927660679652, 39.91855052036105], [-75.2092945731022, 39.91855052036105]]}, "properties": {"confidence": "high"}}, {"type": "Feature", "geometry": {"type": "LineString", "coordinates": [[-75.20797404963453, 39.91855052036105], [-75.20797404963453, 39.91854363066488], [-75.20795608332885, 39.91854363066488], [-75.20795608332885, 39.91855052036105], [-75.20797404963453, 39.91855052036105]]}, "properties": {"confidence": "high"}}, {"type": "Feature", "geometry": {"type": "LineString", "coordinates": [[-75.20675234084814, 39.91855052036105], [-75.20675234084814, 39.91854363066488], [-75.20672539138961, 39.91854363066488], [-75.20672539138961, 39.91855052036105], [-75.20675234084814, 39.91855052036105]]}, "properties": {"confidence": "high"}}, {"type": "Feature", "geometry": {"type": "LineString", "coordinates": [[-75.20544978368616, 39.91855052036105], [-75.20544978368616, 39.91853674096801], [-75.20544080053332, 39.91853674096801], [-75.20544080053332, 39.91855052036105], [-75.20544978368616, 39.91855052036105]]}, "properties": {"confidence": "high"}}, {"type": "Feature", "geometry": {"type": "LineString", "coordinates": [[-75.20927660679652, 39.91854363066488], [-75.20927660679652, 39.91853674096801], [-75.20926762364368, 39.91853674096801], [-75.20926762364368, 39.91854363066488], [-75.20927660679652, 39.91854363066488]]}, "properties": {"confidence": "high"}}, {"type": "Feature", "geometry": {"type": "LineString", "coordinates": [[-75.20798303278738, 39.91854363066488], [-75.20798303278738, 39.91853674096801], [-75.20797404963453, 39.91853674096801], [-75.20797404963453, 39.91854363066488], [-75.20798303278738, 39.91854363066488]]}, "properties": {"confidence": "high"}}, {"type": "Feature", "geometry": {"type": "LineString", "coordinates": [[-75.2067882734595, 39.91854363066488], [-75.2067882734595, 39.91853674096801], [-75.20675234084814, 39.91853674096801], [-75.20675234084814, 39.91854363066488], [-75.2067882734595, 39.91854363066488]]}, "properties": {"confidence": "high"}}, {"type": "Feature", "geometry": {"type": "LineString", "coordinates": [[-75.20926762364368, 39.91853674096801], [-75.20926762364368, 39.91852985127045], [-75.20924965733799, 39.91852985127045], [-75.20924965733799, 39.91853674096801], [-75.20926762364368, 39.91853674096801]]}, "properties": {"confidence": "high"}}, {"type": "Feature", "geometry": {"type": "LineString", "coordinates": [[-75.20800099909307, 39.91853674096801], [-75.20800099909307, 39.91852985127045], [-75.20798303278738, 39.91852985127045], [-75.20798303278738, 39.91853674096801], [-75.20800099909307, 39.91853674096801]]}, "properties": {"confidence": "high"}}, {"type": "Feature", "geometry": {"type": "LineString", "coordinates": [[-75.20680623976519, 39.91853674096801], [-75.20680623976519, 39.91852985127045], [-75.2067882734595, 39.91852985127045], [-75.2067882734595, 39.91853674096801], [-75.20680623976519, 39.91853674096801]]}, "properties": {"confidence": "high"}}, {"type": "Feature", "geometry": {"type": "LineString", "coordinates": [[-75.20924965733799, 39.91852985127045], [-75.20924965733799, 39.9185229615722], [-75.20924067418515, 39.9185229615722], [-75.20924067418515, 39.91852985127045], [-75.20924965733799, 39.91852985127045]]}, "properties": {"confidence": "high"}}, {"type": "Feature", "geometry": {"type": "LineString", "coordinates": [[-75.20801896539875, 39.91852985127045], [-75.20801896539875, 39.9185229615722], [-75.20800099909307, 39.9185229615722], [-75.20800099909307, 39.91852985127045], [-75.20801896539875, 39.91852985127045]]}, "properties": {"confidence": "high"}}, {"type": "Feature", "geometry": {"type": "LineString", "coordinates": [[-75.20682420607086, 39.91852985127045], [-75.20682420607086, 39.9185229615722], [-75.20680623976519, 39.9185229615722], [-75.20680623976519, 39.91852985127045], [-75.20682420607086, 39.91852985127045]]}, "properties": {"confidence": "high"}}, {"type": "Feature", "geometry": {"type": "LineString", "coordinates": [[-75.20544080053332, 39.91853674096801], [-75.20544080053332, 39.918516071873256], [-75.20543181738049, 39.918516071873256], [-75.20543181738049, 39.91853674096801], [-75.20544080053332, 39.91853674096801]]}, "properties": {"confidence": "high"}}, {"type": "Feature", "geometry": {"type": "LineString", "coordinates": [[-75.20924067418515, 39.9185229615722], [-75.20924067418515, 39.918516071873256], [-75.20923169103231, 39.918516071873256], [-75.20923169103231, 39.9185229615722], [-75.20924067418515, 39.9185229615722]]}, "properties": {"confidence": "high"}}, {"type": "Feature", "geometry": {"type": "LineString", "coordinates": [[-75.20803693170444, 39.9185229615722], [-75.20803693170444, 39.918516071873256], [-75.20801896539875, 39.918516071873256], [-75.20801896539875, 39.9185229615722], [-75.20803693170444, 39.9185229615722]]}, "properties": {"confidence": "high"}}, {"type": "Feature", "geometry": {"type": "LineString", "coordinates": [[-75.20686013868223, 39.9185229615722], [-75.20686013868223, 39.918516071873256], [-75.20682420607086, 39.918516071873256], [-75.20682420607086, 39.9185229615722], [-75.20686013868223, 39.9185229615722]]}, "properties": {"confidence": "high"}}, {"type": "Feature", "geometry": {"type": "LineString", "coordinates": [[-75.20923169103231, 39.918516071873256], [-75.20923169103231, 39.91850918217362], [-75.20921372472664, 39.91850918217362], [-75.20921372472664, 39.918516071873256], [-75.20923169103231, 39.918516071873256]]}, "properties": {"confidence": "high"}}, {"type": "Feature", "geometry": {"type": "LineString", "coordinates": [[-75.20806388116296, 39.918516071873256], [-75.20806388116296, 39.91850918217362], [-75.20803693170444, 39.91850918217362], [-75.20803693170444, 39.918516071873256], [-75.20806388116296, 39.918516071873256]]}, "properties": {"confidence": "high"}}, {"type": "Feature", "geometry": {"type": "LineString", "coordinates": [[-75.20688708814076, 39.918516071873256], [-75.20688708814076, 39.91850918217362], [-75.20686013868223, 39.91850918217362], [-75.20686013868223, 39.918516071873256], [-75.20688708814076, 39.918516071873256]]}, "properties": {"confidence": "high"}}, {"type": "Feature", "geometry": {"type": "LineString", "coordinates": [[-75.20543181738049, 39.918516071873256], [-75.20543181738049, 39.91850229247329], [-75.20542283422765, 39.91850229247329], [-75.20542283422765, 39.918516071873256], [-75.20543181738049, 39.918516071873256]]}, "properties": {"confidence": "high"}}, {"type": "Feature", "geometry": {"type": "LineString", "coordinates": [[-75.20921372472664, 39.91850918217362], [-75.20921372472664, 39.91850229247329], [-75.20920474157379, 39.91850229247329], [-75.20920474157379, 39.91850918217362], [-75.20921372472664, 39.91850918217362]]}, "properties": {"confidence": "high"}}, {"type": "Feature", "geometry": {"type": "LineString", "coordinates": [[-75.20808184746863, 39.91850918217362], [-75.20808184746863, 39.91850229247329], [-75.20806388116296, 39.91850229247329], [-75.20806388116296, 39.91850918217362], [-75.20808184746863, 39.91850918217362]]}, "properties": {"confidence": "high"}}, {"type": "Feature", "geometry": {"type": "LineString", "coordinates": [[-75.20691403759929, 39.91850918217362], [-75.20691403759929, 39.91850229247329], [-75.20688708814076, 39.91850229247329], [-75.20688708814076, 39.91850918217362], [-75.20691403759929, 39.91850918217362]]}, "properties": {"confidence": "high"}}, {"type": "Feature", "geometry": {"type": "LineString", "coordinates": [[-75.20920474157379, 39.91850229247329], [-75.20920474157379, 39.91849540277226], [-75.20919575842095, 39.91849540277226], [-75.20919575842095, 39.91850229247329], [-75.20920474157379, 39.91850229247329]]}, "properties": {"confidence": "high"}}, {"type": "Feature", "geometry": {"type": "LineString", "coordinates": [[-75.20810879692716, 39.91850229247329], [-75.20810879692716, 39.91849540277226], [-75.20808184746863, 39.91849540277226], [-75.20808184746863, 39.91850229247329], [-75.20810879692716, 39.91850229247329]]}, "properties": {"confidence": "high"}}, {"type": "Feature", "geometry": {"type": "LineString", "coordinates": [[-75.2069409870578, 39.91850229247329], [-75.2069409870578, 39.91849540277226], [-75.20691403759929, 39.91849540277226], [-75.20691403759929, 39.91850229247329], [-75.2069409870578, 39.91850229247329]]}, "properties": {"confidence": "high"}}, {"type": "Feature", "geometry": {"type": "LineString", "coordinates": [[-75.20542283422765, 39.91850229247329], [-75.20542283422765, 39.91848851307055], [-75.2054138510748, 39.91848851307055], [-75.2054138510748, 39.91850229247329], [-75.20542283422765, 39.91850229247329]]}, "properties": {"confidence": "high"}}, {"type": "Feature", "geometry": {"type": "LineString", "coordinates": [[-75.20812676323284, 39.91849540277226], [-75.20812676323284, 39.91848851307055], [-75.20810879692716, 39.91848851307055], [-75.20810879692716, 39.91849540277226], [-75.20812676323284, 39.91849540277226]]}, "properties": {"confidence": "high"}}, {"type": "Feature", "geometry": {"type": "LineString", "coordinates": [[-75.2069589533635, 39.91849540277226], [-75.2069589533635, 39.91848851307055], [-75.2069409870578, 39.91848851307055], [-75.2069409870578, 39.91849540277226], [-75.2069589533635, 39.91849540277226]]}, "properties": {"confidence": "high"}}, {"type": "Feature", "geometry": {"type": "LineString", "coordinates": [[-75.20919575842095, 39.91849540277226], [-75.20919575842095, 39.91848162336814], [-75.20918677526811, 39.91848162336814], [-75.20918677526811, 39.91849540277226], [-75.20919575842095, 39.91849540277226]]}, "properties": {"confidence": "high"}}, {"type": "Feature", "geometry": {"type": "LineString", "coordinates": [[-75.20814472953853, 39.91848851307055], [-75.20814472953853, 39.91848162336814], [-75.20812676323284, 39.91848162336814], [-75.20812676323284, 39.91848851307055], [-75.20814472953853, 39.91848851307055]]}, "properties": {"confidence": "high"}}, {"type": "Feature", "geometry": {"type": "LineString", "coordinates": [[-75.20698590282201, 39.91848851307055], [-75.20698590282201, 39.91848162336814], [-75.2069589533635, 39.91848162336814], [-75.2069589533635, 39.91848851307055], [-75.20698590282201, 39.91848851307055]]}, "properties": {"confidence": "high"}}, {"type": "Feature", "geometry": {"type": "LineString", "coordinates": [[-75.2054138510748, 39.91848851307055], [-75.2054138510748, 39.91847473366503], [-75.20540486792196, 39.91847473366503], [-75.20540486792196, 39.91848851307055], [-75.2054138510748, 39.91848851307055]]}, "properties": {"confidence": "high"}}, {"type": "Feature", "geometry": {"type": "LineString", "coordinates": [[-75.20918677526811, 39.91848162336814], [-75.20918677526811, 39.91847473366503], [-75.20917779211527, 39.91847473366503], [-75.20917779211527, 39.91848162336814], [-75.20918677526811, 39.91848162336814]]}, "properties": {"confidence": "high"}}, {"type": "Feature", "geometry": {"type": "LineString", "coordinates": [[-75.20818066214989, 39.91848162336814], [-75.20818066214989, 39.91847473366503], [-75.20814472953853, 39.91847473366503], [-75.20814472953853, 39.91848162336814], [-75.20818066214989, 39.91848162336814]]}, "properties": {"confidence": "high"}}, {"type": "Feature", "geometry": {"type": "LineString", "coordinates": [[-75.20699488597485, 39.91848162336814], [-75.20699488597485, 39.91847473366503], [-75.20698590282201, 39.91847473366503], [-75.20698590282201, 39.91848162336814], [-75.20699488597485, 39.91848162336814]]}, "properties": {"confidence": "high"}}, {"type": "Feature", "geometry": {"type": "LineString", "coordinates": [[-75.20917779211527, 39.91847473366503], [-75.20917779211527, 39.91846784396124], [-75.20916880896243, 39.91846784396124], [-75.20916880896243, 39.91847473366503], [-75.20917779211527, 39.91847473366503]]}, "properties": {"confidence": "high"}}, {"type": "Feature", "geometry": {"type": "LineString", "coordinates": [[-75.20819862845558, 39.91847473366503], [-75.20819862845558, 39.91846784396124], [-75.20818066214989, 39.91846784396124], [-75.20818066214989, 39.91847473366503], [-75.20819862845558, 39.91847473366503]]}, "properties": {"confidence": "high"}}, {"type": "Feature", "geometry": {"type": "LineString", "coordinates": [[-75.20702183543338, 39.91847473366503], [-75.20702183543338, 39.91846784396124], [-75.20699488597485, 39.91846784396124], [-75.20699488597485, 39.91847473366503], [-75.20702183543338, 39.91847473366503]]}, "properties": {"confidence": "high"}}, {"type": "Feature", "geometry": {"type": "LineString", "coordinates": [[-75.20540486792196, 39.91847473366503], [-75.20540486792196, 39.91846784396124], [-75.20539588476912, 39.91846784396124], [-75.20539588476912, 39.91847473366503], [-75.20540486792196, 39.91847473366503]]}, "properties": {"confidence": "high"}}, {"type": "Feature", "geometry": {"type": "LineString", "coordinates": [[-75.20916880896243, 39.91846784396124], [-75.20916880896243, 39.918460954256744], [-75.20915982580958, 39.918460954256744], [-75.20915982580958, 39.91846784396124], [-75.20916880896243, 39.91846784396124]]}, "properties": {"confidence": "high"}}, {"type": "Feature", "geometry": {"type": "LineString", "coordinates": [[-75.20821659476125, 39.91846784396124], [-75.20821659476125, 39.918460954256744], [-75.20819862845558, 39.918460954256744], [-75.20819862845558, 39.91846784396124], [-75.20821659476125, 39.91846784396124]]}, "properties": {"confidence": "high"}}, {"type": "Feature", "geometry": {"type": "LineString", "coordinates": [[-75.2070487848919, 39.91846784396124], [-75.2070487848919, 39.918460954256744], [-75.20702183543338, 39.918460954256744], [-75.20702183543338, 39.91846784396124], [-75.2070487848919, 39.91846784396124]]}, "properties": {"confidence": "high"}}, {"type": "Feature", "geometry": {"type": "LineString", "coordinates": [[-75.20539588476912, 39.91846784396124], [-75.20539588476912, 39.91845406455157], [-75.20538690161628, 39.91845406455157], [-75.20538690161628, 39.91846784396124], [-75.20539588476912, 39.91846784396124]]}, "properties": {"confidence": "high"}}, {"type": "Feature", "geometry": {"type": "LineString", "coordinates": [[-75.20824354421978, 39.918460954256744], [-75.20824354421978, 39.91845406455157], [-75.20821659476125, 39.91845406455157], [-75.20821659476125, 39.918460954256744], [-75.20824354421978, 39.918460954256744]]}, "properties": {"confidence": "high"}}, {"type": "Feature", "geometry": {"type": "LineString", "coordinates": [[-75.20707573435043, 39.918460954256744], [-75.20707573435043, 39.91845406455157], [-75.2070487848919, 39.91845406455157], [-75.2070487848919, 39.918460954256744], [-75.20707573435043, 39.918460954256744]]}, "properties": {"confidence": "high"}}, {"type": "Feature", "geometry": {"type": "LineString", "coordinates": [[-75.20915982580958, 39.918460954256744], [-75.20915982580958, 39.91844717484569], [-75.20915084265674, 39.91844717484569], [-75.20915084265674, 39.918460954256744], [-75.20915982580958, 39.918460954256744]]}, "properties": {"confidence": "high"}}, {"type": "Feature", "geometry": {"type": "LineString", "coordinates": [[-75.20825252737262, 39.91845406455157], [-75.20825252737262, 39.91844717484569], [-75.20824354421978, 39.91844717484569], [-75.20824354421978, 39.91845406455157], [-75.20825252737262, 39.91845406455157]]}, "properties": {"confidence": "high"}}, {"type": "Feature", "geometry": {"type": "LineString", "coordinates": [[-75.20710268380894, 39.91845406455157], [-75.20710268380894, 39.91844717484569], [-75.20707573435043, 39.91844717484569], [-75.20707573435043, 39.91845406455157], [-75.20710268380894, 39.91845406455157]]}, "properties": {"confidence": "high"}}, {"type": "Feature", "geometry": {"type": "LineString", "coordinates": [[-75.20538690161628, 39.91845406455157], [-75.20538690161628, 39.91844028513912], [-75.20537791846344, 39.91844028513912], [-75.20537791846344, 39.91845406455157], [-75.20538690161628, 39.91845406455157]]}, "properties": {"confidence": "high"}}, {"type": "Feature", "geometry": {"type": "LineString", "coordinates": [[-75.20827947683114, 39.91844717484569], [-75.20827947683114, 39.91844028513912], [-75.20825252737262, 39.91844028513912], [-75.20825252737262, 39.91844717484569], [-75.20827947683114, 39.91844717484569]]}, "properties": {"confidence": "high"}}, {"type": "Feature", "geometry": {"type": "LineString", "coordinates": [[-75.20712065011463, 39.91844717484569], [-75.20712065011463, 39.91844028513912], [-75.20710268380894, 39.91844028513912], [-75.20710268380894, 39.91844717484569], [-75.20712065011463, 39.91844717484569]]}, "properties": {"confidence": "high"}}, {"type": "Feature", "geometry": {"type": "LineString", "coordinates": [[-75.20915084265674, 39.91844717484569], [-75.20915084265674, 39.91843339543186], [-75.2091418595039, 39.91843339543186], [-75.2091418595039, 39.91844717484569], [-75.20915084265674, 39.91844717484569]]}, "properties": {"confidence": "high"}}, {"type": "Feature", "geometry": {"type": "LineString", "coordinates": [[-75.20829744313683, 39.91844028513912], [-75.20829744313683, 39.91843339543186], [-75.20827947683114, 39.91843339543186], [-75.20827947683114, 39.91844028513912], [-75.20829744313683, 39.91844028513912]]}, "properties": {"confidence": "high"}}, {"type": "Feature", "geometry": {"type": "LineString", "coordinates": [[-75.20714759957315, 39.91844028513912], [-75.20714759957315, 39.91843339543186], [-75.20712065011463, 39.91843339543186], [-75.20712065011463, 39.91844028513912], [-75.20714759957315, 39.91844028513912]]}, "properties": {"confidence": "high"}}, {"type": "Feature", "geometry": {"type": "LineString", "coordinates": [[-75.20537791846344, 39.91844028513912], [-75.20537791846344, 39.9184265057239], [-75.2053689353106, 39.9184265057239], [-75.2053689353106, 39.91844028513912], [-75.20537791846344, 39.91844028513912]]}, "properties": {"confidence": "high"}}, {"type": "Feature", "geometry": {"type": "LineString", "coordinates": [[-75.20832439259534, 39.91843339543186], [-75.20832439259534, 39.9184265057239], [-75.20829744313683, 39.9184265057239], [-75.20829744313683, 39.91843339543186], [-75.20832439259534, 39.91843339543186]]}, "properties": {"confidence": "high"}}, {"type": "Feature", "geometry": {"type": "LineString", "coordinates": [[-75.20716556587884, 39.91843339543186], [-75.20716556587884, 39.9184265057239], [-75.20714759957315, 39.9184265057239], [-75.20714759957315, 39.91843339543186], [-75.20716556587884, 39.91843339543186]]}, "properties": {"confidence": "high"}}, {"type": "Feature", "geometry": {"type": "LineString", "coordinates": [[-75.20834235890104, 39.9184265057239], [-75.20834235890104, 39.91841961601526], [-75.20832439259534, 39.91841961601526], [-75.20832439259534, 39.9184265057239], [-75.20834235890104, 39.9184265057239]]}, "properties": {"confidence": "high"}}, {"type": "Feature", "geometry": {"type": "LineString", "coordinates": [[-75.20719251533735, 39.9184265057239], [-75.20719251533735, 39.91841961601526], [-75.20716556587884, 39.91841961601526], [-75.20716556587884, 39.9184265057239], [-75.20719251533735, 39.9184265057239]]}, "properties": {"confidence": "high"}}, {"type": "Feature", "geometry": {"type": "LineString", "coordinates": [[-75.2091418595039, 39.91843339543186], [-75.2091418595039, 39.91841272630592], [-75.20913287635106, 39.91841272630592], [-75.20913287635106, 39.91843339543186], [-75.2091418595039, 39.91843339543186]]}, "properties": {"confidence": "high"}}, {"type": "Feature", "geometry": {"type": "LineString", "coordinates": [[-75.2053689353106, 39.9184265057239], [-75.2053689353106, 39.91841272630592], [-75.20535995215775, 39.91841272630592], [-75.20535995215775, 39.9184265057239], [-75.2053689353106, 39.9184265057239]]}, "properties": {"confidence": "high"}}, {"type": "Feature", "geometry": {"type": "LineString", "coordinates": [[-75.20836032520671, 39.91841961601526], [-75.20836032520671, 39.91841272630592], [-75.20834235890104, 39.91841272630592], [-75.20834235890104, 39.91841961601526], [-75.20836032520671, 39.91841961601526]]}, "properties": {"confidence": "high"}}, {"type": "Feature", "geometry": {"type": "LineString", "coordinates": [[-75.20721048164305, 39.91841961601526], [-75.20721048164305, 39.91841272630592], [-75.20719251533735, 39.91841272630592], [-75.20719251533735, 39.91841961601526], [-75.20721048164305, 39.91841961601526]]}, "properties": {"confidence": "high"}}, {"type": "Feature", "geometry": {"type": "LineString", "coordinates": [[-75.20837829151239, 39.91841272630592], [-75.20837829151239, 39.91840583659588], [-75.20836032520671, 39.91840583659588], [-75.20836032520671, 39.91841272630592], [-75.20837829151239, 39.91841272630592]]}, "properties": {"confidence": "high"}}, {"type": "Feature", "geometry": {"type": "LineString", "coordinates": [[-75.20722844794872, 39.91841272630592], [-75.20722844794872, 39.91840583659588], [-75.20721048164305, 39.91840583659588], [-75.20721048164305, 39.91841272630592], [-75.20722844794872, 39.91841272630592]]}, "properties": {"confidence": "high"}}, {"type": "Feature", "geometry": {"type": "LineString", "coordinates": [[-75.20535995215775, 39.91841272630592], [-75.20535995215775, 39.918398946885155], [-75.20535096900491, 39.918398946885155], [-75.20535096900491, 39.91841272630592], [-75.20535995215775, 39.91841272630592]]}, "properties": {"confidence": "high"}}, {"type": "Feature", "geometry": {"type": "LineString", "coordinates": [[-75.20839625781808, 39.91840583659588], [-75.20839625781808, 39.918398946885155], [-75.20837829151239, 39.918398946885155], [-75.20837829151239, 39.91840583659588], [-75.20839625781808, 39.91840583659588]]}, "properties": {"confidence": "high"}}, {"type": "Feature", "geometry": {"type": "LineString", "coordinates": [[-75.20725539740724, 39.91840583659588], [-75.20725539740724, 39.918398946885155], [-75.20722844794872, 39.918398946885155], [-75.20722844794872, 39.91840583659588], [-75.20725539740724, 39.91840583659588]]}, "properties": {"confidence": "high"}}, {"type": "Feature", "geometry": {"type": "LineString", "coordinates": [[-75.2084232072766, 39.918398946885155], [-75.2084232072766, 39.918392057173726], [-75.20839625781808, 39.918392057173726], [-75.20839625781808, 39.918398946885155], [-75.2084232072766, 39.918398946885155]]}, "properties": {"confidence": "high"}}, {"type": "Feature", "geometry": {"type": "LineString", "coordinates": [[-75.20727336371293, 39.918398946885155], [-75.20727336371293, 39.918392057173726], [-75.20725539740724, 39.918392057173726], [-75.20725539740724, 39.918398946885155], [-75.20727336371293, 39.918398946885155]]}, "properties": {"confidence": "high"}}, {"type": "Feature", "geometry": {"type": "LineString", "coordinates": [[-75.20913287635106, 39.91841272630592], [-75.20913287635106, 39.918385167461615], [-75.20912389319821, 39.918385167461615], [-75.20912389319821, 39.91841272630592], [-75.20913287635106, 39.91841272630592]]}, "properties": {"confidence": "high"}}, {"type": "Feature", "geometry": {"type": "LineString", "coordinates": [[-75.20535096900491, 39.918398946885155], [-75.20535096900491, 39.918385167461615], [-75.20534198585207, 39.918385167461615], [-75.20534198585207, 39.918398946885155], [-75.20535096900491, 39.918398946885155]]}, "properties": {"confidence": "high"}}, {"type": "Feature", "geometry": {"type": "LineString", "coordinates": [[-75.20844117358229, 39.918392057173726], [-75.20844117358229, 39.918385167461615], [-75.2084232072766, 39.918385167461615], [-75.2084232072766, 39.918392057173726], [-75.20844117358229, 39.918392057173726]]}, "properties": {"confidence": "high"}}, {"type": "Feature", "geometry": {"type": "LineString", "coordinates": [[-75.20730031317144, 39.918392057173726], [-75.20730031317144, 39.918385167461615], [-75.20727336371293, 39.918385167461615], [-75.20727336371293, 39.918392057173726], [-75.20730031317144, 39.918392057173726]]}, "properties": {"confidence": "high"}}, {"type": "Feature", "geometry": {"type": "LineString", "coordinates": [[-75.20845913988796, 39.918385167461615], [-75.20845913988796, 39.91837827774881], [-75.20844117358229, 39.91837827774881], [-75.20844117358229, 39.918385167461615], [-75.20845913988796, 39.918385167461615]]}, "properties": {"confidence": "high"}}, {"type": "Feature", "geometry": {"type": "LineString", "coordinates": [[-75.20732726262997, 39.918385167461615], [-75.20732726262997, 39.91837827774881], [-75.20730031317144, 39.91837827774881], [-75.20730031317144, 39.918385167461615], [-75.20732726262997, 39.918385167461615]]}, "properties": {"confidence": "high"}}, {"type": "Feature", "geometry": {"type": "LineString", "coordinates": [[-75.20534198585207, 39.918385167461615], [-75.20534198585207, 39.918371388035304], [-75.20533300269923, 39.918371388035304], [-75.20533300269923, 39.918385167461615], [-75.20534198585207, 39.918385167461615]]}, "properties": {"confidence": "high"}}, {"type": "Feature", "geometry": {"type": "LineString", "coordinates": [[-75.20847710619364, 39.91837827774881], [-75.20847710619364, 39.918371388035304], [-75.20845913988796, 39.918371388035304], [-75.20845913988796, 39.91837827774881], [-75.20847710619364, 39.91837827774881]]}, "properties": {"confidence": "high"}}, {"type": "Feature", "geometry": {"type": "LineString", "coordinates": [[-75.20734522893565, 39.91837827774881], [-75.20734522893565, 39.918371388035304], [-75.20732726262997, 39.918371388035304], [-75.20732726262997, 39.91837827774881], [-75.20734522893565, 39.91837827774881]]}, "properties": {"confidence": "high"}}, {"type": "Feature", "geometry": {"type": "LineString", "coordinates": [[-75.20850405565217, 39.918371388035304], [-75.20850405565217, 39.91836449832111], [-75.20847710619364, 39.91836449832111], [-75.20847710619364, 39.918371388035304], [-75.20850405565217, 39.918371388035304]]}, "properties": {"confidence": "high"}}, {"type": "Feature", "geometry": {"type": "LineString", "coordinates": [[-75.20737217839418, 39.918371388035304], [-75.20737217839418, 39.91836449832111], [-75.20734522893565, 39.91836449832111], [-75.20734522893565, 39.918371388035304], [-75.20737217839418, 39.918371388035304]]}, "properties": {"confidence": "high"}}, {"type": "Feature", "geometry": {"type": "LineString", "coordinates": [[-75.20425502435829, 39.918371388035304], [-75.20425502435829, 39.91836449832111], [-75.20424604120545, 39.91836449832111], [-75.20424604120545, 39.918371388035304], [-75.20425502435829, 39.918371388035304]]}, "properties": {"confidence": "high"}}, {"type": "Feature", "geometry": {"type": "LineString", "coordinates": [[-75.20912389319821, 39.918385167461615], [-75.20912389319821, 39.91835760860623], [-75.20911491004537, 39.91835760860623], [-75.20911491004537, 39.918385167461615], [-75.20912389319821, 39.918385167461615]]}, "properties": {"confidence": "high"}}, {"type": "Feature", "geometry": {"type": "LineString", "coordinates": [[-75.20533300269923, 39.918371388035304], [-75.20533300269923, 39.91835760860623], [-75.2053240195464, 39.91835760860623], [-75.2053240195464, 39.918371388035304], [-75.20533300269923, 39.918371388035304]]}, "properties": {"confidence": "high"}}, {"type": "Feature", "geometry": {"type": "LineString", "coordinates": [[-75.20852202195785, 39.91836449832111], [-75.20852202195785, 39.91835760860623], [-75.20850405565217, 39.91835760860623], [-75.20850405565217, 39.91836449832111], [-75.20852202195785, 39.91836449832111]]}, "properties": {"confidence": "high"}}, {"type": "Feature", "geometry": {"type": "LineString", "coordinates": [[-75.2073991278527, 39.91836449832111], [-75.2073991278527, 39.91835760860623], [-75.20737217839418, 39.91835760860623], [-75.20737217839418, 39.91836449832111], [-75.2073991278527, 39.91836449832111]]}, "properties": {"confidence": "high"}}, {"type": "Feature", "geometry": {"type": "LineString", "coordinates": [[-75.20426400751113, 39.91836449832111], [-75.20426400751113, 39.91835760860623], [-75.20425502435829, 39.91835760860623], [-75.20425502435829, 39.91836449832111], [-75.20426400751113, 39.91836449832111]]}, "properties": {"confidence": "high"}}, {"type": "Feature", "geometry": {"type": "LineString", "coordinates": [[-75.20854897141638, 39.91835760860623], [-75.20854897141638, 39.91835071889065], [-75.20852202195785, 39.91835071889065], [-75.20852202195785, 39.91835760860623], [-75.20854897141638, 39.91835760860623]]}, "properties": {"confidence": "high"}}, {"type": "Feature", "geometry": {"type": "LineString", "coordinates": [[-75.20741709415839, 39.91835760860623], [-75.20741709415839, 39.91835071889065], [-75.2073991278527, 39.91835071889065], [-75.2073991278527, 39.91835760860623], [-75.20741709415839, 39.91835760860623]]}, "properties": {"confidence": "high"}}, {"type": "Feature", "geometry": {"type": "LineString", "coordinates": [[-75.2053240195464, 39.91835760860623], [-75.2053240195464, 39.91834382917437], [-75.20531503639356, 39.91834382917437], [-75.20531503639356, 39.91835760860623], [-75.2053240195464, 39.91835760860623]]}, "properties": {"confidence": "high"}}, {"type": "Feature", "geometry": {"type": "LineString", "coordinates": [[-75.2085759208749, 39.91835071889065], [-75.2085759208749, 39.91834382917437], [-75.20854897141638, 39.91834382917437], [-75.20854897141638, 39.91835071889065], [-75.2085759208749, 39.91835071889065]]}, "properties": {"confidence": "high"}}, {"type": "Feature", "geometry": {"type": "LineString", "coordinates": [[-75.20743506046408, 39.91835071889065], [-75.20743506046408, 39.91834382917437], [-75.20741709415839, 39.91834382917437], [-75.20741709415839, 39.91835071889065], [-75.20743506046408, 39.91835071889065]]}, "properties": {"confidence": "high"}}, {"type": "Feature", "geometry": {"type": "LineString", "coordinates": [[-75.20860287033344, 39.91834382917437], [-75.20860287033344, 39.91833693945741], [-75.2085759208749, 39.91833693945741], [-75.2085759208749, 39.91834382917437], [-75.20860287033344, 39.91834382917437]]}, "properties": {"confidence": "high"}}, {"type": "Feature", "geometry": {"type": "LineString", "coordinates": [[-75.20745302676976, 39.91834382917437], [-75.20745302676976, 39.91833693945741], [-75.20743506046408, 39.91833693945741], [-75.20743506046408, 39.91834382917437], [-75.20745302676976, 39.91834382917437]]}, "properties": {"confidence": "high"}}, {"type": "Feature", "geometry": {"type": "LineString", "coordinates": [[-75.20911491004537, 39.91835760860623], [-75.20911491004537, 39.918330049739744], [-75.20910592689252, 39.918330049739744], [-75.20910592689252, 39.91835760860623], [-75.20911491004537, 39.91835760860623]]}, "properties": {"confidence": "high"}}, {"type": "Feature", "geometry": {"type": "LineString", "coordinates": [[-75.20531503639356, 39.91834382917437], [-75.20531503639356, 39.918330049739744], [-75.2053060532407, 39.918330049739744], [-75.2053060532407, 39.91834382917437], [-75.20531503639356, 39.91834382917437]]}, "properties": {"confidence": "high"}}, {"type": "Feature", "geometry": {"type": "LineString", "coordinates": [[-75.20862083663911, 39.91833693945741], [-75.20862083663911, 39.918330049739744], [-75.20860287033344, 39.918330049739744], [-75.20860287033344, 39.91833693945741], [-75.20862083663911, 39.91833693945741]]}, "properties": {"confidence": "high"}}, {"type": "Feature", "geometry": {"type": "LineString", "coordinates": [[-75.20747099307545, 39.91833693945741], [-75.20747099307545, 39.918330049739744], [-75.20745302676976, 39.918330049739744], [-75.20745302676976, 39.91833693945741], [-75.20747099307545, 39.91833693945741]]}, "properties": {"confidence": "high"}}, {"type": "Feature", "geometry": {"type": "LineString", "coordinates": [[-75.20427299066397, 39.91835760860623], [-75.20427299066397, 39.918323160021394], [-75.20426400751113, 39.918323160021394], [-75.20426400751113, 39.91835760860623], [-75.20427299066397, 39.91835760860623]]}, "properties": {"confidence": "high"}}, {"type": "Feature", "geometry": {"type": "LineString", "coordinates": [[-75.20865676925048, 39.918330049739744], [-75.20865676925048, 39.918323160021394], [-75.20862083663911, 39.918323160021394], [-75.20862083663911, 39.918330049739744], [-75.20865676925048, 39.918330049739744]]}, "properties": {"confidence": "high"}}, {"type": "Feature", "geometry": {"type": "LineString", "coordinates": [[-75.20748895938112, 39.918330049739744], [-75.20748895938112, 39.918323160021394], [-75.20747099307545, 39.918323160021394], [-75.20747099307545, 39.918330049739744], [-75.20748895938112, 39.918330049739744]]}, "properties": {"confidence": "high"}}, {"type": "Feature", "geometry": {"type": "LineString", "coordinates": [[-75.2053060532407, 39.918330049739744], [-75.2053060532407, 39.918323160021394], [-75.20529707008787, 39.918323160021394], [-75.20529707008787, 39.918330049739744], [-75.2053060532407, 39.918330049739744]]}, "properties": {"confidence": "high"}}, {"type": "Feature", "geometry": {"type": "LineString", "coordinates": [[-75.20910592689252, 39.918330049739744], [-75.20910592689252, 39.91831627030235], [-75.20909694373968, 39.91831627030235], [-75.20909694373968, 39.918330049739744], [-75.20910592689252, 39.918330049739744]]}, "properties": {"confidence": "high"}}, {"type": "Feature", "geometry": {"type": "LineString", "coordinates": [[-75.208683718709, 39.918323160021394], [-75.208683718709, 39.91831627030235], [-75.20865676925048, 39.91831627030235], [-75.20865676925048, 39.918323160021394], [-75.208683718709, 39.918323160021394]]}, "properties": {"confidence": "high"}}, {"type": "Feature", "geometry": {"type": "LineString", "coordinates": [[-75.20751590883964, 39.918323160021394], [-75.20751590883964, 39.91831627030235], [-75.20748895938112, 39.91831627030235], [-75.20748895938112, 39.918323160021394], [-75.20751590883964, 39.918323160021394]]}, "properties": {"confidence": "high"}}, {"type": "Feature", "geometry": {"type": "LineString", "coordinates": [[-75.20529707008787, 39.918323160021394], [-75.20529707008787, 39.918309380582606], [-75.20528808693503, 39.918309380582606], [-75.20528808693503, 39.918323160021394], [-75.20529707008787, 39.918323160021394]]}, "properties": {"confidence": "high"}}, {"type": "Feature", "geometry": {"type": "LineString", "coordinates": [[-75.20871066816753, 39.91831627030235], [-75.20871066816753, 39.918309380582606], [-75.208683718709, 39.918309380582606], [-75.208683718709, 39.91831627030235], [-75.20871066816753, 39.91831627030235]]}, "properties": {"confidence": "high"}}, {"type": "Feature", "geometry": {"type": "LineString", "coordinates": [[-75.20753387514533, 39.91831627030235], [-75.20753387514533, 39.918309380582606], [-75.20751590883964, 39.918309380582606], [-75.20751590883964, 39.91831627030235], [-75.20753387514533, 39.91831627030235]]}, "properties": {"confidence": "high"}}, {"type": "Feature", "geometry": {"type": "LineString", "coordinates": [[-75.20909694373968, 39.91831627030235], [-75.20909694373968, 39.918302490862175], [-75.20908796058684, 39.918302490862175], [-75.20908796058684, 39.91831627030235], [-75.20909694373968, 39.91831627030235]]}, "properties": {"confidence": "high"}}, {"type": "Feature", "geometry": {"type": "LineString", "coordinates": [[-75.20873761762604, 39.918309380582606], [-75.20873761762604, 39.918302490862175], [-75.20871066816753, 39.918302490862175], [-75.20871066816753, 39.918309380582606], [-75.20873761762604, 39.918309380582606]]}, "properties": {"confidence": "high"}}, {"type": "Feature", "geometry": {"type": "LineString", "coordinates": [[-75.20756082460385, 39.918309380582606], [-75.20756082460385, 39.918302490862175], [-75.20753387514533, 39.918302490862175], [-75.20753387514533, 39.918309380582606], [-75.20756082460385, 39.918309380582606]]}, "properties": {"confidence": "high"}}, {"type": "Feature", "geometry": {"type": "LineString", "coordinates": [[-75.2042819738168, 39.918323160021394], [-75.2042819738168, 39.91829560114105], [-75.20427299066397, 39.91829560114105], [-75.20427299066397, 39.918323160021394], [-75.2042819738168, 39.918323160021394]]}, "properties": {"confidence": "high"}}, {"type": "Feature", "geometry": {"type": "LineString", "coordinates": [[-75.20528808693503, 39.918309380582606], [-75.20528808693503, 39.91829560114105], [-75.20527910378219, 39.91829560114105], [-75.20527910378219, 39.918309380582606], [-75.20528808693503, 39.918309380582606]]}, "properties": {"confidence": "high"}}, {"type": "Feature", "geometry": {"type": "LineString", "coordinates": [[-75.20875558393173, 39.918302490862175], [-75.20875558393173, 39.91829560114105], [-75.20873761762604, 39.91829560114105], [-75.20873761762604, 39.918302490862175], [-75.20875558393173, 39.918302490862175]]}, "properties": {"confidence": "high"}}, {"type": "Feature", "geometry": {"type": "LineString", "coordinates": [[-75.20757879090954, 39.918302490862175], [-75.20757879090954, 39.91829560114105], [-75.20756082460385, 39.91829560114105], [-75.20756082460385, 39.918302490862175], [-75.20757879090954, 39.918302490862175]]}, "properties": {"confidence": "high"}}, {"type": "Feature", "geometry": {"type": "LineString", "coordinates": [[-75.20908796058684, 39.918302490862175], [-75.20908796058684, 39.91828871141923], [-75.209078977434, 39.91828871141923], [-75.209078977434, 39.918302490862175], [-75.20908796058684, 39.918302490862175]]}, "properties": {"confidence": "high"}}, {"type": "Feature", "geometry": {"type": "LineString", "coordinates": [[-75.20879151654309, 39.91829560114105], [-75.20879151654309, 39.91828871141923], [-75.20875558393173, 39.91828871141923], [-75.20875558393173, 39.91829560114105], [-75.20879151654309, 39.91829560114105]]}, "properties": {"confidence": "high"}}, {"type": "Feature", "geometry": {"type": "LineString", "coordinates": [[-75.20759675721521, 39.91829560114105], [-75.20759675721521, 39.91828871141923], [-75.20757879090954, 39.91828871141923], [-75.20757879090954, 39.91829560114105], [-75.20759675721521, 39.91829560114105]]}, "properties": {"confidence": "high"}}, {"type": "Feature", "geometry": {"type": "LineString", "coordinates": [[-75.20527910378219, 39.91829560114105], [-75.20527910378219, 39.918281821696716], [-75.20527012062935, 39.918281821696716], [-75.20527012062935, 39.91829560114105], [-75.20527910378219, 39.91829560114105]]}, "properties": {"confidence": "high"}}, {"type": "Feature", "geometry": {"type": "LineString", "coordinates": [[-75.209078977434, 39.91828871141923], [-75.209078977434, 39.918281821696716], [-75.20906999428117, 39.918281821696716], [-75.20906999428117, 39.91828871141923], [-75.209078977434, 39.91828871141923]]}, "properties": {"confidence": "high"}}, {"type": "Feature", "geometry": {"type": "LineString", "coordinates": [[-75.20880049969593, 39.91828871141923], [-75.20880049969593, 39.918281821696716], [-75.20879151654309, 39.918281821696716], [-75.20879151654309, 39.91828871141923], [-75.20880049969593, 39.91828871141923]]}, "properties": {"confidence": "high"}}, {"type": "Feature", "geometry": {"type": "LineString", "coordinates": [[-75.20761472352089, 39.91828871141923], [-75.20761472352089, 39.918281821696716], [-75.20759675721521, 39.918281821696716], [-75.20759675721521, 39.91828871141923], [-75.20761472352089, 39.91828871141923]]}, "properties": {"confidence": "high"}}, {"type": "Feature", "geometry": {"type": "LineString", "coordinates": [[-75.20429095696966, 39.91829560114105], [-75.20429095696966, 39.918274931973514], [-75.2042819738168, 39.918274931973514], [-75.2042819738168, 39.91829560114105], [-75.20429095696966, 39.91829560114105]]}, "properties": {"confidence": "high"}}, {"type": "Feature", "geometry": {"type": "LineString", "coordinates": [[-75.20906999428117, 39.918281821696716], [-75.20906999428117, 39.918274931973514], [-75.20906101112833, 39.918274931973514], [-75.20906101112833, 39.918281821696716], [-75.20906999428117, 39.918281821696716]]}, "properties": {"confidence": "high"}}, {"type": "Feature", "geometry": {"type": "LineString", "coordinates": [[-75.20880948284878, 39.918281821696716], [-75.20880948284878, 39.918274931973514], [-75.20880049969593, 39.918274931973514], [-75.20880049969593, 39.918281821696716], [-75.20880948284878, 39.918281821696716]]}, "properties": {"confidence": "high"}}, {"type": "Feature", "geometry": {"type": "LineString", "coordinates": [[-75.20763268982658, 39.918281821696716], [-75.20763268982658, 39.918274931973514], [-75.20761472352089, 39.918274931973514], [-75.20761472352089, 39.918281821696716], [-75.20763268982658, 39.918281821696716]]}, "properties": {"confidence": "high"}}, {"type": "Feature", "geometry": {"type": "LineString", "coordinates": [[-75.20527012062935, 39.918281821696716], [-75.20527012062935, 39.918268042249615], [-75.2052611374765, 39.918268042249615], [-75.2052611374765, 39.918281821696716], [-75.20527012062935, 39.918281821696716]]}, "properties": {"confidence": "high"}}, {"type": "Feature", "geometry": {"type": "LineString", "coordinates": [[-75.20881846600162, 39.918274931973514], [-75.20881846600162, 39.918268042249615], [-75.20880948284878, 39.918268042249615], [-75.20880948284878, 39.918274931973514], [-75.20881846600162, 39.918274931973514]]}, "properties": {"confidence": "high"}}, {"type": "Feature", "geometry": {"type": "LineString", "coordinates": [[-75.2076596392851, 39.918274931973514], [-75.2076596392851, 39.918268042249615], [-75.20763268982658, 39.918268042249615], [-75.20763268982658, 39.918274931973514], [-75.2076596392851, 39.918274931973514]]}, "properties": {"confidence": "high"}}, {"type": "Feature", "geometry": {"type": "LineString", "coordinates": [[-75.20767760559079, 39.918268042249615], [-75.20767760559079, 39.91826115252503], [-75.2076596392851, 39.91826115252503], [-75.2076596392851, 39.918268042249615], [-75.20767760559079, 39.918268042249615]]}, "properties": {"confidence": "high"}}, {"type": "Feature", "geometry": {"type": "LineString", "coordinates": [[-75.2052611374765, 39.918268042249615], [-75.2052611374765, 39.91826115252503], [-75.20525215432366, 39.91826115252503], [-75.20525215432366, 39.918268042249615], [-75.2052611374765, 39.918268042249615]]}, "properties": {"confidence": "high"}}, {"type": "Feature", "geometry": {"type": "LineString", "coordinates": [[-75.20906101112833, 39.918274931973514], [-75.20906101112833, 39.918254262799735], [-75.20905202797547, 39.918254262799735], [-75.20905202797547, 39.91826115252503], [-75.20881846600162, 39.91826115252503], [-75.20881846600162, 39.918268042249615], [-75.20905202797547, 39.918268042249615], [-75.20905202797547, 39.918274931973514], [-75.20906101112833, 39.918274931973514]]}, "properties": {"confidence": "high"}}, {"type": "Feature", "geometry": {"type": "LineString", "coordinates": [[-75.2042999401225, 39.918274931973514], [-75.2042999401225, 39.918254262799735], [-75.20429095696966, 39.918254262799735], [-75.20429095696966, 39.918274931973514], [-75.2042999401225, 39.918274931973514]]}, "properties": {"confidence": "high"}}, {"type": "Feature", "geometry": {"type": "LineString", "coordinates": [[-75.20881846600162, 39.91826115252503], [-75.20881846600162, 39.918254262799735], [-75.20880948284878, 39.918254262799735], [-75.20880948284878, 39.91826115252503], [-75.20881846600162, 39.91826115252503]]}, "properties": {"confidence": "high"}}, {"type": "Feature", "geometry": {"type": "LineString", "coordinates": [[-75.20769557189647, 39.91826115252503], [-75.20769557189647, 39.918254262799735], [-75.20767760559079, 39.918254262799735], [-75.20767760559079, 39.91826115252503], [-75.20769557189647, 39.91826115252503]]}, "properties": {"confidence": "high"}}, {"type": "Feature", "geometry": {"type": "LineString", "coordinates": [[-75.20525215432366, 39.91826115252503], [-75.20525215432366, 39.91824737307376], [-75.20524317117082, 39.91824737307376], [-75.20524317117082, 39.91826115252503], [-75.20525215432366, 39.91826115252503]]}, "properties": {"confidence": "high"}}, {"type": "Feature", "geometry": {"type": "LineString", "coordinates": [[-75.20906999428117, 39.918254262799735], [-75.20906999428117, 39.91824737307376], [-75.20906101112833, 39.91824737307376], [-75.20906101112833, 39.918254262799735], [-75.20906999428117, 39.918254262799735]]}, "properties": {"confidence": "high"}}, {"type": "Feature", "geometry": {"type": "LineString", "coordinates": [[-75.20880948284878, 39.918254262799735], [-75.20880948284878, 39.91824737307376], [-75.20880049969593, 39.91824737307376], [-75.20880049969593, 39.918254262799735], [-75.20880948284878, 39.918254262799735]]}, "properties": {"confidence": "high"}}, {"type": "Feature", "geometry": {"type": "LineString", "coordinates": [[-75.20771353820214, 39.918254262799735], [-75.20771353820214, 39.91824737307376], [-75.20769557189647, 39.91824737307376], [-75.20769557189647, 39.918254262799735], [-75.20771353820214, 39.918254262799735]]}, "properties": {"confidence": "high"}}, {"type": "Feature", "geometry": {"type": "LineString", "coordinates": [[-75.209078977434, 39.91824737307376], [-75.209078977434, 39.91824048334709], [-75.20906999428117, 39.91824048334709], [-75.20906999428117, 39.91824737307376], [-75.209078977434, 39.91824737307376]]}, "properties": {"confidence": "high"}}, {"type": "Feature", "geometry": {"type": "LineString", "coordinates": [[-75.20880049969593, 39.91824737307376], [-75.20880049969593, 39.91824048334709], [-75.20879151654309, 39.91824048334709], [-75.20879151654309, 39.91824737307376], [-75.20880049969593, 39.91824737307376]]}, "properties": {"confidence": "high"}}, {"type": "Feature", "geometry": {"type": "LineString", "coordinates": [[-75.20773150450783, 39.91824737307376], [-75.20773150450783, 39.91824048334709], [-75.20771353820214, 39.91824048334709], [-75.20771353820214, 39.91824737307376], [-75.20773150450783, 39.91824737307376]]}, "properties": {"confidence": "high"}}, {"type": "Feature", "geometry": {"type": "LineString", "coordinates": [[-75.20524317117082, 39.91824737307376], [-75.20524317117082, 39.918233593619725], [-75.20523418801798, 39.918233593619725], [-75.20523418801798, 39.91824737307376], [-75.20524317117082, 39.91824737307376]]}, "properties": {"confidence": "high"}}, {"type": "Feature", "geometry": {"type": "LineString", "coordinates": [[-75.20879151654309, 39.91824048334709], [-75.20879151654309, 39.918233593619725], [-75.20878253339025, 39.918233593619725], [-75.20878253339025, 39.91824048334709], [-75.20879151654309, 39.91824048334709]]}, "properties": {"confidence": "high"}}, {"type": "Feature", "geometry": {"type": "LineString", "coordinates": [[-75.20775845396635, 39.91824048334709], [-75.20775845396635, 39.918233593619725], [-75.20773150450783, 39.918233593619725], [-75.20773150450783, 39.91824048334709], [-75.20775845396635, 39.91824048334709]]}, "properties": {"confidence": "high"}}, {"type": "Feature", "geometry": {"type": "LineString", "coordinates": [[-75.20908796058684, 39.91824048334709], [-75.20908796058684, 39.91822670389167], [-75.209078977434, 39.91822670389167], [-75.209078977434, 39.91824048334709], [-75.20908796058684, 39.91824048334709]]}, "properties": {"confidence": "high"}}, {"type": "Feature", "geometry": {"type": "LineString", "coordinates": [[-75.20878253339025, 39.918233593619725], [-75.20878253339025, 39.91822670389167], [-75.20877355023741, 39.91822670389167], [-75.20877355023741, 39.918233593619725], [-75.20878253339025, 39.918233593619725]]}, "properties": {"confidence": "high"}}, {"type": "Feature", "geometry": {"type": "LineString", "coordinates": [[-75.20777642027204, 39.918233593619725], [-75.20777642027204, 39.91822670389167], [-75.20775845396635, 39.91822670389167], [-75.20775845396635, 39.918233593619725], [-75.20777642027204, 39.918233593619725]]}, "properties": {"confidence": "high"}}, {"type": "Feature", "geometry": {"type": "LineString", "coordinates": [[-75.20430892327533, 39.918254262799735], [-75.20430892327533, 39.91821981416292], [-75.2042999401225, 39.91821981416292], [-75.2042999401225, 39.918254262799735], [-75.20430892327533, 39.918254262799735]]}, "properties": {"confidence": "high"}}, {"type": "Feature", "geometry": {"type": "LineString", "coordinates": [[-75.20523418801798, 39.918233593619725], [-75.20523418801798, 39.91821981416292], [-75.20522520486514, 39.91821981416292], [-75.20522520486514, 39.918233593619725], [-75.20523418801798, 39.918233593619725]]}, "properties": {"confidence": "high"}}, {"type": "Feature", "geometry": {"type": "LineString", "coordinates": [[-75.20909694373968, 39.91822670389167], [-75.20909694373968, 39.91821981416292], [-75.20908796058684, 39.91821981416292], [-75.20908796058684, 39.91822670389167], [-75.20909694373968, 39.91822670389167]]}, "properties": {"confidence": "high"}}, {"type": "Feature", "geometry": {"type": "LineString", "coordinates": [[-75.20877355023741, 39.91822670389167], [-75.20877355023741, 39.91821981416292], [-75.20876456708457, 39.91821981416292], [-75.20876456708457, 39.91822670389167], [-75.20877355023741, 39.91822670389167]]}, "properties": {"confidence": "high"}}, {"type": "Feature", "geometry": {"type": "LineString", "coordinates": [[-75.20779438657772, 39.91822670389167], [-75.20779438657772, 39.91821981416292], [-75.20777642027204, 39.91821981416292], [-75.20777642027204, 39.91822670389167], [-75.20779438657772, 39.91822670389167]]}, "properties": {"confidence": "high"}}, {"type": "Feature", "geometry": {"type": "LineString", "coordinates": [[-75.20876456708457, 39.91821981416292], [-75.20876456708457, 39.918212924433476], [-75.20875558393173, 39.918212924433476], [-75.20875558393173, 39.91821981416292], [-75.20876456708457, 39.91821981416292]]}, "properties": {"confidence": "high"}}, {"type": "Feature", "geometry": {"type": "LineString", "coordinates": [[-75.20782133603623, 39.91821981416292], [-75.20782133603623, 39.918212924433476], [-75.20779438657772, 39.918212924433476], [-75.20779438657772, 39.91821981416292], [-75.20782133603623, 39.91821981416292]]}, "properties": {"confidence": "high"}}, {"type": "Feature", "geometry": {"type": "LineString", "coordinates": [[-75.20910592689252, 39.91821981416292], [-75.20910592689252, 39.91820603470334], [-75.20909694373968, 39.91820603470334], [-75.20909694373968, 39.91821981416292], [-75.20910592689252, 39.91821981416292]]}, "properties": {"confidence": "high"}}, {"type": "Feature", "geometry": {"type": "LineString", "coordinates": [[-75.20522520486514, 39.91821981416292], [-75.20522520486514, 39.91820603470334], [-75.2052162217123, 39.91820603470334], [-75.2052162217123, 39.91821981416292], [-75.20522520486514, 39.91821981416292]]}, "properties": {"confidence": "high"}}, {"type": "Feature", "geometry": {"type": "LineString", "coordinates": [[-75.20875558393173, 39.918212924433476], [-75.20875558393173, 39.91820603470334], [-75.20874660077888, 39.91820603470334], [-75.20874660077888, 39.918212924433476], [-75.20875558393173, 39.918212924433476]]}, "properties": {"confidence": "high"}}, {"type": "Feature", "geometry": {"type": "LineString", "coordinates": [[-75.20783930234192, 39.918212924433476], [-75.20783930234192, 39.91820603470334], [-75.20782133603623, 39.91820603470334], [-75.20782133603623, 39.918212924433476], [-75.20783930234192, 39.918212924433476]]}, "properties": {"confidence": "high"}}, {"type": "Feature", "geometry": {"type": "LineString", "coordinates": [[-75.20431790642817, 39.91821981416292], [-75.20431790642817, 39.918199144972505], [-75.20430892327533, 39.918199144972505], [-75.20430892327533, 39.91821981416292], [-75.20431790642817, 39.91821981416292]]}, "properties": {"confidence": "high"}}, {"type": "Feature", "geometry": {"type": "LineString", "coordinates": [[-75.20912389319821, 39.91820603470334], [-75.20912389319821, 39.918199144972505], [-75.20910592689252, 39.918199144972505], [-75.20910592689252, 39.91820603470334], [-75.20912389319821, 39.91820603470334]]}, "properties": {"confidence": "high"}}, {"type": "Feature", "geometry": {"type": "LineString", "coordinates": [[-75.20786625180044, 39.91820603470334], [-75.20786625180044, 39.918199144972505], [-75.20783930234192, 39.918199144972505], [-75.20783930234192, 39.91820603470334], [-75.20786625180044, 39.91820603470334]]}, "properties": {"confidence": "high"}}, {"type": "Feature", "geometry": {"type": "LineString", "coordinates": [[-75.20874660077888, 39.91820603470334], [-75.20874660077888, 39.91819225524099], [-75.20873761762604, 39.91819225524099], [-75.20873761762604, 39.91820603470334], [-75.20874660077888, 39.91820603470334]]}, "properties": {"confidence": "high"}}, {"type": "Feature", "geometry": {"type": "LineString", "coordinates": [[-75.2052162217123, 39.91820603470334], [-75.2052162217123, 39.91819225524099], [-75.20520723855945, 39.91819225524099], [-75.20520723855945, 39.91820603470334], [-75.2052162217123, 39.91820603470334]]}, "properties": {"confidence": "high"}}, {"type": "Feature", "geometry": {"type": "LineString", "coordinates": [[-75.2091418595039, 39.918199144972505], [-75.2091418595039, 39.91819225524099], [-75.20912389319821, 39.91819225524099], [-75.20912389319821, 39.918199144972505], [-75.2091418595039, 39.918199144972505]]}, "properties": {"confidence": "high"}}, {"type": "Feature", "geometry": {"type": "LineString", "coordinates": [[-75.20788421810613, 39.918199144972505], [-75.20788421810613, 39.91819225524099], [-75.20786625180044, 39.91819225524099], [-75.20786625180044, 39.918199144972505], [-75.20788421810613, 39.918199144972505]]}, "properties": {"confidence": "high"}}, {"type": "Feature", "geometry": {"type": "LineString", "coordinates": [[-75.20919575842095, 39.91819225524099], [-75.20919575842095, 39.91818536550877], [-75.2091418595039, 39.91818536550877], [-75.2091418595039, 39.91819225524099], [-75.20919575842095, 39.91819225524099]]}, "properties": {"confidence": "high"}}, {"type": "Feature", "geometry": {"type": "LineString", "coordinates": [[-75.20789320125897, 39.91819225524099], [-75.20789320125897, 39.91818536550877], [-75.20788421810613, 39.91818536550877], [-75.20788421810613, 39.91819225524099], [-75.20789320125897, 39.91819225524099]]}, "properties": {"confidence": "high"}}, {"type": "Feature", "geometry": {"type": "LineString", "coordinates": [[-75.20873761762604, 39.91819225524099], [-75.20873761762604, 39.91817847577586], [-75.2087286344732, 39.91817847577586], [-75.2087286344732, 39.91819225524099], [-75.20873761762604, 39.91819225524099]]}, "properties": {"confidence": "high"}}, {"type": "Feature", "geometry": {"type": "LineString", "coordinates": [[-75.20520723855945, 39.91819225524099], [-75.20520723855945, 39.91817847577586], [-75.20519825540661, 39.91817847577586], [-75.20519825540661, 39.91819225524099], [-75.20520723855945, 39.91819225524099]]}, "properties": {"confidence": "high"}}, {"type": "Feature", "geometry": {"type": "LineString", "coordinates": [[-75.20924067418515, 39.91818536550877], [-75.20924067418515, 39.91817847577586], [-75.20919575842095, 39.91817847577586], [-75.20919575842095, 39.91818536550877], [-75.20924067418515, 39.91818536550877]]}, "properties": {"confidence": "high"}}, {"type": "Feature", "geometry": {"type": "LineString", "coordinates": [[-75.20791116756465, 39.91818536550877], [-75.20791116756465, 39.91817847577586], [-75.20789320125897, 39.91817847577586], [-75.20789320125897, 39.91818536550877], [-75.20791116756465, 39.91818536550877]]}, "properties": {"confidence": "high"}}, {"type": "Feature", "geometry": {"type": "LineString", "coordinates": [[-75.20432688958101, 39.918199144972505], [-75.20432688958101, 39.918171586042256], [-75.20431790642817, 39.918171586042256], [-75.20431790642817, 39.918199144972505], [-75.20432688958101, 39.918199144972505]]}, "properties": {"confidence": "high"}}, {"type": "Feature", "geometry": {"type": "LineString", "coordinates": [[-75.20928558994936, 39.91817847577586], [-75.20928558994936, 39.918171586042256], [-75.20924067418515, 39.918171586042256], [-75.20924067418515, 39.91817847577586], [-75.20928558994936, 39.91817847577586]]}, "properties": {"confidence": "high"}}, {"type": "Feature", "geometry": {"type": "LineString", "coordinates": [[-75.20792913387034, 39.91817847577586], [-75.20792913387034, 39.918171586042256], [-75.20791116756465, 39.918171586042256], [-75.20791116756465, 39.91817847577586], [-75.20792913387034, 39.91817847577586]]}, "properties": {"confidence": "high"}}, {"type": "Feature", "geometry": {"type": "LineString", "coordinates": [[-75.2087286344732, 39.91817847577586], [-75.2087286344732, 39.91816469630796], [-75.20871965132037, 39.91816469630796], [-75.20871965132037, 39.91817847577586], [-75.2087286344732, 39.91817847577586]]}, "properties": {"confidence": "high"}}, {"type": "Feature", "geometry": {"type": "LineString", "coordinates": [[-75.20519825540661, 39.91817847577586], [-75.20519825540661, 39.91816469630796], [-75.20518927225378, 39.91816469630796], [-75.20518927225378, 39.91817847577586], [-75.20519825540661, 39.91817847577586]]}, "properties": {"confidence": "high"}}, {"type": "Feature", "geometry": {"type": "LineString", "coordinates": [[-75.20935745517208, 39.918171586042256], [-75.20935745517208, 39.91816469630796], [-75.20928558994936, 39.91816469630796], [-75.20928558994936, 39.918171586042256], [-75.20935745517208, 39.918171586042256]]}, "properties": {"confidence": "high"}}, {"type": "Feature", "geometry": {"type": "LineString", "coordinates": [[-75.20795608332885, 39.918171586042256], [-75.20795608332885, 39.91816469630796], [-75.20792913387034, 39.91816469630796], [-75.20792913387034, 39.918171586042256], [-75.20795608332885, 39.918171586042256]]}, "properties": {"confidence": "high"}}, {"type": "Feature", "geometry": {"type": "LineString", "coordinates": [[-75.20946525300617, 39.91816469630796], [-75.20946525300617, 39.91815780657298], [-75.20935745517208, 39.91815780657298], [-75.20935745517208, 39.91816469630796], [-75.20946525300617, 39.91816469630796]]}, "properties": {"confidence": "high"}}, {"type": "Feature", "geometry": {"type": "LineString", "coordinates": [[-75.20798303278738, 39.91816469630796], [-75.20798303278738, 39.91815780657298], [-75.20795608332885, 39.91815780657298], [-75.20795608332885, 39.91816469630796], [-75.20798303278738, 39.91816469630796]]}, "properties": {"confidence": "high"}}, {"type": "Feature", "geometry": {"type": "LineString", "coordinates": [[-75.20518927225378, 39.91816469630796], [-75.20518927225378, 39.91815091683729], [-75.20518028910094, 39.91815091683729], [-75.20518028910094, 39.91816469630796], [-75.20518927225378, 39.91816469630796]]}, "properties": {"confidence": "high"}}, {"type": "Feature", "geometry": {"type": "LineString", "coordinates": [[-75.20954610138175, 39.91815780657298], [-75.20954610138175, 39.91815091683729], [-75.20946525300617, 39.91815091683729], [-75.20946525300617, 39.91815780657298], [-75.20954610138175, 39.91815780657298]]}, "properties": {"confidence": "high"}}, {"type": "Feature", "geometry": {"type": "LineString", "coordinates": [[-75.20800099909307, 39.91815780657298], [-75.20800099909307, 39.91815091683729], [-75.20798303278738, 39.91815091683729], [-75.20798303278738, 39.91815780657298], [-75.20800099909307, 39.91815780657298]]}, "properties": {"confidence": "high"}}, {"type": "Feature", "geometry": {"type": "LineString", "coordinates": [[-75.20871965132037, 39.91816469630796], [-75.20871965132037, 39.91814402710092], [-75.20871066816753, 39.91814402710092], [-75.20871066816753, 39.91816469630796], [-75.20871965132037, 39.91816469630796]]}, "properties": {"confidence": "high"}}, {"type": "Feature", "geometry": {"type": "LineString", "coordinates": [[-75.20958203399312, 39.91815091683729], [-75.20958203399312, 39.91814402710092], [-75.20954610138175, 39.91814402710092], [-75.20954610138175, 39.91815091683729], [-75.20958203399312, 39.91815091683729]]}, "properties": {"confidence": "high"}}, {"type": "Feature", "geometry": {"type": "LineString", "coordinates": [[-75.20801896539875, 39.91815091683729], [-75.20801896539875, 39.91814402710092], [-75.20800099909307, 39.91814402710092], [-75.20800099909307, 39.91815091683729], [-75.20801896539875, 39.91815091683729]]}, "properties": {"confidence": "high"}}, {"type": "Feature", "geometry": {"type": "LineString", "coordinates": [[-75.20518028910094, 39.91815091683729], [-75.20518028910094, 39.91813713736385], [-75.2051713059481, 39.91813713736385], [-75.2051713059481, 39.91815091683729], [-75.20518028910094, 39.91815091683729]]}, "properties": {"confidence": "high"}}, {"type": "Feature", "geometry": {"type": "LineString", "coordinates": [[-75.20962694975732, 39.91814402710092], [-75.20962694975732, 39.91813713736385], [-75.20958203399312, 39.91813713736385], [-75.20958203399312, 39.91814402710092], [-75.20962694975732, 39.91814402710092]]}, "properties": {"confidence": "high"}}, {"type": "Feature", "geometry": {"type": "LineString", "coordinates": [[-75.20803693170444, 39.91814402710092], [-75.20803693170444, 39.91813713736385], [-75.20801896539875, 39.91813713736385], [-75.20801896539875, 39.91814402710092], [-75.20803693170444, 39.91814402710092]]}, "properties": {"confidence": "high"}}, {"type": "Feature", "geometry": {"type": "LineString", "coordinates": [[-75.20965389921584, 39.91813713736385], [-75.20965389921584, 39.91813024762609], [-75.20962694975732, 39.91813024762609], [-75.20962694975732, 39.91813713736385], [-75.20965389921584, 39.91813713736385]]}, "properties": {"confidence": "high"}}, {"type": "Feature", "geometry": {"type": "LineString", "coordinates": [[-75.20805489801012, 39.91813713736385], [-75.20805489801012, 39.91813024762609], [-75.20803693170444, 39.91813024762609], [-75.20803693170444, 39.91813713736385], [-75.20805489801012, 39.91813713736385]]}, "properties": {"confidence": "high"}}, {"type": "Feature", "geometry": {"type": "LineString", "coordinates": [[-75.2051713059481, 39.91813713736385], [-75.2051713059481, 39.91813024762609], [-75.20516232279526, 39.91813024762609], [-75.20516232279526, 39.91813713736385], [-75.2051713059481, 39.91813713736385]]}, "properties": {"confidence": "high"}}, {"type": "Feature", "geometry": {"type": "LineString", "coordinates": [[-75.20871066816753, 39.91814402710092], [-75.20871066816753, 39.91812335788764], [-75.20870168501469, 39.91812335788764], [-75.20870168501469, 39.91814402710092], [-75.20871066816753, 39.91814402710092]]}, "properties": {"confidence": "high"}}, {"type": "Feature", "geometry": {"type": "LineString", "coordinates": [[-75.20967186552153, 39.91813024762609], [-75.20967186552153, 39.91812335788764], [-75.20965389921584, 39.91812335788764], [-75.20965389921584, 39.91813024762609], [-75.20967186552153, 39.91813024762609]]}, "properties": {"confidence": "high"}}, {"type": "Feature", "geometry": {"type": "LineString", "coordinates": [[-75.2080728643158, 39.91813024762609], [-75.2080728643158, 39.91812335788764], [-75.20805489801012, 39.91812335788764], [-75.20805489801012, 39.91813024762609], [-75.2080728643158, 39.91813024762609]]}, "properties": {"confidence": "high"}}, {"type": "Feature", "geometry": {"type": "LineString", "coordinates": [[-75.20516232279526, 39.91813024762609], [-75.20516232279526, 39.91811646814849], [-75.2051533396424, 39.91811646814849], [-75.2051533396424, 39.91813024762609], [-75.20516232279526, 39.91813024762609]]}, "properties": {"confidence": "high"}}, {"type": "Feature", "geometry": {"type": "LineString", "coordinates": [[-75.20972576443857, 39.91812335788764], [-75.20972576443857, 39.91811646814849], [-75.20967186552153, 39.91811646814849], [-75.20967186552153, 39.91812335788764], [-75.20972576443857, 39.91812335788764]]}, "properties": {"confidence": "high"}}, {"type": "Feature", "geometry": {"type": "LineString", "coordinates": [[-75.20809981377433, 39.91812335788764], [-75.20809981377433, 39.91811646814849], [-75.2080728643158, 39.91811646814849], [-75.2080728643158, 39.91812335788764], [-75.20809981377433, 39.91812335788764]]}, "properties": {"confidence": "high"}}, {"type": "Feature", "geometry": {"type": "LineString", "coordinates": [[-75.20433587273385, 39.918171586042256], [-75.20433587273385, 39.91810957840864], [-75.20432688958101, 39.91810957840864], [-75.20432688958101, 39.918171586042256], [-75.20433587273385, 39.918171586042256]]}, "properties": {"confidence": "high"}}, {"type": "Feature", "geometry": {"type": "LineString", "coordinates": [[-75.20976169704994, 39.91811646814849], [-75.20976169704994, 39.91810957840864], [-75.20972576443857, 39.91810957840864], [-75.20972576443857, 39.91811646814849], [-75.20976169704994, 39.91811646814849]]}, "properties": {"confidence": "high"}}, {"type": "Feature", "geometry": {"type": "LineString", "coordinates": [[-75.20811778008, 39.91811646814849], [-75.20811778008, 39.91810957840864], [-75.20809981377433, 39.91810957840864], [-75.20809981377433, 39.91811646814849], [-75.20811778008, 39.91811646814849]]}, "properties": {"confidence": "high"}}, {"type": "Feature", "geometry": {"type": "LineString", "coordinates": [[-75.20870168501469, 39.91812335788764], [-75.20870168501469, 39.918102688668114], [-75.20869270186184, 39.918102688668114], [-75.20869270186184, 39.91812335788764], [-75.20870168501469, 39.91812335788764]]}, "properties": {"confidence": "high"}}, {"type": "Feature", "geometry": {"type": "LineString", "coordinates": [[-75.2051533396424, 39.91811646814849], [-75.2051533396424, 39.918102688668114], [-75.20514435648955, 39.918102688668114], [-75.20514435648955, 39.91811646814849], [-75.2051533396424, 39.91811646814849]]}, "properties": {"confidence": "high"}}, {"type": "Feature", "geometry": {"type": "LineString", "coordinates": [[-75.20977966335563, 39.91810957840864], [-75.20977966335563, 39.918102688668114], [-75.20976169704994, 39.918102688668114], [-75.20976169704994, 39.91810957840864], [-75.20977966335563, 39.91810957840864]]}, "properties": {"confidence": "high"}}, {"type": "Feature", "geometry": {"type": "LineString", "coordinates": [[-75.2081357463857, 39.91810957840864], [-75.2081357463857, 39.918102688668114], [-75.20811778008, 39.918102688668114], [-75.20811778008, 39.91810957840864], [-75.2081357463857, 39.91810957840864]]}, "properties": {"confidence": "high"}}, {"type": "Feature", "geometry": {"type": "LineString", "coordinates": [[-75.20979762966131, 39.918102688668114], [-75.20979762966131, 39.91809579892688], [-75.20977966335563, 39.91809579892688], [-75.20977966335563, 39.918102688668114], [-75.20979762966131, 39.918102688668114]]}, "properties": {"confidence": "high"}}, {"type": "Feature", "geometry": {"type": "LineString", "coordinates": [[-75.20816269584421, 39.918102688668114], [-75.20816269584421, 39.91809579892688], [-75.2081357463857, 39.91809579892688], [-75.2081357463857, 39.918102688668114], [-75.20816269584421, 39.918102688668114]]}, "properties": {"confidence": "high"}}, {"type": "Feature", "geometry": {"type": "LineString", "coordinates": [[-75.20869270186184, 39.918102688668114], [-75.20869270186184, 39.91808890918496], [-75.208683718709, 39.91808890918496], [-75.208683718709, 39.918102688668114], [-75.20869270186184, 39.918102688668114]]}, "properties": {"confidence": "high"}}, {"type": "Feature", "geometry": {"type": "LineString", "coordinates": [[-75.20514435648955, 39.918102688668114], [-75.20514435648955, 39.91808890918496], [-75.20513537333672, 39.91808890918496], [-75.20513537333672, 39.918102688668114], [-75.20514435648955, 39.918102688668114]]}, "properties": {"confidence": "high"}}, {"type": "Feature", "geometry": {"type": "LineString", "coordinates": [[-75.20983356227268, 39.91809579892688], [-75.20983356227268, 39.91808890918496], [-75.20979762966131, 39.91808890918496], [-75.20979762966131, 39.91809579892688], [-75.20983356227268, 39.91809579892688]]}, "properties": {"confidence": "high"}}, {"type": "Feature", "geometry": {"type": "LineString", "coordinates": [[-75.20818066214989, 39.91809579892688], [-75.20818066214989, 39.91808890918496], [-75.20816269584421, 39.91808890918496], [-75.20816269584421, 39.91809579892688], [-75.20818066214989, 39.91809579892688]]}, "properties": {"confidence": "high"}}, {"type": "Feature", "geometry": {"type": "LineString", "coordinates": [[-75.20986949488403, 39.91808890918496], [-75.20986949488403, 39.918082019442345], [-75.20983356227268, 39.918082019442345], [-75.20983356227268, 39.91808890918496], [-75.20986949488403, 39.91808890918496]]}, "properties": {"confidence": "high"}}, {"type": "Feature", "geometry": {"type": "LineString", "coordinates": [[-75.208683718709, 39.91808890918496], [-75.208683718709, 39.918082019442345], [-75.20867473555616, 39.918082019442345], [-75.20867473555616, 39.91808890918496], [-75.208683718709, 39.91808890918496]]}, "properties": {"confidence": "high"}}, {"type": "Feature", "geometry": {"type": "LineString", "coordinates": [[-75.20819862845558, 39.91808890918496], [-75.20819862845558, 39.918082019442345], [-75.20818066214989, 39.918082019442345], [-75.20818066214989, 39.91808890918496], [-75.20819862845558, 39.91808890918496]]}, "properties": {"confidence": "high"}}, {"type": "Feature", "geometry": {"type": "LineString", "coordinates": [[-75.20513537333672, 39.91808890918496], [-75.20513537333672, 39.91807512969904], [-75.20512639018388, 39.91807512969904], [-75.20512639018388, 39.91808890918496], [-75.20513537333672, 39.91808890918496]]}, "properties": {"confidence": "high"}}, {"type": "Feature", "geometry": {"type": "LineString", "coordinates": [[-75.20992339380108, 39.918082019442345], [-75.20992339380108, 39.91807512969904], [-75.20986949488403, 39.91807512969904], [-75.20986949488403, 39.918082019442345], [-75.20992339380108, 39.918082019442345]]}, "properties": {"confidence": "high"}}, {"type": "Feature", "geometry": {"type": "LineString", "coordinates": [[-75.20867473555616, 39.918082019442345], [-75.20867473555616, 39.91807512969904], [-75.20866575240332, 39.91807512969904], [-75.20866575240332, 39.918082019442345], [-75.20867473555616, 39.918082019442345]]}, "properties": {"confidence": "high"}}, {"type": "Feature", "geometry": {"type": "LineString", "coordinates": [[-75.20821659476125, 39.918082019442345], [-75.20821659476125, 39.91807512969904], [-75.20819862845558, 39.91807512969904], [-75.20819862845558, 39.918082019442345], [-75.20821659476125, 39.918082019442345]]}, "properties": {"confidence": "high"}}, {"type": "Feature", "geometry": {"type": "LineString", "coordinates": [[-75.20995932641245, 39.91807512969904], [-75.20995932641245, 39.91806823995504], [-75.20992339380108, 39.91806823995504], [-75.20992339380108, 39.91807512969904], [-75.20995932641245, 39.91807512969904]]}, "properties": {"confidence": "high"}}, {"type": "Feature", "geometry": {"type": "LineString", "coordinates": [[-75.20866575240332, 39.91807512969904], [-75.20866575240332, 39.91806823995504], [-75.20865676925048, 39.91806823995504], [-75.20865676925048, 39.91807512969904], [-75.20866575240332, 39.91807512969904]]}, "properties": {"confidence": "high"}}, {"type": "Feature", "geometry": {"type": "LineString", "coordinates": [[-75.20823456106693, 39.91807512969904], [-75.20823456106693, 39.91806823995504], [-75.20821659476125, 39.91806823995504], [-75.20821659476125, 39.91807512969904], [-75.20823456106693, 39.91807512969904]]}, "properties": {"confidence": "high"}}, {"type": "Feature", "geometry": {"type": "LineString", "coordinates": [[-75.20512639018388, 39.91807512969904], [-75.20512639018388, 39.91806823995504], [-75.20511740703104, 39.91806823995504], [-75.20511740703104, 39.91807512969904], [-75.20512639018388, 39.91807512969904]]}, "properties": {"confidence": "high"}}, {"type": "Feature", "geometry": {"type": "LineString", "coordinates": [[-75.20998627587097, 39.91806823995504], [-75.20998627587097, 39.918061350210344], [-75.20995932641245, 39.918061350210344], [-75.20995932641245, 39.91806823995504], [-75.20998627587097, 39.91806823995504]]}, "properties": {"confidence": "high"}}, {"type": "Feature", "geometry": {"type": "LineString", "coordinates": [[-75.20865676925048, 39.91806823995504], [-75.20865676925048, 39.918061350210344], [-75.20864778609763, 39.918061350210344], [-75.20864778609763, 39.91806823995504], [-75.20865676925048, 39.91806823995504]]}, "properties": {"confidence": "high"}}, {"type": "Feature", "geometry": {"type": "LineString", "coordinates": [[-75.20826151052546, 39.91806823995504], [-75.20826151052546, 39.918061350210344], [-75.20823456106693, 39.918061350210344], [-75.20823456106693, 39.91806823995504], [-75.20826151052546, 39.91806823995504]]}, "properties": {"confidence": "high"}}, {"type": "Feature", "geometry": {"type": "LineString", "coordinates": [[-75.20924067418515, 39.918171586042256], [-75.20924067418515, 39.918054460464965], [-75.20923169103231, 39.918054460464965], [-75.20923169103231, 39.918171586042256], [-75.20924067418515, 39.918171586042256]]}, "properties": {"confidence": "high"}}, {"type": "Feature", "geometry": {"type": "LineString", "coordinates": [[-75.20511740703104, 39.91806823995504], [-75.20511740703104, 39.918054460464965], [-75.2051084238782, 39.918054460464965], [-75.2051084238782, 39.91806823995504], [-75.20511740703104, 39.91806823995504]]}, "properties": {"confidence": "high"}}, {"type": "Feature", "geometry": {"type": "LineString", "coordinates": [[-75.21001322532949, 39.918061350210344], [-75.21001322532949, 39.918054460464965], [-75.20998627587097, 39.918054460464965], [-75.20998627587097, 39.918061350210344], [-75.21001322532949, 39.918061350210344]]}, "properties": {"confidence": "high"}}, {"type": "Feature", "geometry": {"type": "LineString", "coordinates": [[-75.20864778609763, 39.918061350210344], [-75.20864778609763, 39.918054460464965], [-75.20863880294479, 39.918054460464965], [-75.20863880294479, 39.918061350210344], [-75.20864778609763, 39.918061350210344]]}, "properties": {"confidence": "high"}}, {"type": "Feature", "geometry": {"type": "LineString", "coordinates": [[-75.20827947683114, 39.918061350210344], [-75.20827947683114, 39.918054460464965], [-75.20826151052546, 39.918054460464965], [-75.20826151052546, 39.918061350210344], [-75.20827947683114, 39.918061350210344]]}, "properties": {"confidence": "high"}}, {"type": "Feature", "geometry": {"type": "LineString", "coordinates": [[-75.21004017478802, 39.918054460464965], [-75.21004017478802, 39.91804757071888], [-75.21001322532949, 39.91804757071888], [-75.21001322532949, 39.918054460464965], [-75.21004017478802, 39.918054460464965]]}, "properties": {"confidence": "high"}}, {"type": "Feature", "geometry": {"type": "LineString", "coordinates": [[-75.20863880294479, 39.918054460464965], [-75.20863880294479, 39.91804757071888], [-75.20862981979195, 39.91804757071888], [-75.20862981979195, 39.918054460464965], [-75.20863880294479, 39.918054460464965]]}, "properties": {"confidence": "high"}}, {"type": "Feature", "geometry": {"type": "LineString", "coordinates": [[-75.20829744313683, 39.918054460464965], [-75.20829744313683, 39.91804757071888], [-75.20827947683114, 39.91804757071888], [-75.20827947683114, 39.918054460464965], [-75.20829744313683, 39.918054460464965]]}, "properties": {"confidence": "high"}}, {"type": "Feature", "geometry": {"type": "LineString", "coordinates": [[-75.2051084238782, 39.918054460464965], [-75.2051084238782, 39.91804068097211], [-75.20509944072535, 39.91804068097211], [-75.20509944072535, 39.918054460464965], [-75.2051084238782, 39.918054460464965]]}, "properties": {"confidence": "high"}}, {"type": "Feature", "geometry": {"type": "LineString", "coordinates": [[-75.2100581410937, 39.91804757071888], [-75.2100581410937, 39.91804068097211], [-75.21004017478802, 39.91804068097211], [-75.21004017478802, 39.91804757071888], [-75.2100581410937, 39.91804757071888]]}, "properties": {"confidence": "high"}}, {"type": "Feature", "geometry": {"type": "LineString", "coordinates": [[-75.20862981979195, 39.91804757071888], [-75.20862981979195, 39.91804068097211], [-75.20862083663911, 39.91804068097211], [-75.20862083663911, 39.91804757071888], [-75.20862981979195, 39.91804757071888]]}, "properties": {"confidence": "high"}}, {"type": "Feature", "geometry": {"type": "LineString", "coordinates": [[-75.2083154094425, 39.91804757071888], [-75.2083154094425, 39.91804068097211], [-75.20829744313683, 39.91804068097211], [-75.20829744313683, 39.91804757071888], [-75.2083154094425, 39.91804757071888]]}, "properties": {"confidence": "high"}}, {"type": "Feature", "geometry": {"type": "LineString", "coordinates": [[-75.21007610739937, 39.91804068097211], [-75.21007610739937, 39.918033791224644], [-75.2100581410937, 39.918033791224644], [-75.2100581410937, 39.91804068097211], [-75.21007610739937, 39.91804068097211]]}, "properties": {"confidence": "high"}}, {"type": "Feature", "geometry": {"type": "LineString", "coordinates": [[-75.20862083663911, 39.91804068097211], [-75.20862083663911, 39.918033791224644], [-75.20861185348627, 39.918033791224644], [-75.20861185348627, 39.91804068097211], [-75.20862083663911, 39.91804068097211]]}, "properties": {"confidence": "high"}}, {"type": "Feature", "geometry": {"type": "LineString", "coordinates": [[-75.20834235890104, 39.91804068097211], [-75.20834235890104, 39.918033791224644], [-75.2083154094425, 39.918033791224644], [-75.2083154094425, 39.91804068097211], [-75.20834235890104, 39.91804068097211]]}, "properties": {"confidence": "high"}}, {"type": "Feature", "geometry": {"type": "LineString", "coordinates": [[-75.20509944072535, 39.91804068097211], [-75.20509944072535, 39.91802690147648], [-75.20509045757251, 39.91802690147648], [-75.20509045757251, 39.91804068097211], [-75.20509944072535, 39.91804068097211]]}, "properties": {"confidence": "high"}}, {"type": "Feature", "geometry": {"type": "LineString", "coordinates": [[-75.21011204001074, 39.918033791224644], [-75.21011204001074, 39.91802690147648], [-75.21007610739937, 39.91802690147648], [-75.21007610739937, 39.918033791224644], [-75.21011204001074, 39.918033791224644]]}, "properties": {"confidence": "high"}}, {"type": "Feature", "geometry": {"type": "LineString", "coordinates": [[-75.20861185348627, 39.918033791224644], [-75.20861185348627, 39.91802690147648], [-75.20860287033344, 39.91802690147648], [-75.20860287033344, 39.918033791224644], [-75.20861185348627, 39.918033791224644]]}, "properties": {"confidence": "high"}}, {"type": "Feature", "geometry": {"type": "LineString", "coordinates": [[-75.20836032520671, 39.918033791224644], [-75.20836032520671, 39.91802690147648], [-75.20834235890104, 39.91802690147648], [-75.20834235890104, 39.918033791224644], [-75.20836032520671, 39.918033791224644]]}, "properties": {"confidence": "high"}}, {"type": "Feature", "geometry": {"type": "LineString", "coordinates": [[-75.21014797262211, 39.91802690147648], [-75.21014797262211, 39.918020011727634], [-75.21011204001074, 39.918020011727634], [-75.21011204001074, 39.91802690147648], [-75.21014797262211, 39.91802690147648]]}, "properties": {"confidence": "high"}}, {"type": "Feature", "geometry": {"type": "LineString", "coordinates": [[-75.20860287033344, 39.91802690147648], [-75.20860287033344, 39.918020011727634], [-75.20859388718058, 39.918020011727634], [-75.20859388718058, 39.91802690147648], [-75.20860287033344, 39.91802690147648]]}, "properties": {"confidence": "high"}}, {"type": "Feature", "geometry": {"type": "LineString", "coordinates": [[-75.20838727466523, 39.91802690147648], [-75.20838727466523, 39.918020011727634], [-75.20836032520671, 39.918020011727634], [-75.20836032520671, 39.91802690147648], [-75.20838727466523, 39.91802690147648]]}, "properties": {"confidence": "high"}}, {"type": "Feature", "geometry": {"type": "LineString", "coordinates": [[-75.20509045757251, 39.91802690147648], [-75.20509045757251, 39.918020011727634], [-75.20508147441967, 39.918020011727634], [-75.20508147441967, 39.91802690147648], [-75.20509045757251, 39.91802690147648]]}, "properties": {"confidence": "high"}}, {"type": "Feature", "geometry": {"type": "LineString", "coordinates": [[-75.20924965733799, 39.918054460464965], [-75.20924965733799, 39.918013121978085], [-75.20924067418515, 39.918013121978085], [-75.20924067418515, 39.918054460464965], [-75.20924965733799, 39.918054460464965]]}, "properties": {"confidence": "high"}}, {"type": "Feature", "geometry": {"type": "LineString", "coordinates": [[-75.21018390523346, 39.918020011727634], [-75.21018390523346, 39.918013121978085], [-75.21014797262211, 39.918013121978085], [-75.21014797262211, 39.918020011727634], [-75.21018390523346, 39.918020011727634]]}, "properties": {"confidence": "high"}}, {"type": "Feature", "geometry": {"type": "LineString", "coordinates": [[-75.20859388718058, 39.918020011727634], [-75.20859388718058, 39.918013121978085], [-75.20858490402775, 39.918013121978085], [-75.20858490402775, 39.918020011727634], [-75.20859388718058, 39.918020011727634]]}, "properties": {"confidence": "high"}}, {"type": "Feature", "geometry": {"type": "LineString", "coordinates": [[-75.20840524097092, 39.918020011727634], [-75.20840524097092, 39.918013121978085], [-75.20838727466523, 39.918013121978085], [-75.20838727466523, 39.918020011727634], [-75.20840524097092, 39.918020011727634]]}, "properties": {"confidence": "high"}}, {"type": "Feature", "geometry": {"type": "LineString", "coordinates": [[-75.20508147441967, 39.918020011727634], [-75.20508147441967, 39.918006232227846], [-75.20507249126683, 39.918006232227846], [-75.20507249126683, 39.918020011727634], [-75.20508147441967, 39.918020011727634]]}, "properties": {"confidence": "high"}}, {"type": "Feature", "geometry": {"type": "LineString", "coordinates": [[-75.21020187153916, 39.918013121978085], [-75.21020187153916, 39.918006232227846], [-75.21018390523346, 39.918006232227846], [-75.21018390523346, 39.918013121978085], [-75.21020187153916, 39.918013121978085]]}, "properties": {"confidence": "high"}}, {"type": "Feature", "geometry": {"type": "LineString", "coordinates": [[-75.20858490402775, 39.918013121978085], [-75.20858490402775, 39.918006232227846], [-75.20856693772207, 39.918006232227846], [-75.20856693772207, 39.918013121978085], [-75.20858490402775, 39.918013121978085]]}, "properties": {"confidence": "high"}}, {"type": "Feature", "geometry": {"type": "LineString", "coordinates": [[-75.20843219042943, 39.918013121978085], [-75.20843219042943, 39.918006232227846], [-75.20840524097092, 39.918006232227846], [-75.20840524097092, 39.918013121978085], [-75.20843219042943, 39.918013121978085]]}, "properties": {"confidence": "high"}}, {"type": "Feature", "geometry": {"type": "LineString", "coordinates": [[-75.21021983784483, 39.918006232227846], [-75.21021983784483, 39.91799934247692], [-75.21020187153916, 39.91799934247692], [-75.21020187153916, 39.918006232227846], [-75.21021983784483, 39.918006232227846]]}, "properties": {"confidence": "high"}}, {"type": "Feature", "geometry": {"type": "LineString", "coordinates": [[-75.20856693772207, 39.918006232227846], [-75.20856693772207, 39.91799934247692], [-75.20853998826352, 39.91799934247692], [-75.20853998826352, 39.918006232227846], [-75.20856693772207, 39.918006232227846]]}, "properties": {"confidence": "high"}}, {"type": "Feature", "geometry": {"type": "LineString", "coordinates": [[-75.20845913988796, 39.918006232227846], [-75.20845913988796, 39.91799934247692], [-75.20843219042943, 39.91799934247692], [-75.20843219042943, 39.918006232227846], [-75.20845913988796, 39.918006232227846]]}, "properties": {"confidence": "high"}}, {"type": "Feature", "geometry": {"type": "LineString", "coordinates": [[-75.20507249126683, 39.918006232227846], [-75.20507249126683, 39.91799245272529], [-75.205063508114, 39.91799245272529], [-75.205063508114, 39.918006232227846], [-75.20507249126683, 39.918006232227846]]}, "properties": {"confidence": "high"}}, {"type": "Feature", "geometry": {"type": "LineString", "coordinates": [[-75.21026475360904, 39.91799934247692], [-75.21026475360904, 39.91799245272529], [-75.21021983784483, 39.91799245272529], [-75.21021983784483, 39.91799934247692], [-75.21026475360904, 39.91799934247692]]}, "properties": {"confidence": "high"}}, {"type": "Feature", "geometry": {"type": "LineString", "coordinates": [[-75.20853998826352, 39.91799934247692], [-75.20853998826352, 39.91799245272529], [-75.20845913988796, 39.91799245272529], [-75.20845913988796, 39.91799934247692], [-75.20853998826352, 39.91799934247692]]}, "properties": {"confidence": "high"}}, {"type": "Feature", "geometry": {"type": "LineString", "coordinates": [[-75.21030068622042, 39.91799245272529], [-75.21030068622042, 39.91798556297297], [-75.21026475360904, 39.91798556297297], [-75.21026475360904, 39.91799245272529], [-75.21030068622042, 39.91799245272529]]}, "properties": {"confidence": "high"}}, {"type": "Feature", "geometry": {"type": "LineString", "coordinates": [[-75.205063508114, 39.91799245272529], [-75.205063508114, 39.91797867321996], [-75.20505452496116, 39.91797867321996], [-75.20505452496116, 39.91799245272529], [-75.205063508114, 39.91799245272529]]}, "properties": {"confidence": "high"}}, {"type": "Feature", "geometry": {"type": "LineString", "coordinates": [[-75.2103635682903, 39.91798556297297], [-75.2103635682903, 39.91797867321996], [-75.21030068622042, 39.91797867321996], [-75.21030068622042, 39.91798556297297], [-75.2103635682903, 39.91798556297297]]}, "properties": {"confidence": "high"}}, {"type": "Feature", "geometry": {"type": "LineString", "coordinates": [[-75.21039051774882, 39.91797867321996], [-75.21039051774882, 39.91797178346626], [-75.2103635682903, 39.91797178346626], [-75.2103635682903, 39.91797867321996], [-75.21039051774882, 39.91797867321996]]}, "properties": {"confidence": "high"}}, {"type": "Feature", "geometry": {"type": "LineString", "coordinates": [[-75.20505452496116, 39.91797867321996], [-75.20505452496116, 39.91796489371186], [-75.2050455418083, 39.91796489371186], [-75.2050455418083, 39.91797867321996], [-75.20505452496116, 39.91797867321996]]}, "properties": {"confidence": "high"}}, {"type": "Feature", "geometry": {"type": "LineString", "coordinates": [[-75.21043543351303, 39.91797178346626], [-75.21043543351303, 39.91796489371186], [-75.21039051774882, 39.91796489371186], [-75.21039051774882, 39.91797178346626], [-75.21043543351303, 39.91797178346626]]}, "properties": {"confidence": "high"}}, {"type": "Feature", "geometry": {"type": "LineString", "coordinates": [[-75.21046238297156, 39.91796489371186], [-75.21046238297156, 39.91795800395677], [-75.21043543351303, 39.91795800395677], [-75.21043543351303, 39.91796489371186], [-75.21046238297156, 39.91796489371186]]}, "properties": {"confidence": "high"}}, {"type": "Feature", "geometry": {"type": "LineString", "coordinates": [[-75.2050455418083, 39.91796489371186], [-75.2050455418083, 39.91795800395677], [-75.20503655865546, 39.91795800395677], [-75.20503655865546, 39.91796489371186], [-75.2050455418083, 39.91796489371186]]}, "properties": {"confidence": "high"}}, {"type": "Feature", "geometry": {"type": "LineString", "coordinates": [[-75.21049831558292, 39.91795800395677], [-75.21049831558292, 39.91795111420098], [-75.21046238297156, 39.91795111420098], [-75.21046238297156, 39.91795800395677], [-75.21049831558292, 39.91795800395677]]}, "properties": {"confidence": "high"}}, {"type": "Feature", "geometry": {"type": "LineString", "coordinates": [[-75.20503655865546, 39.91795800395677], [-75.20503655865546, 39.91794422444451], [-75.20502757550263, 39.91794422444451], [-75.20502757550263, 39.91795800395677], [-75.20503655865546, 39.91795800395677]]}, "properties": {"confidence": "high"}}, {"type": "Feature", "geometry": {"type": "LineString", "coordinates": [[-75.21052526504144, 39.91795111420098], [-75.21052526504144, 39.91794422444451], [-75.21049831558292, 39.91794422444451], [-75.21049831558292, 39.91795111420098], [-75.21052526504144, 39.91795111420098]]}, "properties": {"confidence": "high"}}, {"type": "Feature", "geometry": {"type": "LineString", "coordinates": [[-75.21055221449997, 39.91794422444451], [-75.21055221449997, 39.91793733468734], [-75.21052526504144, 39.91793733468734], [-75.21052526504144, 39.91794422444451], [-75.21055221449997, 39.91794422444451]]}, "properties": {"confidence": "high"}}, {"type": "Feature", "geometry": {"type": "LineString", "coordinates": [[-75.20502757550263, 39.91794422444451], [-75.20502757550263, 39.91793044492948], [-75.20501859234979, 39.91793044492948], [-75.20501859234979, 39.91794422444451], [-75.20502757550263, 39.91794422444451]]}, "properties": {"confidence": "high"}}, {"type": "Feature", "geometry": {"type": "LineString", "coordinates": [[-75.21056119765281, 39.91793733468734], [-75.21056119765281, 39.91793044492948], [-75.21055221449997, 39.91793044492948], [-75.21055221449997, 39.91793733468734], [-75.21056119765281, 39.91793733468734]]}, "properties": {"confidence": "high"}}, {"type": "Feature", "geometry": {"type": "LineString", "coordinates": [[-75.20924067418515, 39.918013121978085], [-75.20924067418515, 39.91792355517092], [-75.20923169103231, 39.91792355517092], [-75.20923169103231, 39.918013121978085], [-75.20924067418515, 39.918013121978085]]}, "properties": {"confidence": "high"}}, {"type": "Feature", "geometry": {"type": "LineString", "coordinates": [[-75.21061509656985, 39.91793044492948], [-75.21061509656985, 39.91792355517092], [-75.21056119765281, 39.91792355517092], [-75.21056119765281, 39.91793044492948], [-75.21061509656985, 39.91793044492948]]}, "properties": {"confidence": "high"}}, {"type": "Feature", "geometry": {"type": "LineString", "coordinates": [[-75.20501859234979, 39.91793044492948], [-75.20501859234979, 39.917916665411674], [-75.20500960919695, 39.917916665411674], [-75.20500960919695, 39.91793044492948], [-75.20501859234979, 39.91793044492948]]}, "properties": {"confidence": "high"}}, {"type": "Feature", "geometry": {"type": "LineString", "coordinates": [[-75.21064204602837, 39.91792355517092], [-75.21064204602837, 39.917916665411674], [-75.21061509656985, 39.917916665411674], [-75.21061509656985, 39.91792355517092], [-75.21064204602837, 39.91792355517092]]}, "properties": {"confidence": "high"}}, {"type": "Feature", "geometry": {"type": "LineString", "coordinates": [[-75.2106689954869, 39.917916665411674], [-75.2106689954869, 39.91790977565173], [-75.21064204602837, 39.91790977565173], [-75.21064204602837, 39.917916665411674], [-75.2106689954869, 39.917916665411674]]}, "properties": {"confidence": "high"}}, {"type": "Feature", "geometry": {"type": "LineString", "coordinates": [[-75.20500960919695, 39.917916665411674], [-75.20500960919695, 39.917902885891095], [-75.2050006260441, 39.917902885891095], [-75.2050006260441, 39.917916665411674], [-75.20500960919695, 39.917916665411674]]}, "properties": {"confidence": "high"}}, {"type": "Feature", "geometry": {"type": "LineString", "coordinates": [[-75.21070492809827, 39.91790977565173], [-75.21070492809827, 39.917902885891095], [-75.2106689954869, 39.917902885891095], [-75.2106689954869, 39.91790977565173], [-75.21070492809827, 39.91790977565173]]}, "properties": {"confidence": "high"}}, {"type": "Feature", "geometry": {"type": "LineString", "coordinates": [[-75.21074086070962, 39.917902885891095], [-75.21074086070962, 39.917895996129765], [-75.21070492809827, 39.917895996129765], [-75.21070492809827, 39.917902885891095], [-75.21074086070962, 39.917902885891095]]}, "properties": {"confidence": "high"}}, {"type": "Feature", "geometry": {"type": "LineString", "coordinates": [[-75.2050006260441, 39.917902885891095], [-75.2050006260441, 39.917895996129765], [-75.20499164289126, 39.917895996129765], [-75.20499164289126, 39.917902885891095], [-75.2050006260441, 39.917902885891095]]}, "properties": {"confidence": "high"}}, {"type": "Feature", "geometry": {"type": "LineString", "coordinates": [[-75.21077679332099, 39.917895996129765], [-75.21077679332099, 39.917889106367745], [-75.21074086070962, 39.917889106367745], [-75.21074086070962, 39.917895996129765], [-75.21077679332099, 39.917895996129765]]}, "properties": {"confidence": "high"}}, {"type": "Feature", "geometry": {"type": "LineString", "coordinates": [[-75.20499164289126, 39.917895996129765], [-75.20499164289126, 39.91788221660502], [-75.20498265973842, 39.91788221660502], [-75.20498265973842, 39.917895996129765], [-75.20499164289126, 39.917895996129765]]}, "properties": {"confidence": "high"}}, {"type": "Feature", "geometry": {"type": "LineString", "coordinates": [[-75.21080374277952, 39.917889106367745], [-75.21080374277952, 39.91788221660502], [-75.21077679332099, 39.91788221660502], [-75.21077679332099, 39.917889106367745], [-75.21080374277952, 39.917889106367745]]}, "properties": {"confidence": "high"}}, {"type": "Feature", "geometry": {"type": "LineString", "coordinates": [[-75.20924965733799, 39.91792355517092], [-75.20924965733799, 39.91787532684162], [-75.20924067418515, 39.91787532684162], [-75.20924067418515, 39.91792355517092], [-75.20924965733799, 39.91792355517092]]}, "properties": {"confidence": "high"}}, {"type": "Feature", "geometry": {"type": "LineString", "coordinates": [[-75.21083967539089, 39.91788221660502], [-75.21083967539089, 39.91787532684162], [-75.21080374277952, 39.91787532684162], [-75.21080374277952, 39.91788221660502], [-75.21083967539089, 39.91788221660502]]}, "properties": {"confidence": "high"}}, {"type": "Feature", "geometry": {"type": "LineString", "coordinates": [[-75.20498265973842, 39.91788221660502], [-75.20498265973842, 39.91787532684162], [-75.20497367658558, 39.91787532684162], [-75.20497367658558, 39.91788221660502], [-75.20498265973842, 39.91788221660502]]}, "properties": {"confidence": "high"}}, {"type": "Feature", "geometry": {"type": "LineString", "coordinates": [[-75.2108845911551, 39.91787532684162], [-75.2108845911551, 39.917868437077516], [-75.21083967539089, 39.917868437077516], [-75.21083967539089, 39.91787532684162], [-75.2108845911551, 39.91787532684162]]}, "properties": {"confidence": "high"}}, {"type": "Feature", "geometry": {"type": "LineString", "coordinates": [[-75.20497367658558, 39.91787532684162], [-75.20497367658558, 39.91786154731272], [-75.20496469343274, 39.91786154731272], [-75.20496469343274, 39.91787532684162], [-75.20497367658558, 39.91787532684162]]}, "properties": {"confidence": "high"}}, {"type": "Feature", "geometry": {"type": "LineString", "coordinates": [[-75.21092052376646, 39.917868437077516], [-75.21092052376646, 39.91786154731272], [-75.2108845911551, 39.91786154731272], [-75.2108845911551, 39.917868437077516], [-75.21092052376646, 39.917868437077516]]}, "properties": {"confidence": "high"}}, {"type": "Feature", "geometry": {"type": "LineString", "coordinates": [[-75.2109744226835, 39.91786154731272], [-75.2109744226835, 39.91785465754723], [-75.21092052376646, 39.91785465754723], [-75.21092052376646, 39.91786154731272], [-75.2109744226835, 39.91786154731272]]}, "properties": {"confidence": "high"}}, {"type": "Feature", "geometry": {"type": "LineString", "coordinates": [[-75.20496469343274, 39.91786154731272], [-75.20496469343274, 39.91785465754723], [-75.2049557102799, 39.91785465754723], [-75.2049557102799, 39.91786154731272], [-75.20496469343274, 39.91786154731272]]}, "properties": {"confidence": "high"}}, {"type": "Feature", "geometry": {"type": "LineString", "coordinates": [[-75.21100137214202, 39.91785465754723], [-75.21100137214202, 39.91784776778105], [-75.2109744226835, 39.91784776778105], [-75.2109744226835, 39.91785465754723], [-75.21100137214202, 39.91785465754723]]}, "properties": {"confidence": "high"}}, {"type": "Feature", "geometry": {"type": "LineString", "coordinates": [[-75.2049557102799, 39.91785465754723], [-75.2049557102799, 39.91784776778105], [-75.20494672712705, 39.91784776778105], [-75.20494672712705, 39.91785465754723], [-75.2049557102799, 39.91785465754723]]}, "properties": {"confidence": "high"}}, {"type": "Feature", "geometry": {"type": "LineString", "coordinates": [[-75.21104628790623, 39.91784776778105], [-75.21104628790623, 39.917840878014175], [-75.21100137214202, 39.917840878014175], [-75.21100137214202, 39.91784776778105], [-75.21104628790623, 39.91784776778105]]}, "properties": {"confidence": "high"}}, {"type": "Feature", "geometry": {"type": "LineString", "coordinates": [[-75.20494672712705, 39.91784776778105], [-75.20494672712705, 39.917833988246606], [-75.20493774397421, 39.917833988246606], [-75.20493774397421, 39.91784776778105], [-75.20494672712705, 39.91784776778105]]}, "properties": {"confidence": "high"}}, {"type": "Feature", "geometry": {"type": "LineString", "coordinates": [[-75.2110822205176, 39.917840878014175], [-75.2110822205176, 39.917833988246606], [-75.21104628790623, 39.917833988246606], [-75.21104628790623, 39.917840878014175], [-75.2110822205176, 39.917840878014175]]}, "properties": {"confidence": "high"}}, {"type": "Feature", "geometry": {"type": "LineString", "coordinates": [[-75.2111271362818, 39.917833988246606], [-75.2111271362818, 39.91782709847835], [-75.2110822205176, 39.91782709847835], [-75.2110822205176, 39.917833988246606], [-75.2111271362818, 39.917833988246606]]}, "properties": {"confidence": "high"}}, {"type": "Feature", "geometry": {"type": "LineString", "coordinates": [[-75.20493774397421, 39.917833988246606], [-75.20493774397421, 39.91782709847835], [-75.20492876082137, 39.91782709847835], [-75.20492876082137, 39.917833988246606], [-75.20493774397421, 39.917833988246606]]}, "properties": {"confidence": "high"}}, {"type": "Feature", "geometry": {"type": "LineString", "coordinates": [[-75.21117205204601, 39.91782709847835], [-75.21117205204601, 39.917820208709394], [-75.2111271362818, 39.917820208709394], [-75.2111271362818, 39.91782709847835], [-75.21117205204601, 39.91782709847835]]}, "properties": {"confidence": "high"}}, {"type": "Feature", "geometry": {"type": "LineString", "coordinates": [[-75.20492876082137, 39.91782709847835], [-75.20492876082137, 39.917820208709394], [-75.20491977766854, 39.917820208709394], [-75.20491977766854, 39.91782709847835], [-75.20492876082137, 39.91782709847835]]}, "properties": {"confidence": "high"}}, {"type": "Feature", "geometry": {"type": "LineString", "coordinates": [[-75.21119900150453, 39.917820208709394], [-75.21119900150453, 39.91781331893975], [-75.21117205204601, 39.91781331893975], [-75.21117205204601, 39.917820208709394], [-75.21119900150453, 39.917820208709394]]}, "properties": {"confidence": "high"}}, {"type": "Feature", "geometry": {"type": "LineString", "coordinates": [[-75.20491977766854, 39.917820208709394], [-75.20491977766854, 39.91781331893975], [-75.2049107945157, 39.91781331893975], [-75.2049107945157, 39.917820208709394], [-75.20491977766854, 39.917820208709394]]}, "properties": {"confidence": "high"}}, {"type": "Feature", "geometry": {"type": "LineString", "coordinates": [[-75.20925864049083, 39.91787532684162], [-75.20925864049083, 39.9178064291694], [-75.20924965733799, 39.9178064291694], [-75.20924965733799, 39.91787532684162], [-75.20925864049083, 39.91787532684162]]}, "properties": {"confidence": "high"}}, {"type": "Feature", "geometry": {"type": "LineString", "coordinates": [[-75.21122595096305, 39.91781331893975], [-75.21122595096305, 39.9178064291694], [-75.21119900150453, 39.9178064291694], [-75.21119900150453, 39.91781331893975], [-75.21122595096305, 39.91781331893975]]}, "properties": {"confidence": "high"}}, {"type": "Feature", "geometry": {"type": "LineString", "coordinates": [[-75.2049107945157, 39.91781331893975], [-75.2049107945157, 39.9178064291694], [-75.20490181136286, 39.9178064291694], [-75.20490181136286, 39.91781331893975], [-75.2049107945157, 39.91781331893975]]}, "properties": {"confidence": "high"}}, {"type": "Feature", "geometry": {"type": "LineString", "coordinates": [[-75.21126188357441, 39.9178064291694], [-75.21126188357441, 39.917799539398374], [-75.21122595096305, 39.917799539398374], [-75.21122595096305, 39.9178064291694], [-75.21126188357441, 39.9178064291694]]}, "properties": {"confidence": "high"}}, {"type": "Feature", "geometry": {"type": "LineString", "coordinates": [[-75.20490181136286, 39.9178064291694], [-75.20490181136286, 39.917799539398374], [-75.20489282821, 39.917799539398374], [-75.20489282821, 39.9178064291694], [-75.20490181136286, 39.9178064291694]]}, "properties": {"confidence": "high"}}, {"type": "Feature", "geometry": {"type": "LineString", "coordinates": [[-75.21130679933862, 39.917799539398374], [-75.21130679933862, 39.91779264962665], [-75.21126188357441, 39.91779264962665], [-75.21126188357441, 39.917799539398374], [-75.21130679933862, 39.917799539398374]]}, "properties": {"confidence": "high"}}, {"type": "Feature", "geometry": {"type": "LineString", "coordinates": [[-75.20489282821, 39.917799539398374], [-75.20489282821, 39.91779264962665], [-75.20488384505717, 39.91779264962665], [-75.20488384505717, 39.917799539398374], [-75.20489282821, 39.917799539398374]]}, "properties": {"confidence": "high"}}, {"type": "Feature", "geometry": {"type": "LineString", "coordinates": [[-75.20926762364368, 39.9178064291694], [-75.20926762364368, 39.91778575985423], [-75.20925864049083, 39.91778575985423], [-75.20925864049083, 39.9178064291694], [-75.20926762364368, 39.9178064291694]]}, "properties": {"confidence": "high"}}, {"type": "Feature", "geometry": {"type": "LineString", "coordinates": [[-75.21135171510282, 39.91779264962665], [-75.21135171510282, 39.91778575985423], [-75.21130679933862, 39.91778575985423], [-75.21130679933862, 39.91779264962665], [-75.21135171510282, 39.91779264962665]]}, "properties": {"confidence": "high"}}, {"type": "Feature", "geometry": {"type": "LineString", "coordinates": [[-75.20488384505717, 39.91779264962665], [-75.20488384505717, 39.91778575985423], [-75.20487486190433, 39.91778575985423], [-75.20487486190433, 39.91779264962665], [-75.20488384505717, 39.91779264962665]]}, "properties": {"confidence": "high"}}, {"type": "Feature", "geometry": {"type": "LineString", "coordinates": [[-75.21140561401988, 39.91778575985423], [-75.21140561401988, 39.917778870081115], [-75.21135171510282, 39.917778870081115], [-75.21135171510282, 39.91778575985423], [-75.21140561401988, 39.91778575985423]]}, "properties": {"confidence": "high"}}, {"type": "Feature", "geometry": {"type": "LineString", "coordinates": [[-75.20487486190433, 39.91778575985423], [-75.20487486190433, 39.917778870081115], [-75.20486587875149, 39.917778870081115], [-75.20486587875149, 39.91778575985423], [-75.20487486190433, 39.91778575985423]]}, "properties": {"confidence": "high"}}, {"type": "Feature", "geometry": {"type": "LineString", "coordinates": [[-75.21144154663125, 39.917778870081115], [-75.21144154663125, 39.91777198030731], [-75.21140561401988, 39.91777198030731], [-75.21140561401988, 39.917778870081115], [-75.21144154663125, 39.917778870081115]]}, "properties": {"confidence": "high"}}, {"type": "Feature", "geometry": {"type": "LineString", "coordinates": [[-75.20486587875149, 39.917778870081115], [-75.20486587875149, 39.91777198030731], [-75.20485689559865, 39.91777198030731], [-75.20485689559865, 39.917778870081115], [-75.20486587875149, 39.917778870081115]]}, "properties": {"confidence": "high"}}, {"type": "Feature", "geometry": {"type": "LineString", "coordinates": [[-75.21148646239546, 39.91777198030731], [-75.21148646239546, 39.91776509053281], [-75.21144154663125, 39.91776509053281], [-75.21144154663125, 39.91777198030731], [-75.21148646239546, 39.91777198030731]]}, "properties": {"confidence": "high"}}, {"type": "Feature", "geometry": {"type": "LineString", "coordinates": [[-75.20485689559865, 39.91777198030731], [-75.20485689559865, 39.91776509053281], [-75.2048479124458, 39.91776509053281], [-75.2048479124458, 39.91777198030731], [-75.20485689559865, 39.91777198030731]]}, "properties": {"confidence": "high"}}, {"type": "Feature", "geometry": {"type": "LineString", "coordinates": [[-75.21152239500682, 39.91776509053281], [-75.21152239500682, 39.91775820075762], [-75.21148646239546, 39.91775820075762], [-75.21148646239546, 39.91776509053281], [-75.21152239500682, 39.91776509053281]]}, "properties": {"confidence": "high"}}, {"type": "Feature", "geometry": {"type": "LineString", "coordinates": [[-75.2048479124458, 39.91776509053281], [-75.2048479124458, 39.91775820075762], [-75.20483892929296, 39.91775820075762], [-75.20483892929296, 39.91776509053281], [-75.2048479124458, 39.91776509053281]]}, "properties": {"confidence": "high"}}, {"type": "Feature", "geometry": {"type": "LineString", "coordinates": [[-75.21156731077102, 39.91775820075762], [-75.21156731077102, 39.917751310981735], [-75.21152239500682, 39.917751310981735], [-75.21152239500682, 39.91775820075762], [-75.21156731077102, 39.91775820075762]]}, "properties": {"confidence": "high"}}, {"type": "Feature", "geometry": {"type": "LineString", "coordinates": [[-75.20483892929296, 39.91775820075762], [-75.20483892929296, 39.917751310981735], [-75.20482096298728, 39.917751310981735], [-75.20482096298728, 39.91775820075762], [-75.20483892929296, 39.91775820075762]]}, "properties": {"confidence": "high"}}, {"type": "Feature", "geometry": {"type": "LineString", "coordinates": [[-75.20927660679652, 39.91775820075762], [-75.20927660679652, 39.91774442120515], [-75.20926762364368, 39.91774442120515], [-75.20926762364368, 39.91775820075762], [-75.20927660679652, 39.91775820075762]]}, "properties": {"confidence": "high"}}, {"type": "Feature", "geometry": {"type": "LineString", "coordinates": [[-75.21160324338238, 39.917751310981735], [-75.21160324338238, 39.91774442120515], [-75.21156731077102, 39.91774442120515], [-75.21156731077102, 39.917751310981735], [-75.21160324338238, 39.917751310981735]]}, "properties": {"confidence": "high"}}, {"type": "Feature", "geometry": {"type": "LineString", "coordinates": [[-75.20482096298728, 39.917751310981735], [-75.20482096298728, 39.91774442120515], [-75.20481197983445, 39.91774442120515], [-75.20481197983445, 39.917751310981735], [-75.20482096298728, 39.917751310981735]]}, "properties": {"confidence": "high"}}, {"type": "Feature", "geometry": {"type": "LineString", "coordinates": [[-75.21163917599375, 39.91774442120515], [-75.21163917599375, 39.91773753142788], [-75.21160324338238, 39.91773753142788], [-75.21160324338238, 39.91774442120515], [-75.21163917599375, 39.91774442120515]]}, "properties": {"confidence": "high"}}, {"type": "Feature", "geometry": {"type": "LineString", "coordinates": [[-75.20481197983445, 39.91774442120515], [-75.20481197983445, 39.91773753142788], [-75.20479401352875, 39.91773753142788], [-75.20479401352875, 39.91774442120515], [-75.20481197983445, 39.91774442120515]]}, "properties": {"confidence": "high"}}, {"type": "Feature", "geometry": {"type": "LineString", "coordinates": [[-75.21166612545227, 39.91773753142788], [-75.21166612545227, 39.91773064164992], [-75.21163917599375, 39.91773064164992], [-75.21163917599375, 39.91773753142788], [-75.21166612545227, 39.91773753142788]]}, "properties": {"confidence": "high"}}, {"type": "Feature", "geometry": {"type": "LineString", "coordinates": [[-75.20479401352875, 39.91773753142788], [-75.20479401352875, 39.91773064164992], [-75.20477604722308, 39.91773064164992], [-75.20477604722308, 39.91773753142788], [-75.20479401352875, 39.91773753142788]]}, "properties": {"confidence": "high"}}, {"type": "Feature", "geometry": {"type": "LineString", "coordinates": [[-75.21171104121647, 39.91773064164992], [-75.21171104121647, 39.917723751871264], [-75.21166612545227, 39.917723751871264], [-75.21166612545227, 39.91773064164992], [-75.21171104121647, 39.91773064164992]]}, "properties": {"confidence": "high"}}, {"type": "Feature", "geometry": {"type": "LineString", "coordinates": [[-75.20477604722308, 39.91773064164992], [-75.20477604722308, 39.917723751871264], [-75.2047580809174, 39.917723751871264], [-75.2047580809174, 39.91773064164992], [-75.20477604722308, 39.91773064164992]]}, "properties": {"confidence": "high"}}, {"type": "Feature", "geometry": {"type": "LineString", "coordinates": [[-75.211737990675, 39.917723751871264], [-75.211737990675, 39.91771686209191], [-75.21171104121647, 39.91771686209191], [-75.21171104121647, 39.917723751871264], [-75.211737990675, 39.917723751871264]]}, "properties": {"confidence": "high"}}, {"type": "Feature", "geometry": {"type": "LineString", "coordinates": [[-75.2047580809174, 39.917723751871264], [-75.2047580809174, 39.91771686209191], [-75.20474011461171, 39.91771686209191], [-75.20474011461171, 39.917723751871264], [-75.2047580809174, 39.917723751871264]]}, "properties": {"confidence": "high"}}, {"type": "Feature", "geometry": {"type": "LineString", "coordinates": [[-75.21176494013352, 39.91771686209191], [-75.21176494013352, 39.91770997231187], [-75.211737990675, 39.91770997231187], [-75.211737990675, 39.91771686209191], [-75.21176494013352, 39.91771686209191]]}, "properties": {"confidence": "high"}}, {"type": "Feature", "geometry": {"type": "LineString", "coordinates": [[-75.20474011461171, 39.91771686209191], [-75.20474011461171, 39.91770997231187], [-75.20472214830603, 39.91770997231187], [-75.20472214830603, 39.91771686209191], [-75.20474011461171, 39.91771686209191]]}, "properties": {"confidence": "high"}}, {"type": "Feature", "geometry": {"type": "LineString", "coordinates": [[-75.21180985589773, 39.91770997231187], [-75.21180985589773, 39.91770308253113], [-75.21176494013352, 39.91770308253113], [-75.21176494013352, 39.91770997231187], [-75.21180985589773, 39.91770997231187]]}, "properties": {"confidence": "high"}}, {"type": "Feature", "geometry": {"type": "LineString", "coordinates": [[-75.20472214830603, 39.91770997231187], [-75.20472214830603, 39.91770308253113], [-75.20470418200036, 39.91770308253113], [-75.20470418200036, 39.91770997231187], [-75.20472214830603, 39.91770997231187]]}, "properties": {"confidence": "high"}}, {"type": "Feature", "geometry": {"type": "LineString", "coordinates": [[-75.20928558994936, 39.91774442120515], [-75.20928558994936, 39.917696192749695], [-75.20927660679652, 39.917696192749695], [-75.20927660679652, 39.91774442120515], [-75.20928558994936, 39.91774442120515]]}, "properties": {"confidence": "high"}}, {"type": "Feature", "geometry": {"type": "LineString", "coordinates": [[-75.21183680535626, 39.91770308253113], [-75.21183680535626, 39.917696192749695], [-75.21180985589773, 39.917696192749695], [-75.21180985589773, 39.91770308253113], [-75.21183680535626, 39.91770308253113]]}, "properties": {"confidence": "high"}}, {"type": "Feature", "geometry": {"type": "LineString", "coordinates": [[-75.20470418200036, 39.91770308253113], [-75.20470418200036, 39.917696192749695], [-75.20468621569466, 39.917696192749695], [-75.20468621569466, 39.91770308253113], [-75.20470418200036, 39.91770308253113]]}, "properties": {"confidence": "high"}}, {"type": "Feature", "geometry": {"type": "LineString", "coordinates": [[-75.21188172112046, 39.917696192749695], [-75.21188172112046, 39.917689302967574], [-75.21183680535626, 39.917689302967574], [-75.21183680535626, 39.917696192749695], [-75.21188172112046, 39.917696192749695]]}, "properties": {"confidence": "high"}}, {"type": "Feature", "geometry": {"type": "LineString", "coordinates": [[-75.20468621569466, 39.917696192749695], [-75.20468621569466, 39.917689302967574], [-75.20465926623615, 39.917689302967574], [-75.20465926623615, 39.917696192749695], [-75.20468621569466, 39.917696192749695]]}, "properties": {"confidence": "high"}}, {"type": "Feature", "geometry": {"type": "LineString", "coordinates": [[-75.21191765373182, 39.917689302967574], [-75.21191765373182, 39.91768241318476], [-75.21188172112046, 39.91768241318476], [-75.21188172112046, 39.917689302967574], [-75.21191765373182, 39.917689302967574]]}, "properties": {"confidence": "high"}}, {"type": "Feature", "geometry": {"type": "LineString", "coordinates": [[-75.20465926623615, 39.917689302967574], [-75.20465926623615, 39.91768241318476], [-75.20462333362478, 39.91768241318476], [-75.20462333362478, 39.917689302967574], [-75.20465926623615, 39.917689302967574]]}, "properties": {"confidence": "high"}}, {"type": "Feature", "geometry": {"type": "LineString", "coordinates": [[-75.21196256949602, 39.91768241318476], [-75.21196256949602, 39.91767552340125], [-75.21191765373182, 39.91767552340125], [-75.21191765373182, 39.91768241318476], [-75.21196256949602, 39.91768241318476]]}, "properties": {"confidence": "high"}}, {"type": "Feature", "geometry": {"type": "LineString", "coordinates": [[-75.20462333362478, 39.91768241318476], [-75.20462333362478, 39.91767552340125], [-75.2045874010134, 39.91767552340125], [-75.2045874010134, 39.91768241318476], [-75.20462333362478, 39.91768241318476]]}, "properties": {"confidence": "high"}}, {"type": "Feature", "geometry": {"type": "LineString", "coordinates": [[-75.21198951895457, 39.91767552340125], [-75.21198951895457, 39.91766863361705], [-75.21196256949602, 39.91766863361705], [-75.21196256949602, 39.91767552340125], [-75.21198951895457, 39.91767552340125]]}, "properties": {"confidence": "high"}}, {"type": "Feature", "geometry": {"type": "LineString", "coordinates": [[-75.2045874010134, 39.91767552340125], [-75.2045874010134, 39.91766863361705], [-75.20455146840204, 39.91766863361705], [-75.20455146840204, 39.91767552340125], [-75.2045874010134, 39.91767552340125]]}, "properties": {"confidence": "high"}}, {"type": "Feature", "geometry": {"type": "LineString", "coordinates": [[-75.21202545156592, 39.91766863361705], [-75.21202545156592, 39.91766174383214], [-75.21198951895457, 39.91766174383214], [-75.21198951895457, 39.91766863361705], [-75.21202545156592, 39.91766863361705]]}, "properties": {"confidence": "high"}}, {"type": "Feature", "geometry": {"type": "LineString", "coordinates": [[-75.20455146840204, 39.91766863361705], [-75.20455146840204, 39.91766174383214], [-75.20451553579068, 39.91766174383214], [-75.20451553579068, 39.91766863361705], [-75.20455146840204, 39.91766863361705]]}, "properties": {"confidence": "high"}}, {"type": "Feature", "geometry": {"type": "LineString", "coordinates": [[-75.2092945731022, 39.917696192749695], [-75.2092945731022, 39.91765485404655], [-75.20928558994936, 39.91765485404655], [-75.20928558994936, 39.917696192749695], [-75.2092945731022, 39.917696192749695]]}, "properties": {"confidence": "high"}}, {"type": "Feature", "geometry": {"type": "LineString", "coordinates": [[-75.21205240102445, 39.91766174383214], [-75.21205240102445, 39.91765485404655], [-75.21202545156592, 39.91765485404655], [-75.21202545156592, 39.91766174383214], [-75.21205240102445, 39.91766174383214]]}, "properties": {"confidence": "high"}}, {"type": "Feature", "geometry": {"type": "LineString", "coordinates": [[-75.20451553579068, 39.91766174383214], [-75.20451553579068, 39.91765485404655], [-75.20447062002647, 39.91765485404655], [-75.20447062002647, 39.91766174383214], [-75.20451553579068, 39.91766174383214]]}, "properties": {"confidence": "high"}}, {"type": "Feature", "geometry": {"type": "LineString", "coordinates": [[-75.21207935048297, 39.91765485404655], [-75.21207935048297, 39.91764796426027], [-75.21205240102445, 39.91764796426027], [-75.21205240102445, 39.91765485404655], [-75.21207935048297, 39.91765485404655]]}, "properties": {"confidence": "high"}}, {"type": "Feature", "geometry": {"type": "LineString", "coordinates": [[-75.20447062002647, 39.91765485404655], [-75.20447062002647, 39.91764796426027], [-75.20440773795659, 39.91764796426027], [-75.20440773795659, 39.91765485404655], [-75.20447062002647, 39.91765485404655]]}, "properties": {"confidence": "high"}}, {"type": "Feature", "geometry": {"type": "LineString", "coordinates": [[-75.21211528309433, 39.91764796426027], [-75.21211528309433, 39.917641074473295], [-75.21207935048297, 39.917641074473295], [-75.21207935048297, 39.91764796426027], [-75.21211528309433, 39.91764796426027]]}, "properties": {"confidence": "high"}}, {"type": "Feature", "geometry": {"type": "LineString", "coordinates": [[-75.20930355625504, 39.91765485404655], [-75.20930355625504, 39.917634184685625], [-75.2092945731022, 39.917634184685625], [-75.2092945731022, 39.91765485404655], [-75.20930355625504, 39.91765485404655]]}, "properties": {"confidence": "high"}}, {"type": "Feature", "geometry": {"type": "LineString", "coordinates": [[-75.21214223255286, 39.917641074473295], [-75.21214223255286, 39.917634184685625], [-75.21211528309433, 39.917634184685625], [-75.21211528309433, 39.917641074473295], [-75.21214223255286, 39.917641074473295]]}, "properties": {"confidence": "high"}}, {"type": "Feature", "geometry": {"type": "LineString", "coordinates": [[-75.21218714831706, 39.917634184685625], [-75.21218714831706, 39.917627294897265], [-75.21214223255286, 39.917627294897265], [-75.21214223255286, 39.917634184685625], [-75.21218714831706, 39.917634184685625]]}, "properties": {"confidence": "high"}}, {"type": "Feature", "geometry": {"type": "LineString", "coordinates": [[-75.21222308092842, 39.917627294897265], [-75.21222308092842, 39.9176204051082], [-75.21218714831706, 39.9176204051082], [-75.21218714831706, 39.917627294897265], [-75.21222308092842, 39.917627294897265]]}, "properties": {"confidence": "high"}}, {"type": "Feature", "geometry": {"type": "LineString", "coordinates": [[-75.21224104723412, 39.9176204051082], [-75.21224104723412, 39.917613515318465], [-75.21222308092842, 39.917613515318465], [-75.21222308092842, 39.9176204051082], [-75.21224104723412, 39.9176204051082]]}, "properties": {"confidence": "high"}}, {"type": "Feature", "geometry": {"type": "LineString", "coordinates": [[-75.20931253940788, 39.917634184685625], [-75.20931253940788, 39.917606625528016], [-75.20930355625504, 39.917606625528016], [-75.20930355625504, 39.917634184685625], [-75.20931253940788, 39.917634184685625]]}, "properties": {"confidence": "high"}}, {"type": "Feature", "geometry": {"type": "LineString", "coordinates": [[-75.21227697984547, 39.917613515318465], [-75.21227697984547, 39.917606625528016], [-75.21224104723412, 39.917606625528016], [-75.21224104723412, 39.917613515318465], [-75.21227697984547, 39.917613515318465]]}, "properties": {"confidence": "high"}}, {"type": "Feature", "geometry": {"type": "LineString", "coordinates": [[-75.21229494615116, 39.917606625528016], [-75.21229494615116, 39.917599735736886], [-75.21227697984547, 39.917599735736886], [-75.21227697984547, 39.917606625528016], [-75.21229494615116, 39.917606625528016]]}, "properties": {"confidence": "high"}}, {"type": "Feature", "geometry": {"type": "LineString", "coordinates": [[-75.212303929304, 39.917599735736886], [-75.212303929304, 39.91759284594505], [-75.21229494615116, 39.91759284594505], [-75.21229494615116, 39.917599735736886], [-75.212303929304, 39.917599735736886]]}, "properties": {"confidence": "high"}}, {"type": "Feature", "geometry": {"type": "LineString", "coordinates": [[-75.21238477767956, 39.91759284594505], [-75.21238477767956, 39.91758595615253], [-75.212303929304, 39.91758595615253], [-75.212303929304, 39.91759284594505], [-75.21238477767956, 39.91759284594505]]}, "properties": {"confidence": "high"}}, {"type": "Feature", "geometry": {"type": "LineString", "coordinates": [[-75.21247460920797, 39.91758595615253], [-75.21247460920797, 39.91757906635932], [-75.21238477767956, 39.91757906635932], [-75.21238477767956, 39.91758595615253], [-75.21247460920797, 39.91758595615253]]}, "properties": {"confidence": "high"}}, {"type": "Feature", "geometry": {"type": "LineString", "coordinates": [[-75.20932152256073, 39.917606625528016], [-75.20932152256073, 39.91757217656541], [-75.20931253940788, 39.91757217656541], [-75.20931253940788, 39.917606625528016], [-75.20932152256073, 39.917606625528016]]}, "properties": {"confidence": "high"}}, {"type": "Feature", "geometry": {"type": "LineString", "coordinates": [[-75.2125644407364, 39.91757906635932], [-75.2125644407364, 39.91757217656541], [-75.21247460920797, 39.91757217656541], [-75.21247460920797, 39.91757906635932], [-75.2125644407364, 39.91757906635932]]}, "properties": {"confidence": "high"}}, {"type": "Feature", "geometry": {"type": "LineString", "coordinates": [[-75.21262732280628, 39.91757217656541], [-75.21262732280628, 39.91756528677081], [-75.2125644407364, 39.91756528677081], [-75.2125644407364, 39.91757217656541], [-75.21262732280628, 39.91757217656541]]}, "properties": {"confidence": "high"}}, {"type": "Feature", "geometry": {"type": "LineString", "coordinates": [[-75.20933050571357, 39.91757217656541], [-75.20933050571357, 39.917551507179525], [-75.20932152256073, 39.917551507179525], [-75.20932152256073, 39.91757217656541], [-75.20933050571357, 39.91757217656541]]}, "properties": {"confidence": "high"}}, {"type": "Feature", "geometry": {"type": "LineString", "coordinates": [[-75.2093394888664, 39.917551507179525], [-75.2093394888664, 39.91749638878668], [-75.20933050571357, 39.91749638878668], [-75.20933050571357, 39.917551507179525], [-75.2093394888664, 39.917551507179525]]}, "properties": {"confidence": "high"}}, {"type": "Feature", "geometry": {"type": "LineString", "coordinates": [[-75.20933050571357, 39.91749638878668], [-75.20933050571357, 39.91748949898446], [-75.20931253940788, 39.91748949898446], [-75.20931253940788, 39.91749638878668], [-75.20933050571357, 39.91749638878668]]}, "properties": {"confidence": "high"}}]}