{"type": "FeatureCollection", "features": [{"type": "Feature", "geometry": {"type": "LineString", "coordinates": [[-117.21389229406384, 32.69323159020643], [-117.21389229406384, 32.693224030212896], [-117.213883310911, 32.693224030212896], [-117.213883310911, 32.69323159020643], [-117.21389229406384, 32.69323159020643]]}, "properties": {"confidence": "high"}}, {"type": "Feature", "geometry": {"type": "LineString", "coordinates": [[-117.21228430970525, 32.69323159020643], [-117.21228430970525, 32.693224030212896], [-117.21227532655242, 32.693224030212896], [-117.21227532655242, 32.69323159020643], [-117.21228430970525, 32.69323159020643]]}, "properties": {"confidence": "high"}}, {"type": "Feature", "geometry": {"type": "LineString", "coordinates": [[-117.21390127721668, 32.693224030212896], [-117.21390127721668, 32.693216470218715], [-117.21389229406384, 32.693216470218715], [-117.21389229406384, 32.693224030212896], [-117.21390127721668, 32.693224030212896]]}, "properties": {"confidence": "high"}}, {"type": "Feature", "geometry": {"type": "LineString", "coordinates": [[-117.21227532655242, 32.693224030212896], [-117.21227532655242, 32.693216470218715], [-117.21219447817684, 32.693216470218715], [-117.21219447817684, 32.693224030212896], [-117.21227532655242, 32.693224030212896]]}, "properties": {"confidence": "high"}}, {"type": "Feature", "geometry": {"type": "LineString", "coordinates": [[-117.21391026036952, 32.693216470218715], [-117.21391026036952, 32.693208910223895], [-117.21390127721668, 32.693208910223895], [-117.21390127721668, 32.693216470218715], [-117.21391026036952, 32.693216470218715]]}, "properties": {"confidence": "high"}}, {"type": "Feature", "geometry": {"type": "LineString", "coordinates": [[-117.21219447817684, 32.693216470218715], [-117.21219447817684, 32.693208910223895], [-117.21210464664843, 32.693208910223895], [-117.21210464664843, 32.693216470218715], [-117.21219447817684, 32.693216470218715]]}, "properties": {"confidence": "high"}}, {"type": "Feature", "geometry": {"type": "LineString", "coordinates": [[-117.21392822667521, 32.693208910223895], [-117.21392822667521, 32.69320135022844], [-117.21391026036952, 32.69320135022844], [-117.21391026036952, 32.693208910223895], [-117.21392822667521, 32.693208910223895]]}, "properties": {"confidence": "high"}}, {"type": "Feature", "geometry": {"type": "LineString", "coordinates": [[-117.21210464664843, 32.693208910223895], [-117.21210464664843, 32.69320135022844], [-117.21201481512001, 32.69320135022844], [-117.21201481512001, 32.693208910223895], [-117.21210464664843, 32.693208910223895]]}, "properties": {"confidence": "high"}}, {"type": "Feature", "geometry": {"type": "LineString", "coordinates": [[-117.21394619298088, 32.69320135022844], [-117.21394619298088, 32.69319379023234], [-117.21392822667521, 32.69319379023234], [-117.21392822667521, 32.69320135022844], [-117.21394619298088, 32.69320135022844]]}, "properties": {"confidence": "high"}}, {"type": "Feature", "geometry": {"type": "LineString", "coordinates": [[-117.21201481512001, 32.69320135022844], [-117.21201481512001, 32.69319379023234], [-117.21191600043876, 32.69319379023234], [-117.21191600043876, 32.69320135022844], [-117.21201481512001, 32.69320135022844]]}, "properties": {"confidence": "high"}}, {"type": "Feature", "geometry": {"type": "LineString", "coordinates": [[-117.21395517613372, 32.69319379023234], [-117.21395517613372, 32.693186230235604], [-117.21394619298088, 32.693186230235604], [-117.21394619298088, 32.69319379023234], [-117.21395517613372, 32.69319379023234]]}, "properties": {"confidence": "high"}}, {"type": "Feature", "geometry": {"type": "LineString", "coordinates": [[-117.21191600043876, 32.69319379023234], [-117.21191600043876, 32.693186230235604], [-117.21180820260467, 32.693186230235604], [-117.21180820260467, 32.69319379023234], [-117.21191600043876, 32.69319379023234]]}, "properties": {"confidence": "high"}}, {"type": "Feature", "geometry": {"type": "LineString", "coordinates": [[-117.21397314243941, 32.693186230235604], [-117.21397314243941, 32.69317867023823], [-117.21395517613372, 32.69317867023823], [-117.21395517613372, 32.693186230235604], [-117.21397314243941, 32.693186230235604]]}, "properties": {"confidence": "high"}}, {"type": "Feature", "geometry": {"type": "LineString", "coordinates": [[-117.21180820260467, 32.693186230235604], [-117.21180820260467, 32.69317867023823], [-117.21170938792342, 32.69317867023823], [-117.21170938792342, 32.693186230235604], [-117.21180820260467, 32.693186230235604]]}, "properties": {"confidence": "high"}}, {"type": "Feature", "geometry": {"type": "LineString", "coordinates": [[-117.21398212559225, 32.69317867023823], [-117.21398212559225, 32.69317111024021], [-117.21397314243941, 32.69317111024021], [-117.21397314243941, 32.69317867023823], [-117.21398212559225, 32.69317867023823]]}, "properties": {"confidence": "high"}}, {"type": "Feature", "geometry": {"type": "LineString", "coordinates": [[-117.21170938792342, 32.69317867023823], [-117.21170938792342, 32.69317111024021], [-117.21160159008933, 32.69317111024021], [-117.21160159008933, 32.69317867023823], [-117.21170938792342, 32.69317867023823]]}, "properties": {"confidence": "high"}}, {"type": "Feature", "geometry": {"type": "LineString", "coordinates": [[-117.21400009189793, 32.69317111024021], [-117.21400009189793, 32.69316355024156], [-117.21398212559225, 32.69316355024156], [-117.21398212559225, 32.69317111024021], [-117.21400009189793, 32.69317111024021]]}, "properties": {"confidence": "high"}}, {"type": "Feature", "geometry": {"type": "LineString", "coordinates": [[-117.21160159008933, 32.69317111024021], [-117.21160159008933, 32.69316355024156], [-117.21151175856093, 32.69316355024156], [-117.21151175856093, 32.69317111024021], [-117.21160159008933, 32.69317111024021]]}, "properties": {"confidence": "high"}}, {"type": "Feature", "geometry": {"type": "LineString", "coordinates": [[-117.21400907505077, 32.69316355024156], [-117.21400907505077, 32.69315599024225], [-117.21400009189793, 32.69315599024225], [-117.21400009189793, 32.69316355024156], [-117.21400907505077, 32.69316355024156]]}, "properties": {"confidence": "high"}}, {"type": "Feature", "geometry": {"type": "LineString", "coordinates": [[-117.21151175856093, 32.69316355024156], [-117.21151175856093, 32.69315599024225], [-117.21141294387965, 32.69315599024225], [-117.21141294387965, 32.69316355024156], [-117.21151175856093, 32.69316355024156]]}, "properties": {"confidence": "high"}}, {"type": "Feature", "geometry": {"type": "LineString", "coordinates": [[-117.21402704135646, 32.69315599024225], [-117.21402704135646, 32.69314843024232], [-117.21400907505077, 32.69314843024232], [-117.21400907505077, 32.69315599024225], [-117.21402704135646, 32.69315599024225]]}, "properties": {"confidence": "high"}}, {"type": "Feature", "geometry": {"type": "LineString", "coordinates": [[-117.21141294387965, 32.69315599024225], [-117.21141294387965, 32.69314843024232], [-117.21132311235124, 32.69314843024232], [-117.21132311235124, 32.69315599024225], [-117.21141294387965, 32.69315599024225]]}, "properties": {"confidence": "high"}}, {"type": "Feature", "geometry": {"type": "LineString", "coordinates": [[-117.2140360245093, 32.69314843024232], [-117.2140360245093, 32.69314087024174], [-117.21402704135646, 32.69314087024174], [-117.21402704135646, 32.69314843024232], [-117.2140360245093, 32.69314843024232]]}, "properties": {"confidence": "high"}}, {"type": "Feature", "geometry": {"type": "LineString", "coordinates": [[-117.21132311235124, 32.69314843024232], [-117.21132311235124, 32.69314087024174], [-117.21124226397566, 32.69314087024174], [-117.21124226397566, 32.69314843024232], [-117.21132311235124, 32.69314843024232]]}, "properties": {"confidence": "high"}}, {"type": "Feature", "geometry": {"type": "LineString", "coordinates": [[-117.21404500766214, 32.69314087024174], [-117.21404500766214, 32.69313331024052], [-117.2140360245093, 32.69313331024052], [-117.2140360245093, 32.69314087024174], [-117.21404500766214, 32.69314087024174]]}, "properties": {"confidence": "high"}}, {"type": "Feature", "geometry": {"type": "LineString", "coordinates": [[-117.21124226397566, 32.69314087024174], [-117.21124226397566, 32.69313331024052], [-117.21117039875294, 32.69313331024052], [-117.21117039875294, 32.69314087024174], [-117.21124226397566, 32.69314087024174]]}, "properties": {"confidence": "high"}}, {"type": "Feature", "geometry": {"type": "LineString", "coordinates": [[-117.21117039875294, 32.69313331024052], [-117.21117039875294, 32.69312575023866], [-117.21108955037737, 32.69312575023866], [-117.21108955037737, 32.69313331024052], [-117.21117039875294, 32.69313331024052]]}, "properties": {"confidence": "high"}}, {"type": "Feature", "geometry": {"type": "LineString", "coordinates": [[-117.21405399081497, 32.69313331024052], [-117.21405399081497, 32.69311819023616], [-117.21404500766214, 32.69311819023616], [-117.21404500766214, 32.69313331024052], [-117.21405399081497, 32.69313331024052]]}, "properties": {"confidence": "high"}}, {"type": "Feature", "geometry": {"type": "LineString", "coordinates": [[-117.21108955037737, 32.69312575023866], [-117.21108955037737, 32.69311819023616], [-117.21099971884897, 32.69311819023616], [-117.21099971884897, 32.69312575023866], [-117.21108955037737, 32.69312575023866]]}, "properties": {"confidence": "high"}}, {"type": "Feature", "geometry": {"type": "LineString", "coordinates": [[-117.21099971884897, 32.69311819023616], [-117.21099971884897, 32.69311063023302], [-117.21091887047339, 32.69311063023302], [-117.21091887047339, 32.69311819023616], [-117.21099971884897, 32.69311819023616]]}, "properties": {"confidence": "high"}}, {"type": "Feature", "geometry": {"type": "LineString", "coordinates": [[-117.21091887047339, 32.69311063023302], [-117.21091887047339, 32.693103070229235], [-117.21083802209782, 32.693103070229235], [-117.21083802209782, 32.69311063023302], [-117.21091887047339, 32.69311063023302]]}, "properties": {"confidence": "high"}}, {"type": "Feature", "geometry": {"type": "LineString", "coordinates": [[-117.21083802209782, 32.693103070229235], [-117.21083802209782, 32.693095510224815], [-117.2107661568751, 32.693095510224815], [-117.2107661568751, 32.693103070229235], [-117.21083802209782, 32.693103070229235]]}, "properties": {"confidence": "high"}}, {"type": "Feature", "geometry": {"type": "LineString", "coordinates": [[-117.21406297396781, 32.69311819023616], [-117.21406297396781, 32.693087950219756], [-117.21405399081497, 32.693087950219756], [-117.21405399081497, 32.69311819023616], [-117.21406297396781, 32.69311819023616]]}, "properties": {"confidence": "high"}}, {"type": "Feature", "geometry": {"type": "LineString", "coordinates": [[-117.2107661568751, 32.693095510224815], [-117.2107661568751, 32.693087950219756], [-117.21074819056942, 32.693087950219756], [-117.21074819056942, 32.693095510224815], [-117.2107661568751, 32.693095510224815]]}, "properties": {"confidence": "high"}}, {"type": "Feature", "geometry": {"type": "LineString", "coordinates": [[-117.21074819056942, 32.693087950219756], [-117.21074819056942, 32.69308039021406], [-117.21073022426373, 32.69308039021406], [-117.21073022426373, 32.693087950219756], [-117.21074819056942, 32.693087950219756]]}, "properties": {"confidence": "high"}}, {"type": "Feature", "geometry": {"type": "LineString", "coordinates": [[-117.21073022426373, 32.69308039021406], [-117.21073022426373, 32.69307283020772], [-117.21070327480521, 32.69307283020772], [-117.21070327480521, 32.69308039021406], [-117.21073022426373, 32.69308039021406]]}, "properties": {"confidence": "high"}}, {"type": "Feature", "geometry": {"type": "LineString", "coordinates": [[-117.21070327480521, 32.69307283020772], [-117.21070327480521, 32.69306527020074], [-117.21067632534668, 32.69306527020074], [-117.21067632534668, 32.69307283020772], [-117.21070327480521, 32.69307283020772]]}, "properties": {"confidence": "high"}}, {"type": "Feature", "geometry": {"type": "LineString", "coordinates": [[-117.21407195712065, 32.693087950219756], [-117.21407195712065, 32.693057710193116], [-117.21406297396781, 32.693057710193116], [-117.21406297396781, 32.693087950219756], [-117.21407195712065, 32.693087950219756]]}, "properties": {"confidence": "high"}}, {"type": "Feature", "geometry": {"type": "LineString", "coordinates": [[-117.21067632534668, 32.69306527020074], [-117.21067632534668, 32.693057710193116], [-117.21064937588817, 32.693057710193116], [-117.21064937588817, 32.69306527020074], [-117.21067632534668, 32.69306527020074]]}, "properties": {"confidence": "high"}}, {"type": "Feature", "geometry": {"type": "LineString", "coordinates": [[-117.21064937588817, 32.693057710193116], [-117.21064937588817, 32.69305015018486], [-117.2106134432768, 32.69305015018486], [-117.2106134432768, 32.693057710193116], [-117.21064937588817, 32.693057710193116]]}, "properties": {"confidence": "high"}}, {"type": "Feature", "geometry": {"type": "LineString", "coordinates": [[-117.2106134432768, 32.69305015018486], [-117.2106134432768, 32.693042590175956], [-117.21056852751259, 32.693042590175956], [-117.21056852751259, 32.69305015018486], [-117.2106134432768, 32.69305015018486]]}, "properties": {"confidence": "high"}}, {"type": "Feature", "geometry": {"type": "LineString", "coordinates": [[-117.2140809402735, 32.693057710193116], [-117.2140809402735, 32.693035030166406], [-117.21407195712065, 32.693035030166406], [-117.21407195712065, 32.693057710193116], [-117.2140809402735, 32.693057710193116]]}, "properties": {"confidence": "high"}}, {"type": "Feature", "geometry": {"type": "LineString", "coordinates": [[-117.21056852751259, 32.693042590175956], [-117.21056852751259, 32.693035030166406], [-117.21053259490122, 32.693035030166406], [-117.21053259490122, 32.693042590175956], [-117.21056852751259, 32.693042590175956]]}, "properties": {"confidence": "high"}}, {"type": "Feature", "geometry": {"type": "LineString", "coordinates": [[-117.21053259490122, 32.693035030166406], [-117.21053259490122, 32.693027470156224], [-117.21048767913703, 32.693027470156224], [-117.21048767913703, 32.693035030166406], [-117.21053259490122, 32.693035030166406]]}, "properties": {"confidence": "high"}}, {"type": "Feature", "geometry": {"type": "LineString", "coordinates": [[-117.21048767913703, 32.693027470156224], [-117.21048767913703, 32.6930199101454], [-117.21045174652566, 32.6930199101454], [-117.21045174652566, 32.693027470156224], [-117.21048767913703, 32.693027470156224]]}, "properties": {"confidence": "high"}}, {"type": "Feature", "geometry": {"type": "LineString", "coordinates": [[-117.21045174652566, 32.6930199101454], [-117.21045174652566, 32.69301235013395], [-117.2104158139143, 32.69301235013395], [-117.2104158139143, 32.6930199101454], [-117.21045174652566, 32.6930199101454]]}, "properties": {"confidence": "high"}}, {"type": "Feature", "geometry": {"type": "LineString", "coordinates": [[-117.2104158139143, 32.69301235013395], [-117.2104158139143, 32.69300479012185], [-117.21037089815009, 32.69300479012185], [-117.21037089815009, 32.69301235013395], [-117.2104158139143, 32.69301235013395]]}, "properties": {"confidence": "high"}}, {"type": "Feature", "geometry": {"type": "LineString", "coordinates": [[-117.21408992342634, 32.693035030166406], [-117.21408992342634, 32.6929972301091], [-117.2140809402735, 32.6929972301091], [-117.2140809402735, 32.693035030166406], [-117.21408992342634, 32.693035030166406]]}, "properties": {"confidence": "high"}}, {"type": "Feature", "geometry": {"type": "LineString", "coordinates": [[-117.21037089815009, 32.69300479012185], [-117.21037089815009, 32.6929972301091], [-117.21032598238588, 32.6929972301091], [-117.21032598238588, 32.69300479012185], [-117.21037089815009, 32.69300479012185]]}, "properties": {"confidence": "high"}}, {"type": "Feature", "geometry": {"type": "LineString", "coordinates": [[-117.21032598238588, 32.6929972301091], [-117.21032598238588, 32.69298967009572], [-117.2102900497745, 32.69298967009572], [-117.2102900497745, 32.6929972301091], [-117.21032598238588, 32.6929972301091]]}, "properties": {"confidence": "high"}}, {"type": "Feature", "geometry": {"type": "LineString", "coordinates": [[-117.2102900497745, 32.69298967009572], [-117.2102900497745, 32.692982110081694], [-117.21025411716313, 32.692982110081694], [-117.21025411716313, 32.69298967009572], [-117.2102900497745, 32.69298967009572]]}, "properties": {"confidence": "high"}}, {"type": "Feature", "geometry": {"type": "LineString", "coordinates": [[-117.21025411716313, 32.692982110081694], [-117.21025411716313, 32.69297455006702], [-117.21020920139892, 32.69297455006702], [-117.21020920139892, 32.692982110081694], [-117.21025411716313, 32.692982110081694]]}, "properties": {"confidence": "high"}}, {"type": "Feature", "geometry": {"type": "LineString", "coordinates": [[-117.21409890657918, 32.6929972301091], [-117.21409890657918, 32.692966990051715], [-117.21408992342634, 32.692966990051715], [-117.21408992342634, 32.6929972301091], [-117.21409890657918, 32.6929972301091]]}, "properties": {"confidence": "high"}}, {"type": "Feature", "geometry": {"type": "LineString", "coordinates": [[-117.21020920139892, 32.69297455006702], [-117.21020920139892, 32.692966990051715], [-117.21016428563472, 32.692966990051715], [-117.21016428563472, 32.69297455006702], [-117.21020920139892, 32.69297455006702]]}, "properties": {"confidence": "high"}}, {"type": "Feature", "geometry": {"type": "LineString", "coordinates": [[-117.21016428563472, 32.692966990051715], [-117.21016428563472, 32.69295943003578], [-117.21011936987053, 32.69295943003578], [-117.21011936987053, 32.692966990051715], [-117.21016428563472, 32.692966990051715]]}, "properties": {"confidence": "high"}}, {"type": "Feature", "geometry": {"type": "LineString", "coordinates": [[-117.21011936987053, 32.69295943003578], [-117.21011936987053, 32.69295187001919], [-117.21007445410632, 32.69295187001919], [-117.21007445410632, 32.69295943003578], [-117.21011936987053, 32.69295943003578]]}, "properties": {"confidence": "high"}}, {"type": "Feature", "geometry": {"type": "LineString", "coordinates": [[-117.21007445410632, 32.69295187001919], [-117.21007445410632, 32.69294431000197], [-117.21003852149495, 32.69294431000197], [-117.21003852149495, 32.69295187001919], [-117.21007445410632, 32.69295187001919]]}, "properties": {"confidence": "high"}}, {"type": "Feature", "geometry": {"type": "LineString", "coordinates": [[-117.21410788973202, 32.692966990051715], [-117.21410788973202, 32.6929367499841], [-117.21409890657918, 32.6929367499841], [-117.21409890657918, 32.692966990051715], [-117.21410788973202, 32.692966990051715]]}, "properties": {"confidence": "high"}}, {"type": "Feature", "geometry": {"type": "LineString", "coordinates": [[-117.21003852149495, 32.69294431000197], [-117.21003852149495, 32.6929367499841], [-117.21002055518927, 32.6929367499841], [-117.21002055518927, 32.69294431000197], [-117.21003852149495, 32.69294431000197]]}, "properties": {"confidence": "high"}}, {"type": "Feature", "geometry": {"type": "LineString", "coordinates": [[-117.21002055518927, 32.6929367499841], [-117.21002055518927, 32.6929291899656], [-117.20999360573074, 32.6929291899656], [-117.20999360573074, 32.6929367499841], [-117.21002055518927, 32.6929367499841]]}, "properties": {"confidence": "high"}}, {"type": "Feature", "geometry": {"type": "LineString", "coordinates": [[-117.21002953834211, 32.6929291899656], [-117.21002953834211, 32.692921629946454], [-117.21002055518927, 32.692921629946454], [-117.21002055518927, 32.6929291899656], [-117.21002953834211, 32.6929291899656]]}, "properties": {"confidence": "high"}}, {"type": "Feature", "geometry": {"type": "LineString", "coordinates": [[-117.20999360573074, 32.6929291899656], [-117.20999360573074, 32.692921629946454], [-117.20993072366086, 32.692921629946454], [-117.20993072366086, 32.6929291899656], [-117.20999360573074, 32.6929291899656]]}, "properties": {"confidence": "high"}}, {"type": "Feature", "geometry": {"type": "LineString", "coordinates": [[-117.21003852149495, 32.692921629946454], [-117.21003852149495, 32.692914069926665], [-117.21002953834211, 32.692914069926665], [-117.21002953834211, 32.692921629946454], [-117.21003852149495, 32.692921629946454]]}, "properties": {"confidence": "high"}}, {"type": "Feature", "geometry": {"type": "LineString", "coordinates": [[-117.20993072366086, 32.692921629946454], [-117.20993072366086, 32.692914069926665], [-117.20989479104949, 32.692914069926665], [-117.20989479104949, 32.692921629946454], [-117.20993072366086, 32.692921629946454]]}, "properties": {"confidence": "high"}}, {"type": "Feature", "geometry": {"type": "LineString", "coordinates": [[-117.21411687288486, 32.6929367499841], [-117.21411687288486, 32.69290650990624], [-117.21410788973202, 32.69290650990624], [-117.21410788973202, 32.6929367499841], [-117.21411687288486, 32.6929367499841]]}, "properties": {"confidence": "high"}}, {"type": "Feature", "geometry": {"type": "LineString", "coordinates": [[-117.21004750464779, 32.692914069926665], [-117.21004750464779, 32.69290650990624], [-117.21003852149495, 32.69290650990624], [-117.21003852149495, 32.692914069926665], [-117.21004750464779, 32.692914069926665]]}, "properties": {"confidence": "high"}}, {"type": "Feature", "geometry": {"type": "LineString", "coordinates": [[-117.20989479104949, 32.692914069926665], [-117.20989479104949, 32.69290650990624], [-117.20986784159098, 32.69290650990624], [-117.20986784159098, 32.692914069926665], [-117.20989479104949, 32.692914069926665]]}, "properties": {"confidence": "high"}}, {"type": "Feature", "geometry": {"type": "LineString", "coordinates": [[-117.21005648780063, 32.69290650990624], [-117.21005648780063, 32.69289894988517], [-117.21004750464779, 32.69289894988517], [-117.21004750464779, 32.69290650990624], [-117.21005648780063, 32.69290650990624]]}, "properties": {"confidence": "high"}}, {"type": "Feature", "geometry": {"type": "LineString", "coordinates": [[-117.20986784159098, 32.69290650990624], [-117.20986784159098, 32.69289894988517], [-117.20983190897961, 32.69289894988517], [-117.20983190897961, 32.69290650990624], [-117.20986784159098, 32.69290650990624]]}, "properties": {"confidence": "high"}}, {"type": "Feature", "geometry": {"type": "LineString", "coordinates": [[-117.21006547095347, 32.69289894988517], [-117.21006547095347, 32.69289138986347], [-117.21005648780063, 32.69289138986347], [-117.21005648780063, 32.69289894988517], [-117.21006547095347, 32.69289894988517]]}, "properties": {"confidence": "high"}}, {"type": "Feature", "geometry": {"type": "LineString", "coordinates": [[-117.20983190897961, 32.69289894988517], [-117.20983190897961, 32.69289138986347], [-117.20979597636824, 32.69289138986347], [-117.20979597636824, 32.69289894988517], [-117.20983190897961, 32.69289894988517]]}, "properties": {"confidence": "high"}}, {"type": "Feature", "geometry": {"type": "LineString", "coordinates": [[-117.21412585603771, 32.69290650990624], [-117.21412585603771, 32.69288382984113], [-117.21411687288486, 32.69288382984113], [-117.21411687288486, 32.69290650990624], [-117.21412585603771, 32.69290650990624]]}, "properties": {"confidence": "high"}}, {"type": "Feature", "geometry": {"type": "LineString", "coordinates": [[-117.21007445410632, 32.69289138986347], [-117.21007445410632, 32.69288382984113], [-117.21006547095347, 32.69288382984113], [-117.21006547095347, 32.69289138986347], [-117.21007445410632, 32.69289138986347]]}, "properties": {"confidence": "high"}}, {"type": "Feature", "geometry": {"type": "LineString", "coordinates": [[-117.20979597636824, 32.69289138986347], [-117.20979597636824, 32.69288382984113], [-117.20975106060403, 32.69288382984113], [-117.20975106060403, 32.69289138986347], [-117.20979597636824, 32.69289138986347]]}, "properties": {"confidence": "high"}}, {"type": "Feature", "geometry": {"type": "LineString", "coordinates": [[-117.21008343725916, 32.69288382984113], [-117.21008343725916, 32.692876269818136], [-117.21007445410632, 32.692876269818136], [-117.21007445410632, 32.69288382984113], [-117.21008343725916, 32.69288382984113]]}, "properties": {"confidence": "high"}}, {"type": "Feature", "geometry": {"type": "LineString", "coordinates": [[-117.20975106060403, 32.69288382984113], [-117.20975106060403, 32.692876269818136], [-117.20971512799268, 32.692876269818136], [-117.20971512799268, 32.69288382984113], [-117.20975106060403, 32.69288382984113]]}, "properties": {"confidence": "high"}}, {"type": "Feature", "geometry": {"type": "LineString", "coordinates": [[-117.210092420412, 32.692876269818136], [-117.210092420412, 32.69286870979451], [-117.21008343725916, 32.69286870979451], [-117.21008343725916, 32.692876269818136], [-117.210092420412, 32.692876269818136]]}, "properties": {"confidence": "high"}}, {"type": "Feature", "geometry": {"type": "LineString", "coordinates": [[-117.20971512799268, 32.692876269818136], [-117.20971512799268, 32.69286870979451], [-117.20967919538131, 32.69286870979451], [-117.20967919538131, 32.692876269818136], [-117.20971512799268, 32.692876269818136]]}, "properties": {"confidence": "high"}}, {"type": "Feature", "geometry": {"type": "LineString", "coordinates": [[-117.21413483919055, 32.69288382984113], [-117.21413483919055, 32.692861149770245], [-117.21412585603771, 32.692861149770245], [-117.21412585603771, 32.69288382984113], [-117.21413483919055, 32.69288382984113]]}, "properties": {"confidence": "high"}}, {"type": "Feature", "geometry": {"type": "LineString", "coordinates": [[-117.21010140356483, 32.69286870979451], [-117.21010140356483, 32.692861149770245], [-117.210092420412, 32.692861149770245], [-117.210092420412, 32.69286870979451], [-117.21010140356483, 32.69286870979451]]}, "properties": {"confidence": "high"}}, {"type": "Feature", "geometry": {"type": "LineString", "coordinates": [[-117.20967919538131, 32.69286870979451], [-117.20967919538131, 32.692861149770245], [-117.20964326276994, 32.692861149770245], [-117.20964326276994, 32.69286870979451], [-117.20967919538131, 32.69286870979451]]}, "properties": {"confidence": "high"}}, {"type": "Feature", "geometry": {"type": "LineString", "coordinates": [[-117.21011038671767, 32.692861149770245], [-117.21011038671767, 32.69285358974533], [-117.21010140356483, 32.69285358974533], [-117.21010140356483, 32.692861149770245], [-117.21011038671767, 32.692861149770245]]}, "properties": {"confidence": "high"}}, {"type": "Feature", "geometry": {"type": "LineString", "coordinates": [[-117.20964326276994, 32.692861149770245], [-117.20964326276994, 32.69285358974533], [-117.20960733015858, 32.69285358974533], [-117.20960733015858, 32.692861149770245], [-117.20964326276994, 32.692861149770245]]}, "properties": {"confidence": "high"}}, {"type": "Feature", "geometry": {"type": "LineString", "coordinates": [[-117.21011936987053, 32.69285358974533], [-117.21011936987053, 32.692846029719796], [-117.21011038671767, 32.692846029719796], [-117.21011038671767, 32.69285358974533], [-117.21011936987053, 32.69285358974533]]}, "properties": {"confidence": "high"}}, {"type": "Feature", "geometry": {"type": "LineString", "coordinates": [[-117.20960733015858, 32.69285358974533], [-117.20960733015858, 32.692846029719796], [-117.20957139754722, 32.692846029719796], [-117.20957139754722, 32.69285358974533], [-117.20960733015858, 32.69285358974533]]}, "properties": {"confidence": "high"}}, {"type": "Feature", "geometry": {"type": "LineString", "coordinates": [[-117.20957139754722, 32.692846029719796], [-117.20957139754722, 32.6928384696936], [-117.20953546493585, 32.6928384696936], [-117.20953546493585, 32.692846029719796], [-117.20957139754722, 32.692846029719796]]}, "properties": {"confidence": "high"}}, {"type": "Feature", "geometry": {"type": "LineString", "coordinates": [[-117.21414382234339, 32.692861149770245], [-117.21414382234339, 32.69283090966677], [-117.21413483919055, 32.69283090966677], [-117.21413483919055, 32.692861149770245], [-117.21414382234339, 32.692861149770245]]}, "properties": {"confidence": "high"}}, {"type": "Feature", "geometry": {"type": "LineString", "coordinates": [[-117.20953546493585, 32.6928384696936], [-117.20953546493585, 32.69283090966677], [-117.20949054917165, 32.69283090966677], [-117.20949054917165, 32.6928384696936], [-117.20953546493585, 32.6928384696936]]}, "properties": {"confidence": "high"}}, {"type": "Feature", "geometry": {"type": "LineString", "coordinates": [[-117.21012835302336, 32.692846029719796], [-117.21012835302336, 32.692823349639305], [-117.21011936987053, 32.692823349639305], [-117.21011936987053, 32.692846029719796], [-117.21012835302336, 32.692846029719796]]}, "properties": {"confidence": "high"}}, {"type": "Feature", "geometry": {"type": "LineString", "coordinates": [[-117.20949054917165, 32.69283090966677], [-117.20949054917165, 32.692823349639305], [-117.20946359971313, 32.692823349639305], [-117.20946359971313, 32.69283090966677], [-117.20949054917165, 32.69283090966677]]}, "properties": {"confidence": "high"}}, {"type": "Feature", "geometry": {"type": "LineString", "coordinates": [[-117.20946359971313, 32.692823349639305], [-117.20946359971313, 32.692815789611195], [-117.20941868394893, 32.692815789611195], [-117.20941868394893, 32.692823349639305], [-117.20946359971313, 32.692823349639305]]}, "properties": {"confidence": "high"}}, {"type": "Feature", "geometry": {"type": "LineString", "coordinates": [[-117.21415280549623, 32.69283090966677], [-117.21415280549623, 32.69280822958245], [-117.21414382234339, 32.69280822958245], [-117.21414382234339, 32.69283090966677], [-117.21415280549623, 32.69283090966677]]}, "properties": {"confidence": "high"}}, {"type": "Feature", "geometry": {"type": "LineString", "coordinates": [[-117.20941868394893, 32.692815789611195], [-117.20941868394893, 32.69280822958245], [-117.20938275133756, 32.69280822958245], [-117.20938275133756, 32.692815789611195], [-117.20941868394893, 32.692815789611195]]}, "properties": {"confidence": "high"}}, {"type": "Feature", "geometry": {"type": "LineString", "coordinates": [[-117.20938275133756, 32.69280822958245], [-117.20938275133756, 32.69280066955306], [-117.20933783557335, 32.69280066955306], [-117.20933783557335, 32.69280822958245], [-117.20938275133756, 32.69280822958245]]}, "properties": {"confidence": "high"}}, {"type": "Feature", "geometry": {"type": "LineString", "coordinates": [[-117.20933783557335, 32.69280066955306], [-117.20933783557335, 32.69279310952302], [-117.20930190296198, 32.69279310952302], [-117.20930190296198, 32.69280066955306], [-117.20933783557335, 32.69280066955306]]}, "properties": {"confidence": "high"}}, {"type": "Feature", "geometry": {"type": "LineString", "coordinates": [[-117.20930190296198, 32.69279310952302], [-117.20930190296198, 32.69278554949236], [-117.20926597035063, 32.69278554949236], [-117.20926597035063, 32.69279310952302], [-117.20930190296198, 32.69279310952302]]}, "properties": {"confidence": "high"}}, {"type": "Feature", "geometry": {"type": "LineString", "coordinates": [[-117.21416178864906, 32.69280822958245], [-117.21416178864906, 32.69277798946105], [-117.21415280549623, 32.69277798946105], [-117.21415280549623, 32.69280822958245], [-117.21416178864906, 32.69280822958245]]}, "properties": {"confidence": "high"}}, {"type": "Feature", "geometry": {"type": "LineString", "coordinates": [[-117.20926597035063, 32.69278554949236], [-117.20926597035063, 32.69277798946105], [-117.20922105458642, 32.69277798946105], [-117.20922105458642, 32.69278554949236], [-117.20926597035063, 32.69278554949236]]}, "properties": {"confidence": "high"}}, {"type": "Feature", "geometry": {"type": "LineString", "coordinates": [[-117.20922105458642, 32.69277798946105], [-117.20922105458642, 32.6927704294291], [-117.20917613882222, 32.6927704294291], [-117.20917613882222, 32.69277798946105], [-117.20922105458642, 32.69277798946105]]}, "properties": {"confidence": "high"}}, {"type": "Feature", "geometry": {"type": "LineString", "coordinates": [[-117.20917613882222, 32.6927704294291], [-117.20917613882222, 32.69276286939651], [-117.20914020621082, 32.69276286939651], [-117.20914020621082, 32.6927704294291], [-117.20917613882222, 32.6927704294291]]}, "properties": {"confidence": "high"}}, {"type": "Feature", "geometry": {"type": "LineString", "coordinates": [[-117.20914020621082, 32.69276286939651], [-117.20914020621082, 32.692755309363285], [-117.20909529044663, 32.692755309363285], [-117.20909529044663, 32.69276286939651], [-117.20914020621082, 32.69276286939651]]}, "properties": {"confidence": "high"}}, {"type": "Feature", "geometry": {"type": "LineString", "coordinates": [[-117.2141707718019, 32.69277798946105], [-117.2141707718019, 32.69274774932941], [-117.21416178864906, 32.69274774932941], [-117.21416178864906, 32.69277798946105], [-117.2141707718019, 32.69277798946105]]}, "properties": {"confidence": "high"}}, {"type": "Feature", "geometry": {"type": "LineString", "coordinates": [[-117.20909529044663, 32.692755309363285], [-117.20909529044663, 32.69274774932941], [-117.20905935783526, 32.69274774932941], [-117.20905935783526, 32.692755309363285], [-117.20909529044663, 32.692755309363285]]}, "properties": {"confidence": "high"}}, {"type": "Feature", "geometry": {"type": "LineString", "coordinates": [[-117.20905935783526, 32.69274774932941], [-117.20905935783526, 32.6927401892949], [-117.20902342522389, 32.6927401892949], [-117.20902342522389, 32.69274774932941], [-117.20905935783526, 32.69274774932941]]}, "properties": {"confidence": "high"}}, {"type": "Feature", "geometry": {"type": "LineString", "coordinates": [[-117.20902342522389, 32.6927401892949], [-117.20902342522389, 32.692732629259744], [-117.20897850945968, 32.692732629259744], [-117.20897850945968, 32.6927401892949], [-117.20902342522389, 32.6927401892949]]}, "properties": {"confidence": "high"}}, {"type": "Feature", "geometry": {"type": "LineString", "coordinates": [[-117.21417975495476, 32.69274774932941], [-117.21417975495476, 32.692725069223954], [-117.2141707718019, 32.692725069223954], [-117.2141707718019, 32.69274774932941], [-117.21417975495476, 32.69274774932941]]}, "properties": {"confidence": "high"}}, {"type": "Feature", "geometry": {"type": "LineString", "coordinates": [[-117.20897850945968, 32.692732629259744], [-117.20897850945968, 32.692725069223954], [-117.20894257684833, 32.692725069223954], [-117.20894257684833, 32.692732629259744], [-117.20897850945968, 32.692732629259744]]}, "properties": {"confidence": "high"}}, {"type": "Feature", "geometry": {"type": "LineString", "coordinates": [[-117.20894257684833, 32.692725069223954], [-117.20894257684833, 32.692717509187524], [-117.20889766108412, 32.692717509187524], [-117.20889766108412, 32.692725069223954], [-117.20894257684833, 32.692725069223954]]}, "properties": {"confidence": "high"}}, {"type": "Feature", "geometry": {"type": "LineString", "coordinates": [[-117.20889766108412, 32.692717509187524], [-117.20889766108412, 32.692709949150455], [-117.20885274531992, 32.692709949150455], [-117.20885274531992, 32.692717509187524], [-117.20889766108412, 32.692717509187524]]}, "properties": {"confidence": "high"}}, {"type": "Feature", "geometry": {"type": "LineString", "coordinates": [[-117.20885274531992, 32.692709949150455], [-117.20885274531992, 32.69270238911274], [-117.20880782955571, 32.69270238911274], [-117.20880782955571, 32.692709949150455], [-117.20885274531992, 32.692709949150455]]}, "properties": {"confidence": "high"}}, {"type": "Feature", "geometry": {"type": "LineString", "coordinates": [[-117.2141887381076, 32.692725069223954], [-117.2141887381076, 32.692694829074384], [-117.21417975495476, 32.692694829074384], [-117.21417975495476, 32.692725069223954], [-117.2141887381076, 32.692725069223954]]}, "properties": {"confidence": "high"}}, {"type": "Feature", "geometry": {"type": "LineString", "coordinates": [[-117.20880782955571, 32.69270238911274], [-117.20880782955571, 32.692694829074384], [-117.20877189694434, 32.692694829074384], [-117.20877189694434, 32.69270238911274], [-117.20880782955571, 32.69270238911274]]}, "properties": {"confidence": "high"}}, {"type": "Feature", "geometry": {"type": "LineString", "coordinates": [[-117.20877189694434, 32.692694829074384], [-117.20877189694434, 32.692687269035396], [-117.20872698118013, 32.692687269035396], [-117.20872698118013, 32.692694829074384], [-117.20877189694434, 32.692694829074384]]}, "properties": {"confidence": "high"}}, {"type": "Feature", "geometry": {"type": "LineString", "coordinates": [[-117.20872698118013, 32.692687269035396], [-117.20872698118013, 32.69267970899577], [-117.20868206541593, 32.69267970899577], [-117.20868206541593, 32.692687269035396], [-117.20872698118013, 32.692687269035396]]}, "properties": {"confidence": "high"}}, {"type": "Feature", "geometry": {"type": "LineString", "coordinates": [[-117.21419772126043, 32.692694829074384], [-117.21419772126043, 32.69267214895549], [-117.2141887381076, 32.69267214895549], [-117.2141887381076, 32.692694829074384], [-117.21419772126043, 32.692694829074384]]}, "properties": {"confidence": "high"}}, {"type": "Feature", "geometry": {"type": "LineString", "coordinates": [[-117.20868206541593, 32.69267970899577], [-117.20868206541593, 32.69267214895549], [-117.20864613280457, 32.69267214895549], [-117.20864613280457, 32.69267970899577], [-117.20868206541593, 32.69267970899577]]}, "properties": {"confidence": "high"}}, {"type": "Feature", "geometry": {"type": "LineString", "coordinates": [[-117.20864613280457, 32.69267214895549], [-117.20864613280457, 32.69266458891458], [-117.20860121704037, 32.69266458891458], [-117.20860121704037, 32.69267214895549], [-117.20864613280457, 32.69267214895549]]}, "properties": {"confidence": "high"}}, {"type": "Feature", "geometry": {"type": "LineString", "coordinates": [[-117.2101373361762, 32.692823349639305], [-117.2101373361762, 32.69265702887302], [-117.21012835302336, 32.69265702887302], [-117.21012835302336, 32.692823349639305], [-117.2101373361762, 32.692823349639305]]}, "properties": {"confidence": "high"}}, {"type": "Feature", "geometry": {"type": "LineString", "coordinates": [[-117.20860121704037, 32.69266458891458], [-117.20860121704037, 32.69265702887302], [-117.20855630127616, 32.69265702887302], [-117.20855630127616, 32.69266458891458], [-117.20860121704037, 32.69266458891458]]}, "properties": {"confidence": "high"}}, {"type": "Feature", "geometry": {"type": "LineString", "coordinates": [[-117.21420670441327, 32.69267214895549], [-117.21420670441327, 32.69264946883083], [-117.21419772126043, 32.69264946883083], [-117.21419772126043, 32.69267214895549], [-117.21420670441327, 32.69267214895549]]}, "properties": {"confidence": "high"}}, {"type": "Feature", "geometry": {"type": "LineString", "coordinates": [[-117.20855630127616, 32.69265702887302], [-117.20855630127616, 32.69264946883083], [-117.20850240235912, 32.69264946883083], [-117.20850240235912, 32.69265702887302], [-117.20855630127616, 32.69265702887302]]}, "properties": {"confidence": "high"}}, {"type": "Feature", "geometry": {"type": "LineString", "coordinates": [[-117.20850240235912, 32.69264946883083], [-117.20850240235912, 32.692641908788], [-117.20842155398354, 32.692641908788], [-117.20842155398354, 32.69264946883083], [-117.20850240235912, 32.69264946883083]]}, "properties": {"confidence": "high"}}, {"type": "Feature", "geometry": {"type": "LineString", "coordinates": [[-117.20842155398354, 32.692641908788], [-117.20842155398354, 32.69263434874453], [-117.20835867191366, 32.69263434874453], [-117.20835867191366, 32.692641908788], [-117.20842155398354, 32.692641908788]]}, "properties": {"confidence": "high"}}, {"type": "Feature", "geometry": {"type": "LineString", "coordinates": [[-117.20835867191366, 32.69263434874453], [-117.20835867191366, 32.69262678870041], [-117.2082778235381, 32.69262678870041], [-117.2082778235381, 32.69263434874453], [-117.20835867191366, 32.69263434874453]]}, "properties": {"confidence": "high"}}, {"type": "Feature", "geometry": {"type": "LineString", "coordinates": [[-117.21421568756611, 32.69264946883083], [-117.21421568756611, 32.69261922865566], [-117.21420670441327, 32.69261922865566], [-117.21420670441327, 32.69264946883083], [-117.21421568756611, 32.69264946883083]]}, "properties": {"confidence": "high"}}, {"type": "Feature", "geometry": {"type": "LineString", "coordinates": [[-117.2082778235381, 32.69262678870041], [-117.2082778235381, 32.69261922865566], [-117.20822392462104, 32.69261922865566], [-117.20822392462104, 32.69262678870041], [-117.2082778235381, 32.69262678870041]]}, "properties": {"confidence": "high"}}, {"type": "Feature", "geometry": {"type": "LineString", "coordinates": [[-117.20822392462104, 32.69261922865566], [-117.20822392462104, 32.69261166861027], [-117.20817900885685, 32.69261166861027], [-117.20817900885685, 32.69261922865566], [-117.20822392462104, 32.69261922865566]]}, "properties": {"confidence": "high"}}, {"type": "Feature", "geometry": {"type": "LineString", "coordinates": [[-117.20817900885685, 32.69261166861027], [-117.20817900885685, 32.69260410856423], [-117.20813409309264, 32.69260410856423], [-117.20813409309264, 32.69261166861027], [-117.20817900885685, 32.69261166861027]]}, "properties": {"confidence": "high"}}, {"type": "Feature", "geometry": {"type": "LineString", "coordinates": [[-117.21422467071895, 32.69261922865566], [-117.21422467071895, 32.69259654851756], [-117.21421568756611, 32.69259654851756], [-117.21421568756611, 32.69261922865566], [-117.21422467071895, 32.69261922865566]]}, "properties": {"confidence": "high"}}, {"type": "Feature", "geometry": {"type": "LineString", "coordinates": [[-117.20813409309264, 32.69260410856423], [-117.20813409309264, 32.69259654851756], [-117.2080801941756, 32.69259654851756], [-117.2080801941756, 32.69260410856423], [-117.20813409309264, 32.69260410856423]]}, "properties": {"confidence": "high"}}, {"type": "Feature", "geometry": {"type": "LineString", "coordinates": [[-117.21152972486661, 32.69259654851756], [-117.21152972486661, 32.69258898847024], [-117.21152074171377, 32.69258898847024], [-117.21152074171377, 32.69259654851756], [-117.21152972486661, 32.69259654851756]]}, "properties": {"confidence": "high"}}, {"type": "Feature", "geometry": {"type": "LineString", "coordinates": [[-117.2080801941756, 32.69259654851756], [-117.2080801941756, 32.69258898847024], [-117.20805324471706, 32.69258898847024], [-117.20805324471706, 32.69259654851756], [-117.2080801941756, 32.69259654851756]]}, "properties": {"confidence": "high"}}, {"type": "Feature", "geometry": {"type": "LineString", "coordinates": [[-117.20805324471706, 32.69258898847024], [-117.20805324471706, 32.69258142842229], [-117.20802629525852, 32.69258142842229], [-117.20802629525852, 32.69258898847024], [-117.20805324471706, 32.69258898847024]]}, "properties": {"confidence": "high"}}, {"type": "Feature", "geometry": {"type": "LineString", "coordinates": [[-117.2142336538718, 32.69259654851756], [-117.2142336538718, 32.69256630832446], [-117.21422467071895, 32.69256630832446], [-117.21422467071895, 32.69259654851756], [-117.2142336538718, 32.69259654851756]]}, "properties": {"confidence": "high"}}, {"type": "Feature", "geometry": {"type": "LineString", "coordinates": [[-117.21152074171377, 32.69258898847024], [-117.21152074171377, 32.69256630832446], [-117.21151175856093, 32.69256630832446], [-117.21151175856093, 32.69258898847024], [-117.21152074171377, 32.69258898847024]]}, "properties": {"confidence": "high"}}, {"type": "Feature", "geometry": {"type": "LineString", "coordinates": [[-117.20802629525852, 32.69258142842229], [-117.20802629525852, 32.69256630832446], [-117.20801731210568, 32.69256630832446], [-117.20801731210568, 32.692573868373685], [-117.20790951427158, 32.692573868373685], [-117.20790951427158, 32.69258142842229], [-117.20802629525852, 32.69258142842229]]}, "properties": {"confidence": "high"}}, {"type": "Feature", "geometry": {"type": "LineString", "coordinates": [[-117.20790951427158, 32.692573868373685], [-117.20790951427158, 32.69256630832446], [-117.20786459850738, 32.69256630832446], [-117.20786459850738, 32.692573868373685], [-117.20790951427158, 32.692573868373685]]}, "properties": {"confidence": "high"}}, {"type": "Feature", "geometry": {"type": "LineString", "coordinates": [[-117.20786459850738, 32.69256630832446], [-117.20786459850738, 32.69255874827457], [-117.20780171643749, 32.69255874827457], [-117.20780171643749, 32.69256630832446], [-117.20786459850738, 32.69256630832446]]}, "properties": {"confidence": "high"}}, {"type": "Feature", "geometry": {"type": "LineString", "coordinates": [[-117.20801731210568, 32.69256630832446], [-117.20801731210568, 32.692551188224066], [-117.20800832895283, 32.692551188224066], [-117.20800832895283, 32.69256630832446], [-117.20801731210568, 32.69256630832446]]}, "properties": {"confidence": "high"}}, {"type": "Feature", "geometry": {"type": "LineString", "coordinates": [[-117.21151175856093, 32.69256630832446], [-117.21151175856093, 32.692543628172906], [-117.21150277540808, 32.692543628172906], [-117.21150277540808, 32.69256630832446], [-117.21151175856093, 32.69256630832446]]}, "properties": {"confidence": "high"}}, {"type": "Feature", "geometry": {"type": "LineString", "coordinates": [[-117.2076939186034, 32.692551188224066], [-117.2076939186034, 32.692543628172906], [-117.20762205338067, 32.692543628172906], [-117.20762205338067, 32.692551188224066], [-117.2076939186034, 32.692551188224066]]}, "properties": {"confidence": "high"}}, {"type": "Feature", "geometry": {"type": "LineString", "coordinates": [[-117.21424263702464, 32.69256630832446], [-117.21424263702464, 32.69253606812111], [-117.2142336538718, 32.69253606812111], [-117.2142336538718, 32.69256630832446], [-117.21424263702464, 32.69256630832446]]}, "properties": {"confidence": "high"}}, {"type": "Feature", "geometry": {"type": "LineString", "coordinates": [[-117.20800832895283, 32.692551188224066], [-117.20800832895283, 32.69253606812111], [-117.20799934579999, 32.69253606812111], [-117.20799934579999, 32.692551188224066], [-117.20800832895283, 32.692551188224066]]}, "properties": {"confidence": "high"}}, {"type": "Feature", "geometry": {"type": "LineString", "coordinates": [[-117.20762205338067, 32.692543628172906], [-117.20762205338067, 32.69253606812111], [-117.2075412050051, 32.69253606812111], [-117.2075412050051, 32.692543628172906], [-117.20762205338067, 32.692543628172906]]}, "properties": {"confidence": "high"}}, {"type": "Feature", "geometry": {"type": "LineString", "coordinates": [[-117.2075412050051, 32.69253606812111], [-117.2075412050051, 32.692528508068676], [-117.2074962892409, 32.692528508068676], [-117.2074962892409, 32.69253606812111], [-117.2075412050051, 32.69253606812111]]}, "properties": {"confidence": "high"}}, {"type": "Feature", "geometry": {"type": "LineString", "coordinates": [[-117.2074962892409, 32.692528508068676], [-117.2074962892409, 32.69252094801559], [-117.20743340717101, 32.69252094801559], [-117.20743340717101, 32.692528508068676], [-117.2074962892409, 32.692528508068676]]}, "properties": {"confidence": "high"}}, {"type": "Feature", "geometry": {"type": "LineString", "coordinates": [[-117.20743340717101, 32.69252094801559], [-117.20743340717101, 32.692513387961874], [-117.20739747455964, 32.692513387961874], [-117.20739747455964, 32.69252094801559], [-117.20743340717101, 32.69252094801559]]}, "properties": {"confidence": "high"}}, {"type": "Feature", "geometry": {"type": "LineString", "coordinates": [[-117.21425162017748, 32.69253606812111], [-117.21425162017748, 32.69250582790752], [-117.21424263702464, 32.69250582790752], [-117.21424263702464, 32.69253606812111], [-117.21425162017748, 32.69253606812111]]}, "properties": {"confidence": "high"}}, {"type": "Feature", "geometry": {"type": "LineString", "coordinates": [[-117.20739747455964, 32.692513387961874], [-117.20739747455964, 32.69250582790752], [-117.20736154194829, 32.69250582790752], [-117.20736154194829, 32.692513387961874], [-117.20739747455964, 32.692513387961874]]}, "properties": {"confidence": "high"}}, {"type": "Feature", "geometry": {"type": "LineString", "coordinates": [[-117.21150277540808, 32.692543628172906], [-117.21150277540808, 32.69249826785253], [-117.21149379225524, 32.69249826785253], [-117.21149379225524, 32.692543628172906], [-117.21150277540808, 32.692543628172906]]}, "properties": {"confidence": "high"}}, {"type": "Feature", "geometry": {"type": "LineString", "coordinates": [[-117.20736154194829, 32.69250582790752], [-117.20736154194829, 32.69249826785253], [-117.20733459248976, 32.69249826785253], [-117.20733459248976, 32.69250582790752], [-117.20736154194829, 32.69250582790752]]}, "properties": {"confidence": "high"}}, {"type": "Feature", "geometry": {"type": "LineString", "coordinates": [[-117.20799934579999, 32.69253606812111], [-117.20799934579999, 32.69249070779688], [-117.20799036264715, 32.69249070779688], [-117.20799036264715, 32.69253606812111], [-117.20799934579999, 32.69253606812111]]}, "properties": {"confidence": "high"}}, {"type": "Feature", "geometry": {"type": "LineString", "coordinates": [[-117.20733459248976, 32.69249826785253], [-117.20733459248976, 32.69249070779688], [-117.20731662618408, 32.69249070779688], [-117.20731662618408, 32.69249826785253], [-117.20733459248976, 32.69249826785253]]}, "properties": {"confidence": "high"}}, {"type": "Feature", "geometry": {"type": "LineString", "coordinates": [[-117.21426060333032, 32.69250582790752], [-117.21426060333032, 32.6924831477406], [-117.21425162017748, 32.6924831477406], [-117.21425162017748, 32.69250582790752], [-117.21426060333032, 32.69250582790752]]}, "properties": {"confidence": "high"}}, {"type": "Feature", "geometry": {"type": "LineString", "coordinates": [[-117.20731662618408, 32.69249070779688], [-117.20731662618408, 32.6924831477406], [-117.20728967672555, 32.6924831477406], [-117.20728967672555, 32.69249070779688], [-117.20731662618408, 32.69249070779688]]}, "properties": {"confidence": "high"}}, {"type": "Feature", "geometry": {"type": "LineString", "coordinates": [[-117.20799036264715, 32.69249070779688], [-117.20799036264715, 32.69247558768368], [-117.20798137949431, 32.69247558768368], [-117.20798137949431, 32.69249070779688], [-117.20799036264715, 32.69249070779688]]}, "properties": {"confidence": "high"}}, {"type": "Feature", "geometry": {"type": "LineString", "coordinates": [[-117.20728967672555, 32.6924831477406], [-117.20728967672555, 32.69247558768368], [-117.20726272726704, 32.69247558768368], [-117.20726272726704, 32.6924831477406], [-117.20728967672555, 32.6924831477406]]}, "properties": {"confidence": "high"}}, {"type": "Feature", "geometry": {"type": "LineString", "coordinates": [[-117.20726272726704, 32.69247558768368], [-117.20726272726704, 32.69246802762612], [-117.2072357778085, 32.69246802762612], [-117.2072357778085, 32.69247558768368], [-117.20726272726704, 32.69247558768368]]}, "properties": {"confidence": "high"}}, {"type": "Feature", "geometry": {"type": "LineString", "coordinates": [[-117.21426958648316, 32.6924831477406], [-117.21426958648316, 32.692460467567926], [-117.21426060333032, 32.692460467567926], [-117.21426060333032, 32.6924831477406], [-117.21426958648316, 32.6924831477406]]}, "properties": {"confidence": "high"}}, {"type": "Feature", "geometry": {"type": "LineString", "coordinates": [[-117.2072357778085, 32.69246802762612], [-117.2072357778085, 32.692460467567926], [-117.20719984519715, 32.692460467567926], [-117.20719984519715, 32.69246802762612], [-117.2072357778085, 32.69246802762612]]}, "properties": {"confidence": "high"}}, {"type": "Feature", "geometry": {"type": "LineString", "coordinates": [[-117.20719984519715, 32.692460467567926], [-117.20719984519715, 32.692452907509086], [-117.20717289573862, 32.692452907509086], [-117.20717289573862, 32.692460467567926], [-117.20719984519715, 32.692460467567926]]}, "properties": {"confidence": "high"}}, {"type": "Feature", "geometry": {"type": "LineString", "coordinates": [[-117.20798137949431, 32.69247558768368], [-117.20798137949431, 32.692445347449606], [-117.20797239634148, 32.692445347449606], [-117.20797239634148, 32.69247558768368], [-117.20798137949431, 32.69247558768368]]}, "properties": {"confidence": "high"}}, {"type": "Feature", "geometry": {"type": "LineString", "coordinates": [[-117.20717289573862, 32.692452907509086], [-117.20717289573862, 32.692445347449606], [-117.20715492943295, 32.692445347449606], [-117.20715492943295, 32.692452907509086], [-117.20717289573862, 32.692452907509086]]}, "properties": {"confidence": "high"}}, {"type": "Feature", "geometry": {"type": "LineString", "coordinates": [[-117.21427856963601, 32.692460467567926], [-117.21427856963601, 32.69243778738949], [-117.21426958648316, 32.69243778738949], [-117.21426958648316, 32.692460467567926], [-117.21427856963601, 32.692460467567926]]}, "properties": {"confidence": "high"}}, {"type": "Feature", "geometry": {"type": "LineString", "coordinates": [[-117.20715492943295, 32.692445347449606], [-117.20715492943295, 32.69243778738949], [-117.20712797997442, 32.69243778738949], [-117.20712797997442, 32.692445347449606], [-117.20715492943295, 32.692445347449606]]}, "properties": {"confidence": "high"}}, {"type": "Feature", "geometry": {"type": "LineString", "coordinates": [[-117.21149379225524, 32.69249826785253], [-117.21149379225524, 32.69243022732873], [-117.2114848091024, 32.69243022732873], [-117.2114848091024, 32.69249826785253], [-117.21149379225524, 32.69249826785253]]}, "properties": {"confidence": "high"}}, {"type": "Feature", "geometry": {"type": "LineString", "coordinates": [[-117.20712797997442, 32.69243778738949], [-117.20712797997442, 32.69243022732873], [-117.20711899682158, 32.69243022732873], [-117.20711899682158, 32.69243778738949], [-117.20712797997442, 32.69243778738949]]}, "properties": {"confidence": "high"}}, {"type": "Feature", "geometry": {"type": "LineString", "coordinates": [[-117.20797239634148, 32.692445347449606], [-117.20797239634148, 32.69242266726733], [-117.20796341318864, 32.69242266726733], [-117.20796341318864, 32.692445347449606], [-117.20797239634148, 32.692445347449606]]}, "properties": {"confidence": "high"}}, {"type": "Feature", "geometry": {"type": "LineString", "coordinates": [[-117.20780171643749, 32.69255874827457], [-117.20780171643749, 32.692551188224066], [-117.20772086806193, 32.692551188224066], [-117.20772086806193, 32.69243022732873], [-117.20772985121476, 32.69243022732873], [-117.20772985121476, 32.69242266726733], [-117.20770290175624, 32.69242266726733], [-117.20770290175624, 32.69243022732873], [-117.20771188490909, 32.69243022732873], [-117.20771188490909, 32.692551188224066], [-117.2076939186034, 32.692551188224066], [-117.2076939186034, 32.69255874827457], [-117.20780171643749, 32.69255874827457]]}, "properties": {"confidence": "high"}}, {"type": "Feature", "geometry": {"type": "LineString", "coordinates": [[-117.20711899682158, 32.69243022732873], [-117.20711899682158, 32.69242266726733], [-117.2071010305159, 32.69242266726733], [-117.2071010305159, 32.69243022732873], [-117.20711899682158, 32.69243022732873]]}, "properties": {"confidence": "high"}}, {"type": "Feature", "geometry": {"type": "LineString", "coordinates": [[-117.21428755278885, 32.69243778738949], [-117.21428755278885, 32.692415107205285], [-117.21427856963601, 32.692415107205285], [-117.21427856963601, 32.69243778738949], [-117.21428755278885, 32.69243778738949]]}, "properties": {"confidence": "high"}}, {"type": "Feature", "geometry": {"type": "LineString", "coordinates": [[-117.2077388343676, 32.69242266726733], [-117.2077388343676, 32.692415107205285], [-117.20772985121476, 32.692415107205285], [-117.20772985121476, 32.69242266726733], [-117.2077388343676, 32.69242266726733]]}, "properties": {"confidence": "high"}}, {"type": "Feature", "geometry": {"type": "LineString", "coordinates": [[-117.21150277540808, 32.69243022732873], [-117.21150277540808, 32.69240754714261], [-117.21149379225524, 32.69240754714261], [-117.21149379225524, 32.69243022732873], [-117.21150277540808, 32.69243022732873]]}, "properties": {"confidence": "high"}}, {"type": "Feature", "geometry": {"type": "LineString", "coordinates": [[-117.20796341318864, 32.69242266726733], [-117.20796341318864, 32.69240754714261], [-117.20795443003578, 32.69240754714261], [-117.20795443003578, 32.69242266726733], [-117.20796341318864, 32.69242266726733]]}, "properties": {"confidence": "high"}}, {"type": "Feature", "geometry": {"type": "LineString", "coordinates": [[-117.20770290175624, 32.69242266726733], [-117.20770290175624, 32.69240754714261], [-117.2076939186034, 32.69240754714261], [-117.2076939186034, 32.69242266726733], [-117.20770290175624, 32.69242266726733]]}, "properties": {"confidence": "high"}}, {"type": "Feature", "geometry": {"type": "LineString", "coordinates": [[-117.2071010305159, 32.69242266726733], [-117.2071010305159, 32.69240754714261], [-117.207038148446, 32.69240754714261], [-117.207038148446, 32.692415107205285], [-117.20709204736305, 32.692415107205285], [-117.20709204736305, 32.69242266726733], [-117.2071010305159, 32.69242266726733]]}, "properties": {"confidence": "high"}}, {"type": "Feature", "geometry": {"type": "LineString", "coordinates": [[-117.20774781752044, 32.692415107205285], [-117.20774781752044, 32.69240754714261], [-117.2077388343676, 32.69240754714261], [-117.2077388343676, 32.692415107205285], [-117.20774781752044, 32.692415107205285]]}, "properties": {"confidence": "high"}}, {"type": "Feature", "geometry": {"type": "LineString", "coordinates": [[-117.21151175856093, 32.69240754714261], [-117.21151175856093, 32.69239998707929], [-117.21150277540808, 32.69239998707929], [-117.21150277540808, 32.69240754714261], [-117.21151175856093, 32.69240754714261]]}, "properties": {"confidence": "high"}}, {"type": "Feature", "geometry": {"type": "LineString", "coordinates": [[-117.20795443003578, 32.69240754714261], [-117.20795443003578, 32.69239998707929], [-117.20794544688295, 32.69239998707929], [-117.20794544688295, 32.69240754714261], [-117.20795443003578, 32.69240754714261]]}, "properties": {"confidence": "high"}}, {"type": "Feature", "geometry": {"type": "LineString", "coordinates": [[-117.20778375013181, 32.69240754714261], [-117.20778375013181, 32.69239998707929], [-117.20774781752044, 32.69239998707929], [-117.20774781752044, 32.69240754714261], [-117.20778375013181, 32.69240754714261]]}, "properties": {"confidence": "high"}}, {"type": "Feature", "geometry": {"type": "LineString", "coordinates": [[-117.2076939186034, 32.69240754714261], [-117.2076939186034, 32.69239998707929], [-117.20768493545056, 32.69239998707929], [-117.20768493545056, 32.69240754714261], [-117.2076939186034, 32.69240754714261]]}, "properties": {"confidence": "high"}}, {"type": "Feature", "geometry": {"type": "LineString", "coordinates": [[-117.207038148446, 32.69240754714261], [-117.207038148446, 32.69239998707929], [-117.20693035061191, 32.69239998707929], [-117.20693035061191, 32.69240754714261], [-117.207038148446, 32.69240754714261]]}, "properties": {"confidence": "high"}}, {"type": "Feature", "geometry": {"type": "LineString", "coordinates": [[-117.20687645169484, 32.69240754714261], [-117.20687645169484, 32.69239998707929], [-117.206867468542, 32.69239998707929], [-117.206867468542, 32.69240754714261], [-117.20687645169484, 32.69240754714261]]}, "properties": {"confidence": "high"}}, {"type": "Feature", "geometry": {"type": "LineString", "coordinates": [[-117.21429653594168, 32.692415107205285], [-117.21429653594168, 32.69239242701533], [-117.21428755278885, 32.69239242701533], [-117.21428755278885, 32.692415107205285], [-117.21429653594168, 32.692415107205285]]}, "properties": {"confidence": "high"}}, {"type": "Feature", "geometry": {"type": "LineString", "coordinates": [[-117.20794544688295, 32.69239998707929], [-117.20794544688295, 32.69239242701533], [-117.2079364637301, 32.69239242701533], [-117.2079364637301, 32.69239998707929], [-117.20794544688295, 32.69239998707929]]}, "properties": {"confidence": "high"}}, {"type": "Feature", "geometry": {"type": "LineString", "coordinates": [[-117.20781069959034, 32.69239998707929], [-117.20781069959034, 32.69239242701533], [-117.20778375013181, 32.69239242701533], [-117.20778375013181, 32.69239998707929], [-117.20781069959034, 32.69239998707929]]}, "properties": {"confidence": "high"}}, {"type": "Feature", "geometry": {"type": "LineString", "coordinates": [[-117.20768493545056, 32.69239998707929], [-117.20768493545056, 32.69239242701533], [-117.20767595229772, 32.69239242701533], [-117.20767595229772, 32.69239998707929], [-117.20768493545056, 32.69239998707929]]}, "properties": {"confidence": "high"}}, {"type": "Feature", "geometry": {"type": "LineString", "coordinates": [[-117.20693035061191, 32.69239998707929], [-117.20693035061191, 32.69239242701533], [-117.20687645169484, 32.69239242701533], [-117.20687645169484, 32.69239998707929], [-117.20693035061191, 32.69239998707929]]}, "properties": {"confidence": "high"}}, {"type": "Feature", "geometry": {"type": "LineString", "coordinates": [[-117.206867468542, 32.69239998707929], [-117.206867468542, 32.69239242701533], [-117.20681356962496, 32.69239242701533], [-117.20681356962496, 32.69239998707929], [-117.206867468542, 32.69239998707929]]}, "properties": {"confidence": "high"}}, {"type": "Feature", "geometry": {"type": "LineString", "coordinates": [[-117.20767595229772, 32.69239242701533], [-117.20767595229772, 32.692384866950725], [-117.20762205338067, 32.692384866950725], [-117.20762205338067, 32.69239242701533], [-117.20767595229772, 32.69239242701533]]}, "properties": {"confidence": "high"}}, {"type": "Feature", "geometry": {"type": "LineString", "coordinates": [[-117.20681356962496, 32.69239242701533], [-117.20681356962496, 32.692384866950725], [-117.20678662016644, 32.692384866950725], [-117.20678662016644, 32.69239242701533], [-117.20681356962496, 32.69239242701533]]}, "properties": {"confidence": "high"}}, {"type": "Feature", "geometry": {"type": "LineString", "coordinates": [[-117.2079364637301, 32.69239242701533], [-117.2079364637301, 32.69237730688549], [-117.20792748057727, 32.69237730688549], [-117.20792748057727, 32.692384866950725], [-117.20781069959034, 32.692384866950725], [-117.20781069959034, 32.69239242701533], [-117.2079364637301, 32.69239242701533]]}, "properties": {"confidence": "high"}}, {"type": "Feature", "geometry": {"type": "LineString", "coordinates": [[-117.20762205338067, 32.692384866950725], [-117.20762205338067, 32.69237730688549], [-117.20759510392215, 32.69237730688549], [-117.20759510392215, 32.692384866950725], [-117.20762205338067, 32.692384866950725]]}, "properties": {"confidence": "high"}}, {"type": "Feature", "geometry": {"type": "LineString", "coordinates": [[-117.20678662016644, 32.692384866950725], [-117.20678662016644, 32.69237730688549], [-117.20672373809654, 32.69237730688549], [-117.20672373809654, 32.692384866950725], [-117.20678662016644, 32.692384866950725]]}, "properties": {"confidence": "high"}}, {"type": "Feature", "geometry": {"type": "LineString", "coordinates": [[-117.20759510392215, 32.69237730688549], [-117.20759510392215, 32.6923697468196], [-117.20756815446363, 32.6923697468196], [-117.20756815446363, 32.69237730688549], [-117.20759510392215, 32.69237730688549]]}, "properties": {"confidence": "high"}}, {"type": "Feature", "geometry": {"type": "LineString", "coordinates": [[-117.20672373809654, 32.69237730688549], [-117.20672373809654, 32.6923697468196], [-117.20665187287382, 32.6923697468196], [-117.20665187287382, 32.69237730688549], [-117.20672373809654, 32.69237730688549]]}, "properties": {"confidence": "high"}}, {"type": "Feature", "geometry": {"type": "LineString", "coordinates": [[-117.21430551909452, 32.69239242701533], [-117.21430551909452, 32.69236218675308], [-117.21429653594168, 32.69236218675308], [-117.21429653594168, 32.69239242701533], [-117.21430551909452, 32.69239242701533]]}, "properties": {"confidence": "high"}}, {"type": "Feature", "geometry": {"type": "LineString", "coordinates": [[-117.20756815446363, 32.6923697468196], [-117.20756815446363, 32.69236218675308], [-117.20752323869942, 32.69236218675308], [-117.20752323869942, 32.6923697468196], [-117.20756815446363, 32.6923697468196]]}, "properties": {"confidence": "high"}}, {"type": "Feature", "geometry": {"type": "LineString", "coordinates": [[-117.20665187287382, 32.6923697468196], [-117.20665187287382, 32.69236218675308], [-117.20663390656814, 32.69236218675308], [-117.20663390656814, 32.6923697468196], [-117.20665187287382, 32.6923697468196]]}, "properties": {"confidence": "high"}}, {"type": "Feature", "geometry": {"type": "LineString", "coordinates": [[-117.20752323869942, 32.69236218675308], [-117.20752323869942, 32.69235462668592], [-117.20747832293522, 32.69235462668592], [-117.20747832293522, 32.69236218675308], [-117.20752323869942, 32.69236218675308]]}, "properties": {"confidence": "high"}}, {"type": "Feature", "geometry": {"type": "LineString", "coordinates": [[-117.20663390656814, 32.69236218675308], [-117.20663390656814, 32.69235462668592], [-117.20661594026245, 32.69235462668592], [-117.20661594026245, 32.69236218675308], [-117.20663390656814, 32.69236218675308]]}, "properties": {"confidence": "high"}}, {"type": "Feature", "geometry": {"type": "LineString", "coordinates": [[-117.20747832293522, 32.69235462668592], [-117.20747832293522, 32.69234706661812], [-117.20743340717101, 32.69234706661812], [-117.20743340717101, 32.69235462668592], [-117.20747832293522, 32.69235462668592]]}, "properties": {"confidence": "high"}}, {"type": "Feature", "geometry": {"type": "LineString", "coordinates": [[-117.20661594026245, 32.69235462668592], [-117.20661594026245, 32.69234706661812], [-117.20658899080394, 32.69234706661812], [-117.20658899080394, 32.69235462668592], [-117.20661594026245, 32.69235462668592]]}, "properties": {"confidence": "high"}}, {"type": "Feature", "geometry": {"type": "LineString", "coordinates": [[-117.20743340717101, 32.69234706661812], [-117.20743340717101, 32.69233950654968], [-117.2074064577125, 32.69233950654968], [-117.2074064577125, 32.69234706661812], [-117.20743340717101, 32.69234706661812]]}, "properties": {"confidence": "high"}}, {"type": "Feature", "geometry": {"type": "LineString", "coordinates": [[-117.20658899080394, 32.69234706661812], [-117.20658899080394, 32.69233950654968], [-117.20655305819257, 32.69233950654968], [-117.20655305819257, 32.69234706661812], [-117.20658899080394, 32.69234706661812]]}, "properties": {"confidence": "high"}}, {"type": "Feature", "geometry": {"type": "LineString", "coordinates": [[-117.21431450224736, 32.69236218675308], [-117.21431450224736, 32.69233194648059], [-117.21430551909452, 32.69233194648059], [-117.21430551909452, 32.69236218675308], [-117.21431450224736, 32.69236218675308]]}, "properties": {"confidence": "high"}}, {"type": "Feature", "geometry": {"type": "LineString", "coordinates": [[-117.2074064577125, 32.69233950654968], [-117.2074064577125, 32.69233194648059], [-117.20737052510113, 32.69233194648059], [-117.20737052510113, 32.69233950654968], [-117.2074064577125, 32.69233950654968]]}, "properties": {"confidence": "high"}}, {"type": "Feature", "geometry": {"type": "LineString", "coordinates": [[-117.20655305819257, 32.69233950654968], [-117.20655305819257, 32.69233194648059], [-117.20652610873404, 32.69233194648059], [-117.20652610873404, 32.69233950654968], [-117.20655305819257, 32.69233950654968]]}, "properties": {"confidence": "high"}}, {"type": "Feature", "geometry": {"type": "LineString", "coordinates": [[-117.20737052510113, 32.69233194648059], [-117.20737052510113, 32.692324386410874], [-117.2073435756426, 32.692324386410874], [-117.2073435756426, 32.69233194648059], [-117.20737052510113, 32.69233194648059]]}, "properties": {"confidence": "high"}}, {"type": "Feature", "geometry": {"type": "LineString", "coordinates": [[-117.20652610873404, 32.69233194648059], [-117.20652610873404, 32.692324386410874], [-117.20648119296985, 32.692324386410874], [-117.20648119296985, 32.69233194648059], [-117.20652610873404, 32.69233194648059]]}, "properties": {"confidence": "high"}}, {"type": "Feature", "geometry": {"type": "LineString", "coordinates": [[-117.2073435756426, 32.692324386410874], [-117.2073435756426, 32.69231682634051], [-117.20728967672555, 32.69231682634051], [-117.20728967672555, 32.692324386410874], [-117.2073435756426, 32.692324386410874]]}, "properties": {"confidence": "high"}}, {"type": "Feature", "geometry": {"type": "LineString", "coordinates": [[-117.20648119296985, 32.692324386410874], [-117.20648119296985, 32.69231682634051], [-117.20641831089995, 32.69231682634051], [-117.20641831089995, 32.692324386410874], [-117.20648119296985, 32.692324386410874]]}, "properties": {"confidence": "high"}}, {"type": "Feature", "geometry": {"type": "LineString", "coordinates": [[-117.20728967672555, 32.69231682634051], [-117.20728967672555, 32.69230926626951], [-117.20722679465567, 32.69230926626951], [-117.20722679465567, 32.69231682634051], [-117.20728967672555, 32.69231682634051]]}, "properties": {"confidence": "high"}}, {"type": "Feature", "geometry": {"type": "LineString", "coordinates": [[-117.20641831089995, 32.69231682634051], [-117.20641831089995, 32.69230926626951], [-117.20637339513574, 32.69230926626951], [-117.20637339513574, 32.69231682634051], [-117.20641831089995, 32.69231682634051]]}, "properties": {"confidence": "high"}}, {"type": "Feature", "geometry": {"type": "LineString", "coordinates": [[-117.20722679465567, 32.69230926626951], [-117.20722679465567, 32.69230170619787], [-117.20719984519715, 32.69230170619787], [-117.20719984519715, 32.69230926626951], [-117.20722679465567, 32.69230926626951]]}, "properties": {"confidence": "high"}}, {"type": "Feature", "geometry": {"type": "LineString", "coordinates": [[-117.20637339513574, 32.69230926626951], [-117.20637339513574, 32.69230170619787], [-117.20632847937155, 32.69230170619787], [-117.20632847937155, 32.69230926626951], [-117.20637339513574, 32.69230926626951]]}, "properties": {"confidence": "high"}}, {"type": "Feature", "geometry": {"type": "LineString", "coordinates": [[-117.20715492943295, 32.69230926626951], [-117.20715492943295, 32.69230170619787], [-117.20719984519715, 32.69230170619787], [-117.20719984519715, 32.69229414612558], [-117.2071459462801, 32.69229414612558], [-117.2071459462801, 32.69230926626951], [-117.20715492943295, 32.69230926626951]]}, "properties": {"confidence": "high"}}, {"type": "Feature", "geometry": {"type": "LineString", "coordinates": [[-117.20632847937155, 32.69230170619787], [-117.20632847937155, 32.69229414612558], [-117.20626559730165, 32.69229414612558], [-117.20626559730165, 32.69230170619787], [-117.20632847937155, 32.69230170619787]]}, "properties": {"confidence": "high"}}, {"type": "Feature", "geometry": {"type": "LineString", "coordinates": [[-117.2143234854002, 32.69233194648059], [-117.2143234854002, 32.69228658605265], [-117.21431450224736, 32.69228658605265], [-117.21431450224736, 32.69233194648059], [-117.2143234854002, 32.69233194648059]]}, "properties": {"confidence": "high"}}, {"type": "Feature", "geometry": {"type": "LineString", "coordinates": [[-117.20626559730165, 32.69229414612558], [-117.20626559730165, 32.69228658605265], [-117.2062296646903, 32.69228658605265], [-117.2062296646903, 32.69229414612558], [-117.20626559730165, 32.69229414612558]]}, "properties": {"confidence": "high"}}, {"type": "Feature", "geometry": {"type": "LineString", "coordinates": [[-117.2062296646903, 32.69228658605265], [-117.2062296646903, 32.69227902597909], [-117.2061667826204, 32.69227902597909], [-117.2061667826204, 32.69228658605265], [-117.2062296646903, 32.69228658605265]]}, "properties": {"confidence": "high"}}, {"type": "Feature", "geometry": {"type": "LineString", "coordinates": [[-117.2061667826204, 32.69227902597909], [-117.2061667826204, 32.69227146590489], [-117.20613085000905, 32.69227146590489], [-117.20613085000905, 32.69227902597909], [-117.2061667826204, 32.69227902597909]]}, "properties": {"confidence": "high"}}, {"type": "Feature", "geometry": {"type": "LineString", "coordinates": [[-117.20613085000905, 32.69227146590489], [-117.20613085000905, 32.69226390583004], [-117.20609491739768, 32.69226390583004], [-117.20609491739768, 32.69227146590489], [-117.20613085000905, 32.69227146590489]]}, "properties": {"confidence": "high"}}, {"type": "Feature", "geometry": {"type": "LineString", "coordinates": [[-117.21433246855305, 32.69228658605265], [-117.21433246855305, 32.69225634575455], [-117.2143234854002, 32.69225634575455], [-117.2143234854002, 32.69228658605265], [-117.21433246855305, 32.69228658605265]]}, "properties": {"confidence": "high"}}, {"type": "Feature", "geometry": {"type": "LineString", "coordinates": [[-117.20609491739768, 32.69226390583004], [-117.20609491739768, 32.69225634575455], [-117.20605000163347, 32.69225634575455], [-117.20605000163347, 32.69226390583004], [-117.20609491739768, 32.69226390583004]]}, "properties": {"confidence": "high"}}, {"type": "Feature", "geometry": {"type": "LineString", "coordinates": [[-117.20605000163347, 32.69225634575455], [-117.20605000163347, 32.69224878567842], [-117.2060140690221, 32.69224878567842], [-117.2060140690221, 32.69225634575455], [-117.20605000163347, 32.69225634575455]]}, "properties": {"confidence": "high"}}, {"type": "Feature", "geometry": {"type": "LineString", "coordinates": [[-117.2060140690221, 32.69224878567842], [-117.2060140690221, 32.69224122560166], [-117.20596915325791, 32.69224122560166], [-117.20596915325791, 32.69224878567842], [-117.2060140690221, 32.69224878567842]]}, "properties": {"confidence": "high"}}, {"type": "Feature", "geometry": {"type": "LineString", "coordinates": [[-117.20596915325791, 32.69224122560166], [-117.20596915325791, 32.692233665524256], [-117.20593322064654, 32.692233665524256], [-117.20593322064654, 32.69224122560166], [-117.20596915325791, 32.69224122560166]]}, "properties": {"confidence": "high"}}, {"type": "Feature", "geometry": {"type": "LineString", "coordinates": [[-117.21434145170589, 32.69225634575455], [-117.21434145170589, 32.69222610544622], [-117.21433246855305, 32.69222610544622], [-117.21433246855305, 32.69225634575455], [-117.21434145170589, 32.69225634575455]]}, "properties": {"confidence": "high"}}, {"type": "Feature", "geometry": {"type": "LineString", "coordinates": [[-117.20593322064654, 32.692233665524256], [-117.20593322064654, 32.69222610544622], [-117.20589728803517, 32.69222610544622], [-117.20589728803517, 32.692233665524256], [-117.20593322064654, 32.692233665524256]]}, "properties": {"confidence": "high"}}, {"type": "Feature", "geometry": {"type": "LineString", "coordinates": [[-117.20589728803517, 32.69222610544622], [-117.20589728803517, 32.692218545367524], [-117.20585237227097, 32.692218545367524], [-117.20585237227097, 32.69222610544622], [-117.20589728803517, 32.69222610544622]]}, "properties": {"confidence": "high"}}, {"type": "Feature", "geometry": {"type": "LineString", "coordinates": [[-117.20585237227097, 32.692218545367524], [-117.20585237227097, 32.6922109852882], [-117.20581643965961, 32.6922109852882], [-117.20581643965961, 32.692218545367524], [-117.20585237227097, 32.692218545367524]]}, "properties": {"confidence": "high"}}, {"type": "Feature", "geometry": {"type": "LineString", "coordinates": [[-117.21435043485873, 32.69222610544622], [-117.21435043485873, 32.692203425208234], [-117.21434145170589, 32.692203425208234], [-117.21434145170589, 32.69222610544622], [-117.21435043485873, 32.69222610544622]]}, "properties": {"confidence": "high"}}, {"type": "Feature", "geometry": {"type": "LineString", "coordinates": [[-117.20581643965961, 32.6922109852882], [-117.20581643965961, 32.692203425208234], [-117.20578949020108, 32.692203425208234], [-117.20578949020108, 32.6922109852882], [-117.20581643965961, 32.6922109852882]]}, "properties": {"confidence": "high"}}, {"type": "Feature", "geometry": {"type": "LineString", "coordinates": [[-117.20578949020108, 32.692203425208234], [-117.20578949020108, 32.69219586512763], [-117.20576254074254, 32.69219586512763], [-117.20576254074254, 32.692203425208234], [-117.20578949020108, 32.692203425208234]]}, "properties": {"confidence": "high"}}, {"type": "Feature", "geometry": {"type": "LineString", "coordinates": [[-117.20576254074254, 32.69219586512763], [-117.20576254074254, 32.692188305046386], [-117.20571762497833, 32.692188305046386], [-117.20571762497833, 32.69219586512763], [-117.20576254074254, 32.69219586512763]]}, "properties": {"confidence": "high"}}, {"type": "Feature", "geometry": {"type": "LineString", "coordinates": [[-117.20571762497833, 32.692188305046386], [-117.20571762497833, 32.692180744964496], [-117.20567270921413, 32.692180744964496], [-117.20567270921413, 32.692188305046386], [-117.20571762497833, 32.692188305046386]]}, "properties": {"confidence": "high"}}, {"type": "Feature", "geometry": {"type": "LineString", "coordinates": [[-117.21435941801157, 32.692203425208234], [-117.21435941801157, 32.692173184881966], [-117.21435043485873, 32.692173184881966], [-117.21435043485873, 32.692203425208234], [-117.21435941801157, 32.692203425208234]]}, "properties": {"confidence": "high"}}, {"type": "Feature", "geometry": {"type": "LineString", "coordinates": [[-117.20567270921413, 32.692180744964496], [-117.20567270921413, 32.692173184881966], [-117.20563677660276, 32.692173184881966], [-117.20563677660276, 32.692180744964496], [-117.20567270921413, 32.692180744964496]]}, "properties": {"confidence": "high"}}, {"type": "Feature", "geometry": {"type": "LineString", "coordinates": [[-117.20563677660276, 32.692173184881966], [-117.20563677660276, 32.6921656247988], [-117.20560982714424, 32.6921656247988], [-117.20560982714424, 32.692173184881966], [-117.20563677660276, 32.692173184881966]]}, "properties": {"confidence": "high"}}, {"type": "Feature", "geometry": {"type": "LineString", "coordinates": [[-117.20560982714424, 32.6921656247988], [-117.20560982714424, 32.69215050463055], [-117.20560084399139, 32.69215050463055], [-117.20560084399139, 32.6921656247988], [-117.20560982714424, 32.6921656247988]]}, "properties": {"confidence": "high"}}, {"type": "Feature", "geometry": {"type": "LineString", "coordinates": [[-117.2143684011644, 32.692173184881966], [-117.2143684011644, 32.69214294454545], [-117.21435941801157, 32.69214294454545], [-117.21435941801157, 32.692173184881966], [-117.2143684011644, 32.692173184881966]]}, "properties": {"confidence": "high"}}, {"type": "Feature", "geometry": {"type": "LineString", "coordinates": [[-117.20560084399139, 32.69215050463055], [-117.20560084399139, 32.692135384459725], [-117.20559186083855, 32.692135384459725], [-117.20559186083855, 32.69215050463055], [-117.20560084399139, 32.69215050463055]]}, "properties": {"confidence": "high"}}, {"type": "Feature", "geometry": {"type": "LineString", "coordinates": [[-117.20559186083855, 32.692135384459725], [-117.20559186083855, 32.692112704198706], [-117.20558287768571, 32.692112704198706], [-117.20558287768571, 32.692135384459725], [-117.20559186083855, 32.692135384459725]]}, "properties": {"confidence": "high"}}, {"type": "Feature", "geometry": {"type": "LineString", "coordinates": [[-117.21437738431725, 32.69214294454545], [-117.21437738431725, 32.692105144110414], [-117.2143684011644, 32.692105144110414], [-117.2143684011644, 32.69214294454545], [-117.21437738431725, 32.69214294454545]]}, "properties": {"confidence": "high"}}, {"type": "Feature", "geometry": {"type": "LineString", "coordinates": [[-117.20558287768571, 32.692112704198706], [-117.20558287768571, 32.69209758402148], [-117.20557389453288, 32.69209758402148], [-117.20557389453288, 32.692112704198706], [-117.20558287768571, 32.692112704198706]]}, "properties": {"confidence": "high"}}, {"type": "Feature", "geometry": {"type": "LineString", "coordinates": [[-117.20557389453288, 32.69209758402148], [-117.20557389453288, 32.69209002393192], [-117.20556491138004, 32.69209002393192], [-117.20556491138004, 32.69209758402148], [-117.20557389453288, 32.69209758402148]]}, "properties": {"confidence": "high"}}, {"type": "Feature", "geometry": {"type": "LineString", "coordinates": [[-117.2143863674701, 32.692105144110414], [-117.2143863674701, 32.69208246384171], [-117.21437738431725, 32.69208246384171], [-117.21437738431725, 32.692105144110414], [-117.2143863674701, 32.692105144110414]]}, "properties": {"confidence": "high"}}, {"type": "Feature", "geometry": {"type": "LineString", "coordinates": [[-117.20556491138004, 32.69209002393192], [-117.20556491138004, 32.69208246384171], [-117.2055559282272, 32.69208246384171], [-117.2055559282272, 32.69209002393192], [-117.20556491138004, 32.69209002393192]]}, "properties": {"confidence": "high"}}, {"type": "Feature", "geometry": {"type": "LineString", "coordinates": [[-117.2055559282272, 32.69208246384171], [-117.2055559282272, 32.69207490375086], [-117.20554694507435, 32.69207490375086], [-117.20554694507435, 32.69208246384171], [-117.2055559282272, 32.69208246384171]]}, "properties": {"confidence": "high"}}, {"type": "Feature", "geometry": {"type": "LineString", "coordinates": [[-117.21439535062294, 32.69208246384171], [-117.21439535062294, 32.69205222347447], [-117.2143863674701, 32.69205222347447], [-117.2143863674701, 32.69208246384171], [-117.21439535062294, 32.69208246384171]]}, "properties": {"confidence": "high"}}, {"type": "Feature", "geometry": {"type": "LineString", "coordinates": [[-117.21440433377578, 32.69205222347447], [-117.21440433377578, 32.69202954319231], [-117.21439535062294, 32.69202954319231], [-117.21439535062294, 32.69205222347447], [-117.21440433377578, 32.69205222347447]]}, "properties": {"confidence": "high"}}, {"type": "Feature", "geometry": {"type": "LineString", "coordinates": [[-117.21441331692861, 32.69202954319231], [-117.21441331692861, 32.69199930280715], [-117.21440433377578, 32.69199930280715], [-117.21440433377578, 32.69202954319231], [-117.21441331692861, 32.69202954319231]]}, "properties": {"confidence": "high"}}, {"type": "Feature", "geometry": {"type": "LineString", "coordinates": [[-117.21442230008145, 32.69199930280715], [-117.21442230008145, 32.69196906241174], [-117.21441331692861, 32.69196906241174], [-117.21441331692861, 32.69199930280715], [-117.21442230008145, 32.69199930280715]]}, "properties": {"confidence": "high"}}, {"type": "Feature", "geometry": {"type": "LineString", "coordinates": [[-117.2144312832343, 32.69196906241174], [-117.2144312832343, 32.69194638210845], [-117.21442230008145, 32.69194638210845], [-117.21442230008145, 32.69196906241174], [-117.2144312832343, 32.69196906241174]]}, "properties": {"confidence": "high"}}, {"type": "Feature", "geometry": {"type": "LineString", "coordinates": [[-117.21444026638714, 32.69194638210845], [-117.21444026638714, 32.69191614169511], [-117.2144312832343, 32.69191614169511], [-117.2144312832343, 32.69194638210845], [-117.21444026638714, 32.69194638210845]]}, "properties": {"confidence": "high"}}, {"type": "Feature", "geometry": {"type": "LineString", "coordinates": [[-117.21444924953998, 32.69191614169511], [-117.21444924953998, 32.69188590127153], [-117.21444026638714, 32.69188590127153], [-117.21444026638714, 32.69191614169511], [-117.21444924953998, 32.69191614169511]]}, "properties": {"confidence": "high"}}, {"type": "Feature", "geometry": {"type": "LineString", "coordinates": [[-117.21445823269282, 32.69188590127153], [-117.21445823269282, 32.69185566083771], [-117.21444924953998, 32.69185566083771], [-117.21444924953998, 32.69188590127153], [-117.21445823269282, 32.69188590127153]]}, "properties": {"confidence": "high"}}, {"type": "Feature", "geometry": {"type": "LineString", "coordinates": [[-117.21446721584566, 32.69185566083771], [-117.21446721584566, 32.69183298050562], [-117.21445823269282, 32.69183298050562], [-117.21445823269282, 32.69185566083771], [-117.21446721584566, 32.69185566083771]]}, "properties": {"confidence": "high"}}, {"type": "Feature", "geometry": {"type": "LineString", "coordinates": [[-117.2144761989985, 32.69183298050562], [-117.2144761989985, 32.691810300167774], [-117.21446721584566, 32.691810300167774], [-117.21446721584566, 32.69183298050562], [-117.2144761989985, 32.69183298050562]]}, "properties": {"confidence": "high"}}, {"type": "Feature", "geometry": {"type": "LineString", "coordinates": [[-117.21448518215135, 32.691810300167774], [-117.21448518215135, 32.69180274005387], [-117.2144761989985, 32.69180274005387], [-117.2144761989985, 32.691810300167774], [-117.21448518215135, 32.691810300167774]]}, "properties": {"confidence": "high"}}, {"type": "Feature", "geometry": {"type": "LineString", "coordinates": [[-117.21450314845703, 32.69180274005387], [-117.21450314845703, 32.691795179939334], [-117.21448518215135, 32.691795179939334], [-117.21448518215135, 32.69180274005387], [-117.21450314845703, 32.69180274005387]]}, "properties": {"confidence": "high"}}, {"type": "Feature", "geometry": {"type": "LineString", "coordinates": [[-117.21451213160987, 32.691795179939334], [-117.21451213160987, 32.691787619824154], [-117.21450314845703, 32.691787619824154], [-117.21450314845703, 32.691795179939334], [-117.21451213160987, 32.691795179939334]]}, "properties": {"confidence": "high"}}, {"type": "Feature", "geometry": {"type": "LineString", "coordinates": [[-117.2145211147627, 32.691787619824154], [-117.2145211147627, 32.691780059708336], [-117.21451213160987, 32.691780059708336], [-117.21451213160987, 32.691787619824154], [-117.2145211147627, 32.691787619824154]]}, "properties": {"confidence": "high"}}, {"type": "Feature", "geometry": {"type": "LineString", "coordinates": [[-117.2145390810684, 32.691780059708336], [-117.2145390810684, 32.69177249959188], [-117.2145211147627, 32.69177249959188], [-117.2145211147627, 32.691780059708336], [-117.2145390810684, 32.691780059708336]]}, "properties": {"confidence": "high"}}, {"type": "Feature", "geometry": {"type": "LineString", "coordinates": [[-117.21455704737407, 32.69177249959188], [-117.21455704737407, 32.691757379357036], [-117.21454806422123, 32.691757379357036], [-117.21454806422123, 32.69176493947478], [-117.2145390810684, 32.69176493947478], [-117.2145390810684, 32.69177249959188], [-117.21455704737407, 32.69177249959188]]}, "properties": {"confidence": "high"}}, {"type": "Feature", "geometry": {"type": "LineString", "coordinates": [[-117.21456603052691, 32.691757379357036], [-117.21456603052691, 32.691742259119636], [-117.21455704737407, 32.691742259119636], [-117.21455704737407, 32.691757379357036], [-117.21456603052691, 32.691757379357036]]}, "properties": {"confidence": "high"}}, {"type": "Feature", "geometry": {"type": "LineString", "coordinates": [[-117.21457501367975, 32.691742259119636], [-117.21457501367975, 32.69173469899998], [-117.21456603052691, 32.69173469899998], [-117.21456603052691, 32.691742259119636], [-117.21457501367975, 32.691742259119636]]}, "properties": {"confidence": "high"}}, {"type": "Feature", "geometry": {"type": "LineString", "coordinates": [[-117.2145839968326, 32.69173469899998], [-117.2145839968326, 32.69166665789424], [-117.21457501367975, 32.69166665789424], [-117.21457501367975, 32.69173469899998], [-117.2145839968326, 32.69173469899998]]}, "properties": {"confidence": "high"}}, {"type": "Feature", "geometry": {"type": "LineString", "coordinates": [[-117.21459297998544, 32.69166665789424], [-117.21459297998544, 32.691606176867815], [-117.2145839968326, 32.691606176867815], [-117.2145839968326, 32.69166665789424], [-117.21459297998544, 32.69166665789424]]}, "properties": {"confidence": "high"}}, {"type": "Feature", "geometry": {"type": "LineString", "coordinates": [[-117.21460196313828, 32.691606176867815], [-117.21460196313828, 32.69154569580042], [-117.21459297998544, 32.69154569580042], [-117.21459297998544, 32.691606176867815], [-117.21460196313828, 32.691606176867815]]}, "properties": {"confidence": "high"}}, {"type": "Feature", "geometry": {"type": "LineString", "coordinates": [[-117.21461094629112, 32.69154569580042], [-117.21461094629112, 32.69148521469205], [-117.21460196313828, 32.69148521469205], [-117.21460196313828, 32.69154569580042], [-117.21461094629112, 32.69154569580042]]}, "properties": {"confidence": "high"}}, {"type": "Feature", "geometry": {"type": "LineString", "coordinates": [[-117.21461992944396, 32.69148521469205], [-117.21461992944396, 32.69143229368863], [-117.21461094629112, 32.69143229368863], [-117.21461094629112, 32.69148521469205], [-117.21461992944396, 32.69148521469205]]}, "properties": {"confidence": "high"}}, {"type": "Feature", "geometry": {"type": "LineString", "coordinates": [[-117.2146289125968, 32.69143229368863], [-117.2146289125968, 32.69137937265382], [-117.21461992944396, 32.69137937265382], [-117.21461992944396, 32.69143229368863], [-117.2146289125968, 32.69143229368863]]}, "properties": {"confidence": "high"}}, {"type": "Feature", "geometry": {"type": "LineString", "coordinates": [[-117.21463789574965, 32.69137937265382], [-117.21463789574965, 32.69131889143278], [-117.2146289125968, 32.69131889143278], [-117.2146289125968, 32.69137937265382], [-117.21463789574965, 32.69137937265382]]}, "properties": {"confidence": "high"}}, {"type": "Feature", "geometry": {"type": "LineString", "coordinates": [[-117.2135599174087, 32.69132645158765], [-117.2135599174087, 32.69131889143278], [-117.21352398479733, 32.69131889143278], [-117.21352398479733, 32.69132645158765], [-117.2135599174087, 32.69132645158765]]}, "properties": {"confidence": "high"}}, {"type": "Feature", "geometry": {"type": "LineString", "coordinates": [[-117.21352398479733, 32.69131889143278], [-117.21352398479733, 32.69131133127726], [-117.2134970353388, 32.69131133127726], [-117.2134970353388, 32.69131889143278], [-117.21352398479733, 32.69131889143278]]}, "properties": {"confidence": "high"}}, {"type": "Feature", "geometry": {"type": "LineString", "coordinates": [[-117.2134970353388, 32.69131133127726], [-117.2134970353388, 32.691303771121106], [-117.21348805218597, 32.691303771121106], [-117.21348805218597, 32.69131133127726], [-117.2134970353388, 32.69131133127726]]}, "properties": {"confidence": "high"}}, {"type": "Feature", "geometry": {"type": "LineString", "coordinates": [[-117.21348805218597, 32.691303771121106], [-117.21348805218597, 32.69129621096432], [-117.21347906903313, 32.69129621096432], [-117.21347906903313, 32.691303771121106], [-117.21348805218597, 32.691303771121106]]}, "properties": {"confidence": "high"}}, {"type": "Feature", "geometry": {"type": "LineString", "coordinates": [[-117.21347906903313, 32.69129621096432], [-117.21347906903313, 32.69128865080689], [-117.21347008588029, 32.69128865080689], [-117.21347008588029, 32.69129621096432], [-117.21347906903313, 32.69129621096432]]}, "properties": {"confidence": "high"}}, {"type": "Feature", "geometry": {"type": "LineString", "coordinates": [[-117.21347008588029, 32.69128865080689], [-117.21347008588029, 32.6912735304901], [-117.21346110272745, 32.6912735304901], [-117.21346110272745, 32.69128865080689], [-117.21347008588029, 32.69128865080689]]}, "properties": {"confidence": "high"}}, {"type": "Feature", "geometry": {"type": "LineString", "coordinates": [[-117.21464687890249, 32.69131889143278], [-117.21464687890249, 32.69125841017076], [-117.21463789574965, 32.69125841017076], [-117.21463789574965, 32.69131889143278], [-117.21464687890249, 32.69131889143278]]}, "properties": {"confidence": "high"}}, {"type": "Feature", "geometry": {"type": "LineString", "coordinates": [[-117.21346110272745, 32.6912735304901], [-117.21346110272745, 32.69125085001012], [-117.2134521195746, 32.69125085001012], [-117.2134521195746, 32.69125841017076], [-117.21344313642176, 32.69125841017076], [-117.21344313642176, 32.691265970330754], [-117.2134521195746, 32.691265970330754], [-117.2134521195746, 32.6912735304901], [-117.21346110272745, 32.6912735304901]]}, "properties": {"confidence": "high"}}, {"type": "Feature", "geometry": {"type": "LineString", "coordinates": [[-117.21344313642176, 32.69125841017076], [-117.21344313642176, 32.69125085001012], [-117.21335330489336, 32.69125085001012], [-117.21335330489336, 32.69125841017076], [-117.21344313642176, 32.69125841017076]]}, "properties": {"confidence": "high"}}, {"type": "Feature", "geometry": {"type": "LineString", "coordinates": [[-117.21335330489336, 32.69125085001012], [-117.21335330489336, 32.69124328984885], [-117.21333533858767, 32.69124328984885], [-117.21333533858767, 32.69125085001012], [-117.21335330489336, 32.69125085001012]]}, "properties": {"confidence": "high"}}, {"type": "Feature", "geometry": {"type": "LineString", "coordinates": [[-117.21347008588029, 32.69125085001012], [-117.21347008588029, 32.69123572968694], [-117.21346110272745, 32.69123572968694], [-117.21346110272745, 32.69125085001012], [-117.21347008588029, 32.69125085001012]]}, "properties": {"confidence": "high"}}, {"type": "Feature", "geometry": {"type": "LineString", "coordinates": [[-117.21333533858767, 32.69124328984885], [-117.21333533858767, 32.69123572968694], [-117.21332635543483, 32.69123572968694], [-117.21332635543483, 32.69124328984885], [-117.21333533858767, 32.69124328984885]]}, "properties": {"confidence": "high"}}, {"type": "Feature", "geometry": {"type": "LineString", "coordinates": [[-117.21332635543483, 32.69123572968694], [-117.21332635543483, 32.691228169524386], [-117.21331737228199, 32.691228169524386], [-117.21331737228199, 32.69123572968694], [-117.21332635543483, 32.69123572968694]]}, "properties": {"confidence": "high"}}, {"type": "Feature", "geometry": {"type": "LineString", "coordinates": [[-117.21347906903313, 32.69123572968694], [-117.21347906903313, 32.69122060936119], [-117.21347008588029, 32.69122060936119], [-117.21347008588029, 32.69123572968694], [-117.21347906903313, 32.69123572968694]]}, "properties": {"confidence": "high"}}, {"type": "Feature", "geometry": {"type": "LineString", "coordinates": [[-117.21331737228199, 32.691228169524386], [-117.21331737228199, 32.69122060936119], [-117.21330838912915, 32.69122060936119], [-117.21330838912915, 32.691228169524386], [-117.21331737228199, 32.691228169524386]]}, "properties": {"confidence": "high"}}, {"type": "Feature", "geometry": {"type": "LineString", "coordinates": [[-117.21330838912915, 32.69122060936119], [-117.21330838912915, 32.69121304919736], [-117.2132994059763, 32.69121304919736], [-117.2132994059763, 32.69122060936119], [-117.21330838912915, 32.69122060936119]]}, "properties": {"confidence": "high"}}, {"type": "Feature", "geometry": {"type": "LineString", "coordinates": [[-117.2132994059763, 32.69121304919736], [-117.2132994059763, 32.69120548903289], [-117.21328143967062, 32.69120548903289], [-117.21328143967062, 32.69121304919736], [-117.2132994059763, 32.69121304919736]]}, "properties": {"confidence": "high"}}, {"type": "Feature", "geometry": {"type": "LineString", "coordinates": [[-117.21465586205532, 32.69125841017076], [-117.21465586205532, 32.691197928867766], [-117.21464687890249, 32.691197928867766], [-117.21464687890249, 32.69125841017076], [-117.21465586205532, 32.69125841017076]]}, "properties": {"confidence": "high"}}, {"type": "Feature", "geometry": {"type": "LineString", "coordinates": [[-117.21328143967062, 32.69120548903289], [-117.21328143967062, 32.691197928867766], [-117.21327245651779, 32.691197928867766], [-117.21327245651779, 32.69120548903289], [-117.21328143967062, 32.69120548903289]]}, "properties": {"confidence": "high"}}, {"type": "Feature", "geometry": {"type": "LineString", "coordinates": [[-117.21348805218597, 32.69122060936119], [-117.21348805218597, 32.69119036870201], [-117.21347906903313, 32.69119036870201], [-117.21347906903313, 32.69122060936119], [-117.21348805218597, 32.69122060936119]]}, "properties": {"confidence": "high"}}, {"type": "Feature", "geometry": {"type": "LineString", "coordinates": [[-117.21327245651779, 32.691197928867766], [-117.21327245651779, 32.69119036870201], [-117.21326347336495, 32.69119036870201], [-117.21326347336495, 32.691197928867766], [-117.21327245651779, 32.691197928867766]]}, "properties": {"confidence": "high"}}, {"type": "Feature", "geometry": {"type": "LineString", "coordinates": [[-117.21326347336495, 32.69119036870201], [-117.21326347336495, 32.69118280853562], [-117.21325449021211, 32.69118280853562], [-117.21325449021211, 32.69119036870201], [-117.21326347336495, 32.69119036870201]]}, "properties": {"confidence": "high"}}, {"type": "Feature", "geometry": {"type": "LineString", "coordinates": [[-117.21325449021211, 32.69118280853562], [-117.21325449021211, 32.69117524836859], [-117.21323652390642, 32.69117524836859], [-117.21323652390642, 32.69118280853562], [-117.21325449021211, 32.69118280853562]]}, "properties": {"confidence": "high"}}, {"type": "Feature", "geometry": {"type": "LineString", "coordinates": [[-117.21323652390642, 32.69117524836859], [-117.21323652390642, 32.691167688200906], [-117.21322754075358, 32.691167688200906], [-117.21322754075358, 32.69117524836859], [-117.21323652390642, 32.69117524836859]]}, "properties": {"confidence": "high"}}, {"type": "Feature", "geometry": {"type": "LineString", "coordinates": [[-117.21322754075358, 32.691167688200906], [-117.21322754075358, 32.691160128032585], [-117.21321855760074, 32.691160128032585], [-117.21321855760074, 32.691167688200906], [-117.21322754075358, 32.691167688200906]]}, "properties": {"confidence": "high"}}, {"type": "Feature", "geometry": {"type": "LineString", "coordinates": [[-117.21321855760074, 32.691160128032585], [-117.21321855760074, 32.69115256786363], [-117.2132095744479, 32.69115256786363], [-117.2132095744479, 32.691160128032585], [-117.21321855760074, 32.691160128032585]]}, "properties": {"confidence": "high"}}, {"type": "Feature", "geometry": {"type": "LineString", "coordinates": [[-117.2134970353388, 32.69119036870201], [-117.2134970353388, 32.69114500769404], [-117.21348805218597, 32.69114500769404], [-117.21348805218597, 32.69119036870201], [-117.2134970353388, 32.69119036870201]]}, "properties": {"confidence": "high"}}, {"type": "Feature", "geometry": {"type": "LineString", "coordinates": [[-117.2132095744479, 32.69115256786363], [-117.2132095744479, 32.69114500769404], [-117.21320059129506, 32.69114500769404], [-117.21320059129506, 32.69115256786363], [-117.2132095744479, 32.69115256786363]]}, "properties": {"confidence": "high"}}, {"type": "Feature", "geometry": {"type": "LineString", "coordinates": [[-117.21466484520816, 32.691197928867766], [-117.21466484520816, 32.6911374475238], [-117.21465586205532, 32.6911374475238], [-117.21465586205532, 32.691197928867766], [-117.21466484520816, 32.691197928867766]]}, "properties": {"confidence": "high"}}, {"type": "Feature", "geometry": {"type": "LineString", "coordinates": [[-117.21320059129506, 32.69114500769404], [-117.21320059129506, 32.6911374475238], [-117.21319160814221, 32.6911374475238], [-117.21319160814221, 32.69114500769404], [-117.21320059129506, 32.69114500769404]]}, "properties": {"confidence": "high"}}, {"type": "Feature", "geometry": {"type": "LineString", "coordinates": [[-117.21319160814221, 32.6911374475238], [-117.21319160814221, 32.69112988735293], [-117.21317364183653, 32.69112988735293], [-117.21317364183653, 32.6911374475238], [-117.21319160814221, 32.6911374475238]]}, "properties": {"confidence": "high"}}, {"type": "Feature", "geometry": {"type": "LineString", "coordinates": [[-117.21317364183653, 32.69112988735293], [-117.21317364183653, 32.691122327181404], [-117.2131646586837, 32.691122327181404], [-117.2131646586837, 32.69112988735293], [-117.21317364183653, 32.69112988735293]]}, "properties": {"confidence": "high"}}, {"type": "Feature", "geometry": {"type": "LineString", "coordinates": [[-117.21350601849166, 32.69114500769404], [-117.21350601849166, 32.69111476700926], [-117.2134970353388, 32.69111476700926], [-117.2134970353388, 32.69114500769404], [-117.21350601849166, 32.69114500769404]]}, "properties": {"confidence": "high"}}, {"type": "Feature", "geometry": {"type": "LineString", "coordinates": [[-117.2131646586837, 32.691122327181404], [-117.2131646586837, 32.69111476700926], [-117.21315567553086, 32.69111476700926], [-117.21315567553086, 32.691122327181404], [-117.2131646586837, 32.691122327181404]]}, "properties": {"confidence": "high"}}, {"type": "Feature", "geometry": {"type": "LineString", "coordinates": [[-117.21315567553086, 32.69111476700926], [-117.21315567553086, 32.69110720683646], [-117.213146692378, 32.69110720683646], [-117.213146692378, 32.69111476700926], [-117.21315567553086, 32.69111476700926]]}, "properties": {"confidence": "high"}}, {"type": "Feature", "geometry": {"type": "LineString", "coordinates": [[-117.213146692378, 32.69110720683646], [-117.213146692378, 32.69109964666302], [-117.21313770922517, 32.69109964666302], [-117.21313770922517, 32.69110720683646], [-117.213146692378, 32.69110720683646]]}, "properties": {"confidence": "high"}}, {"type": "Feature", "geometry": {"type": "LineString", "coordinates": [[-117.2135150016445, 32.69111476700926], [-117.2135150016445, 32.69109208648894], [-117.21350601849166, 32.69109208648894], [-117.21350601849166, 32.69111476700926], [-117.2135150016445, 32.69111476700926]]}, "properties": {"confidence": "high"}}, {"type": "Feature", "geometry": {"type": "LineString", "coordinates": [[-117.21313770922517, 32.69109964666302], [-117.21313770922517, 32.69109208648894], [-117.21312872607233, 32.69109208648894], [-117.21312872607233, 32.69109964666302], [-117.21313770922517, 32.69109964666302]]}, "properties": {"confidence": "high"}}, {"type": "Feature", "geometry": {"type": "LineString", "coordinates": [[-117.21312872607233, 32.69109208648894], [-117.21312872607233, 32.69108452631423], [-117.21311974291949, 32.69108452631423], [-117.21311974291949, 32.69109208648894], [-117.21312872607233, 32.69109208648894]]}, "properties": {"confidence": "high"}}, {"type": "Feature", "geometry": {"type": "LineString", "coordinates": [[-117.214673828361, 32.6911374475238], [-117.214673828361, 32.691076966138866], [-117.21466484520816, 32.691076966138866], [-117.21466484520816, 32.6911374475238], [-117.214673828361, 32.6911374475238]]}, "properties": {"confidence": "high"}}, {"type": "Feature", "geometry": {"type": "LineString", "coordinates": [[-117.21311974291949, 32.69108452631423], [-117.21311974291949, 32.691076966138866], [-117.21311075976665, 32.691076966138866], [-117.21311075976665, 32.69108452631423], [-117.21311974291949, 32.69108452631423]]}, "properties": {"confidence": "high"}}, {"type": "Feature", "geometry": {"type": "LineString", "coordinates": [[-117.21311075976665, 32.691076966138866], [-117.21311075976665, 32.69106940596287], [-117.21310177661381, 32.69106940596287], [-117.21310177661381, 32.691076966138866], [-117.21311075976665, 32.691076966138866]]}, "properties": {"confidence": "high"}}, {"type": "Feature", "geometry": {"type": "LineString", "coordinates": [[-117.21352398479733, 32.69109208648894], [-117.21352398479733, 32.69106184578622], [-117.2135150016445, 32.69106184578622], [-117.2135150016445, 32.69109208648894], [-117.21352398479733, 32.69109208648894]]}, "properties": {"confidence": "high"}}, {"type": "Feature", "geometry": {"type": "LineString", "coordinates": [[-117.21310177661381, 32.69106940596287], [-117.21310177661381, 32.69106184578622], [-117.21308381030812, 32.69106184578622], [-117.21308381030812, 32.69106940596287], [-117.21310177661381, 32.69106940596287]]}, "properties": {"confidence": "high"}}, {"type": "Feature", "geometry": {"type": "LineString", "coordinates": [[-117.21308381030812, 32.69106184578622], [-117.21308381030812, 32.69105428560895], [-117.21307482715528, 32.69105428560895], [-117.21307482715528, 32.69106184578622], [-117.21308381030812, 32.69106184578622]]}, "properties": {"confidence": "high"}}, {"type": "Feature", "geometry": {"type": "LineString", "coordinates": [[-117.21307482715528, 32.69105428560895], [-117.21307482715528, 32.69104672543103], [-117.21306584400244, 32.69104672543103], [-117.21306584400244, 32.69105428560895], [-117.21307482715528, 32.69105428560895]]}, "properties": {"confidence": "high"}}, {"type": "Feature", "geometry": {"type": "LineString", "coordinates": [[-117.21353296795017, 32.69106184578622], [-117.21353296795017, 32.69103916525247], [-117.21352398479733, 32.69103916525247], [-117.21352398479733, 32.69106184578622], [-117.21353296795017, 32.69106184578622]]}, "properties": {"confidence": "high"}}, {"type": "Feature", "geometry": {"type": "LineString", "coordinates": [[-117.21306584400244, 32.69104672543103], [-117.21306584400244, 32.69103916525247], [-117.2130568608496, 32.69103916525247], [-117.2130568608496, 32.69104672543103], [-117.21306584400244, 32.69104672543103]]}, "properties": {"confidence": "high"}}, {"type": "Feature", "geometry": {"type": "LineString", "coordinates": [[-117.2130568608496, 32.69103916525247], [-117.2130568608496, 32.69103160507327], [-117.21304787769677, 32.69103160507327], [-117.21304787769677, 32.69103916525247], [-117.2130568608496, 32.69103916525247]]}, "properties": {"confidence": "high"}}, {"type": "Feature", "geometry": {"type": "LineString", "coordinates": [[-117.21304787769677, 32.69103160507327], [-117.21304787769677, 32.69102404489343], [-117.21303889454391, 32.69102404489343], [-117.21303889454391, 32.69103160507327], [-117.21304787769677, 32.69103160507327]]}, "properties": {"confidence": "high"}}, {"type": "Feature", "geometry": {"type": "LineString", "coordinates": [[-117.21468281151385, 32.691076966138866], [-117.21468281151385, 32.69101648471296], [-117.214673828361, 32.69101648471296], [-117.214673828361, 32.691076966138866], [-117.21468281151385, 32.691076966138866]]}, "properties": {"confidence": "high"}}, {"type": "Feature", "geometry": {"type": "LineString", "coordinates": [[-117.21303889454391, 32.69102404489343], [-117.21303889454391, 32.69101648471296], [-117.21302092823824, 32.69101648471296], [-117.21302092823824, 32.69102404489343], [-117.21303889454391, 32.69102404489343]]}, "properties": {"confidence": "high"}}, {"type": "Feature", "geometry": {"type": "LineString", "coordinates": [[-117.21354195110301, 32.69103916525247], [-117.21354195110301, 32.691008924531836], [-117.21353296795017, 32.691008924531836], [-117.21353296795017, 32.69103916525247], [-117.21354195110301, 32.69103916525247]]}, "properties": {"confidence": "high"}}, {"type": "Feature", "geometry": {"type": "LineString", "coordinates": [[-117.21302092823824, 32.69101648471296], [-117.21302092823824, 32.691008924531836], [-117.2130119450854, 32.691008924531836], [-117.2130119450854, 32.69101648471296], [-117.21302092823824, 32.69101648471296]]}, "properties": {"confidence": "high"}}, {"type": "Feature", "geometry": {"type": "LineString", "coordinates": [[-117.2130119450854, 32.691008924531836], [-117.2130119450854, 32.69100136435007], [-117.21300296193256, 32.69100136435007], [-117.21300296193256, 32.691008924531836], [-117.2130119450854, 32.691008924531836]]}, "properties": {"confidence": "high"}}, {"type": "Feature", "geometry": {"type": "LineString", "coordinates": [[-117.21300296193256, 32.69100136435007], [-117.21300296193256, 32.690993804167675], [-117.2129939787797, 32.690993804167675], [-117.2129939787797, 32.69100136435007], [-117.21300296193256, 32.69100136435007]]}, "properties": {"confidence": "high"}}, {"type": "Feature", "geometry": {"type": "LineString", "coordinates": [[-117.21355093425585, 32.691008924531836], [-117.21355093425585, 32.69098624398464], [-117.21354195110301, 32.69098624398464], [-117.21354195110301, 32.691008924531836], [-117.21355093425585, 32.691008924531836]]}, "properties": {"confidence": "high"}}, {"type": "Feature", "geometry": {"type": "LineString", "coordinates": [[-117.2129939787797, 32.690993804167675], [-117.2129939787797, 32.69098624398464], [-117.21298499562687, 32.69098624398464], [-117.21298499562687, 32.690993804167675], [-117.2129939787797, 32.690993804167675]]}, "properties": {"confidence": "high"}}, {"type": "Feature", "geometry": {"type": "LineString", "coordinates": [[-117.21298499562687, 32.69098624398464], [-117.21298499562687, 32.69097868380096], [-117.21297601247403, 32.69097868380096], [-117.21297601247403, 32.69098624398464], [-117.21298499562687, 32.69098624398464]]}, "properties": {"confidence": "high"}}, {"type": "Feature", "geometry": {"type": "LineString", "coordinates": [[-117.21297601247403, 32.69097868380096], [-117.21297601247403, 32.690971123616634], [-117.21296702932119, 32.690971123616634], [-117.21296702932119, 32.69097868380096], [-117.21297601247403, 32.69097868380096]]}, "properties": {"confidence": "high"}}, {"type": "Feature", "geometry": {"type": "LineString", "coordinates": [[-117.2135599174087, 32.69098624398464], [-117.2135599174087, 32.69096356343167], [-117.21355093425585, 32.69096356343167], [-117.21355093425585, 32.69098624398464], [-117.2135599174087, 32.69098624398464]]}, "properties": {"confidence": "high"}}, {"type": "Feature", "geometry": {"type": "LineString", "coordinates": [[-117.21296702932119, 32.690971123616634], [-117.21296702932119, 32.69096356343167], [-117.21295804616835, 32.69096356343167], [-117.21295804616835, 32.690971123616634], [-117.21296702932119, 32.690971123616634]]}, "properties": {"confidence": "high"}}, {"type": "Feature", "geometry": {"type": "LineString", "coordinates": [[-117.21469179466669, 32.69101648471296], [-117.21469179466669, 32.69095600324607], [-117.21468281151385, 32.69095600324607], [-117.21468281151385, 32.69101648471296], [-117.21469179466669, 32.69101648471296]]}, "properties": {"confidence": "high"}}, {"type": "Feature", "geometry": {"type": "LineString", "coordinates": [[-117.21295804616835, 32.69096356343167], [-117.21295804616835, 32.69095600324607], [-117.21294906301551, 32.69095600324607], [-117.21294906301551, 32.69096356343167], [-117.21295804616835, 32.69096356343167]]}, "properties": {"confidence": "high"}}, {"type": "Feature", "geometry": {"type": "LineString", "coordinates": [[-117.21294906301551, 32.69095600324607], [-117.21294906301551, 32.69094844305983], [-117.21294007986266, 32.69094844305983], [-117.21294007986266, 32.69095600324607], [-117.21294906301551, 32.69095600324607]]}, "properties": {"confidence": "high"}}, {"type": "Feature", "geometry": {"type": "LineString", "coordinates": [[-117.21356890056154, 32.69096356343167], [-117.21356890056154, 32.69094088287295], [-117.2135599174087, 32.69094088287295], [-117.2135599174087, 32.69096356343167], [-117.21356890056154, 32.69096356343167]]}, "properties": {"confidence": "high"}}, {"type": "Feature", "geometry": {"type": "LineString", "coordinates": [[-117.21294007986266, 32.69094844305983], [-117.21294007986266, 32.69094088287295], [-117.21293109670982, 32.69094088287295], [-117.21293109670982, 32.69094844305983], [-117.21294007986266, 32.69094844305983]]}, "properties": {"confidence": "high"}}, {"type": "Feature", "geometry": {"type": "LineString", "coordinates": [[-117.21293109670982, 32.69094088287295], [-117.21293109670982, 32.69093332268543], [-117.21292211355698, 32.69093332268543], [-117.21292211355698, 32.69094088287295], [-117.21293109670982, 32.69094088287295]]}, "properties": {"confidence": "high"}}, {"type": "Feature", "geometry": {"type": "LineString", "coordinates": [[-117.21292211355698, 32.69093332268543], [-117.21292211355698, 32.69092576249727], [-117.21291313040415, 32.69092576249727], [-117.21291313040415, 32.69093332268543], [-117.21292211355698, 32.69093332268543]]}, "properties": {"confidence": "high"}}, {"type": "Feature", "geometry": {"type": "LineString", "coordinates": [[-117.21357788371438, 32.69094088287295], [-117.21357788371438, 32.69091820230847], [-117.21356890056154, 32.69091820230847], [-117.21356890056154, 32.69094088287295], [-117.21357788371438, 32.69094088287295]]}, "properties": {"confidence": "high"}}, {"type": "Feature", "geometry": {"type": "LineString", "coordinates": [[-117.21291313040415, 32.69092576249727], [-117.21291313040415, 32.69091820230847], [-117.21289516409847, 32.69091820230847], [-117.21289516409847, 32.69092576249727], [-117.21291313040415, 32.69092576249727]]}, "properties": {"confidence": "high"}}, {"type": "Feature", "geometry": {"type": "LineString", "coordinates": [[-117.21289516409847, 32.69091820230847], [-117.21289516409847, 32.69091064211902], [-117.21288618094562, 32.69091064211902], [-117.21288618094562, 32.69091820230847], [-117.21289516409847, 32.69091820230847]]}, "properties": {"confidence": "high"}}, {"type": "Feature", "geometry": {"type": "LineString", "coordinates": [[-117.21288618094562, 32.69091064211902], [-117.21288618094562, 32.69090308192894], [-117.21287719779278, 32.69090308192894], [-117.21287719779278, 32.69091064211902], [-117.21288618094562, 32.69091064211902]]}, "properties": {"confidence": "high"}}, {"type": "Feature", "geometry": {"type": "LineString", "coordinates": [[-117.21470077781953, 32.69095600324607], [-117.21470077781953, 32.69089552173821], [-117.21469179466669, 32.69089552173821], [-117.21469179466669, 32.69095600324607], [-117.21470077781953, 32.69095600324607]]}, "properties": {"confidence": "high"}}, {"type": "Feature", "geometry": {"type": "LineString", "coordinates": [[-117.21358686686722, 32.69091820230847], [-117.21358686686722, 32.69089552173821], [-117.21357788371438, 32.69089552173821], [-117.21357788371438, 32.69091820230847], [-117.21358686686722, 32.69091820230847]]}, "properties": {"confidence": "high"}}, {"type": "Feature", "geometry": {"type": "LineString", "coordinates": [[-117.21287719779278, 32.69090308192894], [-117.21287719779278, 32.69089552173821], [-117.21286821463994, 32.69089552173821], [-117.21286821463994, 32.69090308192894], [-117.21287719779278, 32.69090308192894]]}, "properties": {"confidence": "high"}}, {"type": "Feature", "geometry": {"type": "LineString", "coordinates": [[-117.21286821463994, 32.69089552173821], [-117.21286821463994, 32.690887961546856], [-117.2128592314871, 32.690887961546856], [-117.2128592314871, 32.69089552173821], [-117.21286821463994, 32.69089552173821]]}, "properties": {"confidence": "high"}}, {"type": "Feature", "geometry": {"type": "LineString", "coordinates": [[-117.2128592314871, 32.690887961546856], [-117.2128592314871, 32.69088040135485], [-117.21285024833426, 32.69088040135485], [-117.21285024833426, 32.690887961546856], [-117.2128592314871, 32.690887961546856]]}, "properties": {"confidence": "high"}}, {"type": "Feature", "geometry": {"type": "LineString", "coordinates": [[-117.21285024833426, 32.69088040135485], [-117.21285024833426, 32.69087284116221], [-117.21284126518141, 32.69087284116221], [-117.21284126518141, 32.69088040135485], [-117.21285024833426, 32.69088040135485]]}, "properties": {"confidence": "high"}}, {"type": "Feature", "geometry": {"type": "LineString", "coordinates": [[-117.21359585002006, 32.69089552173821], [-117.21359585002006, 32.69086528096892], [-117.21358686686722, 32.69086528096892], [-117.21358686686722, 32.69089552173821], [-117.21359585002006, 32.69089552173821]]}, "properties": {"confidence": "high"}}, {"type": "Feature", "geometry": {"type": "LineString", "coordinates": [[-117.21284126518141, 32.69087284116221], [-117.21284126518141, 32.69086528096892], [-117.21283228202857, 32.69086528096892], [-117.21283228202857, 32.69087284116221], [-117.21284126518141, 32.69087284116221]]}, "properties": {"confidence": "high"}}, {"type": "Feature", "geometry": {"type": "LineString", "coordinates": [[-117.21283228202857, 32.69086528096892], [-117.21283228202857, 32.690857720775], [-117.2128143157229, 32.690857720775], [-117.2128143157229, 32.69086528096892], [-117.21283228202857, 32.69086528096892]]}, "properties": {"confidence": "high"}}, {"type": "Feature", "geometry": {"type": "LineString", "coordinates": [[-117.21360483317291, 32.69086528096892], [-117.21360483317291, 32.69085016058043], [-117.21359585002006, 32.69085016058043], [-117.21359585002006, 32.69086528096892], [-117.21360483317291, 32.69086528096892]]}, "properties": {"confidence": "high"}}, {"type": "Feature", "geometry": {"type": "LineString", "coordinates": [[-117.2128143157229, 32.690857720775], [-117.2128143157229, 32.69085016058043], [-117.21280533257006, 32.69085016058043], [-117.21280533257006, 32.690857720775], [-117.2128143157229, 32.690857720775]]}, "properties": {"confidence": "high"}}, {"type": "Feature", "geometry": {"type": "LineString", "coordinates": [[-117.21280533257006, 32.69085016058043], [-117.21280533257006, 32.69084260038523], [-117.21279634941722, 32.69084260038523], [-117.21279634941722, 32.69085016058043], [-117.21280533257006, 32.69085016058043]]}, "properties": {"confidence": "high"}}, {"type": "Feature", "geometry": {"type": "LineString", "coordinates": [[-117.21279634941722, 32.69084260038523], [-117.21279634941722, 32.69083504018939], [-117.21277838311153, 32.69083504018939], [-117.21277838311153, 32.69084260038523], [-117.21279634941722, 32.69084260038523]]}, "properties": {"confidence": "high"}}, {"type": "Feature", "geometry": {"type": "LineString", "coordinates": [[-117.21470976097237, 32.69089552173821], [-117.21470976097237, 32.690827479992905], [-117.21470077781953, 32.690827479992905], [-117.21470077781953, 32.69089552173821], [-117.21470976097237, 32.69089552173821]]}, "properties": {"confidence": "high"}}, {"type": "Feature", "geometry": {"type": "LineString", "coordinates": [[-117.21277838311153, 32.69083504018939], [-117.21277838311153, 32.690827479992905], [-117.21276939995869, 32.690827479992905], [-117.21276939995869, 32.69083504018939], [-117.21277838311153, 32.69083504018939]]}, "properties": {"confidence": "high"}}, {"type": "Feature", "geometry": {"type": "LineString", "coordinates": [[-117.21361381632575, 32.69085016058043], [-117.21361381632575, 32.69081991979577], [-117.21360483317291, 32.69081991979577], [-117.21360483317291, 32.69085016058043], [-117.21361381632575, 32.69085016058043]]}, "properties": {"confidence": "high"}}, {"type": "Feature", "geometry": {"type": "LineString", "coordinates": [[-117.21276939995869, 32.690827479992905], [-117.21276939995869, 32.69081991979577], [-117.21276041680585, 32.69081991979577], [-117.21276041680585, 32.690827479992905], [-117.21276939995869, 32.690827479992905]]}, "properties": {"confidence": "high"}}, {"type": "Feature", "geometry": {"type": "LineString", "coordinates": [[-117.21276041680585, 32.69081991979577], [-117.21276041680585, 32.69081235959801], [-117.21275143365301, 32.69081235959801], [-117.21275143365301, 32.69081991979577], [-117.21276041680585, 32.69081991979577]]}, "properties": {"confidence": "high"}}, {"type": "Feature", "geometry": {"type": "LineString", "coordinates": [[-117.21275143365301, 32.69081235959801], [-117.21275143365301, 32.6908047993996], [-117.21273346734732, 32.6908047993996], [-117.21273346734732, 32.69081235959801], [-117.21275143365301, 32.69081235959801]]}, "properties": {"confidence": "high"}}, {"type": "Feature", "geometry": {"type": "LineString", "coordinates": [[-117.21273346734732, 32.6908047993996], [-117.21273346734732, 32.690797239200556], [-117.21272448419448, 32.690797239200556], [-117.21272448419448, 32.6908047993996], [-117.21273346734732, 32.6908047993996]]}, "properties": {"confidence": "high"}}, {"type": "Feature", "geometry": {"type": "LineString", "coordinates": [[-117.21362279947859, 32.69081991979577], [-117.21362279947859, 32.69078967900087], [-117.21361381632575, 32.69078967900087], [-117.21361381632575, 32.69081991979577], [-117.21362279947859, 32.69081991979577]]}, "properties": {"confidence": "high"}}, {"type": "Feature", "geometry": {"type": "LineString", "coordinates": [[-117.21272448419448, 32.690797239200556], [-117.21272448419448, 32.69078967900087], [-117.21271550104164, 32.69078967900087], [-117.21271550104164, 32.690797239200556], [-117.21272448419448, 32.690797239200556]]}, "properties": {"confidence": "high"}}, {"type": "Feature", "geometry": {"type": "LineString", "coordinates": [[-117.21271550104164, 32.69078967900087], [-117.21271550104164, 32.69078211880055], [-117.21269753473597, 32.69078211880055], [-117.21269753473597, 32.69078967900087], [-117.21271550104164, 32.69078967900087]]}, "properties": {"confidence": "high"}}, {"type": "Feature", "geometry": {"type": "LineString", "coordinates": [[-117.21269753473597, 32.69078211880055], [-117.21269753473597, 32.69077455859958], [-117.21268855158311, 32.69077455859958], [-117.21268855158311, 32.69078211880055], [-117.21269753473597, 32.69078211880055]]}, "properties": {"confidence": "high"}}, {"type": "Feature", "geometry": {"type": "LineString", "coordinates": [[-117.21363178263142, 32.69078967900087], [-117.21363178263142, 32.690766998397976], [-117.21362279947859, 32.690766998397976], [-117.21362279947859, 32.69078967900087], [-117.21363178263142, 32.69078967900087]]}, "properties": {"confidence": "high"}}, {"type": "Feature", "geometry": {"type": "LineString", "coordinates": [[-117.21268855158311, 32.69077455859958], [-117.21268855158311, 32.690766998397976], [-117.21267956843027, 32.690766998397976], [-117.21267956843027, 32.69077455859958], [-117.21268855158311, 32.69077455859958]]}, "properties": {"confidence": "high"}}, {"type": "Feature", "geometry": {"type": "LineString", "coordinates": [[-117.21267956843027, 32.690766998397976], [-117.21267956843027, 32.690759438195734], [-117.2126616021246, 32.690759438195734], [-117.2126616021246, 32.690766998397976], [-117.21267956843027, 32.690766998397976]]}, "properties": {"confidence": "high"}}, {"type": "Feature", "geometry": {"type": "LineString", "coordinates": [[-117.21471874412521, 32.690827479992905], [-117.21471874412521, 32.69075187799284], [-117.21470976097237, 32.69075187799284], [-117.21470976097237, 32.690827479992905], [-117.21471874412521, 32.690827479992905]]}, "properties": {"confidence": "high"}}, {"type": "Feature", "geometry": {"type": "LineString", "coordinates": [[-117.21364076578426, 32.690766998397976], [-117.21364076578426, 32.69075187799284], [-117.21363178263142, 32.69075187799284], [-117.21363178263142, 32.690766998397976], [-117.21364076578426, 32.690766998397976]]}, "properties": {"confidence": "high"}}, {"type": "Feature", "geometry": {"type": "LineString", "coordinates": [[-117.2126616021246, 32.690759438195734], [-117.2126616021246, 32.69075187799284], [-117.21265261897176, 32.69075187799284], [-117.21265261897176, 32.690759438195734], [-117.2126616021246, 32.690759438195734]]}, "properties": {"confidence": "high"}}, {"type": "Feature", "geometry": {"type": "LineString", "coordinates": [[-117.21265261897176, 32.69075187799284], [-117.21265261897176, 32.69074431778932], [-117.21264363581892, 32.69074431778932], [-117.21264363581892, 32.69075187799284], [-117.21265261897176, 32.69075187799284]]}, "properties": {"confidence": "high"}}, {"type": "Feature", "geometry": {"type": "LineString", "coordinates": [[-117.21264363581892, 32.69074431778932], [-117.21264363581892, 32.69073675758515], [-117.21262566951323, 32.69073675758515], [-117.21262566951323, 32.69074431778932], [-117.21264363581892, 32.69074431778932]]}, "properties": {"confidence": "high"}}, {"type": "Feature", "geometry": {"type": "LineString", "coordinates": [[-117.21262566951323, 32.69073675758515], [-117.21262566951323, 32.69072919738034], [-117.21261668636039, 32.69072919738034], [-117.21261668636039, 32.69073675758515], [-117.21262566951323, 32.69073675758515]]}, "properties": {"confidence": "high"}}, {"type": "Feature", "geometry": {"type": "LineString", "coordinates": [[-117.21261668636039, 32.69072919738034], [-117.21261668636039, 32.69072163717489], [-117.21260770320755, 32.69072163717489], [-117.21260770320755, 32.69072919738034], [-117.21261668636039, 32.69072919738034]]}, "properties": {"confidence": "high"}}, {"type": "Feature", "geometry": {"type": "LineString", "coordinates": [[-117.2136497489371, 32.69075187799284], [-117.2136497489371, 32.69071407696881], [-117.21364076578426, 32.69071407696881], [-117.21364076578426, 32.69075187799284], [-117.2136497489371, 32.69075187799284]]}, "properties": {"confidence": "high"}}, {"type": "Feature", "geometry": {"type": "LineString", "coordinates": [[-117.21260770320755, 32.69072163717489], [-117.21260770320755, 32.69071407696881], [-117.21258973690188, 32.69071407696881], [-117.21258973690188, 32.69072163717489], [-117.21260770320755, 32.69072163717489]]}, "properties": {"confidence": "high"}}, {"type": "Feature", "geometry": {"type": "LineString", "coordinates": [[-117.21258973690188, 32.69071407696881], [-117.21258973690188, 32.69070651676208], [-117.21257177059616, 32.69070651676208], [-117.21257177059616, 32.69071407696881], [-117.21258973690188, 32.69071407696881]]}, "properties": {"confidence": "high"}}, {"type": "Feature", "geometry": {"type": "LineString", "coordinates": [[-117.21257177059616, 32.69070651676208], [-117.21257177059616, 32.69069895655471], [-117.21256278744332, 32.69069895655471], [-117.21256278744332, 32.69070651676208], [-117.21257177059616, 32.69070651676208]]}, "properties": {"confidence": "high"}}, {"type": "Feature", "geometry": {"type": "LineString", "coordinates": [[-117.21365873208995, 32.69071407696881], [-117.21365873208995, 32.6906913963467], [-117.2136497489371, 32.6906913963467], [-117.2136497489371, 32.69071407696881], [-117.21365873208995, 32.69071407696881]]}, "properties": {"confidence": "high"}}, {"type": "Feature", "geometry": {"type": "LineString", "coordinates": [[-117.21256278744332, 32.69069895655471], [-117.21256278744332, 32.6906913963467], [-117.21254482113764, 32.6906913963467], [-117.21254482113764, 32.69069895655471], [-117.21256278744332, 32.69069895655471]]}, "properties": {"confidence": "high"}}, {"type": "Feature", "geometry": {"type": "LineString", "coordinates": [[-117.21472772727805, 32.69075187799284], [-117.21472772727805, 32.69068383613806], [-117.21471874412521, 32.69068383613806], [-117.21471874412521, 32.69075187799284], [-117.21472772727805, 32.69075187799284]]}, "properties": {"confidence": "high"}}, {"type": "Feature", "geometry": {"type": "LineString", "coordinates": [[-117.21254482113764, 32.6906913963467], [-117.21254482113764, 32.69068383613806], [-117.21252685483195, 32.69068383613806], [-117.21252685483195, 32.6906913963467], [-117.21254482113764, 32.6906913963467]]}, "properties": {"confidence": "high"}}, {"type": "Feature", "geometry": {"type": "LineString", "coordinates": [[-117.21252685483195, 32.69068383613806], [-117.21252685483195, 32.690676275928766], [-117.21251787167911, 32.690676275928766], [-117.21251787167911, 32.69068383613806], [-117.21252685483195, 32.69068383613806]]}, "properties": {"confidence": "high"}}, {"type": "Feature", "geometry": {"type": "LineString", "coordinates": [[-117.21366771524279, 32.6906913963467], [-117.21366771524279, 32.690668715718836], [-117.21365873208995, 32.690668715718836], [-117.21365873208995, 32.6906913963467], [-117.21366771524279, 32.6906913963467]]}, "properties": {"confidence": "high"}}, {"type": "Feature", "geometry": {"type": "LineString", "coordinates": [[-117.21251787167911, 32.690676275928766], [-117.21251787167911, 32.690668715718836], [-117.21250888852627, 32.690668715718836], [-117.21250888852627, 32.690676275928766], [-117.21251787167911, 32.690676275928766]]}, "properties": {"confidence": "high"}}, {"type": "Feature", "geometry": {"type": "LineString", "coordinates": [[-117.21250888852627, 32.690668715718836], [-117.21250888852627, 32.69066115550827], [-117.2124909222206, 32.69066115550827], [-117.2124909222206, 32.690668715718836], [-117.21250888852627, 32.690668715718836]]}, "properties": {"confidence": "high"}}, {"type": "Feature", "geometry": {"type": "LineString", "coordinates": [[-117.2124909222206, 32.69066115550827], [-117.2124909222206, 32.690653595297064], [-117.21248193906776, 32.690653595297064], [-117.21248193906776, 32.69066115550827], [-117.2124909222206, 32.69066115550827]]}, "properties": {"confidence": "high"}}, {"type": "Feature", "geometry": {"type": "LineString", "coordinates": [[-117.21367669839563, 32.690668715718836], [-117.21367669839563, 32.69064603508521], [-117.21366771524279, 32.69064603508521], [-117.21366771524279, 32.690668715718836], [-117.21367669839563, 32.690668715718836]]}, "properties": {"confidence": "high"}}, {"type": "Feature", "geometry": {"type": "LineString", "coordinates": [[-117.21248193906776, 32.690653595297064], [-117.21248193906776, 32.69064603508521], [-117.2124729559149, 32.69064603508521], [-117.2124729559149, 32.690653595297064], [-117.21248193906776, 32.690653595297064]]}, "properties": {"confidence": "high"}}, {"type": "Feature", "geometry": {"type": "LineString", "coordinates": [[-117.2124729559149, 32.69064603508521], [-117.2124729559149, 32.69063847487272], [-117.21245498960923, 32.69063847487272], [-117.21245498960923, 32.69064603508521], [-117.2124729559149, 32.69064603508521]]}, "properties": {"confidence": "high"}}, {"type": "Feature", "geometry": {"type": "LineString", "coordinates": [[-117.21245498960923, 32.69063847487272], [-117.21245498960923, 32.690630914659586], [-117.21244600645639, 32.690630914659586], [-117.21244600645639, 32.69063847487272], [-117.21245498960923, 32.69063847487272]]}, "properties": {"confidence": "high"}}, {"type": "Feature", "geometry": {"type": "LineString", "coordinates": [[-117.2147367104309, 32.69068383613806], [-117.2147367104309, 32.69062335444582], [-117.21472772727805, 32.69062335444582], [-117.21472772727805, 32.69068383613806], [-117.2147367104309, 32.69068383613806]]}, "properties": {"confidence": "high"}}, {"type": "Feature", "geometry": {"type": "LineString", "coordinates": [[-117.21244600645639, 32.690630914659586], [-117.21244600645639, 32.69062335444582], [-117.21241905699786, 32.69062335444582], [-117.21241905699786, 32.690630914659586], [-117.21244600645639, 32.690630914659586]]}, "properties": {"confidence": "high"}}, {"type": "Feature", "geometry": {"type": "LineString", "coordinates": [[-117.21368568154847, 32.69064603508521], [-117.21368568154847, 32.69061579423141], [-117.21367669839563, 32.69061579423141], [-117.21367669839563, 32.69064603508521], [-117.21368568154847, 32.69064603508521]]}, "properties": {"confidence": "high"}}, {"type": "Feature", "geometry": {"type": "LineString", "coordinates": [[-117.21474569358374, 32.69062335444582], [-117.21474569358374, 32.69061579423141], [-117.2147367104309, 32.69061579423141], [-117.2147367104309, 32.69062335444582], [-117.21474569358374, 32.69062335444582]]}, "properties": {"confidence": "high"}}, {"type": "Feature", "geometry": {"type": "LineString", "coordinates": [[-117.21241905699786, 32.69062335444582], [-117.21241905699786, 32.69061579423141], [-117.21241007384502, 32.69061579423141], [-117.21241007384502, 32.69062335444582], [-117.21241905699786, 32.69062335444582]]}, "properties": {"confidence": "high"}}, {"type": "Feature", "geometry": {"type": "LineString", "coordinates": [[-117.21241007384502, 32.69061579423141], [-117.21241007384502, 32.69060823401636], [-117.21240109069218, 32.69060823401636], [-117.21240109069218, 32.69061579423141], [-117.21241007384502, 32.69061579423141]]}, "properties": {"confidence": "high"}}, {"type": "Feature", "geometry": {"type": "LineString", "coordinates": [[-117.21240109069218, 32.69060823401636], [-117.21240109069218, 32.69060067380067], [-117.21239210753934, 32.69060067380067], [-117.21239210753934, 32.69060823401636], [-117.21240109069218, 32.69060823401636]]}, "properties": {"confidence": "high"}}, {"type": "Feature", "geometry": {"type": "LineString", "coordinates": [[-117.21239210753934, 32.69060067380067], [-117.21239210753934, 32.69059311358434], [-117.21237414123365, 32.69059311358434], [-117.21237414123365, 32.69060067380067], [-117.21239210753934, 32.69060067380067]]}, "properties": {"confidence": "high"}}, {"type": "Feature", "geometry": {"type": "LineString", "coordinates": [[-117.21369466470131, 32.69061579423141], [-117.21369466470131, 32.69058555336736], [-117.21368568154847, 32.69058555336736], [-117.21368568154847, 32.69061579423141], [-117.21369466470131, 32.69061579423141]]}, "properties": {"confidence": "high"}}, {"type": "Feature", "geometry": {"type": "LineString", "coordinates": [[-117.21237414123365, 32.69059311358434], [-117.21237414123365, 32.69058555336736], [-117.21235617492798, 32.69058555336736], [-117.21235617492798, 32.69059311358434], [-117.21237414123365, 32.69059311358434]]}, "properties": {"confidence": "high"}}, {"type": "Feature", "geometry": {"type": "LineString", "coordinates": [[-117.21235617492798, 32.69058555336736], [-117.21235617492798, 32.69057799314975], [-117.2123382086223, 32.69057799314975], [-117.2123382086223, 32.69058555336736], [-117.21235617492798, 32.69058555336736]]}, "properties": {"confidence": "high"}}, {"type": "Feature", "geometry": {"type": "LineString", "coordinates": [[-117.2123382086223, 32.69057799314975], [-117.2123382086223, 32.690570432931494], [-117.21231125916377, 32.690570432931494], [-117.21231125916377, 32.69057799314975], [-117.2123382086223, 32.69057799314975]]}, "properties": {"confidence": "high"}}, {"type": "Feature", "geometry": {"type": "LineString", "coordinates": [[-117.21231125916377, 32.690570432931494], [-117.21231125916377, 32.69056287271261], [-117.21228430970525, 32.69056287271261], [-117.21228430970525, 32.690570432931494], [-117.21231125916377, 32.690570432931494]]}, "properties": {"confidence": "high"}}, {"type": "Feature", "geometry": {"type": "LineString", "coordinates": [[-117.21370364785415, 32.69058555336736], [-117.21370364785415, 32.690555312493075], [-117.21369466470131, 32.690555312493075], [-117.21369466470131, 32.69058555336736], [-117.21370364785415, 32.69058555336736]]}, "properties": {"confidence": "high"}}, {"type": "Feature", "geometry": {"type": "LineString", "coordinates": [[-117.21228430970525, 32.69056287271261], [-117.21228430970525, 32.690555312493075], [-117.21225736024672, 32.690555312493075], [-117.21225736024672, 32.69056287271261], [-117.21228430970525, 32.69056287271261]]}, "properties": {"confidence": "high"}}, {"type": "Feature", "geometry": {"type": "LineString", "coordinates": [[-117.21225736024672, 32.690555312493075], [-117.21225736024672, 32.690547752272906], [-117.21223041078821, 32.690547752272906], [-117.21223041078821, 32.690555312493075], [-117.21225736024672, 32.690555312493075]]}, "properties": {"confidence": "high"}}, {"type": "Feature", "geometry": {"type": "LineString", "coordinates": [[-117.21223041078821, 32.690547752272906], [-117.21223041078821, 32.6905401920521], [-117.21219447817684, 32.6905401920521], [-117.21219447817684, 32.690547752272906], [-117.21223041078821, 32.690547752272906]]}, "properties": {"confidence": "high"}}, {"type": "Feature", "geometry": {"type": "LineString", "coordinates": [[-117.21219447817684, 32.6905401920521], [-117.21219447817684, 32.69053263183064], [-117.21216752871831, 32.69053263183064], [-117.21216752871831, 32.6905401920521], [-117.21219447817684, 32.6905401920521]]}, "properties": {"confidence": "high"}}, {"type": "Feature", "geometry": {"type": "LineString", "coordinates": [[-117.21371263100701, 32.690555312493075], [-117.21371263100701, 32.69052507160855], [-117.21370364785415, 32.69052507160855], [-117.21370364785415, 32.690555312493075], [-117.21371263100701, 32.690555312493075]]}, "properties": {"confidence": "high"}}, {"type": "Feature", "geometry": {"type": "LineString", "coordinates": [[-117.21216752871831, 32.69053263183064], [-117.21216752871831, 32.69052507160855], [-117.21213159610696, 32.69052507160855], [-117.21213159610696, 32.69053263183064], [-117.21216752871831, 32.69053263183064]]}, "properties": {"confidence": "high"}}, {"type": "Feature", "geometry": {"type": "LineString", "coordinates": [[-117.21213159610696, 32.69052507160855], [-117.21213159610696, 32.69051751138581], [-117.21209566349559, 32.69051751138581], [-117.21209566349559, 32.69052507160855], [-117.21213159610696, 32.69052507160855]]}, "properties": {"confidence": "high"}}, {"type": "Feature", "geometry": {"type": "LineString", "coordinates": [[-117.21209566349559, 32.69051751138581], [-117.21209566349559, 32.69050995116244], [-117.21206871403706, 32.69050995116244], [-117.21206871403706, 32.69051751138581], [-117.21209566349559, 32.69051751138581]]}, "properties": {"confidence": "high"}}, {"type": "Feature", "geometry": {"type": "LineString", "coordinates": [[-117.21372161415987, 32.69052507160855], [-117.21372161415987, 32.690502390938434], [-117.21371263100701, 32.690502390938434], [-117.21371263100701, 32.69052507160855], [-117.21372161415987, 32.69052507160855]]}, "properties": {"confidence": "high"}}, {"type": "Feature", "geometry": {"type": "LineString", "coordinates": [[-117.21206871403706, 32.69050995116244], [-117.21206871403706, 32.690502390938434], [-117.2120327814257, 32.690502390938434], [-117.2120327814257, 32.69050995116244], [-117.21206871403706, 32.69050995116244]]}, "properties": {"confidence": "high"}}, {"type": "Feature", "geometry": {"type": "LineString", "coordinates": [[-117.2120327814257, 32.690502390938434], [-117.2120327814257, 32.690494830713774], [-117.21199684881434, 32.690494830713774], [-117.21199684881434, 32.690502390938434], [-117.2120327814257, 32.690502390938434]]}, "properties": {"confidence": "high"}}, {"type": "Feature", "geometry": {"type": "LineString", "coordinates": [[-117.21199684881434, 32.690494830713774], [-117.21199684881434, 32.69048727048848], [-117.21195193305013, 32.69048727048848], [-117.21195193305013, 32.690494830713774], [-117.21199684881434, 32.690494830713774]]}, "properties": {"confidence": "high"}}, {"type": "Feature", "geometry": {"type": "LineString", "coordinates": [[-117.21195193305013, 32.69048727048848], [-117.21195193305013, 32.69047971026255], [-117.21189803413309, 32.69047971026255], [-117.21189803413309, 32.69048727048848], [-117.21195193305013, 32.69048727048848]]}, "properties": {"confidence": "high"}}, {"type": "Feature", "geometry": {"type": "LineString", "coordinates": [[-117.2137305973127, 32.690502390938434], [-117.2137305973127, 32.69047215003597], [-117.21372161415987, 32.69047215003597], [-117.21372161415987, 32.690502390938434], [-117.2137305973127, 32.690502390938434]]}, "properties": {"confidence": "high"}}, {"type": "Feature", "geometry": {"type": "LineString", "coordinates": [[-117.21189803413309, 32.69047971026255], [-117.21189803413309, 32.69047215003597], [-117.21186210152172, 32.69047215003597], [-117.21186210152172, 32.69047971026255], [-117.21189803413309, 32.69047971026255]]}, "properties": {"confidence": "high"}}, {"type": "Feature", "geometry": {"type": "LineString", "coordinates": [[-117.21186210152172, 32.69047215003597], [-117.21186210152172, 32.69046458980876], [-117.21184413521604, 32.69046458980876], [-117.21184413521604, 32.69047215003597], [-117.21186210152172, 32.69047215003597]]}, "properties": {"confidence": "high"}}, {"type": "Feature", "geometry": {"type": "LineString", "coordinates": [[-117.21184413521604, 32.69046458980876], [-117.21184413521604, 32.69045702958091], [-117.2118351520632, 32.69045702958091], [-117.2118351520632, 32.69046458980876], [-117.21184413521604, 32.69046458980876]]}, "properties": {"confidence": "high"}}, {"type": "Feature", "geometry": {"type": "LineString", "coordinates": [[-117.21373958046554, 32.69047215003597], [-117.21373958046554, 32.690449469352416], [-117.2137305973127, 32.690449469352416], [-117.2137305973127, 32.69047215003597], [-117.21373958046554, 32.69047215003597]]}, "properties": {"confidence": "high"}}, {"type": "Feature", "geometry": {"type": "LineString", "coordinates": [[-117.21181718575752, 32.69045702958091], [-117.21181718575752, 32.690449469352416], [-117.21152074171377, 32.690449469352416], [-117.21152074171377, 32.69045702958091], [-117.21181718575752, 32.69045702958091]]}, "properties": {"confidence": "high"}}, {"type": "Feature", "geometry": {"type": "LineString", "coordinates": [[-117.21152074171377, 32.690449469352416], [-117.21152074171377, 32.69044190912328], [-117.21103565146032, 32.69044190912328], [-117.21103565146032, 32.690449469352416], [-117.21152074171377, 32.690449469352416]]}, "properties": {"confidence": "high"}}, {"type": "Feature", "geometry": {"type": "LineString", "coordinates": [[-117.21103565146032, 32.69044190912328], [-117.21103565146032, 32.690434348893504], [-117.21074819056942, 32.690434348893504], [-117.21074819056942, 32.69044190912328], [-117.21103565146032, 32.69044190912328]]}, "properties": {"confidence": "high"}}, {"type": "Feature", "geometry": {"type": "LineString", "coordinates": [[-117.2118351520632, 32.69045702958091], [-117.2118351520632, 32.69042678866309], [-117.21182616891036, 32.69042678866309], [-117.21182616891036, 32.69044190912328], [-117.21181718575752, 32.69044190912328], [-117.21181718575752, 32.690449469352416], [-117.21182616891036, 32.690449469352416], [-117.21182616891036, 32.69045702958091], [-117.2118351520632, 32.69045702958091]]}, "properties": {"confidence": "high"}}, {"type": "Feature", "geometry": {"type": "LineString", "coordinates": [[-117.21374856361838, 32.690449469352416], [-117.21374856361838, 32.69042678866309], [-117.21373958046554, 32.69042678866309], [-117.21373958046554, 32.690449469352416], [-117.21374856361838, 32.690449469352416]]}, "properties": {"confidence": "high"}}, {"type": "Feature", "geometry": {"type": "LineString", "coordinates": [[-117.21074819056942, 32.690434348893504], [-117.21074819056942, 32.69042678866309], [-117.21031699923304, 32.69042678866309], [-117.21031699923304, 32.690434348893504], [-117.21074819056942, 32.690434348893504]]}, "properties": {"confidence": "high"}}, {"type": "Feature", "geometry": {"type": "LineString", "coordinates": [[-117.21014631932904, 32.690434348893504], [-117.21014631932904, 32.69042678866309], [-117.20972411114552, 32.69042678866309], [-117.20972411114552, 32.690434348893504], [-117.21014631932904, 32.690434348893504]]}, "properties": {"confidence": "high"}}, {"type": "Feature", "geometry": {"type": "LineString", "coordinates": [[-117.21031699923304, 32.69042678866309], [-117.21031699923304, 32.690419228432035], [-117.21022716770462, 32.690419228432035], [-117.21022716770462, 32.69042678866309], [-117.21031699923304, 32.69042678866309]]}, "properties": {"confidence": "high"}}, {"type": "Feature", "geometry": {"type": "LineString", "coordinates": [[-117.21017326878757, 32.69042678866309], [-117.21017326878757, 32.690419228432035], [-117.21014631932904, 32.690419228432035], [-117.21014631932904, 32.69042678866309], [-117.21017326878757, 32.69042678866309]]}, "properties": {"confidence": "high"}}, {"type": "Feature", "geometry": {"type": "LineString", "coordinates": [[-117.20972411114552, 32.69042678866309], [-117.20972411114552, 32.690419228432035], [-117.20946359971313, 32.690419228432035], [-117.20946359971313, 32.69042678866309], [-117.20972411114552, 32.69042678866309]]}, "properties": {"confidence": "high"}}, {"type": "Feature", "geometry": {"type": "LineString", "coordinates": [[-117.21184413521604, 32.69042678866309], [-117.21184413521604, 32.69041166820033], [-117.2118351520632, 32.69041166820033], [-117.2118351520632, 32.69042678866309], [-117.21184413521604, 32.69042678866309]]}, "properties": {"confidence": "high"}}, {"type": "Feature", "geometry": {"type": "LineString", "coordinates": [[-117.20946359971313, 32.690419228432035], [-117.20946359971313, 32.69041166820033], [-117.20922105458642, 32.69041166820033], [-117.20922105458642, 32.690419228432035], [-117.20946359971313, 32.690419228432035]]}, "properties": {"confidence": "high"}}, {"type": "Feature", "geometry": {"type": "LineString", "coordinates": [[-117.21022716770462, 32.690419228432035], [-117.21022716770462, 32.69041166820033], [-117.21019123509325, 32.69041166820033], [-117.21019123509325, 32.690404107968], [-117.21018225194041, 32.690404107968], [-117.21018225194041, 32.69041166820033], [-117.21017326878757, 32.69041166820033], [-117.21017326878757, 32.690419228432035], [-117.21022716770462, 32.690419228432035]]}, "properties": {"confidence": "high"}}, {"type": "Feature", "geometry": {"type": "LineString", "coordinates": [[-117.20922105458642, 32.69041166820033], [-117.20922105458642, 32.690404107968], [-117.20881681270855, 32.690404107968], [-117.20881681270855, 32.69041166820033], [-117.20922105458642, 32.69041166820033]]}, "properties": {"confidence": "high"}}, {"type": "Feature", "geometry": {"type": "LineString", "coordinates": [[-117.21375754677122, 32.69042678866309], [-117.21375754677122, 32.69039654773502], [-117.21374856361838, 32.69039654773502], [-117.21374856361838, 32.69042678866309], [-117.21375754677122, 32.69042678866309]]}, "properties": {"confidence": "high"}}, {"type": "Feature", "geometry": {"type": "LineString", "coordinates": [[-117.20881681270855, 32.690404107968], [-117.20881681270855, 32.69039654773502], [-117.20864613280457, 32.69039654773502], [-117.20864613280457, 32.690404107968], [-117.20881681270855, 32.690404107968]]}, "properties": {"confidence": "high"}}, {"type": "Feature", "geometry": {"type": "LineString", "coordinates": [[-117.21185311836888, 32.69041166820033], [-117.21185311836888, 32.69038898750141], [-117.21184413521604, 32.69038898750141], [-117.21184413521604, 32.69041166820033], [-117.21185311836888, 32.69041166820033]]}, "properties": {"confidence": "high"}}, {"type": "Feature", "geometry": {"type": "LineString", "coordinates": [[-117.20864613280457, 32.69039654773502], [-117.20864613280457, 32.69038898750141], [-117.20862816649888, 32.69038898750141], [-117.20862816649888, 32.69039654773502], [-117.20864613280457, 32.69039654773502]]}, "properties": {"confidence": "high"}}, {"type": "Feature", "geometry": {"type": "LineString", "coordinates": [[-117.2085203686648, 32.69039654773502], [-117.2085203686648, 32.69038898750141], [-117.20800832895283, 32.69038898750141], [-117.20800832895283, 32.69039654773502], [-117.2085203686648, 32.69039654773502]]}, "properties": {"confidence": "high"}}, {"type": "Feature", "geometry": {"type": "LineString", "coordinates": [[-117.20862816649888, 32.69038898750141], [-117.20862816649888, 32.690381427267155], [-117.2086102001932, 32.690381427267155], [-117.2086102001932, 32.69038898750141], [-117.20862816649888, 32.69038898750141]]}, "properties": {"confidence": "high"}}, {"type": "Feature", "geometry": {"type": "LineString", "coordinates": [[-117.20858325073469, 32.69038898750141], [-117.20858325073469, 32.690381427267155], [-117.2085203686648, 32.690381427267155], [-117.2085203686648, 32.69038898750141], [-117.20858325073469, 32.69038898750141]]}, "properties": {"confidence": "high"}}, {"type": "Feature", "geometry": {"type": "LineString", "coordinates": [[-117.20800832895283, 32.69038898750141], [-117.20800832895283, 32.690381427267155], [-117.20765798599204, 32.690381427267155], [-117.20765798599204, 32.69038898750141], [-117.20800832895283, 32.69038898750141]]}, "properties": {"confidence": "high"}}, {"type": "Feature", "geometry": {"type": "LineString", "coordinates": [[-117.20765798599204, 32.690381427267155], [-117.20765798599204, 32.69037386703226], [-117.20741544086533, 32.69037386703226], [-117.20741544086533, 32.690381427267155], [-117.20765798599204, 32.690381427267155]]}, "properties": {"confidence": "high"}}, {"type": "Feature", "geometry": {"type": "LineString", "coordinates": [[-117.21376652992406, 32.69039654773502], [-117.21376652992406, 32.690366306796726], [-117.21375754677122, 32.690366306796726], [-117.21375754677122, 32.69039654773502], [-117.21376652992406, 32.69039654773502]]}, "properties": {"confidence": "high"}}, {"type": "Feature", "geometry": {"type": "LineString", "coordinates": [[-117.20741544086533, 32.69037386703226], [-117.20741544086533, 32.690366306796726], [-117.20704713159886, 32.690366306796726], [-117.20704713159886, 32.69037386703226], [-117.20741544086533, 32.69037386703226]]}, "properties": {"confidence": "high"}}, {"type": "Feature", "geometry": {"type": "LineString", "coordinates": [[-117.21186210152172, 32.69038898750141], [-117.21186210152172, 32.69035874656054], [-117.21185311836888, 32.69035874656054], [-117.21185311836888, 32.69038898750141], [-117.21186210152172, 32.69038898750141]]}, "properties": {"confidence": "high"}}, {"type": "Feature", "geometry": {"type": "LineString", "coordinates": [[-117.20704713159886, 32.690366306796726], [-117.20704713159886, 32.69035874656054], [-117.20680458647212, 32.69035874656054], [-117.20680458647212, 32.690366306796726], [-117.20704713159886, 32.690366306796726]]}, "properties": {"confidence": "high"}}, {"type": "Feature", "geometry": {"type": "LineString", "coordinates": [[-117.20680458647212, 32.69035874656054], [-117.20680458647212, 32.69035118632373], [-117.20629254676018, 32.69035118632373], [-117.20629254676018, 32.69035874656054], [-117.20680458647212, 32.69035874656054]]}, "properties": {"confidence": "high"}}, {"type": "Feature", "geometry": {"type": "LineString", "coordinates": [[-117.21377551307691, 32.690366306796726], [-117.21377551307691, 32.69034362608626], [-117.21376652992406, 32.69034362608626], [-117.21376652992406, 32.690366306796726], [-117.21377551307691, 32.690366306796726]]}, "properties": {"confidence": "high"}}, {"type": "Feature", "geometry": {"type": "LineString", "coordinates": [[-117.20629254676018, 32.69035118632373], [-117.20629254676018, 32.69034362608626], [-117.20614881631472, 32.69034362608626], [-117.20614881631472, 32.69035118632373], [-117.20629254676018, 32.69035118632373]]}, "properties": {"confidence": "high"}}, {"type": "Feature", "geometry": {"type": "LineString", "coordinates": [[-117.20614881631472, 32.69034362608626], [-117.20614881631472, 32.690336065848165], [-117.20606796793915, 32.690336065848165], [-117.20606796793915, 32.69034362608626], [-117.20614881631472, 32.69034362608626]]}, "properties": {"confidence": "high"}}, {"type": "Feature", "geometry": {"type": "LineString", "coordinates": [[-117.21187108467457, 32.69035874656054], [-117.21187108467457, 32.69032850560943], [-117.21186210152172, 32.69032850560943], [-117.21186210152172, 32.69035874656054], [-117.21187108467457, 32.69035874656054]]}, "properties": {"confidence": "high"}}, {"type": "Feature", "geometry": {"type": "LineString", "coordinates": [[-117.20606796793915, 32.690336065848165], [-117.20606796793915, 32.69032850560943], [-117.20605000163347, 32.69032850560943], [-117.20605000163347, 32.690336065848165], [-117.20606796793915, 32.690336065848165]]}, "properties": {"confidence": "high"}}, {"type": "Feature", "geometry": {"type": "LineString", "coordinates": [[-117.2060320353278, 32.690336065848165], [-117.2060320353278, 32.69032850560943], [-117.20588830488234, 32.69032850560943], [-117.20588830488234, 32.690336065848165], [-117.2060320353278, 32.690336065848165]]}, "properties": {"confidence": "high"}}, {"type": "Feature", "geometry": {"type": "LineString", "coordinates": [[-117.21018225194041, 32.690404107968], [-117.21018225194041, 32.69032094537005], [-117.21017326878757, 32.69032094537005], [-117.21017326878757, 32.690404107968], [-117.21018225194041, 32.690404107968]]}, "properties": {"confidence": "high"}}, {"type": "Feature", "geometry": {"type": "LineString", "coordinates": [[-117.2086102001932, 32.690381427267155], [-117.2086102001932, 32.69032094537005], [-117.20860121704037, 32.69032094537005], [-117.20860121704037, 32.69037386703226], [-117.20858325073469, 32.69037386703226], [-117.20858325073469, 32.690381427267155], [-117.2086102001932, 32.690381427267155]]}, "properties": {"confidence": "high"}}, {"type": "Feature", "geometry": {"type": "LineString", "coordinates": [[-117.20588830488234, 32.69032850560943], [-117.20588830488234, 32.69032094537005], [-117.20575355758969, 32.69032094537005], [-117.20575355758969, 32.69032850560943], [-117.20588830488234, 32.69032850560943]]}, "properties": {"confidence": "high"}}, {"type": "Feature", "geometry": {"type": "LineString", "coordinates": [[-117.21378449622975, 32.69034362608626], [-117.21378449622975, 32.69031338513003], [-117.21377551307691, 32.69031338513003], [-117.21377551307691, 32.69034362608626], [-117.21378449622975, 32.69034362608626]]}, "properties": {"confidence": "high"}}, {"type": "Feature", "geometry": {"type": "LineString", "coordinates": [[-117.21188006782741, 32.69032850560943], [-117.21188006782741, 32.69031338513003], [-117.21187108467457, 32.69031338513003], [-117.21187108467457, 32.69032850560943], [-117.21188006782741, 32.69032850560943]]}, "properties": {"confidence": "high"}}, {"type": "Feature", "geometry": {"type": "LineString", "coordinates": [[-117.20575355758969, 32.69032094537005], [-117.20575355758969, 32.69031338513003], [-117.2056906755198, 32.69031338513003], [-117.2056906755198, 32.69032094537005], [-117.20575355758969, 32.69032094537005]]}, "properties": {"confidence": "high"}}, {"type": "Feature", "geometry": {"type": "LineString", "coordinates": [[-117.2056906755198, 32.69031338513003], [-117.2056906755198, 32.69030582488937], [-117.20567270921413, 32.69030582488937], [-117.20567270921413, 32.69031338513003], [-117.2056906755198, 32.69031338513003]]}, "properties": {"confidence": "high"}}, {"type": "Feature", "geometry": {"type": "LineString", "coordinates": [[-117.21379347938259, 32.69031338513003], [-117.21379347938259, 32.69029070440614], [-117.21378449622975, 32.69029070440614], [-117.21378449622975, 32.69031338513003], [-117.21379347938259, 32.69031338513003]]}, "properties": {"confidence": "high"}}, {"type": "Feature", "geometry": {"type": "LineString", "coordinates": [[-117.21188905098025, 32.69031338513003], [-117.21188905098025, 32.69029070440614], [-117.21188006782741, 32.69029070440614], [-117.21188006782741, 32.69031338513003], [-117.21188905098025, 32.69031338513003]]}, "properties": {"confidence": "high"}}, {"type": "Feature", "geometry": {"type": "LineString", "coordinates": [[-117.20861918334604, 32.69032094537005], [-117.20861918334604, 32.69027558392034], [-117.2086102001932, 32.69027558392034], [-117.2086102001932, 32.69032094537005], [-117.20861918334604, 32.69032094537005]]}, "properties": {"confidence": "high"}}, {"type": "Feature", "geometry": {"type": "LineString", "coordinates": [[-117.21380246253543, 32.69029070440614], [-117.21380246253543, 32.69026802367648], [-117.21379347938259, 32.69026802367648], [-117.21379347938259, 32.69029070440614], [-117.21380246253543, 32.69029070440614]]}, "properties": {"confidence": "high"}}, {"type": "Feature", "geometry": {"type": "LineString", "coordinates": [[-117.21189803413309, 32.69029070440614], [-117.21189803413309, 32.69026802367648], [-117.21188905098025, 32.69026802367648], [-117.21188905098025, 32.69029070440614], [-117.21189803413309, 32.69029070440614]]}, "properties": {"confidence": "high"}}, {"type": "Feature", "geometry": {"type": "LineString", "coordinates": [[-117.21381144568826, 32.69026802367648], [-117.21381144568826, 32.69025290318684], [-117.21380246253543, 32.69025290318684], [-117.21380246253543, 32.69026802367648], [-117.21381144568826, 32.69026802367648]]}, "properties": {"confidence": "high"}}, {"type": "Feature", "geometry": {"type": "LineString", "coordinates": [[-117.21190701728592, 32.69026802367648], [-117.21190701728592, 32.69025290318684], [-117.21189803413309, 32.69025290318684], [-117.21189803413309, 32.69026802367648], [-117.21190701728592, 32.69026802367648]]}, "properties": {"confidence": "high"}}, {"type": "Feature", "geometry": {"type": "LineString", "coordinates": [[-117.20605000163347, 32.69032850560943], [-117.20605000163347, 32.69024534294106], [-117.20604101848063, 32.69024534294106], [-117.20604101848063, 32.69032094537005], [-117.2060320353278, 32.69032094537005], [-117.2060320353278, 32.69032850560943], [-117.20605000163347, 32.69032850560943]]}, "properties": {"confidence": "high"}}, {"type": "Feature", "geometry": {"type": "LineString", "coordinates": [[-117.21191600043876, 32.69025290318684], [-117.21191600043876, 32.69023778269464], [-117.21190701728592, 32.69023778269464], [-117.21190701728592, 32.69025290318684], [-117.21191600043876, 32.69025290318684]]}, "properties": {"confidence": "high"}}, {"type": "Feature", "geometry": {"type": "LineString", "coordinates": [[-117.21382042884112, 32.69025290318684], [-117.21382042884112, 32.690230222447575], [-117.21381144568826, 32.690230222447575], [-117.21381144568826, 32.69025290318684], [-117.21382042884112, 32.69025290318684]]}, "properties": {"confidence": "high"}}, {"type": "Feature", "geometry": {"type": "LineString", "coordinates": [[-117.20862816649888, 32.69027558392034], [-117.20862816649888, 32.69022266219988], [-117.20861918334604, 32.69022266219988], [-117.20861918334604, 32.69027558392034], [-117.20862816649888, 32.69027558392034]]}, "properties": {"confidence": "high"}}, {"type": "Feature", "geometry": {"type": "LineString", "coordinates": [[-117.21192498359162, 32.69023778269464], [-117.21192498359162, 32.69021510195154], [-117.21191600043876, 32.69021510195154], [-117.21191600043876, 32.69023778269464], [-117.21192498359162, 32.69023778269464]]}, "properties": {"confidence": "high"}}, {"type": "Feature", "geometry": {"type": "LineString", "coordinates": [[-117.21382941199396, 32.690230222447575], [-117.21382941199396, 32.690207541702556], [-117.21382042884112, 32.690207541702556], [-117.21382042884112, 32.690230222447575], [-117.21382941199396, 32.690230222447575]]}, "properties": {"confidence": "high"}}, {"type": "Feature", "geometry": {"type": "LineString", "coordinates": [[-117.21019123509325, 32.69032094537005], [-117.21019123509325, 32.690199981452935], [-117.21018225194041, 32.690199981452935], [-117.21018225194041, 32.69032094537005], [-117.21019123509325, 32.69032094537005]]}, "properties": {"confidence": "high"}}, {"type": "Feature", "geometry": {"type": "LineString", "coordinates": [[-117.21193396674445, 32.69021510195154], [-117.21193396674445, 32.690184860951774], [-117.21192498359162, 32.690184860951774], [-117.21192498359162, 32.69021510195154], [-117.21193396674445, 32.69021510195154]]}, "properties": {"confidence": "high"}}, {"type": "Feature", "geometry": {"type": "LineString", "coordinates": [[-117.2138383951468, 32.690207541702556], [-117.2138383951468, 32.690184860951774], [-117.21382941199396, 32.690184860951774], [-117.21382941199396, 32.690207541702556], [-117.2138383951468, 32.690207541702556]]}, "properties": {"confidence": "high"}}, {"type": "Feature", "geometry": {"type": "LineString", "coordinates": [[-117.20605898478631, 32.69024534294106], [-117.20605898478631, 32.690177300700235], [-117.20605000163347, 32.690177300700235], [-117.20605000163347, 32.69024534294106], [-117.20605898478631, 32.69024534294106]]}, "properties": {"confidence": "high"}}, {"type": "Feature", "geometry": {"type": "LineString", "coordinates": [[-117.20863714965174, 32.69022266219988], [-117.20863714965174, 32.69016974044805], [-117.20862816649888, 32.69016974044805], [-117.20862816649888, 32.69022266219988], [-117.20863714965174, 32.69022266219988]]}, "properties": {"confidence": "high"}}, {"type": "Feature", "geometry": {"type": "LineString", "coordinates": [[-117.21384737829963, 32.690184860951774], [-117.21384737829963, 32.69016218019523], [-117.2138383951468, 32.69016218019523], [-117.2138383951468, 32.690184860951774], [-117.21384737829963, 32.690184860951774]]}, "properties": {"confidence": "high"}}, {"type": "Feature", "geometry": {"type": "LineString", "coordinates": [[-117.21194294989729, 32.690184860951774], [-117.21194294989729, 32.690154619941765], [-117.21193396674445, 32.690154619941765], [-117.21193396674445, 32.690184860951774], [-117.21194294989729, 32.690184860951774]]}, "properties": {"confidence": "high"}}, {"type": "Feature", "geometry": {"type": "LineString", "coordinates": [[-117.21385636145247, 32.69016218019523], [-117.21385636145247, 32.69014705968767], [-117.21384737829963, 32.69014705968767], [-117.21384737829963, 32.69016218019523], [-117.21385636145247, 32.69016218019523]]}, "properties": {"confidence": "high"}}, {"type": "Feature", "geometry": {"type": "LineString", "coordinates": [[-117.20606796793915, 32.690177300700235], [-117.20606796793915, 32.69013949943292], [-117.20605898478631, 32.69013949943292], [-117.20605898478631, 32.690177300700235], [-117.20606796793915, 32.690177300700235]]}, "properties": {"confidence": "high"}}, {"type": "Feature", "geometry": {"type": "LineString", "coordinates": [[-117.21020021824609, 32.690199981452935], [-117.21020021824609, 32.69013193917753], [-117.21019123509325, 32.69013193917753], [-117.21019123509325, 32.690199981452935], [-117.21020021824609, 32.690199981452935]]}, "properties": {"confidence": "high"}}, {"type": "Feature", "geometry": {"type": "LineString", "coordinates": [[-117.21195193305013, 32.690154619941765], [-117.21195193305013, 32.69013193917753], [-117.21194294989729, 32.69013193917753], [-117.21194294989729, 32.690154619941765], [-117.21195193305013, 32.690154619941765]]}, "properties": {"confidence": "high"}}, {"type": "Feature", "geometry": {"type": "LineString", "coordinates": [[-117.20864613280457, 32.69016974044805], [-117.20864613280457, 32.69011681866485], [-117.20863714965174, 32.69011681866485], [-117.20863714965174, 32.69016974044805], [-117.20864613280457, 32.69016974044805]]}, "properties": {"confidence": "high"}}, {"type": "Feature", "geometry": {"type": "LineString", "coordinates": [[-117.21386534460531, 32.69014705968767], [-117.21386534460531, 32.69011681866485], [-117.21385636145247, 32.69011681866485], [-117.21385636145247, 32.69014705968767], [-117.21386534460531, 32.69014705968767]]}, "properties": {"confidence": "high"}}, {"type": "Feature", "geometry": {"type": "LineString", "coordinates": [[-117.206076951092, 32.69013949943292], [-117.206076951092, 32.690109258407546], [-117.20606796793915, 32.690109258407546], [-117.20606796793915, 32.69013949943292], [-117.206076951092, 32.69013949943292]]}, "properties": {"confidence": "high"}}, {"type": "Feature", "geometry": {"type": "LineString", "coordinates": [[-117.21196091620297, 32.69013193917753], [-117.21196091620297, 32.690109258407546], [-117.21195193305013, 32.690109258407546], [-117.21195193305013, 32.69013193917753], [-117.21196091620297, 32.69013193917753]]}, "properties": {"confidence": "high"}}, {"type": "Feature", "geometry": {"type": "LineString", "coordinates": [[-117.21387432775816, 32.69011681866485], [-117.21387432775816, 32.6901016981496], [-117.21386534460531, 32.6901016981496], [-117.21386534460531, 32.69011681866485], [-117.21387432775816, 32.69011681866485]]}, "properties": {"confidence": "high"}}, {"type": "Feature", "geometry": {"type": "LineString", "coordinates": [[-117.21196989935582, 32.690109258407546], [-117.21196989935582, 32.69008657763179], [-117.21196091620297, 32.69008657763179], [-117.21196091620297, 32.690109258407546], [-117.21196989935582, 32.690109258407546]]}, "properties": {"confidence": "high"}}, {"type": "Feature", "geometry": {"type": "LineString", "coordinates": [[-117.20608593424484, 32.690109258407546], [-117.20608593424484, 32.69008657763179], [-117.206076951092, 32.69008657763179], [-117.206076951092, 32.690109258407546], [-117.20608593424484, 32.690109258407546]]}, "properties": {"confidence": "high"}}, {"type": "Feature", "geometry": {"type": "LineString", "coordinates": [[-117.20865511595741, 32.69011681866485], [-117.20865511595741, 32.69007901737193], [-117.20864613280457, 32.69007901737193], [-117.20864613280457, 32.69011681866485], [-117.20865511595741, 32.69011681866485]]}, "properties": {"confidence": "high"}}, {"type": "Feature", "geometry": {"type": "LineString", "coordinates": [[-117.213883310911, 32.6901016981496], [-117.213883310911, 32.69007901737193], [-117.21387432775816, 32.69007901737193], [-117.21387432775816, 32.6901016981496], [-117.213883310911, 32.6901016981496]]}, "properties": {"confidence": "high"}}, {"type": "Feature", "geometry": {"type": "LineString", "coordinates": [[-117.21020920139892, 32.69013193917753], [-117.21020920139892, 32.69006389685028], [-117.21020021824609, 32.69006389685028], [-117.21020021824609, 32.69013193917753], [-117.21020920139892, 32.69013193917753]]}, "properties": {"confidence": "high"}}, {"type": "Feature", "geometry": {"type": "LineString", "coordinates": [[-117.21197888250866, 32.69008657763179], [-117.21197888250866, 32.69006389685028], [-117.21196989935582, 32.69006389685028], [-117.21196989935582, 32.69008657763179], [-117.21197888250866, 32.69008657763179]]}, "properties": {"confidence": "high"}}, {"type": "Feature", "geometry": {"type": "LineString", "coordinates": [[-117.20609491739768, 32.69008657763179], [-117.20609491739768, 32.69006389685028], [-117.20608593424484, 32.69006389685028], [-117.20608593424484, 32.69008657763179], [-117.20609491739768, 32.69008657763179]]}, "properties": {"confidence": "high"}}, {"type": "Feature", "geometry": {"type": "LineString", "coordinates": [[-117.21389229406384, 32.69007901737193], [-117.21389229406384, 32.69006389685028], [-117.213883310911, 32.69006389685028], [-117.213883310911, 32.69007901737193], [-117.21389229406384, 32.69007901737193]]}, "properties": {"confidence": "high"}}, {"type": "Feature", "geometry": {"type": "LineString", "coordinates": [[-117.21390127721668, 32.69006389685028], [-117.21390127721668, 32.690041216063], [-117.21389229406384, 32.690041216063], [-117.21389229406384, 32.69006389685028], [-117.21390127721668, 32.69006389685028]]}, "properties": {"confidence": "high"}}, {"type": "Feature", "geometry": {"type": "LineString", "coordinates": [[-117.20610390055052, 32.69006389685028], [-117.20610390055052, 32.690041216063], [-117.20609491739768, 32.690041216063], [-117.20609491739768, 32.69006389685028], [-117.20610390055052, 32.69006389685028]]}, "properties": {"confidence": "high"}}, {"type": "Feature", "geometry": {"type": "LineString", "coordinates": [[-117.20866409911025, 32.69007901737193], [-117.20866409911025, 32.6900336557993], [-117.20865511595741, 32.6900336557993], [-117.20865511595741, 32.69007901737193], [-117.20866409911025, 32.69007901737193]]}, "properties": {"confidence": "high"}}, {"type": "Feature", "geometry": {"type": "LineString", "coordinates": [[-117.2119878656615, 32.69006389685028], [-117.2119878656615, 32.6900336557993], [-117.21197888250866, 32.6900336557993], [-117.21197888250866, 32.69006389685028], [-117.2119878656615, 32.69006389685028]]}, "properties": {"confidence": "high"}}, {"type": "Feature", "geometry": {"type": "LineString", "coordinates": [[-117.21391026036952, 32.690041216063], [-117.21391026036952, 32.690018535269964], [-117.21390127721668, 32.690018535269964], [-117.21390127721668, 32.690041216063], [-117.21391026036952, 32.690041216063]]}, "properties": {"confidence": "high"}}, {"type": "Feature", "geometry": {"type": "LineString", "coordinates": [[-117.20611288370336, 32.690041216063], [-117.20611288370336, 32.690018535269964], [-117.20610390055052, 32.690018535269964], [-117.20610390055052, 32.690041216063], [-117.20611288370336, 32.690041216063]]}, "properties": {"confidence": "high"}}, {"type": "Feature", "geometry": {"type": "LineString", "coordinates": [[-117.21199684881434, 32.6900336557993], [-117.21199684881434, 32.69000341473808], [-117.2119878656615, 32.69000341473808], [-117.2119878656615, 32.6900336557993], [-117.21199684881434, 32.6900336557993]]}, "properties": {"confidence": "high"}}, {"type": "Feature", "geometry": {"type": "LineString", "coordinates": [[-117.21391924352235, 32.690018535269964], [-117.21391924352235, 32.68999585447117], [-117.21391026036952, 32.68999585447117], [-117.21391026036952, 32.690018535269964], [-117.21391924352235, 32.690018535269964]]}, "properties": {"confidence": "high"}}, {"type": "Feature", "geometry": {"type": "LineString", "coordinates": [[-117.20612186685621, 32.690018535269964], [-117.20612186685621, 32.68999585447117], [-117.20611288370336, 32.68999585447117], [-117.20611288370336, 32.690018535269964], [-117.20612186685621, 32.690018535269964]]}, "properties": {"confidence": "high"}}, {"type": "Feature", "geometry": {"type": "LineString", "coordinates": [[-117.21021818455176, 32.69006389685028], [-117.21021818455176, 32.68998829420362], [-117.21020920139892, 32.68998829420362], [-117.21020920139892, 32.69006389685028], [-117.21021818455176, 32.69006389685028]]}, "properties": {"confidence": "high"}}, {"type": "Feature", "geometry": {"type": "LineString", "coordinates": [[-117.20867308226309, 32.6900336557993], [-117.20867308226309, 32.689980733935435], [-117.20866409911025, 32.689980733935435], [-117.20866409911025, 32.6900336557993], [-117.20867308226309, 32.6900336557993]]}, "properties": {"confidence": "high"}}, {"type": "Feature", "geometry": {"type": "LineString", "coordinates": [[-117.21200583196718, 32.69000341473808], [-117.21200583196718, 32.689980733935435], [-117.21199684881434, 32.689980733935435], [-117.21199684881434, 32.69000341473808], [-117.21200583196718, 32.69000341473808]]}, "properties": {"confidence": "high"}}, {"type": "Feature", "geometry": {"type": "LineString", "coordinates": [[-117.20613085000905, 32.68999585447117], [-117.20613085000905, 32.689980733935435], [-117.20612186685621, 32.689980733935435], [-117.20612186685621, 32.68999585447117], [-117.20613085000905, 32.68999585447117]]}, "properties": {"confidence": "high"}}, {"type": "Feature", "geometry": {"type": "LineString", "coordinates": [[-117.21392822667521, 32.68999585447117], [-117.21392822667521, 32.68997317366661], [-117.21391924352235, 32.68997317366661], [-117.21391924352235, 32.68999585447117], [-117.21392822667521, 32.68999585447117]]}, "properties": {"confidence": "high"}}, {"type": "Feature", "geometry": {"type": "LineString", "coordinates": [[-117.20613983316188, 32.689980733935435], [-117.20613983316188, 32.68997317366661], [-117.20613085000905, 32.68997317366661], [-117.20613085000905, 32.689980733935435], [-117.20613983316188, 32.689980733935435]]}, "properties": {"confidence": "high"}}, {"type": "Feature", "geometry": {"type": "LineString", "coordinates": [[-117.21393720982805, 32.68997317366661], [-117.21393720982805, 32.689958053127036], [-117.21392822667521, 32.689958053127036], [-117.21392822667521, 32.68997317366661], [-117.21393720982805, 32.68997317366661]]}, "properties": {"confidence": "high"}}, {"type": "Feature", "geometry": {"type": "LineString", "coordinates": [[-117.21022716770462, 32.68998829420362], [-117.21022716770462, 32.68995049285628], [-117.21021818455176, 32.68995049285628], [-117.21021818455176, 32.68998829420362], [-117.21022716770462, 32.68998829420362]]}, "properties": {"confidence": "high"}}, {"type": "Feature", "geometry": {"type": "LineString", "coordinates": [[-117.21201481512001, 32.689980733935435], [-117.21201481512001, 32.68995049285628], [-117.21200583196718, 32.68995049285628], [-117.21200583196718, 32.689980733935435], [-117.21201481512001, 32.689980733935435]]}, "properties": {"confidence": "high"}}, {"type": "Feature", "geometry": {"type": "LineString", "coordinates": [[-117.20868206541593, 32.689980733935435], [-117.20868206541593, 32.6899429325849], [-117.20867308226309, 32.6899429325849], [-117.20867308226309, 32.689980733935435], [-117.20868206541593, 32.689980733935435]]}, "properties": {"confidence": "high"}}, {"type": "Feature", "geometry": {"type": "LineString", "coordinates": [[-117.20614881631472, 32.68997317366661], [-117.20614881631472, 32.68993537231287], [-117.20613983316188, 32.68993537231287], [-117.20613983316188, 32.68997317366661], [-117.20614881631472, 32.68997317366661]]}, "properties": {"confidence": "high"}}, {"type": "Feature", "geometry": {"type": "LineString", "coordinates": [[-117.21394619298088, 32.689958053127036], [-117.21394619298088, 32.68993537231287], [-117.21393720982805, 32.68993537231287], [-117.21393720982805, 32.689958053127036], [-117.21394619298088, 32.689958053127036]]}, "properties": {"confidence": "high"}}, {"type": "Feature", "geometry": {"type": "LineString", "coordinates": [[-117.21202379827287, 32.68995049285628], [-117.21202379827287, 32.6899278120402], [-117.21201481512001, 32.6899278120402], [-117.21201481512001, 32.68995049285628], [-117.21202379827287, 32.68995049285628]]}, "properties": {"confidence": "high"}}, {"type": "Feature", "geometry": {"type": "LineString", "coordinates": [[-117.20615779946756, 32.68993537231287], [-117.20615779946756, 32.6899278120402], [-117.20614881631472, 32.6899278120402], [-117.20614881631472, 32.68993537231287], [-117.20615779946756, 32.68993537231287]]}, "properties": {"confidence": "high"}}, {"type": "Feature", "geometry": {"type": "LineString", "coordinates": [[-117.2061667826204, 32.6899278120402], [-117.2061667826204, 32.6899202517669], [-117.20615779946756, 32.6899202517669], [-117.20615779946756, 32.6899278120402], [-117.2061667826204, 32.6899278120402]]}, "properties": {"confidence": "high"}}, {"type": "Feature", "geometry": {"type": "LineString", "coordinates": [[-117.21395517613372, 32.68993537231287], [-117.21395517613372, 32.68991269149295], [-117.21394619298088, 32.68991269149295], [-117.21394619298088, 32.68993537231287], [-117.21395517613372, 32.68993537231287]]}, "properties": {"confidence": "high"}}, {"type": "Feature", "geometry": {"type": "LineString", "coordinates": [[-117.20617576577325, 32.6899202517669], [-117.20617576577325, 32.68990513121835], [-117.2061667826204, 32.68990513121835], [-117.2061667826204, 32.6899202517669], [-117.20617576577325, 32.6899202517669]]}, "properties": {"confidence": "high"}}, {"type": "Feature", "geometry": {"type": "LineString", "coordinates": [[-117.2120327814257, 32.6899278120402], [-117.2120327814257, 32.68989757094313], [-117.21202379827287, 32.68989757094313], [-117.21202379827287, 32.6899278120402], [-117.2120327814257, 32.6899278120402]]}, "properties": {"confidence": "high"}}, {"type": "Feature", "geometry": {"type": "LineString", "coordinates": [[-117.21023615085745, 32.68995049285628], [-117.21023615085745, 32.689890010667256], [-117.21022716770462, 32.689890010667256], [-117.21022716770462, 32.68995049285628], [-117.21023615085745, 32.68995049285628]]}, "properties": {"confidence": "high"}}, {"type": "Feature", "geometry": {"type": "LineString", "coordinates": [[-117.21396415928656, 32.68991269149295], [-117.21396415928656, 32.689890010667256], [-117.21395517613372, 32.689890010667256], [-117.21395517613372, 32.68991269149295], [-117.21396415928656, 32.68991269149295]]}, "properties": {"confidence": "high"}}, {"type": "Feature", "geometry": {"type": "LineString", "coordinates": [[-117.20618474892609, 32.68990513121835], [-117.20618474892609, 32.68988245039075], [-117.20617576577325, 32.68988245039075], [-117.20617576577325, 32.68990513121835], [-117.20618474892609, 32.68990513121835]]}, "properties": {"confidence": "high"}}, {"type": "Feature", "geometry": {"type": "LineString", "coordinates": [[-117.20619373207893, 32.68988245039075], [-117.20619373207893, 32.6898748901136], [-117.20618474892609, 32.6898748901136], [-117.20618474892609, 32.68988245039075], [-117.20619373207893, 32.68988245039075]]}, "properties": {"confidence": "high"}}, {"type": "Feature", "geometry": {"type": "LineString", "coordinates": [[-117.21397314243941, 32.689890010667256], [-117.21397314243941, 32.6898673298358], [-117.21396415928656, 32.6898673298358], [-117.21396415928656, 32.689890010667256], [-117.21397314243941, 32.689890010667256]]}, "properties": {"confidence": "high"}}, {"type": "Feature", "geometry": {"type": "LineString", "coordinates": [[-117.21464687890249, 32.68988245039075], [-117.21464687890249, 32.6898673298358], [-117.21463789574965, 32.6898673298358], [-117.21463789574965, 32.68988245039075], [-117.21464687890249, 32.68988245039075]]}, "properties": {"confidence": "high"}}, {"type": "Feature", "geometry": {"type": "LineString", "coordinates": [[-117.20869104856878, 32.6899429325849], [-117.20869104856878, 32.68985976955737], [-117.20868206541593, 32.68985976955737], [-117.20868206541593, 32.6899429325849], [-117.20869104856878, 32.6899429325849]]}, "properties": {"confidence": "high"}}, {"type": "Feature", "geometry": {"type": "LineString", "coordinates": [[-117.21204176457854, 32.68989757094313], [-117.21204176457854, 32.68985976955737], [-117.2120327814257, 32.68985976955737], [-117.2120327814257, 32.68989757094313], [-117.21204176457854, 32.68989757094313]]}, "properties": {"confidence": "high"}}, {"type": "Feature", "geometry": {"type": "LineString", "coordinates": [[-117.21463789574965, 32.6898673298358], [-117.21463789574965, 32.68985976955737], [-117.2146289125968, 32.68985976955737], [-117.2146289125968, 32.6898673298358], [-117.21463789574965, 32.6898673298358]]}, "properties": {"confidence": "high"}}, {"type": "Feature", "geometry": {"type": "LineString", "coordinates": [[-117.2102451340103, 32.689890010667256], [-117.2102451340103, 32.68985220927831], [-117.21023615085745, 32.68985220927831], [-117.21023615085745, 32.689890010667256], [-117.2102451340103, 32.689890010667256]]}, "properties": {"confidence": "high"}}, {"type": "Feature", "geometry": {"type": "LineString", "coordinates": [[-117.20620271523177, 32.6898748901136], [-117.20620271523177, 32.68985220927831], [-117.20619373207893, 32.68985220927831], [-117.20619373207893, 32.6898748901136], [-117.20620271523177, 32.6898748901136]]}, "properties": {"confidence": "high"}}, {"type": "Feature", "geometry": {"type": "LineString", "coordinates": [[-117.21398212559225, 32.6898673298358], [-117.21398212559225, 32.68985220927831], [-117.21397314243941, 32.68985220927831], [-117.21397314243941, 32.6898673298358], [-117.21398212559225, 32.6898673298358]]}, "properties": {"confidence": "high"}}, {"type": "Feature", "geometry": {"type": "LineString", "coordinates": [[-117.2146289125968, 32.68985976955737], [-117.2146289125968, 32.68985220927831], [-117.21461094629112, 32.68985220927831], [-117.21461094629112, 32.68985976955737], [-117.2146289125968, 32.68985976955737]]}, "properties": {"confidence": "high"}}, {"type": "Feature", "geometry": {"type": "LineString", "coordinates": [[-117.21461094629112, 32.68985220927831], [-117.21461094629112, 32.689844648998594], [-117.21459297998544, 32.689844648998594], [-117.21459297998544, 32.68985220927831], [-117.21461094629112, 32.68985220927831]]}, "properties": {"confidence": "high"}}, {"type": "Feature", "geometry": {"type": "LineString", "coordinates": [[-117.2062116983846, 32.68985220927831], [-117.2062116983846, 32.689844648998594], [-117.20620271523177, 32.689844648998594], [-117.20620271523177, 32.68985220927831], [-117.2062116983846, 32.68985220927831]]}, "properties": {"confidence": "high"}}, {"type": "Feature", "geometry": {"type": "LineString", "coordinates": [[-117.21459297998544, 32.689844648998594], [-117.21459297998544, 32.68983708871824], [-117.21457501367975, 32.68983708871824], [-117.21457501367975, 32.689844648998594], [-117.21459297998544, 32.689844648998594]]}, "properties": {"confidence": "high"}}, {"type": "Feature", "geometry": {"type": "LineString", "coordinates": [[-117.21205074773138, 32.68985976955737], [-117.21205074773138, 32.68982952843725], [-117.21204176457854, 32.68982952843725], [-117.21204176457854, 32.68985976955737], [-117.21205074773138, 32.68985976955737]]}, "properties": {"confidence": "high"}}, {"type": "Feature", "geometry": {"type": "LineString", "coordinates": [[-117.21399110874509, 32.68985220927831], [-117.21399110874509, 32.68982952843725], [-117.21398212559225, 32.68982952843725], [-117.21398212559225, 32.68985220927831], [-117.21399110874509, 32.68985220927831]]}, "properties": {"confidence": "high"}}, {"type": "Feature", "geometry": {"type": "LineString", "coordinates": [[-117.20622068153745, 32.689844648998594], [-117.20622068153745, 32.68982952843725], [-117.2062116983846, 32.68982952843725], [-117.2062116983846, 32.689844648998594], [-117.20622068153745, 32.689844648998594]]}, "properties": {"confidence": "high"}}, {"type": "Feature", "geometry": {"type": "LineString", "coordinates": [[-117.21457501367975, 32.68983708871824], [-117.21457501367975, 32.68982952843725], [-117.21455704737407, 32.68982952843725], [-117.21455704737407, 32.68983708871824], [-117.21457501367975, 32.68983708871824]]}, "properties": {"confidence": "high"}}, {"type": "Feature", "geometry": {"type": "LineString", "coordinates": [[-117.21025411716313, 32.68985220927831], [-117.21025411716313, 32.68982196815562], [-117.2102451340103, 32.68982196815562], [-117.2102451340103, 32.68985220927831], [-117.21025411716313, 32.68985220927831]]}, "properties": {"confidence": "high"}}, {"type": "Feature", "geometry": {"type": "LineString", "coordinates": [[-117.21455704737407, 32.68982952843725], [-117.21455704737407, 32.68982196815562], [-117.21454806422123, 32.68982196815562], [-117.21454806422123, 32.68982952843725], [-117.21455704737407, 32.68982952843725]]}, "properties": {"confidence": "high"}}, {"type": "Feature", "geometry": {"type": "LineString", "coordinates": [[-117.2062296646903, 32.68982952843725], [-117.2062296646903, 32.68981440787335], [-117.20622068153745, 32.68981440787335], [-117.20622068153745, 32.68982952843725], [-117.2062296646903, 32.68982952843725]]}, "properties": {"confidence": "high"}}, {"type": "Feature", "geometry": {"type": "LineString", "coordinates": [[-117.21454806422123, 32.68982196815562], [-117.21454806422123, 32.68981440787335], [-117.21453009791554, 32.68981440787335], [-117.21453009791554, 32.68982196815562], [-117.21454806422123, 32.68982196815562]]}, "properties": {"confidence": "high"}}, {"type": "Feature", "geometry": {"type": "LineString", "coordinates": [[-117.21400009189793, 32.68982952843725], [-117.21400009189793, 32.68980684759044], [-117.21399110874509, 32.68980684759044], [-117.21399110874509, 32.68982952843725], [-117.21400009189793, 32.68982952843725]]}, "properties": {"confidence": "high"}}, {"type": "Feature", "geometry": {"type": "LineString", "coordinates": [[-117.21205973088422, 32.68982952843725], [-117.21205973088422, 32.68980684759044], [-117.21205074773138, 32.68980684759044], [-117.21205074773138, 32.68982952843725], [-117.21205973088422, 32.68982952843725]]}, "properties": {"confidence": "high"}}, {"type": "Feature", "geometry": {"type": "LineString", "coordinates": [[-117.21453009791554, 32.68981440787335], [-117.21453009791554, 32.68980684759044], [-117.21451213160987, 32.68980684759044], [-117.21451213160987, 32.68981440787335], [-117.21453009791554, 32.68981440787335]]}, "properties": {"confidence": "high"}}, {"type": "Feature", "geometry": {"type": "LineString", "coordinates": [[-117.20623864784314, 32.68981440787335], [-117.20623864784314, 32.68979928730688], [-117.2062296646903, 32.68979928730688], [-117.2062296646903, 32.68981440787335], [-117.20623864784314, 32.68981440787335]]}, "properties": {"confidence": "high"}}, {"type": "Feature", "geometry": {"type": "LineString", "coordinates": [[-117.21451213160987, 32.68980684759044], [-117.21451213160987, 32.68979928730688], [-117.21449416530419, 32.68979928730688], [-117.21449416530419, 32.68980684759044], [-117.21451213160987, 32.68980684759044]]}, "properties": {"confidence": "high"}}, {"type": "Feature", "geometry": {"type": "LineString", "coordinates": [[-117.20870003172162, 32.68985976955737], [-117.20870003172162, 32.6897917270227], [-117.20869104856878, 32.6897917270227], [-117.20869104856878, 32.68985976955737], [-117.20870003172162, 32.68985976955737]]}, "properties": {"confidence": "high"}}, {"type": "Feature", "geometry": {"type": "LineString", "coordinates": [[-117.21449416530419, 32.68979928730688], [-117.21449416530419, 32.6897917270227], [-117.2144761989985, 32.6897917270227], [-117.2144761989985, 32.68979928730688], [-117.21449416530419, 32.68979928730688]]}, "properties": {"confidence": "high"}}, {"type": "Feature", "geometry": {"type": "LineString", "coordinates": [[-117.21400907505077, 32.68980684759044], [-117.21400907505077, 32.689784166737866], [-117.21400009189793, 32.689784166737866], [-117.21400009189793, 32.68980684759044], [-117.21400907505077, 32.68980684759044]]}, "properties": {"confidence": "high"}}, {"type": "Feature", "geometry": {"type": "LineString", "coordinates": [[-117.2144761989985, 32.6897917270227], [-117.2144761989985, 32.689784166737866], [-117.21445823269282, 32.689784166737866], [-117.21445823269282, 32.6897917270227], [-117.2144761989985, 32.6897917270227]]}, "properties": {"confidence": "high"}}, {"type": "Feature", "geometry": {"type": "LineString", "coordinates": [[-117.21206871403706, 32.68980684759044], [-117.21206871403706, 32.68977660645239], [-117.21205973088422, 32.68977660645239], [-117.21205973088422, 32.68980684759044], [-117.21206871403706, 32.68980684759044]]}, "properties": {"confidence": "high"}}, {"type": "Feature", "geometry": {"type": "LineString", "coordinates": [[-117.20624763099597, 32.68979928730688], [-117.20624763099597, 32.68977660645239], [-117.20623864784314, 32.68977660645239], [-117.20623864784314, 32.68979928730688], [-117.20624763099597, 32.68979928730688]]}, "properties": {"confidence": "high"}}, {"type": "Feature", "geometry": {"type": "LineString", "coordinates": [[-117.21445823269282, 32.689784166737866], [-117.21445823269282, 32.68977660645239], [-117.21444924953998, 32.68977660645239], [-117.21444924953998, 32.689784166737866], [-117.21445823269282, 32.689784166737866]]}, "properties": {"confidence": "high"}}, {"type": "Feature", "geometry": {"type": "LineString", "coordinates": [[-117.2140180582036, 32.689784166737866], [-117.2140180582036, 32.68976904616628], [-117.21400907505077, 32.68976904616628], [-117.21400907505077, 32.689784166737866], [-117.2140180582036, 32.689784166737866]]}, "properties": {"confidence": "high"}}, {"type": "Feature", "geometry": {"type": "LineString", "coordinates": [[-117.21444924953998, 32.68977660645239], [-117.21444924953998, 32.68976904616628], [-117.2144312832343, 32.68976904616628], [-117.2144312832343, 32.68977660645239], [-117.21444924953998, 32.68977660645239]]}, "properties": {"confidence": "high"}}, {"type": "Feature", "geometry": {"type": "LineString", "coordinates": [[-117.20625661414881, 32.68977660645239], [-117.20625661414881, 32.68976148587953], [-117.20624763099597, 32.68976148587953], [-117.20624763099597, 32.68977660645239], [-117.20625661414881, 32.68977660645239]]}, "properties": {"confidence": "high"}}, {"type": "Feature", "geometry": {"type": "LineString", "coordinates": [[-117.2144312832343, 32.68976904616628], [-117.2144312832343, 32.68976148587953], [-117.21441331692861, 32.68976148587953], [-117.21441331692861, 32.68976904616628], [-117.2144312832343, 32.68976904616628]]}, "properties": {"confidence": "high"}}, {"type": "Feature", "geometry": {"type": "LineString", "coordinates": [[-117.20870901487446, 32.6897917270227], [-117.20870901487446, 32.689753925592136], [-117.20870003172162, 32.689753925592136], [-117.20870003172162, 32.6897917270227], [-117.20870901487446, 32.6897917270227]]}, "properties": {"confidence": "high"}}, {"type": "Feature", "geometry": {"type": "LineString", "coordinates": [[-117.21207769718991, 32.68977660645239], [-117.21207769718991, 32.689753925592136], [-117.21206871403706, 32.689753925592136], [-117.21206871403706, 32.68977660645239], [-117.21207769718991, 32.68977660645239]]}, "properties": {"confidence": "high"}}, {"type": "Feature", "geometry": {"type": "LineString", "coordinates": [[-117.21441331692861, 32.68976148587953], [-117.21441331692861, 32.689753925592136], [-117.21440433377578, 32.689753925592136], [-117.21440433377578, 32.68976148587953], [-117.21441331692861, 32.68976148587953]]}, "properties": {"confidence": "high"}}, {"type": "Feature", "geometry": {"type": "LineString", "coordinates": [[-117.21402704135646, 32.68976904616628], [-117.21402704135646, 32.6897463653041], [-117.2140180582036, 32.6897463653041], [-117.2140180582036, 32.68976904616628], [-117.21402704135646, 32.68976904616628]]}, "properties": {"confidence": "high"}}, {"type": "Feature", "geometry": {"type": "LineString", "coordinates": [[-117.21440433377578, 32.689753925592136], [-117.21440433377578, 32.6897463653041], [-117.2143863674701, 32.6897463653041], [-117.2143863674701, 32.689753925592136], [-117.21440433377578, 32.689753925592136]]}, "properties": {"confidence": "high"}}, {"type": "Feature", "geometry": {"type": "LineString", "coordinates": [[-117.20626559730165, 32.68976148587953], [-117.20626559730165, 32.68973880501543], [-117.20625661414881, 32.68973880501543], [-117.20625661414881, 32.68976148587953], [-117.20626559730165, 32.68976148587953]]}, "properties": {"confidence": "high"}}, {"type": "Feature", "geometry": {"type": "LineString", "coordinates": [[-117.2143863674701, 32.6897463653041], [-117.2143863674701, 32.68973880501543], [-117.2143684011644, 32.68973880501543], [-117.2143684011644, 32.6897463653041], [-117.2143863674701, 32.6897463653041]]}, "properties": {"confidence": "high"}}, {"type": "Feature", "geometry": {"type": "LineString", "coordinates": [[-117.21208668034275, 32.689753925592136], [-117.21208668034275, 32.68973124472612], [-117.21207769718991, 32.68973124472612], [-117.21207769718991, 32.689753925592136], [-117.21208668034275, 32.689753925592136]]}, "properties": {"confidence": "high"}}, {"type": "Feature", "geometry": {"type": "LineString", "coordinates": [[-117.2143684011644, 32.68973880501543], [-117.2143684011644, 32.68973124472612], [-117.21435941801157, 32.68973124472612], [-117.21435941801157, 32.68973880501543], [-117.2143684011644, 32.68973880501543]]}, "properties": {"confidence": "high"}}, {"type": "Feature", "geometry": {"type": "LineString", "coordinates": [[-117.2140360245093, 32.6897463653041], [-117.2140360245093, 32.68972368443617], [-117.21402704135646, 32.68972368443617], [-117.21402704135646, 32.6897463653041], [-117.2140360245093, 32.6897463653041]]}, "properties": {"confidence": "high"}}, {"type": "Feature", "geometry": {"type": "LineString", "coordinates": [[-117.21435941801157, 32.68973124472612], [-117.21435941801157, 32.68972368443617], [-117.21434145170589, 32.68972368443617], [-117.21434145170589, 32.68973124472612], [-117.21435941801157, 32.68973124472612]]}, "properties": {"confidence": "high"}}, {"type": "Feature", "geometry": {"type": "LineString", "coordinates": [[-117.20870003172162, 32.689753925592136], [-117.20870003172162, 32.68971612414557], [-117.20868206541593, 32.68971612414557], [-117.20868206541593, 32.68972368443617], [-117.20869104856878, 32.68972368443617], [-117.20869104856878, 32.689753925592136], [-117.20870003172162, 32.689753925592136]]}, "properties": {"confidence": "high"}}, {"type": "Feature", "geometry": {"type": "LineString", "coordinates": [[-117.21209566349559, 32.68973124472612], [-117.21209566349559, 32.68971612414557], [-117.21208668034275, 32.68971612414557], [-117.21208668034275, 32.68973124472612], [-117.21209566349559, 32.68973124472612]]}, "properties": {"confidence": "high"}}, {"type": "Feature", "geometry": {"type": "LineString", "coordinates": [[-117.21434145170589, 32.68972368443617], [-117.21434145170589, 32.68971612414557], [-117.21433246855305, 32.68971612414557], [-117.21433246855305, 32.68972368443617], [-117.21434145170589, 32.68972368443617]]}, "properties": {"confidence": "high"}}, {"type": "Feature", "geometry": {"type": "LineString", "coordinates": [[-117.21404500766214, 32.68972368443617], [-117.21404500766214, 32.68970856385434], [-117.2140360245093, 32.68970856385434], [-117.2140360245093, 32.68972368443617], [-117.21404500766214, 32.68972368443617]]}, "properties": {"confidence": "high"}}, {"type": "Feature", "geometry": {"type": "LineString", "coordinates": [[-117.21433246855305, 32.68971612414557], [-117.21433246855305, 32.68970856385434], [-117.21431450224736, 32.68970856385434], [-117.21431450224736, 32.68971612414557], [-117.21433246855305, 32.68971612414557]]}, "properties": {"confidence": "high"}}, {"type": "Feature", "geometry": {"type": "LineString", "coordinates": [[-117.20870901487446, 32.68971612414557], [-117.20870901487446, 32.68970856385434], [-117.20870003172162, 32.68970856385434], [-117.20870003172162, 32.68971612414557], [-117.20870901487446, 32.68971612414557]]}, "properties": {"confidence": "high"}}, {"type": "Feature", "geometry": {"type": "LineString", "coordinates": [[-117.20868206541593, 32.68971612414557], [-117.20868206541593, 32.68970856385434], [-117.20865511595741, 32.68970856385434], [-117.20865511595741, 32.68971612414557], [-117.20868206541593, 32.68971612414557]]}, "properties": {"confidence": "high"}}, {"type": "Feature", "geometry": {"type": "LineString", "coordinates": [[-117.2062745804545, 32.68973880501543], [-117.2062745804545, 32.68970100356246], [-117.20626559730165, 32.68970100356246], [-117.20626559730165, 32.68973880501543], [-117.2062745804545, 32.68973880501543]]}, "properties": {"confidence": "high"}}, {"type": "Feature", "geometry": {"type": "LineString", "coordinates": [[-117.21431450224736, 32.68970856385434], [-117.21431450224736, 32.68970100356246], [-117.21429653594168, 32.68970100356246], [-117.21429653594168, 32.68970856385434], [-117.21431450224736, 32.68970856385434]]}, "properties": {"confidence": "high"}}, {"type": "Feature", "geometry": {"type": "LineString", "coordinates": [[-117.21405399081497, 32.68970856385434], [-117.21405399081497, 32.68970100356246], [-117.21404500766214, 32.68970100356246], [-117.21404500766214, 32.68970856385434], [-117.21405399081497, 32.68970856385434]]}, "properties": {"confidence": "high"}}, {"type": "Feature", "geometry": {"type": "LineString", "coordinates": [[-117.20865511595741, 32.68970856385434], [-117.20865511595741, 32.68970100356246], [-117.20862816649888, 32.68970100356246], [-117.20862816649888, 32.68970856385434], [-117.20865511595741, 32.68970856385434]]}, "properties": {"confidence": "high"}}, {"type": "Feature", "geometry": {"type": "LineString", "coordinates": [[-117.21210464664843, 32.68971612414557], [-117.21210464664843, 32.689693443269945], [-117.21209566349559, 32.689693443269945], [-117.21209566349559, 32.68971612414557], [-117.21210464664843, 32.68971612414557]]}, "properties": {"confidence": "high"}}, {"type": "Feature", "geometry": {"type": "LineString", "coordinates": [[-117.21429653594168, 32.68970100356246], [-117.21429653594168, 32.689693443269945], [-117.21428755278885, 32.689693443269945], [-117.21428755278885, 32.68970100356246], [-117.21429653594168, 32.68970100356246]]}, "properties": {"confidence": "high"}}, {"type": "Feature", "geometry": {"type": "LineString", "coordinates": [[-117.20862816649888, 32.68970100356246], [-117.20862816649888, 32.689693443269945], [-117.20861918334604, 32.689693443269945], [-117.20861918334604, 32.68970100356246], [-117.20862816649888, 32.68970100356246]]}, "properties": {"confidence": "high"}}, {"type": "Feature", "geometry": {"type": "LineString", "coordinates": [[-117.2087179980273, 32.68970856385434], [-117.2087179980273, 32.6896858829768], [-117.20870901487446, 32.6896858829768], [-117.20870901487446, 32.68970856385434], [-117.2087179980273, 32.68970856385434]]}, "properties": {"confidence": "high"}}, {"type": "Feature", "geometry": {"type": "LineString", "coordinates": [[-117.21406297396781, 32.68970100356246], [-117.21406297396781, 32.6896858829768], [-117.21405399081497, 32.6896858829768], [-117.21405399081497, 32.68970100356246], [-117.21406297396781, 32.68970100356246]]}, "properties": {"confidence": "high"}}, {"type": "Feature", "geometry": {"type": "LineString", "coordinates": [[-117.20628356360734, 32.68970100356246], [-117.20628356360734, 32.6896858829768], [-117.2062745804545, 32.6896858829768], [-117.2062745804545, 32.68970100356246], [-117.20628356360734, 32.68970100356246]]}, "properties": {"confidence": "high"}}, {"type": "Feature", "geometry": {"type": "LineString", "coordinates": [[-117.21428755278885, 32.689693443269945], [-117.21428755278885, 32.6896858829768], [-117.21426958648316, 32.6896858829768], [-117.21426958648316, 32.689693443269945], [-117.21428755278885, 32.689693443269945]]}, "properties": {"confidence": "high"}}, {"type": "Feature", "geometry": {"type": "LineString", "coordinates": [[-117.20861918334604, 32.689693443269945], [-117.20861918334604, 32.6896858829768], [-117.20860121704037, 32.6896858829768], [-117.20860121704037, 32.689693443269945], [-117.20861918334604, 32.689693443269945]]}, "properties": {"confidence": "high"}}, {"type": "Feature", "geometry": {"type": "LineString", "coordinates": [[-117.21426958648316, 32.6896858829768], [-117.21426958648316, 32.689678322683], [-117.21426060333032, 32.689678322683], [-117.21426060333032, 32.6896858829768], [-117.21426958648316, 32.6896858829768]]}, "properties": {"confidence": "high"}}, {"type": "Feature", "geometry": {"type": "LineString", "coordinates": [[-117.20860121704037, 32.6896858829768], [-117.20860121704037, 32.689678322683], [-117.20859223388753, 32.689678322683], [-117.20859223388753, 32.6896858829768], [-117.20860121704037, 32.6896858829768]]}, "properties": {"confidence": "high"}}, {"type": "Feature", "geometry": {"type": "LineString", "coordinates": [[-117.21211362980127, 32.689693443269945], [-117.21211362980127, 32.689670762388566], [-117.21210464664843, 32.689670762388566], [-117.21210464664843, 32.689693443269945], [-117.21211362980127, 32.689693443269945]]}, "properties": {"confidence": "high"}}, {"type": "Feature", "geometry": {"type": "LineString", "coordinates": [[-117.21407195712065, 32.6896858829768], [-117.21407195712065, 32.689670762388566], [-117.21406297396781, 32.689670762388566], [-117.21406297396781, 32.6896858829768], [-117.21407195712065, 32.6896858829768]]}, "properties": {"confidence": "high"}}, {"type": "Feature", "geometry": {"type": "LineString", "coordinates": [[-117.20629254676018, 32.6896858829768], [-117.20629254676018, 32.689670762388566], [-117.20628356360734, 32.689670762388566], [-117.20628356360734, 32.6896858829768], [-117.20629254676018, 32.6896858829768]]}, "properties": {"confidence": "high"}}, {"type": "Feature", "geometry": {"type": "LineString", "coordinates": [[-117.21426060333032, 32.689678322683], [-117.21426060333032, 32.689670762388566], [-117.21424263702464, 32.689670762388566], [-117.21424263702464, 32.689678322683], [-117.21426060333032, 32.689678322683]]}, "properties": {"confidence": "high"}}, {"type": "Feature", "geometry": {"type": "LineString", "coordinates": [[-117.20859223388753, 32.689678322683], [-117.20859223388753, 32.689670762388566], [-117.20858325073469, 32.689670762388566], [-117.20858325073469, 32.689678322683], [-117.20859223388753, 32.689678322683]]}, "properties": {"confidence": "high"}}, {"type": "Feature", "geometry": {"type": "LineString", "coordinates": [[-117.21026310031597, 32.68982196815562], [-117.21026310031597, 32.689663202093485], [-117.21025411716313, 32.689663202093485], [-117.21025411716313, 32.68982196815562], [-117.21026310031597, 32.68982196815562]]}, "properties": {"confidence": "high"}}, {"type": "Feature", "geometry": {"type": "LineString", "coordinates": [[-117.21424263702464, 32.689670762388566], [-117.21424263702464, 32.689663202093485], [-117.21421568756611, 32.689663202093485], [-117.21421568756611, 32.689670762388566], [-117.21424263702464, 32.689670762388566]]}, "properties": {"confidence": "high"}}, {"type": "Feature", "geometry": {"type": "LineString", "coordinates": [[-117.21408992342634, 32.689670762388566], [-117.21408992342634, 32.689663202093485], [-117.21407195712065, 32.689663202093485], [-117.21407195712065, 32.689670762388566], [-117.21408992342634, 32.689670762388566]]}, "properties": {"confidence": "high"}}, {"type": "Feature", "geometry": {"type": "LineString", "coordinates": [[-117.20858325073469, 32.689670762388566], [-117.20858325073469, 32.689663202093485], [-117.208565284429, 32.689663202093485], [-117.208565284429, 32.689670762388566], [-117.20858325073469, 32.689670762388566]]}, "properties": {"confidence": "high"}}, {"type": "Feature", "geometry": {"type": "LineString", "coordinates": [[-117.21421568756611, 32.689663202093485], [-117.21421568756611, 32.68965564179778], [-117.21419772126043, 32.68965564179778], [-117.21419772126043, 32.689663202093485], [-117.21421568756611, 32.689663202093485]]}, "properties": {"confidence": "high"}}, {"type": "Feature", "geometry": {"type": "LineString", "coordinates": [[-117.21409890657918, 32.689663202093485], [-117.21409890657918, 32.68965564179778], [-117.21408992342634, 32.68965564179778], [-117.21408992342634, 32.689663202093485], [-117.21409890657918, 32.689663202093485]]}, "properties": {"confidence": "high"}}, {"type": "Feature", "geometry": {"type": "LineString", "coordinates": [[-117.208565284429, 32.689663202093485], [-117.208565284429, 32.68965564179778], [-117.20855630127616, 32.68965564179778], [-117.20855630127616, 32.689663202093485], [-117.208565284429, 32.689663202093485]]}, "properties": {"confidence": "high"}}, {"type": "Feature", "geometry": {"type": "LineString", "coordinates": [[-117.21212261295412, 32.689670762388566], [-117.21212261295412, 32.68964808150142], [-117.21211362980127, 32.68964808150142], [-117.21211362980127, 32.689670762388566], [-117.21212261295412, 32.689670762388566]]}, "properties": {"confidence": "high"}}, {"type": "Feature", "geometry": {"type": "LineString", "coordinates": [[-117.21419772126043, 32.68965564179778], [-117.21419772126043, 32.68964808150142], [-117.21409890657918, 32.68964808150142], [-117.21409890657918, 32.68965564179778], [-117.21419772126043, 32.68965564179778]]}, "properties": {"confidence": "high"}}, {"type": "Feature", "geometry": {"type": "LineString", "coordinates": [[-117.20855630127616, 32.68965564179778], [-117.20855630127616, 32.68964808150142], [-117.20854731812332, 32.68964808150142], [-117.20854731812332, 32.68965564179778], [-117.20855630127616, 32.68965564179778]]}, "properties": {"confidence": "high"}}, {"type": "Feature", "geometry": {"type": "LineString", "coordinates": [[-117.20872698118013, 32.6896858829768], [-117.20872698118013, 32.689640521204424], [-117.2087179980273, 32.689640521204424], [-117.2087179980273, 32.6896858829768], [-117.20872698118013, 32.6896858829768]]}, "properties": {"confidence": "high"}}, {"type": "Feature", "geometry": {"type": "LineString", "coordinates": [[-117.20630152991302, 32.689670762388566], [-117.20630152991302, 32.689640521204424], [-117.20629254676018, 32.689640521204424], [-117.20629254676018, 32.689670762388566], [-117.20630152991302, 32.689670762388566]]}, "properties": {"confidence": "high"}}, {"type": "Feature", "geometry": {"type": "LineString", "coordinates": [[-117.20854731812332, 32.68964808150142], [-117.20854731812332, 32.689640521204424], [-117.20853833497048, 32.689640521204424], [-117.20853833497048, 32.68964808150142], [-117.20854731812332, 32.68964808150142]]}, "properties": {"confidence": "high"}}, {"type": "Feature", "geometry": {"type": "LineString", "coordinates": [[-117.20853833497048, 32.689640521204424], [-117.20853833497048, 32.68963296090679], [-117.20852935181763, 32.68963296090679], [-117.20852935181763, 32.689640521204424], [-117.20853833497048, 32.689640521204424]]}, "properties": {"confidence": "high"}}, {"type": "Feature", "geometry": {"type": "LineString", "coordinates": [[-117.21213159610696, 32.68964808150142], [-117.21213159610696, 32.68962540060851], [-117.21212261295412, 32.68962540060851], [-117.21212261295412, 32.68964808150142], [-117.21213159610696, 32.68964808150142]]}, "properties": {"confidence": "high"}}, {"type": "Feature", "geometry": {"type": "LineString", "coordinates": [[-117.20852935181763, 32.68963296090679], [-117.20852935181763, 32.68962540060851], [-117.2085203686648, 32.68962540060851], [-117.2085203686648, 32.68963296090679], [-117.20852935181763, 32.68963296090679]]}, "properties": {"confidence": "high"}}, {"type": "Feature", "geometry": {"type": "LineString", "coordinates": [[-117.21025411716313, 32.689663202093485], [-117.21025411716313, 32.68961784030959], [-117.2102451340103, 32.68961784030959], [-117.2102451340103, 32.689663202093485], [-117.21025411716313, 32.689663202093485]]}, "properties": {"confidence": "high"}}, {"type": "Feature", "geometry": {"type": "LineString", "coordinates": [[-117.20631051306586, 32.689640521204424], [-117.20631051306586, 32.68961784030959], [-117.20630152991302, 32.68961784030959], [-117.20630152991302, 32.689640521204424], [-117.20631051306586, 32.689640521204424]]}, "properties": {"confidence": "high"}}, {"type": "Feature", "geometry": {"type": "LineString", "coordinates": [[-117.2085203686648, 32.68962540060851], [-117.2085203686648, 32.68961784030959], [-117.20851138551195, 32.68961784030959], [-117.20851138551195, 32.68962540060851], [-117.2085203686648, 32.68962540060851]]}, "properties": {"confidence": "high"}}, {"type": "Feature", "geometry": {"type": "LineString", "coordinates": [[-117.20851138551195, 32.68961784030959], [-117.20851138551195, 32.68961028001004], [-117.20850240235912, 32.68961028001004], [-117.20850240235912, 32.68961784030959], [-117.20851138551195, 32.68961784030959]]}, "properties": {"confidence": "high"}}, {"type": "Feature", "geometry": {"type": "LineString", "coordinates": [[-117.20850240235912, 32.68961028001004], [-117.20850240235912, 32.68960271970984], [-117.20849341920628, 32.68960271970984], [-117.20849341920628, 32.68961028001004], [-117.20850240235912, 32.68961028001004]]}, "properties": {"confidence": "high"}}, {"type": "Feature", "geometry": {"type": "LineString", "coordinates": [[-117.2121405792598, 32.68962540060851], [-117.2121405792598, 32.689595159409], [-117.21213159610696, 32.689595159409], [-117.21213159610696, 32.68962540060851], [-117.2121405792598, 32.68962540060851]]}, "properties": {"confidence": "high"}}, {"type": "Feature", "geometry": {"type": "LineString", "coordinates": [[-117.2063194962187, 32.68961784030959], [-117.2063194962187, 32.689595159409], [-117.20631051306586, 32.689595159409], [-117.20631051306586, 32.68961784030959], [-117.2063194962187, 32.68961784030959]]}, "properties": {"confidence": "high"}}, {"type": "Feature", "geometry": {"type": "LineString", "coordinates": [[-117.20849341920628, 32.68960271970984], [-117.20849341920628, 32.689595159409], [-117.20848443605344, 32.689595159409], [-117.20848443605344, 32.68960271970984], [-117.20849341920628, 32.68960271970984]]}, "properties": {"confidence": "high"}}, {"type": "Feature", "geometry": {"type": "LineString", "coordinates": [[-117.20848443605344, 32.689595159409], [-117.20848443605344, 32.689587599107526], [-117.20847545290059, 32.689587599107526], [-117.20847545290059, 32.689595159409], [-117.20848443605344, 32.689595159409]]}, "properties": {"confidence": "high"}}, {"type": "Feature", "geometry": {"type": "LineString", "coordinates": [[-117.20847545290059, 32.689587599107526], [-117.20847545290059, 32.68958003880541], [-117.20846646974775, 32.68958003880541], [-117.20846646974775, 32.689587599107526], [-117.20847545290059, 32.689587599107526]]}, "properties": {"confidence": "high"}}, {"type": "Feature", "geometry": {"type": "LineString", "coordinates": [[-117.20846646974775, 32.68958003880541], [-117.20846646974775, 32.689572478502654], [-117.20845748659491, 32.689572478502654], [-117.20845748659491, 32.68958003880541], [-117.20846646974775, 32.68958003880541]]}, "properties": {"confidence": "high"}}, {"type": "Feature", "geometry": {"type": "LineString", "coordinates": [[-117.2102451340103, 32.68961784030959], [-117.2102451340103, 32.68956491819926], [-117.21023615085745, 32.68956491819926], [-117.21023615085745, 32.68961784030959], [-117.2102451340103, 32.68961784030959]]}, "properties": {"confidence": "high"}}, {"type": "Feature", "geometry": {"type": "LineString", "coordinates": [[-117.21214956241263, 32.689595159409], [-117.21214956241263, 32.68956491819926], [-117.2121405792598, 32.68956491819926], [-117.2121405792598, 32.689595159409], [-117.21214956241263, 32.689595159409]]}, "properties": {"confidence": "high"}}, {"type": "Feature", "geometry": {"type": "LineString", "coordinates": [[-117.20632847937155, 32.689595159409], [-117.20632847937155, 32.68956491819926], [-117.2063194962187, 32.68956491819926], [-117.2063194962187, 32.689595159409], [-117.20632847937155, 32.689595159409]]}, "properties": {"confidence": "high"}}, {"type": "Feature", "geometry": {"type": "LineString", "coordinates": [[-117.20845748659491, 32.689572478502654], [-117.20845748659491, 32.68956491819926], [-117.20844850344207, 32.68956491819926], [-117.20844850344207, 32.689572478502654], [-117.20845748659491, 32.689572478502654]]}, "properties": {"confidence": "high"}}, {"type": "Feature", "geometry": {"type": "LineString", "coordinates": [[-117.20844850344207, 32.68956491819926], [-117.20844850344207, 32.68955735789522], [-117.20843952028923, 32.68955735789522], [-117.20843952028923, 32.68956491819926], [-117.20844850344207, 32.68956491819926]]}, "properties": {"confidence": "high"}}, {"type": "Feature", "geometry": {"type": "LineString", "coordinates": [[-117.20633746252439, 32.68956491819926], [-117.20633746252439, 32.689549797590544], [-117.20632847937155, 32.689549797590544], [-117.20632847937155, 32.68956491819926], [-117.20633746252439, 32.68956491819926]]}, "properties": {"confidence": "high"}}, {"type": "Feature", "geometry": {"type": "LineString", "coordinates": [[-117.20843952028923, 32.68955735789522], [-117.20843952028923, 32.689549797590544], [-117.2084305371364, 32.689549797590544], [-117.2084305371364, 32.68955735789522], [-117.20843952028923, 32.68955735789522]]}, "properties": {"confidence": "high"}}, {"type": "Feature", "geometry": {"type": "LineString", "coordinates": [[-117.21023615085745, 32.68956491819926], [-117.21023615085745, 32.689542237285224], [-117.21022716770462, 32.689542237285224], [-117.21022716770462, 32.68956491819926], [-117.21023615085745, 32.68956491819926]]}, "properties": {"confidence": "high"}}, {"type": "Feature", "geometry": {"type": "LineString", "coordinates": [[-117.2084305371364, 32.689549797590544], [-117.2084305371364, 32.689542237285224], [-117.20842155398354, 32.689542237285224], [-117.20842155398354, 32.689549797590544], [-117.2084305371364, 32.689549797590544]]}, "properties": {"confidence": "high"}}, {"type": "Feature", "geometry": {"type": "LineString", "coordinates": [[-117.20873596433299, 32.689640521204424], [-117.20873596433299, 32.689534676979264], [-117.20872698118013, 32.689534676979264], [-117.20872698118013, 32.689640521204424], [-117.20873596433299, 32.689640521204424]]}, "properties": {"confidence": "high"}}, {"type": "Feature", "geometry": {"type": "LineString", "coordinates": [[-117.21215854556547, 32.68956491819926], [-117.21215854556547, 32.689534676979264], [-117.21214956241263, 32.689534676979264], [-117.21214956241263, 32.68956491819926], [-117.21215854556547, 32.68956491819926]]}, "properties": {"confidence": "high"}}, {"type": "Feature", "geometry": {"type": "LineString", "coordinates": [[-117.20842155398354, 32.689542237285224], [-117.20842155398354, 32.689534676979264], [-117.2084125708307, 32.689534676979264], [-117.2084125708307, 32.689542237285224], [-117.20842155398354, 32.689542237285224]]}, "properties": {"confidence": "high"}}, {"type": "Feature", "geometry": {"type": "LineString", "coordinates": [[-117.2084125708307, 32.689534676979264], [-117.2084125708307, 32.689527116672664], [-117.20840358767786, 32.689527116672664], [-117.20840358767786, 32.689534676979264], [-117.2084125708307, 32.689534676979264]]}, "properties": {"confidence": "high"}}, {"type": "Feature", "geometry": {"type": "LineString", "coordinates": [[-117.20634644567723, 32.689549797590544], [-117.20634644567723, 32.68951955636543], [-117.20633746252439, 32.68951955636543], [-117.20633746252439, 32.689549797590544], [-117.20634644567723, 32.689549797590544]]}, "properties": {"confidence": "high"}}, {"type": "Feature", "geometry": {"type": "LineString", "coordinates": [[-117.20840358767786, 32.689527116672664], [-117.20840358767786, 32.68951955636543], [-117.20839460452503, 32.68951955636543], [-117.20839460452503, 32.689527116672664], [-117.20840358767786, 32.689527116672664]]}, "properties": {"confidence": "high"}}, {"type": "Feature", "geometry": {"type": "LineString", "coordinates": [[-117.21022716770462, 32.689542237285224], [-117.21022716770462, 32.68951199605755], [-117.21021818455176, 32.68951199605755], [-117.21021818455176, 32.689542237285224], [-117.21022716770462, 32.689542237285224]]}, "properties": {"confidence": "high"}}, {"type": "Feature", "geometry": {"type": "LineString", "coordinates": [[-117.20839460452503, 32.68951955636543], [-117.20839460452503, 32.68951199605755], [-117.20838562137219, 32.68951199605755], [-117.20838562137219, 32.68951955636543], [-117.20839460452503, 32.68951955636543]]}, "properties": {"confidence": "high"}}, {"type": "Feature", "geometry": {"type": "LineString", "coordinates": [[-117.21021818455176, 32.68951199605755], [-117.21021818455176, 32.68950443574902], [-117.21020920139892, 32.68950443574902], [-117.21020920139892, 32.68951199605755], [-117.21021818455176, 32.68951199605755]]}, "properties": {"confidence": "high"}}, {"type": "Feature", "geometry": {"type": "LineString", "coordinates": [[-117.20838562137219, 32.68951199605755], [-117.20838562137219, 32.68950443574902], [-117.20837663821933, 32.68950443574902], [-117.20837663821933, 32.68951199605755], [-117.20838562137219, 32.68951199605755]]}, "properties": {"confidence": "high"}}, {"type": "Feature", "geometry": {"type": "LineString", "coordinates": [[-117.21216752871831, 32.689534676979264], [-117.21216752871831, 32.68949687543987], [-117.21215854556547, 32.68949687543987], [-117.21215854556547, 32.689534676979264], [-117.21216752871831, 32.689534676979264]]}, "properties": {"confidence": "high"}}, {"type": "Feature", "geometry": {"type": "LineString", "coordinates": [[-117.20837663821933, 32.68950443574902], [-117.20837663821933, 32.68949687543987], [-117.2083676550665, 32.68949687543987], [-117.2083676550665, 32.68950443574902], [-117.20837663821933, 32.68950443574902]]}, "properties": {"confidence": "high"}}, {"type": "Feature", "geometry": {"type": "LineString", "coordinates": [[-117.20635542883007, 32.68951955636543], [-117.20635542883007, 32.689489315130075], [-117.20634644567723, 32.689489315130075], [-117.20634644567723, 32.68951955636543], [-117.20635542883007, 32.68951955636543]]}, "properties": {"confidence": "high"}}, {"type": "Feature", "geometry": {"type": "LineString", "coordinates": [[-117.2083676550665, 32.68949687543987], [-117.2083676550665, 32.689489315130075], [-117.20834968876082, 32.689489315130075], [-117.20834968876082, 32.68949687543987], [-117.2083676550665, 32.68949687543987]]}, "properties": {"confidence": "high"}}, {"type": "Feature", "geometry": {"type": "LineString", "coordinates": [[-117.20834968876082, 32.689489315130075], [-117.20834968876082, 32.68948175481963], [-117.20834070560798, 32.68948175481963], [-117.20834070560798, 32.689489315130075], [-117.20834968876082, 32.689489315130075]]}, "properties": {"confidence": "high"}}, {"type": "Feature", "geometry": {"type": "LineString", "coordinates": [[-117.21217651187116, 32.68949687543987], [-117.21217651187116, 32.68947419450855], [-117.21216752871831, 32.68947419450855], [-117.21216752871831, 32.68949687543987], [-117.21217651187116, 32.68949687543987]]}, "properties": {"confidence": "high"}}, {"type": "Feature", "geometry": {"type": "LineString", "coordinates": [[-117.20834070560798, 32.68948175481963], [-117.20834070560798, 32.68947419450855], [-117.20833172245514, 32.68947419450855], [-117.20833172245514, 32.68948175481963], [-117.20834070560798, 32.68948175481963]]}, "properties": {"confidence": "high"}}, {"type": "Feature", "geometry": {"type": "LineString", "coordinates": [[-117.20833172245514, 32.68947419450855], [-117.20833172245514, 32.68946663419683], [-117.20832273930229, 32.68946663419683], [-117.20832273930229, 32.68947419450855], [-117.20833172245514, 32.68947419450855]]}, "properties": {"confidence": "high"}}, {"type": "Feature", "geometry": {"type": "LineString", "coordinates": [[-117.2063644119829, 32.689489315130075], [-117.2063644119829, 32.68945907388447], [-117.20635542883007, 32.68945907388447], [-117.20635542883007, 32.689489315130075], [-117.2063644119829, 32.689489315130075]]}, "properties": {"confidence": "high"}}, {"type": "Feature", "geometry": {"type": "LineString", "coordinates": [[-117.20832273930229, 32.68946663419683], [-117.20832273930229, 32.68945907388447], [-117.20830477299661, 32.68945907388447], [-117.20830477299661, 32.68946663419683], [-117.20832273930229, 32.68946663419683]]}, "properties": {"confidence": "high"}}, {"type": "Feature", "geometry": {"type": "LineString", "coordinates": [[-117.20830477299661, 32.68945907388447], [-117.20830477299661, 32.68945151357148], [-117.20829578984377, 32.68945151357148], [-117.20829578984377, 32.68945907388447], [-117.20830477299661, 32.68945907388447]]}, "properties": {"confidence": "high"}}, {"type": "Feature", "geometry": {"type": "LineString", "coordinates": [[-117.212185495024, 32.68947419450855], [-117.212185495024, 32.689443953257836], [-117.21217651187116, 32.689443953257836], [-117.21217651187116, 32.68947419450855], [-117.212185495024, 32.68947419450855]]}, "properties": {"confidence": "high"}}, {"type": "Feature", "geometry": {"type": "LineString", "coordinates": [[-117.20829578984377, 32.68945151357148], [-117.20829578984377, 32.689443953257836], [-117.2082778235381, 32.689443953257836], [-117.2082778235381, 32.68945151357148], [-117.20829578984377, 32.68945151357148]]}, "properties": {"confidence": "high"}}, {"type": "Feature", "geometry": {"type": "LineString", "coordinates": [[-117.20874494748583, 32.689534676979264], [-117.20874494748583, 32.689436392943556], [-117.20873596433299, 32.689436392943556], [-117.20873596433299, 32.689534676979264], [-117.20874494748583, 32.689534676979264]]}, "properties": {"confidence": "high"}}, {"type": "Feature", "geometry": {"type": "LineString", "coordinates": [[-117.2082778235381, 32.689443953257836], [-117.2082778235381, 32.689436392943556], [-117.20826884038524, 32.689436392943556], [-117.20826884038524, 32.689443953257836], [-117.2082778235381, 32.689443953257836]]}, "properties": {"confidence": "high"}}, {"type": "Feature", "geometry": {"type": "LineString", "coordinates": [[-117.20826884038524, 32.689436392943556], [-117.20826884038524, 32.68942883262863], [-117.20825087407957, 32.68942883262863], [-117.20825087407957, 32.689436392943556], [-117.20826884038524, 32.689436392943556]]}, "properties": {"confidence": "high"}}, {"type": "Feature", "geometry": {"type": "LineString", "coordinates": [[-117.20825087407957, 32.68942883262863], [-117.20825087407957, 32.68942127231307], [-117.20824189092673, 32.68942127231307], [-117.20824189092673, 32.68942883262863], [-117.20825087407957, 32.68942883262863]]}, "properties": {"confidence": "high"}}, {"type": "Feature", "geometry": {"type": "LineString", "coordinates": [[-117.20824189092673, 32.68942127231307], [-117.20824189092673, 32.68941371199687], [-117.20822392462104, 32.68941371199687], [-117.20822392462104, 32.68942127231307], [-117.20824189092673, 32.68942127231307]]}, "properties": {"confidence": "high"}}, {"type": "Feature", "geometry": {"type": "LineString", "coordinates": [[-117.21219447817684, 32.689443953257836], [-117.21219447817684, 32.68940615168003], [-117.212185495024, 32.68940615168003], [-117.212185495024, 32.689443953257836], [-117.21219447817684, 32.689443953257836]]}, "properties": {"confidence": "high"}}, {"type": "Feature", "geometry": {"type": "LineString", "coordinates": [[-117.20822392462104, 32.68941371199687], [-117.20822392462104, 32.68940615168003], [-117.20820595831536, 32.68940615168003], [-117.20820595831536, 32.68941371199687], [-117.20822392462104, 32.68941371199687]]}, "properties": {"confidence": "high"}}, {"type": "Feature", "geometry": {"type": "LineString", "coordinates": [[-117.20820595831536, 32.68940615168003], [-117.20820595831536, 32.68939859136254], [-117.20818799200968, 32.68939859136254], [-117.20818799200968, 32.68940615168003], [-117.20820595831536, 32.68940615168003]]}, "properties": {"confidence": "high"}}, {"type": "Feature", "geometry": {"type": "LineString", "coordinates": [[-117.21220346132968, 32.68940615168003], [-117.21220346132968, 32.68939103104442], [-117.21219447817684, 32.68939103104442], [-117.21219447817684, 32.68940615168003], [-117.21220346132968, 32.68940615168003]]}, "properties": {"confidence": "high"}}, {"type": "Feature", "geometry": {"type": "LineString", "coordinates": [[-117.21221244448252, 32.68939103104442], [-117.21221244448252, 32.68936078976553], [-117.21220346132968, 32.68936078976553], [-117.21220346132968, 32.68939103104442], [-117.21221244448252, 32.68939103104442]]}, "properties": {"confidence": "high"}}, {"type": "Feature", "geometry": {"type": "LineString", "coordinates": [[-117.21222142763536, 32.68936078976553], [-117.21222142763536, 32.6893305484764], [-117.21221244448252, 32.6893305484764], [-117.21221244448252, 32.68936078976553], [-117.21222142763536, 32.68936078976553]]}, "properties": {"confidence": "high"}}, {"type": "Feature", "geometry": {"type": "LineString", "coordinates": [[-117.20875393063866, 32.689436392943556], [-117.20875393063866, 32.68931542782799], [-117.20874494748583, 32.68931542782799], [-117.20874494748583, 32.689436392943556], [-117.20875393063866, 32.689436392943556]]}, "properties": {"confidence": "high"}}, {"type": "Feature", "geometry": {"type": "LineString", "coordinates": [[-117.21223041078821, 32.6893305484764], [-117.21223041078821, 32.689307867502826], [-117.21222142763536, 32.689307867502826], [-117.21222142763536, 32.6893305484764], [-117.21223041078821, 32.6893305484764]]}, "properties": {"confidence": "high"}}, {"type": "Feature", "geometry": {"type": "LineString", "coordinates": [[-117.2087629137915, 32.68931542782799], [-117.2087629137915, 32.68928518652349], [-117.20875393063866, 32.68928518652349], [-117.20875393063866, 32.68931542782799], [-117.2087629137915, 32.68931542782799]]}, "properties": {"confidence": "high"}}, {"type": "Feature", "geometry": {"type": "LineString", "coordinates": [[-117.21223939394105, 32.689307867502826], [-117.21223939394105, 32.68927762619577], [-117.21223041078821, 32.68927762619577], [-117.21223041078821, 32.689307867502826], [-117.21223939394105, 32.689307867502826]]}, "properties": {"confidence": "high"}}, {"type": "Feature", "geometry": {"type": "LineString", "coordinates": [[-117.21224837709389, 32.68927762619577], [-117.21224837709389, 32.68924738487847], [-117.21223939394105, 32.68924738487847], [-117.21223939394105, 32.68927762619577], [-117.21224837709389, 32.68927762619577]]}, "properties": {"confidence": "high"}}, {"type": "Feature", "geometry": {"type": "LineString", "coordinates": [[-117.21225736024672, 32.68924738487847], [-117.21225736024672, 32.689224703883774], [-117.21224837709389, 32.689224703883774], [-117.21224837709389, 32.68924738487847], [-117.21225736024672, 32.68924738487847]]}, "properties": {"confidence": "high"}}, {"type": "Feature", "geometry": {"type": "LineString", "coordinates": [[-117.21226634339956, 32.689224703883774], [-117.21226634339956, 32.68919446254855], [-117.21225736024672, 32.68919446254855], [-117.21225736024672, 32.689224703883774], [-117.21226634339956, 32.689224703883774]]}, "properties": {"confidence": "high"}}, {"type": "Feature", "geometry": {"type": "LineString", "coordinates": [[-117.21227532655242, 32.68919446254855], [-117.21227532655242, 32.68916422120308], [-117.21226634339956, 32.68916422120308], [-117.21226634339956, 32.68919446254855], [-117.21227532655242, 32.68919446254855]]}, "properties": {"confidence": "high"}}, {"type": "Feature", "geometry": {"type": "LineString", "coordinates": [[-117.21228430970525, 32.68916422120308], [-117.21228430970525, 32.68914154018726], [-117.21227532655242, 32.68914154018726], [-117.21227532655242, 32.68916422120308], [-117.21228430970525, 32.68916422120308]]}, "properties": {"confidence": "high"}}, {"type": "Feature", "geometry": {"type": "LineString", "coordinates": [[-117.21229329285809, 32.68914154018726], [-117.21229329285809, 32.68911129882385], [-117.21228430970525, 32.68911129882385], [-117.21228430970525, 32.68914154018726], [-117.21229329285809, 32.68914154018726]]}, "properties": {"confidence": "high"}}, {"type": "Feature", "geometry": {"type": "LineString", "coordinates": [[-117.21230227601093, 32.68911129882385], [-117.21230227601093, 32.68908105745022], [-117.21229329285809, 32.68908105745022], [-117.21229329285809, 32.68911129882385], [-117.21230227601093, 32.68911129882385]]}, "properties": {"confidence": "high"}}, {"type": "Feature", "geometry": {"type": "LineString", "coordinates": [[-117.21231125916377, 32.68908105745022], [-117.21231125916377, 32.68905837641327], [-117.21230227601093, 32.68905837641327], [-117.21230227601093, 32.68908105745022], [-117.21231125916377, 32.68908105745022]]}, "properties": {"confidence": "high"}}, {"type": "Feature", "geometry": {"type": "LineString", "coordinates": [[-117.21232024231661, 32.68905837641327], [-117.21232024231661, 32.689028135021715], [-117.21231125916377, 32.689028135021715], [-117.21231125916377, 32.68905837641327], [-117.21232024231661, 32.68905837641327]]}, "properties": {"confidence": "high"}}, {"type": "Feature", "geometry": {"type": "LineString", "coordinates": [[-117.21232922546946, 32.689028135021715], [-117.21232922546946, 32.688997893619906], [-117.21232024231661, 32.688997893619906], [-117.21232024231661, 32.689028135021715], [-117.21232922546946, 32.689028135021715]]}, "properties": {"confidence": "high"}}, {"type": "Feature", "geometry": {"type": "LineString", "coordinates": [[-117.2123382086223, 32.688997893619906], [-117.2123382086223, 32.68896765220786], [-117.21232922546946, 32.68896765220786], [-117.21232922546946, 32.688997893619906], [-117.2123382086223, 32.688997893619906]]}, "properties": {"confidence": "high"}}, {"type": "Feature", "geometry": {"type": "LineString", "coordinates": [[-117.21234719177514, 32.68896765220786], [-117.21234719177514, 32.68893741078557], [-117.2123382086223, 32.68893741078557], [-117.2123382086223, 32.68896765220786], [-117.21234719177514, 32.68896765220786]]}, "properties": {"confidence": "high"}}, {"type": "Feature", "geometry": {"type": "LineString", "coordinates": [[-117.21235617492798, 32.68893741078557], [-117.21235617492798, 32.688914729712124], [-117.21234719177514, 32.688914729712124], [-117.21234719177514, 32.68893741078557], [-117.21235617492798, 32.68893741078557]]}, "properties": {"confidence": "high"}}, {"type": "Feature", "geometry": {"type": "LineString", "coordinates": [[-117.21236515808081, 32.688914729712124], [-117.21236515808081, 32.688892048632916], [-117.21235617492798, 32.688892048632916], [-117.21235617492798, 32.688914729712124], [-117.21236515808081, 32.688914729712124]]}, "properties": {"confidence": "high"}}, {"type": "Feature", "geometry": {"type": "LineString", "coordinates": [[-117.21237414123365, 32.688892048632916], [-117.21237414123365, 32.68886936754796], [-117.21236515808081, 32.68886936754796], [-117.21236515808081, 32.688892048632916], [-117.21237414123365, 32.688892048632916]]}, "properties": {"confidence": "high"}}, {"type": "Feature", "geometry": {"type": "LineString", "coordinates": [[-117.2123831243865, 32.68886936754796], [-117.2123831243865, 32.68884668645723], [-117.21237414123365, 32.68884668645723], [-117.21237414123365, 32.68886936754796], [-117.2123831243865, 32.68886936754796]]}, "properties": {"confidence": "high"}}, {"type": "Feature", "geometry": {"type": "LineString", "coordinates": [[-117.21239210753934, 32.68884668645723], [-117.21239210753934, 32.68883156572688], [-117.2123831243865, 32.68883156572688], [-117.2123831243865, 32.68884668645723], [-117.21239210753934, 32.68884668645723]]}, "properties": {"confidence": "high"}}, {"type": "Feature", "geometry": {"type": "LineString", "coordinates": [[-117.21240109069218, 32.68883156572688], [-117.21240109069218, 32.688816444993975], [-117.21239210753934, 32.688816444993975], [-117.21239210753934, 32.68883156572688], [-117.21240109069218, 32.68883156572688]]}, "properties": {"confidence": "high"}}, {"type": "Feature", "geometry": {"type": "LineString", "coordinates": [[-117.21241007384502, 32.688816444993975], [-117.21241007384502, 32.688793763889805], [-117.21240109069218, 32.688793763889805], [-117.21240109069218, 32.688816444993975], [-117.21241007384502, 32.688816444993975]]}, "properties": {"confidence": "high"}}, {"type": "Feature", "geometry": {"type": "LineString", "coordinates": [[-117.21241905699786, 32.688793763889805], [-117.21241905699786, 32.688786203520465], [-117.21241007384502, 32.688786203520465], [-117.21241007384502, 32.688793763889805], [-117.21241905699786, 32.688793763889805]]}, "properties": {"confidence": "high"}}, {"type": "Feature", "geometry": {"type": "LineString", "coordinates": [[-117.21242804015071, 32.688786203520465], [-117.21242804015071, 32.68877108277987], [-117.21241905699786, 32.68877108277987], [-117.21241905699786, 32.688786203520465], [-117.21242804015071, 32.688786203520465]]}, "properties": {"confidence": "high"}}, {"type": "Feature", "geometry": {"type": "LineString", "coordinates": [[-117.21243702330355, 32.68877108277987], [-117.21243702330355, 32.688763522408614], [-117.21242804015071, 32.688763522408614], [-117.21242804015071, 32.68877108277987], [-117.21243702330355, 32.68877108277987]]}, "properties": {"confidence": "high"}}, {"type": "Feature", "geometry": {"type": "LineString", "coordinates": [[-117.21244600645639, 32.688763522408614], [-117.21244600645639, 32.68875596203672], [-117.21243702330355, 32.68875596203672], [-117.21243702330355, 32.688763522408614], [-117.21244600645639, 32.688763522408614]]}, "properties": {"confidence": "high"}}, {"type": "Feature", "geometry": {"type": "LineString", "coordinates": [[-117.21245498960923, 32.68875596203672], [-117.21245498960923, 32.68874840166418], [-117.21244600645639, 32.68874840166418], [-117.21244600645639, 32.68875596203672], [-117.21245498960923, 32.68875596203672]]}, "properties": {"confidence": "high"}}, {"type": "Feature", "geometry": {"type": "LineString", "coordinates": [[-117.21246397276207, 32.68874840166418], [-117.21246397276207, 32.68874084129101], [-117.21245498960923, 32.68874084129101], [-117.21245498960923, 32.68874840166418], [-117.21246397276207, 32.68874840166418]]}, "properties": {"confidence": "high"}}, {"type": "Feature", "geometry": {"type": "LineString", "coordinates": [[-117.2124729559149, 32.68874084129101], [-117.2124729559149, 32.68873328091719], [-117.21246397276207, 32.68873328091719], [-117.21246397276207, 32.68874084129101], [-117.2124729559149, 32.68874084129101]]}, "properties": {"confidence": "high"}}, {"type": "Feature", "geometry": {"type": "LineString", "coordinates": [[-117.21248193906776, 32.68873328091719], [-117.21248193906776, 32.68872572054273], [-117.2124729559149, 32.68872572054273], [-117.2124729559149, 32.68873328091719], [-117.21248193906776, 32.68873328091719]]}, "properties": {"confidence": "high"}}, {"type": "Feature", "geometry": {"type": "LineString", "coordinates": [[-117.2124909222206, 32.68872572054273], [-117.2124909222206, 32.68871816016763], [-117.21248193906776, 32.68871816016763], [-117.21248193906776, 32.68872572054273], [-117.2124909222206, 32.68872572054273]]}, "properties": {"confidence": "high"}}, {"type": "Feature", "geometry": {"type": "LineString", "coordinates": [[-117.21249990537343, 32.68871816016763], [-117.21249990537343, 32.68871059979189], [-117.2124909222206, 32.68871059979189], [-117.2124909222206, 32.68871816016763], [-117.21249990537343, 32.68871816016763]]}, "properties": {"confidence": "high"}}, {"type": "Feature", "geometry": {"type": "LineString", "coordinates": [[-117.21250888852627, 32.68871059979189], [-117.21250888852627, 32.688703039415515], [-117.21249990537343, 32.688703039415515], [-117.21249990537343, 32.68871059979189], [-117.21250888852627, 32.68871059979189]]}, "properties": {"confidence": "high"}}, {"type": "Feature", "geometry": {"type": "LineString", "coordinates": [[-117.21251787167911, 32.688703039415515], [-117.21251787167911, 32.68869547903849], [-117.21250888852627, 32.68869547903849], [-117.21250888852627, 32.688703039415515], [-117.21251787167911, 32.688703039415515]]}, "properties": {"confidence": "high"}}, {"type": "Feature", "geometry": {"type": "LineString", "coordinates": [[-117.21252685483195, 32.68869547903849], [-117.21252685483195, 32.68868791866084], [-117.21251787167911, 32.68868791866084], [-117.21251787167911, 32.68869547903849], [-117.21252685483195, 32.68869547903849]]}, "properties": {"confidence": "high"}}, {"type": "Feature", "geometry": {"type": "LineString", "coordinates": [[-117.2125358379848, 32.68868791866084], [-117.2125358379848, 32.68868035828254], [-117.21252685483195, 32.68868035828254], [-117.21252685483195, 32.68868791866084], [-117.2125358379848, 32.68868791866084]]}, "properties": {"confidence": "high"}}, {"type": "Feature", "geometry": {"type": "LineString", "coordinates": [[-117.21254482113764, 32.68868035828254], [-117.21254482113764, 32.68867279790359], [-117.2125358379848, 32.68867279790359], [-117.2125358379848, 32.68868035828254], [-117.21254482113764, 32.68868035828254]]}, "properties": {"confidence": "high"}}, {"type": "Feature", "geometry": {"type": "LineString", "coordinates": [[-117.21255380429048, 32.68867279790359], [-117.21255380429048, 32.688657677143794], [-117.21254482113764, 32.688657677143794], [-117.21254482113764, 32.68867279790359], [-117.21255380429048, 32.68867279790359]]}, "properties": {"confidence": "high"}}, {"type": "Feature", "geometry": {"type": "LineString", "coordinates": [[-117.21256278744332, 32.688657677143794], [-117.21256278744332, 32.688650116762936], [-117.21255380429048, 32.688650116762936], [-117.21255380429048, 32.688657677143794], [-117.21256278744332, 32.688657677143794]]}, "properties": {"confidence": "high"}}, {"type": "Feature", "geometry": {"type": "LineString", "coordinates": [[-117.21257177059616, 32.688650116762936], [-117.21257177059616, 32.68864255638144], [-117.21256278744332, 32.68864255638144], [-117.21256278744332, 32.688650116762936], [-117.21257177059616, 32.688650116762936]]}, "properties": {"confidence": "high"}}, {"type": "Feature", "geometry": {"type": "LineString", "coordinates": [[-117.21258075374902, 32.68864255638144], [-117.21258075374902, 32.688634995999294], [-117.21257177059616, 32.688634995999294], [-117.21257177059616, 32.68864255638144], [-117.21258075374902, 32.68864255638144]]}, "properties": {"confidence": "high"}}, {"type": "Feature", "geometry": {"type": "LineString", "coordinates": [[-117.21258973690188, 32.688634995999294], [-117.21258973690188, 32.68862743561652], [-117.21258075374902, 32.68862743561652], [-117.21258075374902, 32.688634995999294], [-117.21258973690188, 32.688634995999294]]}, "properties": {"confidence": "high"}}, {"type": "Feature", "geometry": {"type": "LineString", "coordinates": [[-117.21259872005471, 32.68862743561652], [-117.21259872005471, 32.688619875233094], [-117.21258973690188, 32.688619875233094], [-117.21258973690188, 32.68862743561652], [-117.21259872005471, 32.68862743561652]]}, "properties": {"confidence": "high"}}, {"type": "Feature", "geometry": {"type": "LineString", "coordinates": [[-117.21260770320755, 32.688619875233094], [-117.21260770320755, 32.68861231484903], [-117.21259872005471, 32.68861231484903], [-117.21259872005471, 32.688619875233094], [-117.21260770320755, 32.688619875233094]]}, "properties": {"confidence": "high"}}, {"type": "Feature", "geometry": {"type": "LineString", "coordinates": [[-117.21261668636039, 32.68861231484903], [-117.21261668636039, 32.688604754464336], [-117.21260770320755, 32.688604754464336], [-117.21260770320755, 32.68861231484903], [-117.21261668636039, 32.68861231484903]]}, "properties": {"confidence": "high"}}, {"type": "Feature", "geometry": {"type": "LineString", "coordinates": [[-117.21262566951323, 32.688604754464336], [-117.21262566951323, 32.68859719407899], [-117.21261668636039, 32.68859719407899], [-117.21261668636039, 32.688604754464336], [-117.21262566951323, 32.688604754464336]]}, "properties": {"confidence": "high"}}, {"type": "Feature", "geometry": {"type": "LineString", "coordinates": [[-117.21263465266607, 32.68859719407899], [-117.21263465266607, 32.68858963369301], [-117.21262566951323, 32.68858963369301], [-117.21262566951323, 32.68859719407899], [-117.21263465266607, 32.68859719407899]]}, "properties": {"confidence": "high"}}, {"type": "Feature", "geometry": {"type": "LineString", "coordinates": [[-117.21264363581892, 32.68858963369301], [-117.21264363581892, 32.68858207330639], [-117.21263465266607, 32.68858207330639], [-117.21263465266607, 32.68858963369301], [-117.21264363581892, 32.68858963369301]]}, "properties": {"confidence": "high"}}, {"type": "Feature", "geometry": {"type": "LineString", "coordinates": [[-117.21265261897176, 32.68858207330639], [-117.21265261897176, 32.68857451291913], [-117.21264363581892, 32.68857451291913], [-117.21264363581892, 32.68858207330639], [-117.21265261897176, 32.68858207330639]]}, "properties": {"confidence": "high"}}, {"type": "Feature", "geometry": {"type": "LineString", "coordinates": [[-117.2126616021246, 32.68857451291913], [-117.2126616021246, 32.688566952531225], [-117.21265261897176, 32.688566952531225], [-117.21265261897176, 32.68857451291913], [-117.2126616021246, 32.68857451291913]]}, "properties": {"confidence": "high"}}, {"type": "Feature", "geometry": {"type": "LineString", "coordinates": [[-117.21267058527744, 32.688566952531225], [-117.21267058527744, 32.688559392142686], [-117.2126616021246, 32.688559392142686], [-117.2126616021246, 32.688566952531225], [-117.21267058527744, 32.688566952531225]]}, "properties": {"confidence": "high"}}, {"type": "Feature", "geometry": {"type": "LineString", "coordinates": [[-117.21267956843027, 32.688559392142686], [-117.21267956843027, 32.6885518317535], [-117.21267058527744, 32.6885518317535], [-117.21267058527744, 32.688559392142686], [-117.21267956843027, 32.688559392142686]]}, "properties": {"confidence": "high"}}, {"type": "Feature", "geometry": {"type": "LineString", "coordinates": [[-117.21268855158311, 32.6885518317535], [-117.21268855158311, 32.688544271363675], [-117.21267956843027, 32.688544271363675], [-117.21267956843027, 32.6885518317535], [-117.21268855158311, 32.6885518317535]]}, "properties": {"confidence": "high"}}, {"type": "Feature", "geometry": {"type": "LineString", "coordinates": [[-117.21269753473597, 32.688544271363675], [-117.21269753473597, 32.68853671097321], [-117.21268855158311, 32.68853671097321], [-117.21268855158311, 32.688544271363675], [-117.21269753473597, 32.688544271363675]]}, "properties": {"confidence": "high"}}, {"type": "Feature", "geometry": {"type": "LineString", "coordinates": [[-117.2127065178888, 32.68853671097321], [-117.2127065178888, 32.688529150582106], [-117.21269753473597, 32.688529150582106], [-117.21269753473597, 32.68853671097321], [-117.2127065178888, 32.68853671097321]]}, "properties": {"confidence": "high"}}, {"type": "Feature", "geometry": {"type": "LineString", "coordinates": [[-117.21271550104164, 32.688529150582106], [-117.21271550104164, 32.68852159019037], [-117.2127065178888, 32.68852159019037], [-117.2127065178888, 32.688529150582106], [-117.21271550104164, 32.688529150582106]]}, "properties": {"confidence": "high"}}, {"type": "Feature", "geometry": {"type": "LineString", "coordinates": [[-117.21272448419448, 32.68852159019037], [-117.21272448419448, 32.688514029797986], [-117.21271550104164, 32.688514029797986], [-117.21271550104164, 32.68852159019037], [-117.21272448419448, 32.68852159019037]]}, "properties": {"confidence": "high"}}, {"type": "Feature", "geometry": {"type": "LineString", "coordinates": [[-117.21273346734732, 32.688514029797986], [-117.21273346734732, 32.688506469404956], [-117.21272448419448, 32.688506469404956], [-117.21272448419448, 32.688514029797986], [-117.21273346734732, 32.688514029797986]]}, "properties": {"confidence": "high"}}, {"type": "Feature", "geometry": {"type": "LineString", "coordinates": [[-117.21274245050017, 32.688506469404956], [-117.21274245050017, 32.6884989090113], [-117.21273346734732, 32.6884989090113], [-117.21273346734732, 32.688506469404956], [-117.21274245050017, 32.688506469404956]]}, "properties": {"confidence": "high"}}, {"type": "Feature", "geometry": {"type": "LineString", "coordinates": [[-117.21275143365301, 32.6884989090113], [-117.21275143365301, 32.68849134861699], [-117.21274245050017, 32.68849134861699], [-117.21274245050017, 32.6884989090113], [-117.21275143365301, 32.6884989090113]]}, "properties": {"confidence": "high"}}, {"type": "Feature", "geometry": {"type": "LineString", "coordinates": [[-117.21276041680585, 32.68849134861699], [-117.21276041680585, 32.68848378822205], [-117.21275143365301, 32.68848378822205], [-117.21275143365301, 32.68849134861699], [-117.21276041680585, 32.68849134861699]]}, "properties": {"confidence": "high"}}, {"type": "Feature", "geometry": {"type": "LineString", "coordinates": [[-117.21277838311153, 32.68848378822205], [-117.21277838311153, 32.68847622782647], [-117.21276041680585, 32.68847622782647], [-117.21276041680585, 32.68848378822205], [-117.21277838311153, 32.68848378822205]]}, "properties": {"confidence": "high"}}, {"type": "Feature", "geometry": {"type": "LineString", "coordinates": [[-117.21278736626437, 32.68847622782647], [-117.21278736626437, 32.68846866743024], [-117.21277838311153, 32.68846866743024], [-117.21277838311153, 32.68847622782647], [-117.21278736626437, 32.68847622782647]]}, "properties": {"confidence": "high"}}, {"type": "Feature", "geometry": {"type": "LineString", "coordinates": [[-117.21280533257006, 32.68846866743024], [-117.21280533257006, 32.688461107033376], [-117.21278736626437, 32.688461107033376], [-117.21278736626437, 32.68846866743024], [-117.21280533257006, 32.68846866743024]]}, "properties": {"confidence": "high"}}, {"type": "Feature", "geometry": {"type": "LineString", "coordinates": [[-117.21282329887573, 32.688461107033376], [-117.21282329887573, 32.68845354663588], [-117.21280533257006, 32.68845354663588], [-117.21280533257006, 32.688461107033376], [-117.21282329887573, 32.688461107033376]]}, "properties": {"confidence": "high"}}, {"type": "Feature", "geometry": {"type": "LineString", "coordinates": [[-117.21283228202857, 32.68845354663588], [-117.21283228202857, 32.68844598623773], [-117.21282329887573, 32.68844598623773], [-117.21282329887573, 32.68845354663588], [-117.21283228202857, 32.68845354663588]]}, "properties": {"confidence": "high"}}, {"type": "Feature", "geometry": {"type": "LineString", "coordinates": [[-117.21285024833426, 32.68844598623773], [-117.21285024833426, 32.68843842583894], [-117.21283228202857, 32.68843842583894], [-117.21283228202857, 32.68844598623773], [-117.21285024833426, 32.68844598623773]]}, "properties": {"confidence": "high"}}, {"type": "Feature", "geometry": {"type": "LineString", "coordinates": [[-117.21286821463994, 32.68843842583894], [-117.21286821463994, 32.688430865439514], [-117.21285024833426, 32.688430865439514], [-117.21285024833426, 32.68843842583894], [-117.21286821463994, 32.68843842583894]]}, "properties": {"confidence": "high"}}, {"type": "Feature", "geometry": {"type": "LineString", "coordinates": [[-117.21288618094562, 32.688430865439514], [-117.21288618094562, 32.68842330503945], [-117.21286821463994, 32.68842330503945], [-117.21286821463994, 32.688430865439514], [-117.21288618094562, 32.688430865439514]]}, "properties": {"confidence": "high"}}, {"type": "Feature", "geometry": {"type": "LineString", "coordinates": [[-117.21290414725131, 32.68842330503945], [-117.21290414725131, 32.68841574463874], [-117.21288618094562, 32.68841574463874], [-117.21288618094562, 32.68842330503945], [-117.21290414725131, 32.68842330503945]]}, "properties": {"confidence": "high"}}, {"type": "Feature", "geometry": {"type": "LineString", "coordinates": [[-117.21292211355698, 32.68841574463874], [-117.21292211355698, 32.6884081842374], [-117.21290414725131, 32.6884081842374], [-117.21290414725131, 32.68841574463874], [-117.21292211355698, 32.68841574463874]]}, "properties": {"confidence": "high"}}, {"type": "Feature", "geometry": {"type": "LineString", "coordinates": [[-117.21294007986266, 32.6884081842374], [-117.21294007986266, 32.68840062383541], [-117.21292211355698, 32.68840062383541], [-117.21292211355698, 32.6884081842374], [-117.21294007986266, 32.6884081842374]]}, "properties": {"confidence": "high"}}, {"type": "Feature", "geometry": {"type": "LineString", "coordinates": [[-117.21296702932119, 32.68840062383541], [-117.21296702932119, 32.68839306343279], [-117.21294007986266, 32.68839306343279], [-117.21294007986266, 32.68840062383541], [-117.21296702932119, 32.68840062383541]]}, "properties": {"confidence": "high"}}, {"type": "Feature", "geometry": {"type": "LineString", "coordinates": [[-117.21298499562687, 32.68839306343279], [-117.21298499562687, 32.68838550302952], [-117.21296702932119, 32.68838550302952], [-117.21296702932119, 32.68839306343279], [-117.21298499562687, 32.68839306343279]]}, "properties": {"confidence": "high"}}, {"type": "Feature", "geometry": {"type": "LineString", "coordinates": [[-117.21300296193256, 32.68838550302952], [-117.21300296193256, 32.688377942625614], [-117.21298499562687, 32.688377942625614], [-117.21298499562687, 32.68838550302952], [-117.21300296193256, 32.68838550302952]]}, "properties": {"confidence": "high"}}, {"type": "Feature", "geometry": {"type": "LineString", "coordinates": [[-117.21302092823824, 32.688377942625614], [-117.21302092823824, 32.688370382221066], [-117.21300296193256, 32.688370382221066], [-117.21300296193256, 32.688377942625614], [-117.21302092823824, 32.688377942625614]]}, "properties": {"confidence": "high"}}, {"type": "Feature", "geometry": {"type": "LineString", "coordinates": [[-117.21303889454391, 32.688370382221066], [-117.21303889454391, 32.688362821815886], [-117.21302092823824, 32.688362821815886], [-117.21302092823824, 32.688370382221066], [-117.21303889454391, 32.688370382221066]]}, "properties": {"confidence": "high"}}, {"type": "Feature", "geometry": {"type": "LineString", "coordinates": [[-117.2130568608496, 32.688362821815886], [-117.2130568608496, 32.68835526141005], [-117.21303889454391, 32.68835526141005], [-117.21303889454391, 32.688362821815886], [-117.2130568608496, 32.688362821815886]]}, "properties": {"confidence": "high"}}, {"type": "Feature", "geometry": {"type": "LineString", "coordinates": [[-117.21307482715528, 32.68835526141005], [-117.21307482715528, 32.688347701003586], [-117.2130568608496, 32.688347701003586], [-117.2130568608496, 32.68835526141005], [-117.21307482715528, 32.68835526141005]]}, "properties": {"confidence": "high"}}, {"type": "Feature", "geometry": {"type": "LineString", "coordinates": [[-117.21309279346096, 32.688347701003586], [-117.21309279346096, 32.68834014059648], [-117.21307482715528, 32.68834014059648], [-117.21307482715528, 32.688347701003586], [-117.21309279346096, 32.688347701003586]]}, "properties": {"confidence": "high"}}, {"type": "Feature", "geometry": {"type": "LineString", "coordinates": [[-117.21311075976665, 32.68834014059648], [-117.21311075976665, 32.688332580188735], [-117.21309279346096, 32.688332580188735], [-117.21309279346096, 32.68834014059648], [-117.21311075976665, 32.68834014059648]]}, "properties": {"confidence": "high"}}, {"type": "Feature", "geometry": {"type": "LineString", "coordinates": [[-117.21312872607233, 32.688332580188735], [-117.21312872607233, 32.68832501978034], [-117.21311075976665, 32.68832501978034], [-117.21311075976665, 32.688332580188735], [-117.21312872607233, 32.688332580188735]]}, "properties": {"confidence": "high"}}, {"type": "Feature", "geometry": {"type": "LineString", "coordinates": [[-117.213146692378, 32.68832501978034], [-117.213146692378, 32.68831745937132], [-117.21312872607233, 32.68831745937132], [-117.21312872607233, 32.68832501978034], [-117.213146692378, 32.68832501978034]]}, "properties": {"confidence": "high"}}, {"type": "Feature", "geometry": {"type": "LineString", "coordinates": [[-117.2131646586837, 32.68831745937132], [-117.2131646586837, 32.68830989896165], [-117.213146692378, 32.68830989896165], [-117.213146692378, 32.68831745937132], [-117.2131646586837, 32.68831745937132]]}, "properties": {"confidence": "high"}}, {"type": "Feature", "geometry": {"type": "LineString", "coordinates": [[-117.21318262498937, 32.68830989896165], [-117.21318262498937, 32.688302338551345], [-117.2131646586837, 32.688302338551345], [-117.2131646586837, 32.68830989896165], [-117.21318262498937, 32.68830989896165]]}, "properties": {"confidence": "high"}}, {"type": "Feature", "geometry": {"type": "LineString", "coordinates": [[-117.21320059129506, 32.688302338551345], [-117.21320059129506, 32.688294778140396], [-117.21318262498937, 32.688294778140396], [-117.21318262498937, 32.688302338551345], [-117.21320059129506, 32.688302338551345]]}, "properties": {"confidence": "high"}}, {"type": "Feature", "geometry": {"type": "LineString", "coordinates": [[-117.21321855760074, 32.688294778140396], [-117.21321855760074, 32.688287217728806], [-117.21320059129506, 32.688287217728806], [-117.21320059129506, 32.688294778140396], [-117.21321855760074, 32.688294778140396]]}, "properties": {"confidence": "high"}}, {"type": "Feature", "geometry": {"type": "LineString", "coordinates": [[-117.21324550705926, 32.688287217728806], [-117.21324550705926, 32.68827965731658], [-117.21321855760074, 32.68827965731658], [-117.21321855760074, 32.688287217728806], [-117.21324550705926, 32.688287217728806]]}, "properties": {"confidence": "high"}}, {"type": "Feature", "geometry": {"type": "LineString", "coordinates": [[-117.21326347336495, 32.68827965731658], [-117.21326347336495, 32.6882720969037], [-117.21324550705926, 32.6882720969037], [-117.21324550705926, 32.68827965731658], [-117.21326347336495, 32.68827965731658]]}, "properties": {"confidence": "high"}}, {"type": "Feature", "geometry": {"type": "LineString", "coordinates": [[-117.21328143967062, 32.6882720969037], [-117.21328143967062, 32.688264536490195], [-117.21326347336495, 32.688264536490195], [-117.21326347336495, 32.6882720969037], [-117.21328143967062, 32.6882720969037]]}, "properties": {"confidence": "high"}}, {"type": "Feature", "geometry": {"type": "LineString", "coordinates": [[-117.2132994059763, 32.688264536490195], [-117.2132994059763, 32.688256976076055], [-117.21328143967062, 32.688256976076055], [-117.21328143967062, 32.688264536490195], [-117.2132994059763, 32.688264536490195]]}, "properties": {"confidence": "high"}}, {"type": "Feature", "geometry": {"type": "LineString", "coordinates": [[-117.21331737228199, 32.688256976076055], [-117.21331737228199, 32.68824941566126], [-117.2132994059763, 32.68824941566126], [-117.2132994059763, 32.688256976076055], [-117.21331737228199, 32.688256976076055]]}, "properties": {"confidence": "high"}}, {"type": "Feature", "geometry": {"type": "LineString", "coordinates": [[-117.21333533858767, 32.68824941566126], [-117.21333533858767, 32.68824185524583], [-117.21331737228199, 32.68824185524583], [-117.21331737228199, 32.68824941566126], [-117.21333533858767, 32.68824941566126]]}, "properties": {"confidence": "high"}}, {"type": "Feature", "geometry": {"type": "LineString", "coordinates": [[-117.21335330489336, 32.68824185524583], [-117.21335330489336, 32.68823429482976], [-117.21333533858767, 32.68823429482976], [-117.21333533858767, 32.68824185524583], [-117.21335330489336, 32.68824185524583]]}, "properties": {"confidence": "high"}}, {"type": "Feature", "geometry": {"type": "LineString", "coordinates": [[-117.21337127119904, 32.68823429482976], [-117.21337127119904, 32.68822673441305], [-117.21335330489336, 32.68822673441305], [-117.21335330489336, 32.68823429482976], [-117.21337127119904, 32.68823429482976]]}, "properties": {"confidence": "high"}}, {"type": "Feature", "geometry": {"type": "LineString", "coordinates": [[-117.21339822065755, 32.68822673441305], [-117.21339822065755, 32.6882191739957], [-117.21337127119904, 32.6882191739957], [-117.21337127119904, 32.68822673441305], [-117.21339822065755, 32.68822673441305]]}, "properties": {"confidence": "high"}}, {"type": "Feature", "geometry": {"type": "LineString", "coordinates": [[-117.21341618696324, 32.6882191739957], [-117.21341618696324, 32.688211613577714], [-117.21339822065755, 32.688211613577714], [-117.21339822065755, 32.6882191739957], [-117.21341618696324, 32.6882191739957]]}, "properties": {"confidence": "high"}}, {"type": "Feature", "geometry": {"type": "LineString", "coordinates": [[-117.21343415326892, 32.688211613577714], [-117.21343415326892, 32.68820405315908], [-117.21341618696324, 32.68820405315908], [-117.21341618696324, 32.688211613577714], [-117.21343415326892, 32.688211613577714]]}, "properties": {"confidence": "high"}}, {"type": "Feature", "geometry": {"type": "LineString", "coordinates": [[-117.2134521195746, 32.68820405315908], [-117.2134521195746, 32.688196492739806], [-117.21343415326892, 32.688196492739806], [-117.21343415326892, 32.68820405315908], [-117.2134521195746, 32.68820405315908]]}, "properties": {"confidence": "high"}}, {"type": "Feature", "geometry": {"type": "LineString", "coordinates": [[-117.21347008588029, 32.688196492739806], [-117.21347008588029, 32.688188932319896], [-117.2134521195746, 32.688188932319896], [-117.2134521195746, 32.688196492739806], [-117.21347008588029, 32.688196492739806]]}, "properties": {"confidence": "high"}}, {"type": "Feature", "geometry": {"type": "LineString", "coordinates": [[-117.21348805218597, 32.688188932319896], [-117.21348805218597, 32.68818137189934], [-117.21347008588029, 32.68818137189934], [-117.21347008588029, 32.688188932319896], [-117.21348805218597, 32.688188932319896]]}, "properties": {"confidence": "high"}}, {"type": "Feature", "geometry": {"type": "LineString", "coordinates": [[-117.21350601849166, 32.68818137189934], [-117.21350601849166, 32.68817381147815], [-117.21348805218597, 32.68817381147815], [-117.21348805218597, 32.68818137189934], [-117.21350601849166, 32.68818137189934]]}, "properties": {"confidence": "high"}}, {"type": "Feature", "geometry": {"type": "LineString", "coordinates": [[-117.21352398479733, 32.68817381147815], [-117.21352398479733, 32.68816625105632], [-117.21350601849166, 32.68816625105632], [-117.21350601849166, 32.68817381147815], [-117.21352398479733, 32.68817381147815]]}, "properties": {"confidence": "high"}}, {"type": "Feature", "geometry": {"type": "LineString", "coordinates": [[-117.21354195110301, 32.68816625105632], [-117.21354195110301, 32.68815869063385], [-117.21352398479733, 32.68815869063385], [-117.21352398479733, 32.68816625105632], [-117.21354195110301, 32.68816625105632]]}, "properties": {"confidence": "high"}}, {"type": "Feature", "geometry": {"type": "LineString", "coordinates": [[-117.2135599174087, 32.68815869063385], [-117.2135599174087, 32.68815113021074], [-117.21354195110301, 32.68815113021074], [-117.21354195110301, 32.68815869063385], [-117.2135599174087, 32.68815869063385]]}, "properties": {"confidence": "high"}}, {"type": "Feature", "geometry": {"type": "LineString", "coordinates": [[-117.21357788371438, 32.68815113021074], [-117.21357788371438, 32.68814356978699], [-117.2135599174087, 32.68814356978699], [-117.2135599174087, 32.68815113021074], [-117.21357788371438, 32.68815113021074]]}, "properties": {"confidence": "high"}}, {"type": "Feature", "geometry": {"type": "LineString", "coordinates": [[-117.21359585002006, 32.68814356978699], [-117.21359585002006, 32.688136009362594], [-117.21357788371438, 32.688136009362594], [-117.21357788371438, 32.68814356978699], [-117.21359585002006, 32.68814356978699]]}, "properties": {"confidence": "high"}}, {"type": "Feature", "geometry": {"type": "LineString", "coordinates": [[-117.21361381632575, 32.688136009362594], [-117.21361381632575, 32.68812844893756], [-117.21359585002006, 32.68812844893756], [-117.21359585002006, 32.688136009362594], [-117.21361381632575, 32.688136009362594]]}, "properties": {"confidence": "high"}}, {"type": "Feature", "geometry": {"type": "LineString", "coordinates": [[-117.21363178263142, 32.68812844893756], [-117.21363178263142, 32.68812088851189], [-117.21361381632575, 32.68812088851189], [-117.21361381632575, 32.68812844893756], [-117.21363178263142, 32.68812844893756]]}, "properties": {"confidence": "high"}}, {"type": "Feature", "geometry": {"type": "LineString", "coordinates": [[-117.2136497489371, 32.68812088851189], [-117.2136497489371, 32.68811332808558], [-117.21363178263142, 32.68811332808558], [-117.21363178263142, 32.68812088851189], [-117.2136497489371, 32.68812088851189]]}, "properties": {"confidence": "high"}}, {"type": "Feature", "geometry": {"type": "LineString", "coordinates": [[-117.21366771524279, 32.68811332808558], [-117.21366771524279, 32.68810576765863], [-117.2136497489371, 32.68810576765863], [-117.2136497489371, 32.68811332808558], [-117.21366771524279, 32.68811332808558]]}, "properties": {"confidence": "high"}}, {"type": "Feature", "geometry": {"type": "LineString", "coordinates": [[-117.21368568154847, 32.68810576765863], [-117.21368568154847, 32.68809820723103], [-117.21366771524279, 32.68809820723103], [-117.21366771524279, 32.68810576765863], [-117.21368568154847, 32.68810576765863]]}, "properties": {"confidence": "high"}}, {"type": "Feature", "geometry": {"type": "LineString", "coordinates": [[-117.21370364785415, 32.68809820723103], [-117.21370364785415, 32.6880906468028], [-117.21368568154847, 32.6880906468028], [-117.21368568154847, 32.68809820723103], [-117.21370364785415, 32.68809820723103]]}, "properties": {"confidence": "high"}}, {"type": "Feature", "geometry": {"type": "LineString", "coordinates": [[-117.21372161415987, 32.6880906468028], [-117.21372161415987, 32.68808308637393], [-117.21370364785415, 32.68808308637393], [-117.21370364785415, 32.6880906468028], [-117.21372161415987, 32.6880906468028]]}, "properties": {"confidence": "high"}}, {"type": "Feature", "geometry": {"type": "LineString", "coordinates": [[-117.21373958046554, 32.68808308637393], [-117.21373958046554, 32.68807552594441], [-117.21372161415987, 32.68807552594441], [-117.21372161415987, 32.68808308637393], [-117.21373958046554, 32.68808308637393]]}, "properties": {"confidence": "high"}}, {"type": "Feature", "geometry": {"type": "LineString", "coordinates": [[-117.21375754677122, 32.68807552594441], [-117.21375754677122, 32.68806796551426], [-117.21373958046554, 32.68806796551426], [-117.21373958046554, 32.68807552594441], [-117.21375754677122, 32.68807552594441]]}, "properties": {"confidence": "high"}}, {"type": "Feature", "geometry": {"type": "LineString", "coordinates": [[-117.21377551307691, 32.68806796551426], [-117.21377551307691, 32.68806040508346], [-117.21375754677122, 32.68806040508346], [-117.21375754677122, 32.68806796551426], [-117.21377551307691, 32.68806796551426]]}, "properties": {"confidence": "high"}}, {"type": "Feature", "geometry": {"type": "LineString", "coordinates": [[-117.21379347938259, 32.68806040508346], [-117.21379347938259, 32.68805284465203], [-117.21377551307691, 32.68805284465203], [-117.21377551307691, 32.68806040508346], [-117.21379347938259, 32.68806040508346]]}, "properties": {"confidence": "high"}}, {"type": "Feature", "geometry": {"type": "LineString", "coordinates": [[-117.21381144568826, 32.68805284465203], [-117.21381144568826, 32.68804528421996], [-117.21379347938259, 32.68804528421996], [-117.21379347938259, 32.68805284465203], [-117.21381144568826, 32.68805284465203]]}, "properties": {"confidence": "high"}}, {"type": "Feature", "geometry": {"type": "LineString", "coordinates": [[-117.21382941199396, 32.68804528421996], [-117.21382941199396, 32.68803772378724], [-117.21381144568826, 32.68803772378724], [-117.21381144568826, 32.68804528421996], [-117.21382941199396, 32.68804528421996]]}, "properties": {"confidence": "high"}}, {"type": "Feature", "geometry": {"type": "LineString", "coordinates": [[-117.21384737829963, 32.68803772378724], [-117.21384737829963, 32.68803016335389], [-117.21382941199396, 32.68803016335389], [-117.21382941199396, 32.68803772378724], [-117.21384737829963, 32.68803772378724]]}, "properties": {"confidence": "high"}}, {"type": "Feature", "geometry": {"type": "LineString", "coordinates": [[-117.21387432775816, 32.68803016335389], [-117.21387432775816, 32.688022602919894], [-117.21384737829963, 32.688022602919894], [-117.21384737829963, 32.68803016335389], [-117.21387432775816, 32.68803016335389]]}, "properties": {"confidence": "high"}}, {"type": "Feature", "geometry": {"type": "LineString", "coordinates": [[-117.21389229406384, 32.688022602919894], [-117.21389229406384, 32.68801504248526], [-117.21387432775816, 32.68801504248526], [-117.21387432775816, 32.688022602919894], [-117.21389229406384, 32.688022602919894]]}, "properties": {"confidence": "high"}}, {"type": "Feature", "geometry": {"type": "LineString", "coordinates": [[-117.21391026036952, 32.68801504248526], [-117.21391026036952, 32.68800748204998], [-117.21389229406384, 32.68800748204998], [-117.21389229406384, 32.68801504248526], [-117.21391026036952, 32.68801504248526]]}, "properties": {"confidence": "high"}}, {"type": "Feature", "geometry": {"type": "LineString", "coordinates": [[-117.21392822667521, 32.68800748204998], [-117.21392822667521, 32.687999921614065], [-117.21391026036952, 32.687999921614065], [-117.21391026036952, 32.68800748204998], [-117.21392822667521, 32.68800748204998]]}, "properties": {"confidence": "high"}}, {"type": "Feature", "geometry": {"type": "LineString", "coordinates": [[-117.21394619298088, 32.687999921614065], [-117.21394619298088, 32.687992361177514], [-117.21392822667521, 32.687992361177514], [-117.21392822667521, 32.687999921614065], [-117.21394619298088, 32.687999921614065]]}, "properties": {"confidence": "high"}}, {"type": "Feature", "geometry": {"type": "LineString", "coordinates": [[-117.21396415928656, 32.687992361177514], [-117.21396415928656, 32.687984800740324], [-117.21394619298088, 32.687984800740324], [-117.21394619298088, 32.687992361177514], [-117.21396415928656, 32.687992361177514]]}, "properties": {"confidence": "high"}}, {"type": "Feature", "geometry": {"type": "LineString", "coordinates": [[-117.21399110874509, 32.687984800740324], [-117.21399110874509, 32.68797724030248], [-117.21396415928656, 32.68797724030248], [-117.21396415928656, 32.687984800740324], [-117.21399110874509, 32.687984800740324]]}, "properties": {"confidence": "high"}}, {"type": "Feature", "geometry": {"type": "LineString", "coordinates": [[-117.21400907505077, 32.68797724030248], [-117.21400907505077, 32.687969679864004], [-117.21399110874509, 32.687969679864004], [-117.21399110874509, 32.68797724030248], [-117.21400907505077, 32.68797724030248]]}, "properties": {"confidence": "high"}}, {"type": "Feature", "geometry": {"type": "LineString", "coordinates": [[-117.21402704135646, 32.687969679864004], [-117.21402704135646, 32.68796211942489], [-117.21400907505077, 32.68796211942489], [-117.21400907505077, 32.687969679864004], [-117.21402704135646, 32.687969679864004]]}, "properties": {"confidence": "high"}}, {"type": "Feature", "geometry": {"type": "LineString", "coordinates": [[-117.21404500766214, 32.68796211942489], [-117.21404500766214, 32.687954558985126], [-117.21402704135646, 32.687954558985126], [-117.21402704135646, 32.68796211942489], [-117.21404500766214, 32.68796211942489]]}, "properties": {"confidence": "high"}}, {"type": "Feature", "geometry": {"type": "LineString", "coordinates": [[-117.21406297396781, 32.687954558985126], [-117.21406297396781, 32.68794699854473], [-117.21404500766214, 32.68794699854473], [-117.21404500766214, 32.687954558985126], [-117.21406297396781, 32.687954558985126]]}, "properties": {"confidence": "high"}}, {"type": "Feature", "geometry": {"type": "LineString", "coordinates": [[-117.2140809402735, 32.68794699854473], [-117.2140809402735, 32.6879394381037], [-117.21406297396781, 32.6879394381037], [-117.21406297396781, 32.68794699854473], [-117.2140809402735, 32.68794699854473]]}, "properties": {"confidence": "high"}}, {"type": "Feature", "geometry": {"type": "LineString", "coordinates": [[-117.21409890657918, 32.6879394381037], [-117.21409890657918, 32.68793187766202], [-117.2140809402735, 32.68793187766202], [-117.2140809402735, 32.6879394381037], [-117.21409890657918, 32.6879394381037]]}, "properties": {"confidence": "high"}}, {"type": "Feature", "geometry": {"type": "LineString", "coordinates": [[-117.21412585603771, 32.68793187766202], [-117.21412585603771, 32.687924317219704], [-117.21409890657918, 32.687924317219704], [-117.21409890657918, 32.68793187766202], [-117.21412585603771, 32.68793187766202]]}, "properties": {"confidence": "high"}}, {"type": "Feature", "geometry": {"type": "LineString", "coordinates": [[-117.21414382234339, 32.687924317219704], [-117.21414382234339, 32.687916756776744], [-117.21412585603771, 32.687916756776744], [-117.21412585603771, 32.687924317219704], [-117.21414382234339, 32.687924317219704]]}, "properties": {"confidence": "high"}}, {"type": "Feature", "geometry": {"type": "LineString", "coordinates": [[-117.21416178864906, 32.687916756776744], [-117.21416178864906, 32.68790919633315], [-117.21414382234339, 32.68790919633315], [-117.21414382234339, 32.687916756776744], [-117.21416178864906, 32.687916756776744]]}, "properties": {"confidence": "high"}}, {"type": "Feature", "geometry": {"type": "LineString", "coordinates": [[-117.21417975495476, 32.68790919633315], [-117.21417975495476, 32.68790163588891], [-117.21416178864906, 32.68790163588891], [-117.21416178864906, 32.68790919633315], [-117.21417975495476, 32.68790919633315]]}, "properties": {"confidence": "high"}}, {"type": "Feature", "geometry": {"type": "LineString", "coordinates": [[-117.21419772126043, 32.68790163588891], [-117.21419772126043, 32.687894075444035], [-117.21417975495476, 32.687894075444035], [-117.21417975495476, 32.68790163588891], [-117.21419772126043, 32.68790163588891]]}, "properties": {"confidence": "high"}}, {"type": "Feature", "geometry": {"type": "LineString", "coordinates": [[-117.21421568756611, 32.687894075444035], [-117.21421568756611, 32.68788651499852], [-117.21419772126043, 32.68788651499852], [-117.21419772126043, 32.687894075444035], [-117.21421568756611, 32.687894075444035]]}, "properties": {"confidence": "high"}}, {"type": "Feature", "geometry": {"type": "LineString", "coordinates": [[-117.2142336538718, 32.68788651499852], [-117.2142336538718, 32.68787895455236], [-117.21421568756611, 32.68787895455236], [-117.21421568756611, 32.68788651499852], [-117.2142336538718, 32.68788651499852]]}, "properties": {"confidence": "high"}}, {"type": "Feature", "geometry": {"type": "LineString", "coordinates": [[-117.21426060333032, 32.68787895455236], [-117.21426060333032, 32.68787139410556], [-117.2142336538718, 32.68787139410556], [-117.2142336538718, 32.68787895455236], [-117.21426060333032, 32.68787895455236]]}, "properties": {"confidence": "high"}}, {"type": "Feature", "geometry": {"type": "LineString", "coordinates": [[-117.21427856963601, 32.68787139410556], [-117.21427856963601, 32.68786383365812], [-117.21426060333032, 32.68786383365812], [-117.21426060333032, 32.68787139410556], [-117.21427856963601, 32.68787139410556]]}, "properties": {"confidence": "high"}}, {"type": "Feature", "geometry": {"type": "LineString", "coordinates": [[-117.21429653594168, 32.68786383365812], [-117.21429653594168, 32.687856273210045], [-117.21427856963601, 32.687856273210045], [-117.21427856963601, 32.68786383365812], [-117.21429653594168, 32.68786383365812]]}, "properties": {"confidence": "high"}}, {"type": "Feature", "geometry": {"type": "LineString", "coordinates": [[-117.21431450224736, 32.687856273210045], [-117.21431450224736, 32.68784871276132], [-117.21429653594168, 32.68784871276132], [-117.21429653594168, 32.687856273210045], [-117.21431450224736, 32.687856273210045]]}, "properties": {"confidence": "high"}}, {"type": "Feature", "geometry": {"type": "LineString", "coordinates": [[-117.21433246855305, 32.68784871276132], [-117.21433246855305, 32.68784115231196], [-117.21431450224736, 32.68784115231196], [-117.21431450224736, 32.68784871276132], [-117.21433246855305, 32.68784871276132]]}, "properties": {"confidence": "high"}}, {"type": "Feature", "geometry": {"type": "LineString", "coordinates": [[-117.21435941801157, 32.68784115231196], [-117.21435941801157, 32.68783359186197], [-117.21433246855305, 32.68783359186197], [-117.21433246855305, 32.68784115231196], [-117.21435941801157, 32.68784115231196]]}, "properties": {"confidence": "high"}}, {"type": "Feature", "geometry": {"type": "LineString", "coordinates": [[-117.21437738431725, 32.68783359186197], [-117.21437738431725, 32.68782603141133], [-117.21435941801157, 32.68782603141133], [-117.21435941801157, 32.68783359186197], [-117.21437738431725, 32.68783359186197]]}, "properties": {"confidence": "high"}}, {"type": "Feature", "geometry": {"type": "LineString", "coordinates": [[-117.21439535062294, 32.68782603141133], [-117.21439535062294, 32.687818470960046], [-117.21437738431725, 32.687818470960046], [-117.21437738431725, 32.68782603141133], [-117.21439535062294, 32.68782603141133]]}, "properties": {"confidence": "high"}}, {"type": "Feature", "geometry": {"type": "LineString", "coordinates": [[-117.21441331692861, 32.687818470960046], [-117.21441331692861, 32.687810910508134], [-117.21439535062294, 32.687810910508134], [-117.21439535062294, 32.687818470960046], [-117.21441331692861, 32.687818470960046]]}, "properties": {"confidence": "high"}}, {"type": "Feature", "geometry": {"type": "LineString", "coordinates": [[-117.2144312832343, 32.687810910508134], [-117.2144312832343, 32.68780335005557], [-117.21441331692861, 32.68780335005557], [-117.21441331692861, 32.687810910508134], [-117.2144312832343, 32.687810910508134]]}, "properties": {"confidence": "high"}}, {"type": "Feature", "geometry": {"type": "LineString", "coordinates": [[-117.21444924953998, 32.68780335005557], [-117.21444924953998, 32.687795789602376], [-117.2144312832343, 32.687795789602376], [-117.2144312832343, 32.68780335005557], [-117.21444924953998, 32.68780335005557]]}, "properties": {"confidence": "high"}}, {"type": "Feature", "geometry": {"type": "LineString", "coordinates": [[-117.21446721584566, 32.687795789602376], [-117.21446721584566, 32.68778822914853], [-117.21444924953998, 32.68778822914853], [-117.21444924953998, 32.687795789602376], [-117.21446721584566, 32.687795789602376]]}, "properties": {"confidence": "high"}}, {"type": "Feature", "geometry": {"type": "LineString", "coordinates": [[-117.21449416530419, 32.68778822914853], [-117.21449416530419, 32.68778066869405], [-117.21446721584566, 32.68778066869405], [-117.21446721584566, 32.68778822914853], [-117.21449416530419, 32.68778822914853]]}, "properties": {"confidence": "high"}}, {"type": "Feature", "geometry": {"type": "LineString", "coordinates": [[-117.21451213160987, 32.68778066869405], [-117.21451213160987, 32.687773108238936], [-117.21449416530419, 32.687773108238936], [-117.21449416530419, 32.68778066869405], [-117.21451213160987, 32.68778066869405]]}, "properties": {"confidence": "high"}}, {"type": "Feature", "geometry": {"type": "LineString", "coordinates": [[-117.21453009791554, 32.687773108238936], [-117.21453009791554, 32.687765547783165], [-117.21451213160987, 32.687765547783165], [-117.21451213160987, 32.687773108238936], [-117.21453009791554, 32.687773108238936]]}, "properties": {"confidence": "high"}}, {"type": "Feature", "geometry": {"type": "LineString", "coordinates": [[-117.21454806422123, 32.687765547783165], [-117.21454806422123, 32.68775798732677], [-117.21453009791554, 32.68775798732677], [-117.21453009791554, 32.687765547783165], [-117.21454806422123, 32.687765547783165]]}, "properties": {"confidence": "high"}}, {"type": "Feature", "geometry": {"type": "LineString", "coordinates": [[-117.21456603052691, 32.68775798732677], [-117.21456603052691, 32.68775042686973], [-117.21454806422123, 32.68775042686973], [-117.21454806422123, 32.68775798732677], [-117.21456603052691, 32.68775798732677]]}, "properties": {"confidence": "high"}}, {"type": "Feature", "geometry": {"type": "LineString", "coordinates": [[-117.21459297998544, 32.68775042686973], [-117.21459297998544, 32.68774286641205], [-117.21456603052691, 32.68774286641205], [-117.21456603052691, 32.68775042686973], [-117.21459297998544, 32.68775042686973]]}, "properties": {"confidence": "high"}}, {"type": "Feature", "geometry": {"type": "LineString", "coordinates": [[-117.21461094629112, 32.68774286641205], [-117.21461094629112, 32.68773530595373], [-117.21459297998544, 32.68773530595373], [-117.21459297998544, 32.68774286641205], [-117.21461094629112, 32.68774286641205]]}, "properties": {"confidence": "high"}}, {"type": "Feature", "geometry": {"type": "LineString", "coordinates": [[-117.2146289125968, 32.68773530595373], [-117.2146289125968, 32.68772774549476], [-117.21461094629112, 32.68772774549476], [-117.21461094629112, 32.68773530595373], [-117.2146289125968, 32.68773530595373]]}, "properties": {"confidence": "high"}}, {"type": "Feature", "geometry": {"type": "LineString", "coordinates": [[-117.21464687890249, 32.68772774549476], [-117.21464687890249, 32.68772018503516], [-117.2146289125968, 32.68772018503516], [-117.2146289125968, 32.68772774549476], [-117.21464687890249, 32.68772774549476]]}, "properties": {"confidence": "high"}}, {"type": "Feature", "geometry": {"type": "LineString", "coordinates": [[-117.21466484520816, 32.68772018503516], [-117.21466484520816, 32.68771262457492], [-117.21464687890249, 32.68771262457492], [-117.21464687890249, 32.68772018503516], [-117.21466484520816, 32.68772018503516]]}, "properties": {"confidence": "high"}}, {"type": "Feature", "geometry": {"type": "LineString", "coordinates": [[-117.21468281151385, 32.68771262457492], [-117.21468281151385, 32.687705064114034], [-117.21466484520816, 32.687705064114034], [-117.21466484520816, 32.68771262457492], [-117.21468281151385, 32.68771262457492]]}, "properties": {"confidence": "high"}}, {"type": "Feature", "geometry": {"type": "LineString", "coordinates": [[-117.21470976097237, 32.687705064114034], [-117.21470976097237, 32.68769750365251], [-117.21468281151385, 32.68769750365251], [-117.21468281151385, 32.687705064114034], [-117.21470976097237, 32.687705064114034]]}, "properties": {"confidence": "high"}}, {"type": "Feature", "geometry": {"type": "LineString", "coordinates": [[-117.21471874412521, 32.68769750365251], [-117.21471874412521, 32.687682382727544], [-117.21470976097237, 32.687682382727544], [-117.21470976097237, 32.68769750365251], [-117.21471874412521, 32.68769750365251]]}, "properties": {"confidence": "high"}}, {"type": "Feature", "geometry": {"type": "LineString", "coordinates": [[-117.21472772727805, 32.687682382727544], [-117.21472772727805, 32.68766726180002], [-117.21471874412521, 32.68766726180002], [-117.21471874412521, 32.687682382727544], [-117.21472772727805, 32.687682382727544]]}, "properties": {"confidence": "high"}}, {"type": "Feature", "geometry": {"type": "LineString", "coordinates": [[-117.2147367104309, 32.68766726180002], [-117.2147367104309, 32.68765214086994], [-117.21472772727805, 32.68765214086994], [-117.21472772727805, 32.68766726180002], [-117.2147367104309, 32.68766726180002]]}, "properties": {"confidence": "high"}}, {"type": "Feature", "geometry": {"type": "LineString", "coordinates": [[-117.21474569358374, 32.68765214086994], [-117.21474569358374, 32.68764458040393], [-117.2147367104309, 32.68764458040393], [-117.2147367104309, 32.68765214086994], [-117.21474569358374, 32.68765214086994]]}, "properties": {"confidence": "high"}}]}