{"type": "FeatureCollection", "features": [{"type": "Feature", "geometry": {"type": "LineString", "coordinates": [[-118.24118746363084, 34.065148237698935], [-118.24118746363084, 34.065140796043956], [-118.241178480478, 34.065140796043956], [-118.241178480478, 34.065148237698935], [-118.24118746363084, 34.065148237698935]]}, "properties": {"confidence": "high"}}, {"type": "Feature", "geometry": {"type": "LineString", "coordinates": [[-118.24084610382289, 34.065148237698935], [-118.24084610382289, 34.065140796043956], [-118.24083712067004, 34.065140796043956], [-118.24083712067004, 34.065148237698935], [-118.24084610382289, 34.065148237698935]]}, "properties": {"confidence": "high"}}, {"type": "Feature", "geometry": {"type": "LineString", "coordinates": [[-118.23974117602341, 34.065148237698935], [-118.23974117602341, 34.065140796043956], [-118.23973219287058, 34.065140796043956], [-118.23973219287058, 34.065148237698935], [-118.23974117602341, 34.065148237698935]]}, "properties": {"confidence": "high"}}, {"type": "Feature", "geometry": {"type": "LineString", "coordinates": [[-118.23830387156883, 34.065148237698935], [-118.23830387156883, 34.065140796043956], [-118.238294888416, 34.065140796043956], [-118.238294888416, 34.065148237698935], [-118.23830387156883, 34.065148237698935]]}, "properties": {"confidence": "high"}}, {"type": "Feature", "geometry": {"type": "LineString", "coordinates": [[-118.23686656711422, 34.065148237698935], [-118.23686656711422, 34.065140796043956], [-118.23685758396138, 34.065140796043956], [-118.23685758396138, 34.065148237698935], [-118.23686656711422, 34.065148237698935]]}, "properties": {"confidence": "high"}}, {"type": "Feature", "geometry": {"type": "LineString", "coordinates": [[-118.24121441308937, 34.065140796043956], [-118.24121441308937, 34.06513335438834], [-118.24118746363084, 34.06513335438834], [-118.24118746363084, 34.065140796043956], [-118.24121441308937, 34.065140796043956]]}, "properties": {"confidence": "high"}}, {"type": "Feature", "geometry": {"type": "LineString", "coordinates": [[-118.24083712067004, 34.065140796043956], [-118.24083712067004, 34.06513335438834], [-118.24081017121152, 34.06513335438834], [-118.24081017121152, 34.065140796043956], [-118.24083712067004, 34.065140796043956]]}, "properties": {"confidence": "high"}}, {"type": "Feature", "geometry": {"type": "LineString", "coordinates": [[-118.23975914232909, 34.065140796043956], [-118.23975914232909, 34.06513335438834], [-118.23974117602341, 34.06513335438834], [-118.23974117602341, 34.065140796043956], [-118.23975914232909, 34.065140796043956]]}, "properties": {"confidence": "high"}}, {"type": "Feature", "geometry": {"type": "LineString", "coordinates": [[-118.23831285472167, 34.065140796043956], [-118.23831285472167, 34.06513335438834], [-118.23830387156883, 34.06513335438834], [-118.23830387156883, 34.065140796043956], [-118.23831285472167, 34.065140796043956]]}, "properties": {"confidence": "high"}}, {"type": "Feature", "geometry": {"type": "LineString", "coordinates": [[-118.23687555026706, 34.065140796043956], [-118.23687555026706, 34.06513335438834], [-118.23686656711422, 34.06513335438834], [-118.23686656711422, 34.065140796043956], [-118.23687555026706, 34.065140796043956]]}, "properties": {"confidence": "high"}}, {"type": "Feature", "geometry": {"type": "LineString", "coordinates": [[-118.24266968384966, 34.06513335438834], [-118.24266968384966, 34.06512591273206], [-118.24242713872292, 34.06512591273206], [-118.24242713872292, 34.06513335438834], [-118.24266968384966, 34.06513335438834]]}, "properties": {"confidence": "high"}}, {"type": "Feature", "geometry": {"type": "LineString", "coordinates": [[-118.24123237939504, 34.06513335438834], [-118.24123237939504, 34.06512591273206], [-118.24121441308937, 34.06512591273206], [-118.24121441308937, 34.06513335438834], [-118.24123237939504, 34.06513335438834]]}, "properties": {"confidence": "high"}}, {"type": "Feature", "geometry": {"type": "LineString", "coordinates": [[-118.24081017121152, 34.06513335438834], [-118.24081017121152, 34.06512591273206], [-118.24079220490583, 34.06512591273206], [-118.24079220490583, 34.06513335438834], [-118.24081017121152, 34.06513335438834]]}, "properties": {"confidence": "high"}}, {"type": "Feature", "geometry": {"type": "LineString", "coordinates": [[-118.23976812548194, 34.06513335438834], [-118.23976812548194, 34.06512591273206], [-118.23975914232909, 34.06512591273206], [-118.23975914232909, 34.06513335438834], [-118.23976812548194, 34.06513335438834]]}, "properties": {"confidence": "high"}}, {"type": "Feature", "geometry": {"type": "LineString", "coordinates": [[-118.23833082102735, 34.06513335438834], [-118.23833082102735, 34.06512591273206], [-118.23831285472167, 34.06512591273206], [-118.23831285472167, 34.06513335438834], [-118.23833082102735, 34.06513335438834]]}, "properties": {"confidence": "high"}}, {"type": "Feature", "geometry": {"type": "LineString", "coordinates": [[-118.23689351657275, 34.06513335438834], [-118.23689351657275, 34.06512591273206], [-118.23687555026706, 34.06512591273206], [-118.23687555026706, 34.06513335438834], [-118.23689351657275, 34.06513335438834]]}, "properties": {"confidence": "high"}}, {"type": "Feature", "geometry": {"type": "LineString", "coordinates": [[-118.24286731321216, 34.06512591273206], [-118.24286731321216, 34.06511847107512], [-118.24266968384966, 34.06511847107512], [-118.24266968384966, 34.06512591273206], [-118.24286731321216, 34.06512591273206]]}, "properties": {"confidence": "high"}}, {"type": "Feature", "geometry": {"type": "LineString", "coordinates": [[-118.24242713872292, 34.06512591273206], [-118.24242713872292, 34.06511847107512], [-118.24225645881894, 34.06511847107512], [-118.24225645881894, 34.06512591273206], [-118.24242713872292, 34.06512591273206]]}, "properties": {"confidence": "high"}}, {"type": "Feature", "geometry": {"type": "LineString", "coordinates": [[-118.24125034570072, 34.06512591273206], [-118.24125034570072, 34.06511847107512], [-118.24123237939504, 34.06511847107512], [-118.24123237939504, 34.06512591273206], [-118.24125034570072, 34.06512591273206]]}, "properties": {"confidence": "high"}}, {"type": "Feature", "geometry": {"type": "LineString", "coordinates": [[-118.24079220490583, 34.06512591273206], [-118.24079220490583, 34.06511847107512], [-118.24078322175299, 34.06511847107512], [-118.24078322175299, 34.06512591273206], [-118.24079220490583, 34.06512591273206]]}, "properties": {"confidence": "high"}}, {"type": "Feature", "geometry": {"type": "LineString", "coordinates": [[-118.23978609178762, 34.06512591273206], [-118.23978609178762, 34.06511847107512], [-118.23976812548194, 34.06511847107512], [-118.23976812548194, 34.06512591273206], [-118.23978609178762, 34.06512591273206]]}, "properties": {"confidence": "high"}}, {"type": "Feature", "geometry": {"type": "LineString", "coordinates": [[-118.23834878733304, 34.06512591273206], [-118.23834878733304, 34.06511847107512], [-118.23833082102735, 34.06511847107512], [-118.23833082102735, 34.06512591273206], [-118.23834878733304, 34.06512591273206]]}, "properties": {"confidence": "high"}}, {"type": "Feature", "geometry": {"type": "LineString", "coordinates": [[-118.23691148287845, 34.06512591273206], [-118.23691148287845, 34.06511847107512], [-118.23689351657275, 34.06511847107512], [-118.23689351657275, 34.06512591273206], [-118.23691148287845, 34.06512591273206]]}, "properties": {"confidence": "high"}}, {"type": "Feature", "geometry": {"type": "LineString", "coordinates": [[-118.24299307735193, 34.06511847107512], [-118.24299307735193, 34.06511102941754], [-118.24286731321216, 34.06511102941754], [-118.24286731321216, 34.06511847107512], [-118.24299307735193, 34.06511847107512]]}, "properties": {"confidence": "high"}}, {"type": "Feature", "geometry": {"type": "LineString", "coordinates": [[-118.24225645881894, 34.06511847107512], [-118.24225645881894, 34.06511102941754], [-118.24216662729053, 34.06511102941754], [-118.24216662729053, 34.06511847107512], [-118.24225645881894, 34.06511847107512]]}, "properties": {"confidence": "high"}}, {"type": "Feature", "geometry": {"type": "LineString", "coordinates": [[-118.24125932885357, 34.06511847107512], [-118.24125932885357, 34.06511102941754], [-118.24125034570072, 34.06511102941754], [-118.24125034570072, 34.06511847107512], [-118.24125932885357, 34.06511847107512]]}, "properties": {"confidence": "high"}}, {"type": "Feature", "geometry": {"type": "LineString", "coordinates": [[-118.24078322175299, 34.06511847107512], [-118.24078322175299, 34.06511102941754], [-118.24077423860015, 34.06511102941754], [-118.24077423860015, 34.06511847107512], [-118.24078322175299, 34.06511847107512]]}, "properties": {"confidence": "high"}}, {"type": "Feature", "geometry": {"type": "LineString", "coordinates": [[-118.2398040580933, 34.06511847107512], [-118.2398040580933, 34.06511102941754], [-118.23978609178762, 34.06511102941754], [-118.23978609178762, 34.06511847107512], [-118.2398040580933, 34.06511847107512]]}, "properties": {"confidence": "high"}}, {"type": "Feature", "geometry": {"type": "LineString", "coordinates": [[-118.23835777048588, 34.06511847107512], [-118.23835777048588, 34.06511102941754], [-118.23834878733304, 34.06511102941754], [-118.23834878733304, 34.06511847107512], [-118.23835777048588, 34.06511847107512]]}, "properties": {"confidence": "high"}}, {"type": "Feature", "geometry": {"type": "LineString", "coordinates": [[-118.23692944918413, 34.06511847107512], [-118.23692944918413, 34.06511102941754], [-118.23691148287845, 34.06511102941754], [-118.23691148287845, 34.06511847107512], [-118.23692944918413, 34.06511847107512]]}, "properties": {"confidence": "high"}}, {"type": "Feature", "geometry": {"type": "LineString", "coordinates": [[-118.24310087518602, 34.06511102941754], [-118.24310087518602, 34.065103587759296], [-118.24299307735193, 34.065103587759296], [-118.24299307735193, 34.06511102941754], [-118.24310087518602, 34.06511102941754]]}, "properties": {"confidence": "high"}}, {"type": "Feature", "geometry": {"type": "LineString", "coordinates": [[-118.24216662729053, 34.06511102941754], [-118.24216662729053, 34.065103587759296], [-118.24211272837348, 34.065103587759296], [-118.24211272837348, 34.06511102941754], [-118.24216662729053, 34.06511102941754]]}, "properties": {"confidence": "high"}}, {"type": "Feature", "geometry": {"type": "LineString", "coordinates": [[-118.24126831200641, 34.06511102941754], [-118.24126831200641, 34.065103587759296], [-118.24125932885357, 34.065103587759296], [-118.24125932885357, 34.06511102941754], [-118.24126831200641, 34.06511102941754]]}, "properties": {"confidence": "high"}}, {"type": "Feature", "geometry": {"type": "LineString", "coordinates": [[-118.24075627229448, 34.06511102941754], [-118.24075627229448, 34.065103587759296], [-118.24060355869618, 34.065103587759296], [-118.24060355869618, 34.06511102941754], [-118.24075627229448, 34.06511102941754]]}, "properties": {"confidence": "high"}}, {"type": "Feature", "geometry": {"type": "LineString", "coordinates": [[-118.23982202439899, 34.06511102941754], [-118.23982202439899, 34.065103587759296], [-118.2398040580933, 34.065103587759296], [-118.2398040580933, 34.06511102941754], [-118.23982202439899, 34.06511102941754]]}, "properties": {"confidence": "high"}}, {"type": "Feature", "geometry": {"type": "LineString", "coordinates": [[-118.23837573679155, 34.06511102941754], [-118.23837573679155, 34.065103587759296], [-118.23835777048588, 34.065103587759296], [-118.23835777048588, 34.06511102941754], [-118.23837573679155, 34.06511102941754]]}, "properties": {"confidence": "high"}}, {"type": "Feature", "geometry": {"type": "LineString", "coordinates": [[-118.23693843233697, 34.06511102941754], [-118.23693843233697, 34.065103587759296], [-118.23692944918413, 34.065103587759296], [-118.23692944918413, 34.06511102941754], [-118.23693843233697, 34.06511102941754]]}, "properties": {"confidence": "high"}}, {"type": "Feature", "geometry": {"type": "LineString", "coordinates": [[-118.24385546002469, 34.065103587759296], [-118.24385546002469, 34.0650961461004], [-118.24384647687185, 34.0650961461004], [-118.24384647687185, 34.065103587759296], [-118.24385546002469, 34.065103587759296]]}, "properties": {"confidence": "high"}}, {"type": "Feature", "geometry": {"type": "LineString", "coordinates": [[-118.24319070671443, 34.065103587759296], [-118.24319070671443, 34.0650961461004], [-118.24310087518602, 34.0650961461004], [-118.24310087518602, 34.065103587759296], [-118.24319070671443, 34.065103587759296]]}, "properties": {"confidence": "high"}}, {"type": "Feature", "geometry": {"type": "LineString", "coordinates": [[-118.24211272837348, 34.065103587759296], [-118.24211272837348, 34.0650961461004], [-118.24209476206781, 34.0650961461004], [-118.24209476206781, 34.065103587759296], [-118.24211272837348, 34.065103587759296]]}, "properties": {"confidence": "high"}}, {"type": "Feature", "geometry": {"type": "LineString", "coordinates": [[-118.24127729515925, 34.065103587759296], [-118.24127729515925, 34.0650961461004], [-118.24126831200641, 34.0650961461004], [-118.24126831200641, 34.065103587759296], [-118.24127729515925, 34.065103587759296]]}, "properties": {"confidence": "high"}}, {"type": "Feature", "geometry": {"type": "LineString", "coordinates": [[-118.24060355869618, 34.065103587759296], [-118.24060355869618, 34.0650961461004], [-118.24056762608481, 34.0650961461004], [-118.24056762608481, 34.065103587759296], [-118.24060355869618, 34.065103587759296]]}, "properties": {"confidence": "high"}}, {"type": "Feature", "geometry": {"type": "LineString", "coordinates": [[-118.23983100755183, 34.065103587759296], [-118.23983100755183, 34.0650961461004], [-118.23982202439899, 34.0650961461004], [-118.23982202439899, 34.065103587759296], [-118.23983100755183, 34.065103587759296]]}, "properties": {"confidence": "high"}}, {"type": "Feature", "geometry": {"type": "LineString", "coordinates": [[-118.2383847199444, 34.065103587759296], [-118.2383847199444, 34.0650961461004], [-118.23837573679155, 34.0650961461004], [-118.23837573679155, 34.065103587759296], [-118.2383847199444, 34.065103587759296]]}, "properties": {"confidence": "high"}}, {"type": "Feature", "geometry": {"type": "LineString", "coordinates": [[-118.23695639864266, 34.065103587759296], [-118.23695639864266, 34.0650961461004], [-118.23693843233697, 34.0650961461004], [-118.23693843233697, 34.065103587759296], [-118.23695639864266, 34.065103587759296]]}, "properties": {"confidence": "high"}}, {"type": "Feature", "geometry": {"type": "LineString", "coordinates": [[-118.24386444317753, 34.0650961461004], [-118.24386444317753, 34.06508870444086], [-118.24385546002469, 34.06508870444086], [-118.24385546002469, 34.0650961461004], [-118.24386444317753, 34.0650961461004]]}, "properties": {"confidence": "high"}}, {"type": "Feature", "geometry": {"type": "LineString", "coordinates": [[-118.24320867302012, 34.0650961461004], [-118.24320867302012, 34.06508870444086], [-118.24319070671443, 34.06508870444086], [-118.24319070671443, 34.0650961461004], [-118.24320867302012, 34.0650961461004]]}, "properties": {"confidence": "high"}}, {"type": "Feature", "geometry": {"type": "LineString", "coordinates": [[-118.24209476206781, 34.0650961461004], [-118.24209476206781, 34.06508870444086], [-118.24208577891497, 34.06508870444086], [-118.24208577891497, 34.0650961461004], [-118.24209476206781, 34.0650961461004]]}, "properties": {"confidence": "high"}}, {"type": "Feature", "geometry": {"type": "LineString", "coordinates": [[-118.24056762608481, 34.0650961461004], [-118.24056762608481, 34.06508870444086], [-118.24054965977913, 34.06508870444086], [-118.24054965977913, 34.0650961461004], [-118.24056762608481, 34.0650961461004]]}, "properties": {"confidence": "high"}}, {"type": "Feature", "geometry": {"type": "LineString", "coordinates": [[-118.23983999070467, 34.0650961461004], [-118.23983999070467, 34.06508870444086], [-118.23983100755183, 34.06508870444086], [-118.23983100755183, 34.0650961461004], [-118.23983999070467, 34.0650961461004]]}, "properties": {"confidence": "high"}}, {"type": "Feature", "geometry": {"type": "LineString", "coordinates": [[-118.23839370309724, 34.0650961461004], [-118.23839370309724, 34.06508870444086], [-118.2383847199444, 34.06508870444086], [-118.2383847199444, 34.0650961461004], [-118.23839370309724, 34.0650961461004]]}, "properties": {"confidence": "high"}}, {"type": "Feature", "geometry": {"type": "LineString", "coordinates": [[-118.24077423860015, 34.06511102941754], [-118.24077423860015, 34.06508126278066], [-118.24076525544731, 34.06508126278066], [-118.24076525544731, 34.0650961461004], [-118.24075627229448, 34.0650961461004], [-118.24075627229448, 34.065103587759296], [-118.24076525544731, 34.065103587759296], [-118.24076525544731, 34.06511102941754], [-118.24077423860015, 34.06511102941754]]}, "properties": {"confidence": "high"}}, {"type": "Feature", "geometry": {"type": "LineString", "coordinates": [[-118.24128627831209, 34.0650961461004], [-118.24128627831209, 34.06508126278066], [-118.24127729515925, 34.06508126278066], [-118.24127729515925, 34.0650961461004], [-118.24128627831209, 34.0650961461004]]}, "properties": {"confidence": "high"}}, {"type": "Feature", "geometry": {"type": "LineString", "coordinates": [[-118.2369653817955, 34.0650961461004], [-118.2369653817955, 34.06508126278066], [-118.23695639864266, 34.06508126278066], [-118.23695639864266, 34.0650961461004], [-118.2369653817955, 34.0650961461004]]}, "properties": {"confidence": "high"}}, {"type": "Feature", "geometry": {"type": "LineString", "coordinates": [[-118.24388240948322, 34.06508870444086], [-118.24388240948322, 34.06508126278066], [-118.24386444317753, 34.06508126278066], [-118.24386444317753, 34.06508870444086], [-118.24388240948322, 34.06508870444086]]}, "properties": {"confidence": "high"}}, {"type": "Feature", "geometry": {"type": "LineString", "coordinates": [[-118.2432266393258, 34.06508870444086], [-118.2432266393258, 34.06508126278066], [-118.24320867302012, 34.06508126278066], [-118.24320867302012, 34.06508870444086], [-118.2432266393258, 34.06508870444086]]}, "properties": {"confidence": "high"}}, {"type": "Feature", "geometry": {"type": "LineString", "coordinates": [[-118.24208577891497, 34.06508870444086], [-118.24208577891497, 34.06508126278066], [-118.24205882945644, 34.06508126278066], [-118.24205882945644, 34.06508870444086], [-118.24208577891497, 34.06508870444086]]}, "properties": {"confidence": "high"}}, {"type": "Feature", "geometry": {"type": "LineString", "coordinates": [[-118.24054965977913, 34.06508870444086], [-118.24054965977913, 34.06508126278066], [-118.2405406766263, 34.06508126278066], [-118.2405406766263, 34.06508870444086], [-118.24054965977913, 34.06508870444086]]}, "properties": {"confidence": "high"}}, {"type": "Feature", "geometry": {"type": "LineString", "coordinates": [[-118.23840268625008, 34.06508870444086], [-118.23840268625008, 34.06508126278066], [-118.23839370309724, 34.06508126278066], [-118.23839370309724, 34.06508870444086], [-118.23840268625008, 34.06508870444086]]}, "properties": {"confidence": "high"}}, {"type": "Feature", "geometry": {"type": "LineString", "coordinates": [[-118.24389139263606, 34.06508126278066], [-118.24389139263606, 34.0650738211198], [-118.24388240948322, 34.0650738211198], [-118.24388240948322, 34.06508126278066], [-118.24389139263606, 34.06508126278066]]}, "properties": {"confidence": "high"}}, {"type": "Feature", "geometry": {"type": "LineString", "coordinates": [[-118.24326257193717, 34.06508126278066], [-118.24326257193717, 34.0650738211198], [-118.2432266393258, 34.0650738211198], [-118.2432266393258, 34.06508126278066], [-118.24326257193717, 34.06508126278066]]}, "properties": {"confidence": "high"}}, {"type": "Feature", "geometry": {"type": "LineString", "coordinates": [[-118.24205882945644, 34.06508126278066], [-118.24205882945644, 34.0650738211198], [-118.24204086315076, 34.0650738211198], [-118.24204086315076, 34.06508126278066], [-118.24205882945644, 34.06508126278066]]}, "properties": {"confidence": "high"}}, {"type": "Feature", "geometry": {"type": "LineString", "coordinates": [[-118.24129526146493, 34.06508126278066], [-118.24129526146493, 34.0650738211198], [-118.24128627831209, 34.0650738211198], [-118.24128627831209, 34.06508126278066], [-118.24129526146493, 34.06508126278066]]}, "properties": {"confidence": "high"}}, {"type": "Feature", "geometry": {"type": "LineString", "coordinates": [[-118.2405406766263, 34.06508126278066], [-118.2405406766263, 34.0650738211198], [-118.24051372716777, 34.0650738211198], [-118.24051372716777, 34.06508126278066], [-118.2405406766263, 34.06508126278066]]}, "properties": {"confidence": "high"}}, {"type": "Feature", "geometry": {"type": "LineString", "coordinates": [[-118.2398489738575, 34.06508870444086], [-118.2398489738575, 34.065066379458294], [-118.23983999070467, 34.065066379458294], [-118.23983999070467, 34.06508870444086], [-118.2398489738575, 34.06508870444086]]}, "properties": {"confidence": "high"}}, {"type": "Feature", "geometry": {"type": "LineString", "coordinates": [[-118.23697436494834, 34.06508126278066], [-118.23697436494834, 34.065066379458294], [-118.2369653817955, 34.065066379458294], [-118.2369653817955, 34.06508126278066], [-118.23697436494834, 34.06508126278066]]}, "properties": {"confidence": "high"}}, {"type": "Feature", "geometry": {"type": "LineString", "coordinates": [[-118.2439003757889, 34.0650738211198], [-118.2439003757889, 34.065066379458294], [-118.24389139263606, 34.065066379458294], [-118.24389139263606, 34.0650738211198], [-118.2439003757889, 34.0650738211198]]}, "properties": {"confidence": "high"}}, {"type": "Feature", "geometry": {"type": "LineString", "coordinates": [[-118.24329850454852, 34.0650738211198], [-118.24329850454852, 34.065066379458294], [-118.24326257193717, 34.065066379458294], [-118.24326257193717, 34.0650738211198], [-118.24329850454852, 34.0650738211198]]}, "properties": {"confidence": "high"}}, {"type": "Feature", "geometry": {"type": "LineString", "coordinates": [[-118.24204086315076, 34.0650738211198], [-118.24204086315076, 34.065066379458294], [-118.24202289684507, 34.065066379458294], [-118.24202289684507, 34.0650738211198], [-118.24204086315076, 34.0650738211198]]}, "properties": {"confidence": "high"}}, {"type": "Feature", "geometry": {"type": "LineString", "coordinates": [[-118.24051372716777, 34.0650738211198], [-118.24051372716777, 34.065066379458294], [-118.24049576086209, 34.065066379458294], [-118.24049576086209, 34.0650738211198], [-118.24051372716777, 34.0650738211198]]}, "properties": {"confidence": "high"}}, {"type": "Feature", "geometry": {"type": "LineString", "coordinates": [[-118.23841166940292, 34.06508126278066], [-118.23841166940292, 34.06505893779613], [-118.23840268625008, 34.06505893779613], [-118.23840268625008, 34.06508126278066], [-118.23841166940292, 34.06508126278066]]}, "properties": {"confidence": "high"}}, {"type": "Feature", "geometry": {"type": "LineString", "coordinates": [[-118.24130424461778, 34.0650738211198], [-118.24130424461778, 34.06505893779613], [-118.24129526146493, 34.06505893779613], [-118.24129526146493, 34.0650738211198], [-118.24130424461778, 34.0650738211198]]}, "properties": {"confidence": "high"}}, {"type": "Feature", "geometry": {"type": "LineString", "coordinates": [[-118.24391834209457, 34.065066379458294], [-118.24391834209457, 34.06505893779613], [-118.2439003757889, 34.06505893779613], [-118.2439003757889, 34.065066379458294], [-118.24391834209457, 34.065066379458294]]}, "properties": {"confidence": "high"}}, {"type": "Feature", "geometry": {"type": "LineString", "coordinates": [[-118.24333443715989, 34.065066379458294], [-118.24333443715989, 34.06505893779613], [-118.24329850454852, 34.06505893779613], [-118.24329850454852, 34.065066379458294], [-118.24333443715989, 34.065066379458294]]}, "properties": {"confidence": "high"}}, {"type": "Feature", "geometry": {"type": "LineString", "coordinates": [[-118.24202289684507, 34.065066379458294], [-118.24202289684507, 34.06505893779613], [-118.2420049305394, 34.06505893779613], [-118.2420049305394, 34.065066379458294], [-118.24202289684507, 34.065066379458294]]}, "properties": {"confidence": "high"}}, {"type": "Feature", "geometry": {"type": "LineString", "coordinates": [[-118.24049576086209, 34.065066379458294], [-118.24049576086209, 34.06505893779613], [-118.2404777945564, 34.06505893779613], [-118.2404777945564, 34.065066379458294], [-118.24049576086209, 34.065066379458294]]}, "properties": {"confidence": "high"}}, {"type": "Feature", "geometry": {"type": "LineString", "coordinates": [[-118.24078322175299, 34.06508126278066], [-118.24078322175299, 34.06505149613332], [-118.24077423860015, 34.06505149613332], [-118.24077423860015, 34.06508126278066], [-118.24078322175299, 34.06508126278066]]}, "properties": {"confidence": "high"}}, {"type": "Feature", "geometry": {"type": "LineString", "coordinates": [[-118.23985795701034, 34.065066379458294], [-118.23985795701034, 34.06505149613332], [-118.2398489738575, 34.06505149613332], [-118.2398489738575, 34.065066379458294], [-118.23985795701034, 34.065066379458294]]}, "properties": {"confidence": "high"}}, {"type": "Feature", "geometry": {"type": "LineString", "coordinates": [[-118.24395427470594, 34.06505893779613], [-118.24395427470594, 34.06505149613332], [-118.24391834209457, 34.06505149613332], [-118.24391834209457, 34.06505893779613], [-118.24395427470594, 34.06505893779613]]}, "properties": {"confidence": "high"}}, {"type": "Feature", "geometry": {"type": "LineString", "coordinates": [[-118.24336138661842, 34.06505893779613], [-118.24336138661842, 34.06505149613332], [-118.24333443715989, 34.06505149613332], [-118.24333443715989, 34.06505893779613], [-118.24336138661842, 34.06505893779613]]}, "properties": {"confidence": "high"}}, {"type": "Feature", "geometry": {"type": "LineString", "coordinates": [[-118.2420049305394, 34.06505893779613], [-118.2420049305394, 34.06505149613332], [-118.24198696423372, 34.06505149613332], [-118.24198696423372, 34.06505893779613], [-118.2420049305394, 34.06505893779613]]}, "properties": {"confidence": "high"}}, {"type": "Feature", "geometry": {"type": "LineString", "coordinates": [[-118.24131322777062, 34.06505893779613], [-118.24131322777062, 34.06505149613332], [-118.24130424461778, 34.06505149613332], [-118.24130424461778, 34.06505893779613], [-118.24131322777062, 34.06505893779613]]}, "properties": {"confidence": "high"}}, {"type": "Feature", "geometry": {"type": "LineString", "coordinates": [[-118.2404777945564, 34.06505893779613], [-118.2404777945564, 34.06505149613332], [-118.24045982825072, 34.06505149613332], [-118.24045982825072, 34.06505893779613], [-118.2404777945564, 34.06505893779613]]}, "properties": {"confidence": "high"}}, {"type": "Feature", "geometry": {"type": "LineString", "coordinates": [[-118.23698334810118, 34.065066379458294], [-118.23698334810118, 34.06504405446986], [-118.23697436494834, 34.06504405446986], [-118.23697436494834, 34.065066379458294], [-118.23698334810118, 34.065066379458294]]}, "properties": {"confidence": "high"}}, {"type": "Feature", "geometry": {"type": "LineString", "coordinates": [[-118.24398122416447, 34.06505149613332], [-118.24398122416447, 34.06504405446986], [-118.24395427470594, 34.06504405446986], [-118.24395427470594, 34.06505149613332], [-118.24398122416447, 34.06505149613332]]}, "properties": {"confidence": "high"}}, {"type": "Feature", "geometry": {"type": "LineString", "coordinates": [[-118.24338833607693, 34.06505149613332], [-118.24338833607693, 34.06504405446986], [-118.24336138661842, 34.06504405446986], [-118.24336138661842, 34.06505149613332], [-118.24338833607693, 34.06505149613332]]}, "properties": {"confidence": "high"}}, {"type": "Feature", "geometry": {"type": "LineString", "coordinates": [[-118.24198696423372, 34.06505149613332], [-118.24198696423372, 34.06504405446986], [-118.24196899792803, 34.06504405446986], [-118.24196899792803, 34.06505149613332], [-118.24198696423372, 34.06505149613332]]}, "properties": {"confidence": "high"}}, {"type": "Feature", "geometry": {"type": "LineString", "coordinates": [[-118.24045982825072, 34.06505149613332], [-118.24045982825072, 34.06504405446986], [-118.24043287879219, 34.06504405446986], [-118.24043287879219, 34.06505149613332], [-118.24045982825072, 34.06505149613332]]}, "properties": {"confidence": "high"}}, {"type": "Feature", "geometry": {"type": "LineString", "coordinates": [[-118.23842065255576, 34.06505893779613], [-118.23842065255576, 34.06503661280573], [-118.23841166940292, 34.06503661280573], [-118.23841166940292, 34.06505893779613], [-118.23842065255576, 34.06505893779613]]}, "properties": {"confidence": "high"}}, {"type": "Feature", "geometry": {"type": "LineString", "coordinates": [[-118.24132221092346, 34.06505149613332], [-118.24132221092346, 34.06503661280573], [-118.24131322777062, 34.06503661280573], [-118.24131322777062, 34.06505149613332], [-118.24132221092346, 34.06505149613332]]}, "properties": {"confidence": "high"}}, {"type": "Feature", "geometry": {"type": "LineString", "coordinates": [[-118.24079220490583, 34.06505149613332], [-118.24079220490583, 34.06503661280573], [-118.24078322175299, 34.06503661280573], [-118.24078322175299, 34.06505149613332], [-118.24079220490583, 34.06505149613332]]}, "properties": {"confidence": "high"}}, {"type": "Feature", "geometry": {"type": "LineString", "coordinates": [[-118.24402613992866, 34.06504405446986], [-118.24402613992866, 34.06503661280573], [-118.24398122416447, 34.06503661280573], [-118.24398122416447, 34.06504405446986], [-118.24402613992866, 34.06504405446986]]}, "properties": {"confidence": "high"}}, {"type": "Feature", "geometry": {"type": "LineString", "coordinates": [[-118.24341528553546, 34.06504405446986], [-118.24341528553546, 34.06503661280573], [-118.24338833607693, 34.06503661280573], [-118.24338833607693, 34.06504405446986], [-118.24341528553546, 34.06504405446986]]}, "properties": {"confidence": "high"}}, {"type": "Feature", "geometry": {"type": "LineString", "coordinates": [[-118.24196899792803, 34.06504405446986], [-118.24196899792803, 34.06503661280573], [-118.24195103162235, 34.06503661280573], [-118.24195103162235, 34.06504405446986], [-118.24196899792803, 34.06504405446986]]}, "properties": {"confidence": "high"}}, {"type": "Feature", "geometry": {"type": "LineString", "coordinates": [[-118.24043287879219, 34.06504405446986], [-118.24043287879219, 34.06503661280573], [-118.24040592933368, 34.06503661280573], [-118.24040592933368, 34.06504405446986], [-118.24043287879219, 34.06504405446986]]}, "properties": {"confidence": "high"}}, {"type": "Feature", "geometry": {"type": "LineString", "coordinates": [[-118.23986694016318, 34.06505149613332], [-118.23986694016318, 34.06502917114095], [-118.23985795701034, 34.06502917114095], [-118.23985795701034, 34.06505149613332], [-118.23986694016318, 34.06505149613332]]}, "properties": {"confidence": "high"}}, {"type": "Feature", "geometry": {"type": "LineString", "coordinates": [[-118.23699233125402, 34.06504405446986], [-118.23699233125402, 34.06502917114095], [-118.23698334810118, 34.06502917114095], [-118.23698334810118, 34.06504405446986], [-118.23699233125402, 34.06504405446986]]}, "properties": {"confidence": "high"}}, {"type": "Feature", "geometry": {"type": "LineString", "coordinates": [[-118.24408003884572, 34.06503661280573], [-118.24408003884572, 34.06502917114095], [-118.24402613992866, 34.06502917114095], [-118.24402613992866, 34.06503661280573], [-118.24408003884572, 34.06503661280573]]}, "properties": {"confidence": "high"}}, {"type": "Feature", "geometry": {"type": "LineString", "coordinates": [[-118.24345121814682, 34.06503661280573], [-118.24345121814682, 34.06502917114095], [-118.24341528553546, 34.06502917114095], [-118.24341528553546, 34.06503661280573], [-118.24345121814682, 34.06503661280573]]}, "properties": {"confidence": "high"}}, {"type": "Feature", "geometry": {"type": "LineString", "coordinates": [[-118.24195103162235, 34.06503661280573], [-118.24195103162235, 34.06502917114095], [-118.24192408216383, 34.06502917114095], [-118.24192408216383, 34.06503661280573], [-118.24195103162235, 34.06503661280573]]}, "properties": {"confidence": "high"}}, {"type": "Feature", "geometry": {"type": "LineString", "coordinates": [[-118.2413311940763, 34.06503661280573], [-118.2413311940763, 34.06502917114095], [-118.24132221092346, 34.06502917114095], [-118.24132221092346, 34.06503661280573], [-118.2413311940763, 34.06503661280573]]}, "properties": {"confidence": "high"}}, {"type": "Feature", "geometry": {"type": "LineString", "coordinates": [[-118.24040592933368, 34.06503661280573], [-118.24040592933368, 34.06502917114095], [-118.24036999672231, 34.06502917114095], [-118.24036999672231, 34.06503661280573], [-118.24040592933368, 34.06503661280573]]}, "properties": {"confidence": "high"}}, {"type": "Feature", "geometry": {"type": "LineString", "coordinates": [[-118.24080118805868, 34.06503661280573], [-118.24080118805868, 34.065021729475525], [-118.24079220490583, 34.065021729475525], [-118.24079220490583, 34.06503661280573], [-118.24080118805868, 34.06503661280573]]}, "properties": {"confidence": "high"}}, {"type": "Feature", "geometry": {"type": "LineString", "coordinates": [[-118.2384296357086, 34.06503661280573], [-118.2384296357086, 34.065021729475525], [-118.23842065255576, 34.065021729475525], [-118.23842065255576, 34.06503661280573], [-118.2384296357086, 34.06503661280573]]}, "properties": {"confidence": "high"}}, {"type": "Feature", "geometry": {"type": "LineString", "coordinates": [[-118.24410698830424, 34.06502917114095], [-118.24410698830424, 34.065021729475525], [-118.24408003884572, 34.065021729475525], [-118.24408003884572, 34.06502917114095], [-118.24410698830424, 34.06502917114095]]}, "properties": {"confidence": "high"}}, {"type": "Feature", "geometry": {"type": "LineString", "coordinates": [[-118.24347816760535, 34.06502917114095], [-118.24347816760535, 34.065021729475525], [-118.24345121814682, 34.065021729475525], [-118.24345121814682, 34.06502917114095], [-118.24347816760535, 34.06502917114095]]}, "properties": {"confidence": "high"}}, {"type": "Feature", "geometry": {"type": "LineString", "coordinates": [[-118.24192408216383, 34.06502917114095], [-118.24192408216383, 34.065021729475525], [-118.24190611585814, 34.065021729475525], [-118.24190611585814, 34.06502917114095], [-118.24192408216383, 34.06502917114095]]}, "properties": {"confidence": "high"}}, {"type": "Feature", "geometry": {"type": "LineString", "coordinates": [[-118.24134017722913, 34.06502917114095], [-118.24134017722913, 34.065021729475525], [-118.2413311940763, 34.065021729475525], [-118.2413311940763, 34.06502917114095], [-118.24134017722913, 34.06502917114095]]}, "properties": {"confidence": "high"}}, {"type": "Feature", "geometry": {"type": "LineString", "coordinates": [[-118.24036999672231, 34.06502917114095], [-118.24036999672231, 34.065021729475525], [-118.24035203041663, 34.065021729475525], [-118.24035203041663, 34.06502917114095], [-118.24036999672231, 34.06502917114095]]}, "properties": {"confidence": "high"}}, {"type": "Feature", "geometry": {"type": "LineString", "coordinates": [[-118.23987592331603, 34.06502917114095], [-118.23987592331603, 34.06501428780945], [-118.23986694016318, 34.06501428780945], [-118.23986694016318, 34.06502917114095], [-118.23987592331603, 34.06502917114095]]}, "properties": {"confidence": "high"}}, {"type": "Feature", "geometry": {"type": "LineString", "coordinates": [[-118.23700131440687, 34.06502917114095], [-118.23700131440687, 34.06501428780945], [-118.23699233125402, 34.06501428780945], [-118.23699233125402, 34.06502917114095], [-118.23700131440687, 34.06502917114095]]}, "properties": {"confidence": "high"}}, {"type": "Feature", "geometry": {"type": "LineString", "coordinates": [[-118.2441429209156, 34.065021729475525], [-118.2441429209156, 34.06501428780945], [-118.24410698830424, 34.06501428780945], [-118.24410698830424, 34.065021729475525], [-118.2441429209156, 34.065021729475525]]}, "properties": {"confidence": "high"}}, {"type": "Feature", "geometry": {"type": "LineString", "coordinates": [[-118.24350511706386, 34.065021729475525], [-118.24350511706386, 34.06501428780945], [-118.24347816760535, 34.06501428780945], [-118.24347816760535, 34.065021729475525], [-118.24350511706386, 34.065021729475525]]}, "properties": {"confidence": "high"}}, {"type": "Feature", "geometry": {"type": "LineString", "coordinates": [[-118.24190611585814, 34.065021729475525], [-118.24190611585814, 34.06501428780945], [-118.24188814955247, 34.06501428780945], [-118.24188814955247, 34.065021729475525], [-118.24190611585814, 34.065021729475525]]}, "properties": {"confidence": "high"}}, {"type": "Feature", "geometry": {"type": "LineString", "coordinates": [[-118.24135814353482, 34.065021729475525], [-118.24135814353482, 34.06501428780945], [-118.24134017722913, 34.06501428780945], [-118.24134017722913, 34.065021729475525], [-118.24135814353482, 34.065021729475525]]}, "properties": {"confidence": "high"}}, {"type": "Feature", "geometry": {"type": "LineString", "coordinates": [[-118.24035203041663, 34.065021729475525], [-118.24035203041663, 34.06501428780945], [-118.24033406411094, 34.06501428780945], [-118.24033406411094, 34.065021729475525], [-118.24035203041663, 34.065021729475525]]}, "properties": {"confidence": "high"}}, {"type": "Feature", "geometry": {"type": "LineString", "coordinates": [[-118.24416088722128, 34.06501428780945], [-118.24416088722128, 34.06500684614271], [-118.2441429209156, 34.06500684614271], [-118.2441429209156, 34.06501428780945], [-118.24416088722128, 34.06501428780945]]}, "properties": {"confidence": "high"}}, {"type": "Feature", "geometry": {"type": "LineString", "coordinates": [[-118.24353206652239, 34.06501428780945], [-118.24353206652239, 34.06500684614271], [-118.24350511706386, 34.06500684614271], [-118.24350511706386, 34.06501428780945], [-118.24353206652239, 34.06501428780945]]}, "properties": {"confidence": "high"}}, {"type": "Feature", "geometry": {"type": "LineString", "coordinates": [[-118.24188814955247, 34.06501428780945], [-118.24188814955247, 34.06500684614271], [-118.24187018324677, 34.06500684614271], [-118.24187018324677, 34.06501428780945], [-118.24188814955247, 34.06501428780945]]}, "properties": {"confidence": "high"}}, {"type": "Feature", "geometry": {"type": "LineString", "coordinates": [[-118.24136712668766, 34.06501428780945], [-118.24136712668766, 34.06500684614271], [-118.24135814353482, 34.06500684614271], [-118.24135814353482, 34.06501428780945], [-118.24136712668766, 34.06501428780945]]}, "properties": {"confidence": "high"}}, {"type": "Feature", "geometry": {"type": "LineString", "coordinates": [[-118.24033406411094, 34.06501428780945], [-118.24033406411094, 34.06500684614271], [-118.2403250809581, 34.06500684614271], [-118.2403250809581, 34.06501428780945], [-118.24033406411094, 34.06501428780945]]}, "properties": {"confidence": "high"}}, {"type": "Feature", "geometry": {"type": "LineString", "coordinates": [[-118.24081017121152, 34.065021729475525], [-118.24081017121152, 34.06499940447532], [-118.24080118805868, 34.06499940447532], [-118.24080118805868, 34.065021729475525], [-118.24081017121152, 34.065021729475525]]}, "properties": {"confidence": "high"}}, {"type": "Feature", "geometry": {"type": "LineString", "coordinates": [[-118.23843861886145, 34.065021729475525], [-118.23843861886145, 34.06499940447532], [-118.2384296357086, 34.06499940447532], [-118.2384296357086, 34.065021729475525], [-118.23843861886145, 34.065021729475525]]}, "properties": {"confidence": "high"}}, {"type": "Feature", "geometry": {"type": "LineString", "coordinates": [[-118.23988490646887, 34.06501428780945], [-118.23988490646887, 34.06499940447532], [-118.23987592331603, 34.06499940447532], [-118.23987592331603, 34.06501428780945], [-118.23988490646887, 34.06501428780945]]}, "properties": {"confidence": "high"}}, {"type": "Feature", "geometry": {"type": "LineString", "coordinates": [[-118.2370102975597, 34.06501428780945], [-118.2370102975597, 34.06499940447532], [-118.23700131440687, 34.06499940447532], [-118.23700131440687, 34.06501428780945], [-118.2370102975597, 34.06501428780945]]}, "properties": {"confidence": "high"}}, {"type": "Feature", "geometry": {"type": "LineString", "coordinates": [[-118.24485258999007, 34.06500684614271], [-118.24485258999007, 34.06499940447532], [-118.24484360683721, 34.06499940447532], [-118.24484360683721, 34.06500684614271], [-118.24485258999007, 34.06500684614271]]}, "properties": {"confidence": "high"}}, {"type": "Feature", "geometry": {"type": "LineString", "coordinates": [[-118.24416987037412, 34.06500684614271], [-118.24416987037412, 34.06499940447532], [-118.24416088722128, 34.06499940447532], [-118.24416088722128, 34.06500684614271], [-118.24416987037412, 34.06500684614271]]}, "properties": {"confidence": "high"}}, {"type": "Feature", "geometry": {"type": "LineString", "coordinates": [[-118.24356799913376, 34.06500684614271], [-118.24356799913376, 34.06499940447532], [-118.24353206652239, 34.06499940447532], [-118.24353206652239, 34.06500684614271], [-118.24356799913376, 34.06500684614271]]}, "properties": {"confidence": "high"}}, {"type": "Feature", "geometry": {"type": "LineString", "coordinates": [[-118.24187018324677, 34.06500684614271], [-118.24187018324677, 34.06499940447532], [-118.24186120009394, 34.06499940447532], [-118.24186120009394, 34.06500684614271], [-118.24187018324677, 34.06500684614271]]}, "properties": {"confidence": "high"}}, {"type": "Feature", "geometry": {"type": "LineString", "coordinates": [[-118.2413761098405, 34.06500684614271], [-118.2413761098405, 34.06499940447532], [-118.24136712668766, 34.06499940447532], [-118.24136712668766, 34.06500684614271], [-118.2413761098405, 34.06500684614271]]}, "properties": {"confidence": "high"}}, {"type": "Feature", "geometry": {"type": "LineString", "coordinates": [[-118.2403250809581, 34.06500684614271], [-118.2403250809581, 34.06499940447532], [-118.24030711465242, 34.06499940447532], [-118.24030711465242, 34.06500684614271], [-118.2403250809581, 34.06500684614271]]}, "properties": {"confidence": "high"}}, {"type": "Feature", "geometry": {"type": "LineString", "coordinates": [[-118.24418783667981, 34.06499940447532], [-118.24418783667981, 34.06499196280728], [-118.24416987037412, 34.06499196280728], [-118.24416987037412, 34.06499940447532], [-118.24418783667981, 34.06499940447532]]}, "properties": {"confidence": "high"}}, {"type": "Feature", "geometry": {"type": "LineString", "coordinates": [[-118.24359494859227, 34.06499940447532], [-118.24359494859227, 34.06499196280728], [-118.24356799913376, 34.06499196280728], [-118.24356799913376, 34.06499940447532], [-118.24359494859227, 34.06499940447532]]}, "properties": {"confidence": "high"}}, {"type": "Feature", "geometry": {"type": "LineString", "coordinates": [[-118.24139407614618, 34.06499940447532], [-118.24139407614618, 34.06499196280728], [-118.2413761098405, 34.06499196280728], [-118.2413761098405, 34.06499940447532], [-118.24139407614618, 34.06499940447532]]}, "properties": {"confidence": "high"}}, {"type": "Feature", "geometry": {"type": "LineString", "coordinates": [[-118.24030711465242, 34.06499940447532], [-118.24030711465242, 34.06499196280728], [-118.24028914834672, 34.06499196280728], [-118.24028914834672, 34.06499940447532], [-118.24030711465242, 34.06499940447532]]}, "properties": {"confidence": "high"}}, {"type": "Feature", "geometry": {"type": "LineString", "coordinates": [[-118.24186120009394, 34.06499940447532], [-118.24186120009394, 34.064984521138584], [-118.2418522169411, 34.064984521138584], [-118.2418522169411, 34.06499940447532], [-118.24186120009394, 34.06499940447532]]}, "properties": {"confidence": "high"}}, {"type": "Feature", "geometry": {"type": "LineString", "coordinates": [[-118.24081915436436, 34.06499940447532], [-118.24081915436436, 34.064984521138584], [-118.24081017121152, 34.064984521138584], [-118.24081017121152, 34.06499940447532], [-118.24081915436436, 34.06499940447532]]}, "properties": {"confidence": "high"}}, {"type": "Feature", "geometry": {"type": "LineString", "coordinates": [[-118.23989388962171, 34.06499940447532], [-118.23989388962171, 34.064984521138584], [-118.23988490646887, 34.064984521138584], [-118.23988490646887, 34.06499940447532], [-118.23989388962171, 34.06499940447532]]}, "properties": {"confidence": "high"}}, {"type": "Feature", "geometry": {"type": "LineString", "coordinates": [[-118.23844760201429, 34.06499940447532], [-118.23844760201429, 34.064984521138584], [-118.23843861886145, 34.064984521138584], [-118.23843861886145, 34.06499940447532], [-118.23844760201429, 34.06499940447532]]}, "properties": {"confidence": "high"}}, {"type": "Feature", "geometry": {"type": "LineString", "coordinates": [[-118.24420580298549, 34.06499196280728], [-118.24420580298549, 34.064984521138584], [-118.24418783667981, 34.064984521138584], [-118.24418783667981, 34.06499196280728], [-118.24420580298549, 34.06499196280728]]}, "properties": {"confidence": "high"}}, {"type": "Feature", "geometry": {"type": "LineString", "coordinates": [[-118.2436218980508, 34.06499196280728], [-118.2436218980508, 34.064984521138584], [-118.24359494859227, 34.064984521138584], [-118.24359494859227, 34.06499196280728], [-118.2436218980508, 34.06499196280728]]}, "properties": {"confidence": "high"}}, {"type": "Feature", "geometry": {"type": "LineString", "coordinates": [[-118.24140305929902, 34.06499196280728], [-118.24140305929902, 34.064984521138584], [-118.24139407614618, 34.064984521138584], [-118.24139407614618, 34.06499196280728], [-118.24140305929902, 34.06499196280728]]}, "properties": {"confidence": "high"}}, {"type": "Feature", "geometry": {"type": "LineString", "coordinates": [[-118.24028914834672, 34.06499196280728], [-118.24028914834672, 34.064984521138584], [-118.24027118204103, 34.064984521138584], [-118.24027118204103, 34.06499196280728], [-118.24028914834672, 34.06499196280728]]}, "properties": {"confidence": "high"}}, {"type": "Feature", "geometry": {"type": "LineString", "coordinates": [[-118.23701928071254, 34.06499940447532], [-118.23701928071254, 34.06497707946924], [-118.2370102975597, 34.06497707946924], [-118.2370102975597, 34.06499940447532], [-118.23701928071254, 34.06499940447532]]}, "properties": {"confidence": "high"}}, {"type": "Feature", "geometry": {"type": "LineString", "coordinates": [[-118.24422376929117, 34.064984521138584], [-118.24422376929117, 34.06497707946924], [-118.24420580298549, 34.06497707946924], [-118.24420580298549, 34.064984521138584], [-118.24422376929117, 34.064984521138584]]}, "properties": {"confidence": "high"}}, {"type": "Feature", "geometry": {"type": "LineString", "coordinates": [[-118.24363986435648, 34.064984521138584], [-118.24363986435648, 34.06497707946924], [-118.2436218980508, 34.06497707946924], [-118.2436218980508, 34.064984521138584], [-118.24363986435648, 34.064984521138584]]}, "properties": {"confidence": "high"}}, {"type": "Feature", "geometry": {"type": "LineString", "coordinates": [[-118.2418522169411, 34.064984521138584], [-118.2418522169411, 34.06497707946924], [-118.24184323378826, 34.06497707946924], [-118.24184323378826, 34.064984521138584], [-118.2418522169411, 34.064984521138584]]}, "properties": {"confidence": "high"}}, {"type": "Feature", "geometry": {"type": "LineString", "coordinates": [[-118.24143000875755, 34.064984521138584], [-118.24143000875755, 34.06497707946924], [-118.24140305929902, 34.06497707946924], [-118.24140305929902, 34.064984521138584], [-118.24143000875755, 34.064984521138584]]}, "properties": {"confidence": "high"}}, {"type": "Feature", "geometry": {"type": "LineString", "coordinates": [[-118.24027118204103, 34.064984521138584], [-118.24027118204103, 34.06497707946924], [-118.24025321573535, 34.06497707946924], [-118.24025321573535, 34.064984521138584], [-118.24027118204103, 34.064984521138584]]}, "properties": {"confidence": "high"}}, {"type": "Feature", "geometry": {"type": "LineString", "coordinates": [[-118.2408281375172, 34.064984521138584], [-118.2408281375172, 34.06496963779923], [-118.24081915436436, 34.06496963779923], [-118.24081915436436, 34.064984521138584], [-118.2408281375172, 34.064984521138584]]}, "properties": {"confidence": "high"}}, {"type": "Feature", "geometry": {"type": "LineString", "coordinates": [[-118.24423275244402, 34.06497707946924], [-118.24423275244402, 34.06496963779923], [-118.24422376929117, 34.06496963779923], [-118.24422376929117, 34.06497707946924], [-118.24423275244402, 34.06497707946924]]}, "properties": {"confidence": "high"}}, {"type": "Feature", "geometry": {"type": "LineString", "coordinates": [[-118.24367579696785, 34.06497707946924], [-118.24367579696785, 34.06496963779923], [-118.24363986435648, 34.06496963779923], [-118.24363986435648, 34.06497707946924], [-118.24367579696785, 34.06497707946924]]}, "properties": {"confidence": "high"}}, {"type": "Feature", "geometry": {"type": "LineString", "coordinates": [[-118.24144797506325, 34.06497707946924], [-118.24144797506325, 34.06496963779923], [-118.24143000875755, 34.06496963779923], [-118.24143000875755, 34.06497707946924], [-118.24144797506325, 34.06497707946924]]}, "properties": {"confidence": "high"}}, {"type": "Feature", "geometry": {"type": "LineString", "coordinates": [[-118.24025321573535, 34.06497707946924], [-118.24025321573535, 34.06496963779923], [-118.24022626627684, 34.06496963779923], [-118.24022626627684, 34.06497707946924], [-118.24025321573535, 34.06497707946924]]}, "properties": {"confidence": "high"}}, {"type": "Feature", "geometry": {"type": "LineString", "coordinates": [[-118.23990287277455, 34.064984521138584], [-118.23990287277455, 34.06496219612857], [-118.23989388962171, 34.06496219612857], [-118.23989388962171, 34.064984521138584], [-118.23990287277455, 34.064984521138584]]}, "properties": {"confidence": "high"}}, {"type": "Feature", "geometry": {"type": "LineString", "coordinates": [[-118.23845658516713, 34.064984521138584], [-118.23845658516713, 34.06496219612857], [-118.23844760201429, 34.06496219612857], [-118.23844760201429, 34.064984521138584], [-118.23845658516713, 34.064984521138584]]}, "properties": {"confidence": "high"}}, {"type": "Feature", "geometry": {"type": "LineString", "coordinates": [[-118.24184323378826, 34.06497707946924], [-118.24184323378826, 34.06496219612857], [-118.24176238541268, 34.06496219612857], [-118.24176238541268, 34.06496963779923], [-118.24183425063542, 34.06496963779923], [-118.24183425063542, 34.06497707946924], [-118.24184323378826, 34.06497707946924]]}, "properties": {"confidence": "high"}}, {"type": "Feature", "geometry": {"type": "LineString", "coordinates": [[-118.24369376327353, 34.06496963779923], [-118.24369376327353, 34.06496219612857], [-118.24367579696785, 34.06496219612857], [-118.24367579696785, 34.06496963779923], [-118.24369376327353, 34.06496963779923]]}, "properties": {"confidence": "high"}}, {"type": "Feature", "geometry": {"type": "LineString", "coordinates": [[-118.24147492452178, 34.06496963779923], [-118.24147492452178, 34.06496219612857], [-118.24144797506325, 34.06496219612857], [-118.24144797506325, 34.06496963779923], [-118.24147492452178, 34.06496963779923]]}, "properties": {"confidence": "high"}}, {"type": "Feature", "geometry": {"type": "LineString", "coordinates": [[-118.24022626627684, 34.06496963779923], [-118.24022626627684, 34.06496219612857], [-118.24020829997114, 34.06496219612857], [-118.24020829997114, 34.06496963779923], [-118.24022626627684, 34.06496963779923]]}, "properties": {"confidence": "high"}}, {"type": "Feature", "geometry": {"type": "LineString", "coordinates": [[-118.24513106772814, 34.06496219612857], [-118.24513106772814, 34.06495475445727], [-118.2451220845753, 34.06495475445727], [-118.2451220845753, 34.06496219612857], [-118.24513106772814, 34.06496219612857]]}, "properties": {"confidence": "high"}}, {"type": "Feature", "geometry": {"type": "LineString", "coordinates": [[-118.24372071273207, 34.06496219612857], [-118.24372071273207, 34.06495475445727], [-118.24369376327353, 34.06495475445727], [-118.24369376327353, 34.06496219612857], [-118.24372071273207, 34.06496219612857]]}, "properties": {"confidence": "high"}}, {"type": "Feature", "geometry": {"type": "LineString", "coordinates": [[-118.24176238541268, 34.06496219612857], [-118.24176238541268, 34.06495475445727], [-118.24160967181439, 34.06495475445727], [-118.24160967181439, 34.06496219612857], [-118.24176238541268, 34.06496219612857]]}, "properties": {"confidence": "high"}}, {"type": "Feature", "geometry": {"type": "LineString", "coordinates": [[-118.24156475605018, 34.06496219612857], [-118.24156475605018, 34.06495475445727], [-118.24147492452178, 34.06495475445727], [-118.24147492452178, 34.06496219612857], [-118.24156475605018, 34.06496219612857]]}, "properties": {"confidence": "high"}}, {"type": "Feature", "geometry": {"type": "LineString", "coordinates": [[-118.24020829997114, 34.06496219612857], [-118.24020829997114, 34.06495475445727], [-118.24018135051263, 34.06495475445727], [-118.24018135051263, 34.06496219612857], [-118.24020829997114, 34.06496219612857]]}, "properties": {"confidence": "high"}}, {"type": "Feature", "geometry": {"type": "LineString", "coordinates": [[-118.23702826386538, 34.06497707946924], [-118.23702826386538, 34.0649473127853], [-118.23701928071254, 34.0649473127853], [-118.23701928071254, 34.06497707946924], [-118.23702826386538, 34.06497707946924]]}, "properties": {"confidence": "high"}}, {"type": "Feature", "geometry": {"type": "LineString", "coordinates": [[-118.24083712067004, 34.06496963779923], [-118.24083712067004, 34.0649473127853], [-118.2408281375172, 34.0649473127853], [-118.2408281375172, 34.06496963779923], [-118.24083712067004, 34.06496963779923]]}, "properties": {"confidence": "high"}}, {"type": "Feature", "geometry": {"type": "LineString", "coordinates": [[-118.2418522169411, 34.06496219612857], [-118.2418522169411, 34.0649473127853], [-118.24184323378826, 34.0649473127853], [-118.24184323378826, 34.06496219612857], [-118.2418522169411, 34.06496219612857]]}, "properties": {"confidence": "high"}}, {"type": "Feature", "geometry": {"type": "LineString", "coordinates": [[-118.23846556831997, 34.06496219612857], [-118.23846556831997, 34.0649473127853], [-118.23845658516713, 34.0649473127853], [-118.23845658516713, 34.06496219612857], [-118.23846556831997, 34.06496219612857]]}, "properties": {"confidence": "high"}}, {"type": "Feature", "geometry": {"type": "LineString", "coordinates": [[-118.2437476621906, 34.06495475445727], [-118.2437476621906, 34.0649473127853], [-118.24372071273207, 34.0649473127853], [-118.24372071273207, 34.06495475445727], [-118.2437476621906, 34.06495475445727]]}, "properties": {"confidence": "high"}}, {"type": "Feature", "geometry": {"type": "LineString", "coordinates": [[-118.24160967181439, 34.06495475445727], [-118.24160967181439, 34.0649473127853], [-118.24156475605018, 34.0649473127853], [-118.24156475605018, 34.06495475445727], [-118.24160967181439, 34.06495475445727]]}, "properties": {"confidence": "high"}}, {"type": "Feature", "geometry": {"type": "LineString", "coordinates": [[-118.24018135051263, 34.06495475445727], [-118.24018135051263, 34.0649473127853], [-118.24016338420694, 34.0649473127853], [-118.24016338420694, 34.06495475445727], [-118.24018135051263, 34.06495475445727]]}, "properties": {"confidence": "high"}}, {"type": "Feature", "geometry": {"type": "LineString", "coordinates": [[-118.24377461164913, 34.0649473127853], [-118.24377461164913, 34.064939871112685], [-118.2437476621906, 34.064939871112685], [-118.2437476621906, 34.0649473127853], [-118.24377461164913, 34.0649473127853]]}, "properties": {"confidence": "high"}}, {"type": "Feature", "geometry": {"type": "LineString", "coordinates": [[-118.24016338420694, 34.0649473127853], [-118.24016338420694, 34.064939871112685], [-118.24013643474842, 34.064939871112685], [-118.24013643474842, 34.0649473127853], [-118.24016338420694, 34.0649473127853]]}, "properties": {"confidence": "high"}}, {"type": "Feature", "geometry": {"type": "LineString", "coordinates": [[-118.24084610382289, 34.0649473127853], [-118.24084610382289, 34.06493242943941], [-118.24083712067004, 34.06493242943941], [-118.24083712067004, 34.0649473127853], [-118.24084610382289, 34.0649473127853]]}, "properties": {"confidence": "high"}}, {"type": "Feature", "geometry": {"type": "LineString", "coordinates": [[-118.2437925779548, 34.064939871112685], [-118.2437925779548, 34.06493242943941], [-118.24377461164913, 34.06493242943941], [-118.24377461164913, 34.064939871112685], [-118.2437925779548, 34.064939871112685]]}, "properties": {"confidence": "high"}}, {"type": "Feature", "geometry": {"type": "LineString", "coordinates": [[-118.24013643474842, 34.064939871112685], [-118.24013643474842, 34.06493242943941], [-118.24011846844273, 34.06493242943941], [-118.24011846844273, 34.064939871112685], [-118.24013643474842, 34.064939871112685]]}, "properties": {"confidence": "high"}}, {"type": "Feature", "geometry": {"type": "LineString", "coordinates": [[-118.24186120009394, 34.0649473127853], [-118.24186120009394, 34.06492498776548], [-118.2418522169411, 34.06492498776548], [-118.2418522169411, 34.0649473127853], [-118.24186120009394, 34.0649473127853]]}, "properties": {"confidence": "high"}}, {"type": "Feature", "geometry": {"type": "LineString", "coordinates": [[-118.2384745514728, 34.0649473127853], [-118.2384745514728, 34.06492498776548], [-118.23846556831997, 34.06492498776548], [-118.23846556831997, 34.0649473127853], [-118.2384745514728, 34.0649473127853]]}, "properties": {"confidence": "high"}}, {"type": "Feature", "geometry": {"type": "LineString", "coordinates": [[-118.23703724701822, 34.0649473127853], [-118.23703724701822, 34.06492498776548], [-118.23702826386538, 34.06492498776548], [-118.23702826386538, 34.0649473127853], [-118.23703724701822, 34.0649473127853]]}, "properties": {"confidence": "high"}}, {"type": "Feature", "geometry": {"type": "LineString", "coordinates": [[-118.24381952741332, 34.06493242943941], [-118.24381952741332, 34.06492498776548], [-118.2437925779548, 34.06492498776548], [-118.2437925779548, 34.06493242943941], [-118.24381952741332, 34.06493242943941]]}, "properties": {"confidence": "high"}}, {"type": "Feature", "geometry": {"type": "LineString", "coordinates": [[-118.24011846844273, 34.06493242943941], [-118.24011846844273, 34.06492498776548], [-118.24008253583138, 34.06492498776548], [-118.24008253583138, 34.06493242943941], [-118.24011846844273, 34.06493242943941]]}, "properties": {"confidence": "high"}}, {"type": "Feature", "geometry": {"type": "LineString", "coordinates": [[-118.23991185592739, 34.06496219612857], [-118.23991185592739, 34.06491754609091], [-118.23990287277455, 34.06491754609091], [-118.23990287277455, 34.06496219612857], [-118.23991185592739, 34.06496219612857]]}, "properties": {"confidence": "high"}}, {"type": "Feature", "geometry": {"type": "LineString", "coordinates": [[-118.24085508697573, 34.06493242943941], [-118.24085508697573, 34.06491754609091], [-118.24084610382289, 34.06491754609091], [-118.24084610382289, 34.06493242943941], [-118.24085508697573, 34.06493242943941]]}, "properties": {"confidence": "high"}}, {"type": "Feature", "geometry": {"type": "LineString", "coordinates": [[-118.24383749371901, 34.06492498776548], [-118.24383749371901, 34.06491754609091], [-118.24381952741332, 34.06491754609091], [-118.24381952741332, 34.06492498776548], [-118.24383749371901, 34.06492498776548]]}, "properties": {"confidence": "high"}}, {"type": "Feature", "geometry": {"type": "LineString", "coordinates": [[-118.24008253583138, 34.06492498776548], [-118.24008253583138, 34.06491754609091], [-118.24004660322001, 34.06491754609091], [-118.24004660322001, 34.06492498776548], [-118.24008253583138, 34.06492498776548]]}, "properties": {"confidence": "high"}}, {"type": "Feature", "geometry": {"type": "LineString", "coordinates": [[-118.24424173559686, 34.06496963779923], [-118.24424173559686, 34.064910104415674], [-118.24423275244402, 34.064910104415674], [-118.24423275244402, 34.06496963779923], [-118.24424173559686, 34.06496963779923]]}, "properties": {"confidence": "high"}}, {"type": "Feature", "geometry": {"type": "LineString", "coordinates": [[-118.23848353462564, 34.06492498776548], [-118.23848353462564, 34.064910104415674], [-118.2384745514728, 34.064910104415674], [-118.2384745514728, 34.06492498776548], [-118.23848353462564, 34.06492498776548]]}, "properties": {"confidence": "high"}}, {"type": "Feature", "geometry": {"type": "LineString", "coordinates": [[-118.24386444317753, 34.06491754609091], [-118.24386444317753, 34.064910104415674], [-118.24383749371901, 34.064910104415674], [-118.24383749371901, 34.06491754609091], [-118.24386444317753, 34.06491754609091]]}, "properties": {"confidence": "high"}}, {"type": "Feature", "geometry": {"type": "LineString", "coordinates": [[-118.24004660322001, 34.06491754609091], [-118.24004660322001, 34.064910104415674], [-118.24002863691433, 34.064910104415674], [-118.24002863691433, 34.06491754609091], [-118.24004660322001, 34.06491754609091]]}, "properties": {"confidence": "high"}}, {"type": "Feature", "geometry": {"type": "LineString", "coordinates": [[-118.23704623017106, 34.06492498776548], [-118.23704623017106, 34.06490266273979], [-118.23703724701822, 34.06490266273979], [-118.23703724701822, 34.06492498776548], [-118.23704623017106, 34.06492498776548]]}, "properties": {"confidence": "high"}}, {"type": "Feature", "geometry": {"type": "LineString", "coordinates": [[-118.23992083908024, 34.06491754609091], [-118.23992083908024, 34.06490266273979], [-118.23991185592739, 34.06490266273979], [-118.23991185592739, 34.06491754609091], [-118.23992083908024, 34.06491754609091]]}, "properties": {"confidence": "high"}}, {"type": "Feature", "geometry": {"type": "LineString", "coordinates": [[-118.24425970190254, 34.064910104415674], [-118.24425970190254, 34.06490266273979], [-118.24424173559686, 34.06490266273979], [-118.24424173559686, 34.064910104415674], [-118.24425970190254, 34.064910104415674]]}, "properties": {"confidence": "high"}}, {"type": "Feature", "geometry": {"type": "LineString", "coordinates": [[-118.24388240948322, 34.064910104415674], [-118.24388240948322, 34.06490266273979], [-118.24386444317753, 34.06490266273979], [-118.24386444317753, 34.064910104415674], [-118.24388240948322, 34.064910104415674]]}, "properties": {"confidence": "high"}}, {"type": "Feature", "geometry": {"type": "LineString", "coordinates": [[-118.24002863691433, 34.064910104415674], [-118.24002863691433, 34.06490266273979], [-118.24001067060864, 34.06490266273979], [-118.24001067060864, 34.064910104415674], [-118.24002863691433, 34.064910104415674]]}, "properties": {"confidence": "high"}}, {"type": "Feature", "geometry": {"type": "LineString", "coordinates": [[-118.24187018324677, 34.06492498776548], [-118.24187018324677, 34.064895221063246], [-118.24186120009394, 34.064895221063246], [-118.24186120009394, 34.06492498776548], [-118.24187018324677, 34.06492498776548]]}, "properties": {"confidence": "high"}}, {"type": "Feature", "geometry": {"type": "LineString", "coordinates": [[-118.24086407012857, 34.06491754609091], [-118.24086407012857, 34.064895221063246], [-118.24085508697573, 34.064895221063246], [-118.24085508697573, 34.06491754609091], [-118.24086407012857, 34.06491754609091]]}, "properties": {"confidence": "high"}}, {"type": "Feature", "geometry": {"type": "LineString", "coordinates": [[-118.2384925177785, 34.064910104415674], [-118.2384925177785, 34.064895221063246], [-118.23848353462564, 34.064895221063246], [-118.23848353462564, 34.064910104415674], [-118.2384925177785, 34.064910104415674]]}, "properties": {"confidence": "high"}}, {"type": "Feature", "geometry": {"type": "LineString", "coordinates": [[-118.2442956345139, 34.06490266273979], [-118.2442956345139, 34.064895221063246], [-118.24425970190254, 34.064895221063246], [-118.24425970190254, 34.06490266273979], [-118.2442956345139, 34.06490266273979]]}, "properties": {"confidence": "high"}}, {"type": "Feature", "geometry": {"type": "LineString", "coordinates": [[-118.24390935894174, 34.06490266273979], [-118.24390935894174, 34.064895221063246], [-118.24388240948322, 34.064895221063246], [-118.24388240948322, 34.06490266273979], [-118.24390935894174, 34.06490266273979]]}, "properties": {"confidence": "high"}}, {"type": "Feature", "geometry": {"type": "LineString", "coordinates": [[-118.24001067060864, 34.06490266273979], [-118.24001067060864, 34.064895221063246], [-118.2400016874558, 34.064895221063246], [-118.2400016874558, 34.06490266273979], [-118.24001067060864, 34.06490266273979]]}, "properties": {"confidence": "high"}}, {"type": "Feature", "geometry": {"type": "LineString", "coordinates": [[-118.23992982223308, 34.06490266273979], [-118.23992982223308, 34.064895221063246], [-118.23992083908024, 34.064895221063246], [-118.23992083908024, 34.06490266273979], [-118.23992982223308, 34.06490266273979]]}, "properties": {"confidence": "high"}}, {"type": "Feature", "geometry": {"type": "LineString", "coordinates": [[-118.24431360081958, 34.064895221063246], [-118.24431360081958, 34.064887779386055], [-118.2442956345139, 34.064887779386055], [-118.2442956345139, 34.064895221063246], [-118.24431360081958, 34.064895221063246]]}, "properties": {"confidence": "high"}}, {"type": "Feature", "geometry": {"type": "LineString", "coordinates": [[-118.24393630840027, 34.064895221063246], [-118.24393630840027, 34.064887779386055], [-118.24390935894174, 34.064887779386055], [-118.24390935894174, 34.064895221063246], [-118.24393630840027, 34.064895221063246]]}, "properties": {"confidence": "high"}}, {"type": "Feature", "geometry": {"type": "LineString", "coordinates": [[-118.2400016874558, 34.064895221063246], [-118.2400016874558, 34.064887779386055], [-118.23999270430296, 34.064887779386055], [-118.23999270430296, 34.064895221063246], [-118.2400016874558, 34.064895221063246]]}, "properties": {"confidence": "high"}}, {"type": "Feature", "geometry": {"type": "LineString", "coordinates": [[-118.23993880538592, 34.064895221063246], [-118.23993880538592, 34.064887779386055], [-118.23992982223308, 34.064887779386055], [-118.23992982223308, 34.064895221063246], [-118.23993880538592, 34.064895221063246]]}, "properties": {"confidence": "high"}}, {"type": "Feature", "geometry": {"type": "LineString", "coordinates": [[-118.23705521332391, 34.06490266273979], [-118.23705521332391, 34.06488033770821], [-118.23704623017106, 34.06488033770821], [-118.23704623017106, 34.06490266273979], [-118.23705521332391, 34.06490266273979]]}, "properties": {"confidence": "high"}}, {"type": "Feature", "geometry": {"type": "LineString", "coordinates": [[-118.24187916639963, 34.064895221063246], [-118.24187916639963, 34.06488033770821], [-118.24187018324677, 34.06488033770821], [-118.24187018324677, 34.064895221063246], [-118.24187916639963, 34.064895221063246]]}, "properties": {"confidence": "high"}}, {"type": "Feature", "geometry": {"type": "LineString", "coordinates": [[-118.2408730532814, 34.064895221063246], [-118.2408730532814, 34.06488033770821], [-118.24086407012857, 34.06488033770821], [-118.24086407012857, 34.064895221063246], [-118.2408730532814, 34.064895221063246]]}, "properties": {"confidence": "high"}}, {"type": "Feature", "geometry": {"type": "LineString", "coordinates": [[-118.24433156712526, 34.064887779386055], [-118.24433156712526, 34.06488033770821], [-118.24431360081958, 34.06488033770821], [-118.24431360081958, 34.064887779386055], [-118.24433156712526, 34.064887779386055]]}, "properties": {"confidence": "high"}}, {"type": "Feature", "geometry": {"type": "LineString", "coordinates": [[-118.24396325785878, 34.064887779386055], [-118.24396325785878, 34.06488033770821], [-118.24393630840027, 34.06488033770821], [-118.24393630840027, 34.064887779386055], [-118.24396325785878, 34.064887779386055]]}, "properties": {"confidence": "high"}}, {"type": "Feature", "geometry": {"type": "LineString", "coordinates": [[-118.23999270430296, 34.064887779386055], [-118.23999270430296, 34.06488033770821], [-118.23998372115013, 34.06488033770821], [-118.23998372115013, 34.064887779386055], [-118.23999270430296, 34.064887779386055]]}, "properties": {"confidence": "high"}}, {"type": "Feature", "geometry": {"type": "LineString", "coordinates": [[-118.23994778853876, 34.064887779386055], [-118.23994778853876, 34.06488033770821], [-118.23993880538592, 34.06488033770821], [-118.23993880538592, 34.064887779386055], [-118.23994778853876, 34.064887779386055]]}, "properties": {"confidence": "high"}}, {"type": "Feature", "geometry": {"type": "LineString", "coordinates": [[-118.23850150093133, 34.064895221063246], [-118.23850150093133, 34.06487289602971], [-118.2384925177785, 34.06487289602971], [-118.2384925177785, 34.064895221063246], [-118.23850150093133, 34.064895221063246]]}, "properties": {"confidence": "high"}}, {"type": "Feature", "geometry": {"type": "LineString", "coordinates": [[-118.24434953343095, 34.06488033770821], [-118.24434953343095, 34.06487289602971], [-118.24433156712526, 34.06487289602971], [-118.24433156712526, 34.06488033770821], [-118.24434953343095, 34.06488033770821]]}, "properties": {"confidence": "high"}}, {"type": "Feature", "geometry": {"type": "LineString", "coordinates": [[-118.24398122416447, 34.06488033770821], [-118.24398122416447, 34.06487289602971], [-118.24396325785878, 34.06487289602971], [-118.24396325785878, 34.06488033770821], [-118.24398122416447, 34.06488033770821]]}, "properties": {"confidence": "high"}}, {"type": "Feature", "geometry": {"type": "LineString", "coordinates": [[-118.23998372115013, 34.06488033770821], [-118.23998372115013, 34.06487289602971], [-118.23997473799729, 34.06487289602971], [-118.23997473799729, 34.06488033770821], [-118.23998372115013, 34.06488033770821]]}, "properties": {"confidence": "high"}}, {"type": "Feature", "geometry": {"type": "LineString", "coordinates": [[-118.24188814955247, 34.06488033770821], [-118.24188814955247, 34.06486545435056], [-118.24187916639963, 34.06486545435056], [-118.24187916639963, 34.06488033770821], [-118.24188814955247, 34.06488033770821]]}, "properties": {"confidence": "high"}}, {"type": "Feature", "geometry": {"type": "LineString", "coordinates": [[-118.24436749973663, 34.06487289602971], [-118.24436749973663, 34.06486545435056], [-118.24434953343095, 34.06486545435056], [-118.24434953343095, 34.06487289602971], [-118.24436749973663, 34.06487289602971]]}, "properties": {"confidence": "high"}}, {"type": "Feature", "geometry": {"type": "LineString", "coordinates": [[-118.24399919047015, 34.06487289602971], [-118.24399919047015, 34.06486545435056], [-118.24398122416447, 34.06486545435056], [-118.24398122416447, 34.06487289602971], [-118.24399919047015, 34.06487289602971]]}, "properties": {"confidence": "high"}}, {"type": "Feature", "geometry": {"type": "LineString", "coordinates": [[-118.24088203643424, 34.06488033770821], [-118.24088203643424, 34.06485801267075], [-118.2408730532814, 34.06485801267075], [-118.2408730532814, 34.06488033770821], [-118.24088203643424, 34.06488033770821]]}, "properties": {"confidence": "high"}}, {"type": "Feature", "geometry": {"type": "LineString", "coordinates": [[-118.23706419647675, 34.06488033770821], [-118.23706419647675, 34.06485801267075], [-118.23705521332391, 34.06485801267075], [-118.23705521332391, 34.06488033770821], [-118.23706419647675, 34.06488033770821]]}, "properties": {"confidence": "high"}}, {"type": "Feature", "geometry": {"type": "LineString", "coordinates": [[-118.2399567716916, 34.06488033770821], [-118.2399567716916, 34.06487289602971], [-118.23997473799729, 34.06487289602971], [-118.23997473799729, 34.06486545435056], [-118.2399567716916, 34.06486545435056], [-118.2399567716916, 34.06485801267075], [-118.23994778853876, 34.06485801267075], [-118.23994778853876, 34.06488033770821], [-118.2399567716916, 34.06488033770821]]}, "properties": {"confidence": "high"}}, {"type": "Feature", "geometry": {"type": "LineString", "coordinates": [[-118.23851048408417, 34.06487289602971], [-118.23851048408417, 34.06485801267075], [-118.23850150093133, 34.06485801267075], [-118.23850150093133, 34.06487289602971], [-118.23851048408417, 34.06487289602971]]}, "properties": {"confidence": "high"}}, {"type": "Feature", "geometry": {"type": "LineString", "coordinates": [[-118.24438546604232, 34.06486545435056], [-118.24438546604232, 34.06485801267075], [-118.24436749973663, 34.06485801267075], [-118.24436749973663, 34.06486545435056], [-118.24438546604232, 34.06486545435056]]}, "properties": {"confidence": "high"}}, {"type": "Feature", "geometry": {"type": "LineString", "coordinates": [[-118.24401715677583, 34.06486545435056], [-118.24401715677583, 34.06485801267075], [-118.24399919047015, 34.06485801267075], [-118.24399919047015, 34.06486545435056], [-118.24401715677583, 34.06486545435056]]}, "properties": {"confidence": "high"}}, {"type": "Feature", "geometry": {"type": "LineString", "coordinates": [[-118.23998372115013, 34.06486545435056], [-118.23998372115013, 34.06485801267075], [-118.23997473799729, 34.06485801267075], [-118.23997473799729, 34.06486545435056], [-118.23998372115013, 34.06486545435056]]}, "properties": {"confidence": "high"}}, {"type": "Feature", "geometry": {"type": "LineString", "coordinates": [[-118.2418971327053, 34.06486545435056], [-118.2418971327053, 34.064850570990295], [-118.24188814955247, 34.064850570990295], [-118.24188814955247, 34.06486545435056], [-118.2418971327053, 34.06486545435056]]}, "properties": {"confidence": "high"}}, {"type": "Feature", "geometry": {"type": "LineString", "coordinates": [[-118.244403432348, 34.06485801267075], [-118.244403432348, 34.064850570990295], [-118.24438546604232, 34.064850570990295], [-118.24438546604232, 34.06485801267075], [-118.244403432348, 34.06485801267075]]}, "properties": {"confidence": "high"}}, {"type": "Feature", "geometry": {"type": "LineString", "coordinates": [[-118.24404410623436, 34.06485801267075], [-118.24404410623436, 34.064850570990295], [-118.24401715677583, 34.064850570990295], [-118.24401715677583, 34.06485801267075], [-118.24404410623436, 34.06485801267075]]}, "properties": {"confidence": "high"}}, {"type": "Feature", "geometry": {"type": "LineString", "coordinates": [[-118.23999270430296, 34.06485801267075], [-118.23999270430296, 34.064850570990295], [-118.23998372115013, 34.064850570990295], [-118.23998372115013, 34.06485801267075], [-118.23999270430296, 34.06485801267075]]}, "properties": {"confidence": "high"}}, {"type": "Feature", "geometry": {"type": "LineString", "coordinates": [[-118.23994778853876, 34.06485801267075], [-118.23994778853876, 34.064850570990295], [-118.23993880538592, 34.064850570990295], [-118.23993880538592, 34.06485801267075], [-118.23994778853876, 34.06485801267075]]}, "properties": {"confidence": "high"}}, {"type": "Feature", "geometry": {"type": "LineString", "coordinates": [[-118.23851946723701, 34.06485801267075], [-118.23851946723701, 34.06484312930918], [-118.23851048408417, 34.06484312930918], [-118.23851048408417, 34.06485801267075], [-118.23851946723701, 34.06485801267075]]}, "properties": {"confidence": "high"}}, {"type": "Feature", "geometry": {"type": "LineString", "coordinates": [[-118.24442139865367, 34.064850570990295], [-118.24442139865367, 34.06484312930918], [-118.244403432348, 34.06484312930918], [-118.244403432348, 34.064850570990295], [-118.24442139865367, 34.064850570990295]]}, "properties": {"confidence": "high"}}, {"type": "Feature", "geometry": {"type": "LineString", "coordinates": [[-118.24406207254003, 34.064850570990295], [-118.24406207254003, 34.06484312930918], [-118.24404410623436, 34.06484312930918], [-118.24404410623436, 34.064850570990295], [-118.24406207254003, 34.064850570990295]]}, "properties": {"confidence": "high"}}, {"type": "Feature", "geometry": {"type": "LineString", "coordinates": [[-118.2400016874558, 34.064850570990295], [-118.2400016874558, 34.06484312930918], [-118.23999270430296, 34.06484312930918], [-118.23999270430296, 34.064850570990295], [-118.2400016874558, 34.064850570990295]]}, "properties": {"confidence": "high"}}, {"type": "Feature", "geometry": {"type": "LineString", "coordinates": [[-118.23993880538592, 34.064850570990295], [-118.23993880538592, 34.06484312930918], [-118.23992982223308, 34.06484312930918], [-118.23992982223308, 34.064850570990295], [-118.23993880538592, 34.064850570990295]]}, "properties": {"confidence": "high"}}, {"type": "Feature", "geometry": {"type": "LineString", "coordinates": [[-118.24089101958708, 34.06485801267075], [-118.24089101958708, 34.064835687627415], [-118.24088203643424, 34.064835687627415], [-118.24088203643424, 34.06485801267075], [-118.24089101958708, 34.06485801267075]]}, "properties": {"confidence": "high"}}, {"type": "Feature", "geometry": {"type": "LineString", "coordinates": [[-118.23707317962959, 34.06485801267075], [-118.23707317962959, 34.064835687627415], [-118.23706419647675, 34.064835687627415], [-118.23706419647675, 34.06485801267075], [-118.23707317962959, 34.06485801267075]]}, "properties": {"confidence": "high"}}, {"type": "Feature", "geometry": {"type": "LineString", "coordinates": [[-118.24190611585814, 34.064850570990295], [-118.24190611585814, 34.064835687627415], [-118.2418971327053, 34.064835687627415], [-118.2418971327053, 34.064850570990295], [-118.24190611585814, 34.064850570990295]]}, "properties": {"confidence": "high"}}, {"type": "Feature", "geometry": {"type": "LineString", "coordinates": [[-118.24443936495936, 34.06484312930918], [-118.24443936495936, 34.064835687627415], [-118.24442139865367, 34.064835687627415], [-118.24442139865367, 34.06484312930918], [-118.24443936495936, 34.06484312930918]]}, "properties": {"confidence": "high"}}, {"type": "Feature", "geometry": {"type": "LineString", "coordinates": [[-118.24408003884572, 34.06484312930918], [-118.24408003884572, 34.064835687627415], [-118.24406207254003, 34.064835687627415], [-118.24406207254003, 34.06484312930918], [-118.24408003884572, 34.06484312930918]]}, "properties": {"confidence": "high"}}, {"type": "Feature", "geometry": {"type": "LineString", "coordinates": [[-118.23992982223308, 34.06484312930918], [-118.23992982223308, 34.064835687627415], [-118.23992083908024, 34.064835687627415], [-118.23992083908024, 34.06484312930918], [-118.23992982223308, 34.06484312930918]]}, "properties": {"confidence": "high"}}, {"type": "Feature", "geometry": {"type": "LineString", "coordinates": [[-118.24001067060864, 34.06484312930918], [-118.24001067060864, 34.06482824594499], [-118.2400016874558, 34.06482824594499], [-118.2400016874558, 34.06484312930918], [-118.24001067060864, 34.06484312930918]]}, "properties": {"confidence": "high"}}, {"type": "Feature", "geometry": {"type": "LineString", "coordinates": [[-118.2444483481122, 34.064835687627415], [-118.2444483481122, 34.06482824594499], [-118.24443936495936, 34.06482824594499], [-118.24443936495936, 34.064835687627415], [-118.2444483481122, 34.064835687627415]]}, "properties": {"confidence": "high"}}, {"type": "Feature", "geometry": {"type": "LineString", "coordinates": [[-118.2440980051514, 34.064835687627415], [-118.2440980051514, 34.06482824594499], [-118.24408003884572, 34.06482824594499], [-118.24408003884572, 34.064835687627415], [-118.2440980051514, 34.064835687627415]]}, "properties": {"confidence": "high"}}, {"type": "Feature", "geometry": {"type": "LineString", "coordinates": [[-118.23992083908024, 34.064835687627415], [-118.23992083908024, 34.06482824594499], [-118.23990287277455, 34.06482824594499], [-118.23990287277455, 34.064835687627415], [-118.23992083908024, 34.064835687627415]]}, "properties": {"confidence": "high"}}, {"type": "Feature", "geometry": {"type": "LineString", "coordinates": [[-118.23852845038985, 34.06484312930918], [-118.23852845038985, 34.06482080426192], [-118.23851946723701, 34.06482080426192], [-118.23851946723701, 34.06484312930918], [-118.23852845038985, 34.06484312930918]]}, "properties": {"confidence": "high"}}, {"type": "Feature", "geometry": {"type": "LineString", "coordinates": [[-118.24191509901098, 34.064835687627415], [-118.24191509901098, 34.06482080426192], [-118.24190611585814, 34.06482080426192], [-118.24190611585814, 34.064835687627415], [-118.24191509901098, 34.064835687627415]]}, "properties": {"confidence": "high"}}, {"type": "Feature", "geometry": {"type": "LineString", "coordinates": [[-118.24090000273993, 34.064835687627415], [-118.24090000273993, 34.06482080426192], [-118.24089101958708, 34.06482080426192], [-118.24089101958708, 34.064835687627415], [-118.24090000273993, 34.064835687627415]]}, "properties": {"confidence": "high"}}, {"type": "Feature", "geometry": {"type": "LineString", "coordinates": [[-118.24445733126504, 34.06482824594499], [-118.24445733126504, 34.06482080426192], [-118.2444483481122, 34.06482080426192], [-118.2444483481122, 34.06482824594499], [-118.24445733126504, 34.06482824594499]]}, "properties": {"confidence": "high"}}, {"type": "Feature", "geometry": {"type": "LineString", "coordinates": [[-118.24411597145708, 34.06482824594499], [-118.24411597145708, 34.06482080426192], [-118.2440980051514, 34.06482080426192], [-118.2440980051514, 34.06482824594499], [-118.24411597145708, 34.06482824594499]]}, "properties": {"confidence": "high"}}, {"type": "Feature", "geometry": {"type": "LineString", "coordinates": [[-118.23990287277455, 34.06482824594499], [-118.23990287277455, 34.06482080426192], [-118.23987592331603, 34.06482080426192], [-118.23987592331603, 34.06482824594499], [-118.23990287277455, 34.06482824594499]]}, "properties": {"confidence": "high"}}, {"type": "Feature", "geometry": {"type": "LineString", "coordinates": [[-118.23708216278243, 34.064835687627415], [-118.23708216278243, 34.06481336257819], [-118.23707317962959, 34.06481336257819], [-118.23707317962959, 34.064835687627415], [-118.23708216278243, 34.064835687627415]]}, "properties": {"confidence": "high"}}, {"type": "Feature", "geometry": {"type": "LineString", "coordinates": [[-118.24001965376148, 34.06482824594499], [-118.24001965376148, 34.06481336257819], [-118.24001067060864, 34.06481336257819], [-118.24001067060864, 34.06482824594499], [-118.24001965376148, 34.06482824594499]]}, "properties": {"confidence": "high"}}, {"type": "Feature", "geometry": {"type": "LineString", "coordinates": [[-118.24447529757072, 34.06482080426192], [-118.24447529757072, 34.06481336257819], [-118.24445733126504, 34.06481336257819], [-118.24445733126504, 34.06482080426192], [-118.24447529757072, 34.06482080426192]]}, "properties": {"confidence": "high"}}, {"type": "Feature", "geometry": {"type": "LineString", "coordinates": [[-118.2441429209156, 34.06482080426192], [-118.2441429209156, 34.06481336257819], [-118.24411597145708, 34.06481336257819], [-118.24411597145708, 34.06482080426192], [-118.2441429209156, 34.06482080426192]]}, "properties": {"confidence": "high"}}, {"type": "Feature", "geometry": {"type": "LineString", "coordinates": [[-118.23987592331603, 34.06482080426192], [-118.23987592331603, 34.06481336257819], [-118.23983100755183, 34.06481336257819], [-118.23983100755183, 34.06482080426192], [-118.23987592331603, 34.06482080426192]]}, "properties": {"confidence": "high"}}, {"type": "Feature", "geometry": {"type": "LineString", "coordinates": [[-118.24192408216383, 34.06482080426192], [-118.24192408216383, 34.064805920893804], [-118.24191509901098, 34.064805920893804], [-118.24191509901098, 34.06482080426192], [-118.24192408216383, 34.06482080426192]]}, "properties": {"confidence": "high"}}, {"type": "Feature", "geometry": {"type": "LineString", "coordinates": [[-118.2385374335427, 34.06482080426192], [-118.2385374335427, 34.064805920893804], [-118.23852845038985, 34.064805920893804], [-118.23852845038985, 34.06482080426192], [-118.2385374335427, 34.06482080426192]]}, "properties": {"confidence": "high"}}, {"type": "Feature", "geometry": {"type": "LineString", "coordinates": [[-118.24448428072355, 34.06481336257819], [-118.24448428072355, 34.064805920893804], [-118.24447529757072, 34.064805920893804], [-118.24447529757072, 34.06481336257819], [-118.24448428072355, 34.06481336257819]]}, "properties": {"confidence": "high"}}, {"type": "Feature", "geometry": {"type": "LineString", "coordinates": [[-118.24416088722128, 34.06481336257819], [-118.24416088722128, 34.064805920893804], [-118.2441429209156, 34.064805920893804], [-118.2441429209156, 34.06481336257819], [-118.24416088722128, 34.06481336257819]]}, "properties": {"confidence": "high"}}, {"type": "Feature", "geometry": {"type": "LineString", "coordinates": [[-118.23983100755183, 34.06481336257819], [-118.23983100755183, 34.064805920893804], [-118.23981304124614, 34.064805920893804], [-118.23981304124614, 34.06481336257819], [-118.23983100755183, 34.06481336257819]]}, "properties": {"confidence": "high"}}, {"type": "Feature", "geometry": {"type": "LineString", "coordinates": [[-118.24090898589277, 34.06482080426192], [-118.24090898589277, 34.064798479208775], [-118.24090000273993, 34.064798479208775], [-118.24090000273993, 34.06482080426192], [-118.24090898589277, 34.06482080426192]]}, "properties": {"confidence": "high"}}, {"type": "Feature", "geometry": {"type": "LineString", "coordinates": [[-118.24450224702925, 34.064805920893804], [-118.24450224702925, 34.064798479208775], [-118.24448428072355, 34.064798479208775], [-118.24448428072355, 34.064805920893804], [-118.24450224702925, 34.064805920893804]]}, "properties": {"confidence": "high"}}, {"type": "Feature", "geometry": {"type": "LineString", "coordinates": [[-118.24416987037412, 34.064805920893804], [-118.24416987037412, 34.064798479208775], [-118.24416088722128, 34.064798479208775], [-118.24416088722128, 34.064805920893804], [-118.24416987037412, 34.064805920893804]]}, "properties": {"confidence": "high"}}, {"type": "Feature", "geometry": {"type": "LineString", "coordinates": [[-118.23981304124614, 34.064805920893804], [-118.23981304124614, 34.064798479208775], [-118.23978609178762, 34.064798479208775], [-118.23978609178762, 34.064805920893804], [-118.23981304124614, 34.064805920893804]]}, "properties": {"confidence": "high"}}, {"type": "Feature", "geometry": {"type": "LineString", "coordinates": [[-118.24002863691433, 34.06481336257819], [-118.24002863691433, 34.06479103752309], [-118.24001965376148, 34.06479103752309], [-118.24001965376148, 34.06481336257819], [-118.24002863691433, 34.06481336257819]]}, "properties": {"confidence": "high"}}, {"type": "Feature", "geometry": {"type": "LineString", "coordinates": [[-118.23709114593527, 34.06481336257819], [-118.23709114593527, 34.06479103752309], [-118.23708216278243, 34.06479103752309], [-118.23708216278243, 34.06481336257819], [-118.23709114593527, 34.06481336257819]]}, "properties": {"confidence": "high"}}, {"type": "Feature", "geometry": {"type": "LineString", "coordinates": [[-118.24193306531667, 34.064805920893804], [-118.24193306531667, 34.06479103752309], [-118.24192408216383, 34.06479103752309], [-118.24192408216383, 34.064805920893804], [-118.24193306531667, 34.064805920893804]]}, "properties": {"confidence": "high"}}, {"type": "Feature", "geometry": {"type": "LineString", "coordinates": [[-118.24452021333492, 34.064798479208775], [-118.24452021333492, 34.06479103752309], [-118.24450224702925, 34.06479103752309], [-118.24450224702925, 34.064798479208775], [-118.24452021333492, 34.064798479208775]]}, "properties": {"confidence": "high"}}, {"type": "Feature", "geometry": {"type": "LineString", "coordinates": [[-118.24418783667981, 34.064798479208775], [-118.24418783667981, 34.06479103752309], [-118.24416987037412, 34.06479103752309], [-118.24416987037412, 34.064798479208775], [-118.24418783667981, 34.064798479208775]]}, "properties": {"confidence": "high"}}, {"type": "Feature", "geometry": {"type": "LineString", "coordinates": [[-118.23978609178762, 34.064798479208775], [-118.23978609178762, 34.06479103752309], [-118.23976812548194, 34.06479103752309], [-118.23976812548194, 34.064798479208775], [-118.23978609178762, 34.064798479208775]]}, "properties": {"confidence": "high"}}, {"type": "Feature", "geometry": {"type": "LineString", "coordinates": [[-118.23854641669554, 34.064805920893804], [-118.23854641669554, 34.064783595836744], [-118.2385374335427, 34.064783595836744], [-118.2385374335427, 34.064805920893804], [-118.23854641669554, 34.064805920893804]]}, "properties": {"confidence": "high"}}, {"type": "Feature", "geometry": {"type": "LineString", "coordinates": [[-118.24091796904561, 34.064798479208775], [-118.24091796904561, 34.064783595836744], [-118.24090898589277, 34.064783595836744], [-118.24090898589277, 34.064798479208775], [-118.24091796904561, 34.064798479208775]]}, "properties": {"confidence": "high"}}, {"type": "Feature", "geometry": {"type": "LineString", "coordinates": [[-118.24453817964061, 34.06479103752309], [-118.24453817964061, 34.064783595836744], [-118.24452021333492, 34.064783595836744], [-118.24452021333492, 34.06479103752309], [-118.24453817964061, 34.06479103752309]]}, "properties": {"confidence": "high"}}, {"type": "Feature", "geometry": {"type": "LineString", "coordinates": [[-118.24419681983265, 34.06479103752309], [-118.24419681983265, 34.064783595836744], [-118.24418783667981, 34.064783595836744], [-118.24418783667981, 34.06479103752309], [-118.24419681983265, 34.06479103752309]]}, "properties": {"confidence": "high"}}, {"type": "Feature", "geometry": {"type": "LineString", "coordinates": [[-118.23976812548194, 34.06479103752309], [-118.23976812548194, 34.064783595836744], [-118.23975015917625, 34.064783595836744], [-118.23975015917625, 34.06479103752309], [-118.23976812548194, 34.06479103752309]]}, "properties": {"confidence": "high"}}, {"type": "Feature", "geometry": {"type": "LineString", "coordinates": [[-118.24194204846951, 34.06479103752309], [-118.24194204846951, 34.06477615414975], [-118.24193306531667, 34.06477615414975], [-118.24193306531667, 34.06479103752309], [-118.24194204846951, 34.06479103752309]]}, "properties": {"confidence": "high"}}, {"type": "Feature", "geometry": {"type": "LineString", "coordinates": [[-118.24003762006717, 34.06479103752309], [-118.24003762006717, 34.06477615414975], [-118.24002863691433, 34.06477615414975], [-118.24002863691433, 34.06479103752309], [-118.24003762006717, 34.06479103752309]]}, "properties": {"confidence": "high"}}, {"type": "Feature", "geometry": {"type": "LineString", "coordinates": [[-118.2371001290881, 34.06479103752309], [-118.2371001290881, 34.06477615414975], [-118.23709114593527, 34.06477615414975], [-118.23709114593527, 34.06479103752309], [-118.2371001290881, 34.06479103752309]]}, "properties": {"confidence": "high"}}, {"type": "Feature", "geometry": {"type": "LineString", "coordinates": [[-118.24455614594629, 34.064783595836744], [-118.24455614594629, 34.06477615414975], [-118.24453817964061, 34.06477615414975], [-118.24453817964061, 34.064783595836744], [-118.24455614594629, 34.064783595836744]]}, "properties": {"confidence": "high"}}, {"type": "Feature", "geometry": {"type": "LineString", "coordinates": [[-118.24421478613833, 34.064783595836744], [-118.24421478613833, 34.06477615414975], [-118.24419681983265, 34.06477615414975], [-118.24419681983265, 34.064783595836744], [-118.24421478613833, 34.064783595836744]]}, "properties": {"confidence": "high"}}, {"type": "Feature", "geometry": {"type": "LineString", "coordinates": [[-118.23975015917625, 34.064783595836744], [-118.23975015917625, 34.06477615414975], [-118.23972320971774, 34.06477615414975], [-118.23972320971774, 34.064783595836744], [-118.23975015917625, 34.064783595836744]]}, "properties": {"confidence": "high"}}, {"type": "Feature", "geometry": {"type": "LineString", "coordinates": [[-118.24092695219845, 34.064783595836744], [-118.24092695219845, 34.064768712462104], [-118.24091796904561, 34.064768712462104], [-118.24091796904561, 34.064783595836744], [-118.24092695219845, 34.064783595836744]]}, "properties": {"confidence": "high"}}, {"type": "Feature", "geometry": {"type": "LineString", "coordinates": [[-118.24457411225197, 34.06477615414975], [-118.24457411225197, 34.064768712462104], [-118.24455614594629, 34.064768712462104], [-118.24455614594629, 34.06477615414975], [-118.24457411225197, 34.06477615414975]]}, "properties": {"confidence": "high"}}, {"type": "Feature", "geometry": {"type": "LineString", "coordinates": [[-118.24423275244402, 34.06477615414975], [-118.24423275244402, 34.064768712462104], [-118.24421478613833, 34.064768712462104], [-118.24421478613833, 34.06477615414975], [-118.24423275244402, 34.06477615414975]]}, "properties": {"confidence": "high"}}, {"type": "Feature", "geometry": {"type": "LineString", "coordinates": [[-118.23972320971774, 34.06477615414975], [-118.23972320971774, 34.064768712462104], [-118.23970524341205, 34.064768712462104], [-118.23970524341205, 34.06477615414975], [-118.23972320971774, 34.06477615414975]]}, "properties": {"confidence": "high"}}, {"type": "Feature", "geometry": {"type": "LineString", "coordinates": [[-118.23855539984838, 34.064783595836744], [-118.23855539984838, 34.06476127077379], [-118.23854641669554, 34.06476127077379], [-118.23854641669554, 34.064783595836744], [-118.23855539984838, 34.064783595836744]]}, "properties": {"confidence": "high"}}, {"type": "Feature", "geometry": {"type": "LineString", "coordinates": [[-118.24195103162235, 34.06477615414975], [-118.24195103162235, 34.06476127077379], [-118.24194204846951, 34.06476127077379], [-118.24194204846951, 34.06477615414975], [-118.24195103162235, 34.06477615414975]]}, "properties": {"confidence": "high"}}, {"type": "Feature", "geometry": {"type": "LineString", "coordinates": [[-118.23710911224096, 34.06477615414975], [-118.23710911224096, 34.06476127077379], [-118.2371001290881, 34.06476127077379], [-118.2371001290881, 34.06477615414975], [-118.23710911224096, 34.06477615414975]]}, "properties": {"confidence": "high"}}, {"type": "Feature", "geometry": {"type": "LineString", "coordinates": [[-118.2446010617105, 34.064768712462104], [-118.2446010617105, 34.06476127077379], [-118.24457411225197, 34.06476127077379], [-118.24457411225197, 34.064768712462104], [-118.2446010617105, 34.064768712462104]]}, "properties": {"confidence": "high"}}, {"type": "Feature", "geometry": {"type": "LineString", "coordinates": [[-118.24424173559686, 34.064768712462104], [-118.24424173559686, 34.06476127077379], [-118.24423275244402, 34.06476127077379], [-118.24423275244402, 34.064768712462104], [-118.24424173559686, 34.064768712462104]]}, "properties": {"confidence": "high"}}, {"type": "Feature", "geometry": {"type": "LineString", "coordinates": [[-118.23970524341205, 34.064768712462104], [-118.23970524341205, 34.06476127077379], [-118.23968727710637, 34.06476127077379], [-118.23968727710637, 34.064768712462104], [-118.23970524341205, 34.064768712462104]]}, "properties": {"confidence": "high"}}, {"type": "Feature", "geometry": {"type": "LineString", "coordinates": [[-118.24004660322001, 34.06477615414975], [-118.24004660322001, 34.06475382908485], [-118.24003762006717, 34.06475382908485], [-118.24003762006717, 34.06477615414975], [-118.24004660322001, 34.06477615414975]]}, "properties": {"confidence": "high"}}, {"type": "Feature", "geometry": {"type": "LineString", "coordinates": [[-118.24093593535129, 34.064768712462104], [-118.24093593535129, 34.06475382908485], [-118.24092695219845, 34.06475382908485], [-118.24092695219845, 34.064768712462104], [-118.24093593535129, 34.064768712462104]]}, "properties": {"confidence": "high"}}, {"type": "Feature", "geometry": {"type": "LineString", "coordinates": [[-118.24461902801617, 34.06476127077379], [-118.24461902801617, 34.06475382908485], [-118.2446010617105, 34.06475382908485], [-118.2446010617105, 34.06476127077379], [-118.24461902801617, 34.06476127077379]]}, "properties": {"confidence": "high"}}, {"type": "Feature", "geometry": {"type": "LineString", "coordinates": [[-118.24425970190254, 34.06476127077379], [-118.24425970190254, 34.06475382908485], [-118.24424173559686, 34.06475382908485], [-118.24424173559686, 34.06476127077379], [-118.24425970190254, 34.06476127077379]]}, "properties": {"confidence": "high"}}, {"type": "Feature", "geometry": {"type": "LineString", "coordinates": [[-118.23968727710637, 34.06476127077379], [-118.23968727710637, 34.06475382908485], [-118.23966931080069, 34.06475382908485], [-118.23966931080069, 34.06476127077379], [-118.23968727710637, 34.06476127077379]]}, "properties": {"confidence": "high"}}, {"type": "Feature", "geometry": {"type": "LineString", "coordinates": [[-118.24196001477519, 34.06476127077379], [-118.24196001477519, 34.06474638739524], [-118.24195103162235, 34.06474638739524], [-118.24195103162235, 34.06476127077379], [-118.24196001477519, 34.06476127077379]]}, "properties": {"confidence": "high"}}, {"type": "Feature", "geometry": {"type": "LineString", "coordinates": [[-118.24463699432185, 34.06475382908485], [-118.24463699432185, 34.06474638739524], [-118.24461902801617, 34.06474638739524], [-118.24461902801617, 34.06475382908485], [-118.24463699432185, 34.06475382908485]]}, "properties": {"confidence": "high"}}, {"type": "Feature", "geometry": {"type": "LineString", "coordinates": [[-118.24426868505537, 34.06475382908485], [-118.24426868505537, 34.06474638739524], [-118.24425970190254, 34.06474638739524], [-118.24425970190254, 34.06475382908485], [-118.24426868505537, 34.06475382908485]]}, "properties": {"confidence": "high"}}, {"type": "Feature", "geometry": {"type": "LineString", "coordinates": [[-118.24005558637285, 34.06475382908485], [-118.24005558637285, 34.06474638739524], [-118.24004660322001, 34.06474638739524], [-118.24004660322001, 34.06475382908485], [-118.24005558637285, 34.06475382908485]]}, "properties": {"confidence": "high"}}, {"type": "Feature", "geometry": {"type": "LineString", "coordinates": [[-118.23966931080069, 34.06475382908485], [-118.23966931080069, 34.06474638739524], [-118.23964236134216, 34.06474638739524], [-118.23964236134216, 34.06475382908485], [-118.23966931080069, 34.06475382908485]]}, "properties": {"confidence": "high"}}, {"type": "Feature", "geometry": {"type": "LineString", "coordinates": [[-118.23856438300122, 34.06476127077379], [-118.23856438300122, 34.064738945704974], [-118.23855539984838, 34.064738945704974], [-118.23855539984838, 34.06476127077379], [-118.23856438300122, 34.06476127077379]]}, "properties": {"confidence": "high"}}, {"type": "Feature", "geometry": {"type": "LineString", "coordinates": [[-118.2371180953938, 34.06476127077379], [-118.2371180953938, 34.064738945704974], [-118.23710911224096, 34.064738945704974], [-118.23710911224096, 34.06476127077379], [-118.2371180953938, 34.06476127077379]]}, "properties": {"confidence": "high"}}, {"type": "Feature", "geometry": {"type": "LineString", "coordinates": [[-118.24094491850413, 34.06475382908485], [-118.24094491850413, 34.064738945704974], [-118.24093593535129, 34.064738945704974], [-118.24093593535129, 34.06475382908485], [-118.24094491850413, 34.06475382908485]]}, "properties": {"confidence": "high"}}, {"type": "Feature", "geometry": {"type": "LineString", "coordinates": [[-118.24465496062754, 34.06474638739524], [-118.24465496062754, 34.064738945704974], [-118.24463699432185, 34.064738945704974], [-118.24463699432185, 34.06474638739524], [-118.24465496062754, 34.06474638739524]]}, "properties": {"confidence": "high"}}, {"type": "Feature", "geometry": {"type": "LineString", "coordinates": [[-118.24427766820821, 34.06474638739524], [-118.24427766820821, 34.064738945704974], [-118.24426868505537, 34.064738945704974], [-118.24426868505537, 34.06474638739524], [-118.24427766820821, 34.06474638739524]]}, "properties": {"confidence": "high"}}, {"type": "Feature", "geometry": {"type": "LineString", "coordinates": [[-118.23964236134216, 34.06474638739524], [-118.23964236134216, 34.064738945704974], [-118.23961541188365, 34.064738945704974], [-118.23961541188365, 34.06474638739524], [-118.23964236134216, 34.06474638739524]]}, "properties": {"confidence": "high"}}, {"type": "Feature", "geometry": {"type": "LineString", "coordinates": [[-118.24196899792803, 34.06474638739524], [-118.24196899792803, 34.064731504014055], [-118.24196001477519, 34.064731504014055], [-118.24196001477519, 34.06474638739524], [-118.24196899792803, 34.06474638739524]]}, "properties": {"confidence": "high"}}, {"type": "Feature", "geometry": {"type": "LineString", "coordinates": [[-118.24006456952569, 34.06474638739524], [-118.24006456952569, 34.064731504014055], [-118.24005558637285, 34.064731504014055], [-118.24005558637285, 34.06474638739524], [-118.24006456952569, 34.06474638739524]]}, "properties": {"confidence": "high"}}, {"type": "Feature", "geometry": {"type": "LineString", "coordinates": [[-118.24467292693322, 34.064738945704974], [-118.24467292693322, 34.064731504014055], [-118.24465496062754, 34.064731504014055], [-118.24465496062754, 34.064738945704974], [-118.24467292693322, 34.064738945704974]]}, "properties": {"confidence": "high"}}, {"type": "Feature", "geometry": {"type": "LineString", "coordinates": [[-118.24428665136107, 34.064738945704974], [-118.24428665136107, 34.064731504014055], [-118.24427766820821, 34.064731504014055], [-118.24427766820821, 34.064738945704974], [-118.24428665136107, 34.064738945704974]]}, "properties": {"confidence": "high"}}, {"type": "Feature", "geometry": {"type": "LineString", "coordinates": [[-118.23961541188365, 34.064738945704974], [-118.23961541188365, 34.064731504014055], [-118.23959744557796, 34.064731504014055], [-118.23959744557796, 34.064738945704974], [-118.23961541188365, 34.064738945704974]]}, "properties": {"confidence": "high"}}, {"type": "Feature", "geometry": {"type": "LineString", "coordinates": [[-118.24095390165698, 34.064738945704974], [-118.24095390165698, 34.06472406232249], [-118.24094491850413, 34.06472406232249], [-118.24094491850413, 34.064738945704974], [-118.24095390165698, 34.064738945704974]]}, "properties": {"confidence": "high"}}, {"type": "Feature", "geometry": {"type": "LineString", "coordinates": [[-118.23712707854664, 34.064738945704974], [-118.23712707854664, 34.06472406232249], [-118.2371180953938, 34.06472406232249], [-118.2371180953938, 34.064738945704974], [-118.23712707854664, 34.064738945704974]]}, "properties": {"confidence": "high"}}, {"type": "Feature", "geometry": {"type": "LineString", "coordinates": [[-118.24469089323891, 34.064731504014055], [-118.24469089323891, 34.06472406232249], [-118.24467292693322, 34.06472406232249], [-118.24467292693322, 34.064731504014055], [-118.24469089323891, 34.064731504014055]]}, "properties": {"confidence": "high"}}, {"type": "Feature", "geometry": {"type": "LineString", "coordinates": [[-118.2442956345139, 34.064731504014055], [-118.2442956345139, 34.06472406232249], [-118.24428665136107, 34.06472406232249], [-118.24428665136107, 34.064731504014055], [-118.2442956345139, 34.064731504014055]]}, "properties": {"confidence": "high"}}, {"type": "Feature", "geometry": {"type": "LineString", "coordinates": [[-118.23959744557796, 34.064731504014055], [-118.23959744557796, 34.06472406232249], [-118.23957049611944, 34.06472406232249], [-118.23957049611944, 34.064731504014055], [-118.23959744557796, 34.064731504014055]]}, "properties": {"confidence": "high"}}, {"type": "Feature", "geometry": {"type": "LineString", "coordinates": [[-118.23857336615406, 34.064738945704974], [-118.23857336615406, 34.064716620630264], [-118.23856438300122, 34.064716620630264], [-118.23856438300122, 34.064738945704974], [-118.23857336615406, 34.064738945704974]]}, "properties": {"confidence": "high"}}, {"type": "Feature", "geometry": {"type": "LineString", "coordinates": [[-118.24197798108088, 34.064731504014055], [-118.24197798108088, 34.064716620630264], [-118.24196899792803, 34.064716620630264], [-118.24196899792803, 34.064731504014055], [-118.24197798108088, 34.064731504014055]]}, "properties": {"confidence": "high"}}, {"type": "Feature", "geometry": {"type": "LineString", "coordinates": [[-118.24007355267854, 34.064731504014055], [-118.24007355267854, 34.064716620630264], [-118.24006456952569, 34.064716620630264], [-118.24006456952569, 34.064731504014055], [-118.24007355267854, 34.064731504014055]]}, "properties": {"confidence": "high"}}, {"type": "Feature", "geometry": {"type": "LineString", "coordinates": [[-118.24470885954459, 34.06472406232249], [-118.24470885954459, 34.064716620630264], [-118.24469089323891, 34.064716620630264], [-118.24469089323891, 34.06472406232249], [-118.24470885954459, 34.06472406232249]]}, "properties": {"confidence": "high"}}, {"type": "Feature", "geometry": {"type": "LineString", "coordinates": [[-118.24430461766674, 34.06472406232249], [-118.24430461766674, 34.064716620630264], [-118.2442956345139, 34.064716620630264], [-118.2442956345139, 34.06472406232249], [-118.24430461766674, 34.06472406232249]]}, "properties": {"confidence": "high"}}, {"type": "Feature", "geometry": {"type": "LineString", "coordinates": [[-118.23957049611944, 34.06472406232249], [-118.23957049611944, 34.064716620630264], [-118.23954354666091, 34.064716620630264], [-118.23954354666091, 34.06472406232249], [-118.23957049611944, 34.06472406232249]]}, "properties": {"confidence": "high"}}, {"type": "Feature", "geometry": {"type": "LineString", "coordinates": [[-118.24096288480982, 34.06472406232249], [-118.24096288480982, 34.06470917893739], [-118.24095390165698, 34.06470917893739], [-118.24095390165698, 34.06472406232249], [-118.24096288480982, 34.06472406232249]]}, "properties": {"confidence": "high"}}, {"type": "Feature", "geometry": {"type": "LineString", "coordinates": [[-118.24472682585026, 34.064716620630264], [-118.24472682585026, 34.06470917893739], [-118.24470885954459, 34.06470917893739], [-118.24470885954459, 34.064716620630264], [-118.24472682585026, 34.064716620630264]]}, "properties": {"confidence": "high"}}, {"type": "Feature", "geometry": {"type": "LineString", "coordinates": [[-118.24432258397242, 34.064716620630264], [-118.24432258397242, 34.06470917893739], [-118.24430461766674, 34.06470917893739], [-118.24430461766674, 34.064716620630264], [-118.24432258397242, 34.064716620630264]]}, "properties": {"confidence": "high"}}, {"type": "Feature", "geometry": {"type": "LineString", "coordinates": [[-118.24198696423372, 34.064716620630264], [-118.24198696423372, 34.06470917893739], [-118.24197798108088, 34.06470917893739], [-118.24197798108088, 34.064716620630264], [-118.24198696423372, 34.064716620630264]]}, "properties": {"confidence": "high"}}, {"type": "Feature", "geometry": {"type": "LineString", "coordinates": [[-118.23954354666091, 34.064716620630264], [-118.23954354666091, 34.06470917893739], [-118.23952558035523, 34.06470917893739], [-118.23952558035523, 34.064716620630264], [-118.23954354666091, 34.064716620630264]]}, "properties": {"confidence": "high"}}, {"type": "Feature", "geometry": {"type": "LineString", "coordinates": [[-118.23713606169947, 34.06472406232249], [-118.23713606169947, 34.06470173724385], [-118.23712707854664, 34.06470173724385], [-118.23712707854664, 34.06472406232249], [-118.23713606169947, 34.06472406232249]]}, "properties": {"confidence": "high"}}, {"type": "Feature", "geometry": {"type": "LineString", "coordinates": [[-118.2385823493069, 34.064716620630264], [-118.2385823493069, 34.06470173724385], [-118.23857336615406, 34.06470173724385], [-118.23857336615406, 34.064716620630264], [-118.2385823493069, 34.064716620630264]]}, "properties": {"confidence": "high"}}, {"type": "Feature", "geometry": {"type": "LineString", "coordinates": [[-118.2447537753088, 34.06470917893739], [-118.2447537753088, 34.06470173724385], [-118.24472682585026, 34.06470173724385], [-118.24472682585026, 34.06470917893739], [-118.2447537753088, 34.06470917893739]]}, "properties": {"confidence": "high"}}, {"type": "Feature", "geometry": {"type": "LineString", "coordinates": [[-118.24433156712526, 34.06470917893739], [-118.24433156712526, 34.06470173724385], [-118.24432258397242, 34.06470173724385], [-118.24432258397242, 34.06470917893739], [-118.24433156712526, 34.06470917893739]]}, "properties": {"confidence": "high"}}, {"type": "Feature", "geometry": {"type": "LineString", "coordinates": [[-118.23952558035523, 34.06470917893739], [-118.23952558035523, 34.06470173724385], [-118.2394986308967, 34.06470173724385], [-118.2394986308967, 34.06470917893739], [-118.23952558035523, 34.06470917893739]]}, "properties": {"confidence": "high"}}, {"type": "Feature", "geometry": {"type": "LineString", "coordinates": [[-118.24008253583138, 34.064716620630264], [-118.24008253583138, 34.06469429554967], [-118.24007355267854, 34.06469429554967], [-118.24007355267854, 34.064716620630264], [-118.24008253583138, 34.064716620630264]]}, "properties": {"confidence": "high"}}, {"type": "Feature", "geometry": {"type": "LineString", "coordinates": [[-118.24199594738656, 34.06470917893739], [-118.24199594738656, 34.06469429554967], [-118.24198696423372, 34.06469429554967], [-118.24198696423372, 34.06470917893739], [-118.24199594738656, 34.06470917893739]]}, "properties": {"confidence": "high"}}, {"type": "Feature", "geometry": {"type": "LineString", "coordinates": [[-118.24477174161447, 34.06470173724385], [-118.24477174161447, 34.06469429554967], [-118.2447537753088, 34.06469429554967], [-118.2447537753088, 34.06470173724385], [-118.24477174161447, 34.06470173724385]]}, "properties": {"confidence": "high"}}, {"type": "Feature", "geometry": {"type": "LineString", "coordinates": [[-118.24434055027811, 34.06470173724385], [-118.24434055027811, 34.06469429554967], [-118.24433156712526, 34.06469429554967], [-118.24433156712526, 34.06470173724385], [-118.24434055027811, 34.06470173724385]]}, "properties": {"confidence": "high"}}, {"type": "Feature", "geometry": {"type": "LineString", "coordinates": [[-118.2394986308967, 34.06470173724385], [-118.2394986308967, 34.06469429554967], [-118.23948066459103, 34.06469429554967], [-118.23948066459103, 34.06470173724385], [-118.2394986308967, 34.06470173724385]]}, "properties": {"confidence": "high"}}, {"type": "Feature", "geometry": {"type": "LineString", "coordinates": [[-118.24097186796266, 34.06470917893739], [-118.24097186796266, 34.06468685385483], [-118.24096288480982, 34.06468685385483], [-118.24096288480982, 34.06470917893739], [-118.24097186796266, 34.06470917893739]]}, "properties": {"confidence": "high"}}, {"type": "Feature", "geometry": {"type": "LineString", "coordinates": [[-118.244798691073, 34.06469429554967], [-118.244798691073, 34.06468685385483], [-118.24477174161447, 34.06468685385483], [-118.24477174161447, 34.06469429554967], [-118.244798691073, 34.06469429554967]]}, "properties": {"confidence": "high"}}, {"type": "Feature", "geometry": {"type": "LineString", "coordinates": [[-118.24434953343095, 34.06469429554967], [-118.24434953343095, 34.06468685385483], [-118.24434055027811, 34.06468685385483], [-118.24434055027811, 34.06469429554967], [-118.24434953343095, 34.06469429554967]]}, "properties": {"confidence": "high"}}, {"type": "Feature", "geometry": {"type": "LineString", "coordinates": [[-118.23948066459103, 34.06469429554967], [-118.23948066459103, 34.06468685385483], [-118.2394537151325, 34.06468685385483], [-118.2394537151325, 34.06469429554967], [-118.23948066459103, 34.06469429554967]]}, "properties": {"confidence": "high"}}, {"type": "Feature", "geometry": {"type": "LineString", "coordinates": [[-118.23859133245975, 34.06470173724385], [-118.23859133245975, 34.06467941215934], [-118.2385823493069, 34.06467941215934], [-118.2385823493069, 34.06470173724385], [-118.23859133245975, 34.06470173724385]]}, "properties": {"confidence": "high"}}, {"type": "Feature", "geometry": {"type": "LineString", "coordinates": [[-118.23714504485231, 34.06470173724385], [-118.23714504485231, 34.06467941215934], [-118.23713606169947, 34.06467941215934], [-118.23713606169947, 34.06470173724385], [-118.23714504485231, 34.06470173724385]]}, "properties": {"confidence": "high"}}, {"type": "Feature", "geometry": {"type": "LineString", "coordinates": [[-118.2420049305394, 34.06469429554967], [-118.2420049305394, 34.06467941215934], [-118.24199594738656, 34.06467941215934], [-118.24199594738656, 34.06469429554967], [-118.2420049305394, 34.06469429554967]]}, "properties": {"confidence": "high"}}, {"type": "Feature", "geometry": {"type": "LineString", "coordinates": [[-118.24481665737868, 34.06468685385483], [-118.24481665737868, 34.06467941215934], [-118.244798691073, 34.06467941215934], [-118.244798691073, 34.06468685385483], [-118.24481665737868, 34.06468685385483]]}, "properties": {"confidence": "high"}}, {"type": "Feature", "geometry": {"type": "LineString", "coordinates": [[-118.2394537151325, 34.06468685385483], [-118.2394537151325, 34.06467941215934], [-118.23943574882682, 34.06467941215934], [-118.23943574882682, 34.06468685385483], [-118.2394537151325, 34.06468685385483]]}, "properties": {"confidence": "high"}}, {"type": "Feature", "geometry": {"type": "LineString", "coordinates": [[-118.24009151898422, 34.06469429554967], [-118.24009151898422, 34.064671970463195], [-118.24008253583138, 34.064671970463195], [-118.24008253583138, 34.06469429554967], [-118.24009151898422, 34.06469429554967]]}, "properties": {"confidence": "high"}}, {"type": "Feature", "geometry": {"type": "LineString", "coordinates": [[-118.24435851658379, 34.06468685385483], [-118.24435851658379, 34.064671970463195], [-118.24434953343095, 34.064671970463195], [-118.24434953343095, 34.06468685385483], [-118.24435851658379, 34.06468685385483]]}, "properties": {"confidence": "high"}}, {"type": "Feature", "geometry": {"type": "LineString", "coordinates": [[-118.2409808511155, 34.06468685385483], [-118.2409808511155, 34.064671970463195], [-118.24097186796266, 34.064671970463195], [-118.24097186796266, 34.06468685385483], [-118.2409808511155, 34.06468685385483]]}, "properties": {"confidence": "high"}}, {"type": "Feature", "geometry": {"type": "LineString", "coordinates": [[-118.24484360683721, 34.06467941215934], [-118.24484360683721, 34.064671970463195], [-118.24481665737868, 34.064671970463195], [-118.24481665737868, 34.06467941215934], [-118.24484360683721, 34.06467941215934]]}, "properties": {"confidence": "high"}}, {"type": "Feature", "geometry": {"type": "LineString", "coordinates": [[-118.23943574882682, 34.06467941215934], [-118.23943574882682, 34.064671970463195], [-118.23940879936829, 34.064671970463195], [-118.23940879936829, 34.06467941215934], [-118.23943574882682, 34.06467941215934]]}, "properties": {"confidence": "high"}}, {"type": "Feature", "geometry": {"type": "LineString", "coordinates": [[-118.24201391369223, 34.06467941215934], [-118.24201391369223, 34.06466452876639], [-118.2420049305394, 34.06466452876639], [-118.2420049305394, 34.06467941215934], [-118.24201391369223, 34.06467941215934]]}, "properties": {"confidence": "high"}}, {"type": "Feature", "geometry": {"type": "LineString", "coordinates": [[-118.23715402800516, 34.06467941215934], [-118.23715402800516, 34.06466452876639], [-118.23714504485231, 34.06466452876639], [-118.23714504485231, 34.06467941215934], [-118.23715402800516, 34.06467941215934]]}, "properties": {"confidence": "high"}}, {"type": "Feature", "geometry": {"type": "LineString", "coordinates": [[-118.24486157314291, 34.064671970463195], [-118.24486157314291, 34.06466452876639], [-118.24484360683721, 34.06466452876639], [-118.24484360683721, 34.064671970463195], [-118.24486157314291, 34.064671970463195]]}, "properties": {"confidence": "high"}}, {"type": "Feature", "geometry": {"type": "LineString", "coordinates": [[-118.24436749973663, 34.064671970463195], [-118.24436749973663, 34.06466452876639], [-118.24435851658379, 34.06466452876639], [-118.24435851658379, 34.064671970463195], [-118.24436749973663, 34.064671970463195]]}, "properties": {"confidence": "high"}}, {"type": "Feature", "geometry": {"type": "LineString", "coordinates": [[-118.23940879936829, 34.064671970463195], [-118.23940879936829, 34.06466452876639], [-118.23939083306261, 34.06466452876639], [-118.23939083306261, 34.064671970463195], [-118.23940879936829, 34.064671970463195]]}, "properties": {"confidence": "high"}}, {"type": "Feature", "geometry": {"type": "LineString", "coordinates": [[-118.23860031561259, 34.06467941215934], [-118.23860031561259, 34.06465708706895], [-118.23859133245975, 34.06465708706895], [-118.23859133245975, 34.06467941215934], [-118.23860031561259, 34.06467941215934]]}, "properties": {"confidence": "high"}}, {"type": "Feature", "geometry": {"type": "LineString", "coordinates": [[-118.24098983426833, 34.064671970463195], [-118.24098983426833, 34.06465708706895], [-118.2409808511155, 34.06465708706895], [-118.2409808511155, 34.064671970463195], [-118.24098983426833, 34.064671970463195]]}, "properties": {"confidence": "high"}}, {"type": "Feature", "geometry": {"type": "LineString", "coordinates": [[-118.24010050213705, 34.064671970463195], [-118.24010050213705, 34.06465708706895], [-118.24009151898422, 34.06465708706895], [-118.24009151898422, 34.064671970463195], [-118.24010050213705, 34.064671970463195]]}, "properties": {"confidence": "high"}}, {"type": "Feature", "geometry": {"type": "LineString", "coordinates": [[-118.24487953944859, 34.06466452876639], [-118.24487953944859, 34.06465708706895], [-118.24486157314291, 34.06465708706895], [-118.24486157314291, 34.06466452876639], [-118.24487953944859, 34.06466452876639]]}, "properties": {"confidence": "high"}}, {"type": "Feature", "geometry": {"type": "LineString", "coordinates": [[-118.24437648288946, 34.06466452876639], [-118.24437648288946, 34.06465708706895], [-118.24436749973663, 34.06465708706895], [-118.24436749973663, 34.06466452876639], [-118.24437648288946, 34.06466452876639]]}, "properties": {"confidence": "high"}}, {"type": "Feature", "geometry": {"type": "LineString", "coordinates": [[-118.23939083306261, 34.06466452876639], [-118.23939083306261, 34.06465708706895], [-118.2393638836041, 34.06465708706895], [-118.2393638836041, 34.06466452876639], [-118.23939083306261, 34.06466452876639]]}, "properties": {"confidence": "high"}}, {"type": "Feature", "geometry": {"type": "LineString", "coordinates": [[-118.24202289684507, 34.06466452876639], [-118.24202289684507, 34.06464964537084], [-118.24201391369223, 34.06464964537084], [-118.24201391369223, 34.06466452876639], [-118.24202289684507, 34.06466452876639]]}, "properties": {"confidence": "high"}}, {"type": "Feature", "geometry": {"type": "LineString", "coordinates": [[-118.237163011158, 34.06466452876639], [-118.237163011158, 34.06464964537084], [-118.23715402800516, 34.06464964537084], [-118.23715402800516, 34.06466452876639], [-118.237163011158, 34.06466452876639]]}, "properties": {"confidence": "high"}}, {"type": "Feature", "geometry": {"type": "LineString", "coordinates": [[-118.24489750575427, 34.06465708706895], [-118.24489750575427, 34.06464964537084], [-118.24487953944859, 34.06464964537084], [-118.24487953944859, 34.06465708706895], [-118.24489750575427, 34.06465708706895]]}, "properties": {"confidence": "high"}}, {"type": "Feature", "geometry": {"type": "LineString", "coordinates": [[-118.24438546604232, 34.06465708706895], [-118.24438546604232, 34.06464964537084], [-118.24437648288946, 34.06464964537084], [-118.24437648288946, 34.06465708706895], [-118.24438546604232, 34.06465708706895]]}, "properties": {"confidence": "high"}}, {"type": "Feature", "geometry": {"type": "LineString", "coordinates": [[-118.2393638836041, 34.06465708706895], [-118.2393638836041, 34.06464964537084], [-118.23934591729841, 34.06464964537084], [-118.23934591729841, 34.06465708706895], [-118.2393638836041, 34.06465708706895]]}, "properties": {"confidence": "high"}}, {"type": "Feature", "geometry": {"type": "LineString", "coordinates": [[-118.24099881742119, 34.06465708706895], [-118.24099881742119, 34.06464220367208], [-118.24098983426833, 34.06464220367208], [-118.24098983426833, 34.06465708706895], [-118.24099881742119, 34.06465708706895]]}, "properties": {"confidence": "high"}}, {"type": "Feature", "geometry": {"type": "LineString", "coordinates": [[-118.23860929876543, 34.06465708706895], [-118.23860929876543, 34.06464220367208], [-118.23860031561259, 34.06464220367208], [-118.23860031561259, 34.06465708706895], [-118.23860929876543, 34.06465708706895]]}, "properties": {"confidence": "high"}}, {"type": "Feature", "geometry": {"type": "LineString", "coordinates": [[-118.24491547205996, 34.06464964537084], [-118.24491547205996, 34.06464220367208], [-118.24489750575427, 34.06464220367208], [-118.24489750575427, 34.06464964537084], [-118.24491547205996, 34.06464964537084]]}, "properties": {"confidence": "high"}}, {"type": "Feature", "geometry": {"type": "LineString", "coordinates": [[-118.24203187999792, 34.06464964537084], [-118.24203187999792, 34.06464220367208], [-118.24202289684507, 34.06464220367208], [-118.24202289684507, 34.06464964537084], [-118.24203187999792, 34.06464964537084]]}, "properties": {"confidence": "high"}}, {"type": "Feature", "geometry": {"type": "LineString", "coordinates": [[-118.23934591729841, 34.06464964537084], [-118.23934591729841, 34.06464220367208], [-118.23931896783989, 34.06464220367208], [-118.23931896783989, 34.06464964537084], [-118.23934591729841, 34.06464964537084]]}, "properties": {"confidence": "high"}}, {"type": "Feature", "geometry": {"type": "LineString", "coordinates": [[-118.24010948528989, 34.06465708706895], [-118.24010948528989, 34.06463476197267], [-118.24010050213705, 34.06463476197267], [-118.24010050213705, 34.06465708706895], [-118.24010948528989, 34.06465708706895]]}, "properties": {"confidence": "high"}}, {"type": "Feature", "geometry": {"type": "LineString", "coordinates": [[-118.24439444919516, 34.06464964537084], [-118.24439444919516, 34.06463476197267], [-118.24438546604232, 34.06463476197267], [-118.24438546604232, 34.06464964537084], [-118.24439444919516, 34.06464964537084]]}, "properties": {"confidence": "high"}}, {"type": "Feature", "geometry": {"type": "LineString", "coordinates": [[-118.23717199431084, 34.06464964537084], [-118.23717199431084, 34.06463476197267], [-118.237163011158, 34.06463476197267], [-118.237163011158, 34.06464964537084], [-118.23717199431084, 34.06464964537084]]}, "properties": {"confidence": "high"}}, {"type": "Feature", "geometry": {"type": "LineString", "coordinates": [[-118.24493343836563, 34.06464220367208], [-118.24493343836563, 34.06463476197267], [-118.24491547205996, 34.06463476197267], [-118.24491547205996, 34.06464220367208], [-118.24493343836563, 34.06464220367208]]}, "properties": {"confidence": "high"}}, {"type": "Feature", "geometry": {"type": "LineString", "coordinates": [[-118.23931896783989, 34.06464220367208], [-118.23931896783989, 34.06463476197267], [-118.23929201838136, 34.06463476197267], [-118.23929201838136, 34.06464220367208], [-118.23931896783989, 34.06464220367208]]}, "properties": {"confidence": "high"}}, {"type": "Feature", "geometry": {"type": "LineString", "coordinates": [[-118.24204086315076, 34.06464220367208], [-118.24204086315076, 34.0646273202726], [-118.24203187999792, 34.0646273202726], [-118.24203187999792, 34.06464220367208], [-118.24204086315076, 34.06464220367208]]}, "properties": {"confidence": "high"}}, {"type": "Feature", "geometry": {"type": "LineString", "coordinates": [[-118.24100780057402, 34.06464220367208], [-118.24100780057402, 34.0646273202726], [-118.24099881742119, 34.0646273202726], [-118.24099881742119, 34.06464220367208], [-118.24100780057402, 34.06464220367208]]}, "properties": {"confidence": "high"}}, {"type": "Feature", "geometry": {"type": "LineString", "coordinates": [[-118.24495140467131, 34.06463476197267], [-118.24495140467131, 34.0646273202726], [-118.24493343836563, 34.0646273202726], [-118.24493343836563, 34.06463476197267], [-118.24495140467131, 34.06463476197267]]}, "properties": {"confidence": "high"}}, {"type": "Feature", "geometry": {"type": "LineString", "coordinates": [[-118.244403432348, 34.06463476197267], [-118.244403432348, 34.0646273202726], [-118.24439444919516, 34.0646273202726], [-118.24439444919516, 34.06463476197267], [-118.244403432348, 34.06463476197267]]}, "properties": {"confidence": "high"}}, {"type": "Feature", "geometry": {"type": "LineString", "coordinates": [[-118.23929201838136, 34.06463476197267], [-118.23929201838136, 34.0646273202726], [-118.23927405207569, 34.0646273202726], [-118.23927405207569, 34.06463476197267], [-118.23929201838136, 34.06463476197267]]}, "properties": {"confidence": "high"}}, {"type": "Feature", "geometry": {"type": "LineString", "coordinates": [[-118.23861828191826, 34.06464220367208], [-118.23861828191826, 34.06461987857188], [-118.23860929876543, 34.06461987857188], [-118.23860929876543, 34.06464220367208], [-118.23861828191826, 34.06464220367208]]}, "properties": {"confidence": "high"}}, {"type": "Feature", "geometry": {"type": "LineString", "coordinates": [[-118.24011846844273, 34.06463476197267], [-118.24011846844273, 34.06461987857188], [-118.24010948528989, 34.06461987857188], [-118.24010948528989, 34.06463476197267], [-118.24011846844273, 34.06463476197267]]}, "properties": {"confidence": "high"}}, {"type": "Feature", "geometry": {"type": "LineString", "coordinates": [[-118.244969370977, 34.0646273202726], [-118.244969370977, 34.06461987857188], [-118.24495140467131, 34.06461987857188], [-118.24495140467131, 34.0646273202726], [-118.244969370977, 34.0646273202726]]}, "properties": {"confidence": "high"}}, {"type": "Feature", "geometry": {"type": "LineString", "coordinates": [[-118.23927405207569, 34.0646273202726], [-118.23927405207569, 34.06461987857188], [-118.23924710261716, 34.06461987857188], [-118.23924710261716, 34.0646273202726], [-118.23927405207569, 34.0646273202726]]}, "properties": {"confidence": "high"}}, {"type": "Feature", "geometry": {"type": "LineString", "coordinates": [[-118.23718097746368, 34.06463476197267], [-118.23718097746368, 34.06461243687051], [-118.23717199431084, 34.06461243687051], [-118.23717199431084, 34.06463476197267], [-118.23718097746368, 34.06463476197267]]}, "properties": {"confidence": "high"}}, {"type": "Feature", "geometry": {"type": "LineString", "coordinates": [[-118.24441241550083, 34.0646273202726], [-118.24441241550083, 34.06461243687051], [-118.244403432348, 34.06461243687051], [-118.244403432348, 34.0646273202726], [-118.24441241550083, 34.0646273202726]]}, "properties": {"confidence": "high"}}, {"type": "Feature", "geometry": {"type": "LineString", "coordinates": [[-118.2420498463036, 34.0646273202726], [-118.2420498463036, 34.06461243687051], [-118.24204086315076, 34.06461243687051], [-118.24204086315076, 34.0646273202726], [-118.2420498463036, 34.0646273202726]]}, "properties": {"confidence": "high"}}, {"type": "Feature", "geometry": {"type": "LineString", "coordinates": [[-118.24498733728268, 34.06461987857188], [-118.24498733728268, 34.06461243687051], [-118.244969370977, 34.06461243687051], [-118.244969370977, 34.06461987857188], [-118.24498733728268, 34.06461987857188]]}, "properties": {"confidence": "high"}}, {"type": "Feature", "geometry": {"type": "LineString", "coordinates": [[-118.23924710261716, 34.06461987857188], [-118.23924710261716, 34.06461243687051], [-118.23922015315864, 34.06461243687051], [-118.23922015315864, 34.06461987857188], [-118.23924710261716, 34.06461987857188]]}, "properties": {"confidence": "high"}}, {"type": "Feature", "geometry": {"type": "LineString", "coordinates": [[-118.24101678372686, 34.0646273202726], [-118.24101678372686, 34.06460499516849], [-118.24100780057402, 34.06460499516849], [-118.24100780057402, 34.0646273202726], [-118.24101678372686, 34.0646273202726]]}, "properties": {"confidence": "high"}}, {"type": "Feature", "geometry": {"type": "LineString", "coordinates": [[-118.24012745159558, 34.06461987857188], [-118.24012745159558, 34.06460499516849], [-118.24011846844273, 34.06460499516849], [-118.24011846844273, 34.06461987857188], [-118.24012745159558, 34.06461987857188]]}, "properties": {"confidence": "high"}}, {"type": "Feature", "geometry": {"type": "LineString", "coordinates": [[-118.24499632043552, 34.06461243687051], [-118.24499632043552, 34.06460499516849], [-118.24498733728268, 34.06460499516849], [-118.24498733728268, 34.06461243687051], [-118.24499632043552, 34.06461243687051]]}, "properties": {"confidence": "high"}}, {"type": "Feature", "geometry": {"type": "LineString", "coordinates": [[-118.24442139865367, 34.06461243687051], [-118.24442139865367, 34.06460499516849], [-118.24441241550083, 34.06460499516849], [-118.24441241550083, 34.06461243687051], [-118.24442139865367, 34.06461243687051]]}, "properties": {"confidence": "high"}}, {"type": "Feature", "geometry": {"type": "LineString", "coordinates": [[-118.24205882945644, 34.06461243687051], [-118.24205882945644, 34.06460499516849], [-118.2420498463036, 34.06460499516849], [-118.2420498463036, 34.06461243687051], [-118.24205882945644, 34.06461243687051]]}, "properties": {"confidence": "high"}}, {"type": "Feature", "geometry": {"type": "LineString", "coordinates": [[-118.23922015315864, 34.06461243687051], [-118.23922015315864, 34.06460499516849], [-118.23919320370011, 34.06460499516849], [-118.23919320370011, 34.06461243687051], [-118.23922015315864, 34.06461243687051]]}, "properties": {"confidence": "high"}}, {"type": "Feature", "geometry": {"type": "LineString", "coordinates": [[-118.24501428674121, 34.06460499516849], [-118.24501428674121, 34.06459755346581], [-118.24499632043552, 34.06459755346581], [-118.24499632043552, 34.06460499516849], [-118.24501428674121, 34.06460499516849]]}, "properties": {"confidence": "high"}}, {"type": "Feature", "geometry": {"type": "LineString", "coordinates": [[-118.23919320370011, 34.06460499516849], [-118.23919320370011, 34.06459755346581], [-118.23917523739443, 34.06459755346581], [-118.23917523739443, 34.06460499516849], [-118.23919320370011, 34.06460499516849]]}, "properties": {"confidence": "high"}}, {"type": "Feature", "geometry": {"type": "LineString", "coordinates": [[-118.2386272650711, 34.06461987857188], [-118.2386272650711, 34.06459011176247], [-118.23861828191826, 34.06459011176247], [-118.23861828191826, 34.06461987857188], [-118.2386272650711, 34.06461987857188]]}, "properties": {"confidence": "high"}}, {"type": "Feature", "geometry": {"type": "LineString", "coordinates": [[-118.23718996061652, 34.06461243687051], [-118.23718996061652, 34.06459011176247], [-118.23718097746368, 34.06459011176247], [-118.23718097746368, 34.06461243687051], [-118.23718996061652, 34.06461243687051]]}, "properties": {"confidence": "high"}}, {"type": "Feature", "geometry": {"type": "LineString", "coordinates": [[-118.24443038180651, 34.06460499516849], [-118.24443038180651, 34.06459011176247], [-118.24442139865367, 34.06459011176247], [-118.24442139865367, 34.06460499516849], [-118.24443038180651, 34.06460499516849]]}, "properties": {"confidence": "high"}}, {"type": "Feature", "geometry": {"type": "LineString", "coordinates": [[-118.24206781260928, 34.06460499516849], [-118.24206781260928, 34.06459011176247], [-118.24205882945644, 34.06459011176247], [-118.24205882945644, 34.06460499516849], [-118.24206781260928, 34.06460499516849]]}, "properties": {"confidence": "high"}}, {"type": "Feature", "geometry": {"type": "LineString", "coordinates": [[-118.2410257668797, 34.06460499516849], [-118.2410257668797, 34.06459011176247], [-118.24101678372686, 34.06459011176247], [-118.24101678372686, 34.06460499516849], [-118.2410257668797, 34.06460499516849]]}, "properties": {"confidence": "high"}}, {"type": "Feature", "geometry": {"type": "LineString", "coordinates": [[-118.24013643474842, 34.06460499516849], [-118.24013643474842, 34.06459011176247], [-118.24012745159558, 34.06459011176247], [-118.24012745159558, 34.06460499516849], [-118.24013643474842, 34.06460499516849]]}, "properties": {"confidence": "high"}}, {"type": "Feature", "geometry": {"type": "LineString", "coordinates": [[-118.24502326989405, 34.06459755346581], [-118.24502326989405, 34.06459011176247], [-118.24501428674121, 34.06459011176247], [-118.24501428674121, 34.06459755346581], [-118.24502326989405, 34.06459755346581]]}, "properties": {"confidence": "high"}}, {"type": "Feature", "geometry": {"type": "LineString", "coordinates": [[-118.23917523739443, 34.06459755346581], [-118.23917523739443, 34.06459011176247], [-118.23914828793589, 34.06459011176247], [-118.23914828793589, 34.06459755346581], [-118.23917523739443, 34.06459755346581]]}, "properties": {"confidence": "high"}}, {"type": "Feature", "geometry": {"type": "LineString", "coordinates": [[-118.24504123619973, 34.06459011176247], [-118.24504123619973, 34.064582670058485], [-118.24502326989405, 34.064582670058485], [-118.24502326989405, 34.06459011176247], [-118.24504123619973, 34.06459011176247]]}, "properties": {"confidence": "high"}}, {"type": "Feature", "geometry": {"type": "LineString", "coordinates": [[-118.24207679576213, 34.06459011176247], [-118.24207679576213, 34.064582670058485], [-118.24206781260928, 34.064582670058485], [-118.24206781260928, 34.06459011176247], [-118.24207679576213, 34.06459011176247]]}, "properties": {"confidence": "high"}}, {"type": "Feature", "geometry": {"type": "LineString", "coordinates": [[-118.23914828793589, 34.06459011176247], [-118.23914828793589, 34.064582670058485], [-118.2391303216302, 34.064582670058485], [-118.2391303216302, 34.06459011176247], [-118.23914828793589, 34.06459011176247]]}, "properties": {"confidence": "high"}}, {"type": "Feature", "geometry": {"type": "LineString", "coordinates": [[-118.24443936495936, 34.06459011176247], [-118.24443936495936, 34.064575228353846], [-118.24443038180651, 34.064575228353846], [-118.24443038180651, 34.06459011176247], [-118.24443936495936, 34.06459011176247]]}, "properties": {"confidence": "high"}}, {"type": "Feature", "geometry": {"type": "LineString", "coordinates": [[-118.24103475003254, 34.06459011176247], [-118.24103475003254, 34.064575228353846], [-118.2410257668797, 34.064575228353846], [-118.2410257668797, 34.06459011176247], [-118.24103475003254, 34.06459011176247]]}, "properties": {"confidence": "high"}}, {"type": "Feature", "geometry": {"type": "LineString", "coordinates": [[-118.23863624822394, 34.06459011176247], [-118.23863624822394, 34.064575228353846], [-118.2386272650711, 34.064575228353846], [-118.2386272650711, 34.06459011176247], [-118.23863624822394, 34.06459011176247]]}, "properties": {"confidence": "high"}}, {"type": "Feature", "geometry": {"type": "LineString", "coordinates": [[-118.23719894376936, 34.06459011176247], [-118.23719894376936, 34.064575228353846], [-118.23718996061652, 34.064575228353846], [-118.23718996061652, 34.06459011176247], [-118.23719894376936, 34.06459011176247]]}, "properties": {"confidence": "high"}}, {"type": "Feature", "geometry": {"type": "LineString", "coordinates": [[-118.24505021935256, 34.064582670058485], [-118.24505021935256, 34.064575228353846], [-118.24504123619973, 34.064575228353846], [-118.24504123619973, 34.064582670058485], [-118.24505021935256, 34.064582670058485]]}, "properties": {"confidence": "high"}}, {"type": "Feature", "geometry": {"type": "LineString", "coordinates": [[-118.2391303216302, 34.064582670058485], [-118.2391303216302, 34.064575228353846], [-118.23910337217168, 34.064575228353846], [-118.23910337217168, 34.064582670058485], [-118.2391303216302, 34.064582670058485]]}, "properties": {"confidence": "high"}}, {"type": "Feature", "geometry": {"type": "LineString", "coordinates": [[-118.24014541790126, 34.06459011176247], [-118.24014541790126, 34.064567786648546], [-118.24013643474842, 34.064567786648546], [-118.24013643474842, 34.06459011176247], [-118.24014541790126, 34.06459011176247]]}, "properties": {"confidence": "high"}}, {"type": "Feature", "geometry": {"type": "LineString", "coordinates": [[-118.24208577891497, 34.064582670058485], [-118.24208577891497, 34.064567786648546], [-118.24207679576213, 34.064567786648546], [-118.24207679576213, 34.064582670058485], [-118.24208577891497, 34.064582670058485]]}, "properties": {"confidence": "high"}}, {"type": "Feature", "geometry": {"type": "LineString", "coordinates": [[-118.24505920250542, 34.064575228353846], [-118.24505920250542, 34.064567786648546], [-118.24505021935256, 34.064567786648546], [-118.24505021935256, 34.064575228353846], [-118.24505920250542, 34.064575228353846]]}, "properties": {"confidence": "high"}}, {"type": "Feature", "geometry": {"type": "LineString", "coordinates": [[-118.23910337217168, 34.064575228353846], [-118.23910337217168, 34.064567786648546], [-118.23907642271315, 34.064567786648546], [-118.23907642271315, 34.064575228353846], [-118.23910337217168, 34.064575228353846]]}, "properties": {"confidence": "high"}}, {"type": "Feature", "geometry": {"type": "LineString", "coordinates": [[-118.2444483481122, 34.064575228353846], [-118.2444483481122, 34.0645603449426], [-118.24443936495936, 34.0645603449426], [-118.24443936495936, 34.064575228353846], [-118.2444483481122, 34.064575228353846]]}, "properties": {"confidence": "high"}}, {"type": "Feature", "geometry": {"type": "LineString", "coordinates": [[-118.24104373318538, 34.064575228353846], [-118.24104373318538, 34.0645603449426], [-118.24103475003254, 34.0645603449426], [-118.24103475003254, 34.064575228353846], [-118.24104373318538, 34.064575228353846]]}, "properties": {"confidence": "high"}}, {"type": "Feature", "geometry": {"type": "LineString", "coordinates": [[-118.2386452313768, 34.064575228353846], [-118.2386452313768, 34.0645603449426], [-118.23863624822394, 34.0645603449426], [-118.23863624822394, 34.064575228353846], [-118.2386452313768, 34.064575228353846]]}, "properties": {"confidence": "high"}}, {"type": "Feature", "geometry": {"type": "LineString", "coordinates": [[-118.23720792692221, 34.064575228353846], [-118.23720792692221, 34.0645603449426], [-118.23719894376936, 34.0645603449426], [-118.23719894376936, 34.064575228353846], [-118.23720792692221, 34.064575228353846]]}, "properties": {"confidence": "high"}}, {"type": "Feature", "geometry": {"type": "LineString", "coordinates": [[-118.2450771688111, 34.064567786648546], [-118.2450771688111, 34.0645603449426], [-118.24505920250542, 34.0645603449426], [-118.24505920250542, 34.064567786648546], [-118.2450771688111, 34.064567786648546]]}, "properties": {"confidence": "high"}}, {"type": "Feature", "geometry": {"type": "LineString", "coordinates": [[-118.24209476206781, 34.064567786648546], [-118.24209476206781, 34.0645603449426], [-118.24208577891497, 34.0645603449426], [-118.24208577891497, 34.064567786648546], [-118.24209476206781, 34.064567786648546]]}, "properties": {"confidence": "high"}}, {"type": "Feature", "geometry": {"type": "LineString", "coordinates": [[-118.23907642271315, 34.064567786648546], [-118.23907642271315, 34.0645603449426], [-118.23904947325464, 34.0645603449426], [-118.23904947325464, 34.064567786648546], [-118.23907642271315, 34.064567786648546]]}, "properties": {"confidence": "high"}}, {"type": "Feature", "geometry": {"type": "LineString", "coordinates": [[-118.2401544010541, 34.064567786648546], [-118.2401544010541, 34.064552903236], [-118.24014541790126, 34.064552903236], [-118.24014541790126, 34.064567786648546], [-118.2401544010541, 34.064567786648546]]}, "properties": {"confidence": "high"}}, {"type": "Feature", "geometry": {"type": "LineString", "coordinates": [[-118.24508615196393, 34.0645603449426], [-118.24508615196393, 34.064552903236], [-118.2450771688111, 34.064552903236], [-118.2450771688111, 34.0645603449426], [-118.24508615196393, 34.0645603449426]]}, "properties": {"confidence": "high"}}, {"type": "Feature", "geometry": {"type": "LineString", "coordinates": [[-118.24210374522065, 34.0645603449426], [-118.24210374522065, 34.064552903236], [-118.24209476206781, 34.064552903236], [-118.24209476206781, 34.0645603449426], [-118.24210374522065, 34.0645603449426]]}, "properties": {"confidence": "high"}}, {"type": "Feature", "geometry": {"type": "LineString", "coordinates": [[-118.23904947325464, 34.0645603449426], [-118.23904947325464, 34.064552903236], [-118.23902252379611, 34.064552903236], [-118.23902252379611, 34.0645603449426], [-118.23904947325464, 34.0645603449426]]}, "properties": {"confidence": "high"}}, {"type": "Feature", "geometry": {"type": "LineString", "coordinates": [[-118.23721691007505, 34.0645603449426], [-118.23721691007505, 34.064545461528745], [-118.23720792692221, 34.064545461528745], [-118.23720792692221, 34.0645603449426], [-118.23721691007505, 34.0645603449426]]}, "properties": {"confidence": "high"}}, {"type": "Feature", "geometry": {"type": "LineString", "coordinates": [[-118.24509513511677, 34.064552903236], [-118.24509513511677, 34.064545461528745], [-118.24508615196393, 34.064545461528745], [-118.24508615196393, 34.064552903236], [-118.24509513511677, 34.064552903236]]}, "properties": {"confidence": "high"}}, {"type": "Feature", "geometry": {"type": "LineString", "coordinates": [[-118.23902252379611, 34.064552903236], [-118.23902252379611, 34.064545461528745], [-118.23900455749043, 34.064545461528745], [-118.23900455749043, 34.064552903236], [-118.23902252379611, 34.064552903236]]}, "properties": {"confidence": "high"}}, {"type": "Feature", "geometry": {"type": "LineString", "coordinates": [[-118.24445733126504, 34.0645603449426], [-118.24445733126504, 34.06453801982084], [-118.2444483481122, 34.06453801982084], [-118.2444483481122, 34.0645603449426], [-118.24445733126504, 34.0645603449426]]}, "properties": {"confidence": "high"}}, {"type": "Feature", "geometry": {"type": "LineString", "coordinates": [[-118.24105271633823, 34.0645603449426], [-118.24105271633823, 34.06453801982084], [-118.24104373318538, 34.06453801982084], [-118.24104373318538, 34.0645603449426], [-118.24105271633823, 34.0645603449426]]}, "properties": {"confidence": "high"}}, {"type": "Feature", "geometry": {"type": "LineString", "coordinates": [[-118.23865421452963, 34.0645603449426], [-118.23865421452963, 34.06453801982084], [-118.2386452313768, 34.06453801982084], [-118.2386452313768, 34.0645603449426], [-118.23865421452963, 34.0645603449426]]}, "properties": {"confidence": "high"}}, {"type": "Feature", "geometry": {"type": "LineString", "coordinates": [[-118.24211272837348, 34.064552903236], [-118.24211272837348, 34.06453801982084], [-118.24210374522065, 34.06453801982084], [-118.24210374522065, 34.064552903236], [-118.24211272837348, 34.064552903236]]}, "properties": {"confidence": "high"}}, {"type": "Feature", "geometry": {"type": "LineString", "coordinates": [[-118.24016338420694, 34.064552903236], [-118.24016338420694, 34.06453801982084], [-118.2401544010541, 34.06453801982084], [-118.2401544010541, 34.064552903236], [-118.24016338420694, 34.064552903236]]}, "properties": {"confidence": "high"}}, {"type": "Feature", "geometry": {"type": "LineString", "coordinates": [[-118.24510411826961, 34.064545461528745], [-118.24510411826961, 34.06453801982084], [-118.24509513511677, 34.06453801982084], [-118.24509513511677, 34.064545461528745], [-118.24510411826961, 34.064545461528745]]}, "properties": {"confidence": "high"}}, {"type": "Feature", "geometry": {"type": "LineString", "coordinates": [[-118.23900455749043, 34.064545461528745], [-118.23900455749043, 34.06453801982084], [-118.2389776080319, 34.06453801982084], [-118.2389776080319, 34.064545461528745], [-118.23900455749043, 34.064545461528745]]}, "properties": {"confidence": "high"}}, {"type": "Feature", "geometry": {"type": "LineString", "coordinates": [[-118.2451220845753, 34.06453801982084], [-118.2451220845753, 34.06453057811228], [-118.24510411826961, 34.06453057811228], [-118.24510411826961, 34.06453801982084], [-118.2451220845753, 34.06453801982084]]}, "properties": {"confidence": "high"}}, {"type": "Feature", "geometry": {"type": "LineString", "coordinates": [[-118.24212171152632, 34.06453801982084], [-118.24212171152632, 34.06453057811228], [-118.24211272837348, 34.06453057811228], [-118.24211272837348, 34.06453801982084], [-118.24212171152632, 34.06453801982084]]}, "properties": {"confidence": "high"}}, {"type": "Feature", "geometry": {"type": "LineString", "coordinates": [[-118.2389776080319, 34.06453801982084], [-118.2389776080319, 34.06453057811228], [-118.23895065857339, 34.06453057811228], [-118.23895065857339, 34.06453801982084], [-118.2389776080319, 34.06453801982084]]}, "properties": {"confidence": "high"}}, {"type": "Feature", "geometry": {"type": "LineString", "coordinates": [[-118.23722589322789, 34.064545461528745], [-118.23722589322789, 34.06452313640307], [-118.23721691007505, 34.06452313640307], [-118.23721691007505, 34.064545461528745], [-118.23722589322789, 34.064545461528745]]}, "properties": {"confidence": "high"}}, {"type": "Feature", "geometry": {"type": "LineString", "coordinates": [[-118.24106169949107, 34.06453801982084], [-118.24106169949107, 34.06452313640307], [-118.24105271633823, 34.06452313640307], [-118.24105271633823, 34.06453801982084], [-118.24106169949107, 34.06453801982084]]}, "properties": {"confidence": "high"}}, {"type": "Feature", "geometry": {"type": "LineString", "coordinates": [[-118.24513106772814, 34.06453057811228], [-118.24513106772814, 34.06452313640307], [-118.2451220845753, 34.06452313640307], [-118.2451220845753, 34.06453057811228], [-118.24513106772814, 34.06453057811228]]}, "properties": {"confidence": "high"}}, {"type": "Feature", "geometry": {"type": "LineString", "coordinates": [[-118.24213069467918, 34.06453057811228], [-118.24213069467918, 34.06452313640307], [-118.24212171152632, 34.06452313640307], [-118.24212171152632, 34.06453057811228], [-118.24213069467918, 34.06453057811228]]}, "properties": {"confidence": "high"}}, {"type": "Feature", "geometry": {"type": "LineString", "coordinates": [[-118.23895065857339, 34.06453057811228], [-118.23895065857339, 34.06452313640307], [-118.2389326922677, 34.06452313640307], [-118.2389326922677, 34.06453057811228], [-118.23895065857339, 34.06453057811228]]}, "properties": {"confidence": "high"}}, {"type": "Feature", "geometry": {"type": "LineString", "coordinates": [[-118.24446631441788, 34.06453801982084], [-118.24446631441788, 34.06451569469319], [-118.24445733126504, 34.06451569469319], [-118.24445733126504, 34.06453801982084], [-118.24446631441788, 34.06453801982084]]}, "properties": {"confidence": "high"}}, {"type": "Feature", "geometry": {"type": "LineString", "coordinates": [[-118.24017236735978, 34.06453801982084], [-118.24017236735978, 34.06451569469319], [-118.24016338420694, 34.06451569469319], [-118.24016338420694, 34.06453801982084], [-118.24017236735978, 34.06453801982084]]}, "properties": {"confidence": "high"}}, {"type": "Feature", "geometry": {"type": "LineString", "coordinates": [[-118.24514005088098, 34.06452313640307], [-118.24514005088098, 34.06451569469319], [-118.24513106772814, 34.06451569469319], [-118.24513106772814, 34.06452313640307], [-118.24514005088098, 34.06452313640307]]}, "properties": {"confidence": "high"}}, {"type": "Feature", "geometry": {"type": "LineString", "coordinates": [[-118.24213967783201, 34.06452313640307], [-118.24213967783201, 34.06451569469319], [-118.24213069467918, 34.06451569469319], [-118.24213069467918, 34.06452313640307], [-118.24213967783201, 34.06452313640307]]}, "properties": {"confidence": "high"}}, {"type": "Feature", "geometry": {"type": "LineString", "coordinates": [[-118.2389326922677, 34.06452313640307], [-118.2389326922677, 34.06451569469319], [-118.23891472596202, 34.06451569469319], [-118.23891472596202, 34.06452313640307], [-118.2389326922677, 34.06452313640307]]}, "properties": {"confidence": "high"}}, {"type": "Feature", "geometry": {"type": "LineString", "coordinates": [[-118.23723487638073, 34.06452313640307], [-118.23723487638073, 34.06450825298267], [-118.23722589322789, 34.06450825298267], [-118.23722589322789, 34.06452313640307], [-118.23723487638073, 34.06452313640307]]}, "properties": {"confidence": "high"}}, {"type": "Feature", "geometry": {"type": "LineString", "coordinates": [[-118.24514903403382, 34.06451569469319], [-118.24514903403382, 34.06450825298267], [-118.24514005088098, 34.06450825298267], [-118.24514005088098, 34.06451569469319], [-118.24514903403382, 34.06451569469319]]}, "properties": {"confidence": "high"}}, {"type": "Feature", "geometry": {"type": "LineString", "coordinates": [[-118.24214866098485, 34.06451569469319], [-118.24214866098485, 34.06450825298267], [-118.24213967783201, 34.06450825298267], [-118.24213967783201, 34.06451569469319], [-118.24214866098485, 34.06451569469319]]}, "properties": {"confidence": "high"}}, {"type": "Feature", "geometry": {"type": "LineString", "coordinates": [[-118.23891472596202, 34.06451569469319], [-118.23891472596202, 34.06450825298267], [-118.23888777650349, 34.06450825298267], [-118.23888777650349, 34.06451569469319], [-118.23891472596202, 34.06451569469319]]}, "properties": {"confidence": "high"}}, {"type": "Feature", "geometry": {"type": "LineString", "coordinates": [[-118.24107068264391, 34.06452313640307], [-118.24107068264391, 34.0645008112715], [-118.24106169949107, 34.0645008112715], [-118.24106169949107, 34.06452313640307], [-118.24107068264391, 34.06452313640307]]}, "properties": {"confidence": "high"}}, {"type": "Feature", "geometry": {"type": "LineString", "coordinates": [[-118.24447529757072, 34.06451569469319], [-118.24447529757072, 34.0645008112715], [-118.24446631441788, 34.0645008112715], [-118.24446631441788, 34.06451569469319], [-118.24447529757072, 34.06451569469319]]}, "properties": {"confidence": "high"}}, {"type": "Feature", "geometry": {"type": "LineString", "coordinates": [[-118.24515801718667, 34.06450825298267], [-118.24515801718667, 34.0645008112715], [-118.24514903403382, 34.0645008112715], [-118.24514903403382, 34.06450825298267], [-118.24515801718667, 34.06450825298267]]}, "properties": {"confidence": "high"}}, {"type": "Feature", "geometry": {"type": "LineString", "coordinates": [[-118.24215764413769, 34.06450825298267], [-118.24215764413769, 34.0645008112715], [-118.24214866098485, 34.0645008112715], [-118.24214866098485, 34.06450825298267], [-118.24215764413769, 34.06450825298267]]}, "properties": {"confidence": "high"}}, {"type": "Feature", "geometry": {"type": "LineString", "coordinates": [[-118.23888777650349, 34.06450825298267], [-118.23888777650349, 34.0645008112715], [-118.23886082704497, 34.0645008112715], [-118.23886082704497, 34.06450825298267], [-118.23888777650349, 34.06450825298267]]}, "properties": {"confidence": "high"}}, {"type": "Feature", "geometry": {"type": "LineString", "coordinates": [[-118.23866319768247, 34.06453801982084], [-118.23866319768247, 34.06449336955966], [-118.23865421452963, 34.06449336955966], [-118.23865421452963, 34.06453801982084], [-118.23866319768247, 34.06453801982084]]}, "properties": {"confidence": "high"}}, {"type": "Feature", "geometry": {"type": "LineString", "coordinates": [[-118.24018135051263, 34.06451569469319], [-118.24018135051263, 34.06449336955966], [-118.24017236735978, 34.06449336955966], [-118.24017236735978, 34.06451569469319], [-118.24018135051263, 34.06451569469319]]}, "properties": {"confidence": "high"}}, {"type": "Feature", "geometry": {"type": "LineString", "coordinates": [[-118.2451670003395, 34.0645008112715], [-118.2451670003395, 34.06449336955966], [-118.24515801718667, 34.06449336955966], [-118.24515801718667, 34.0645008112715], [-118.2451670003395, 34.0645008112715]]}, "properties": {"confidence": "high"}}, {"type": "Feature", "geometry": {"type": "LineString", "coordinates": [[-118.24216662729053, 34.0645008112715], [-118.24216662729053, 34.06449336955966], [-118.24215764413769, 34.06449336955966], [-118.24215764413769, 34.0645008112715], [-118.24216662729053, 34.0645008112715]]}, "properties": {"confidence": "high"}}, {"type": "Feature", "geometry": {"type": "LineString", "coordinates": [[-118.23886082704497, 34.0645008112715], [-118.23886082704497, 34.06449336955966], [-118.2388248944336, 34.06449336955966], [-118.2388248944336, 34.0645008112715], [-118.23886082704497, 34.0645008112715]]}, "properties": {"confidence": "high"}}, {"type": "Feature", "geometry": {"type": "LineString", "coordinates": [[-118.23724385953356, 34.06450825298267], [-118.23724385953356, 34.06448592784719], [-118.23723487638073, 34.06448592784719], [-118.23723487638073, 34.06450825298267], [-118.23724385953356, 34.06450825298267]]}, "properties": {"confidence": "high"}}, {"type": "Feature", "geometry": {"type": "LineString", "coordinates": [[-118.24107966579675, 34.0645008112715], [-118.24107966579675, 34.06448592784719], [-118.24107068264391, 34.06448592784719], [-118.24107068264391, 34.0645008112715], [-118.24107966579675, 34.0645008112715]]}, "properties": {"confidence": "high"}}, {"type": "Feature", "geometry": {"type": "LineString", "coordinates": [[-118.24517598349235, 34.06449336955966], [-118.24517598349235, 34.06448592784719], [-118.2451670003395, 34.06448592784719], [-118.2451670003395, 34.06449336955966], [-118.24517598349235, 34.06449336955966]]}, "properties": {"confidence": "high"}}, {"type": "Feature", "geometry": {"type": "LineString", "coordinates": [[-118.2388248944336, 34.06449336955966], [-118.2388248944336, 34.06448592784719], [-118.23879794497509, 34.06448592784719], [-118.23879794497509, 34.06449336955966], [-118.2388248944336, 34.06449336955966]]}, "properties": {"confidence": "high"}}, {"type": "Feature", "geometry": {"type": "LineString", "coordinates": [[-118.24448428072355, 34.0645008112715], [-118.24448428072355, 34.06447848613405], [-118.24447529757072, 34.06447848613405], [-118.24447529757072, 34.0645008112715], [-118.24448428072355, 34.0645008112715]]}, "properties": {"confidence": "high"}}, {"type": "Feature", "geometry": {"type": "LineString", "coordinates": [[-118.24217561044337, 34.06449336955966], [-118.24217561044337, 34.06447848613405], [-118.24216662729053, 34.06447848613405], [-118.24216662729053, 34.06449336955966], [-118.24217561044337, 34.06449336955966]]}, "properties": {"confidence": "high"}}, {"type": "Feature", "geometry": {"type": "LineString", "coordinates": [[-118.24019033366547, 34.06449336955966], [-118.24019033366547, 34.06447848613405], [-118.24018135051263, 34.06447848613405], [-118.24018135051263, 34.06449336955966], [-118.24019033366547, 34.06449336955966]]}, "properties": {"confidence": "high"}}, {"type": "Feature", "geometry": {"type": "LineString", "coordinates": [[-118.24518496664518, 34.06448592784719], [-118.24518496664518, 34.06447848613405], [-118.24517598349235, 34.06447848613405], [-118.24517598349235, 34.06448592784719], [-118.24518496664518, 34.06448592784719]]}, "properties": {"confidence": "high"}}, {"type": "Feature", "geometry": {"type": "LineString", "coordinates": [[-118.23879794497509, 34.06448592784719], [-118.23879794497509, 34.06447848613405], [-118.2387799786694, 34.06447848613405], [-118.2387799786694, 34.06448592784719], [-118.23879794497509, 34.06448592784719]]}, "properties": {"confidence": "high"}}, {"type": "Feature", "geometry": {"type": "LineString", "coordinates": [[-118.23867218083531, 34.06449336955966], [-118.23867218083531, 34.06447104442026], [-118.23866319768247, 34.06447104442026], [-118.23866319768247, 34.06449336955966], [-118.23867218083531, 34.06449336955966]]}, "properties": {"confidence": "high"}}, {"type": "Feature", "geometry": {"type": "LineString", "coordinates": [[-118.24219357674906, 34.06447848613405], [-118.24219357674906, 34.06447104442026], [-118.24217561044337, 34.06447104442026], [-118.24217561044337, 34.06447848613405], [-118.24219357674906, 34.06447848613405]]}, "properties": {"confidence": "high"}}, {"type": "Feature", "geometry": {"type": "LineString", "coordinates": [[-118.2387799786694, 34.06447848613405], [-118.2387799786694, 34.06447104442026], [-118.23876201236372, 34.06447104442026], [-118.23876201236372, 34.06447848613405], [-118.2387799786694, 34.06447848613405]]}, "properties": {"confidence": "high"}}, {"type": "Feature", "geometry": {"type": "LineString", "coordinates": [[-118.24108864894959, 34.06448592784719], [-118.24108864894959, 34.064463602705814], [-118.24107966579675, 34.064463602705814], [-118.24107966579675, 34.06448592784719], [-118.24108864894959, 34.06448592784719]]}, "properties": {"confidence": "high"}}, {"type": "Feature", "geometry": {"type": "LineString", "coordinates": [[-118.2372528426864, 34.06448592784719], [-118.2372528426864, 34.064463602705814], [-118.23724385953356, 34.064463602705814], [-118.23724385953356, 34.06448592784719], [-118.2372528426864, 34.06448592784719]]}, "properties": {"confidence": "high"}}, {"type": "Feature", "geometry": {"type": "LineString", "coordinates": [[-118.24449326387641, 34.06447848613405], [-118.24449326387641, 34.064463602705814], [-118.24448428072355, 34.064463602705814], [-118.24448428072355, 34.06447848613405], [-118.24449326387641, 34.06447848613405]]}, "properties": {"confidence": "high"}}, {"type": "Feature", "geometry": {"type": "LineString", "coordinates": [[-118.2401993168183, 34.06447848613405], [-118.2401993168183, 34.064463602705814], [-118.24019033366547, 34.064463602705814], [-118.24019033366547, 34.06447848613405], [-118.2401993168183, 34.06447848613405]]}, "properties": {"confidence": "high"}}, {"type": "Feature", "geometry": {"type": "LineString", "coordinates": [[-118.2422025599019, 34.06447104442026], [-118.2422025599019, 34.064463602705814], [-118.24219357674906, 34.064463602705814], [-118.24219357674906, 34.06447104442026], [-118.2422025599019, 34.06447104442026]]}, "properties": {"confidence": "high"}}, {"type": "Feature", "geometry": {"type": "LineString", "coordinates": [[-118.23876201236372, 34.06447104442026], [-118.23876201236372, 34.064463602705814], [-118.23875302921088, 34.064463602705814], [-118.23875302921088, 34.06447104442026], [-118.23876201236372, 34.06447104442026]]}, "properties": {"confidence": "high"}}, {"type": "Feature", "geometry": {"type": "LineString", "coordinates": [[-118.23868116398815, 34.06447104442026], [-118.23868116398815, 34.064463602705814], [-118.23867218083531, 34.064463602705814], [-118.23867218083531, 34.06447104442026], [-118.23868116398815, 34.06447104442026]]}, "properties": {"confidence": "high"}}, {"type": "Feature", "geometry": {"type": "LineString", "coordinates": [[-118.24519394979802, 34.06447848613405], [-118.24519394979802, 34.06445616099072], [-118.24518496664518, 34.06445616099072], [-118.24518496664518, 34.06447848613405], [-118.24519394979802, 34.06447848613405]]}, "properties": {"confidence": "high"}}, {"type": "Feature", "geometry": {"type": "LineString", "coordinates": [[-118.24221154305474, 34.064463602705814], [-118.24221154305474, 34.06445616099072], [-118.2422025599019, 34.06445616099072], [-118.2422025599019, 34.064463602705814], [-118.24221154305474, 34.064463602705814]]}, "properties": {"confidence": "high"}}, {"type": "Feature", "geometry": {"type": "LineString", "coordinates": [[-118.23875302921088, 34.064463602705814], [-118.23875302921088, 34.06445616099072], [-118.23874404605805, 34.06445616099072], [-118.23874404605805, 34.064463602705814], [-118.23875302921088, 34.064463602705814]]}, "properties": {"confidence": "high"}}, {"type": "Feature", "geometry": {"type": "LineString", "coordinates": [[-118.238690147141, 34.064463602705814], [-118.238690147141, 34.06445616099072], [-118.23868116398815, 34.06445616099072], [-118.23868116398815, 34.064463602705814], [-118.238690147141, 34.064463602705814]]}, "properties": {"confidence": "high"}}, {"type": "Feature", "geometry": {"type": "LineString", "coordinates": [[-118.24109763210242, 34.064463602705814], [-118.24109763210242, 34.06444871927497], [-118.24108864894959, 34.06444871927497], [-118.24108864894959, 34.064463602705814], [-118.24109763210242, 34.064463602705814]]}, "properties": {"confidence": "high"}}, {"type": "Feature", "geometry": {"type": "LineString", "coordinates": [[-118.23726182583925, 34.064463602705814], [-118.23726182583925, 34.06444871927497], [-118.2372528426864, 34.06444871927497], [-118.2372528426864, 34.064463602705814], [-118.23726182583925, 34.064463602705814]]}, "properties": {"confidence": "high"}}, {"type": "Feature", "geometry": {"type": "LineString", "coordinates": [[-118.24222052620757, 34.06445616099072], [-118.24222052620757, 34.06444871927497], [-118.24221154305474, 34.06444871927497], [-118.24221154305474, 34.06445616099072], [-118.24222052620757, 34.06445616099072]]}, "properties": {"confidence": "high"}}, {"type": "Feature", "geometry": {"type": "LineString", "coordinates": [[-118.23874404605805, 34.06445616099072], [-118.23874404605805, 34.06444871927497], [-118.23873506290519, 34.06444871927497], [-118.23873506290519, 34.06445616099072], [-118.23874404605805, 34.06445616099072]]}, "properties": {"confidence": "high"}}, {"type": "Feature", "geometry": {"type": "LineString", "coordinates": [[-118.24450224702925, 34.064463602705814], [-118.24450224702925, 34.064441277558565], [-118.24449326387641, 34.064441277558565], [-118.24449326387641, 34.064463602705814], [-118.24450224702925, 34.064463602705814]]}, "properties": {"confidence": "high"}}, {"type": "Feature", "geometry": {"type": "LineString", "coordinates": [[-118.24020829997114, 34.064463602705814], [-118.24020829997114, 34.064441277558565], [-118.2401993168183, 34.064441277558565], [-118.2401993168183, 34.064463602705814], [-118.24020829997114, 34.064463602705814]]}, "properties": {"confidence": "high"}}, {"type": "Feature", "geometry": {"type": "LineString", "coordinates": [[-118.24223849251327, 34.06444871927497], [-118.24223849251327, 34.064441277558565], [-118.24222052620757, 34.064441277558565], [-118.24222052620757, 34.06444871927497], [-118.24223849251327, 34.06444871927497]]}, "properties": {"confidence": "high"}}, {"type": "Feature", "geometry": {"type": "LineString", "coordinates": [[-118.24520293295086, 34.06445616099072], [-118.24520293295086, 34.064433835841506], [-118.24519394979802, 34.064433835841506], [-118.24519394979802, 34.06445616099072], [-118.24520293295086, 34.06445616099072]]}, "properties": {"confidence": "high"}}, {"type": "Feature", "geometry": {"type": "LineString", "coordinates": [[-118.24110661525528, 34.06444871927497], [-118.24110661525528, 34.064433835841506], [-118.24109763210242, 34.064433835841506], [-118.24109763210242, 34.06444871927497], [-118.24110661525528, 34.06444871927497]]}, "properties": {"confidence": "high"}}, {"type": "Feature", "geometry": {"type": "LineString", "coordinates": [[-118.23869913029384, 34.06445616099072], [-118.23869913029384, 34.06444871927497], [-118.23873506290519, 34.06444871927497], [-118.23873506290519, 34.064441277558565], [-118.23869913029384, 34.064441277558565], [-118.23869913029384, 34.064433835841506], [-118.238690147141, 34.064433835841506], [-118.238690147141, 34.06445616099072], [-118.23869913029384, 34.06445616099072]]}, "properties": {"confidence": "high"}}, {"type": "Feature", "geometry": {"type": "LineString", "coordinates": [[-118.2422474756661, 34.064441277558565], [-118.2422474756661, 34.064433835841506], [-118.24223849251327, 34.064433835841506], [-118.24223849251327, 34.064441277558565], [-118.2422474756661, 34.064441277558565]]}, "properties": {"confidence": "high"}}, {"type": "Feature", "geometry": {"type": "LineString", "coordinates": [[-118.2372708089921, 34.06444871927497], [-118.2372708089921, 34.06442639412379], [-118.23726182583925, 34.06442639412379], [-118.23726182583925, 34.06444871927497], [-118.2372708089921, 34.06444871927497]]}, "properties": {"confidence": "high"}}, {"type": "Feature", "geometry": {"type": "LineString", "coordinates": [[-118.24021728312398, 34.064441277558565], [-118.24021728312398, 34.06442639412379], [-118.24020829997114, 34.06442639412379], [-118.24020829997114, 34.064441277558565], [-118.24021728312398, 34.064441277558565]]}, "properties": {"confidence": "high"}}, {"type": "Feature", "geometry": {"type": "LineString", "coordinates": [[-118.23874404605805, 34.064441277558565], [-118.23874404605805, 34.06442639412379], [-118.23873506290519, 34.06442639412379], [-118.23873506290519, 34.064441277558565], [-118.23874404605805, 34.064441277558565]]}, "properties": {"confidence": "high"}}, {"type": "Feature", "geometry": {"type": "LineString", "coordinates": [[-118.24226544197178, 34.064433835841506], [-118.24226544197178, 34.06442639412379], [-118.2422474756661, 34.06442639412379], [-118.2422474756661, 34.064433835841506], [-118.24226544197178, 34.064433835841506]]}, "properties": {"confidence": "high"}}, {"type": "Feature", "geometry": {"type": "LineString", "coordinates": [[-118.238690147141, 34.064433835841506], [-118.238690147141, 34.06442639412379], [-118.23868116398815, 34.06442639412379], [-118.23868116398815, 34.064433835841506], [-118.238690147141, 34.064433835841506]]}, "properties": {"confidence": "high"}}, {"type": "Feature", "geometry": {"type": "LineString", "coordinates": [[-118.24111559840811, 34.064433835841506], [-118.24111559840811, 34.064418952405426], [-118.24110661525528, 34.064418952405426], [-118.24110661525528, 34.064433835841506], [-118.24111559840811, 34.064433835841506]]}, "properties": {"confidence": "high"}}, {"type": "Feature", "geometry": {"type": "LineString", "coordinates": [[-118.24227442512462, 34.06442639412379], [-118.24227442512462, 34.064418952405426], [-118.24226544197178, 34.064418952405426], [-118.24226544197178, 34.06442639412379], [-118.24227442512462, 34.06442639412379]]}, "properties": {"confidence": "high"}}, {"type": "Feature", "geometry": {"type": "LineString", "coordinates": [[-118.23868116398815, 34.06442639412379], [-118.23868116398815, 34.064418952405426], [-118.23867218083531, 34.064418952405426], [-118.23867218083531, 34.06442639412379], [-118.23868116398815, 34.06442639412379]]}, "properties": {"confidence": "high"}}, {"type": "Feature", "geometry": {"type": "LineString", "coordinates": [[-118.24451123018208, 34.064441277558565], [-118.24451123018208, 34.06441151068641], [-118.24450224702925, 34.06441151068641], [-118.24450224702925, 34.064441277558565], [-118.24451123018208, 34.064441277558565]]}, "properties": {"confidence": "high"}}, {"type": "Feature", "geometry": {"type": "LineString", "coordinates": [[-118.24521191610371, 34.064433835841506], [-118.24521191610371, 34.06441151068641], [-118.24520293295086, 34.06441151068641], [-118.24520293295086, 34.064433835841506], [-118.24521191610371, 34.064433835841506]]}, "properties": {"confidence": "high"}}, {"type": "Feature", "geometry": {"type": "LineString", "coordinates": [[-118.24022626627684, 34.06442639412379], [-118.24022626627684, 34.06441151068641], [-118.24021728312398, 34.06441151068641], [-118.24021728312398, 34.06442639412379], [-118.24022626627684, 34.06442639412379]]}, "properties": {"confidence": "high"}}, {"type": "Feature", "geometry": {"type": "LineString", "coordinates": [[-118.23875302921088, 34.06442639412379], [-118.23875302921088, 34.06441151068641], [-118.23874404605805, 34.06441151068641], [-118.23874404605805, 34.06442639412379], [-118.23875302921088, 34.06442639412379]]}, "properties": {"confidence": "high"}}, {"type": "Feature", "geometry": {"type": "LineString", "coordinates": [[-118.23727979214493, 34.06442639412379], [-118.23727979214493, 34.06441151068641], [-118.2372708089921, 34.06441151068641], [-118.2372708089921, 34.06442639412379], [-118.23727979214493, 34.06442639412379]]}, "properties": {"confidence": "high"}}, {"type": "Feature", "geometry": {"type": "LineString", "coordinates": [[-118.24229239143031, 34.064418952405426], [-118.24229239143031, 34.06441151068641], [-118.24227442512462, 34.06441151068641], [-118.24227442512462, 34.064418952405426], [-118.24229239143031, 34.064418952405426]]}, "properties": {"confidence": "high"}}, {"type": "Feature", "geometry": {"type": "LineString", "coordinates": [[-118.23867218083531, 34.064418952405426], [-118.23867218083531, 34.06441151068641], [-118.23866319768247, 34.06441151068641], [-118.23866319768247, 34.064418952405426], [-118.23867218083531, 34.064418952405426]]}, "properties": {"confidence": "high"}}, {"type": "Feature", "geometry": {"type": "LineString", "coordinates": [[-118.24112458156095, 34.064418952405426], [-118.24112458156095, 34.06440406896674], [-118.24111559840811, 34.06440406896674], [-118.24111559840811, 34.064418952405426], [-118.24112458156095, 34.064418952405426]]}, "properties": {"confidence": "high"}}, {"type": "Feature", "geometry": {"type": "LineString", "coordinates": [[-118.24522089925655, 34.06441151068641], [-118.24522089925655, 34.06440406896674], [-118.24521191610371, 34.06440406896674], [-118.24521191610371, 34.06441151068641], [-118.24522089925655, 34.06441151068641]]}, "properties": {"confidence": "high"}}, {"type": "Feature", "geometry": {"type": "LineString", "coordinates": [[-118.24231035773599, 34.06441151068641], [-118.24231035773599, 34.06440406896674], [-118.24229239143031, 34.06440406896674], [-118.24229239143031, 34.06441151068641], [-118.24231035773599, 34.06441151068641]]}, "properties": {"confidence": "high"}}, {"type": "Feature", "geometry": {"type": "LineString", "coordinates": [[-118.23866319768247, 34.06441151068641], [-118.23866319768247, 34.06440406896674], [-118.2386452313768, 34.06440406896674], [-118.2386452313768, 34.06441151068641], [-118.23866319768247, 34.06441151068641]]}, "properties": {"confidence": "high"}}, {"type": "Feature", "geometry": {"type": "LineString", "coordinates": [[-118.24231934088883, 34.06440406896674], [-118.24231934088883, 34.06439662724642], [-118.24231035773599, 34.06439662724642], [-118.24231035773599, 34.06440406896674], [-118.24231934088883, 34.06440406896674]]}, "properties": {"confidence": "high"}}, {"type": "Feature", "geometry": {"type": "LineString", "coordinates": [[-118.2386452313768, 34.06440406896674], [-118.2386452313768, 34.06439662724642], [-118.23861828191826, 34.06439662724642], [-118.23861828191826, 34.06440406896674], [-118.2386452313768, 34.06440406896674]]}, "properties": {"confidence": "high"}}, {"type": "Feature", "geometry": {"type": "LineString", "coordinates": [[-118.24452021333492, 34.06441151068641], [-118.24452021333492, 34.064389185525435], [-118.24451123018208, 34.064389185525435], [-118.24451123018208, 34.06441151068641], [-118.24452021333492, 34.06441151068641]]}, "properties": {"confidence": "high"}}, {"type": "Feature", "geometry": {"type": "LineString", "coordinates": [[-118.24023524942967, 34.06441151068641], [-118.24023524942967, 34.064389185525435], [-118.24022626627684, 34.064389185525435], [-118.24022626627684, 34.06441151068641], [-118.24023524942967, 34.06441151068641]]}, "properties": {"confidence": "high"}}, {"type": "Feature", "geometry": {"type": "LineString", "coordinates": [[-118.23876201236372, 34.06441151068641], [-118.23876201236372, 34.064389185525435], [-118.23875302921088, 34.064389185525435], [-118.23875302921088, 34.06441151068641], [-118.23876201236372, 34.06441151068641]]}, "properties": {"confidence": "high"}}, {"type": "Feature", "geometry": {"type": "LineString", "coordinates": [[-118.23728877529777, 34.06441151068641], [-118.23728877529777, 34.064389185525435], [-118.23727979214493, 34.064389185525435], [-118.23727979214493, 34.06441151068641], [-118.23728877529777, 34.06441151068641]]}, "properties": {"confidence": "high"}}, {"type": "Feature", "geometry": {"type": "LineString", "coordinates": [[-118.24113356471379, 34.06440406896674], [-118.24113356471379, 34.064389185525435], [-118.24112458156095, 34.064389185525435], [-118.24112458156095, 34.06440406896674], [-118.24113356471379, 34.06440406896674]]}, "properties": {"confidence": "high"}}, {"type": "Feature", "geometry": {"type": "LineString", "coordinates": [[-118.24233730719452, 34.06439662724642], [-118.24233730719452, 34.064389185525435], [-118.24231934088883, 34.064389185525435], [-118.24231934088883, 34.06439662724642], [-118.24233730719452, 34.06439662724642]]}, "properties": {"confidence": "high"}}, {"type": "Feature", "geometry": {"type": "LineString", "coordinates": [[-118.23861828191826, 34.06439662724642], [-118.23861828191826, 34.064389185525435], [-118.23856438300122, 34.064389185525435], [-118.23856438300122, 34.06439662724642], [-118.23861828191826, 34.06439662724642]]}, "properties": {"confidence": "high"}}, {"type": "Feature", "geometry": {"type": "LineString", "coordinates": [[-118.2423552735002, 34.064389185525435], [-118.2423552735002, 34.0643817438038], [-118.24233730719452, 34.0643817438038], [-118.24233730719452, 34.064389185525435], [-118.2423552735002, 34.064389185525435]]}, "properties": {"confidence": "high"}}, {"type": "Feature", "geometry": {"type": "LineString", "coordinates": [[-118.23856438300122, 34.064389185525435], [-118.23856438300122, 34.0643817438038], [-118.23854641669554, 34.0643817438038], [-118.23854641669554, 34.064389185525435], [-118.23856438300122, 34.064389185525435]]}, "properties": {"confidence": "high"}}, {"type": "Feature", "geometry": {"type": "LineString", "coordinates": [[-118.24114254786663, 34.064389185525435], [-118.24114254786663, 34.06437430208152], [-118.24113356471379, 34.06437430208152], [-118.24113356471379, 34.064389185525435], [-118.24114254786663, 34.064389185525435]]}, "properties": {"confidence": "high"}}, {"type": "Feature", "geometry": {"type": "LineString", "coordinates": [[-118.23729775845061, 34.064389185525435], [-118.23729775845061, 34.06437430208152], [-118.23728877529777, 34.06437430208152], [-118.23728877529777, 34.064389185525435], [-118.23729775845061, 34.064389185525435]]}, "properties": {"confidence": "high"}}, {"type": "Feature", "geometry": {"type": "LineString", "coordinates": [[-118.24237323980587, 34.0643817438038], [-118.24237323980587, 34.06437430208152], [-118.2423552735002, 34.06437430208152], [-118.2423552735002, 34.0643817438038], [-118.24237323980587, 34.0643817438038]]}, "properties": {"confidence": "high"}}, {"type": "Feature", "geometry": {"type": "LineString", "coordinates": [[-118.23854641669554, 34.0643817438038], [-118.23854641669554, 34.06437430208152], [-118.23851946723701, 34.06437430208152], [-118.23851946723701, 34.0643817438038], [-118.23854641669554, 34.0643817438038]]}, "properties": {"confidence": "high"}}, {"type": "Feature", "geometry": {"type": "LineString", "coordinates": [[-118.24452919648776, 34.064389185525435], [-118.24452919648776, 34.064366860358575], [-118.24452021333492, 34.064366860358575], [-118.24452021333492, 34.064389185525435], [-118.24452919648776, 34.064389185525435]]}, "properties": {"confidence": "high"}}, {"type": "Feature", "geometry": {"type": "LineString", "coordinates": [[-118.24024423258251, 34.064389185525435], [-118.24024423258251, 34.064366860358575], [-118.24023524942967, 34.064366860358575], [-118.24023524942967, 34.064389185525435], [-118.24024423258251, 34.064389185525435]]}, "properties": {"confidence": "high"}}, {"type": "Feature", "geometry": {"type": "LineString", "coordinates": [[-118.24239120611156, 34.06437430208152], [-118.24239120611156, 34.064366860358575], [-118.24237323980587, 34.064366860358575], [-118.24237323980587, 34.06437430208152], [-118.24239120611156, 34.06437430208152]]}, "properties": {"confidence": "high"}}, {"type": "Feature", "geometry": {"type": "LineString", "coordinates": [[-118.23851946723701, 34.06437430208152], [-118.23851946723701, 34.064366860358575], [-118.23850150093133, 34.064366860358575], [-118.23850150093133, 34.06437430208152], [-118.23851946723701, 34.06437430208152]]}, "properties": {"confidence": "high"}}, {"type": "Feature", "geometry": {"type": "LineString", "coordinates": [[-118.24115153101948, 34.06437430208152], [-118.24115153101948, 34.064359418634986], [-118.24114254786663, 34.064359418634986], [-118.24114254786663, 34.06437430208152], [-118.24115153101948, 34.06437430208152]]}, "properties": {"confidence": "high"}}, {"type": "Feature", "geometry": {"type": "LineString", "coordinates": [[-118.24240917241724, 34.064366860358575], [-118.24240917241724, 34.064359418634986], [-118.24239120611156, 34.064359418634986], [-118.24239120611156, 34.064366860358575], [-118.24240917241724, 34.064366860358575]]}, "properties": {"confidence": "high"}}, {"type": "Feature", "geometry": {"type": "LineString", "coordinates": [[-118.23850150093133, 34.064366860358575], [-118.23850150093133, 34.064359418634986], [-118.2384745514728, 34.064359418634986], [-118.2384745514728, 34.064366860358575], [-118.23850150093133, 34.064366860358575]]}, "properties": {"confidence": "high"}}, {"type": "Feature", "geometry": {"type": "LineString", "coordinates": [[-118.23730674160346, 34.06437430208152], [-118.23730674160346, 34.064351976910736], [-118.23729775845061, 34.064351976910736], [-118.23729775845061, 34.06437430208152], [-118.23730674160346, 34.06437430208152]]}, "properties": {"confidence": "high"}}, {"type": "Feature", "geometry": {"type": "LineString", "coordinates": [[-118.24242713872292, 34.064359418634986], [-118.24242713872292, 34.064351976910736], [-118.24240917241724, 34.064351976910736], [-118.24240917241724, 34.064359418634986], [-118.24242713872292, 34.064359418634986]]}, "properties": {"confidence": "high"}}, {"type": "Feature", "geometry": {"type": "LineString", "coordinates": [[-118.2384745514728, 34.064359418634986], [-118.2384745514728, 34.064351976910736], [-118.23844760201429, 34.064351976910736], [-118.23844760201429, 34.064359418634986], [-118.2384745514728, 34.064359418634986]]}, "properties": {"confidence": "high"}}, {"type": "Feature", "geometry": {"type": "LineString", "coordinates": [[-118.23877099551656, 34.064389185525435], [-118.23877099551656, 34.06434453518584], [-118.23876201236372, 34.06434453518584], [-118.23876201236372, 34.064389185525435], [-118.23877099551656, 34.064389185525435]]}, "properties": {"confidence": "high"}}, {"type": "Feature", "geometry": {"type": "LineString", "coordinates": [[-118.24453817964061, 34.064366860358575], [-118.24453817964061, 34.06434453518584], [-118.24452919648776, 34.06434453518584], [-118.24452919648776, 34.064366860358575], [-118.24453817964061, 34.064366860358575]]}, "properties": {"confidence": "high"}}, {"type": "Feature", "geometry": {"type": "LineString", "coordinates": [[-118.24025321573535, 34.064366860358575], [-118.24025321573535, 34.06434453518584], [-118.24024423258251, 34.06434453518584], [-118.24024423258251, 34.064366860358575], [-118.24025321573535, 34.064366860358575]]}, "properties": {"confidence": "high"}}, {"type": "Feature", "geometry": {"type": "LineString", "coordinates": [[-118.24245408818145, 34.064351976910736], [-118.24245408818145, 34.06434453518584], [-118.24242713872292, 34.06434453518584], [-118.24242713872292, 34.064351976910736], [-118.24245408818145, 34.064351976910736]]}, "properties": {"confidence": "high"}}, {"type": "Feature", "geometry": {"type": "LineString", "coordinates": [[-118.23844760201429, 34.064351976910736], [-118.23844760201429, 34.06434453518584], [-118.23842065255576, 34.06434453518584], [-118.23842065255576, 34.064351976910736], [-118.23844760201429, 34.064351976910736]]}, "properties": {"confidence": "high"}}, {"type": "Feature", "geometry": {"type": "LineString", "coordinates": [[-118.24116051417232, 34.064359418634986], [-118.24116051417232, 34.06433709346029], [-118.24115153101948, 34.06433709346029], [-118.24115153101948, 34.064359418634986], [-118.24116051417232, 34.064359418634986]]}, "properties": {"confidence": "high"}}, {"type": "Feature", "geometry": {"type": "LineString", "coordinates": [[-118.2373157247563, 34.064351976910736], [-118.2373157247563, 34.06433709346029], [-118.23730674160346, 34.06433709346029], [-118.23730674160346, 34.064351976910736], [-118.2373157247563, 34.064351976910736]]}, "properties": {"confidence": "high"}}, {"type": "Feature", "geometry": {"type": "LineString", "coordinates": [[-118.24248103763996, 34.06434453518584], [-118.24248103763996, 34.06433709346029], [-118.24245408818145, 34.06433709346029], [-118.24245408818145, 34.06434453518584], [-118.24248103763996, 34.06434453518584]]}, "properties": {"confidence": "high"}}, {"type": "Feature", "geometry": {"type": "LineString", "coordinates": [[-118.23842065255576, 34.06434453518584], [-118.23842065255576, 34.06433709346029], [-118.23840268625008, 34.06433709346029], [-118.23840268625008, 34.06434453518584], [-118.23842065255576, 34.06434453518584]]}, "properties": {"confidence": "high"}}, {"type": "Feature", "geometry": {"type": "LineString", "coordinates": [[-118.24454716279345, 34.06434453518584], [-118.24454716279345, 34.06432965173408], [-118.24453817964061, 34.06432965173408], [-118.24453817964061, 34.06434453518584], [-118.24454716279345, 34.06434453518584]]}, "properties": {"confidence": "high"}}, {"type": "Feature", "geometry": {"type": "LineString", "coordinates": [[-118.24026219888819, 34.06434453518584], [-118.24026219888819, 34.06432965173408], [-118.24025321573535, 34.06432965173408], [-118.24025321573535, 34.06434453518584], [-118.24026219888819, 34.06434453518584]]}, "properties": {"confidence": "high"}}, {"type": "Feature", "geometry": {"type": "LineString", "coordinates": [[-118.24250798709849, 34.06433709346029], [-118.24250798709849, 34.06432965173408], [-118.24248103763996, 34.06432965173408], [-118.24248103763996, 34.06433709346029], [-118.24250798709849, 34.06433709346029]]}, "properties": {"confidence": "high"}}, {"type": "Feature", "geometry": {"type": "LineString", "coordinates": [[-118.23840268625008, 34.06433709346029], [-118.23840268625008, 34.06432965173408], [-118.2383847199444, 34.06432965173408], [-118.2383847199444, 34.06433709346029], [-118.23840268625008, 34.06433709346029]]}, "properties": {"confidence": "high"}}, {"type": "Feature", "geometry": {"type": "LineString", "coordinates": [[-118.24116949732516, 34.06433709346029], [-118.24116949732516, 34.06432221000722], [-118.24116051417232, 34.06432221000722], [-118.24116051417232, 34.06433709346029], [-118.24116949732516, 34.06433709346029]]}, "properties": {"confidence": "high"}}, {"type": "Feature", "geometry": {"type": "LineString", "coordinates": [[-118.24254391970986, 34.06432965173408], [-118.24254391970986, 34.06432221000722], [-118.24250798709849, 34.06432221000722], [-118.24250798709849, 34.06432965173408], [-118.24254391970986, 34.06432965173408]]}, "properties": {"confidence": "high"}}, {"type": "Feature", "geometry": {"type": "LineString", "coordinates": [[-118.2383847199444, 34.06432965173408], [-118.2383847199444, 34.06432221000722], [-118.23837573679155, 34.06432221000722], [-118.23837573679155, 34.06432965173408], [-118.2383847199444, 34.06432965173408]]}, "properties": {"confidence": "high"}}, {"type": "Feature", "geometry": {"type": "LineString", "coordinates": [[-118.2387799786694, 34.06434453518584], [-118.2387799786694, 34.0643147682797], [-118.23877099551656, 34.0643147682797], [-118.23877099551656, 34.06434453518584], [-118.2387799786694, 34.06434453518584]]}, "properties": {"confidence": "high"}}, {"type": "Feature", "geometry": {"type": "LineString", "coordinates": [[-118.24027118204103, 34.06432965173408], [-118.24027118204103, 34.0643147682797], [-118.24026219888819, 34.0643147682797], [-118.24026219888819, 34.06432965173408], [-118.24027118204103, 34.06432965173408]]}, "properties": {"confidence": "high"}}, {"type": "Feature", "geometry": {"type": "LineString", "coordinates": [[-118.24258883547408, 34.06432221000722], [-118.24258883547408, 34.0643147682797], [-118.24254391970986, 34.0643147682797], [-118.24254391970986, 34.06432221000722], [-118.24258883547408, 34.06432221000722]]}, "properties": {"confidence": "high"}}, {"type": "Feature", "geometry": {"type": "LineString", "coordinates": [[-118.23837573679155, 34.06432221000722], [-118.23837573679155, 34.0643147682797], [-118.23836675363872, 34.0643147682797], [-118.23836675363872, 34.06432221000722], [-118.23837573679155, 34.06432221000722]]}, "properties": {"confidence": "high"}}, {"type": "Feature", "geometry": {"type": "LineString", "coordinates": [[-118.23732470790914, 34.06433709346029], [-118.23732470790914, 34.064307326551535], [-118.2373157247563, 34.064307326551535], [-118.2373157247563, 34.06433709346029], [-118.23732470790914, 34.06433709346029]]}, "properties": {"confidence": "high"}}, {"type": "Feature", "geometry": {"type": "LineString", "coordinates": [[-118.24455614594629, 34.06432965173408], [-118.24455614594629, 34.064307326551535], [-118.24454716279345, 34.064307326551535], [-118.24454716279345, 34.06432965173408], [-118.24455614594629, 34.06432965173408]]}, "properties": {"confidence": "high"}}, {"type": "Feature", "geometry": {"type": "LineString", "coordinates": [[-118.241178480478, 34.06432221000722], [-118.241178480478, 34.064307326551535], [-118.24116949732516, 34.064307326551535], [-118.24116949732516, 34.06432221000722], [-118.241178480478, 34.06432221000722]]}, "properties": {"confidence": "high"}}, {"type": "Feature", "geometry": {"type": "LineString", "coordinates": [[-118.24261578493261, 34.0643147682797], [-118.24261578493261, 34.064307326551535], [-118.24258883547408, 34.064307326551535], [-118.24258883547408, 34.0643147682797], [-118.24261578493261, 34.0643147682797]]}, "properties": {"confidence": "high"}}, {"type": "Feature", "geometry": {"type": "LineString", "coordinates": [[-118.23836675363872, 34.0643147682797], [-118.23836675363872, 34.064307326551535], [-118.23834878733304, 34.064307326551535], [-118.23834878733304, 34.0643147682797], [-118.23836675363872, 34.0643147682797]]}, "properties": {"confidence": "high"}}, {"type": "Feature", "geometry": {"type": "LineString", "coordinates": [[-118.24028016519388, 34.0643147682797], [-118.24028016519388, 34.06429988482272], [-118.24027118204103, 34.06429988482272], [-118.24027118204103, 34.0643147682797], [-118.24028016519388, 34.0643147682797]]}, "properties": {"confidence": "high"}}, {"type": "Feature", "geometry": {"type": "LineString", "coordinates": [[-118.23878896182224, 34.0643147682797], [-118.23878896182224, 34.06429988482272], [-118.2387799786694, 34.06429988482272], [-118.2387799786694, 34.0643147682797], [-118.23878896182224, 34.0643147682797]]}, "properties": {"confidence": "high"}}, {"type": "Feature", "geometry": {"type": "LineString", "coordinates": [[-118.2426786670025, 34.064307326551535], [-118.2426786670025, 34.06429988482272], [-118.24261578493261, 34.06429988482272], [-118.24261578493261, 34.064307326551535], [-118.2426786670025, 34.064307326551535]]}, "properties": {"confidence": "high"}}, {"type": "Feature", "geometry": {"type": "LineString", "coordinates": [[-118.24456512909913, 34.064307326551535], [-118.24456512909913, 34.064292443093244], [-118.24455614594629, 34.064292443093244], [-118.24455614594629, 34.064307326551535], [-118.24456512909913, 34.064307326551535]]}, "properties": {"confidence": "high"}}, {"type": "Feature", "geometry": {"type": "LineString", "coordinates": [[-118.24118746363084, 34.064307326551535], [-118.24118746363084, 34.064292443093244], [-118.241178480478, 34.064292443093244], [-118.241178480478, 34.064307326551535], [-118.24118746363084, 34.064307326551535]]}, "properties": {"confidence": "high"}}, {"type": "Feature", "geometry": {"type": "LineString", "coordinates": [[-118.23834878733304, 34.064307326551535], [-118.23834878733304, 34.064292443093244], [-118.23833082102735, 34.064292443093244], [-118.23833082102735, 34.06429988482272], [-118.2383398041802, 34.06429988482272], [-118.2383398041802, 34.064307326551535], [-118.23834878733304, 34.064307326551535]]}, "properties": {"confidence": "high"}}, {"type": "Feature", "geometry": {"type": "LineString", "coordinates": [[-118.23733369106198, 34.064307326551535], [-118.23733369106198, 34.064292443093244], [-118.23732470790914, 34.064292443093244], [-118.23732470790914, 34.064307326551535], [-118.23733369106198, 34.064307326551535]]}, "properties": {"confidence": "high"}}, {"type": "Feature", "geometry": {"type": "LineString", "coordinates": [[-118.24273256591954, 34.06429988482272], [-118.24273256591954, 34.064292443093244], [-118.2426786670025, 34.064292443093244], [-118.2426786670025, 34.06429988482272], [-118.24273256591954, 34.06429988482272]]}, "properties": {"confidence": "high"}}, {"type": "Feature", "geometry": {"type": "LineString", "coordinates": [[-118.23879794497509, 34.06429988482272], [-118.23879794497509, 34.064292443093244], [-118.23878896182224, 34.064292443093244], [-118.23878896182224, 34.06429988482272], [-118.23879794497509, 34.06429988482272]]}, "properties": {"confidence": "high"}}, {"type": "Feature", "geometry": {"type": "LineString", "coordinates": [[-118.24028914834672, 34.06429988482272], [-118.24028914834672, 34.06428500136311], [-118.24028016519388, 34.06428500136311], [-118.24028016519388, 34.06429988482272], [-118.24028914834672, 34.06429988482272]]}, "properties": {"confidence": "high"}}, {"type": "Feature", "geometry": {"type": "LineString", "coordinates": [[-118.24277748168375, 34.064292443093244], [-118.24277748168375, 34.06428500136311], [-118.24273256591954, 34.06428500136311], [-118.24273256591954, 34.064292443093244], [-118.24277748168375, 34.064292443093244]]}, "properties": {"confidence": "high"}}, {"type": "Feature", "geometry": {"type": "LineString", "coordinates": [[-118.23833082102735, 34.064292443093244], [-118.23833082102735, 34.06428500136311], [-118.2382769221103, 34.06428500136311], [-118.2382769221103, 34.064292443093244], [-118.23833082102735, 34.064292443093244]]}, "properties": {"confidence": "high"}}, {"type": "Feature", "geometry": {"type": "LineString", "coordinates": [[-118.23880692812793, 34.064292443093244], [-118.23880692812793, 34.06427755963233], [-118.23879794497509, 34.06427755963233], [-118.23879794497509, 34.064292443093244], [-118.23880692812793, 34.064292443093244]]}, "properties": {"confidence": "high"}}, {"type": "Feature", "geometry": {"type": "LineString", "coordinates": [[-118.23835777048588, 34.064292443093244], [-118.23835777048588, 34.06427755963233], [-118.23834878733304, 34.06427755963233], [-118.23834878733304, 34.064292443093244], [-118.23835777048588, 34.064292443093244]]}, "properties": {"confidence": "high"}}, {"type": "Feature", "geometry": {"type": "LineString", "coordinates": [[-118.24282239744795, 34.06428500136311], [-118.24282239744795, 34.06427755963233], [-118.24277748168375, 34.06427755963233], [-118.24277748168375, 34.06428500136311], [-118.24282239744795, 34.06428500136311]]}, "properties": {"confidence": "high"}}, {"type": "Feature", "geometry": {"type": "LineString", "coordinates": [[-118.2382769221103, 34.06428500136311], [-118.2382769221103, 34.06427755963233], [-118.23823200634611, 34.06427755963233], [-118.23823200634611, 34.06428500136311], [-118.2382769221103, 34.06428500136311]]}, "properties": {"confidence": "high"}}, {"type": "Feature", "geometry": {"type": "LineString", "coordinates": [[-118.24457411225197, 34.064292443093244], [-118.24457411225197, 34.0642701179009], [-118.24456512909913, 34.0642701179009], [-118.24456512909913, 34.064292443093244], [-118.24457411225197, 34.064292443093244]]}, "properties": {"confidence": "high"}}, {"type": "Feature", "geometry": {"type": "LineString", "coordinates": [[-118.24119644678368, 34.064292443093244], [-118.24119644678368, 34.0642701179009], [-118.24118746363084, 34.0642701179009], [-118.24118746363084, 34.064292443093244], [-118.24119644678368, 34.064292443093244]]}, "properties": {"confidence": "high"}}, {"type": "Feature", "geometry": {"type": "LineString", "coordinates": [[-118.23734267421482, 34.064292443093244], [-118.23734267421482, 34.0642701179009], [-118.23733369106198, 34.0642701179009], [-118.23733369106198, 34.064292443093244], [-118.23734267421482, 34.064292443093244]]}, "properties": {"confidence": "high"}}, {"type": "Feature", "geometry": {"type": "LineString", "coordinates": [[-118.24029813149956, 34.06428500136311], [-118.24029813149956, 34.0642701179009], [-118.24028914834672, 34.0642701179009], [-118.24028914834672, 34.06428500136311], [-118.24029813149956, 34.06428500136311]]}, "properties": {"confidence": "high"}}, {"type": "Feature", "geometry": {"type": "LineString", "coordinates": [[-118.242876296365, 34.06427755963233], [-118.242876296365, 34.0642701179009], [-118.24282239744795, 34.0642701179009], [-118.24282239744795, 34.06427755963233], [-118.242876296365, 34.06427755963233]]}, "properties": {"confidence": "high"}}, {"type": "Feature", "geometry": {"type": "LineString", "coordinates": [[-118.23823200634611, 34.06427755963233], [-118.23823200634611, 34.0642701179009], [-118.23820505688758, 34.0642701179009], [-118.23820505688758, 34.06427755963233], [-118.23823200634611, 34.06427755963233]]}, "properties": {"confidence": "high"}}, {"type": "Feature", "geometry": {"type": "LineString", "coordinates": [[-118.23881591128077, 34.06427755963233], [-118.23881591128077, 34.06426267616881], [-118.23880692812793, 34.06426267616881], [-118.23880692812793, 34.06427755963233], [-118.23881591128077, 34.06427755963233]]}, "properties": {"confidence": "high"}}, {"type": "Feature", "geometry": {"type": "LineString", "coordinates": [[-118.24291222897637, 34.0642701179009], [-118.24291222897637, 34.06426267616881], [-118.242876296365, 34.06426267616881], [-118.242876296365, 34.0642701179009], [-118.24291222897637, 34.0642701179009]]}, "properties": {"confidence": "high"}}, {"type": "Feature", "geometry": {"type": "LineString", "coordinates": [[-118.23820505688758, 34.0642701179009], [-118.23820505688758, 34.06426267616881], [-118.2381870905819, 34.06426267616881], [-118.2381870905819, 34.0642701179009], [-118.23820505688758, 34.0642701179009]]}, "properties": {"confidence": "high"}}, {"type": "Feature", "geometry": {"type": "LineString", "coordinates": [[-118.23836675363872, 34.06427755963233], [-118.23836675363872, 34.06425523443606], [-118.23835777048588, 34.06425523443606], [-118.23835777048588, 34.06427755963233], [-118.23836675363872, 34.06427755963233]]}, "properties": {"confidence": "high"}}, {"type": "Feature", "geometry": {"type": "LineString", "coordinates": [[-118.2445830954048, 34.0642701179009], [-118.2445830954048, 34.06425523443606], [-118.24457411225197, 34.06425523443606], [-118.24457411225197, 34.0642701179009], [-118.2445830954048, 34.0642701179009]]}, "properties": {"confidence": "high"}}, {"type": "Feature", "geometry": {"type": "LineString", "coordinates": [[-118.24120542993653, 34.0642701179009], [-118.24120542993653, 34.06425523443606], [-118.24119644678368, 34.06425523443606], [-118.24119644678368, 34.0642701179009], [-118.24120542993653, 34.0642701179009]]}, "properties": {"confidence": "high"}}, {"type": "Feature", "geometry": {"type": "LineString", "coordinates": [[-118.24030711465242, 34.0642701179009], [-118.24030711465242, 34.06425523443606], [-118.24029813149956, 34.06425523443606], [-118.24029813149956, 34.0642701179009], [-118.24030711465242, 34.0642701179009]]}, "properties": {"confidence": "high"}}, {"type": "Feature", "geometry": {"type": "LineString", "coordinates": [[-118.23735165736765, 34.0642701179009], [-118.23735165736765, 34.06425523443606], [-118.23734267421482, 34.06425523443606], [-118.23734267421482, 34.0642701179009], [-118.23735165736765, 34.0642701179009]]}, "properties": {"confidence": "high"}}, {"type": "Feature", "geometry": {"type": "LineString", "coordinates": [[-118.24294816158772, 34.06426267616881], [-118.24294816158772, 34.06425523443606], [-118.24291222897637, 34.06425523443606], [-118.24291222897637, 34.06426267616881], [-118.24294816158772, 34.06426267616881]]}, "properties": {"confidence": "high"}}, {"type": "Feature", "geometry": {"type": "LineString", "coordinates": [[-118.2381870905819, 34.06426267616881], [-118.2381870905819, 34.06425523443606], [-118.23816014112337, 34.06425523443606], [-118.23816014112337, 34.06426267616881], [-118.2381870905819, 34.06426267616881]]}, "properties": {"confidence": "high"}}, {"type": "Feature", "geometry": {"type": "LineString", "coordinates": [[-118.24297511104625, 34.06425523443606], [-118.24297511104625, 34.06424779270267], [-118.24294816158772, 34.06424779270267], [-118.24294816158772, 34.06425523443606], [-118.24297511104625, 34.06425523443606]]}, "properties": {"confidence": "high"}}, {"type": "Feature", "geometry": {"type": "LineString", "coordinates": [[-118.23816014112337, 34.06425523443606], [-118.23816014112337, 34.06424779270267], [-118.2381421748177, 34.06424779270267], [-118.2381421748177, 34.06425523443606], [-118.23816014112337, 34.06425523443606]]}, "properties": {"confidence": "high"}}, {"type": "Feature", "geometry": {"type": "LineString", "coordinates": [[-118.2388248944336, 34.06426267616881], [-118.2388248944336, 34.06424035096862], [-118.23881591128077, 34.06424035096862], [-118.23881591128077, 34.06426267616881], [-118.2388248944336, 34.06426267616881]]}, "properties": {"confidence": "high"}}, {"type": "Feature", "geometry": {"type": "LineString", "coordinates": [[-118.24121441308937, 34.06425523443606], [-118.24121441308937, 34.06424035096862], [-118.24120542993653, 34.06424035096862], [-118.24120542993653, 34.06425523443606], [-118.24121441308937, 34.06425523443606]]}, "properties": {"confidence": "high"}}, {"type": "Feature", "geometry": {"type": "LineString", "coordinates": [[-118.2373606405205, 34.06425523443606], [-118.2373606405205, 34.06424035096862], [-118.23735165736765, 34.06424035096862], [-118.23735165736765, 34.06425523443606], [-118.2373606405205, 34.06425523443606]]}, "properties": {"confidence": "high"}}, {"type": "Feature", "geometry": {"type": "LineString", "coordinates": [[-118.24300206050478, 34.06424779270267], [-118.24300206050478, 34.06424035096862], [-118.24297511104625, 34.06424035096862], [-118.24297511104625, 34.06424779270267], [-118.24300206050478, 34.06424779270267]]}, "properties": {"confidence": "high"}}, {"type": "Feature", "geometry": {"type": "LineString", "coordinates": [[-118.2381421748177, 34.06424779270267], [-118.2381421748177, 34.06424035096862], [-118.238124208512, 34.06424035096862], [-118.238124208512, 34.06424779270267], [-118.2381421748177, 34.06424779270267]]}, "properties": {"confidence": "high"}}, {"type": "Feature", "geometry": {"type": "LineString", "coordinates": [[-118.24459207855766, 34.06425523443606], [-118.24459207855766, 34.064232909233915], [-118.2445830954048, 34.064232909233915], [-118.2445830954048, 34.06425523443606], [-118.24459207855766, 34.06425523443606]]}, "properties": {"confidence": "high"}}, {"type": "Feature", "geometry": {"type": "LineString", "coordinates": [[-118.24031609780526, 34.06425523443606], [-118.24031609780526, 34.064232909233915], [-118.24030711465242, 34.064232909233915], [-118.24030711465242, 34.06425523443606], [-118.24031609780526, 34.06425523443606]]}, "properties": {"confidence": "high"}}, {"type": "Feature", "geometry": {"type": "LineString", "coordinates": [[-118.24303799311613, 34.06424035096862], [-118.24303799311613, 34.064232909233915], [-118.24300206050478, 34.064232909233915], [-118.24300206050478, 34.06424035096862], [-118.24303799311613, 34.06424035096862]]}, "properties": {"confidence": "high"}}, {"type": "Feature", "geometry": {"type": "LineString", "coordinates": [[-118.238124208512, 34.06424035096862], [-118.238124208512, 34.064232909233915], [-118.23809725905349, 34.064232909233915], [-118.23809725905349, 34.06424035096862], [-118.238124208512, 34.06424035096862]]}, "properties": {"confidence": "high"}}, {"type": "Feature", "geometry": {"type": "LineString", "coordinates": [[-118.23837573679155, 34.06425523443606], [-118.23837573679155, 34.06422546749857], [-118.23836675363872, 34.06422546749857], [-118.23836675363872, 34.06425523443606], [-118.23837573679155, 34.06425523443606]]}, "properties": {"confidence": "high"}}, {"type": "Feature", "geometry": {"type": "LineString", "coordinates": [[-118.2412233962422, 34.06424035096862], [-118.2412233962422, 34.06422546749857], [-118.24121441308937, 34.06422546749857], [-118.24121441308937, 34.06424035096862], [-118.2412233962422, 34.06424035096862]]}, "properties": {"confidence": "high"}}, {"type": "Feature", "geometry": {"type": "LineString", "coordinates": [[-118.23883387758644, 34.06424035096862], [-118.23883387758644, 34.06422546749857], [-118.2388248944336, 34.06422546749857], [-118.2388248944336, 34.06424035096862], [-118.23883387758644, 34.06424035096862]]}, "properties": {"confidence": "high"}}, {"type": "Feature", "geometry": {"type": "LineString", "coordinates": [[-118.24306494257466, 34.064232909233915], [-118.24306494257466, 34.06422546749857], [-118.24303799311613, 34.06422546749857], [-118.24303799311613, 34.064232909233915], [-118.24306494257466, 34.064232909233915]]}, "properties": {"confidence": "high"}}, {"type": "Feature", "geometry": {"type": "LineString", "coordinates": [[-118.23809725905349, 34.064232909233915], [-118.23809725905349, 34.06422546749857], [-118.23807929274781, 34.06422546749857], [-118.23807929274781, 34.064232909233915], [-118.23809725905349, 34.064232909233915]]}, "properties": {"confidence": "high"}}, {"type": "Feature", "geometry": {"type": "LineString", "coordinates": [[-118.23736962367335, 34.06424035096862], [-118.23736962367335, 34.06421802576255], [-118.2373606405205, 34.06421802576255], [-118.2373606405205, 34.06424035096862], [-118.23736962367335, 34.06424035096862]]}, "properties": {"confidence": "high"}}, {"type": "Feature", "geometry": {"type": "LineString", "coordinates": [[-118.24309189203318, 34.06422546749857], [-118.24309189203318, 34.06421802576255], [-118.24306494257466, 34.06421802576255], [-118.24306494257466, 34.06422546749857], [-118.24309189203318, 34.06422546749857]]}, "properties": {"confidence": "high"}}, {"type": "Feature", "geometry": {"type": "LineString", "coordinates": [[-118.23807929274781, 34.06422546749857], [-118.23807929274781, 34.06421802576255], [-118.23805234328928, 34.06421802576255], [-118.23805234328928, 34.06422546749857], [-118.23807929274781, 34.06422546749857]]}, "properties": {"confidence": "high"}}, {"type": "Feature", "geometry": {"type": "LineString", "coordinates": [[-118.2446010617105, 34.064232909233915], [-118.2446010617105, 34.06421058402589], [-118.24459207855766, 34.06421058402589], [-118.24459207855766, 34.064232909233915], [-118.2446010617105, 34.064232909233915]]}, "properties": {"confidence": "high"}}, {"type": "Feature", "geometry": {"type": "LineString", "coordinates": [[-118.2403250809581, 34.064232909233915], [-118.2403250809581, 34.06421058402589], [-118.24031609780526, 34.06421058402589], [-118.24031609780526, 34.064232909233915], [-118.2403250809581, 34.064232909233915]]}, "properties": {"confidence": "high"}}, {"type": "Feature", "geometry": {"type": "LineString", "coordinates": [[-118.2388428607393, 34.06422546749857], [-118.2388428607393, 34.06421058402589], [-118.23883387758644, 34.06421058402589], [-118.23883387758644, 34.06422546749857], [-118.2388428607393, 34.06422546749857]]}, "properties": {"confidence": "high"}}, {"type": "Feature", "geometry": {"type": "LineString", "coordinates": [[-118.24311884149171, 34.06421802576255], [-118.24311884149171, 34.06421058402589], [-118.24309189203318, 34.06421058402589], [-118.24309189203318, 34.06421802576255], [-118.24311884149171, 34.06421802576255]]}, "properties": {"confidence": "high"}}, {"type": "Feature", "geometry": {"type": "LineString", "coordinates": [[-118.23805234328928, 34.06421802576255], [-118.23805234328928, 34.06421058402589], [-118.23803437698358, 34.06421058402589], [-118.23803437698358, 34.06421802576255], [-118.23805234328928, 34.06421802576255]]}, "properties": {"confidence": "high"}}, {"type": "Feature", "geometry": {"type": "LineString", "coordinates": [[-118.24123237939504, 34.06422546749857], [-118.24123237939504, 34.06420314228857], [-118.2412233962422, 34.06420314228857], [-118.2412233962422, 34.06422546749857], [-118.24123237939504, 34.06422546749857]]}, "properties": {"confidence": "high"}}, {"type": "Feature", "geometry": {"type": "LineString", "coordinates": [[-118.23737860682618, 34.06421802576255], [-118.23737860682618, 34.06420314228857], [-118.23736962367335, 34.06420314228857], [-118.23736962367335, 34.06421802576255], [-118.23737860682618, 34.06421802576255]]}, "properties": {"confidence": "high"}}, {"type": "Feature", "geometry": {"type": "LineString", "coordinates": [[-118.24314579095022, 34.06421058402589], [-118.24314579095022, 34.06420314228857], [-118.24311884149171, 34.06420314228857], [-118.24311884149171, 34.06421058402589], [-118.24314579095022, 34.06421058402589]]}, "properties": {"confidence": "high"}}, {"type": "Feature", "geometry": {"type": "LineString", "coordinates": [[-118.23803437698358, 34.06421058402589], [-118.23803437698358, 34.06420314228857], [-118.23800742752505, 34.06420314228857], [-118.23800742752505, 34.06421058402589], [-118.23803437698358, 34.06421058402589]]}, "properties": {"confidence": "high"}}, {"type": "Feature", "geometry": {"type": "LineString", "coordinates": [[-118.24033406411094, 34.06421058402589], [-118.24033406411094, 34.0641957005506], [-118.2403250809581, 34.0641957005506], [-118.2403250809581, 34.06421058402589], [-118.24033406411094, 34.06421058402589]]}, "properties": {"confidence": "high"}}, {"type": "Feature", "geometry": {"type": "LineString", "coordinates": [[-118.23885184389214, 34.06421058402589], [-118.23885184389214, 34.0641957005506], [-118.2388428607393, 34.0641957005506], [-118.2388428607393, 34.06421058402589], [-118.23885184389214, 34.06421058402589]]}, "properties": {"confidence": "high"}}, {"type": "Feature", "geometry": {"type": "LineString", "coordinates": [[-118.24317274040875, 34.06420314228857], [-118.24317274040875, 34.0641957005506], [-118.24314579095022, 34.0641957005506], [-118.24314579095022, 34.06420314228857], [-118.24317274040875, 34.06420314228857]]}, "properties": {"confidence": "high"}}, {"type": "Feature", "geometry": {"type": "LineString", "coordinates": [[-118.23800742752505, 34.06420314228857], [-118.23800742752505, 34.0641957005506], [-118.23798946121937, 34.0641957005506], [-118.23798946121937, 34.06420314228857], [-118.23800742752505, 34.06420314228857]]}, "properties": {"confidence": "high"}}, {"type": "Feature", "geometry": {"type": "LineString", "coordinates": [[-118.24461004486334, 34.06421058402589], [-118.24461004486334, 34.064188258811974], [-118.2446010617105, 34.064188258811974], [-118.2446010617105, 34.06421058402589], [-118.24461004486334, 34.06421058402589]]}, "properties": {"confidence": "high"}}, {"type": "Feature", "geometry": {"type": "LineString", "coordinates": [[-118.24124136254788, 34.06420314228857], [-118.24124136254788, 34.064188258811974], [-118.24123237939504, 34.064188258811974], [-118.24123237939504, 34.06420314228857], [-118.24124136254788, 34.06420314228857]]}, "properties": {"confidence": "high"}}, {"type": "Feature", "geometry": {"type": "LineString", "coordinates": [[-118.24319968986727, 34.0641957005506], [-118.24319968986727, 34.064188258811974], [-118.24317274040875, 34.064188258811974], [-118.24317274040875, 34.0641957005506], [-118.24319968986727, 34.0641957005506]]}, "properties": {"confidence": "high"}}, {"type": "Feature", "geometry": {"type": "LineString", "coordinates": [[-118.23798946121937, 34.0641957005506], [-118.23798946121937, 34.064188258811974], [-118.2379714949137, 34.064188258811974], [-118.2379714949137, 34.0641957005506], [-118.23798946121937, 34.0641957005506]]}, "properties": {"confidence": "high"}}, {"type": "Feature", "geometry": {"type": "LineString", "coordinates": [[-118.2383847199444, 34.06422546749857], [-118.2383847199444, 34.064180817072696], [-118.23837573679155, 34.064180817072696], [-118.23837573679155, 34.06422546749857], [-118.2383847199444, 34.06422546749857]]}, "properties": {"confidence": "high"}}, {"type": "Feature", "geometry": {"type": "LineString", "coordinates": [[-118.23738758997902, 34.06420314228857], [-118.23738758997902, 34.064180817072696], [-118.23737860682618, 34.064180817072696], [-118.23737860682618, 34.06420314228857], [-118.23738758997902, 34.06420314228857]]}, "properties": {"confidence": "high"}}, {"type": "Feature", "geometry": {"type": "LineString", "coordinates": [[-118.24321765617296, 34.064188258811974], [-118.24321765617296, 34.064180817072696], [-118.24319968986727, 34.064180817072696], [-118.24319968986727, 34.064188258811974], [-118.24321765617296, 34.064188258811974]]}, "properties": {"confidence": "high"}}, {"type": "Feature", "geometry": {"type": "LineString", "coordinates": [[-118.2379714949137, 34.064188258811974], [-118.2379714949137, 34.064180817072696], [-118.237953528608, 34.064180817072696], [-118.237953528608, 34.064188258811974], [-118.2379714949137, 34.064188258811974]]}, "properties": {"confidence": "high"}}, {"type": "Feature", "geometry": {"type": "LineString", "coordinates": [[-118.23886082704497, 34.0641957005506], [-118.23886082704497, 34.064173375332764], [-118.23885184389214, 34.064173375332764], [-118.23885184389214, 34.0641957005506], [-118.23886082704497, 34.0641957005506]]}, "properties": {"confidence": "high"}}, {"type": "Feature", "geometry": {"type": "LineString", "coordinates": [[-118.24461902801617, 34.064188258811974], [-118.24461902801617, 34.064173375332764], [-118.24461004486334, 34.064173375332764], [-118.24461004486334, 34.064188258811974], [-118.24461902801617, 34.064188258811974]]}, "properties": {"confidence": "high"}}, {"type": "Feature", "geometry": {"type": "LineString", "coordinates": [[-118.24324460563147, 34.064180817072696], [-118.24324460563147, 34.064173375332764], [-118.24321765617296, 34.064173375332764], [-118.24321765617296, 34.064180817072696], [-118.24324460563147, 34.064180817072696]]}, "properties": {"confidence": "high"}}, {"type": "Feature", "geometry": {"type": "LineString", "coordinates": [[-118.237953528608, 34.064180817072696], [-118.237953528608, 34.064173375332764], [-118.23792657914949, 34.064173375332764], [-118.23792657914949, 34.064180817072696], [-118.237953528608, 34.064180817072696]]}, "properties": {"confidence": "high"}}, {"type": "Feature", "geometry": {"type": "LineString", "coordinates": [[-118.24034304726379, 34.0641957005506], [-118.24034304726379, 34.064165933592186], [-118.24033406411094, 34.064165933592186], [-118.24033406411094, 34.0641957005506], [-118.24034304726379, 34.0641957005506]]}, "properties": {"confidence": "high"}}, {"type": "Feature", "geometry": {"type": "LineString", "coordinates": [[-118.24125034570072, 34.064188258811974], [-118.24125034570072, 34.064165933592186], [-118.24124136254788, 34.064165933592186], [-118.24124136254788, 34.064188258811974], [-118.24125034570072, 34.064188258811974]]}, "properties": {"confidence": "high"}}, {"type": "Feature", "geometry": {"type": "LineString", "coordinates": [[-118.24326257193717, 34.064173375332764], [-118.24326257193717, 34.064165933592186], [-118.24324460563147, 34.064165933592186], [-118.24324460563147, 34.064173375332764], [-118.24326257193717, 34.064173375332764]]}, "properties": {"confidence": "high"}}, {"type": "Feature", "geometry": {"type": "LineString", "coordinates": [[-118.23792657914949, 34.064173375332764], [-118.23792657914949, 34.064165933592186], [-118.2379086128438, 34.064165933592186], [-118.2379086128438, 34.064173375332764], [-118.23792657914949, 34.064173375332764]]}, "properties": {"confidence": "high"}}, {"type": "Feature", "geometry": {"type": "LineString", "coordinates": [[-118.23739657313186, 34.064180817072696], [-118.23739657313186, 34.06415849185094], [-118.23738758997902, 34.06415849185094], [-118.23738758997902, 34.064180817072696], [-118.23739657313186, 34.064180817072696]]}, "properties": {"confidence": "high"}}, {"type": "Feature", "geometry": {"type": "LineString", "coordinates": [[-118.24328053824284, 34.064165933592186], [-118.24328053824284, 34.06415849185094], [-118.24326257193717, 34.06415849185094], [-118.24326257193717, 34.064165933592186], [-118.24328053824284, 34.064165933592186]]}, "properties": {"confidence": "high"}}, {"type": "Feature", "geometry": {"type": "LineString", "coordinates": [[-118.2379086128438, 34.064165933592186], [-118.2379086128438, 34.06415849185094], [-118.23789064653812, 34.06415849185094], [-118.23789064653812, 34.064165933592186], [-118.2379086128438, 34.064165933592186]]}, "properties": {"confidence": "high"}}, {"type": "Feature", "geometry": {"type": "LineString", "coordinates": [[-118.23839370309724, 34.064180817072696], [-118.23839370309724, 34.064151050109054], [-118.2383847199444, 34.064151050109054], [-118.2383847199444, 34.064180817072696], [-118.23839370309724, 34.064180817072696]]}, "properties": {"confidence": "high"}}, {"type": "Feature", "geometry": {"type": "LineString", "coordinates": [[-118.24462801116901, 34.064173375332764], [-118.24462801116901, 34.064151050109054], [-118.24461902801617, 34.064151050109054], [-118.24461902801617, 34.064173375332764], [-118.24462801116901, 34.064173375332764]]}, "properties": {"confidence": "high"}}, {"type": "Feature", "geometry": {"type": "LineString", "coordinates": [[-118.23886981019781, 34.064173375332764], [-118.23886981019781, 34.064151050109054], [-118.23886082704497, 34.064151050109054], [-118.23886082704497, 34.064173375332764], [-118.23886981019781, 34.064173375332764]]}, "properties": {"confidence": "high"}}, {"type": "Feature", "geometry": {"type": "LineString", "coordinates": [[-118.24125932885357, 34.064165933592186], [-118.24125932885357, 34.064151050109054], [-118.24125034570072, 34.064151050109054], [-118.24125034570072, 34.064165933592186], [-118.24125932885357, 34.064165933592186]]}, "properties": {"confidence": "high"}}, {"type": "Feature", "geometry": {"type": "LineString", "coordinates": [[-118.24330748770137, 34.06415849185094], [-118.24330748770137, 34.064151050109054], [-118.24328053824284, 34.064151050109054], [-118.24328053824284, 34.06415849185094], [-118.24330748770137, 34.06415849185094]]}, "properties": {"confidence": "high"}}, {"type": "Feature", "geometry": {"type": "LineString", "coordinates": [[-118.23789064653812, 34.06415849185094], [-118.23789064653812, 34.064151050109054], [-118.23786369707959, 34.064151050109054], [-118.23786369707959, 34.06415849185094], [-118.23789064653812, 34.06415849185094]]}, "properties": {"confidence": "high"}}, {"type": "Feature", "geometry": {"type": "LineString", "coordinates": [[-118.2374055562847, 34.06415849185094], [-118.2374055562847, 34.064151050109054], [-118.23739657313186, 34.064151050109054], [-118.23739657313186, 34.06415849185094], [-118.2374055562847, 34.06415849185094]]}, "properties": {"confidence": "high"}}, {"type": "Feature", "geometry": {"type": "LineString", "coordinates": [[-118.24035203041663, 34.064165933592186], [-118.24035203041663, 34.06414360836651], [-118.24034304726379, 34.06414360836651], [-118.24034304726379, 34.064165933592186], [-118.24035203041663, 34.064165933592186]]}, "properties": {"confidence": "high"}}, {"type": "Feature", "geometry": {"type": "LineString", "coordinates": [[-118.24332545400705, 34.064151050109054], [-118.24332545400705, 34.06414360836651], [-118.24330748770137, 34.06414360836651], [-118.24330748770137, 34.064151050109054], [-118.24332545400705, 34.064151050109054]]}, "properties": {"confidence": "high"}}, {"type": "Feature", "geometry": {"type": "LineString", "coordinates": [[-118.23786369707959, 34.064151050109054], [-118.23786369707959, 34.06414360836651], [-118.23783674762107, 34.06414360836651], [-118.23783674762107, 34.064151050109054], [-118.23786369707959, 34.064151050109054]]}, "properties": {"confidence": "high"}}, {"type": "Feature", "geometry": {"type": "LineString", "coordinates": [[-118.23741453943755, 34.064151050109054], [-118.23741453943755, 34.064136166623314], [-118.2374055562847, 34.064136166623314], [-118.2374055562847, 34.064151050109054], [-118.23741453943755, 34.064151050109054]]}, "properties": {"confidence": "high"}}, {"type": "Feature", "geometry": {"type": "LineString", "coordinates": [[-118.24334342031273, 34.06414360836651], [-118.24334342031273, 34.064136166623314], [-118.24332545400705, 34.064136166623314], [-118.24332545400705, 34.06414360836651], [-118.24334342031273, 34.06414360836651]]}, "properties": {"confidence": "high"}}, {"type": "Feature", "geometry": {"type": "LineString", "coordinates": [[-118.23783674762107, 34.06414360836651], [-118.23783674762107, 34.064136166623314], [-118.23780979816254, 34.064136166623314], [-118.23780979816254, 34.06414360836651], [-118.23783674762107, 34.06414360836651]]}, "properties": {"confidence": "high"}}, {"type": "Feature", "geometry": {"type": "LineString", "coordinates": [[-118.24463699432185, 34.064151050109054], [-118.24463699432185, 34.06412872487945], [-118.24462801116901, 34.06412872487945], [-118.24462801116901, 34.064151050109054], [-118.24463699432185, 34.064151050109054]]}, "properties": {"confidence": "high"}}, {"type": "Feature", "geometry": {"type": "LineString", "coordinates": [[-118.24126831200641, 34.064151050109054], [-118.24126831200641, 34.06412872487945], [-118.24125932885357, 34.06412872487945], [-118.24125932885357, 34.064151050109054], [-118.24126831200641, 34.064151050109054]]}, "properties": {"confidence": "high"}}, {"type": "Feature", "geometry": {"type": "LineString", "coordinates": [[-118.23887879335065, 34.064151050109054], [-118.23887879335065, 34.06412872487945], [-118.23886981019781, 34.06412872487945], [-118.23886981019781, 34.064151050109054], [-118.23887879335065, 34.064151050109054]]}, "properties": {"confidence": "high"}}, {"type": "Feature", "geometry": {"type": "LineString", "coordinates": [[-118.23840268625008, 34.064151050109054], [-118.23840268625008, 34.06412872487945], [-118.23839370309724, 34.06412872487945], [-118.23839370309724, 34.064151050109054], [-118.23840268625008, 34.064151050109054]]}, "properties": {"confidence": "high"}}, {"type": "Feature", "geometry": {"type": "LineString", "coordinates": [[-118.24336138661842, 34.064136166623314], [-118.24336138661842, 34.06412872487945], [-118.24334342031273, 34.06412872487945], [-118.24334342031273, 34.064136166623314], [-118.24336138661842, 34.064136166623314]]}, "properties": {"confidence": "high"}}, {"type": "Feature", "geometry": {"type": "LineString", "coordinates": [[-118.23780979816254, 34.064136166623314], [-118.23780979816254, 34.06412872487945], [-118.23778284870403, 34.06412872487945], [-118.23778284870403, 34.064136166623314], [-118.23780979816254, 34.064136166623314]]}, "properties": {"confidence": "high"}}, {"type": "Feature", "geometry": {"type": "LineString", "coordinates": [[-118.24036101356947, 34.06414360836651], [-118.24036101356947, 34.06412128313495], [-118.24035203041663, 34.06412128313495], [-118.24035203041663, 34.06414360836651], [-118.24036101356947, 34.06414360836651]]}, "properties": {"confidence": "high"}}, {"type": "Feature", "geometry": {"type": "LineString", "coordinates": [[-118.2433793529241, 34.06412872487945], [-118.2433793529241, 34.06412128313495], [-118.24336138661842, 34.06412128313495], [-118.24336138661842, 34.06412872487945], [-118.2433793529241, 34.06412872487945]]}, "properties": {"confidence": "high"}}, {"type": "Feature", "geometry": {"type": "LineString", "coordinates": [[-118.23778284870403, 34.06412872487945], [-118.23778284870403, 34.06412128313495], [-118.23776488239835, 34.06412128313495], [-118.23776488239835, 34.06412872487945], [-118.23778284870403, 34.06412872487945]]}, "properties": {"confidence": "high"}}, {"type": "Feature", "geometry": {"type": "LineString", "coordinates": [[-118.2446459774747, 34.06412872487945], [-118.2446459774747, 34.06411384138979], [-118.24463699432185, 34.06411384138979], [-118.24463699432185, 34.06412872487945], [-118.2446459774747, 34.06412872487945]]}, "properties": {"confidence": "high"}}, {"type": "Feature", "geometry": {"type": "LineString", "coordinates": [[-118.23888777650349, 34.06412872487945], [-118.23888777650349, 34.06411384138979], [-118.23887879335065, 34.06411384138979], [-118.23887879335065, 34.06412872487945], [-118.23888777650349, 34.06412872487945]]}, "properties": {"confidence": "high"}}, {"type": "Feature", "geometry": {"type": "LineString", "coordinates": [[-118.23841166940292, 34.06412872487945], [-118.23841166940292, 34.06411384138979], [-118.23840268625008, 34.06411384138979], [-118.23840268625008, 34.06412872487945], [-118.23841166940292, 34.06412872487945]]}, "properties": {"confidence": "high"}}, {"type": "Feature", "geometry": {"type": "LineString", "coordinates": [[-118.24339731922977, 34.06412128313495], [-118.24339731922977, 34.06411384138979], [-118.2433793529241, 34.06411384138979], [-118.2433793529241, 34.06412128313495], [-118.24339731922977, 34.06412128313495]]}, "properties": {"confidence": "high"}}, {"type": "Feature", "geometry": {"type": "LineString", "coordinates": [[-118.23776488239835, 34.06412128313495], [-118.23776488239835, 34.06411384138979], [-118.23773793293982, 34.06411384138979], [-118.23773793293982, 34.06412128313495], [-118.23776488239835, 34.06412128313495]]}, "properties": {"confidence": "high"}}, {"type": "Feature", "geometry": {"type": "LineString", "coordinates": [[-118.24127729515925, 34.06412872487945], [-118.24127729515925, 34.06410639964398], [-118.24126831200641, 34.06410639964398], [-118.24126831200641, 34.06412872487945], [-118.24127729515925, 34.06412872487945]]}, "properties": {"confidence": "high"}}, {"type": "Feature", "geometry": {"type": "LineString", "coordinates": [[-118.24036999672231, 34.06412128313495], [-118.24036999672231, 34.06410639964398], [-118.24036101356947, 34.06410639964398], [-118.24036101356947, 34.06412128313495], [-118.24036999672231, 34.06412128313495]]}, "properties": {"confidence": "high"}}, {"type": "Feature", "geometry": {"type": "LineString", "coordinates": [[-118.24341528553546, 34.06411384138979], [-118.24341528553546, 34.06410639964398], [-118.24339731922977, 34.06410639964398], [-118.24339731922977, 34.06411384138979], [-118.24341528553546, 34.06411384138979]]}, "properties": {"confidence": "high"}}, {"type": "Feature", "geometry": {"type": "LineString", "coordinates": [[-118.23773793293982, 34.06411384138979], [-118.23773793293982, 34.06410639964398], [-118.23771996663415, 34.06410639964398], [-118.23771996663415, 34.06411384138979], [-118.23773793293982, 34.06411384138979]]}, "properties": {"confidence": "high"}}, {"type": "Feature", "geometry": {"type": "LineString", "coordinates": [[-118.24465496062754, 34.06411384138979], [-118.24465496062754, 34.064098957897514], [-118.2446459774747, 34.064098957897514], [-118.2446459774747, 34.06411384138979], [-118.24465496062754, 34.06411384138979]]}, "properties": {"confidence": "high"}}, {"type": "Feature", "geometry": {"type": "LineString", "coordinates": [[-118.23889675965634, 34.06411384138979], [-118.23889675965634, 34.064098957897514], [-118.23888777650349, 34.064098957897514], [-118.23888777650349, 34.06411384138979], [-118.23889675965634, 34.06411384138979]]}, "properties": {"confidence": "high"}}, {"type": "Feature", "geometry": {"type": "LineString", "coordinates": [[-118.24343325184114, 34.06410639964398], [-118.24343325184114, 34.064098957897514], [-118.24341528553546, 34.064098957897514], [-118.24341528553546, 34.06410639964398], [-118.24343325184114, 34.06410639964398]]}, "properties": {"confidence": "high"}}, {"type": "Feature", "geometry": {"type": "LineString", "coordinates": [[-118.23771996663415, 34.06410639964398], [-118.23771996663415, 34.064098957897514], [-118.23769301717562, 34.064098957897514], [-118.23769301717562, 34.06410639964398], [-118.23771996663415, 34.06410639964398]]}, "properties": {"confidence": "high"}}, {"type": "Feature", "geometry": {"type": "LineString", "coordinates": [[-118.23742352259039, 34.064136166623314], [-118.23742352259039, 34.06409151615039], [-118.23741453943755, 34.06409151615039], [-118.23741453943755, 34.064136166623314], [-118.23742352259039, 34.064136166623314]]}, "properties": {"confidence": "high"}}, {"type": "Feature", "geometry": {"type": "LineString", "coordinates": [[-118.24128627831209, 34.06410639964398], [-118.24128627831209, 34.06409151615039], [-118.24127729515925, 34.06409151615039], [-118.24127729515925, 34.06410639964398], [-118.24128627831209, 34.06410639964398]]}, "properties": {"confidence": "high"}}, {"type": "Feature", "geometry": {"type": "LineString", "coordinates": [[-118.24037897987515, 34.06410639964398], [-118.24037897987515, 34.06409151615039], [-118.24036999672231, 34.06409151615039], [-118.24036999672231, 34.06410639964398], [-118.24037897987515, 34.06410639964398]]}, "properties": {"confidence": "high"}}, {"type": "Feature", "geometry": {"type": "LineString", "coordinates": [[-118.24345121814682, 34.064098957897514], [-118.24345121814682, 34.06409151615039], [-118.24343325184114, 34.06409151615039], [-118.24343325184114, 34.064098957897514], [-118.24345121814682, 34.064098957897514]]}, "properties": {"confidence": "high"}}, {"type": "Feature", "geometry": {"type": "LineString", "coordinates": [[-118.23769301717562, 34.064098957897514], [-118.23769301717562, 34.06409151615039], [-118.23767505086994, 34.06409151615039], [-118.23767505086994, 34.064098957897514], [-118.23769301717562, 34.064098957897514]]}, "properties": {"confidence": "high"}}, {"type": "Feature", "geometry": {"type": "LineString", "coordinates": [[-118.24346020129967, 34.06409151615039], [-118.24346020129967, 34.06408407440262], [-118.24345121814682, 34.06408407440262], [-118.24345121814682, 34.06409151615039], [-118.24346020129967, 34.06409151615039]]}, "properties": {"confidence": "high"}}, {"type": "Feature", "geometry": {"type": "LineString", "coordinates": [[-118.240387963028, 34.06409151615039], [-118.240387963028, 34.06408407440262], [-118.24037897987515, 34.06408407440262], [-118.24037897987515, 34.06409151615039], [-118.240387963028, 34.06409151615039]]}, "properties": {"confidence": "high"}}, {"type": "Feature", "geometry": {"type": "LineString", "coordinates": [[-118.23767505086994, 34.06409151615039], [-118.23767505086994, 34.06408407440262], [-118.23764810141141, 34.06408407440262], [-118.23764810141141, 34.06409151615039], [-118.23767505086994, 34.06409151615039]]}, "properties": {"confidence": "high"}}, {"type": "Feature", "geometry": {"type": "LineString", "coordinates": [[-118.23842065255576, 34.06411384138979], [-118.23842065255576, 34.06407663265419], [-118.23841166940292, 34.06407663265419], [-118.23841166940292, 34.06411384138979], [-118.23842065255576, 34.06411384138979]]}, "properties": {"confidence": "high"}}, {"type": "Feature", "geometry": {"type": "LineString", "coordinates": [[-118.24466394378038, 34.064098957897514], [-118.24466394378038, 34.06407663265419], [-118.24465496062754, 34.06407663265419], [-118.24465496062754, 34.064098957897514], [-118.24466394378038, 34.064098957897514]]}, "properties": {"confidence": "high"}}, {"type": "Feature", "geometry": {"type": "LineString", "coordinates": [[-118.23890574280918, 34.064098957897514], [-118.23890574280918, 34.06407663265419], [-118.23889675965634, 34.06407663265419], [-118.23889675965634, 34.064098957897514], [-118.23890574280918, 34.064098957897514]]}, "properties": {"confidence": "high"}}, {"type": "Feature", "geometry": {"type": "LineString", "coordinates": [[-118.24129526146493, 34.06409151615039], [-118.24129526146493, 34.06407663265419], [-118.24128627831209, 34.06407663265419], [-118.24128627831209, 34.06409151615039], [-118.24129526146493, 34.06409151615039]]}, "properties": {"confidence": "high"}}, {"type": "Feature", "geometry": {"type": "LineString", "coordinates": [[-118.24347816760535, 34.06408407440262], [-118.24347816760535, 34.06407663265419], [-118.24346020129967, 34.06407663265419], [-118.24346020129967, 34.06408407440262], [-118.24347816760535, 34.06408407440262]]}, "properties": {"confidence": "high"}}, {"type": "Feature", "geometry": {"type": "LineString", "coordinates": [[-118.23764810141141, 34.06408407440262], [-118.23764810141141, 34.06407663265419], [-118.2376211519529, 34.06407663265419], [-118.2376211519529, 34.06408407440262], [-118.23764810141141, 34.06408407440262]]}, "properties": {"confidence": "high"}}, {"type": "Feature", "geometry": {"type": "LineString", "coordinates": [[-118.24039694618084, 34.06408407440262], [-118.24039694618084, 34.06406919090511], [-118.240387963028, 34.06406919090511], [-118.240387963028, 34.06408407440262], [-118.24039694618084, 34.06408407440262]]}, "properties": {"confidence": "high"}}, {"type": "Feature", "geometry": {"type": "LineString", "coordinates": [[-118.24349613391102, 34.06407663265419], [-118.24349613391102, 34.06406919090511], [-118.24347816760535, 34.06406919090511], [-118.24347816760535, 34.06407663265419], [-118.24349613391102, 34.06407663265419]]}, "properties": {"confidence": "high"}}, {"type": "Feature", "geometry": {"type": "LineString", "coordinates": [[-118.2376211519529, 34.06407663265419], [-118.2376211519529, 34.06406919090511], [-118.23757623618869, 34.06406919090511], [-118.23757623618869, 34.06407663265419], [-118.2376211519529, 34.06407663265419]]}, "properties": {"confidence": "high"}}, {"type": "Feature", "geometry": {"type": "LineString", "coordinates": [[-118.24350511706386, 34.06406919090511], [-118.24350511706386, 34.064061749155385], [-118.24349613391102, 34.064061749155385], [-118.24349613391102, 34.06406919090511], [-118.24350511706386, 34.06406919090511]]}, "properties": {"confidence": "high"}}, {"type": "Feature", "geometry": {"type": "LineString", "coordinates": [[-118.24040592933368, 34.06406919090511], [-118.24040592933368, 34.064061749155385], [-118.24039694618084, 34.064061749155385], [-118.24039694618084, 34.06406919090511], [-118.24040592933368, 34.06406919090511]]}, "properties": {"confidence": "high"}}, {"type": "Feature", "geometry": {"type": "LineString", "coordinates": [[-118.23757623618869, 34.06406919090511], [-118.23757623618869, 34.064061749155385], [-118.23754928673016, 34.064061749155385], [-118.23754928673016, 34.06406919090511], [-118.23757623618869, 34.06406919090511]]}, "properties": {"confidence": "high"}}, {"type": "Feature", "geometry": {"type": "LineString", "coordinates": [[-118.23743250574323, 34.06409151615039], [-118.23743250574323, 34.064054307404994], [-118.23742352259039, 34.064054307404994], [-118.23742352259039, 34.06409151615039], [-118.23743250574323, 34.06409151615039]]}, "properties": {"confidence": "high"}}, {"type": "Feature", "geometry": {"type": "LineString", "coordinates": [[-118.24467292693322, 34.06407663265419], [-118.24467292693322, 34.064054307404994], [-118.24466394378038, 34.064054307404994], [-118.24466394378038, 34.06407663265419], [-118.24467292693322, 34.06407663265419]]}, "properties": {"confidence": "high"}}, {"type": "Feature", "geometry": {"type": "LineString", "coordinates": [[-118.24130424461778, 34.06407663265419], [-118.24130424461778, 34.064054307404994], [-118.24129526146493, 34.064054307404994], [-118.24129526146493, 34.06407663265419], [-118.24130424461778, 34.06407663265419]]}, "properties": {"confidence": "high"}}, {"type": "Feature", "geometry": {"type": "LineString", "coordinates": [[-118.23891472596202, 34.06407663265419], [-118.23891472596202, 34.064054307404994], [-118.23890574280918, 34.064054307404994], [-118.23890574280918, 34.06407663265419], [-118.23891472596202, 34.06407663265419]]}, "properties": {"confidence": "high"}}, {"type": "Feature", "geometry": {"type": "LineString", "coordinates": [[-118.2384296357086, 34.06407663265419], [-118.2384296357086, 34.064054307404994], [-118.23842065255576, 34.064054307404994], [-118.23842065255576, 34.06407663265419], [-118.2384296357086, 34.06407663265419]]}, "properties": {"confidence": "high"}}, {"type": "Feature", "geometry": {"type": "LineString", "coordinates": [[-118.24352308336955, 34.064061749155385], [-118.24352308336955, 34.064054307404994], [-118.24350511706386, 34.064054307404994], [-118.24350511706386, 34.064061749155385], [-118.24352308336955, 34.064061749155385]]}, "properties": {"confidence": "high"}}, {"type": "Feature", "geometry": {"type": "LineString", "coordinates": [[-118.24041491248651, 34.064061749155385], [-118.24041491248651, 34.064054307404994], [-118.24040592933368, 34.064054307404994], [-118.24040592933368, 34.064061749155385], [-118.24041491248651, 34.064061749155385]]}, "properties": {"confidence": "high"}}, {"type": "Feature", "geometry": {"type": "LineString", "coordinates": [[-118.23754928673016, 34.064061749155385], [-118.23754928673016, 34.064054307404994], [-118.23753132042448, 34.064054307404994], [-118.23753132042448, 34.064061749155385], [-118.23754928673016, 34.064061749155385]]}, "properties": {"confidence": "high"}}, {"type": "Feature", "geometry": {"type": "LineString", "coordinates": [[-118.24354104967523, 34.064054307404994], [-118.24354104967523, 34.06404686565395], [-118.24352308336955, 34.06404686565395], [-118.24352308336955, 34.064054307404994], [-118.24354104967523, 34.064054307404994]]}, "properties": {"confidence": "high"}}, {"type": "Feature", "geometry": {"type": "LineString", "coordinates": [[-118.23753132042448, 34.064054307404994], [-118.23753132042448, 34.06404686565395], [-118.23752233727164, 34.06404686565395], [-118.23752233727164, 34.064054307404994], [-118.23753132042448, 34.064054307404994]]}, "properties": {"confidence": "high"}}, {"type": "Feature", "geometry": {"type": "LineString", "coordinates": [[-118.24468191008606, 34.064054307404994], [-118.24468191008606, 34.06403942390226], [-118.24467292693322, 34.06403942390226], [-118.24467292693322, 34.064054307404994], [-118.24468191008606, 34.064054307404994]]}, "properties": {"confidence": "high"}}, {"type": "Feature", "geometry": {"type": "LineString", "coordinates": [[-118.24131322777062, 34.064054307404994], [-118.24131322777062, 34.06403942390226], [-118.24130424461778, 34.06403942390226], [-118.24130424461778, 34.064054307404994], [-118.24131322777062, 34.064054307404994]]}, "properties": {"confidence": "high"}}, {"type": "Feature", "geometry": {"type": "LineString", "coordinates": [[-118.24042389563935, 34.064054307404994], [-118.24042389563935, 34.06403942390226], [-118.24041491248651, 34.06403942390226], [-118.24041491248651, 34.064054307404994], [-118.24042389563935, 34.064054307404994]]}, "properties": {"confidence": "high"}}, {"type": "Feature", "geometry": {"type": "LineString", "coordinates": [[-118.23892370911486, 34.064054307404994], [-118.23892370911486, 34.06403942390226], [-118.23891472596202, 34.06403942390226], [-118.23891472596202, 34.064054307404994], [-118.23892370911486, 34.064054307404994]]}, "properties": {"confidence": "high"}}, {"type": "Feature", "geometry": {"type": "LineString", "coordinates": [[-118.23744148889607, 34.064054307404994], [-118.23744148889607, 34.06403942390226], [-118.23743250574323, 34.06403942390226], [-118.23743250574323, 34.064054307404994], [-118.23744148889607, 34.064054307404994]]}, "properties": {"confidence": "high"}}, {"type": "Feature", "geometry": {"type": "LineString", "coordinates": [[-118.24355003282807, 34.06404686565395], [-118.24355003282807, 34.06403942390226], [-118.24354104967523, 34.06403942390226], [-118.24354104967523, 34.06404686565395], [-118.24355003282807, 34.06404686565395]]}, "properties": {"confidence": "high"}}, {"type": "Feature", "geometry": {"type": "LineString", "coordinates": [[-118.23752233727164, 34.06404686565395], [-118.23752233727164, 34.06403942390226], [-118.2375133541188, 34.06403942390226], [-118.2375133541188, 34.06404686565395], [-118.23752233727164, 34.06404686565395]]}, "properties": {"confidence": "high"}}, {"type": "Feature", "geometry": {"type": "LineString", "coordinates": [[-118.24356799913376, 34.06403942390226], [-118.24356799913376, 34.064031982149906], [-118.24355003282807, 34.064031982149906], [-118.24355003282807, 34.06403942390226], [-118.24356799913376, 34.06403942390226]]}, "properties": {"confidence": "high"}}, {"type": "Feature", "geometry": {"type": "LineString", "coordinates": [[-118.2375133541188, 34.06403942390226], [-118.2375133541188, 34.064031982149906], [-118.23750437096595, 34.064031982149906], [-118.23750437096595, 34.06403942390226], [-118.2375133541188, 34.06403942390226]]}, "properties": {"confidence": "high"}}, {"type": "Feature", "geometry": {"type": "LineString", "coordinates": [[-118.2374504720489, 34.06403942390226], [-118.2374504720489, 34.064031982149906], [-118.23744148889607, 34.064031982149906], [-118.23744148889607, 34.06403942390226], [-118.2374504720489, 34.06403942390226]]}, "properties": {"confidence": "high"}}, {"type": "Feature", "geometry": {"type": "LineString", "coordinates": [[-118.24469089323891, 34.06403942390226], [-118.24469089323891, 34.06402454039691], [-118.24468191008606, 34.06402454039691], [-118.24468191008606, 34.06403942390226], [-118.24469089323891, 34.06403942390226]]}, "properties": {"confidence": "high"}}, {"type": "Feature", "geometry": {"type": "LineString", "coordinates": [[-118.24043287879219, 34.06403942390226], [-118.24043287879219, 34.06402454039691], [-118.24042389563935, 34.06402454039691], [-118.24042389563935, 34.06403942390226], [-118.24043287879219, 34.06403942390226]]}, "properties": {"confidence": "high"}}, {"type": "Feature", "geometry": {"type": "LineString", "coordinates": [[-118.2389326922677, 34.06403942390226], [-118.2389326922677, 34.06402454039691], [-118.23892370911486, 34.06402454039691], [-118.23892370911486, 34.06403942390226], [-118.2389326922677, 34.06403942390226]]}, "properties": {"confidence": "high"}}, {"type": "Feature", "geometry": {"type": "LineString", "coordinates": [[-118.2435769822866, 34.064031982149906], [-118.2435769822866, 34.06402454039691], [-118.24356799913376, 34.06402454039691], [-118.24356799913376, 34.064031982149906], [-118.2435769822866, 34.064031982149906]]}, "properties": {"confidence": "high"}}, {"type": "Feature", "geometry": {"type": "LineString", "coordinates": [[-118.24132221092346, 34.06403942390226], [-118.24132221092346, 34.064017098643255], [-118.24131322777062, 34.064017098643255], [-118.24131322777062, 34.06403942390226], [-118.24132221092346, 34.06403942390226]]}, "properties": {"confidence": "high"}}, {"type": "Feature", "geometry": {"type": "LineString", "coordinates": [[-118.23750437096595, 34.064031982149906], [-118.23750437096595, 34.064017098643255], [-118.2374504720489, 34.064017098643255], [-118.2374504720489, 34.064031982149906], [-118.23745945520176, 34.064031982149906], [-118.23745945520176, 34.06402454039691], [-118.23749538781311, 34.06402454039691], [-118.23749538781311, 34.064031982149906], [-118.23750437096595, 34.064031982149906]]}, "properties": {"confidence": "high"}}, {"type": "Feature", "geometry": {"type": "LineString", "coordinates": [[-118.24359494859227, 34.06402454039691], [-118.24359494859227, 34.064017098643255], [-118.2435769822866, 34.064017098643255], [-118.2435769822866, 34.06402454039691], [-118.24359494859227, 34.06402454039691]]}, "properties": {"confidence": "high"}}, {"type": "Feature", "geometry": {"type": "LineString", "coordinates": [[-118.23843861886145, 34.064054307404994], [-118.23843861886145, 34.06400965688895], [-118.2384296357086, 34.06400965688895], [-118.2384296357086, 34.064054307404994], [-118.23843861886145, 34.064054307404994]]}, "properties": {"confidence": "high"}}, {"type": "Feature", "geometry": {"type": "LineString", "coordinates": [[-118.24044186194504, 34.06402454039691], [-118.24044186194504, 34.06400965688895], [-118.24043287879219, 34.06400965688895], [-118.24043287879219, 34.06402454039691], [-118.24044186194504, 34.06402454039691]]}, "properties": {"confidence": "high"}}, {"type": "Feature", "geometry": {"type": "LineString", "coordinates": [[-118.24360393174511, 34.064017098643255], [-118.24360393174511, 34.06400965688895], [-118.24359494859227, 34.06400965688895], [-118.24359494859227, 34.064017098643255], [-118.24360393174511, 34.064017098643255]]}, "properties": {"confidence": "high"}}, {"type": "Feature", "geometry": {"type": "LineString", "coordinates": [[-118.2374504720489, 34.064017098643255], [-118.2374504720489, 34.06400965688895], [-118.23744148889607, 34.06400965688895], [-118.23744148889607, 34.064017098643255], [-118.2374504720489, 34.064017098643255]]}, "properties": {"confidence": "high"}}, {"type": "Feature", "geometry": {"type": "LineString", "coordinates": [[-118.23894167542053, 34.06402454039691], [-118.23894167542053, 34.06400221513399], [-118.2389326922677, 34.06400221513399], [-118.2389326922677, 34.06402454039691], [-118.23894167542053, 34.06402454039691]]}, "properties": {"confidence": "high"}}, {"type": "Feature", "geometry": {"type": "LineString", "coordinates": [[-118.2413311940763, 34.064017098643255], [-118.2413311940763, 34.06400221513399], [-118.24132221092346, 34.06400221513399], [-118.24132221092346, 34.064017098643255], [-118.2413311940763, 34.064017098643255]]}, "properties": {"confidence": "high"}}, {"type": "Feature", "geometry": {"type": "LineString", "coordinates": [[-118.2375133541188, 34.064017098643255], [-118.2375133541188, 34.06400221513399], [-118.23750437096595, 34.06400221513399], [-118.23750437096595, 34.064017098643255], [-118.2375133541188, 34.064017098643255]]}, "properties": {"confidence": "high"}}, {"type": "Feature", "geometry": {"type": "LineString", "coordinates": [[-118.2436218980508, 34.06400965688895], [-118.2436218980508, 34.06400221513399], [-118.24360393174511, 34.06400221513399], [-118.24360393174511, 34.06400965688895], [-118.2436218980508, 34.06400965688895]]}, "properties": {"confidence": "high"}}, {"type": "Feature", "geometry": {"type": "LineString", "coordinates": [[-118.23744148889607, 34.06400965688895], [-118.23744148889607, 34.06400221513399], [-118.23743250574323, 34.06400221513399], [-118.23743250574323, 34.06400965688895], [-118.23744148889607, 34.06400965688895]]}, "properties": {"confidence": "high"}}, {"type": "Feature", "geometry": {"type": "LineString", "coordinates": [[-118.24510411826961, 34.06400221513399], [-118.24510411826961, 34.06399477337837], [-118.24509513511677, 34.06399477337837], [-118.24509513511677, 34.06400221513399], [-118.24510411826961, 34.06400221513399]]}, "properties": {"confidence": "high"}}, {"type": "Feature", "geometry": {"type": "LineString", "coordinates": [[-118.24363088120364, 34.06400221513399], [-118.24363088120364, 34.06399477337837], [-118.2436218980508, 34.06399477337837], [-118.2436218980508, 34.06400221513399], [-118.24363088120364, 34.06400221513399]]}, "properties": {"confidence": "high"}}, {"type": "Feature", "geometry": {"type": "LineString", "coordinates": [[-118.23743250574323, 34.06400221513399], [-118.23743250574323, 34.06399477337837], [-118.23742352259039, 34.06399477337837], [-118.23742352259039, 34.06400221513399], [-118.23743250574323, 34.06400221513399]]}, "properties": {"confidence": "high"}}, {"type": "Feature", "geometry": {"type": "LineString", "coordinates": [[-118.24469987639175, 34.06402454039691], [-118.24469987639175, 34.0639873316221], [-118.24469089323891, 34.0639873316221], [-118.24469089323891, 34.06402454039691], [-118.24469987639175, 34.06402454039691]]}, "properties": {"confidence": "high"}}, {"type": "Feature", "geometry": {"type": "LineString", "coordinates": [[-118.24045084509788, 34.06400965688895], [-118.24045084509788, 34.0639873316221], [-118.24044186194504, 34.0639873316221], [-118.24044186194504, 34.06400965688895], [-118.24045084509788, 34.06400965688895]]}, "properties": {"confidence": "high"}}, {"type": "Feature", "geometry": {"type": "LineString", "coordinates": [[-118.24134017722913, 34.06400221513399], [-118.24134017722913, 34.0639873316221], [-118.2413311940763, 34.0639873316221], [-118.2413311940763, 34.06400221513399], [-118.24134017722913, 34.06400221513399]]}, "properties": {"confidence": "high"}}, {"type": "Feature", "geometry": {"type": "LineString", "coordinates": [[-118.23895065857339, 34.06400221513399], [-118.23895065857339, 34.0639873316221], [-118.23894167542053, 34.0639873316221], [-118.23894167542053, 34.06400221513399], [-118.23895065857339, 34.06400221513399]]}, "properties": {"confidence": "high"}}, {"type": "Feature", "geometry": {"type": "LineString", "coordinates": [[-118.23752233727164, 34.06400221513399], [-118.23752233727164, 34.0639873316221], [-118.2375133541188, 34.0639873316221], [-118.2375133541188, 34.06400221513399], [-118.23752233727164, 34.06400221513399]]}, "properties": {"confidence": "high"}}, {"type": "Feature", "geometry": {"type": "LineString", "coordinates": [[-118.24509513511677, 34.06399477337837], [-118.24509513511677, 34.0639873316221], [-118.24506818565825, 34.0639873316221], [-118.24506818565825, 34.06399477337837], [-118.24509513511677, 34.06399477337837]]}, "properties": {"confidence": "high"}}, {"type": "Feature", "geometry": {"type": "LineString", "coordinates": [[-118.24363986435648, 34.06399477337837], [-118.24363986435648, 34.0639873316221], [-118.24363088120364, 34.0639873316221], [-118.24363088120364, 34.06399477337837], [-118.24363986435648, 34.06399477337837]]}, "properties": {"confidence": "high"}}, {"type": "Feature", "geometry": {"type": "LineString", "coordinates": [[-118.23742352259039, 34.06399477337837], [-118.23742352259039, 34.0639873316221], [-118.2374055562847, 34.0639873316221], [-118.2374055562847, 34.06399477337837], [-118.23742352259039, 34.06399477337837]]}, "properties": {"confidence": "high"}}, {"type": "Feature", "geometry": {"type": "LineString", "coordinates": [[-118.24506818565825, 34.0639873316221], [-118.24506818565825, 34.06397988986517], [-118.24504123619973, 34.06397988986517], [-118.24504123619973, 34.0639873316221], [-118.24506818565825, 34.0639873316221]]}, "properties": {"confidence": "high"}}, {"type": "Feature", "geometry": {"type": "LineString", "coordinates": [[-118.24365783066216, 34.0639873316221], [-118.24365783066216, 34.06397988986517], [-118.24363986435648, 34.06397988986517], [-118.24363986435648, 34.0639873316221], [-118.24365783066216, 34.0639873316221]]}, "properties": {"confidence": "high"}}, {"type": "Feature", "geometry": {"type": "LineString", "coordinates": [[-118.2374055562847, 34.0639873316221], [-118.2374055562847, 34.06397988986517], [-118.23738758997902, 34.06397988986517], [-118.23738758997902, 34.0639873316221], [-118.2374055562847, 34.0639873316221]]}, "properties": {"confidence": "high"}}, {"type": "Feature", "geometry": {"type": "LineString", "coordinates": [[-118.24504123619973, 34.06397988986517], [-118.24504123619973, 34.0639724481076], [-118.24502326989405, 34.0639724481076], [-118.24502326989405, 34.06397988986517], [-118.24504123619973, 34.06397988986517]]}, "properties": {"confidence": "high"}}, {"type": "Feature", "geometry": {"type": "LineString", "coordinates": [[-118.24366681381501, 34.06397988986517], [-118.24366681381501, 34.0639724481076], [-118.24365783066216, 34.0639724481076], [-118.24365783066216, 34.06397988986517], [-118.24366681381501, 34.06397988986517]]}, "properties": {"confidence": "high"}}, {"type": "Feature", "geometry": {"type": "LineString", "coordinates": [[-118.23738758997902, 34.06397988986517], [-118.23738758997902, 34.0639724481076], [-118.23735165736765, 34.0639724481076], [-118.23735165736765, 34.06397988986517], [-118.23738758997902, 34.06397988986517]]}, "properties": {"confidence": "high"}}, {"type": "Feature", "geometry": {"type": "LineString", "coordinates": [[-118.24134916038197, 34.0639873316221], [-118.24134916038197, 34.06396500634936], [-118.24134017722913, 34.06396500634936], [-118.24134017722913, 34.0639873316221], [-118.24134916038197, 34.0639873316221]]}, "properties": {"confidence": "high"}}, {"type": "Feature", "geometry": {"type": "LineString", "coordinates": [[-118.24045982825072, 34.0639873316221], [-118.24045982825072, 34.06396500634936], [-118.24045084509788, 34.06396500634936], [-118.24045084509788, 34.0639873316221], [-118.24045982825072, 34.0639873316221]]}, "properties": {"confidence": "high"}}, {"type": "Feature", "geometry": {"type": "LineString", "coordinates": [[-118.23895964172623, 34.0639873316221], [-118.23895964172623, 34.06396500634936], [-118.23895065857339, 34.06396500634936], [-118.23895065857339, 34.0639873316221], [-118.23895964172623, 34.0639873316221]]}, "properties": {"confidence": "high"}}, {"type": "Feature", "geometry": {"type": "LineString", "coordinates": [[-118.24502326989405, 34.0639724481076], [-118.24502326989405, 34.06396500634936], [-118.24499632043552, 34.06396500634936], [-118.24499632043552, 34.0639724481076], [-118.24502326989405, 34.0639724481076]]}, "properties": {"confidence": "high"}}, {"type": "Feature", "geometry": {"type": "LineString", "coordinates": [[-118.24367579696785, 34.0639724481076], [-118.24367579696785, 34.06396500634936], [-118.24366681381501, 34.06396500634936], [-118.24366681381501, 34.0639724481076], [-118.24367579696785, 34.0639724481076]]}, "properties": {"confidence": "high"}}, {"type": "Feature", "geometry": {"type": "LineString", "coordinates": [[-118.23735165736765, 34.0639724481076], [-118.23735165736765, 34.06396500634936], [-118.23732470790914, 34.06396500634936], [-118.23732470790914, 34.0639724481076], [-118.23735165736765, 34.0639724481076]]}, "properties": {"confidence": "high"}}, {"type": "Feature", "geometry": {"type": "LineString", "coordinates": [[-118.23753132042448, 34.0639873316221], [-118.23753132042448, 34.06395756459049], [-118.23752233727164, 34.06395756459049], [-118.23752233727164, 34.0639873316221], [-118.23753132042448, 34.0639873316221]]}, "properties": {"confidence": "high"}}, {"type": "Feature", "geometry": {"type": "LineString", "coordinates": [[-118.24499632043552, 34.06396500634936], [-118.24499632043552, 34.06395756459049], [-118.24497835412984, 34.06395756459049], [-118.24497835412984, 34.06396500634936], [-118.24499632043552, 34.06396500634936]]}, "properties": {"confidence": "high"}}, {"type": "Feature", "geometry": {"type": "LineString", "coordinates": [[-118.24368478012069, 34.06396500634936], [-118.24368478012069, 34.06395756459049], [-118.24367579696785, 34.06395756459049], [-118.24367579696785, 34.06396500634936], [-118.24368478012069, 34.06396500634936]]}, "properties": {"confidence": "high"}}, {"type": "Feature", "geometry": {"type": "LineString", "coordinates": [[-118.23732470790914, 34.06396500634936], [-118.23732470790914, 34.06395756459049], [-118.23728877529777, 34.06395756459049], [-118.23728877529777, 34.06396500634936], [-118.23732470790914, 34.06396500634936]]}, "properties": {"confidence": "high"}}, {"type": "Feature", "geometry": {"type": "LineString", "coordinates": [[-118.24470885954459, 34.0639873316221], [-118.24470885954459, 34.063950122830946], [-118.24469987639175, 34.063950122830946], [-118.24469987639175, 34.0639873316221], [-118.24470885954459, 34.0639873316221]]}, "properties": {"confidence": "high"}}, {"type": "Feature", "geometry": {"type": "LineString", "coordinates": [[-118.24135814353482, 34.06396500634936], [-118.24135814353482, 34.063950122830946], [-118.24134916038197, 34.063950122830946], [-118.24134916038197, 34.06396500634936], [-118.24135814353482, 34.06396500634936]]}, "properties": {"confidence": "high"}}, {"type": "Feature", "geometry": {"type": "LineString", "coordinates": [[-118.24046881140356, 34.06396500634936], [-118.24046881140356, 34.063950122830946], [-118.24045982825072, 34.063950122830946], [-118.24045982825072, 34.06396500634936], [-118.24046881140356, 34.06396500634936]]}, "properties": {"confidence": "high"}}, {"type": "Feature", "geometry": {"type": "LineString", "coordinates": [[-118.23896862487906, 34.06396500634936], [-118.23896862487906, 34.063950122830946], [-118.23895964172623, 34.063950122830946], [-118.23895964172623, 34.06396500634936], [-118.23896862487906, 34.06396500634936]]}, "properties": {"confidence": "high"}}, {"type": "Feature", "geometry": {"type": "LineString", "coordinates": [[-118.24497835412984, 34.06395756459049], [-118.24497835412984, 34.063950122830946], [-118.24494242151847, 34.063950122830946], [-118.24494242151847, 34.06395756459049], [-118.24497835412984, 34.06395756459049]]}, "properties": {"confidence": "high"}}, {"type": "Feature", "geometry": {"type": "LineString", "coordinates": [[-118.24370274642637, 34.06395756459049], [-118.24370274642637, 34.063950122830946], [-118.24368478012069, 34.063950122830946], [-118.24368478012069, 34.06395756459049], [-118.24370274642637, 34.06395756459049]]}, "properties": {"confidence": "high"}}, {"type": "Feature", "geometry": {"type": "LineString", "coordinates": [[-118.23728877529777, 34.06395756459049], [-118.23728877529777, 34.063950122830946], [-118.2372528426864, 34.063950122830946], [-118.2372528426864, 34.06395756459049], [-118.23728877529777, 34.06395756459049]]}, "properties": {"confidence": "high"}}, {"type": "Feature", "geometry": {"type": "LineString", "coordinates": [[-118.24494242151847, 34.063950122830946], [-118.24494242151847, 34.063942681070756], [-118.2449244552128, 34.063942681070756], [-118.2449244552128, 34.063950122830946], [-118.24494242151847, 34.063950122830946]]}, "properties": {"confidence": "high"}}, {"type": "Feature", "geometry": {"type": "LineString", "coordinates": [[-118.2437117295792, 34.063950122830946], [-118.2437117295792, 34.063942681070756], [-118.24370274642637, 34.063942681070756], [-118.24370274642637, 34.063950122830946], [-118.2437117295792, 34.063950122830946]]}, "properties": {"confidence": "high"}}, {"type": "Feature", "geometry": {"type": "LineString", "coordinates": [[-118.2372528426864, 34.063950122830946], [-118.2372528426864, 34.063942681070756], [-118.23721691007505, 34.063942681070756], [-118.23721691007505, 34.063950122830946], [-118.2372528426864, 34.063950122830946]]}, "properties": {"confidence": "high"}}, {"type": "Feature", "geometry": {"type": "LineString", "coordinates": [[-118.24471784269743, 34.063950122830946], [-118.24471784269743, 34.06393523930991], [-118.24470885954459, 34.06393523930991], [-118.24470885954459, 34.063950122830946], [-118.24471784269743, 34.063950122830946]]}, "properties": {"confidence": "high"}}, {"type": "Feature", "geometry": {"type": "LineString", "coordinates": [[-118.24136712668766, 34.063950122830946], [-118.24136712668766, 34.06393523930991], [-118.24135814353482, 34.06393523930991], [-118.24135814353482, 34.063950122830946], [-118.24136712668766, 34.063950122830946]]}, "properties": {"confidence": "high"}}, {"type": "Feature", "geometry": {"type": "LineString", "coordinates": [[-118.2389776080319, 34.063950122830946], [-118.2389776080319, 34.06393523930991], [-118.23896862487906, 34.06393523930991], [-118.23896862487906, 34.063950122830946], [-118.2389776080319, 34.063950122830946]]}, "properties": {"confidence": "high"}}, {"type": "Feature", "geometry": {"type": "LineString", "coordinates": [[-118.2449244552128, 34.063942681070756], [-118.2449244552128, 34.06393523930991], [-118.24489750575427, 34.06393523930991], [-118.24489750575427, 34.063942681070756], [-118.2449244552128, 34.063942681070756]]}, "properties": {"confidence": "high"}}, {"type": "Feature", "geometry": {"type": "LineString", "coordinates": [[-118.24372071273207, 34.063942681070756], [-118.24372071273207, 34.06393523930991], [-118.2437117295792, 34.06393523930991], [-118.2437117295792, 34.063942681070756], [-118.24372071273207, 34.063942681070756]]}, "properties": {"confidence": "high"}}, {"type": "Feature", "geometry": {"type": "LineString", "coordinates": [[-118.23721691007505, 34.063942681070756], [-118.23721691007505, 34.06393523930991], [-118.23718996061652, 34.06393523930991], [-118.23718996061652, 34.063942681070756], [-118.23721691007505, 34.063942681070756]]}, "properties": {"confidence": "high"}}, {"type": "Feature", "geometry": {"type": "LineString", "coordinates": [[-118.2404777945564, 34.063950122830946], [-118.2404777945564, 34.063927797548416], [-118.24046881140356, 34.063927797548416], [-118.24046881140356, 34.063950122830946], [-118.2404777945564, 34.063950122830946]]}, "properties": {"confidence": "high"}}, {"type": "Feature", "geometry": {"type": "LineString", "coordinates": [[-118.24489750575427, 34.06393523930991], [-118.24489750575427, 34.063927797548416], [-118.24486157314291, 34.063927797548416], [-118.24486157314291, 34.06393523930991], [-118.24489750575427, 34.06393523930991]]}, "properties": {"confidence": "high"}}, {"type": "Feature", "geometry": {"type": "LineString", "coordinates": [[-118.24472682585026, 34.06393523930991], [-118.24472682585026, 34.063927797548416], [-118.24471784269743, 34.063927797548416], [-118.24471784269743, 34.06393523930991], [-118.24472682585026, 34.06393523930991]]}, "properties": {"confidence": "high"}}, {"type": "Feature", "geometry": {"type": "LineString", "coordinates": [[-118.24373867903776, 34.06393523930991], [-118.24373867903776, 34.063927797548416], [-118.24372071273207, 34.063927797548416], [-118.24372071273207, 34.06393523930991], [-118.24373867903776, 34.06393523930991]]}, "properties": {"confidence": "high"}}, {"type": "Feature", "geometry": {"type": "LineString", "coordinates": [[-118.23718996061652, 34.06393523930991], [-118.23718996061652, 34.063927797548416], [-118.23715402800516, 34.063927797548416], [-118.23715402800516, 34.06393523930991], [-118.23718996061652, 34.06393523930991]]}, "properties": {"confidence": "high"}}, {"type": "Feature", "geometry": {"type": "LineString", "coordinates": [[-118.24486157314291, 34.063927797548416], [-118.24486157314291, 34.063920355786266], [-118.244798691073, 34.063920355786266], [-118.244798691073, 34.063927797548416], [-118.24486157314291, 34.063927797548416]]}, "properties": {"confidence": "high"}}, {"type": "Feature", "geometry": {"type": "LineString", "coordinates": [[-118.2447358090031, 34.063927797548416], [-118.2447358090031, 34.063920355786266], [-118.24472682585026, 34.063920355786266], [-118.24472682585026, 34.063927797548416], [-118.2447358090031, 34.063927797548416]]}, "properties": {"confidence": "high"}}, {"type": "Feature", "geometry": {"type": "LineString", "coordinates": [[-118.2437476621906, 34.063927797548416], [-118.2437476621906, 34.063920355786266], [-118.24373867903776, 34.063920355786266], [-118.24373867903776, 34.063927797548416], [-118.2437476621906, 34.063927797548416]]}, "properties": {"confidence": "high"}}, {"type": "Feature", "geometry": {"type": "LineString", "coordinates": [[-118.23715402800516, 34.063927797548416], [-118.23715402800516, 34.063920355786266], [-118.23712707854664, 34.063920355786266], [-118.23712707854664, 34.063927797548416], [-118.23715402800516, 34.063927797548416]]}, "properties": {"confidence": "high"}}, {"type": "Feature", "geometry": {"type": "LineString", "coordinates": [[-118.2413761098405, 34.06393523930991], [-118.2413761098405, 34.06391291402346], [-118.24136712668766, 34.06391291402346], [-118.24136712668766, 34.06393523930991], [-118.2413761098405, 34.06393523930991]]}, "properties": {"confidence": "high"}}, {"type": "Feature", "geometry": {"type": "LineString", "coordinates": [[-118.23898659118474, 34.06393523930991], [-118.23898659118474, 34.06391291402346], [-118.2389776080319, 34.06391291402346], [-118.2389776080319, 34.06393523930991], [-118.23898659118474, 34.06393523930991]]}, "properties": {"confidence": "high"}}, {"type": "Feature", "geometry": {"type": "LineString", "coordinates": [[-118.24048677770924, 34.063927797548416], [-118.24048677770924, 34.06391291402346], [-118.2404777945564, 34.06391291402346], [-118.2404777945564, 34.063927797548416], [-118.24048677770924, 34.063927797548416]]}, "properties": {"confidence": "high"}}, {"type": "Feature", "geometry": {"type": "LineString", "coordinates": [[-118.24375664534344, 34.063920355786266], [-118.24375664534344, 34.06391291402346], [-118.2437476621906, 34.06391291402346], [-118.2437476621906, 34.063920355786266], [-118.24375664534344, 34.063920355786266]]}, "properties": {"confidence": "high"}}, {"type": "Feature", "geometry": {"type": "LineString", "coordinates": [[-118.23712707854664, 34.063920355786266], [-118.23712707854664, 34.06391291402346], [-118.2371001290881, 34.06391291402346], [-118.2371001290881, 34.063920355786266], [-118.23712707854664, 34.063920355786266]]}, "properties": {"confidence": "high"}}, {"type": "Feature", "geometry": {"type": "LineString", "coordinates": [[-118.23754030357732, 34.06395756459049], [-118.23754030357732, 34.063905472260004], [-118.23753132042448, 34.063905472260004], [-118.23753132042448, 34.06395756459049], [-118.23754030357732, 34.06395756459049]]}, "properties": {"confidence": "high"}}, {"type": "Feature", "geometry": {"type": "LineString", "coordinates": [[-118.244798691073, 34.063920355786266], [-118.244798691073, 34.06391291402346], [-118.24474479215596, 34.06391291402346], [-118.24474479215596, 34.063905472260004], [-118.2447358090031, 34.063905472260004], [-118.2447358090031, 34.063920355786266], [-118.244798691073, 34.063920355786266]]}, "properties": {"confidence": "high"}}, {"type": "Feature", "geometry": {"type": "LineString", "coordinates": [[-118.24376562849628, 34.06391291402346], [-118.24376562849628, 34.063905472260004], [-118.24375664534344, 34.063905472260004], [-118.24375664534344, 34.06391291402346], [-118.24376562849628, 34.06391291402346]]}, "properties": {"confidence": "high"}}, {"type": "Feature", "geometry": {"type": "LineString", "coordinates": [[-118.2371001290881, 34.06391291402346], [-118.2371001290881, 34.063905472260004], [-118.23706419647675, 34.063905472260004], [-118.23706419647675, 34.06391291402346], [-118.2371001290881, 34.06391291402346]]}, "properties": {"confidence": "high"}}, {"type": "Feature", "geometry": {"type": "LineString", "coordinates": [[-118.24138509299334, 34.06391291402346], [-118.24138509299334, 34.06389803049589], [-118.2413761098405, 34.06389803049589], [-118.2413761098405, 34.06391291402346], [-118.24138509299334, 34.06391291402346]]}, "properties": {"confidence": "high"}}, {"type": "Feature", "geometry": {"type": "LineString", "coordinates": [[-118.24049576086209, 34.06391291402346], [-118.24049576086209, 34.06389803049589], [-118.24048677770924, 34.06389803049589], [-118.24048677770924, 34.06391291402346], [-118.24049576086209, 34.06391291402346]]}, "properties": {"confidence": "high"}}, {"type": "Feature", "geometry": {"type": "LineString", "coordinates": [[-118.2447358090031, 34.063905472260004], [-118.2447358090031, 34.06389803049589], [-118.24472682585026, 34.06389803049589], [-118.24472682585026, 34.063905472260004], [-118.2447358090031, 34.063905472260004]]}, "properties": {"confidence": "high"}}, {"type": "Feature", "geometry": {"type": "LineString", "coordinates": [[-118.24377461164913, 34.063905472260004], [-118.24377461164913, 34.06389803049589], [-118.24376562849628, 34.06389803049589], [-118.24376562849628, 34.063905472260004], [-118.24377461164913, 34.063905472260004]]}, "properties": {"confidence": "high"}}, {"type": "Feature", "geometry": {"type": "LineString", "coordinates": [[-118.23706419647675, 34.063905472260004], [-118.23706419647675, 34.06389803049589], [-118.23703724701822, 34.06389803049589], [-118.23703724701822, 34.063905472260004], [-118.23706419647675, 34.063905472260004]]}, "properties": {"confidence": "high"}}, {"type": "Feature", "geometry": {"type": "LineString", "coordinates": [[-118.2389955743376, 34.06391291402346], [-118.2389955743376, 34.06389058873113], [-118.23898659118474, 34.06389058873113], [-118.23898659118474, 34.06391291402346], [-118.2389955743376, 34.06391291402346]]}, "properties": {"confidence": "high"}}, {"type": "Feature", "geometry": {"type": "LineString", "coordinates": [[-118.24472682585026, 34.06389803049589], [-118.24472682585026, 34.06389058873113], [-118.24471784269743, 34.06389058873113], [-118.24471784269743, 34.06389803049589], [-118.24472682585026, 34.06389803049589]]}, "properties": {"confidence": "high"}}, {"type": "Feature", "geometry": {"type": "LineString", "coordinates": [[-118.24378359480197, 34.06389803049589], [-118.24378359480197, 34.06389058873113], [-118.24377461164913, 34.06389058873113], [-118.24377461164913, 34.06389803049589], [-118.24378359480197, 34.06389803049589]]}, "properties": {"confidence": "high"}}, {"type": "Feature", "geometry": {"type": "LineString", "coordinates": [[-118.23703724701822, 34.06389803049589], [-118.23703724701822, 34.06389058873113], [-118.2370102975597, 34.06389058873113], [-118.2370102975597, 34.06389803049589], [-118.23703724701822, 34.06389803049589]]}, "properties": {"confidence": "high"}}, {"type": "Feature", "geometry": {"type": "LineString", "coordinates": [[-118.23754928673016, 34.063905472260004], [-118.23754928673016, 34.06388314696571], [-118.23754030357732, 34.06388314696571], [-118.23754030357732, 34.063905472260004], [-118.23754928673016, 34.063905472260004]]}, "properties": {"confidence": "high"}}, {"type": "Feature", "geometry": {"type": "LineString", "coordinates": [[-118.24139407614618, 34.06389803049589], [-118.24139407614618, 34.06388314696571], [-118.24138509299334, 34.06388314696571], [-118.24138509299334, 34.06389803049589], [-118.24139407614618, 34.06389803049589]]}, "properties": {"confidence": "high"}}, {"type": "Feature", "geometry": {"type": "LineString", "coordinates": [[-118.24471784269743, 34.06389058873113], [-118.24471784269743, 34.06388314696571], [-118.24469987639175, 34.06388314696571], [-118.24469987639175, 34.06389058873113], [-118.24471784269743, 34.06389058873113]]}, "properties": {"confidence": "high"}}, {"type": "Feature", "geometry": {"type": "LineString", "coordinates": [[-118.2437925779548, 34.06389058873113], [-118.2437925779548, 34.06388314696571], [-118.24378359480197, 34.06388314696571], [-118.24378359480197, 34.06389058873113], [-118.2437925779548, 34.06389058873113]]}, "properties": {"confidence": "high"}}, {"type": "Feature", "geometry": {"type": "LineString", "coordinates": [[-118.2370102975597, 34.06389058873113], [-118.2370102975597, 34.06388314696571], [-118.23697436494834, 34.06388314696571], [-118.23697436494834, 34.06389058873113], [-118.2370102975597, 34.06389058873113]]}, "properties": {"confidence": "high"}}, {"type": "Feature", "geometry": {"type": "LineString", "coordinates": [[-118.24050474401493, 34.06389803049589], [-118.24050474401493, 34.063875705199635], [-118.24049576086209, 34.063875705199635], [-118.24049576086209, 34.06389803049589], [-118.24050474401493, 34.06389803049589]]}, "properties": {"confidence": "high"}}, {"type": "Feature", "geometry": {"type": "LineString", "coordinates": [[-118.24469987639175, 34.06388314696571], [-118.24469987639175, 34.063875705199635], [-118.24467292693322, 34.063875705199635], [-118.24467292693322, 34.06388314696571], [-118.24469987639175, 34.06388314696571]]}, "properties": {"confidence": "high"}}, {"type": "Feature", "geometry": {"type": "LineString", "coordinates": [[-118.24381054426048, 34.06388314696571], [-118.24381054426048, 34.063875705199635], [-118.2437925779548, 34.063875705199635], [-118.2437925779548, 34.06388314696571], [-118.24381054426048, 34.06388314696571]]}, "properties": {"confidence": "high"}}, {"type": "Feature", "geometry": {"type": "LineString", "coordinates": [[-118.23697436494834, 34.06388314696571], [-118.23697436494834, 34.063875705199635], [-118.23694741548981, 34.063875705199635], [-118.23694741548981, 34.06388314696571], [-118.23697436494834, 34.06388314696571]]}, "properties": {"confidence": "high"}}, {"type": "Feature", "geometry": {"type": "LineString", "coordinates": [[-118.23900455749043, 34.06389058873113], [-118.23900455749043, 34.06386826343291], [-118.2389955743376, 34.06386826343291], [-118.2389955743376, 34.06389058873113], [-118.23900455749043, 34.06389058873113]]}, "properties": {"confidence": "high"}}, {"type": "Feature", "geometry": {"type": "LineString", "coordinates": [[-118.24140305929902, 34.06388314696571], [-118.24140305929902, 34.06386826343291], [-118.24139407614618, 34.06386826343291], [-118.24139407614618, 34.06388314696571], [-118.24140305929902, 34.06388314696571]]}, "properties": {"confidence": "high"}}, {"type": "Feature", "geometry": {"type": "LineString", "coordinates": [[-118.237558269883, 34.06388314696571], [-118.237558269883, 34.06386826343291], [-118.23754928673016, 34.06386826343291], [-118.23754928673016, 34.06388314696571], [-118.237558269883, 34.06388314696571]]}, "properties": {"confidence": "high"}}, {"type": "Feature", "geometry": {"type": "LineString", "coordinates": [[-118.24467292693322, 34.063875705199635], [-118.24467292693322, 34.06386826343291], [-118.2446459774747, 34.06386826343291], [-118.2446459774747, 34.063875705199635], [-118.24467292693322, 34.063875705199635]]}, "properties": {"confidence": "high"}}, {"type": "Feature", "geometry": {"type": "LineString", "coordinates": [[-118.24381952741332, 34.063875705199635], [-118.24381952741332, 34.06386826343291], [-118.24381054426048, 34.06386826343291], [-118.24381054426048, 34.063875705199635], [-118.24381952741332, 34.063875705199635]]}, "properties": {"confidence": "high"}}, {"type": "Feature", "geometry": {"type": "LineString", "coordinates": [[-118.23694741548981, 34.063875705199635], [-118.23694741548981, 34.06386826343291], [-118.2369204660313, 34.06386826343291], [-118.2369204660313, 34.063875705199635], [-118.23694741548981, 34.063875705199635]]}, "properties": {"confidence": "high"}}, {"type": "Feature", "geometry": {"type": "LineString", "coordinates": [[-118.2446459774747, 34.06386826343291], [-118.2446459774747, 34.063860821665536], [-118.24461902801617, 34.063860821665536], [-118.24461902801617, 34.06386826343291], [-118.2446459774747, 34.06386826343291]]}, "properties": {"confidence": "high"}}, {"type": "Feature", "geometry": {"type": "LineString", "coordinates": [[-118.24382851056617, 34.06386826343291], [-118.24382851056617, 34.063860821665536], [-118.24381952741332, 34.063860821665536], [-118.24381952741332, 34.06386826343291], [-118.24382851056617, 34.06386826343291]]}, "properties": {"confidence": "high"}}, {"type": "Feature", "geometry": {"type": "LineString", "coordinates": [[-118.2369204660313, 34.06386826343291], [-118.2369204660313, 34.063860821665536], [-118.23689351657275, 34.063860821665536], [-118.23689351657275, 34.06386826343291], [-118.2369204660313, 34.06386826343291]]}, "properties": {"confidence": "high"}}, {"type": "Feature", "geometry": {"type": "LineString", "coordinates": [[-118.24051372716777, 34.063875705199635], [-118.24051372716777, 34.0638533798975], [-118.24050474401493, 34.0638533798975], [-118.24050474401493, 34.063875705199635], [-118.24051372716777, 34.063875705199635]]}, "properties": {"confidence": "high"}}, {"type": "Feature", "geometry": {"type": "LineString", "coordinates": [[-118.24141204245187, 34.06386826343291], [-118.24141204245187, 34.0638533798975], [-118.24140305929902, 34.0638533798975], [-118.24140305929902, 34.06386826343291], [-118.24141204245187, 34.06386826343291]]}, "properties": {"confidence": "high"}}, {"type": "Feature", "geometry": {"type": "LineString", "coordinates": [[-118.23901354064327, 34.06386826343291], [-118.23901354064327, 34.0638533798975], [-118.23900455749043, 34.0638533798975], [-118.23900455749043, 34.06386826343291], [-118.23901354064327, 34.06386826343291]]}, "properties": {"confidence": "high"}}, {"type": "Feature", "geometry": {"type": "LineString", "coordinates": [[-118.23756725303585, 34.06386826343291], [-118.23756725303585, 34.0638533798975], [-118.237558269883, 34.0638533798975], [-118.237558269883, 34.06386826343291], [-118.23756725303585, 34.06386826343291]]}, "properties": {"confidence": "high"}}, {"type": "Feature", "geometry": {"type": "LineString", "coordinates": [[-118.24461902801617, 34.063860821665536], [-118.24461902801617, 34.0638533798975], [-118.2446010617105, 34.0638533798975], [-118.2446010617105, 34.063860821665536], [-118.24461902801617, 34.063860821665536]]}, "properties": {"confidence": "high"}}, {"type": "Feature", "geometry": {"type": "LineString", "coordinates": [[-118.24383749371901, 34.063860821665536], [-118.24383749371901, 34.0638533798975], [-118.24382851056617, 34.0638533798975], [-118.24382851056617, 34.063860821665536], [-118.24383749371901, 34.063860821665536]]}, "properties": {"confidence": "high"}}, {"type": "Feature", "geometry": {"type": "LineString", "coordinates": [[-118.23689351657275, 34.063860821665536], [-118.23689351657275, 34.0638533798975], [-118.23686656711422, 34.0638533798975], [-118.23686656711422, 34.063860821665536], [-118.23689351657275, 34.063860821665536]]}, "properties": {"confidence": "high"}}, {"type": "Feature", "geometry": {"type": "LineString", "coordinates": [[-118.2446010617105, 34.0638533798975], [-118.2446010617105, 34.063845938128814], [-118.24457411225197, 34.063845938128814], [-118.24457411225197, 34.0638533798975], [-118.2446010617105, 34.0638533798975]]}, "properties": {"confidence": "high"}}, {"type": "Feature", "geometry": {"type": "LineString", "coordinates": [[-118.24384647687185, 34.0638533798975], [-118.24384647687185, 34.063845938128814], [-118.24383749371901, 34.063845938128814], [-118.24383749371901, 34.0638533798975], [-118.24384647687185, 34.0638533798975]]}, "properties": {"confidence": "high"}}, {"type": "Feature", "geometry": {"type": "LineString", "coordinates": [[-118.23686656711422, 34.0638533798975], [-118.23686656711422, 34.063845938128814], [-118.23683063450285, 34.063845938128814], [-118.23683063450285, 34.0638533798975], [-118.23686656711422, 34.0638533798975]]}, "properties": {"confidence": "high"}}, {"type": "Feature", "geometry": {"type": "LineString", "coordinates": [[-118.24142102560471, 34.0638533798975], [-118.24142102560471, 34.06383849635947], [-118.24141204245187, 34.06383849635947], [-118.24141204245187, 34.0638533798975], [-118.24142102560471, 34.0638533798975]]}, "properties": {"confidence": "high"}}, {"type": "Feature", "geometry": {"type": "LineString", "coordinates": [[-118.2405227103206, 34.0638533798975], [-118.2405227103206, 34.06383849635947], [-118.24051372716777, 34.06383849635947], [-118.24051372716777, 34.0638533798975], [-118.2405227103206, 34.0638533798975]]}, "properties": {"confidence": "high"}}, {"type": "Feature", "geometry": {"type": "LineString", "coordinates": [[-118.23902252379611, 34.0638533798975], [-118.23902252379611, 34.06383849635947], [-118.23901354064327, 34.06383849635947], [-118.23901354064327, 34.0638533798975], [-118.23902252379611, 34.0638533798975]]}, "properties": {"confidence": "high"}}, {"type": "Feature", "geometry": {"type": "LineString", "coordinates": [[-118.23757623618869, 34.0638533798975], [-118.23757623618869, 34.06383849635947], [-118.23756725303585, 34.06383849635947], [-118.23756725303585, 34.0638533798975], [-118.23757623618869, 34.0638533798975]]}, "properties": {"confidence": "high"}}, {"type": "Feature", "geometry": {"type": "LineString", "coordinates": [[-118.24457411225197, 34.063845938128814], [-118.24457411225197, 34.06383849635947], [-118.24454716279345, 34.06383849635947], [-118.24454716279345, 34.063845938128814], [-118.24457411225197, 34.063845938128814]]}, "properties": {"confidence": "high"}}, {"type": "Feature", "geometry": {"type": "LineString", "coordinates": [[-118.24385546002469, 34.063845938128814], [-118.24385546002469, 34.06383849635947], [-118.24384647687185, 34.06383849635947], [-118.24384647687185, 34.063845938128814], [-118.24385546002469, 34.063845938128814]]}, "properties": {"confidence": "high"}}, {"type": "Feature", "geometry": {"type": "LineString", "coordinates": [[-118.23683063450285, 34.063845938128814], [-118.23683063450285, 34.06383849635947], [-118.2367947018915, 34.06383849635947], [-118.2367947018915, 34.063845938128814], [-118.23683063450285, 34.063845938128814]]}, "properties": {"confidence": "high"}}, {"type": "Feature", "geometry": {"type": "LineString", "coordinates": [[-118.24454716279345, 34.06383849635947], [-118.24454716279345, 34.063831054589485], [-118.24452021333492, 34.063831054589485], [-118.24452021333492, 34.06383849635947], [-118.24454716279345, 34.06383849635947]]}, "properties": {"confidence": "high"}}, {"type": "Feature", "geometry": {"type": "LineString", "coordinates": [[-118.24386444317753, 34.06383849635947], [-118.24386444317753, 34.063831054589485], [-118.24385546002469, 34.063831054589485], [-118.24385546002469, 34.06383849635947], [-118.24386444317753, 34.06383849635947]]}, "properties": {"confidence": "high"}}, {"type": "Feature", "geometry": {"type": "LineString", "coordinates": [[-118.2367947018915, 34.06383849635947], [-118.2367947018915, 34.063831054589485], [-118.23676775243297, 34.063831054589485], [-118.23676775243297, 34.06383849635947], [-118.2367947018915, 34.06383849635947]]}, "properties": {"confidence": "high"}}, {"type": "Feature", "geometry": {"type": "LineString", "coordinates": [[-118.24143000875755, 34.06383849635947], [-118.24143000875755, 34.06382361281884], [-118.24142102560471, 34.06382361281884], [-118.24142102560471, 34.06383849635947], [-118.24143000875755, 34.06383849635947]]}, "properties": {"confidence": "high"}}, {"type": "Feature", "geometry": {"type": "LineString", "coordinates": [[-118.24053169347344, 34.06383849635947], [-118.24053169347344, 34.06382361281884], [-118.2405227103206, 34.06382361281884], [-118.2405227103206, 34.06383849635947], [-118.24053169347344, 34.06383849635947]]}, "properties": {"confidence": "high"}}, {"type": "Feature", "geometry": {"type": "LineString", "coordinates": [[-118.23758521934153, 34.06383849635947], [-118.23758521934153, 34.06382361281884], [-118.23757623618869, 34.06382361281884], [-118.23757623618869, 34.06383849635947], [-118.23758521934153, 34.06383849635947]]}, "properties": {"confidence": "high"}}, {"type": "Feature", "geometry": {"type": "LineString", "coordinates": [[-118.24452021333492, 34.063831054589485], [-118.24452021333492, 34.06382361281884], [-118.24449326387641, 34.06382361281884], [-118.24449326387641, 34.063831054589485], [-118.24452021333492, 34.063831054589485]]}, "properties": {"confidence": "high"}}, {"type": "Feature", "geometry": {"type": "LineString", "coordinates": [[-118.24388240948322, 34.063831054589485], [-118.24388240948322, 34.06382361281884], [-118.24386444317753, 34.06382361281884], [-118.24386444317753, 34.063831054589485], [-118.24388240948322, 34.063831054589485]]}, "properties": {"confidence": "high"}}, {"type": "Feature", "geometry": {"type": "LineString", "coordinates": [[-118.23676775243297, 34.063831054589485], [-118.23676775243297, 34.06382361281884], [-118.23674080297445, 34.06382361281884], [-118.23674080297445, 34.063831054589485], [-118.23676775243297, 34.063831054589485]]}, "properties": {"confidence": "high"}}, {"type": "Feature", "geometry": {"type": "LineString", "coordinates": [[-118.23903150694895, 34.06383849635947], [-118.23903150694895, 34.063816171047534], [-118.23902252379611, 34.063816171047534], [-118.23902252379611, 34.06383849635947], [-118.23903150694895, 34.06383849635947]]}, "properties": {"confidence": "high"}}, {"type": "Feature", "geometry": {"type": "LineString", "coordinates": [[-118.24449326387641, 34.06382361281884], [-118.24449326387641, 34.063816171047534], [-118.24446631441788, 34.063816171047534], [-118.24446631441788, 34.06382361281884], [-118.24449326387641, 34.06382361281884]]}, "properties": {"confidence": "high"}}, {"type": "Feature", "geometry": {"type": "LineString", "coordinates": [[-118.24389139263606, 34.06382361281884], [-118.24389139263606, 34.063816171047534], [-118.24388240948322, 34.063816171047534], [-118.24388240948322, 34.06382361281884], [-118.24389139263606, 34.06382361281884]]}, "properties": {"confidence": "high"}}, {"type": "Feature", "geometry": {"type": "LineString", "coordinates": [[-118.23674080297445, 34.06382361281884], [-118.23674080297445, 34.063816171047534], [-118.23670487036308, 34.063816171047534], [-118.23670487036308, 34.06382361281884], [-118.23674080297445, 34.06382361281884]]}, "properties": {"confidence": "high"}}, {"type": "Feature", "geometry": {"type": "LineString", "coordinates": [[-118.24446631441788, 34.063816171047534], [-118.24446631441788, 34.063808729275586], [-118.24443936495936, 34.063808729275586], [-118.24443936495936, 34.063816171047534], [-118.24446631441788, 34.063816171047534]]}, "properties": {"confidence": "high"}}, {"type": "Feature", "geometry": {"type": "LineString", "coordinates": [[-118.2439003757889, 34.063816171047534], [-118.2439003757889, 34.063808729275586], [-118.24389139263606, 34.063808729275586], [-118.24389139263606, 34.063816171047534], [-118.2439003757889, 34.063816171047534]]}, "properties": {"confidence": "high"}}, {"type": "Feature", "geometry": {"type": "LineString", "coordinates": [[-118.23670487036308, 34.063816171047534], [-118.23670487036308, 34.063808729275586], [-118.23666893775172, 34.063808729275586], [-118.23666893775172, 34.063816171047534], [-118.23670487036308, 34.063816171047534]]}, "properties": {"confidence": "high"}}, {"type": "Feature", "geometry": {"type": "LineString", "coordinates": [[-118.24143899191039, 34.06382361281884], [-118.24143899191039, 34.063801287502976], [-118.24143000875755, 34.063801287502976], [-118.24143000875755, 34.06382361281884], [-118.24143899191039, 34.06382361281884]]}, "properties": {"confidence": "high"}}, {"type": "Feature", "geometry": {"type": "LineString", "coordinates": [[-118.2405406766263, 34.06382361281884], [-118.2405406766263, 34.063801287502976], [-118.24053169347344, 34.063801287502976], [-118.24053169347344, 34.06382361281884], [-118.2405406766263, 34.06382361281884]]}, "properties": {"confidence": "high"}}, {"type": "Feature", "geometry": {"type": "LineString", "coordinates": [[-118.23759420249436, 34.06382361281884], [-118.23759420249436, 34.063801287502976], [-118.23758521934153, 34.063801287502976], [-118.23758521934153, 34.06382361281884], [-118.23759420249436, 34.06382361281884]]}, "properties": {"confidence": "high"}}, {"type": "Feature", "geometry": {"type": "LineString", "coordinates": [[-118.23904049010179, 34.063816171047534], [-118.23904049010179, 34.063801287502976], [-118.23903150694895, 34.063801287502976], [-118.23903150694895, 34.063816171047534], [-118.23904049010179, 34.063816171047534]]}, "properties": {"confidence": "high"}}, {"type": "Feature", "geometry": {"type": "LineString", "coordinates": [[-118.24443936495936, 34.063808729275586], [-118.24443936495936, 34.063801287502976], [-118.24441241550083, 34.063801287502976], [-118.24441241550083, 34.063808729275586], [-118.24443936495936, 34.063808729275586]]}, "properties": {"confidence": "high"}}, {"type": "Feature", "geometry": {"type": "LineString", "coordinates": [[-118.24390935894174, 34.063808729275586], [-118.24390935894174, 34.063801287502976], [-118.2439003757889, 34.063801287502976], [-118.2439003757889, 34.063808729275586], [-118.24390935894174, 34.063808729275586]]}, "properties": {"confidence": "high"}}, {"type": "Feature", "geometry": {"type": "LineString", "coordinates": [[-118.23666893775172, 34.063808729275586], [-118.23666893775172, 34.063801287502976], [-118.23662402198751, 34.063801287502976], [-118.23662402198751, 34.063808729275586], [-118.23666893775172, 34.063808729275586]]}, "properties": {"confidence": "high"}}, {"type": "Feature", "geometry": {"type": "LineString", "coordinates": [[-118.24441241550083, 34.063801287502976], [-118.24441241550083, 34.06379384572971], [-118.24438546604232, 34.06379384572971], [-118.24438546604232, 34.063801287502976], [-118.24441241550083, 34.063801287502976]]}, "properties": {"confidence": "high"}}, {"type": "Feature", "geometry": {"type": "LineString", "coordinates": [[-118.2376031856472, 34.063801287502976], [-118.2376031856472, 34.06379384572971], [-118.23759420249436, 34.06379384572971], [-118.23759420249436, 34.063801287502976], [-118.2376031856472, 34.063801287502976]]}, "properties": {"confidence": "high"}}, {"type": "Feature", "geometry": {"type": "LineString", "coordinates": [[-118.23662402198751, 34.063801287502976], [-118.23662402198751, 34.06379384572971], [-118.236597072529, 34.06379384572971], [-118.236597072529, 34.063801287502976], [-118.23662402198751, 34.063801287502976]]}, "properties": {"confidence": "high"}}, {"type": "Feature", "geometry": {"type": "LineString", "coordinates": [[-118.24391834209457, 34.063801287502976], [-118.24391834209457, 34.0637864039558], [-118.24390935894174, 34.0637864039558], [-118.24390935894174, 34.063801287502976], [-118.24391834209457, 34.063801287502976]]}, "properties": {"confidence": "high"}}, {"type": "Feature", "geometry": {"type": "LineString", "coordinates": [[-118.24054965977913, 34.063801287502976], [-118.24054965977913, 34.0637864039558], [-118.2405406766263, 34.0637864039558], [-118.2405406766263, 34.063801287502976], [-118.24054965977913, 34.063801287502976]]}, "properties": {"confidence": "high"}}, {"type": "Feature", "geometry": {"type": "LineString", "coordinates": [[-118.24438546604232, 34.06379384572971], [-118.24438546604232, 34.0637864039558], [-118.24435851658379, 34.0637864039558], [-118.24435851658379, 34.06379384572971], [-118.24438546604232, 34.06379384572971]]}, "properties": {"confidence": "high"}}, {"type": "Feature", "geometry": {"type": "LineString", "coordinates": [[-118.236597072529, 34.06379384572971], [-118.236597072529, 34.0637864039558], [-118.23657012307046, 34.0637864039558], [-118.23657012307046, 34.06379384572971], [-118.236597072529, 34.06379384572971]]}, "properties": {"confidence": "high"}}, {"type": "Feature", "geometry": {"type": "LineString", "coordinates": [[-118.24144797506325, 34.063801287502976], [-118.24144797506325, 34.06377896218123], [-118.24143899191039, 34.06377896218123], [-118.24143899191039, 34.063801287502976], [-118.24144797506325, 34.063801287502976]]}, "properties": {"confidence": "high"}}, {"type": "Feature", "geometry": {"type": "LineString", "coordinates": [[-118.23904947325464, 34.063801287502976], [-118.23904947325464, 34.06377896218123], [-118.23904049010179, 34.06377896218123], [-118.23904049010179, 34.063801287502976], [-118.23904947325464, 34.063801287502976]]}, "properties": {"confidence": "high"}}, {"type": "Feature", "geometry": {"type": "LineString", "coordinates": [[-118.23761216880006, 34.06379384572971], [-118.23761216880006, 34.06377896218123], [-118.2376031856472, 34.06377896218123], [-118.2376031856472, 34.06379384572971], [-118.23761216880006, 34.06379384572971]]}, "properties": {"confidence": "high"}}, {"type": "Feature", "geometry": {"type": "LineString", "coordinates": [[-118.24435851658379, 34.0637864039558], [-118.24435851658379, 34.06377896218123], [-118.24433156712526, 34.06377896218123], [-118.24433156712526, 34.0637864039558], [-118.24435851658379, 34.0637864039558]]}, "properties": {"confidence": "high"}}, {"type": "Feature", "geometry": {"type": "LineString", "coordinates": [[-118.24392732524743, 34.0637864039558], [-118.24392732524743, 34.06377896218123], [-118.24391834209457, 34.06377896218123], [-118.24391834209457, 34.0637864039558], [-118.24392732524743, 34.0637864039558]]}, "properties": {"confidence": "high"}}, {"type": "Feature", "geometry": {"type": "LineString", "coordinates": [[-118.23657012307046, 34.0637864039558], [-118.23657012307046, 34.06377896218123], [-118.23654317361195, 34.06377896218123], [-118.23654317361195, 34.0637864039558], [-118.23657012307046, 34.0637864039558]]}, "properties": {"confidence": "high"}}, {"type": "Feature", "geometry": {"type": "LineString", "coordinates": [[-118.24433156712526, 34.06377896218123], [-118.24433156712526, 34.063771520406014], [-118.24430461766674, 34.063771520406014], [-118.24430461766674, 34.06377896218123], [-118.24433156712526, 34.06377896218123]]}, "properties": {"confidence": "high"}}, {"type": "Feature", "geometry": {"type": "LineString", "coordinates": [[-118.23654317361195, 34.06377896218123], [-118.23654317361195, 34.063771520406014], [-118.23651622415342, 34.063771520406014], [-118.23651622415342, 34.06377896218123], [-118.23654317361195, 34.06377896218123]]}, "properties": {"confidence": "high"}}, {"type": "Feature", "geometry": {"type": "LineString", "coordinates": [[-118.24055864293197, 34.0637864039558], [-118.24055864293197, 34.06376407863014], [-118.24054965977913, 34.06376407863014], [-118.24054965977913, 34.0637864039558], [-118.24055864293197, 34.0637864039558]]}, "properties": {"confidence": "high"}}, {"type": "Feature", "geometry": {"type": "LineString", "coordinates": [[-118.24145695821609, 34.06377896218123], [-118.24145695821609, 34.06376407863014], [-118.24144797506325, 34.06376407863014], [-118.24144797506325, 34.06377896218123], [-118.24145695821609, 34.06377896218123]]}, "properties": {"confidence": "high"}}, {"type": "Feature", "geometry": {"type": "LineString", "coordinates": [[-118.23905845640748, 34.06377896218123], [-118.23905845640748, 34.06376407863014], [-118.23904947325464, 34.06376407863014], [-118.23904947325464, 34.06377896218123], [-118.23905845640748, 34.06377896218123]]}, "properties": {"confidence": "high"}}, {"type": "Feature", "geometry": {"type": "LineString", "coordinates": [[-118.2376211519529, 34.06377896218123], [-118.2376211519529, 34.06376407863014], [-118.23761216880006, 34.06376407863014], [-118.23761216880006, 34.06377896218123], [-118.2376211519529, 34.06377896218123]]}, "properties": {"confidence": "high"}}, {"type": "Feature", "geometry": {"type": "LineString", "coordinates": [[-118.24430461766674, 34.063771520406014], [-118.24430461766674, 34.06376407863014], [-118.24427766820821, 34.06376407863014], [-118.24427766820821, 34.063771520406014], [-118.24430461766674, 34.063771520406014]]}, "properties": {"confidence": "high"}}, {"type": "Feature", "geometry": {"type": "LineString", "coordinates": [[-118.23651622415342, 34.063771520406014], [-118.23651622415342, 34.06376407863014], [-118.23648029154205, 34.06376407863014], [-118.23648029154205, 34.063771520406014], [-118.23651622415342, 34.063771520406014]]}, "properties": {"confidence": "high"}}, {"type": "Feature", "geometry": {"type": "LineString", "coordinates": [[-118.24393630840027, 34.06377896218123], [-118.24393630840027, 34.06375663685361], [-118.24392732524743, 34.06375663685361], [-118.24392732524743, 34.06377896218123], [-118.24393630840027, 34.06377896218123]]}, "properties": {"confidence": "high"}}, {"type": "Feature", "geometry": {"type": "LineString", "coordinates": [[-118.24427766820821, 34.06376407863014], [-118.24427766820821, 34.06375663685361], [-118.24424173559686, 34.06375663685361], [-118.24424173559686, 34.06376407863014], [-118.24427766820821, 34.06376407863014]]}, "properties": {"confidence": "high"}}, {"type": "Feature", "geometry": {"type": "LineString", "coordinates": [[-118.23648029154205, 34.06376407863014], [-118.23648029154205, 34.06375663685361], [-118.23645334208354, 34.06375663685361], [-118.23645334208354, 34.06376407863014], [-118.23648029154205, 34.06376407863014]]}, "properties": {"confidence": "high"}}, {"type": "Feature", "geometry": {"type": "LineString", "coordinates": [[-118.24146594136894, 34.06376407863014], [-118.24146594136894, 34.063749195076426], [-118.24145695821609, 34.063749195076426], [-118.24145695821609, 34.06376407863014], [-118.24146594136894, 34.06376407863014]]}, "properties": {"confidence": "high"}}, {"type": "Feature", "geometry": {"type": "LineString", "coordinates": [[-118.24056762608481, 34.06376407863014], [-118.24056762608481, 34.063749195076426], [-118.24055864293197, 34.063749195076426], [-118.24055864293197, 34.06376407863014], [-118.24056762608481, 34.06376407863014]]}, "properties": {"confidence": "high"}}, {"type": "Feature", "geometry": {"type": "LineString", "coordinates": [[-118.23763013510573, 34.06376407863014], [-118.23763013510573, 34.063749195076426], [-118.2376211519529, 34.063749195076426], [-118.2376211519529, 34.06376407863014], [-118.23763013510573, 34.06376407863014]]}, "properties": {"confidence": "high"}}, {"type": "Feature", "geometry": {"type": "LineString", "coordinates": [[-118.24424173559686, 34.06375663685361], [-118.24424173559686, 34.063749195076426], [-118.24422376929117, 34.063749195076426], [-118.24422376929117, 34.06375663685361], [-118.24424173559686, 34.06375663685361]]}, "properties": {"confidence": "high"}}, {"type": "Feature", "geometry": {"type": "LineString", "coordinates": [[-118.23645334208354, 34.06375663685361], [-118.23645334208354, 34.063749195076426], [-118.236426392625, 34.063749195076426], [-118.236426392625, 34.06375663685361], [-118.23645334208354, 34.06375663685361]]}, "properties": {"confidence": "high"}}, {"type": "Feature", "geometry": {"type": "LineString", "coordinates": [[-118.23906743956032, 34.06376407863014], [-118.23906743956032, 34.06374175329859], [-118.23905845640748, 34.06374175329859], [-118.23905845640748, 34.06376407863014], [-118.23906743956032, 34.06376407863014]]}, "properties": {"confidence": "high"}}, {"type": "Feature", "geometry": {"type": "LineString", "coordinates": [[-118.24422376929117, 34.063749195076426], [-118.24422376929117, 34.06374175329859], [-118.24419681983265, 34.06374175329859], [-118.24419681983265, 34.063749195076426], [-118.24422376929117, 34.063749195076426]]}, "properties": {"confidence": "high"}}, {"type": "Feature", "geometry": {"type": "LineString", "coordinates": [[-118.236426392625, 34.063749195076426], [-118.236426392625, 34.06374175329859], [-118.23639046001365, 34.06374175329859], [-118.23639046001365, 34.063749195076426], [-118.236426392625, 34.063749195076426]]}, "properties": {"confidence": "high"}}, {"type": "Feature", "geometry": {"type": "LineString", "coordinates": [[-118.2439452915531, 34.06375663685361], [-118.2439452915531, 34.06373431152009], [-118.24393630840027, 34.06373431152009], [-118.24393630840027, 34.06375663685361], [-118.2439452915531, 34.06375663685361]]}, "properties": {"confidence": "high"}}, {"type": "Feature", "geometry": {"type": "LineString", "coordinates": [[-118.24057660923765, 34.063749195076426], [-118.24057660923765, 34.06373431152009], [-118.24056762608481, 34.06373431152009], [-118.24056762608481, 34.063749195076426], [-118.24057660923765, 34.063749195076426]]}, "properties": {"confidence": "high"}}, {"type": "Feature", "geometry": {"type": "LineString", "coordinates": [[-118.24419681983265, 34.06374175329859], [-118.24419681983265, 34.06373431152009], [-118.24416987037412, 34.06373431152009], [-118.24416987037412, 34.06374175329859], [-118.24419681983265, 34.06374175329859]]}, "properties": {"confidence": "high"}}, {"type": "Feature", "geometry": {"type": "LineString", "coordinates": [[-118.23639046001365, 34.06374175329859], [-118.23639046001365, 34.06373431152009], [-118.23634554424945, 34.06373431152009], [-118.23634554424945, 34.06374175329859], [-118.23639046001365, 34.06374175329859]]}, "properties": {"confidence": "high"}}, {"type": "Feature", "geometry": {"type": "LineString", "coordinates": [[-118.24147492452178, 34.063749195076426], [-118.24147492452178, 34.063726869740954], [-118.24146594136894, 34.063726869740954], [-118.24146594136894, 34.063749195076426], [-118.24147492452178, 34.063749195076426]]}, "properties": {"confidence": "high"}}, {"type": "Feature", "geometry": {"type": "LineString", "coordinates": [[-118.23763911825857, 34.063749195076426], [-118.23763911825857, 34.063726869740954], [-118.23763013510573, 34.063726869740954], [-118.23763013510573, 34.063749195076426], [-118.23763911825857, 34.063749195076426]]}, "properties": {"confidence": "high"}}, {"type": "Feature", "geometry": {"type": "LineString", "coordinates": [[-118.23907642271315, 34.06374175329859], [-118.23907642271315, 34.063726869740954], [-118.23906743956032, 34.063726869740954], [-118.23906743956032, 34.06374175329859], [-118.23907642271315, 34.06374175329859]]}, "properties": {"confidence": "high"}}, {"type": "Feature", "geometry": {"type": "LineString", "coordinates": [[-118.24416987037412, 34.06373431152009], [-118.24416987037412, 34.063726869740954], [-118.2441429209156, 34.063726869740954], [-118.2441429209156, 34.06373431152009], [-118.24416987037412, 34.06373431152009]]}, "properties": {"confidence": "high"}}, {"type": "Feature", "geometry": {"type": "LineString", "coordinates": [[-118.24395427470594, 34.06373431152009], [-118.24395427470594, 34.063726869740954], [-118.2439452915531, 34.063726869740954], [-118.2439452915531, 34.06373431152009], [-118.24395427470594, 34.06373431152009]]}, "properties": {"confidence": "high"}}, {"type": "Feature", "geometry": {"type": "LineString", "coordinates": [[-118.23634554424945, 34.06373431152009], [-118.23634554424945, 34.063726869740954], [-118.23630961163808, 34.063726869740954], [-118.23630961163808, 34.06373431152009], [-118.23634554424945, 34.06373431152009]]}, "properties": {"confidence": "high"}}, {"type": "Feature", "geometry": {"type": "LineString", "coordinates": [[-118.2441429209156, 34.063726869740954], [-118.2441429209156, 34.06371942796116], [-118.24408902199856, 34.06371942796116], [-118.24408902199856, 34.063726869740954], [-118.2441429209156, 34.063726869740954]]}, "properties": {"confidence": "high"}}, {"type": "Feature", "geometry": {"type": "LineString", "coordinates": [[-118.24396325785878, 34.063726869740954], [-118.24396325785878, 34.06371942796116], [-118.24395427470594, 34.06371942796116], [-118.24395427470594, 34.063726869740954], [-118.24396325785878, 34.063726869740954]]}, "properties": {"confidence": "high"}}, {"type": "Feature", "geometry": {"type": "LineString", "coordinates": [[-118.23630961163808, 34.063726869740954], [-118.23630961163808, 34.06371942796116], [-118.23628266217956, 34.06371942796116], [-118.23628266217956, 34.063726869740954], [-118.23630961163808, 34.063726869740954]]}, "properties": {"confidence": "high"}}, {"type": "Feature", "geometry": {"type": "LineString", "coordinates": [[-118.24058559239049, 34.06373431152009], [-118.24058559239049, 34.06371198618071], [-118.24057660923765, 34.06371198618071], [-118.24057660923765, 34.06373431152009], [-118.24058559239049, 34.06373431152009]]}, "properties": {"confidence": "high"}}, {"type": "Feature", "geometry": {"type": "LineString", "coordinates": [[-118.24148390767462, 34.063726869740954], [-118.24148390767462, 34.06371198618071], [-118.24147492452178, 34.06371198618071], [-118.24147492452178, 34.063726869740954], [-118.24148390767462, 34.063726869740954]]}, "properties": {"confidence": "high"}}, {"type": "Feature", "geometry": {"type": "LineString", "coordinates": [[-118.23908540586599, 34.063726869740954], [-118.23908540586599, 34.06371198618071], [-118.23907642271315, 34.06371198618071], [-118.23907642271315, 34.063726869740954], [-118.23908540586599, 34.063726869740954]]}, "properties": {"confidence": "high"}}, {"type": "Feature", "geometry": {"type": "LineString", "coordinates": [[-118.24408902199856, 34.06371942796116], [-118.24408902199856, 34.06371198618071], [-118.24406207254003, 34.06371198618071], [-118.24406207254003, 34.06371942796116], [-118.24408902199856, 34.06371942796116]]}, "properties": {"confidence": "high"}}, {"type": "Feature", "geometry": {"type": "LineString", "coordinates": [[-118.24397224101162, 34.06371942796116], [-118.24397224101162, 34.06371198618071], [-118.24396325785878, 34.06371198618071], [-118.24396325785878, 34.06371942796116], [-118.24397224101162, 34.06371942796116]]}, "properties": {"confidence": "high"}}, {"type": "Feature", "geometry": {"type": "LineString", "coordinates": [[-118.23628266217956, 34.06371942796116], [-118.23628266217956, 34.06371198618071], [-118.23625571272103, 34.06371198618071], [-118.23625571272103, 34.06371942796116], [-118.23628266217956, 34.06371942796116]]}, "properties": {"confidence": "high"}}, {"type": "Feature", "geometry": {"type": "LineString", "coordinates": [[-118.23764810141141, 34.063726869740954], [-118.23764810141141, 34.063704544399606], [-118.23763911825857, 34.063704544399606], [-118.23763911825857, 34.063726869740954], [-118.23764810141141, 34.063726869740954]]}, "properties": {"confidence": "high"}}, {"type": "Feature", "geometry": {"type": "LineString", "coordinates": [[-118.24406207254003, 34.06371198618071], [-118.24406207254003, 34.063704544399606], [-118.24404410623436, 34.063704544399606], [-118.24404410623436, 34.06371198618071], [-118.24406207254003, 34.06371198618071]]}, "properties": {"confidence": "high"}}, {"type": "Feature", "geometry": {"type": "LineString", "coordinates": [[-118.24398122416447, 34.06371198618071], [-118.24398122416447, 34.063704544399606], [-118.24397224101162, 34.063704544399606], [-118.24397224101162, 34.06371198618071], [-118.24398122416447, 34.06371198618071]]}, "properties": {"confidence": "high"}}, {"type": "Feature", "geometry": {"type": "LineString", "coordinates": [[-118.23625571272103, 34.06371198618071], [-118.23625571272103, 34.063704544399606], [-118.23623774641536, 34.063704544399606], [-118.23623774641536, 34.06371198618071], [-118.23625571272103, 34.06371198618071]]}, "properties": {"confidence": "high"}}, {"type": "Feature", "geometry": {"type": "LineString", "coordinates": [[-118.24059457554334, 34.06371198618071], [-118.24059457554334, 34.06369710261785], [-118.24058559239049, 34.06369710261785], [-118.24058559239049, 34.06371198618071], [-118.24059457554334, 34.06371198618071]]}, "properties": {"confidence": "high"}}, {"type": "Feature", "geometry": {"type": "LineString", "coordinates": [[-118.24404410623436, 34.063704544399606], [-118.24404410623436, 34.06369710261785], [-118.24403512308152, 34.06369710261785], [-118.24403512308152, 34.063704544399606], [-118.24404410623436, 34.063704544399606]]}, "properties": {"confidence": "high"}}, {"type": "Feature", "geometry": {"type": "LineString", "coordinates": [[-118.23623774641536, 34.063704544399606], [-118.23623774641536, 34.06369710261785], [-118.23618384749831, 34.06369710261785], [-118.23618384749831, 34.063704544399606], [-118.23623774641536, 34.063704544399606]]}, "properties": {"confidence": "high"}}, {"type": "Feature", "geometry": {"type": "LineString", "coordinates": [[-118.24149289082746, 34.06371198618071], [-118.24149289082746, 34.06368966083544], [-118.24148390767462, 34.06368966083544], [-118.24148390767462, 34.06371198618071], [-118.24149289082746, 34.06371198618071]]}, "properties": {"confidence": "high"}}, {"type": "Feature", "geometry": {"type": "LineString", "coordinates": [[-118.23909438901883, 34.06371198618071], [-118.23909438901883, 34.06368966083544], [-118.23908540586599, 34.06368966083544], [-118.23908540586599, 34.06371198618071], [-118.23909438901883, 34.06371198618071]]}, "properties": {"confidence": "high"}}, {"type": "Feature", "geometry": {"type": "LineString", "coordinates": [[-118.23618384749831, 34.06369710261785], [-118.23618384749831, 34.06368966083544], [-118.23614791488694, 34.06368966083544], [-118.23614791488694, 34.06369710261785], [-118.23618384749831, 34.06369710261785]]}, "properties": {"confidence": "high"}}, {"type": "Feature", "geometry": {"type": "LineString", "coordinates": [[-118.23765708456425, 34.063704544399606], [-118.23765708456425, 34.063682219052374], [-118.23764810141141, 34.063682219052374], [-118.23764810141141, 34.063704544399606], [-118.23765708456425, 34.063704544399606]]}, "properties": {"confidence": "high"}}, {"type": "Feature", "geometry": {"type": "LineString", "coordinates": [[-118.24399020731731, 34.063704544399606], [-118.24399020731731, 34.06369710261785], [-118.24403512308152, 34.06369710261785], [-118.24403512308152, 34.06368966083544], [-118.24399020731731, 34.06368966083544], [-118.24399020731731, 34.063682219052374], [-118.24398122416447, 34.063682219052374], [-118.24398122416447, 34.063704544399606], [-118.24399020731731, 34.063704544399606]]}, "properties": {"confidence": "high"}}, {"type": "Feature", "geometry": {"type": "LineString", "coordinates": [[-118.24060355869618, 34.06369710261785], [-118.24060355869618, 34.063682219052374], [-118.24059457554334, 34.063682219052374], [-118.24059457554334, 34.06369710261785], [-118.24060355869618, 34.06369710261785]]}, "properties": {"confidence": "high"}}, {"type": "Feature", "geometry": {"type": "LineString", "coordinates": [[-118.24404410623436, 34.06368966083544], [-118.24404410623436, 34.063682219052374], [-118.24403512308152, 34.063682219052374], [-118.24403512308152, 34.06368966083544], [-118.24404410623436, 34.06368966083544]]}, "properties": {"confidence": "high"}}, {"type": "Feature", "geometry": {"type": "LineString", "coordinates": [[-118.23614791488694, 34.06368966083544], [-118.23614791488694, 34.063682219052374], [-118.23612994858127, 34.063682219052374], [-118.23612994858127, 34.06368966083544], [-118.23614791488694, 34.06368966083544]]}, "properties": {"confidence": "high"}}, {"type": "Feature", "geometry": {"type": "LineString", "coordinates": [[-118.2415018739803, 34.06368966083544], [-118.2415018739803, 34.06367477726866], [-118.24149289082746, 34.06367477726866], [-118.24149289082746, 34.06368966083544], [-118.2415018739803, 34.06368966083544]]}, "properties": {"confidence": "high"}}, {"type": "Feature", "geometry": {"type": "LineString", "coordinates": [[-118.23910337217168, 34.06368966083544], [-118.23910337217168, 34.06367477726866], [-118.23909438901883, 34.06367477726866], [-118.23909438901883, 34.06368966083544], [-118.23910337217168, 34.06368966083544]]}, "properties": {"confidence": "high"}}, {"type": "Feature", "geometry": {"type": "LineString", "coordinates": [[-118.2440530893872, 34.063682219052374], [-118.2440530893872, 34.06367477726866], [-118.24404410623436, 34.06367477726866], [-118.24404410623436, 34.063682219052374], [-118.2440530893872, 34.063682219052374]]}, "properties": {"confidence": "high"}}, {"type": "Feature", "geometry": {"type": "LineString", "coordinates": [[-118.24398122416447, 34.063682219052374], [-118.24398122416447, 34.06367477726866], [-118.24397224101162, 34.06367477726866], [-118.24397224101162, 34.063682219052374], [-118.24398122416447, 34.063682219052374]]}, "properties": {"confidence": "high"}}, {"type": "Feature", "geometry": {"type": "LineString", "coordinates": [[-118.2376660677171, 34.063682219052374], [-118.2376660677171, 34.06366733548429], [-118.23765708456425, 34.06366733548429], [-118.23765708456425, 34.063682219052374], [-118.2376660677171, 34.063682219052374]]}, "properties": {"confidence": "high"}}, {"type": "Feature", "geometry": {"type": "LineString", "coordinates": [[-118.24406207254003, 34.06367477726866], [-118.24406207254003, 34.06366733548429], [-118.2440530893872, 34.06366733548429], [-118.2440530893872, 34.06367477726866], [-118.24406207254003, 34.06367477726866]]}, "properties": {"confidence": "high"}}, {"type": "Feature", "geometry": {"type": "LineString", "coordinates": [[-118.24397224101162, 34.06367477726866], [-118.24397224101162, 34.06366733548429], [-118.24395427470594, 34.06366733548429], [-118.24395427470594, 34.06367477726866], [-118.24397224101162, 34.06367477726866]]}, "properties": {"confidence": "high"}}, {"type": "Feature", "geometry": {"type": "LineString", "coordinates": [[-118.24395427470594, 34.06366733548429], [-118.24395427470594, 34.06365989369927], [-118.24392732524743, 34.06365989369927], [-118.24392732524743, 34.06366733548429], [-118.24395427470594, 34.06366733548429]]}, "properties": {"confidence": "high"}}, {"type": "Feature", "geometry": {"type": "LineString", "coordinates": [[-118.24151085713314, 34.06367477726866], [-118.24151085713314, 34.06365245191359], [-118.2415018739803, 34.06365245191359], [-118.2415018739803, 34.06367477726866], [-118.24151085713314, 34.06367477726866]]}, "properties": {"confidence": "high"}}, {"type": "Feature", "geometry": {"type": "LineString", "coordinates": [[-118.23911235532452, 34.06367477726866], [-118.23911235532452, 34.06365245191359], [-118.23910337217168, 34.06365245191359], [-118.23910337217168, 34.06367477726866], [-118.23911235532452, 34.06367477726866]]}, "properties": {"confidence": "high"}}, {"type": "Feature", "geometry": {"type": "LineString", "coordinates": [[-118.24407105569287, 34.06366733548429], [-118.24407105569287, 34.06365245191359], [-118.24406207254003, 34.06365245191359], [-118.24406207254003, 34.06366733548429], [-118.24407105569287, 34.06366733548429]]}, "properties": {"confidence": "high"}}, {"type": "Feature", "geometry": {"type": "LineString", "coordinates": [[-118.24392732524743, 34.06365989369927], [-118.24392732524743, 34.06365245191359], [-118.24388240948322, 34.06365245191359], [-118.24388240948322, 34.06365989369927], [-118.24392732524743, 34.06365989369927]]}, "properties": {"confidence": "high"}}, {"type": "Feature", "geometry": {"type": "LineString", "coordinates": [[-118.24061254184902, 34.063682219052374], [-118.24061254184902, 34.06364501012726], [-118.24060355869618, 34.06364501012726], [-118.24060355869618, 34.063682219052374], [-118.24061254184902, 34.063682219052374]]}, "properties": {"confidence": "high"}}, {"type": "Feature", "geometry": {"type": "LineString", "coordinates": [[-118.23767505086994, 34.06366733548429], [-118.23767505086994, 34.06364501012726], [-118.2376660677171, 34.06364501012726], [-118.2376660677171, 34.06366733548429], [-118.23767505086994, 34.06366733548429]]}, "properties": {"confidence": "high"}}, {"type": "Feature", "geometry": {"type": "LineString", "coordinates": [[-118.24388240948322, 34.06365245191359], [-118.24388240948322, 34.06364501012726], [-118.24385546002469, 34.06364501012726], [-118.24385546002469, 34.06365245191359], [-118.24388240948322, 34.06365245191359]]}, "properties": {"confidence": "high"}}, {"type": "Feature", "geometry": {"type": "LineString", "coordinates": [[-118.24408003884572, 34.06365245191359], [-118.24408003884572, 34.063637568340276], [-118.24407105569287, 34.063637568340276], [-118.24407105569287, 34.06365245191359], [-118.24408003884572, 34.06365245191359]]}, "properties": {"confidence": "high"}}, {"type": "Feature", "geometry": {"type": "LineString", "coordinates": [[-118.24151984028599, 34.06365245191359], [-118.24151984028599, 34.063637568340276], [-118.24151085713314, 34.063637568340276], [-118.24151085713314, 34.06365245191359], [-118.24151984028599, 34.06365245191359]]}, "properties": {"confidence": "high"}}, {"type": "Feature", "geometry": {"type": "LineString", "coordinates": [[-118.23912133847736, 34.06365245191359], [-118.23912133847736, 34.063637568340276], [-118.23911235532452, 34.063637568340276], [-118.23911235532452, 34.06365245191359], [-118.23912133847736, 34.06365245191359]]}, "properties": {"confidence": "high"}}, {"type": "Feature", "geometry": {"type": "LineString", "coordinates": [[-118.24385546002469, 34.06364501012726], [-118.24385546002469, 34.063637568340276], [-118.24381952741332, 34.063637568340276], [-118.24381952741332, 34.06364501012726], [-118.24385546002469, 34.06364501012726]]}, "properties": {"confidence": "high"}}, {"type": "Feature", "geometry": {"type": "LineString", "coordinates": [[-118.24381952741332, 34.063637568340276], [-118.24381952741332, 34.06363012655264], [-118.2437925779548, 34.06363012655264], [-118.2437925779548, 34.063637568340276], [-118.24381952741332, 34.063637568340276]]}, "properties": {"confidence": "high"}}, {"type": "Feature", "geometry": {"type": "LineString", "coordinates": [[-118.24062152500186, 34.06364501012726], [-118.24062152500186, 34.06362268476435], [-118.24061254184902, 34.06362268476435], [-118.24061254184902, 34.06364501012726], [-118.24062152500186, 34.06364501012726]]}, "properties": {"confidence": "high"}}, {"type": "Feature", "geometry": {"type": "LineString", "coordinates": [[-118.23768403402278, 34.06364501012726], [-118.23768403402278, 34.06362268476435], [-118.23767505086994, 34.06362268476435], [-118.23767505086994, 34.06364501012726], [-118.23768403402278, 34.06364501012726]]}, "properties": {"confidence": "high"}}, {"type": "Feature", "geometry": {"type": "LineString", "coordinates": [[-118.24152882343883, 34.063637568340276], [-118.24152882343883, 34.06362268476435], [-118.24151984028599, 34.06362268476435], [-118.24151984028599, 34.063637568340276], [-118.24152882343883, 34.063637568340276]]}, "properties": {"confidence": "high"}}, {"type": "Feature", "geometry": {"type": "LineString", "coordinates": [[-118.2391303216302, 34.063637568340276], [-118.2391303216302, 34.06362268476435], [-118.23912133847736, 34.06362268476435], [-118.23912133847736, 34.063637568340276], [-118.2391303216302, 34.063637568340276]]}, "properties": {"confidence": "high"}}, {"type": "Feature", "geometry": {"type": "LineString", "coordinates": [[-118.2437925779548, 34.06363012655264], [-118.2437925779548, 34.06362268476435], [-118.24376562849628, 34.06362268476435], [-118.24376562849628, 34.06363012655264], [-118.2437925779548, 34.06363012655264]]}, "properties": {"confidence": "high"}}, {"type": "Feature", "geometry": {"type": "LineString", "coordinates": [[-118.23612994858127, 34.063682219052374], [-118.23612994858127, 34.063615242975395], [-118.23612096542841, 34.063615242975395], [-118.23612096542841, 34.063682219052374], [-118.23612994858127, 34.063682219052374]]}, "properties": {"confidence": "high"}}, {"type": "Feature", "geometry": {"type": "LineString", "coordinates": [[-118.24408902199856, 34.063637568340276], [-118.24408902199856, 34.063615242975395], [-118.24408003884572, 34.063615242975395], [-118.24408003884572, 34.063637568340276], [-118.24408902199856, 34.063637568340276]]}, "properties": {"confidence": "high"}}, {"type": "Feature", "geometry": {"type": "LineString", "coordinates": [[-118.24376562849628, 34.06362268476435], [-118.24376562849628, 34.063615242975395], [-118.24373867903776, 34.063615242975395], [-118.24373867903776, 34.06362268476435], [-118.24376562849628, 34.06362268476435]]}, "properties": {"confidence": "high"}}, {"type": "Feature", "geometry": {"type": "LineString", "coordinates": [[-118.24153780659167, 34.06362268476435], [-118.24153780659167, 34.0636078011858], [-118.24152882343883, 34.0636078011858], [-118.24152882343883, 34.06362268476435], [-118.24153780659167, 34.06362268476435]]}, "properties": {"confidence": "high"}}, {"type": "Feature", "geometry": {"type": "LineString", "coordinates": [[-118.2406305081547, 34.06362268476435], [-118.2406305081547, 34.0636078011858], [-118.24062152500186, 34.0636078011858], [-118.24062152500186, 34.06362268476435], [-118.2406305081547, 34.06362268476435]]}, "properties": {"confidence": "high"}}, {"type": "Feature", "geometry": {"type": "LineString", "coordinates": [[-118.23913930478304, 34.06362268476435], [-118.23913930478304, 34.0636078011858], [-118.2391303216302, 34.0636078011858], [-118.2391303216302, 34.06362268476435], [-118.23913930478304, 34.06362268476435]]}, "properties": {"confidence": "high"}}, {"type": "Feature", "geometry": {"type": "LineString", "coordinates": [[-118.24373867903776, 34.063615242975395], [-118.24373867903776, 34.0636078011858], [-118.2437117295792, 34.0636078011858], [-118.2437117295792, 34.063615242975395], [-118.24373867903776, 34.063615242975395]]}, "properties": {"confidence": "high"}}, {"type": "Feature", "geometry": {"type": "LineString", "coordinates": [[-118.2437117295792, 34.0636078011858], [-118.2437117295792, 34.063600359395544], [-118.24368478012069, 34.063600359395544], [-118.24368478012069, 34.0636078011858], [-118.2437117295792, 34.0636078011858]]}, "properties": {"confidence": "high"}}, {"type": "Feature", "geometry": {"type": "LineString", "coordinates": [[-118.24222052620757, 34.0636078011858], [-118.24222052620757, 34.063600359395544], [-118.24213069467918, 34.063600359395544], [-118.24213069467918, 34.0636078011858], [-118.24222052620757, 34.0636078011858]]}, "properties": {"confidence": "high"}}, {"type": "Feature", "geometry": {"type": "LineString", "coordinates": [[-118.23769301717562, 34.06362268476435], [-118.23769301717562, 34.063592917604645], [-118.23768403402278, 34.063592917604645], [-118.23768403402278, 34.06362268476435], [-118.23769301717562, 34.06362268476435]]}, "properties": {"confidence": "high"}}, {"type": "Feature", "geometry": {"type": "LineString", "coordinates": [[-118.2440980051514, 34.063615242975395], [-118.2440980051514, 34.063592917604645], [-118.24408902199856, 34.063592917604645], [-118.24408902199856, 34.063615242975395], [-118.2440980051514, 34.063615242975395]]}, "properties": {"confidence": "high"}}, {"type": "Feature", "geometry": {"type": "LineString", "coordinates": [[-118.24368478012069, 34.063600359395544], [-118.24368478012069, 34.063592917604645], [-118.24365783066216, 34.063592917604645], [-118.24365783066216, 34.063600359395544], [-118.24368478012069, 34.063600359395544]]}, "properties": {"confidence": "high"}}, {"type": "Feature", "geometry": {"type": "LineString", "coordinates": [[-118.24231934088883, 34.063600359395544], [-118.24231934088883, 34.063592917604645], [-118.24222052620757, 34.063592917604645], [-118.24222052620757, 34.063600359395544], [-118.24231934088883, 34.063600359395544]]}, "properties": {"confidence": "high"}}, {"type": "Feature", "geometry": {"type": "LineString", "coordinates": [[-118.24213069467918, 34.063600359395544], [-118.24213069467918, 34.063592917604645], [-118.24203187999792, 34.063592917604645], [-118.24203187999792, 34.063600359395544], [-118.24213069467918, 34.063600359395544]]}, "properties": {"confidence": "high"}}, {"type": "Feature", "geometry": {"type": "LineString", "coordinates": [[-118.2361389317341, 34.063615242975395], [-118.2361389317341, 34.063585475813085], [-118.23612994858127, 34.063585475813085], [-118.23612994858127, 34.063615242975395], [-118.2361389317341, 34.063615242975395]]}, "properties": {"confidence": "high"}}, {"type": "Feature", "geometry": {"type": "LineString", "coordinates": [[-118.2415467897445, 34.0636078011858], [-118.2415467897445, 34.063585475813085], [-118.24153780659167, 34.063585475813085], [-118.24153780659167, 34.0636078011858], [-118.2415467897445, 34.0636078011858]]}, "properties": {"confidence": "high"}}, {"type": "Feature", "geometry": {"type": "LineString", "coordinates": [[-118.24063949130753, 34.0636078011858], [-118.24063949130753, 34.063585475813085], [-118.2406305081547, 34.063585475813085], [-118.2406305081547, 34.0636078011858], [-118.24063949130753, 34.0636078011858]]}, "properties": {"confidence": "high"}}, {"type": "Feature", "geometry": {"type": "LineString", "coordinates": [[-118.23914828793589, 34.0636078011858], [-118.23914828793589, 34.063585475813085], [-118.23913930478304, 34.063585475813085], [-118.23913930478304, 34.0636078011858], [-118.23914828793589, 34.0636078011858]]}, "properties": {"confidence": "high"}}, {"type": "Feature", "geometry": {"type": "LineString", "coordinates": [[-118.24410698830424, 34.063592917604645], [-118.24410698830424, 34.063585475813085], [-118.2440980051514, 34.063585475813085], [-118.2440980051514, 34.063592917604645], [-118.24410698830424, 34.063592917604645]]}, "properties": {"confidence": "high"}}, {"type": "Feature", "geometry": {"type": "LineString", "coordinates": [[-118.24365783066216, 34.063592917604645], [-118.24365783066216, 34.063585475813085], [-118.24363088120364, 34.063585475813085], [-118.24363088120364, 34.063592917604645], [-118.24365783066216, 34.063592917604645]]}, "properties": {"confidence": "high"}}, {"type": "Feature", "geometry": {"type": "LineString", "coordinates": [[-118.24239120611156, 34.063592917604645], [-118.24239120611156, 34.063585475813085], [-118.24231934088883, 34.063585475813085], [-118.24231934088883, 34.063592917604645], [-118.24239120611156, 34.063592917604645]]}, "properties": {"confidence": "high"}}, {"type": "Feature", "geometry": {"type": "LineString", "coordinates": [[-118.24203187999792, 34.063592917604645], [-118.24203187999792, 34.063585475813085], [-118.24199594738656, 34.063585475813085], [-118.24199594738656, 34.063592917604645], [-118.24203187999792, 34.063592917604645]]}, "properties": {"confidence": "high"}}, {"type": "Feature", "geometry": {"type": "LineString", "coordinates": [[-118.23770200032845, 34.063592917604645], [-118.23770200032845, 34.06357803402087], [-118.23769301717562, 34.06357803402087], [-118.23769301717562, 34.063592917604645], [-118.23770200032845, 34.063592917604645]]}, "properties": {"confidence": "high"}}, {"type": "Feature", "geometry": {"type": "LineString", "coordinates": [[-118.24363088120364, 34.063585475813085], [-118.24363088120364, 34.06357803402087], [-118.24360393174511, 34.06357803402087], [-118.24360393174511, 34.063585475813085], [-118.24363088120364, 34.063585475813085]]}, "properties": {"confidence": "high"}}, {"type": "Feature", "geometry": {"type": "LineString", "coordinates": [[-118.24244510502861, 34.063585475813085], [-118.24244510502861, 34.06357803402087], [-118.24239120611156, 34.06357803402087], [-118.24239120611156, 34.063585475813085], [-118.24244510502861, 34.063585475813085]]}, "properties": {"confidence": "high"}}, {"type": "Feature", "geometry": {"type": "LineString", "coordinates": [[-118.24199594738656, 34.063585475813085], [-118.24199594738656, 34.06357803402087], [-118.24196899792803, 34.06357803402087], [-118.24196899792803, 34.063585475813085], [-118.24199594738656, 34.063585475813085]]}, "properties": {"confidence": "high"}}, {"type": "Feature", "geometry": {"type": "LineString", "coordinates": [[-118.24411597145708, 34.063585475813085], [-118.24411597145708, 34.063570592228004], [-118.24410698830424, 34.063570592228004], [-118.24410698830424, 34.063585475813085], [-118.24411597145708, 34.063585475813085]]}, "properties": {"confidence": "high"}}, {"type": "Feature", "geometry": {"type": "LineString", "coordinates": [[-118.24155577289734, 34.063585475813085], [-118.24155577289734, 34.063570592228004], [-118.2415467897445, 34.063570592228004], [-118.2415467897445, 34.063585475813085], [-118.24155577289734, 34.063585475813085]]}, "properties": {"confidence": "high"}}, {"type": "Feature", "geometry": {"type": "LineString", "coordinates": [[-118.23915727108873, 34.063585475813085], [-118.23915727108873, 34.063570592228004], [-118.23914828793589, 34.063570592228004], [-118.23914828793589, 34.063585475813085], [-118.23915727108873, 34.063585475813085]]}, "properties": {"confidence": "high"}}, {"type": "Feature", "geometry": {"type": "LineString", "coordinates": [[-118.24360393174511, 34.06357803402087], [-118.24360393174511, 34.063570592228004], [-118.2435769822866, 34.063570592228004], [-118.2435769822866, 34.06357803402087], [-118.24360393174511, 34.06357803402087]]}, "properties": {"confidence": "high"}}, {"type": "Feature", "geometry": {"type": "LineString", "coordinates": [[-118.24248103763996, 34.06357803402087], [-118.24248103763996, 34.063570592228004], [-118.24244510502861, 34.063570592228004], [-118.24244510502861, 34.06357803402087], [-118.24248103763996, 34.06357803402087]]}, "properties": {"confidence": "high"}}, {"type": "Feature", "geometry": {"type": "LineString", "coordinates": [[-118.24196899792803, 34.06357803402087], [-118.24196899792803, 34.063570592228004], [-118.24193306531667, 34.063570592228004], [-118.24193306531667, 34.06357803402087], [-118.24196899792803, 34.06357803402087]]}, "properties": {"confidence": "high"}}, {"type": "Feature", "geometry": {"type": "LineString", "coordinates": [[-118.24064847446039, 34.063585475813085], [-118.24064847446039, 34.06356315043448], [-118.24063949130753, 34.06356315043448], [-118.24063949130753, 34.063585475813085], [-118.24064847446039, 34.063585475813085]]}, "properties": {"confidence": "high"}}, {"type": "Feature", "geometry": {"type": "LineString", "coordinates": [[-118.23771098348129, 34.06357803402087], [-118.23771098348129, 34.06356315043448], [-118.23770200032845, 34.06356315043448], [-118.23770200032845, 34.06357803402087], [-118.23771098348129, 34.06357803402087]]}, "properties": {"confidence": "high"}}, {"type": "Feature", "geometry": {"type": "LineString", "coordinates": [[-118.24412495460992, 34.063570592228004], [-118.24412495460992, 34.06356315043448], [-118.24411597145708, 34.06356315043448], [-118.24411597145708, 34.063570592228004], [-118.24412495460992, 34.063570592228004]]}, "properties": {"confidence": "high"}}, {"type": "Feature", "geometry": {"type": "LineString", "coordinates": [[-118.2435769822866, 34.063570592228004], [-118.2435769822866, 34.06356315043448], [-118.24354104967523, 34.06356315043448], [-118.24354104967523, 34.063570592228004], [-118.2435769822866, 34.063570592228004]]}, "properties": {"confidence": "high"}}, {"type": "Feature", "geometry": {"type": "LineString", "coordinates": [[-118.24252595340417, 34.063570592228004], [-118.24252595340417, 34.06356315043448], [-118.24248103763996, 34.06356315043448], [-118.24248103763996, 34.063570592228004], [-118.24252595340417, 34.063570592228004]]}, "properties": {"confidence": "high"}}, {"type": "Feature", "geometry": {"type": "LineString", "coordinates": [[-118.24193306531667, 34.063570592228004], [-118.24193306531667, 34.06356315043448], [-118.24190611585814, 34.06356315043448], [-118.24190611585814, 34.063570592228004], [-118.24193306531667, 34.063570592228004]]}, "properties": {"confidence": "high"}}, {"type": "Feature", "geometry": {"type": "LineString", "coordinates": [[-118.23916625424157, 34.063570592228004], [-118.23916625424157, 34.06355570864031], [-118.23915727108873, 34.06355570864031], [-118.23915727108873, 34.063570592228004], [-118.23916625424157, 34.063570592228004]]}, "properties": {"confidence": "high"}}, {"type": "Feature", "geometry": {"type": "LineString", "coordinates": [[-118.24354104967523, 34.06356315043448], [-118.24354104967523, 34.06355570864031], [-118.24351410021671, 34.06355570864031], [-118.24351410021671, 34.06356315043448], [-118.24354104967523, 34.06356315043448]]}, "properties": {"confidence": "high"}}, {"type": "Feature", "geometry": {"type": "LineString", "coordinates": [[-118.24257086916838, 34.06356315043448], [-118.24257086916838, 34.06355570864031], [-118.24252595340417, 34.06355570864031], [-118.24252595340417, 34.06356315043448], [-118.24257086916838, 34.06356315043448]]}, "properties": {"confidence": "high"}}, {"type": "Feature", "geometry": {"type": "LineString", "coordinates": [[-118.24190611585814, 34.06356315043448], [-118.24190611585814, 34.06355570864031], [-118.24187916639963, 34.06355570864031], [-118.24187916639963, 34.06356315043448], [-118.24190611585814, 34.06356315043448]]}, "properties": {"confidence": "high"}}, {"type": "Feature", "geometry": {"type": "LineString", "coordinates": [[-118.24413393776277, 34.06356315043448], [-118.24413393776277, 34.06354826684549], [-118.24412495460992, 34.06354826684549], [-118.24412495460992, 34.06356315043448], [-118.24413393776277, 34.06356315043448]]}, "properties": {"confidence": "high"}}, {"type": "Feature", "geometry": {"type": "LineString", "coordinates": [[-118.24065745761322, 34.06356315043448], [-118.24065745761322, 34.06354826684549], [-118.24064847446039, 34.06354826684549], [-118.24064847446039, 34.06356315043448], [-118.24065745761322, 34.06356315043448]]}, "properties": {"confidence": "high"}}, {"type": "Feature", "geometry": {"type": "LineString", "coordinates": [[-118.24351410021671, 34.06355570864031], [-118.24351410021671, 34.06354826684549], [-118.24349613391102, 34.06354826684549], [-118.24349613391102, 34.06355570864031], [-118.24351410021671, 34.06355570864031]]}, "properties": {"confidence": "high"}}, {"type": "Feature", "geometry": {"type": "LineString", "coordinates": [[-118.24259781862693, 34.06355570864031], [-118.24259781862693, 34.06354826684549], [-118.24257086916838, 34.06354826684549], [-118.24257086916838, 34.06355570864031], [-118.24259781862693, 34.06355570864031]]}, "properties": {"confidence": "high"}}, {"type": "Feature", "geometry": {"type": "LineString", "coordinates": [[-118.24187916639963, 34.06355570864031], [-118.24187916639963, 34.06354826684549], [-118.2418522169411, 34.06354826684549], [-118.2418522169411, 34.06355570864031], [-118.24187916639963, 34.06355570864031]]}, "properties": {"confidence": "high"}}, {"type": "Feature", "geometry": {"type": "LineString", "coordinates": [[-118.23771996663415, 34.06356315043448], [-118.23771996663415, 34.063540825050005], [-118.23771098348129, 34.063540825050005], [-118.23771098348129, 34.06356315043448], [-118.23771996663415, 34.06356315043448]]}, "properties": {"confidence": "high"}}, {"type": "Feature", "geometry": {"type": "LineString", "coordinates": [[-118.2441429209156, 34.06354826684549], [-118.2441429209156, 34.063540825050005], [-118.24413393776277, 34.063540825050005], [-118.24413393776277, 34.06354826684549], [-118.2441429209156, 34.06354826684549]]}, "properties": {"confidence": "high"}}, {"type": "Feature", "geometry": {"type": "LineString", "coordinates": [[-118.24349613391102, 34.06354826684549], [-118.24349613391102, 34.063540825050005], [-118.24346918445251, 34.063540825050005], [-118.24346918445251, 34.06354826684549], [-118.24349613391102, 34.06354826684549]]}, "properties": {"confidence": "high"}}, {"type": "Feature", "geometry": {"type": "LineString", "coordinates": [[-118.24260680177977, 34.06354826684549], [-118.24260680177977, 34.063540825050005], [-118.24259781862693, 34.063540825050005], [-118.24259781862693, 34.06354826684549], [-118.24260680177977, 34.06354826684549]]}, "properties": {"confidence": "high"}}, {"type": "Feature", "geometry": {"type": "LineString", "coordinates": [[-118.2418522169411, 34.06354826684549], [-118.2418522169411, 34.063540825050005], [-118.24182526748258, 34.063540825050005], [-118.24182526748258, 34.06354826684549], [-118.2418522169411, 34.06354826684549]]}, "properties": {"confidence": "high"}}, {"type": "Feature", "geometry": {"type": "LineString", "coordinates": [[-118.23917523739443, 34.06355570864031], [-118.23917523739443, 34.063533383253876], [-118.23916625424157, 34.063533383253876], [-118.23916625424157, 34.06355570864031], [-118.23917523739443, 34.06355570864031]]}, "properties": {"confidence": "high"}}, {"type": "Feature", "geometry": {"type": "LineString", "coordinates": [[-118.24066644076606, 34.06354826684549], [-118.24066644076606, 34.063533383253876], [-118.24065745761322, 34.063533383253876], [-118.24065745761322, 34.06354826684549], [-118.24066644076606, 34.06354826684549]]}, "properties": {"confidence": "high"}}, {"type": "Feature", "geometry": {"type": "LineString", "coordinates": [[-118.24346918445251, 34.063540825050005], [-118.24346918445251, 34.063533383253876], [-118.24344223499398, 34.063533383253876], [-118.24344223499398, 34.063540825050005], [-118.24346918445251, 34.063540825050005]]}, "properties": {"confidence": "high"}}, {"type": "Feature", "geometry": {"type": "LineString", "coordinates": [[-118.24262476808545, 34.063540825050005], [-118.24262476808545, 34.063533383253876], [-118.24260680177977, 34.063533383253876], [-118.24260680177977, 34.063540825050005], [-118.24262476808545, 34.063540825050005]]}, "properties": {"confidence": "high"}}, {"type": "Feature", "geometry": {"type": "LineString", "coordinates": [[-118.24182526748258, 34.063540825050005], [-118.24182526748258, 34.063533383253876], [-118.24180730117689, 34.063533383253876], [-118.24180730117689, 34.063540825050005], [-118.24182526748258, 34.063540825050005]]}, "properties": {"confidence": "high"}}, {"type": "Feature", "geometry": {"type": "LineString", "coordinates": [[-118.23614791488694, 34.063585475813085], [-118.23614791488694, 34.06352594145709], [-118.2361389317341, 34.06352594145709], [-118.2361389317341, 34.063585475813085], [-118.23614791488694, 34.063585475813085]]}, "properties": {"confidence": "high"}}, {"type": "Feature", "geometry": {"type": "LineString", "coordinates": [[-118.24156475605018, 34.063570592228004], [-118.24156475605018, 34.06352594145709], [-118.24155577289734, 34.06352594145709], [-118.24155577289734, 34.063570592228004], [-118.24156475605018, 34.063570592228004]]}, "properties": {"confidence": "high"}}, {"type": "Feature", "geometry": {"type": "LineString", "coordinates": [[-118.24415190406845, 34.063540825050005], [-118.24415190406845, 34.06352594145709], [-118.2441429209156, 34.06352594145709], [-118.2441429209156, 34.063540825050005], [-118.24415190406845, 34.063540825050005]]}, "properties": {"confidence": "high"}}, {"type": "Feature", "geometry": {"type": "LineString", "coordinates": [[-118.24344223499398, 34.063533383253876], [-118.24344223499398, 34.06352594145709], [-118.2434242686883, 34.06352594145709], [-118.2434242686883, 34.063533383253876], [-118.24344223499398, 34.063533383253876]]}, "properties": {"confidence": "high"}}, {"type": "Feature", "geometry": {"type": "LineString", "coordinates": [[-118.24180730117689, 34.063533383253876], [-118.24180730117689, 34.06352594145709], [-118.24178035171838, 34.06352594145709], [-118.24178035171838, 34.063533383253876], [-118.24180730117689, 34.063533383253876]]}, "properties": {"confidence": "high"}}, {"type": "Feature", "geometry": {"type": "LineString", "coordinates": [[-118.23772894978698, 34.063540825050005], [-118.23772894978698, 34.063518499659644], [-118.23771996663415, 34.063518499659644], [-118.23771996663415, 34.063540825050005], [-118.23772894978698, 34.063540825050005]]}, "properties": {"confidence": "high"}}, {"type": "Feature", "geometry": {"type": "LineString", "coordinates": [[-118.24264273439113, 34.063533383253876], [-118.24264273439113, 34.06352594145709], [-118.24263375123829, 34.06352594145709], [-118.24263375123829, 34.063518499659644], [-118.24262476808545, 34.063518499659644], [-118.24262476808545, 34.063533383253876], [-118.24264273439113, 34.063533383253876]]}, "properties": {"confidence": "high"}}, {"type": "Feature", "geometry": {"type": "LineString", "coordinates": [[-118.23918422054727, 34.063533383253876], [-118.23918422054727, 34.063518499659644], [-118.23917523739443, 34.063518499659644], [-118.23917523739443, 34.063533383253876], [-118.23918422054727, 34.063533383253876]]}, "properties": {"confidence": "high"}}, {"type": "Feature", "geometry": {"type": "LineString", "coordinates": [[-118.2434242686883, 34.06352594145709], [-118.2434242686883, 34.063518499659644], [-118.24340630238261, 34.063518499659644], [-118.24340630238261, 34.06352594145709], [-118.2434242686883, 34.06352594145709]]}, "properties": {"confidence": "high"}}, {"type": "Feature", "geometry": {"type": "LineString", "coordinates": [[-118.24274154907238, 34.06352594145709], [-118.24274154907238, 34.063518499659644], [-118.24264273439113, 34.063518499659644], [-118.24264273439113, 34.06352594145709], [-118.24274154907238, 34.06352594145709]]}, "properties": {"confidence": "high"}}, {"type": "Feature", "geometry": {"type": "LineString", "coordinates": [[-118.24178035171838, 34.06352594145709], [-118.24178035171838, 34.063518499659644], [-118.24175340225985, 34.063518499659644], [-118.24175340225985, 34.06352594145709], [-118.24178035171838, 34.06352594145709]]}, "properties": {"confidence": "high"}}, {"type": "Feature", "geometry": {"type": "LineString", "coordinates": [[-118.2406754239189, 34.063533383253876], [-118.2406754239189, 34.06351105786155], [-118.24066644076606, 34.06351105786155], [-118.24066644076606, 34.063533383253876], [-118.2406754239189, 34.063533383253876]]}, "properties": {"confidence": "high"}}, {"type": "Feature", "geometry": {"type": "LineString", "coordinates": [[-118.24416088722128, 34.06352594145709], [-118.24416088722128, 34.06351105786155], [-118.24415190406845, 34.06351105786155], [-118.24415190406845, 34.06352594145709], [-118.24416088722128, 34.06352594145709]]}, "properties": {"confidence": "high"}}, {"type": "Feature", "geometry": {"type": "LineString", "coordinates": [[-118.23615689803978, 34.06352594145709], [-118.23615689803978, 34.06351105786155], [-118.23614791488694, 34.06351105786155], [-118.23614791488694, 34.06352594145709], [-118.23615689803978, 34.06352594145709]]}, "properties": {"confidence": "high"}}, {"type": "Feature", "geometry": {"type": "LineString", "coordinates": [[-118.24281341429511, 34.063518499659644], [-118.24281341429511, 34.06351105786155], [-118.24274154907238, 34.06351105786155], [-118.24274154907238, 34.063518499659644], [-118.24281341429511, 34.063518499659644]]}, "properties": {"confidence": "high"}}, {"type": "Feature", "geometry": {"type": "LineString", "coordinates": [[-118.24175340225985, 34.063518499659644], [-118.24175340225985, 34.06351105786155], [-118.24173543595417, 34.06351105786155], [-118.24173543595417, 34.063518499659644], [-118.24175340225985, 34.063518499659644]]}, "properties": {"confidence": "high"}}, {"type": "Feature", "geometry": {"type": "LineString", "coordinates": [[-118.24157373920303, 34.06352594145709], [-118.24157373920303, 34.0635036160628], [-118.24156475605018, 34.0635036160628], [-118.24156475605018, 34.06352594145709], [-118.24157373920303, 34.06352594145709]]}, "properties": {"confidence": "high"}}, {"type": "Feature", "geometry": {"type": "LineString", "coordinates": [[-118.23773793293982, 34.063518499659644], [-118.23773793293982, 34.0635036160628], [-118.23772894978698, 34.0635036160628], [-118.23772894978698, 34.063518499659644], [-118.23773793293982, 34.063518499659644]]}, "properties": {"confidence": "high"}}, {"type": "Feature", "geometry": {"type": "LineString", "coordinates": [[-118.24416987037412, 34.06351105786155], [-118.24416987037412, 34.0635036160628], [-118.24416088722128, 34.0635036160628], [-118.24416088722128, 34.06351105786155], [-118.24416987037412, 34.06351105786155]]}, "properties": {"confidence": "high"}}, {"type": "Feature", "geometry": {"type": "LineString", "coordinates": [[-118.24290324582353, 34.06351105786155], [-118.24290324582353, 34.0635036160628], [-118.24281341429511, 34.0635036160628], [-118.24281341429511, 34.06351105786155], [-118.24290324582353, 34.06351105786155]]}, "properties": {"confidence": "high"}}, {"type": "Feature", "geometry": {"type": "LineString", "coordinates": [[-118.24173543595417, 34.06351105786155], [-118.24173543595417, 34.0635036160628], [-118.24171746964848, 34.0635036160628], [-118.24171746964848, 34.06351105786155], [-118.24173543595417, 34.06351105786155]]}, "properties": {"confidence": "high"}}, {"type": "Feature", "geometry": {"type": "LineString", "coordinates": [[-118.24262476808545, 34.063518499659644], [-118.24262476808545, 34.06349617426339], [-118.24261578493261, 34.06349617426339], [-118.24261578493261, 34.063518499659644], [-118.24262476808545, 34.063518499659644]]}, "properties": {"confidence": "high"}}, {"type": "Feature", "geometry": {"type": "LineString", "coordinates": [[-118.23919320370011, 34.063518499659644], [-118.23919320370011, 34.06349617426339], [-118.23918422054727, 34.06349617426339], [-118.23918422054727, 34.063518499659644], [-118.23919320370011, 34.063518499659644]]}, "properties": {"confidence": "high"}}, {"type": "Feature", "geometry": {"type": "LineString", "coordinates": [[-118.24068440707174, 34.06351105786155], [-118.24068440707174, 34.06349617426339], [-118.2406754239189, 34.06349617426339], [-118.2406754239189, 34.06351105786155], [-118.24068440707174, 34.06351105786155]]}, "properties": {"confidence": "high"}}, {"type": "Feature", "geometry": {"type": "LineString", "coordinates": [[-118.24329850454852, 34.0635036160628], [-118.24329850454852, 34.06349617426339], [-118.24318172356159, 34.06349617426339], [-118.24318172356159, 34.0635036160628], [-118.24329850454852, 34.0635036160628]]}, "properties": {"confidence": "high"}}, {"type": "Feature", "geometry": {"type": "LineString", "coordinates": [[-118.24299307735193, 34.0635036160628], [-118.24299307735193, 34.06349617426339], [-118.24290324582353, 34.06349617426339], [-118.24290324582353, 34.0635036160628], [-118.24299307735193, 34.0635036160628]]}, "properties": {"confidence": "high"}}, {"type": "Feature", "geometry": {"type": "LineString", "coordinates": [[-118.24171746964848, 34.0635036160628], [-118.24171746964848, 34.06349617426339], [-118.24167255388429, 34.06349617426339], [-118.24167255388429, 34.0635036160628], [-118.24171746964848, 34.0635036160628]]}, "properties": {"confidence": "high"}}, {"type": "Feature", "geometry": {"type": "LineString", "coordinates": [[-118.24158272235587, 34.0635036160628], [-118.24158272235587, 34.06349617426339], [-118.24157373920303, 34.06349617426339], [-118.24157373920303, 34.0635036160628], [-118.24158272235587, 34.0635036160628]]}, "properties": {"confidence": "high"}}, {"type": "Feature", "geometry": {"type": "LineString", "coordinates": [[-118.24417885352696, 34.0635036160628], [-118.24417885352696, 34.06348873246334], [-118.24416987037412, 34.06348873246334], [-118.24416987037412, 34.0635036160628], [-118.24417885352696, 34.0635036160628]]}, "properties": {"confidence": "high"}}, {"type": "Feature", "geometry": {"type": "LineString", "coordinates": [[-118.23774691609266, 34.0635036160628], [-118.23774691609266, 34.06348873246334], [-118.23773793293982, 34.06348873246334], [-118.23773793293982, 34.0635036160628], [-118.23774691609266, 34.0635036160628]]}, "properties": {"confidence": "high"}}, {"type": "Feature", "geometry": {"type": "LineString", "coordinates": [[-118.24318172356159, 34.06349617426339], [-118.24318172356159, 34.06348873246334], [-118.24299307735193, 34.06348873246334], [-118.24299307735193, 34.06349617426339], [-118.24318172356159, 34.06349617426339]]}, "properties": {"confidence": "high"}}, {"type": "Feature", "geometry": {"type": "LineString", "coordinates": [[-118.24167255388429, 34.06349617426339], [-118.24167255388429, 34.06348873246334], [-118.24162763812008, 34.06348873246334], [-118.24162763812008, 34.06349617426339], [-118.24167255388429, 34.06349617426339]]}, "properties": {"confidence": "high"}}, {"type": "Feature", "geometry": {"type": "LineString", "coordinates": [[-118.24159170550871, 34.06349617426339], [-118.24159170550871, 34.06348873246334], [-118.24158272235587, 34.06348873246334], [-118.24158272235587, 34.06349617426339], [-118.24159170550871, 34.06349617426339]]}, "properties": {"confidence": "high"}}, {"type": "Feature", "geometry": {"type": "LineString", "coordinates": [[-118.23616588119262, 34.06351105786155], [-118.23616588119262, 34.06348129066264], [-118.23615689803978, 34.06348129066264], [-118.23615689803978, 34.06351105786155], [-118.23616588119262, 34.06351105786155]]}, "properties": {"confidence": "high"}}, {"type": "Feature", "geometry": {"type": "LineString", "coordinates": [[-118.24069339022459, 34.06349617426339], [-118.24069339022459, 34.06348129066264], [-118.24068440707174, 34.06348129066264], [-118.24068440707174, 34.06349617426339], [-118.24069339022459, 34.06349617426339]]}, "properties": {"confidence": "high"}}, {"type": "Feature", "geometry": {"type": "LineString", "coordinates": [[-118.23920218685295, 34.06349617426339], [-118.23920218685295, 34.06348129066264], [-118.23919320370011, 34.06348129066264], [-118.23919320370011, 34.06349617426339], [-118.23920218685295, 34.06349617426339]]}, "properties": {"confidence": "high"}}, {"type": "Feature", "geometry": {"type": "LineString", "coordinates": [[-118.24162763812008, 34.06348873246334], [-118.24162763812008, 34.06348129066264], [-118.24160967181439, 34.06348129066264], [-118.24160967181439, 34.06348873246334], [-118.24162763812008, 34.06348873246334]]}, "properties": {"confidence": "high"}}, {"type": "Feature", "geometry": {"type": "LineString", "coordinates": [[-118.24160068866155, 34.06348873246334], [-118.24160068866155, 34.06348129066264], [-118.24159170550871, 34.06348129066264], [-118.24159170550871, 34.06348873246334], [-118.24160068866155, 34.06348873246334]]}, "properties": {"confidence": "high"}}, {"type": "Feature", "geometry": {"type": "LineString", "coordinates": [[-118.24340630238261, 34.063518499659644], [-118.24340630238261, 34.06347384886127], [-118.24339731922977, 34.06347384886127], [-118.24339731922977, 34.0635036160628], [-118.24329850454852, 34.0635036160628], [-118.24329850454852, 34.06351105786155], [-118.24339731922977, 34.06351105786155], [-118.24339731922977, 34.063518499659644], [-118.24340630238261, 34.063518499659644]]}, "properties": {"confidence": "high"}}, {"type": "Feature", "geometry": {"type": "LineString", "coordinates": [[-118.24418783667981, 34.06348873246334], [-118.24418783667981, 34.06347384886127], [-118.24417885352696, 34.06347384886127], [-118.24417885352696, 34.06348873246334], [-118.24418783667981, 34.06348873246334]]}, "properties": {"confidence": "high"}}, {"type": "Feature", "geometry": {"type": "LineString", "coordinates": [[-118.2377558992455, 34.06348873246334], [-118.2377558992455, 34.06347384886127], [-118.23774691609266, 34.06347384886127], [-118.23774691609266, 34.06348873246334], [-118.2377558992455, 34.06348873246334]]}, "properties": {"confidence": "high"}}, {"type": "Feature", "geometry": {"type": "LineString", "coordinates": [[-118.23617486434546, 34.06348129066264], [-118.23617486434546, 34.06346640705925], [-118.23616588119262, 34.06346640705925], [-118.23616588119262, 34.06348129066264], [-118.23617486434546, 34.06348129066264]]}, "properties": {"confidence": "high"}}, {"type": "Feature", "geometry": {"type": "LineString", "coordinates": [[-118.24419681983265, 34.06347384886127], [-118.24419681983265, 34.06346640705925], [-118.24418783667981, 34.06346640705925], [-118.24418783667981, 34.06347384886127], [-118.24419681983265, 34.06347384886127]]}, "properties": {"confidence": "high"}}, {"type": "Feature", "geometry": {"type": "LineString", "coordinates": [[-118.24070237337743, 34.06348129066264], [-118.24070237337743, 34.06345896525658], [-118.24069339022459, 34.06345896525658], [-118.24069339022459, 34.06348129066264], [-118.24070237337743, 34.06348129066264]]}, "properties": {"confidence": "high"}}, {"type": "Feature", "geometry": {"type": "LineString", "coordinates": [[-118.2392111700058, 34.06348129066264], [-118.2392111700058, 34.06345896525658], [-118.23920218685295, 34.06345896525658], [-118.23920218685295, 34.06348129066264], [-118.2392111700058, 34.06348129066264]]}, "properties": {"confidence": "high"}}, {"type": "Feature", "geometry": {"type": "LineString", "coordinates": [[-118.23776488239835, 34.06347384886127], [-118.23776488239835, 34.06345896525658], [-118.2377558992455, 34.06345896525658], [-118.2377558992455, 34.06347384886127], [-118.23776488239835, 34.06347384886127]]}, "properties": {"confidence": "high"}}, {"type": "Feature", "geometry": {"type": "LineString", "coordinates": [[-118.24420580298549, 34.06346640705925], [-118.24420580298549, 34.06345152345326], [-118.24419681983265, 34.06345152345326], [-118.24419681983265, 34.06346640705925], [-118.24420580298549, 34.06346640705925]]}, "properties": {"confidence": "high"}}, {"type": "Feature", "geometry": {"type": "LineString", "coordinates": [[-118.23618384749831, 34.06346640705925], [-118.23618384749831, 34.06345152345326], [-118.23617486434546, 34.06345152345326], [-118.23617486434546, 34.06346640705925], [-118.23618384749831, 34.06346640705925]]}, "properties": {"confidence": "high"}}, {"type": "Feature", "geometry": {"type": "LineString", "coordinates": [[-118.24071135653027, 34.06345896525658], [-118.24071135653027, 34.06344408164929], [-118.24070237337743, 34.06344408164929], [-118.24070237337743, 34.06345896525658], [-118.24071135653027, 34.06345896525658]]}, "properties": {"confidence": "high"}}, {"type": "Feature", "geometry": {"type": "LineString", "coordinates": [[-118.23777386555119, 34.06345896525658], [-118.23777386555119, 34.06344408164929], [-118.23776488239835, 34.06344408164929], [-118.23776488239835, 34.06345896525658], [-118.23777386555119, 34.06345896525658]]}, "properties": {"confidence": "high"}}, {"type": "Feature", "geometry": {"type": "LineString", "coordinates": [[-118.24160967181439, 34.06348129066264], [-118.24160967181439, 34.06345152345326], [-118.24161865496724, 34.06345152345326], [-118.24161865496724, 34.06344408164929], [-118.24158272235587, 34.06344408164929], [-118.24158272235587, 34.06345152345326], [-118.24160068866155, 34.06345152345326], [-118.24160068866155, 34.06348129066264], [-118.24160967181439, 34.06348129066264]]}, "properties": {"confidence": "high"}}, {"type": "Feature", "geometry": {"type": "LineString", "coordinates": [[-118.24261578493261, 34.06349617426339], [-118.24261578493261, 34.06343663984466], [-118.24260680177977, 34.06343663984466], [-118.24260680177977, 34.06349617426339], [-118.24261578493261, 34.06349617426339]]}, "properties": {"confidence": "high"}}, {"type": "Feature", "geometry": {"type": "LineString", "coordinates": [[-118.23922015315864, 34.06345896525658], [-118.23922015315864, 34.06343663984466], [-118.2392111700058, 34.06343663984466], [-118.2392111700058, 34.06345896525658], [-118.23922015315864, 34.06345896525658]]}, "properties": {"confidence": "high"}}, {"type": "Feature", "geometry": {"type": "LineString", "coordinates": [[-118.24421478613833, 34.06345152345326], [-118.24421478613833, 34.06343663984466], [-118.24420580298549, 34.06343663984466], [-118.24420580298549, 34.06345152345326], [-118.24421478613833, 34.06345152345326]]}, "properties": {"confidence": "high"}}, {"type": "Feature", "geometry": {"type": "LineString", "coordinates": [[-118.24158272235587, 34.06344408164929], [-118.24158272235587, 34.06343663984466], [-118.2415467897445, 34.06343663984466], [-118.2415467897445, 34.06344408164929], [-118.24158272235587, 34.06344408164929]]}, "properties": {"confidence": "high"}}, {"type": "Feature", "geometry": {"type": "LineString", "coordinates": [[-118.23619283065115, 34.06345152345326], [-118.23619283065115, 34.06342919803937], [-118.23618384749831, 34.06342919803937], [-118.23618384749831, 34.06345152345326], [-118.23619283065115, 34.06345152345326]]}, "properties": {"confidence": "high"}}, {"type": "Feature", "geometry": {"type": "LineString", "coordinates": [[-118.24162763812008, 34.06344408164929], [-118.24162763812008, 34.06342919803937], [-118.24161865496724, 34.06342919803937], [-118.24161865496724, 34.06344408164929], [-118.24162763812008, 34.06344408164929]]}, "properties": {"confidence": "high"}}, {"type": "Feature", "geometry": {"type": "LineString", "coordinates": [[-118.23778284870403, 34.06344408164929], [-118.23778284870403, 34.06342919803937], [-118.23777386555119, 34.06342919803937], [-118.23777386555119, 34.06344408164929], [-118.23778284870403, 34.06344408164929]]}, "properties": {"confidence": "high"}}, {"type": "Feature", "geometry": {"type": "LineString", "coordinates": [[-118.2415467897445, 34.06343663984466], [-118.2415467897445, 34.06342919803937], [-118.24149289082746, 34.06342919803937], [-118.24149289082746, 34.06343663984466], [-118.2415467897445, 34.06343663984466]]}, "properties": {"confidence": "high"}}, {"type": "Feature", "geometry": {"type": "LineString", "coordinates": [[-118.24072033968311, 34.06344408164929], [-118.24072033968311, 34.06342175623343], [-118.24071135653027, 34.06342175623343], [-118.24071135653027, 34.06344408164929], [-118.24072033968311, 34.06344408164929]]}, "properties": {"confidence": "high"}}, {"type": "Feature", "geometry": {"type": "LineString", "coordinates": [[-118.24422376929117, 34.06343663984466], [-118.24422376929117, 34.06342175623343], [-118.24421478613833, 34.06342175623343], [-118.24421478613833, 34.06343663984466], [-118.24422376929117, 34.06343663984466]]}, "properties": {"confidence": "high"}}, {"type": "Feature", "geometry": {"type": "LineString", "coordinates": [[-118.23922913631148, 34.06343663984466], [-118.23922913631148, 34.06342175623343], [-118.23922015315864, 34.06342175623343], [-118.23922015315864, 34.06343663984466], [-118.23922913631148, 34.06343663984466]]}, "properties": {"confidence": "high"}}, {"type": "Feature", "geometry": {"type": "LineString", "coordinates": [[-118.24149289082746, 34.06342919803937], [-118.24149289082746, 34.06342175623343], [-118.24146594136894, 34.06342175623343], [-118.24146594136894, 34.06342919803937], [-118.24149289082746, 34.06342919803937]]}, "properties": {"confidence": "high"}}, {"type": "Feature", "geometry": {"type": "LineString", "coordinates": [[-118.24163662127292, 34.06342919803937], [-118.24163662127292, 34.06341431442684], [-118.24162763812008, 34.06341431442684], [-118.24162763812008, 34.06342919803937], [-118.24163662127292, 34.06342919803937]]}, "properties": {"confidence": "high"}}, {"type": "Feature", "geometry": {"type": "LineString", "coordinates": [[-118.23620181380399, 34.06342919803937], [-118.23620181380399, 34.06341431442684], [-118.23619283065115, 34.06341431442684], [-118.23619283065115, 34.06342919803937], [-118.23620181380399, 34.06342919803937]]}, "properties": {"confidence": "high"}}, {"type": "Feature", "geometry": {"type": "LineString", "coordinates": [[-118.24146594136894, 34.06342175623343], [-118.24146594136894, 34.06341431442684], [-118.24144797506325, 34.06341431442684], [-118.24144797506325, 34.06342175623343], [-118.24146594136894, 34.06342175623343]]}, "properties": {"confidence": "high"}}, {"type": "Feature", "geometry": {"type": "LineString", "coordinates": [[-118.23779183185687, 34.06342919803937], [-118.23779183185687, 34.0634068726196], [-118.23778284870403, 34.0634068726196], [-118.23778284870403, 34.06342919803937], [-118.23779183185687, 34.06342919803937]]}, "properties": {"confidence": "high"}}, {"type": "Feature", "geometry": {"type": "LineString", "coordinates": [[-118.24423275244402, 34.06342175623343], [-118.24423275244402, 34.0634068726196], [-118.24422376929117, 34.0634068726196], [-118.24422376929117, 34.06342175623343], [-118.24423275244402, 34.06342175623343]]}, "properties": {"confidence": "high"}}, {"type": "Feature", "geometry": {"type": "LineString", "coordinates": [[-118.24072932283595, 34.06342175623343], [-118.24072932283595, 34.0634068726196], [-118.24072033968311, 34.0634068726196], [-118.24072033968311, 34.06342175623343], [-118.24072932283595, 34.06342175623343]]}, "properties": {"confidence": "high"}}, {"type": "Feature", "geometry": {"type": "LineString", "coordinates": [[-118.23923811946432, 34.06342175623343], [-118.23923811946432, 34.0634068726196], [-118.23922913631148, 34.0634068726196], [-118.23922913631148, 34.06342175623343], [-118.23923811946432, 34.06342175623343]]}, "properties": {"confidence": "high"}}, {"type": "Feature", "geometry": {"type": "LineString", "coordinates": [[-118.24144797506325, 34.06341431442684], [-118.24144797506325, 34.0634068726196], [-118.24143000875755, 34.0634068726196], [-118.24143000875755, 34.06341431442684], [-118.24144797506325, 34.06341431442684]]}, "properties": {"confidence": "high"}}, {"type": "Feature", "geometry": {"type": "LineString", "coordinates": [[-118.23621079695683, 34.06341431442684], [-118.23621079695683, 34.0633994308117], [-118.23620181380399, 34.0633994308117], [-118.23620181380399, 34.06341431442684], [-118.23621079695683, 34.06341431442684]]}, "properties": {"confidence": "high"}}, {"type": "Feature", "geometry": {"type": "LineString", "coordinates": [[-118.24143000875755, 34.0634068726196], [-118.24143000875755, 34.0633994308117], [-118.24140305929902, 34.0633994308117], [-118.24140305929902, 34.0634068726196], [-118.24143000875755, 34.0634068726196]]}, "properties": {"confidence": "high"}}, {"type": "Feature", "geometry": {"type": "LineString", "coordinates": [[-118.24424173559686, 34.0634068726196], [-118.24424173559686, 34.06339198900316], [-118.24423275244402, 34.06339198900316], [-118.24423275244402, 34.0634068726196], [-118.24424173559686, 34.0634068726196]]}, "properties": {"confidence": "high"}}, {"type": "Feature", "geometry": {"type": "LineString", "coordinates": [[-118.24073830598878, 34.0634068726196], [-118.24073830598878, 34.06339198900316], [-118.24072932283595, 34.06339198900316], [-118.24072932283595, 34.0634068726196], [-118.24073830598878, 34.0634068726196]]}, "properties": {"confidence": "high"}}, {"type": "Feature", "geometry": {"type": "LineString", "coordinates": [[-118.23924710261716, 34.0634068726196], [-118.23924710261716, 34.06339198900316], [-118.23923811946432, 34.06339198900316], [-118.23923811946432, 34.0634068726196], [-118.23924710261716, 34.0634068726196]]}, "properties": {"confidence": "high"}}, {"type": "Feature", "geometry": {"type": "LineString", "coordinates": [[-118.2378008150097, 34.0634068726196], [-118.2378008150097, 34.06339198900316], [-118.23779183185687, 34.06339198900316], [-118.23779183185687, 34.0634068726196], [-118.2378008150097, 34.0634068726196]]}, "properties": {"confidence": "high"}}, {"type": "Feature", "geometry": {"type": "LineString", "coordinates": [[-118.24140305929902, 34.0633994308117], [-118.24140305929902, 34.06339198900316], [-118.24138509299334, 34.06339198900316], [-118.24138509299334, 34.0633994308117], [-118.24140305929902, 34.0633994308117]]}, "properties": {"confidence": "high"}}, {"type": "Feature", "geometry": {"type": "LineString", "coordinates": [[-118.24164560442576, 34.06341431442684], [-118.24164560442576, 34.063384547193955], [-118.24163662127292, 34.063384547193955], [-118.24163662127292, 34.06341431442684], [-118.24164560442576, 34.06341431442684]]}, "properties": {"confidence": "high"}}, {"type": "Feature", "geometry": {"type": "LineString", "coordinates": [[-118.24138509299334, 34.06339198900316], [-118.24138509299334, 34.063384547193955], [-118.24135814353482, 34.063384547193955], [-118.24135814353482, 34.06339198900316], [-118.24138509299334, 34.06339198900316]]}, "properties": {"confidence": "high"}}, {"type": "Feature", "geometry": {"type": "LineString", "coordinates": [[-118.23621978010966, 34.0633994308117], [-118.23621978010966, 34.06337710538409], [-118.23621079695683, 34.06337710538409], [-118.23621079695683, 34.0633994308117], [-118.23621978010966, 34.0633994308117]]}, "properties": {"confidence": "high"}}, {"type": "Feature", "geometry": {"type": "LineString", "coordinates": [[-118.2442507187497, 34.06339198900316], [-118.2442507187497, 34.06337710538409], [-118.24424173559686, 34.06337710538409], [-118.24424173559686, 34.06339198900316], [-118.2442507187497, 34.06339198900316]]}, "properties": {"confidence": "high"}}, {"type": "Feature", "geometry": {"type": "LineString", "coordinates": [[-118.24074728914164, 34.06339198900316], [-118.24074728914164, 34.06337710538409], [-118.24073830598878, 34.06337710538409], [-118.24073830598878, 34.06339198900316], [-118.24074728914164, 34.06339198900316]]}, "properties": {"confidence": "high"}}, {"type": "Feature", "geometry": {"type": "LineString", "coordinates": [[-118.24135814353482, 34.063384547193955], [-118.24135814353482, 34.06337710538409], [-118.24134017722913, 34.06337710538409], [-118.24134017722913, 34.063384547193955], [-118.24135814353482, 34.063384547193955]]}, "properties": {"confidence": "high"}}, {"type": "Feature", "geometry": {"type": "LineString", "coordinates": [[-118.24260680177977, 34.06343663984466], [-118.24260680177977, 34.06336966357358], [-118.24259781862693, 34.06336966357358], [-118.24259781862693, 34.06343663984466], [-118.24260680177977, 34.06343663984466]]}, "properties": {"confidence": "high"}}, {"type": "Feature", "geometry": {"type": "LineString", "coordinates": [[-118.23925608577, 34.06339198900316], [-118.23925608577, 34.06336966357358], [-118.23924710261716, 34.06336966357358], [-118.23924710261716, 34.06339198900316], [-118.23925608577, 34.06339198900316]]}, "properties": {"confidence": "high"}}, {"type": "Feature", "geometry": {"type": "LineString", "coordinates": [[-118.23780979816254, 34.06339198900316], [-118.23780979816254, 34.06336966357358], [-118.2378008150097, 34.06336966357358], [-118.2378008150097, 34.06339198900316], [-118.23780979816254, 34.06339198900316]]}, "properties": {"confidence": "high"}}, {"type": "Feature", "geometry": {"type": "LineString", "coordinates": [[-118.24425970190254, 34.06337710538409], [-118.24425970190254, 34.06336966357358], [-118.2442507187497, 34.06336966357358], [-118.2442507187497, 34.06337710538409], [-118.24425970190254, 34.06337710538409]]}, "properties": {"confidence": "high"}}, {"type": "Feature", "geometry": {"type": "LineString", "coordinates": [[-118.24134017722913, 34.06337710538409], [-118.24134017722913, 34.06336966357358], [-118.24132221092346, 34.06336966357358], [-118.24132221092346, 34.06337710538409], [-118.24134017722913, 34.06337710538409]]}, "properties": {"confidence": "high"}}, {"type": "Feature", "geometry": {"type": "LineString", "coordinates": [[-118.2416545875786, 34.063384547193955], [-118.2416545875786, 34.06336222176242], [-118.24164560442576, 34.06336222176242], [-118.24164560442576, 34.063384547193955], [-118.2416545875786, 34.063384547193955]]}, "properties": {"confidence": "high"}}, {"type": "Feature", "geometry": {"type": "LineString", "coordinates": [[-118.23622876326252, 34.06337710538409], [-118.23622876326252, 34.06336222176242], [-118.23621978010966, 34.06336222176242], [-118.23621978010966, 34.06337710538409], [-118.23622876326252, 34.06337710538409]]}, "properties": {"confidence": "high"}}, {"type": "Feature", "geometry": {"type": "LineString", "coordinates": [[-118.24132221092346, 34.06336966357358], [-118.24132221092346, 34.06336222176242], [-118.24130424461778, 34.06336222176242], [-118.24130424461778, 34.06336966357358], [-118.24132221092346, 34.06336966357358]]}, "properties": {"confidence": "high"}}, {"type": "Feature", "geometry": {"type": "LineString", "coordinates": [[-118.24075627229448, 34.06337710538409], [-118.24075627229448, 34.0633547799506], [-118.24074728914164, 34.0633547799506], [-118.24074728914164, 34.06337710538409], [-118.24075627229448, 34.06337710538409]]}, "properties": {"confidence": "high"}}, {"type": "Feature", "geometry": {"type": "LineString", "coordinates": [[-118.24426868505537, 34.06336966357358], [-118.24426868505537, 34.0633547799506], [-118.24425970190254, 34.0633547799506], [-118.24425970190254, 34.06336966357358], [-118.24426868505537, 34.06336966357358]]}, "properties": {"confidence": "high"}}, {"type": "Feature", "geometry": {"type": "LineString", "coordinates": [[-118.23926506892285, 34.06336966357358], [-118.23926506892285, 34.0633547799506], [-118.23925608577, 34.0633547799506], [-118.23925608577, 34.06336966357358], [-118.23926506892285, 34.06336966357358]]}, "properties": {"confidence": "high"}}, {"type": "Feature", "geometry": {"type": "LineString", "coordinates": [[-118.2378187813154, 34.06336966357358], [-118.2378187813154, 34.0633547799506], [-118.23780979816254, 34.0633547799506], [-118.23780979816254, 34.06336966357358], [-118.2378187813154, 34.06336966357358]]}, "properties": {"confidence": "high"}}, {"type": "Feature", "geometry": {"type": "LineString", "coordinates": [[-118.24130424461778, 34.06336222176242], [-118.24130424461778, 34.0633547799506], [-118.24128627831209, 34.0633547799506], [-118.24128627831209, 34.06336222176242], [-118.24130424461778, 34.06336222176242]]}, "properties": {"confidence": "high"}}, {"type": "Feature", "geometry": {"type": "LineString", "coordinates": [[-118.24166357073143, 34.06336222176242], [-118.24166357073143, 34.06334733813813], [-118.2416545875786, 34.06334733813813], [-118.2416545875786, 34.06336222176242], [-118.24166357073143, 34.06336222176242]]}, "properties": {"confidence": "high"}}, {"type": "Feature", "geometry": {"type": "LineString", "coordinates": [[-118.23623774641536, 34.06336222176242], [-118.23623774641536, 34.06334733813813], [-118.23622876326252, 34.06334733813813], [-118.23622876326252, 34.06336222176242], [-118.23623774641536, 34.06336222176242]]}, "properties": {"confidence": "high"}}, {"type": "Feature", "geometry": {"type": "LineString", "coordinates": [[-118.24128627831209, 34.0633547799506], [-118.24128627831209, 34.06334733813813], [-118.24125932885357, 34.06334733813813], [-118.24125932885357, 34.0633547799506], [-118.24128627831209, 34.0633547799506]]}, "properties": {"confidence": "high"}}, {"type": "Feature", "geometry": {"type": "LineString", "coordinates": [[-118.24076525544731, 34.0633547799506], [-118.24076525544731, 34.063339896325], [-118.24075627229448, 34.063339896325], [-118.24075627229448, 34.0633547799506], [-118.24076525544731, 34.0633547799506]]}, "properties": {"confidence": "high"}}, {"type": "Feature", "geometry": {"type": "LineString", "coordinates": [[-118.24125932885357, 34.06334733813813], [-118.24125932885357, 34.063339896325], [-118.24124136254788, 34.063339896325], [-118.24124136254788, 34.06334733813813], [-118.24125932885357, 34.06334733813813]]}, "properties": {"confidence": "high"}}, {"type": "Feature", "geometry": {"type": "LineString", "coordinates": [[-118.24341528553546, 34.06347384886127], [-118.24341528553546, 34.06333245451122], [-118.24340630238261, 34.06333245451122], [-118.24340630238261, 34.06347384886127], [-118.24341528553546, 34.06347384886127]]}, "properties": {"confidence": "high"}}, {"type": "Feature", "geometry": {"type": "LineString", "coordinates": [[-118.24427766820821, 34.0633547799506], [-118.24427766820821, 34.06333245451122], [-118.24426868505537, 34.06333245451122], [-118.24426868505537, 34.0633547799506], [-118.24427766820821, 34.0633547799506]]}, "properties": {"confidence": "high"}}, {"type": "Feature", "geometry": {"type": "LineString", "coordinates": [[-118.23927405207569, 34.0633547799506], [-118.23927405207569, 34.06333245451122], [-118.23926506892285, 34.06333245451122], [-118.23926506892285, 34.0633547799506], [-118.23927405207569, 34.0633547799506]]}, "properties": {"confidence": "high"}}, {"type": "Feature", "geometry": {"type": "LineString", "coordinates": [[-118.24167255388429, 34.06334733813813], [-118.24167255388429, 34.06333245451122], [-118.24166357073143, 34.06333245451122], [-118.24166357073143, 34.06334733813813], [-118.24167255388429, 34.06334733813813]]}, "properties": {"confidence": "high"}}, {"type": "Feature", "geometry": {"type": "LineString", "coordinates": [[-118.24124136254788, 34.063339896325], [-118.24124136254788, 34.06333245451122], [-118.2412233962422, 34.06333245451122], [-118.2412233962422, 34.063339896325], [-118.24124136254788, 34.063339896325]]}, "properties": {"confidence": "high"}}, {"type": "Feature", "geometry": {"type": "LineString", "coordinates": [[-118.24259781862693, 34.06336966357358], [-118.24259781862693, 34.063325012696794], [-118.24258883547408, 34.063325012696794], [-118.24258883547408, 34.06336966357358], [-118.24259781862693, 34.06336966357358]]}, "properties": {"confidence": "high"}}, {"type": "Feature", "geometry": {"type": "LineString", "coordinates": [[-118.23782776446824, 34.0633547799506], [-118.23782776446824, 34.063325012696794], [-118.2378187813154, 34.063325012696794], [-118.2378187813154, 34.0633547799506], [-118.23782776446824, 34.0633547799506]]}, "properties": {"confidence": "high"}}, {"type": "Feature", "geometry": {"type": "LineString", "coordinates": [[-118.24077423860015, 34.063339896325], [-118.24077423860015, 34.063325012696794], [-118.24076525544731, 34.063325012696794], [-118.24076525544731, 34.063339896325], [-118.24077423860015, 34.063339896325]]}, "properties": {"confidence": "high"}}, {"type": "Feature", "geometry": {"type": "LineString", "coordinates": [[-118.2412233962422, 34.06333245451122], [-118.2412233962422, 34.063325012696794], [-118.24119644678368, 34.063325012696794], [-118.24119644678368, 34.06333245451122], [-118.2412233962422, 34.06333245451122]]}, "properties": {"confidence": "high"}}, {"type": "Feature", "geometry": {"type": "LineString", "coordinates": [[-118.2362467295682, 34.06334733813813], [-118.2362467295682, 34.06331757088171], [-118.23623774641536, 34.06331757088171], [-118.23623774641536, 34.06334733813813], [-118.2362467295682, 34.06334733813813]]}, "properties": {"confidence": "high"}}, {"type": "Feature", "geometry": {"type": "LineString", "coordinates": [[-118.24428665136107, 34.06333245451122], [-118.24428665136107, 34.06331757088171], [-118.24427766820821, 34.06331757088171], [-118.24427766820821, 34.06333245451122], [-118.24428665136107, 34.06333245451122]]}, "properties": {"confidence": "high"}}, {"type": "Feature", "geometry": {"type": "LineString", "coordinates": [[-118.24119644678368, 34.063325012696794], [-118.24119644678368, 34.06331757088171], [-118.241178480478, 34.06331757088171], [-118.241178480478, 34.063325012696794], [-118.24119644678368, 34.063325012696794]]}, "properties": {"confidence": "high"}}, {"type": "Feature", "geometry": {"type": "LineString", "coordinates": [[-118.24168153703712, 34.06333245451122], [-118.24168153703712, 34.06331012906596], [-118.24167255388429, 34.06331012906596], [-118.24167255388429, 34.06333245451122], [-118.24168153703712, 34.06333245451122]]}, "properties": {"confidence": "high"}}, {"type": "Feature", "geometry": {"type": "LineString", "coordinates": [[-118.23928303522852, 34.06333245451122], [-118.23928303522852, 34.06331012906596], [-118.23927405207569, 34.06331012906596], [-118.23927405207569, 34.06333245451122], [-118.23928303522852, 34.06333245451122]]}, "properties": {"confidence": "high"}}, {"type": "Feature", "geometry": {"type": "LineString", "coordinates": [[-118.24078322175299, 34.063325012696794], [-118.24078322175299, 34.06331012906596], [-118.24077423860015, 34.06331012906596], [-118.24077423860015, 34.063325012696794], [-118.24078322175299, 34.063325012696794]]}, "properties": {"confidence": "high"}}, {"type": "Feature", "geometry": {"type": "LineString", "coordinates": [[-118.23783674762107, 34.063325012696794], [-118.23783674762107, 34.06331012906596], [-118.23782776446824, 34.06331012906596], [-118.23782776446824, 34.063325012696794], [-118.23783674762107, 34.063325012696794]]}, "properties": {"confidence": "high"}}, {"type": "Feature", "geometry": {"type": "LineString", "coordinates": [[-118.241178480478, 34.06331757088171], [-118.241178480478, 34.06331012906596], [-118.24116051417232, 34.06331012906596], [-118.24116051417232, 34.06331757088171], [-118.241178480478, 34.06331757088171]]}, "properties": {"confidence": "high"}}, {"type": "Feature", "geometry": {"type": "LineString", "coordinates": [[-118.2442956345139, 34.06331757088171], [-118.2442956345139, 34.063302687249575], [-118.24428665136107, 34.063302687249575], [-118.24428665136107, 34.06331757088171], [-118.2442956345139, 34.06331757088171]]}, "properties": {"confidence": "high"}}, {"type": "Feature", "geometry": {"type": "LineString", "coordinates": [[-118.24116051417232, 34.06331012906596], [-118.24116051417232, 34.063302687249575], [-118.24113356471379, 34.063302687249575], [-118.24113356471379, 34.06331012906596], [-118.24116051417232, 34.06331012906596]]}, "properties": {"confidence": "high"}}, {"type": "Feature", "geometry": {"type": "LineString", "coordinates": [[-118.23625571272103, 34.06331757088171], [-118.23625571272103, 34.06329524543253], [-118.2362467295682, 34.06329524543253], [-118.2362467295682, 34.06331757088171], [-118.23625571272103, 34.06331757088171]]}, "properties": {"confidence": "high"}}, {"type": "Feature", "geometry": {"type": "LineString", "coordinates": [[-118.24169052018996, 34.06331012906596], [-118.24169052018996, 34.06329524543253], [-118.24168153703712, 34.06329524543253], [-118.24168153703712, 34.06331012906596], [-118.24169052018996, 34.06331012906596]]}, "properties": {"confidence": "high"}}, {"type": "Feature", "geometry": {"type": "LineString", "coordinates": [[-118.24079220490583, 34.06331012906596], [-118.24079220490583, 34.06329524543253], [-118.24078322175299, 34.06329524543253], [-118.24078322175299, 34.06331012906596], [-118.24079220490583, 34.06331012906596]]}, "properties": {"confidence": "high"}}, {"type": "Feature", "geometry": {"type": "LineString", "coordinates": [[-118.23929201838136, 34.06331012906596], [-118.23929201838136, 34.06329524543253], [-118.23928303522852, 34.06329524543253], [-118.23928303522852, 34.06331012906596], [-118.23929201838136, 34.06331012906596]]}, "properties": {"confidence": "high"}}, {"type": "Feature", "geometry": {"type": "LineString", "coordinates": [[-118.24113356471379, 34.063302687249575], [-118.24113356471379, 34.06329524543253], [-118.24111559840811, 34.06329524543253], [-118.24111559840811, 34.063302687249575], [-118.24113356471379, 34.063302687249575]]}, "properties": {"confidence": "high"}}, {"type": "Feature", "geometry": {"type": "LineString", "coordinates": [[-118.23784573077391, 34.06331012906596], [-118.23784573077391, 34.06328780361483], [-118.23783674762107, 34.06328780361483], [-118.23783674762107, 34.06331012906596], [-118.23784573077391, 34.06331012906596]]}, "properties": {"confidence": "high"}}, {"type": "Feature", "geometry": {"type": "LineString", "coordinates": [[-118.24430461766674, 34.063302687249575], [-118.24430461766674, 34.06328780361483], [-118.2442956345139, 34.06328780361483], [-118.2442956345139, 34.063302687249575], [-118.24430461766674, 34.063302687249575]]}, "properties": {"confidence": "high"}}, {"type": "Feature", "geometry": {"type": "LineString", "coordinates": [[-118.24111559840811, 34.06329524543253], [-118.24111559840811, 34.06328780361483], [-118.24109763210242, 34.06328780361483], [-118.24109763210242, 34.06329524543253], [-118.24111559840811, 34.06329524543253]]}, "properties": {"confidence": "high"}}, {"type": "Feature", "geometry": {"type": "LineString", "coordinates": [[-118.2416995033428, 34.06329524543253], [-118.2416995033428, 34.06328036179647], [-118.24169052018996, 34.06328036179647], [-118.24169052018996, 34.06329524543253], [-118.2416995033428, 34.06329524543253]]}, "properties": {"confidence": "high"}}, {"type": "Feature", "geometry": {"type": "LineString", "coordinates": [[-118.2393010015342, 34.06329524543253], [-118.2393010015342, 34.06328036179647], [-118.23929201838136, 34.06328036179647], [-118.23929201838136, 34.06329524543253], [-118.2393010015342, 34.06329524543253]]}, "properties": {"confidence": "high"}}, {"type": "Feature", "geometry": {"type": "LineString", "coordinates": [[-118.23626469587387, 34.06329524543253], [-118.23626469587387, 34.06328036179647], [-118.23625571272103, 34.06328036179647], [-118.23625571272103, 34.06329524543253], [-118.23626469587387, 34.06329524543253]]}, "properties": {"confidence": "high"}}, {"type": "Feature", "geometry": {"type": "LineString", "coordinates": [[-118.24109763210242, 34.06328780361483], [-118.24109763210242, 34.06328036179647], [-118.24107966579675, 34.06328036179647], [-118.24107966579675, 34.06328780361483], [-118.24109763210242, 34.06328780361483]]}, "properties": {"confidence": "high"}}, {"type": "Feature", "geometry": {"type": "LineString", "coordinates": [[-118.24431360081958, 34.06328780361483], [-118.24431360081958, 34.06327291997747], [-118.24430461766674, 34.06327291997747], [-118.24430461766674, 34.06328780361483], [-118.24431360081958, 34.06328780361483]]}, "properties": {"confidence": "high"}}, {"type": "Feature", "geometry": {"type": "LineString", "coordinates": [[-118.23785471392675, 34.06328780361483], [-118.23785471392675, 34.06327291997747], [-118.23784573077391, 34.06327291997747], [-118.23784573077391, 34.06328780361483], [-118.23785471392675, 34.06328780361483]]}, "properties": {"confidence": "high"}}, {"type": "Feature", "geometry": {"type": "LineString", "coordinates": [[-118.24107966579675, 34.06328036179647], [-118.24107966579675, 34.06327291997747], [-118.24105271633823, 34.06327291997747], [-118.24105271633823, 34.06328036179647], [-118.24107966579675, 34.06328036179647]]}, "properties": {"confidence": "high"}}, {"type": "Feature", "geometry": {"type": "LineString", "coordinates": [[-118.24170848649564, 34.06328036179647], [-118.24170848649564, 34.06326547815781], [-118.2416995033428, 34.06326547815781], [-118.2416995033428, 34.06328036179647], [-118.24170848649564, 34.06328036179647]]}, "properties": {"confidence": "high"}}, {"type": "Feature", "geometry": {"type": "LineString", "coordinates": [[-118.23627367902671, 34.06328036179647], [-118.23627367902671, 34.06326547815781], [-118.23626469587387, 34.06326547815781], [-118.23626469587387, 34.06328036179647], [-118.23627367902671, 34.06328036179647]]}, "properties": {"confidence": "high"}}, {"type": "Feature", "geometry": {"type": "LineString", "coordinates": [[-118.24105271633823, 34.06327291997747], [-118.24105271633823, 34.06326547815781], [-118.24103475003254, 34.06326547815781], [-118.24103475003254, 34.06327291997747], [-118.24105271633823, 34.06327291997747]]}, "properties": {"confidence": "high"}}, {"type": "Feature", "geometry": {"type": "LineString", "coordinates": [[-118.24080118805868, 34.06329524543253], [-118.24080118805868, 34.06325803633749], [-118.24079220490583, 34.06325803633749], [-118.24079220490583, 34.06329524543253], [-118.24080118805868, 34.06329524543253]]}, "properties": {"confidence": "high"}}, {"type": "Feature", "geometry": {"type": "LineString", "coordinates": [[-118.23786369707959, 34.06327291997747], [-118.23786369707959, 34.06325803633749], [-118.23785471392675, 34.06325803633749], [-118.23785471392675, 34.06327291997747], [-118.23786369707959, 34.06327291997747]]}, "properties": {"confidence": "high"}}, {"type": "Feature", "geometry": {"type": "LineString", "coordinates": [[-118.24103475003254, 34.06326547815781], [-118.24103475003254, 34.06325803633749], [-118.24100780057402, 34.06325803633749], [-118.24100780057402, 34.06326547815781], [-118.24103475003254, 34.06326547815781]]}, "properties": {"confidence": "high"}}, {"type": "Feature", "geometry": {"type": "LineString", "coordinates": [[-118.23605808335853, 34.06326547815781], [-118.23605808335853, 34.06325803633749], [-118.23604910020569, 34.06325803633749], [-118.23604910020569, 34.06326547815781], [-118.23605808335853, 34.06326547815781]]}, "properties": {"confidence": "high"}}, {"type": "Feature", "geometry": {"type": "LineString", "coordinates": [[-118.23930998468705, 34.06328036179647], [-118.23930998468705, 34.06325059451652], [-118.2393010015342, 34.06325059451652], [-118.2393010015342, 34.06328036179647], [-118.23930998468705, 34.06328036179647]]}, "properties": {"confidence": "high"}}, {"type": "Feature", "geometry": {"type": "LineString", "coordinates": [[-118.24432258397242, 34.06327291997747], [-118.24432258397242, 34.06325059451652], [-118.24431360081958, 34.06325059451652], [-118.24431360081958, 34.06327291997747], [-118.24432258397242, 34.06327291997747]]}, "properties": {"confidence": "high"}}, {"type": "Feature", "geometry": {"type": "LineString", "coordinates": [[-118.24171746964848, 34.06326547815781], [-118.24171746964848, 34.06325059451652], [-118.24170848649564, 34.06325059451652], [-118.24170848649564, 34.06326547815781], [-118.24171746964848, 34.06326547815781]]}, "properties": {"confidence": "high"}}, {"type": "Feature", "geometry": {"type": "LineString", "coordinates": [[-118.23628266217956, 34.06326547815781], [-118.23628266217956, 34.06325059451652], [-118.23627367902671, 34.06325059451652], [-118.23627367902671, 34.06326547815781], [-118.23628266217956, 34.06326547815781]]}, "properties": {"confidence": "high"}}, {"type": "Feature", "geometry": {"type": "LineString", "coordinates": [[-118.24100780057402, 34.06325803633749], [-118.24100780057402, 34.06325059451652], [-118.2409808511155, 34.06325059451652], [-118.2409808511155, 34.06325803633749], [-118.24100780057402, 34.06325803633749]]}, "properties": {"confidence": "high"}}, {"type": "Feature", "geometry": {"type": "LineString", "coordinates": [[-118.23787268023244, 34.06325803633749], [-118.23787268023244, 34.063243152694895], [-118.23786369707959, 34.063243152694895], [-118.23786369707959, 34.06325803633749], [-118.23787268023244, 34.06325803633749]]}, "properties": {"confidence": "high"}}, {"type": "Feature", "geometry": {"type": "LineString", "coordinates": [[-118.2409808511155, 34.06325059451652], [-118.2409808511155, 34.063243152694895], [-118.24095390165698, 34.063243152694895], [-118.24095390165698, 34.06325059451652], [-118.2409808511155, 34.06325059451652]]}, "properties": {"confidence": "high"}}, {"type": "Feature", "geometry": {"type": "LineString", "coordinates": [[-118.24081017121152, 34.06325803633749], [-118.24081017121152, 34.063235710872625], [-118.24080118805868, 34.063235710872625], [-118.24080118805868, 34.06325803633749], [-118.24081017121152, 34.06325803633749]]}, "properties": {"confidence": "high"}}, {"type": "Feature", "geometry": {"type": "LineString", "coordinates": [[-118.24433156712526, 34.06325059451652], [-118.24433156712526, 34.063235710872625], [-118.24432258397242, 34.063235710872625], [-118.24432258397242, 34.06325059451652], [-118.24433156712526, 34.06325059451652]]}, "properties": {"confidence": "high"}}, {"type": "Feature", "geometry": {"type": "LineString", "coordinates": [[-118.23931896783989, 34.06325059451652], [-118.23931896783989, 34.063235710872625], [-118.23930998468705, 34.063235710872625], [-118.23930998468705, 34.06325059451652], [-118.23931896783989, 34.06325059451652]]}, "properties": {"confidence": "high"}}, {"type": "Feature", "geometry": {"type": "LineString", "coordinates": [[-118.24095390165698, 34.063243152694895], [-118.24095390165698, 34.063235710872625], [-118.24090000273993, 34.063235710872625], [-118.24090000273993, 34.063243152694895], [-118.24095390165698, 34.063243152694895]]}, "properties": {"confidence": "high"}}, {"type": "Feature", "geometry": {"type": "LineString", "coordinates": [[-118.24340630238261, 34.06333245451122], [-118.24340630238261, 34.063228269049695], [-118.24339731922977, 34.063228269049695], [-118.24339731922977, 34.06333245451122], [-118.24340630238261, 34.06333245451122]]}, "properties": {"confidence": "high"}}, {"type": "Feature", "geometry": {"type": "LineString", "coordinates": [[-118.24258883547408, 34.063325012696794], [-118.24258883547408, 34.063228269049695], [-118.24257985232124, 34.063228269049695], [-118.24257985232124, 34.063325012696794], [-118.24258883547408, 34.063325012696794]]}, "properties": {"confidence": "high"}}, {"type": "Feature", "geometry": {"type": "LineString", "coordinates": [[-118.24172645280133, 34.06325059451652], [-118.24172645280133, 34.063228269049695], [-118.24171746964848, 34.063228269049695], [-118.24171746964848, 34.06325059451652], [-118.24172645280133, 34.06325059451652]]}, "properties": {"confidence": "high"}}, {"type": "Feature", "geometry": {"type": "LineString", "coordinates": [[-118.2362916453324, 34.06325059451652], [-118.2362916453324, 34.063228269049695], [-118.23628266217956, 34.063228269049695], [-118.23628266217956, 34.06325059451652], [-118.2362916453324, 34.06325059451652]]}, "properties": {"confidence": "high"}}, {"type": "Feature", "geometry": {"type": "LineString", "coordinates": [[-118.24090000273993, 34.063235710872625], [-118.24090000273993, 34.063228269049695], [-118.2408730532814, 34.063228269049695], [-118.2408730532814, 34.063235710872625], [-118.24090000273993, 34.063235710872625]]}, "properties": {"confidence": "high"}}, {"type": "Feature", "geometry": {"type": "LineString", "coordinates": [[-118.24081915436436, 34.063235710872625], [-118.24081915436436, 34.063228269049695], [-118.24081017121152, 34.063228269049695], [-118.24081017121152, 34.063235710872625], [-118.24081915436436, 34.063235710872625]]}, "properties": {"confidence": "high"}}, {"type": "Feature", "geometry": {"type": "LineString", "coordinates": [[-118.23788166338528, 34.063243152694895], [-118.23788166338528, 34.06322082722611], [-118.23787268023244, 34.06322082722611], [-118.23787268023244, 34.063243152694895], [-118.23788166338528, 34.063243152694895]]}, "properties": {"confidence": "high"}}, {"type": "Feature", "geometry": {"type": "LineString", "coordinates": [[-118.24434055027811, 34.063235710872625], [-118.24434055027811, 34.06322082722611], [-118.24433156712526, 34.06322082722611], [-118.24433156712526, 34.063235710872625], [-118.24434055027811, 34.063235710872625]]}, "properties": {"confidence": "high"}}, {"type": "Feature", "geometry": {"type": "LineString", "coordinates": [[-118.2408730532814, 34.063228269049695], [-118.2408730532814, 34.06322082722611], [-118.24085508697573, 34.06322082722611], [-118.24085508697573, 34.063228269049695], [-118.2408730532814, 34.063228269049695]]}, "properties": {"confidence": "high"}}, {"type": "Feature", "geometry": {"type": "LineString", "coordinates": [[-118.2408281375172, 34.063228269049695], [-118.2408281375172, 34.06322082722611], [-118.24081915436436, 34.06322082722611], [-118.24081915436436, 34.063228269049695], [-118.2408281375172, 34.063228269049695]]}, "properties": {"confidence": "high"}}, {"type": "Feature", "geometry": {"type": "LineString", "coordinates": [[-118.23932795099273, 34.063235710872625], [-118.23932795099273, 34.06321338540188], [-118.23931896783989, 34.06321338540188], [-118.23931896783989, 34.063235710872625], [-118.23932795099273, 34.063235710872625]]}, "properties": {"confidence": "high"}}, {"type": "Feature", "geometry": {"type": "LineString", "coordinates": [[-118.24173543595417, 34.063228269049695], [-118.24173543595417, 34.06321338540188], [-118.24172645280133, 34.06321338540188], [-118.24172645280133, 34.063228269049695], [-118.24173543595417, 34.063228269049695]]}, "properties": {"confidence": "high"}}, {"type": "Feature", "geometry": {"type": "LineString", "coordinates": [[-118.23630062848524, 34.063228269049695], [-118.23630062848524, 34.06321338540188], [-118.2362916453324, 34.06321338540188], [-118.2362916453324, 34.063228269049695], [-118.23630062848524, 34.063228269049695]]}, "properties": {"confidence": "high"}}, {"type": "Feature", "geometry": {"type": "LineString", "coordinates": [[-118.24085508697573, 34.06322082722611], [-118.24085508697573, 34.06321338540188], [-118.24084610382289, 34.06321338540188], [-118.24084610382289, 34.06322082722611], [-118.24085508697573, 34.06322082722611]]}, "properties": {"confidence": "high"}}, {"type": "Feature", "geometry": {"type": "LineString", "coordinates": [[-118.24083712067004, 34.06322082722611], [-118.24083712067004, 34.06321338540188], [-118.2408281375172, 34.06321338540188], [-118.2408281375172, 34.06322082722611], [-118.24083712067004, 34.06322082722611]]}, "properties": {"confidence": "high"}}, {"type": "Feature", "geometry": {"type": "LineString", "coordinates": [[-118.24434953343095, 34.06322082722611], [-118.24434953343095, 34.06320594357699], [-118.24434055027811, 34.06320594357699], [-118.24434055027811, 34.06322082722611], [-118.24434953343095, 34.06322082722611]]}, "properties": {"confidence": "high"}}, {"type": "Feature", "geometry": {"type": "LineString", "coordinates": [[-118.23789064653812, 34.06322082722611], [-118.23789064653812, 34.06320594357699], [-118.23788166338528, 34.06320594357699], [-118.23788166338528, 34.06322082722611], [-118.23789064653812, 34.06322082722611]]}, "properties": {"confidence": "high"}}, {"type": "Feature", "geometry": {"type": "LineString", "coordinates": [[-118.24174441910701, 34.06321338540188], [-118.24174441910701, 34.06319105992525], [-118.24173543595417, 34.06319105992525], [-118.24173543595417, 34.06321338540188], [-118.24174441910701, 34.06321338540188]]}, "properties": {"confidence": "high"}}, {"type": "Feature", "geometry": {"type": "LineString", "coordinates": [[-118.23933693414557, 34.06321338540188], [-118.23933693414557, 34.06319105992525], [-118.23932795099273, 34.06319105992525], [-118.23932795099273, 34.06321338540188], [-118.23933693414557, 34.06321338540188]]}, "properties": {"confidence": "high"}}, {"type": "Feature", "geometry": {"type": "LineString", "coordinates": [[-118.23630961163808, 34.06321338540188], [-118.23630961163808, 34.0631836180984], [-118.23630062848524, 34.0631836180984], [-118.23630062848524, 34.06321338540188], [-118.23630961163808, 34.06321338540188]]}, "properties": {"confidence": "high"}}, {"type": "Feature", "geometry": {"type": "LineString", "coordinates": [[-118.24435851658379, 34.06320594357699], [-118.24435851658379, 34.0631836180984], [-118.24434953343095, 34.0631836180984], [-118.24434953343095, 34.06320594357699], [-118.24435851658379, 34.06320594357699]]}, "properties": {"confidence": "high"}}, {"type": "Feature", "geometry": {"type": "LineString", "coordinates": [[-118.23789962969096, 34.06320594357699], [-118.23789962969096, 34.0631836180984], [-118.23789064653812, 34.0631836180984], [-118.23789064653812, 34.06320594357699], [-118.23789962969096, 34.06320594357699]]}, "properties": {"confidence": "high"}}, {"type": "Feature", "geometry": {"type": "LineString", "coordinates": [[-118.24084610382289, 34.06321338540188], [-118.24084610382289, 34.06319105992525], [-118.24085508697573, 34.06319105992525], [-118.24085508697573, 34.0631836180984], [-118.2408281375172, 34.0631836180984], [-118.2408281375172, 34.06319105992525], [-118.24083712067004, 34.06319105992525], [-118.24083712067004, 34.06321338540188], [-118.24084610382289, 34.06321338540188]]}, "properties": {"confidence": "high"}}, {"type": "Feature", "geometry": {"type": "LineString", "coordinates": [[-118.23934591729841, 34.06319105992525], [-118.23934591729841, 34.0631836180984], [-118.23933693414557, 34.0631836180984], [-118.23933693414557, 34.06319105992525], [-118.23934591729841, 34.06319105992525]]}, "properties": {"confidence": "high"}}, {"type": "Feature", "geometry": {"type": "LineString", "coordinates": [[-118.23606706651137, 34.06325803633749], [-118.23606706651137, 34.0631761762709], [-118.23605808335853, 34.0631761762709], [-118.23605808335853, 34.06325803633749], [-118.23606706651137, 34.06325803633749]]}, "properties": {"confidence": "high"}}, {"type": "Feature", "geometry": {"type": "LineString", "coordinates": [[-118.24175340225985, 34.06319105992525], [-118.24175340225985, 34.0631761762709], [-118.24174441910701, 34.0631761762709], [-118.24174441910701, 34.06319105992525], [-118.24175340225985, 34.06319105992525]]}, "properties": {"confidence": "high"}}, {"type": "Feature", "geometry": {"type": "LineString", "coordinates": [[-118.2408281375172, 34.0631836180984], [-118.2408281375172, 34.0631761762709], [-118.24081915436436, 34.0631761762709], [-118.24081915436436, 34.0631836180984], [-118.2408281375172, 34.0631836180984]]}, "properties": {"confidence": "high"}}, {"type": "Feature", "geometry": {"type": "LineString", "coordinates": [[-118.24086407012857, 34.0631836180984], [-118.24086407012857, 34.06316873444275], [-118.24085508697573, 34.06316873444275], [-118.24085508697573, 34.0631836180984], [-118.24086407012857, 34.0631836180984]]}, "properties": {"confidence": "high"}}, {"type": "Feature", "geometry": {"type": "LineString", "coordinates": [[-118.23935490045125, 34.0631836180984], [-118.23935490045125, 34.06316873444275], [-118.23934591729841, 34.06316873444275], [-118.23934591729841, 34.0631836180984], [-118.23935490045125, 34.0631836180984]]}, "properties": {"confidence": "high"}}, {"type": "Feature", "geometry": {"type": "LineString", "coordinates": [[-118.24081915436436, 34.0631761762709], [-118.24081915436436, 34.06316873444275], [-118.24080118805868, 34.06316873444275], [-118.24080118805868, 34.0631761762709], [-118.24081915436436, 34.0631761762709]]}, "properties": {"confidence": "high"}}, {"type": "Feature", "geometry": {"type": "LineString", "coordinates": [[-118.2379086128438, 34.0631836180984], [-118.2379086128438, 34.063161292613934], [-118.23789962969096, 34.063161292613934], [-118.23789962969096, 34.0631836180984], [-118.2379086128438, 34.0631836180984]]}, "properties": {"confidence": "high"}}, {"type": "Feature", "geometry": {"type": "LineString", "coordinates": [[-118.23631859479092, 34.0631836180984], [-118.23631859479092, 34.063161292613934], [-118.23630961163808, 34.063161292613934], [-118.23630961163808, 34.0631836180984], [-118.23631859479092, 34.0631836180984]]}, "properties": {"confidence": "high"}}, {"type": "Feature", "geometry": {"type": "LineString", "coordinates": [[-118.24176238541268, 34.0631761762709], [-118.24176238541268, 34.063161292613934], [-118.24175340225985, 34.063161292613934], [-118.24175340225985, 34.0631761762709], [-118.24176238541268, 34.0631761762709]]}, "properties": {"confidence": "high"}}, {"type": "Feature", "geometry": {"type": "LineString", "coordinates": [[-118.24080118805868, 34.06316873444275], [-118.24080118805868, 34.063161292613934], [-118.24075627229448, 34.063161292613934], [-118.24075627229448, 34.06316873444275], [-118.24080118805868, 34.06316873444275]]}, "properties": {"confidence": "high"}}, {"type": "Feature", "geometry": {"type": "LineString", "coordinates": [[-118.24436749973663, 34.0631836180984], [-118.24436749973663, 34.063153850784474], [-118.24435851658379, 34.063153850784474], [-118.24435851658379, 34.0631836180984], [-118.24436749973663, 34.0631836180984]]}, "properties": {"confidence": "high"}}, {"type": "Feature", "geometry": {"type": "LineString", "coordinates": [[-118.2408730532814, 34.06316873444275], [-118.2408730532814, 34.063153850784474], [-118.24086407012857, 34.063153850784474], [-118.24086407012857, 34.06316873444275], [-118.2408730532814, 34.06316873444275]]}, "properties": {"confidence": "high"}}, {"type": "Feature", "geometry": {"type": "LineString", "coordinates": [[-118.2393638836041, 34.06316873444275], [-118.2393638836041, 34.063153850784474], [-118.23935490045125, 34.063153850784474], [-118.23935490045125, 34.06316873444275], [-118.2393638836041, 34.06316873444275]]}, "properties": {"confidence": "high"}}, {"type": "Feature", "geometry": {"type": "LineString", "coordinates": [[-118.24075627229448, 34.063161292613934], [-118.24075627229448, 34.063153850784474], [-118.24072033968311, 34.063153850784474], [-118.24072033968311, 34.063161292613934], [-118.24075627229448, 34.063161292613934]]}, "properties": {"confidence": "high"}}, {"type": "Feature", "geometry": {"type": "LineString", "coordinates": [[-118.24177136856554, 34.063161292613934], [-118.24177136856554, 34.06314640895435], [-118.24176238541268, 34.06314640895435], [-118.24176238541268, 34.063161292613934], [-118.24177136856554, 34.063161292613934]]}, "properties": {"confidence": "high"}}, {"type": "Feature", "geometry": {"type": "LineString", "coordinates": [[-118.23791759599665, 34.063161292613934], [-118.23791759599665, 34.06314640895435], [-118.2379086128438, 34.06314640895435], [-118.2379086128438, 34.063161292613934], [-118.23791759599665, 34.063161292613934]]}, "properties": {"confidence": "high"}}, {"type": "Feature", "geometry": {"type": "LineString", "coordinates": [[-118.23632757794375, 34.063161292613934], [-118.23632757794375, 34.06314640895435], [-118.23631859479092, 34.06314640895435], [-118.23631859479092, 34.063161292613934], [-118.23632757794375, 34.063161292613934]]}, "properties": {"confidence": "high"}}, {"type": "Feature", "geometry": {"type": "LineString", "coordinates": [[-118.24072033968311, 34.063153850784474], [-118.24072033968311, 34.06314640895435], [-118.24069339022459, 34.06314640895435], [-118.24069339022459, 34.063153850784474], [-118.24072033968311, 34.063153850784474]]}, "properties": {"confidence": "high"}}, {"type": "Feature", "geometry": {"type": "LineString", "coordinates": [[-118.24257985232124, 34.063228269049695], [-118.24257985232124, 34.063138967123585], [-118.24257086916838, 34.063138967123585], [-118.24257086916838, 34.063228269049695], [-118.24257985232124, 34.063228269049695]]}, "properties": {"confidence": "high"}}, {"type": "Feature", "geometry": {"type": "LineString", "coordinates": [[-118.23937286675694, 34.063153850784474], [-118.23937286675694, 34.063138967123585], [-118.2393638836041, 34.063138967123585], [-118.2393638836041, 34.063153850784474], [-118.23937286675694, 34.063153850784474]]}, "properties": {"confidence": "high"}}, {"type": "Feature", "geometry": {"type": "LineString", "coordinates": [[-118.24069339022459, 34.06314640895435], [-118.24069339022459, 34.063138967123585], [-118.24066644076606, 34.063138967123585], [-118.24066644076606, 34.06314640895435], [-118.24069339022459, 34.06314640895435]]}, "properties": {"confidence": "high"}}, {"type": "Feature", "geometry": {"type": "LineString", "coordinates": [[-118.24339731922977, 34.063228269049695], [-118.24339731922977, 34.063131525292164], [-118.24338833607693, 34.063131525292164], [-118.24338833607693, 34.063228269049695], [-118.24339731922977, 34.063228269049695]]}, "properties": {"confidence": "high"}}, {"type": "Feature", "geometry": {"type": "LineString", "coordinates": [[-118.24437648288946, 34.063153850784474], [-118.24437648288946, 34.063131525292164], [-118.24436749973663, 34.063131525292164], [-118.24436749973663, 34.063153850784474], [-118.24437648288946, 34.063153850784474]]}, "properties": {"confidence": "high"}}, {"type": "Feature", "geometry": {"type": "LineString", "coordinates": [[-118.24066644076606, 34.063138967123585], [-118.24066644076606, 34.063131525292164], [-118.24064847446039, 34.063131525292164], [-118.24064847446039, 34.063138967123585], [-118.24066644076606, 34.063138967123585]]}, "properties": {"confidence": "high"}}, {"type": "Feature", "geometry": {"type": "LineString", "coordinates": [[-118.24088203643424, 34.063153850784474], [-118.24088203643424, 34.06312408346009], [-118.2408730532814, 34.06312408346009], [-118.2408730532814, 34.063153850784474], [-118.24088203643424, 34.063153850784474]]}, "properties": {"confidence": "high"}}, {"type": "Feature", "geometry": {"type": "LineString", "coordinates": [[-118.24178035171838, 34.06314640895435], [-118.24178035171838, 34.06312408346009], [-118.24177136856554, 34.06312408346009], [-118.24177136856554, 34.06314640895435], [-118.24178035171838, 34.06314640895435]]}, "properties": {"confidence": "high"}}, {"type": "Feature", "geometry": {"type": "LineString", "coordinates": [[-118.23792657914949, 34.06314640895435], [-118.23792657914949, 34.06312408346009], [-118.23791759599665, 34.06312408346009], [-118.23791759599665, 34.06314640895435], [-118.23792657914949, 34.06314640895435]]}, "properties": {"confidence": "high"}}, {"type": "Feature", "geometry": {"type": "LineString", "coordinates": [[-118.23938184990978, 34.063138967123585], [-118.23938184990978, 34.06312408346009], [-118.23937286675694, 34.06312408346009], [-118.23937286675694, 34.063138967123585], [-118.23938184990978, 34.063138967123585]]}, "properties": {"confidence": "high"}}, {"type": "Feature", "geometry": {"type": "LineString", "coordinates": [[-118.24064847446039, 34.063131525292164], [-118.24064847446039, 34.06312408346009], [-118.2406305081547, 34.06312408346009], [-118.2406305081547, 34.063131525292164], [-118.24064847446039, 34.063131525292164]]}, "properties": {"confidence": "high"}}, {"type": "Feature", "geometry": {"type": "LineString", "coordinates": [[-118.2363365610966, 34.06314640895435], [-118.2363365610966, 34.06311664162735], [-118.23632757794375, 34.06311664162735], [-118.23632757794375, 34.06314640895435], [-118.2363365610966, 34.06314640895435]]}, "properties": {"confidence": "high"}}, {"type": "Feature", "geometry": {"type": "LineString", "coordinates": [[-118.2406305081547, 34.06312408346009], [-118.2406305081547, 34.06311664162735], [-118.24060355869618, 34.06311664162735], [-118.24060355869618, 34.06312408346009], [-118.2406305081547, 34.06312408346009]]}, "properties": {"confidence": "high"}}, {"type": "Feature", "geometry": {"type": "LineString", "coordinates": [[-118.23607604966422, 34.0631761762709], [-118.23607604966422, 34.06310919979397], [-118.23606706651137, 34.06310919979397], [-118.23606706651137, 34.0631761762709], [-118.23607604966422, 34.0631761762709]]}, "properties": {"confidence": "high"}}, {"type": "Feature", "geometry": {"type": "LineString", "coordinates": [[-118.24438546604232, 34.063131525292164], [-118.24438546604232, 34.06310919979397], [-118.24437648288946, 34.06310919979397], [-118.24437648288946, 34.063131525292164], [-118.24438546604232, 34.063131525292164]]}, "properties": {"confidence": "high"}}, {"type": "Feature", "geometry": {"type": "LineString", "coordinates": [[-118.24178933487121, 34.06312408346009], [-118.24178933487121, 34.06310919979397], [-118.24178035171838, 34.06310919979397], [-118.24178035171838, 34.06312408346009], [-118.24178933487121, 34.06312408346009]]}, "properties": {"confidence": "high"}}, {"type": "Feature", "geometry": {"type": "LineString", "coordinates": [[-118.23939083306261, 34.06312408346009], [-118.23939083306261, 34.06310919979397], [-118.23938184990978, 34.06310919979397], [-118.23938184990978, 34.06312408346009], [-118.23939083306261, 34.06312408346009]]}, "properties": {"confidence": "high"}}, {"type": "Feature", "geometry": {"type": "LineString", "coordinates": [[-118.23793556230233, 34.06312408346009], [-118.23793556230233, 34.06310919979397], [-118.23792657914949, 34.06310919979397], [-118.23792657914949, 34.06312408346009], [-118.23793556230233, 34.06312408346009]]}, "properties": {"confidence": "high"}}, {"type": "Feature", "geometry": {"type": "LineString", "coordinates": [[-118.24060355869618, 34.06311664162735], [-118.24060355869618, 34.06310919979397], [-118.24058559239049, 34.06310919979397], [-118.24058559239049, 34.06311664162735], [-118.24060355869618, 34.06311664162735]]}, "properties": {"confidence": "high"}}, {"type": "Feature", "geometry": {"type": "LineString", "coordinates": [[-118.24058559239049, 34.06310919979397], [-118.24058559239049, 34.06310175795993], [-118.24055864293197, 34.06310175795993], [-118.24055864293197, 34.06310919979397], [-118.24058559239049, 34.06310919979397]]}, "properties": {"confidence": "high"}}, {"type": "Feature", "geometry": {"type": "LineString", "coordinates": [[-118.23634554424945, 34.06311664162735], [-118.23634554424945, 34.063094316125245], [-118.2363365610966, 34.063094316125245], [-118.2363365610966, 34.06311664162735], [-118.23634554424945, 34.06311664162735]]}, "properties": {"confidence": "high"}}, {"type": "Feature", "geometry": {"type": "LineString", "coordinates": [[-118.24179831802405, 34.06310919979397], [-118.24179831802405, 34.063094316125245], [-118.24178933487121, 34.063094316125245], [-118.24178933487121, 34.06310919979397], [-118.24179831802405, 34.06310919979397]]}, "properties": {"confidence": "high"}}, {"type": "Feature", "geometry": {"type": "LineString", "coordinates": [[-118.23794454545516, 34.06310919979397], [-118.23794454545516, 34.063094316125245], [-118.23793556230233, 34.063094316125245], [-118.23793556230233, 34.06310919979397], [-118.23794454545516, 34.06310919979397]]}, "properties": {"confidence": "high"}}, {"type": "Feature", "geometry": {"type": "LineString", "coordinates": [[-118.24055864293197, 34.06310175795993], [-118.24055864293197, 34.063094316125245], [-118.24053169347344, 34.063094316125245], [-118.24053169347344, 34.06310175795993], [-118.24055864293197, 34.06310175795993]]}, "properties": {"confidence": "high"}}, {"type": "Feature", "geometry": {"type": "LineString", "coordinates": [[-118.24089101958708, 34.06312408346009], [-118.24089101958708, 34.0630868742899], [-118.24088203643424, 34.0630868742899], [-118.24088203643424, 34.06312408346009], [-118.24089101958708, 34.06312408346009]]}, "properties": {"confidence": "high"}}, {"type": "Feature", "geometry": {"type": "LineString", "coordinates": [[-118.23939981621545, 34.06310919979397], [-118.23939981621545, 34.0630868742899], [-118.23939083306261, 34.0630868742899], [-118.23939083306261, 34.06310919979397], [-118.23939981621545, 34.06310919979397]]}, "properties": {"confidence": "high"}}, {"type": "Feature", "geometry": {"type": "LineString", "coordinates": [[-118.24522089925655, 34.063094316125245], [-118.24522089925655, 34.0630868742899], [-118.24521191610371, 34.0630868742899], [-118.24521191610371, 34.063094316125245], [-118.24522089925655, 34.063094316125245]]}, "properties": {"confidence": "high"}}, {"type": "Feature", "geometry": {"type": "LineString", "coordinates": [[-118.24053169347344, 34.063094316125245], [-118.24053169347344, 34.0630868742899], [-118.24051372716777, 34.0630868742899], [-118.24051372716777, 34.063094316125245], [-118.24053169347344, 34.063094316125245]]}, "properties": {"confidence": "high"}}, {"type": "Feature", "geometry": {"type": "LineString", "coordinates": [[-118.24439444919516, 34.06310919979397], [-118.24439444919516, 34.0630794324539], [-118.24438546604232, 34.0630794324539], [-118.24438546604232, 34.06310919979397], [-118.24439444919516, 34.06310919979397]]}, "properties": {"confidence": "high"}}, {"type": "Feature", "geometry": {"type": "LineString", "coordinates": [[-118.24257086916838, 34.063138967123585], [-118.24257086916838, 34.063094316125245], [-118.24258883547408, 34.063094316125245], [-118.24258883547408, 34.0630868742899], [-118.24257086916838, 34.0630868742899], [-118.24257086916838, 34.0630794324539], [-118.24256188601554, 34.0630794324539], [-118.24256188601554, 34.063138967123585], [-118.24257086916838, 34.063138967123585]]}, "properties": {"confidence": "high"}}, {"type": "Feature", "geometry": {"type": "LineString", "coordinates": [[-118.24320867302012, 34.0630868742899], [-118.24320867302012, 34.0630794324539], [-118.24293917843488, 34.0630794324539], [-118.24293917843488, 34.0630868742899], [-118.24320867302012, 34.0630868742899]]}, "properties": {"confidence": "high"}}, {"type": "Feature", "geometry": {"type": "LineString", "coordinates": [[-118.24275053222523, 34.0630868742899], [-118.24275053222523, 34.0630794324539], [-118.24258883547408, 34.0630794324539], [-118.24258883547408, 34.0630868742899], [-118.24275053222523, 34.0630868742899]]}, "properties": {"confidence": "high"}}, {"type": "Feature", "geometry": {"type": "LineString", "coordinates": [[-118.24051372716777, 34.0630868742899], [-118.24051372716777, 34.0630794324539], [-118.24049576086209, 34.0630794324539], [-118.24049576086209, 34.0630868742899], [-118.24051372716777, 34.0630868742899]]}, "properties": {"confidence": "high"}}, {"type": "Feature", "geometry": {"type": "LineString", "coordinates": [[-118.24180730117689, 34.063094316125245], [-118.24180730117689, 34.063071990617246], [-118.24179831802405, 34.063071990617246], [-118.24179831802405, 34.063094316125245], [-118.24180730117689, 34.063094316125245]]}, "properties": {"confidence": "high"}}, {"type": "Feature", "geometry": {"type": "LineString", "coordinates": [[-118.237953528608, 34.063094316125245], [-118.237953528608, 34.063071990617246], [-118.23794454545516, 34.063071990617246], [-118.23794454545516, 34.063094316125245], [-118.237953528608, 34.063094316125245]]}, "properties": {"confidence": "high"}}, {"type": "Feature", "geometry": {"type": "LineString", "coordinates": [[-118.23635452740228, 34.063094316125245], [-118.23635452740228, 34.063071990617246], [-118.23634554424945, 34.063071990617246], [-118.23634554424945, 34.063094316125245], [-118.23635452740228, 34.063094316125245]]}, "properties": {"confidence": "high"}}, {"type": "Feature", "geometry": {"type": "LineString", "coordinates": [[-118.24521191610371, 34.0630868742899], [-118.24521191610371, 34.063071990617246], [-118.24520293295086, 34.063071990617246], [-118.24520293295086, 34.0630868742899], [-118.24521191610371, 34.0630868742899]]}, "properties": {"confidence": "high"}}, {"type": "Feature", "geometry": {"type": "LineString", "coordinates": [[-118.24090000273993, 34.0630868742899], [-118.24090000273993, 34.063071990617246], [-118.24089101958708, 34.063071990617246], [-118.24089101958708, 34.0630868742899], [-118.24090000273993, 34.0630868742899]]}, "properties": {"confidence": "high"}}, {"type": "Feature", "geometry": {"type": "LineString", "coordinates": [[-118.23940879936829, 34.0630868742899], [-118.23940879936829, 34.063071990617246], [-118.23939981621545, 34.063071990617246], [-118.23939981621545, 34.0630868742899], [-118.23940879936829, 34.0630868742899]]}, "properties": {"confidence": "high"}}, {"type": "Feature", "geometry": {"type": "LineString", "coordinates": [[-118.24293917843488, 34.0630794324539], [-118.24293917843488, 34.063071990617246], [-118.24275053222523, 34.063071990617246], [-118.24275053222523, 34.0630794324539], [-118.24293917843488, 34.0630794324539]]}, "properties": {"confidence": "high"}}, {"type": "Feature", "geometry": {"type": "LineString", "coordinates": [[-118.24049576086209, 34.0630794324539], [-118.24049576086209, 34.063071990617246], [-118.24046881140356, 34.063071990617246], [-118.24046881140356, 34.0630794324539], [-118.24049576086209, 34.0630794324539]]}, "properties": {"confidence": "high"}}, {"type": "Feature", "geometry": {"type": "LineString", "coordinates": [[-118.24256188601554, 34.0630794324539], [-118.24256188601554, 34.06306454877994], [-118.2425529028627, 34.06306454877994], [-118.2425529028627, 34.0630794324539], [-118.24256188601554, 34.0630794324539]]}, "properties": {"confidence": "high"}}, {"type": "Feature", "geometry": {"type": "LineString", "coordinates": [[-118.24046881140356, 34.063071990617246], [-118.24046881140356, 34.06306454877994], [-118.24045084509788, 34.06306454877994], [-118.24045084509788, 34.063071990617246], [-118.24046881140356, 34.063071990617246]]}, "properties": {"confidence": "high"}}, {"type": "Feature", "geometry": {"type": "LineString", "coordinates": [[-118.24520293295086, 34.063071990617246], [-118.24520293295086, 34.063057106941976], [-118.24519394979802, 34.063057106941976], [-118.24519394979802, 34.063071990617246], [-118.24520293295086, 34.063071990617246]]}, "properties": {"confidence": "high"}}, {"type": "Feature", "geometry": {"type": "LineString", "coordinates": [[-118.24181628432973, 34.063071990617246], [-118.24181628432973, 34.063057106941976], [-118.24180730117689, 34.063057106941976], [-118.24180730117689, 34.063071990617246], [-118.24181628432973, 34.063071990617246]]}, "properties": {"confidence": "high"}}, {"type": "Feature", "geometry": {"type": "LineString", "coordinates": [[-118.23636351055512, 34.063071990617246], [-118.23636351055512, 34.063057106941976], [-118.23635452740228, 34.063057106941976], [-118.23635452740228, 34.063071990617246], [-118.23636351055512, 34.063071990617246]]}, "properties": {"confidence": "high"}}, {"type": "Feature", "geometry": {"type": "LineString", "coordinates": [[-118.24045084509788, 34.06306454877994], [-118.24045084509788, 34.063057106941976], [-118.24043287879219, 34.063057106941976], [-118.24043287879219, 34.06306454877994], [-118.24045084509788, 34.06306454877994]]}, "properties": {"confidence": "high"}}, {"type": "Feature", "geometry": {"type": "LineString", "coordinates": [[-118.24090898589277, 34.063071990617246], [-118.24090898589277, 34.06304966510337], [-118.24090000273993, 34.06304966510337], [-118.24090000273993, 34.063071990617246], [-118.24090898589277, 34.063071990617246]]}, "properties": {"confidence": "high"}}, {"type": "Feature", "geometry": {"type": "LineString", "coordinates": [[-118.23941778252114, 34.063071990617246], [-118.23941778252114, 34.06304966510337], [-118.23940879936829, 34.06304966510337], [-118.23940879936829, 34.063071990617246], [-118.23941778252114, 34.063071990617246]]}, "properties": {"confidence": "high"}}, {"type": "Feature", "geometry": {"type": "LineString", "coordinates": [[-118.23796251176084, 34.063071990617246], [-118.23796251176084, 34.06304966510337], [-118.237953528608, 34.06304966510337], [-118.237953528608, 34.063071990617246], [-118.23796251176084, 34.063071990617246]]}, "properties": {"confidence": "high"}}, {"type": "Feature", "geometry": {"type": "LineString", "coordinates": [[-118.24043287879219, 34.063057106941976], [-118.24043287879219, 34.06304966510337], [-118.24041491248651, 34.06304966510337], [-118.24041491248651, 34.063057106941976], [-118.24043287879219, 34.063057106941976]]}, "properties": {"confidence": "high"}}, {"type": "Feature", "geometry": {"type": "LineString", "coordinates": [[-118.244403432348, 34.0630794324539], [-118.244403432348, 34.063042223264105], [-118.24439444919516, 34.063042223264105], [-118.24439444919516, 34.0630794324539], [-118.244403432348, 34.0630794324539]]}, "properties": {"confidence": "high"}}, {"type": "Feature", "geometry": {"type": "LineString", "coordinates": [[-118.24041491248651, 34.06304966510337], [-118.24041491248651, 34.063042223264105], [-118.24039694618084, 34.063042223264105], [-118.24039694618084, 34.06304966510337], [-118.24041491248651, 34.06304966510337]]}, "properties": {"confidence": "high"}}, {"type": "Feature", "geometry": {"type": "LineString", "coordinates": [[-118.24519394979802, 34.063057106941976], [-118.24519394979802, 34.06303478142418], [-118.24518496664518, 34.06303478142418], [-118.24518496664518, 34.063057106941976], [-118.24519394979802, 34.063057106941976]]}, "properties": {"confidence": "high"}}, {"type": "Feature", "geometry": {"type": "LineString", "coordinates": [[-118.24182526748258, 34.063057106941976], [-118.24182526748258, 34.06303478142418], [-118.24181628432973, 34.06303478142418], [-118.24181628432973, 34.063057106941976], [-118.24182526748258, 34.063057106941976]]}, "properties": {"confidence": "high"}}, {"type": "Feature", "geometry": {"type": "LineString", "coordinates": [[-118.23637249370796, 34.063057106941976], [-118.23637249370796, 34.06303478142418], [-118.23636351055512, 34.06303478142418], [-118.23636351055512, 34.063057106941976], [-118.23637249370796, 34.063057106941976]]}, "properties": {"confidence": "high"}}, {"type": "Feature", "geometry": {"type": "LineString", "coordinates": [[-118.24091796904561, 34.06304966510337], [-118.24091796904561, 34.06303478142418], [-118.24090898589277, 34.06303478142418], [-118.24090898589277, 34.06304966510337], [-118.24091796904561, 34.06304966510337]]}, "properties": {"confidence": "high"}}, {"type": "Feature", "geometry": {"type": "LineString", "coordinates": [[-118.2379714949137, 34.06304966510337], [-118.2379714949137, 34.06303478142418], [-118.23796251176084, 34.06303478142418], [-118.23796251176084, 34.06304966510337], [-118.2379714949137, 34.06304966510337]]}, "properties": {"confidence": "high"}}, {"type": "Feature", "geometry": {"type": "LineString", "coordinates": [[-118.24039694618084, 34.063042223264105], [-118.24039694618084, 34.06303478142418], [-118.24037897987515, 34.06303478142418], [-118.24037897987515, 34.063042223264105], [-118.24039694618084, 34.063042223264105]]}, "properties": {"confidence": "high"}}, {"type": "Feature", "geometry": {"type": "LineString", "coordinates": [[-118.23608503281706, 34.06310919979397], [-118.23608503281706, 34.063027339583606], [-118.23607604966422, 34.063027339583606], [-118.23607604966422, 34.06310919979397], [-118.23608503281706, 34.06310919979397]]}, "properties": {"confidence": "high"}}, {"type": "Feature", "geometry": {"type": "LineString", "coordinates": [[-118.23942676567398, 34.06304966510337], [-118.23942676567398, 34.063027339583606], [-118.23941778252114, 34.063027339583606], [-118.23941778252114, 34.06304966510337], [-118.23942676567398, 34.06304966510337]]}, "properties": {"confidence": "high"}}, {"type": "Feature", "geometry": {"type": "LineString", "coordinates": [[-118.24518496664518, 34.06303478142418], [-118.24518496664518, 34.063027339583606], [-118.24517598349235, 34.063027339583606], [-118.24517598349235, 34.06303478142418], [-118.24518496664518, 34.06303478142418]]}, "properties": {"confidence": "high"}}, {"type": "Feature", "geometry": {"type": "LineString", "coordinates": [[-118.24037897987515, 34.06303478142418], [-118.24037897987515, 34.063027339583606], [-118.24036101356947, 34.063027339583606], [-118.24036101356947, 34.06303478142418], [-118.24037897987515, 34.06303478142418]]}, "properties": {"confidence": "high"}}, {"type": "Feature", "geometry": {"type": "LineString", "coordinates": [[-118.24183425063542, 34.06303478142418], [-118.24183425063542, 34.06301989774238], [-118.24182526748258, 34.06301989774238], [-118.24182526748258, 34.06303478142418], [-118.24183425063542, 34.06303478142418]]}, "properties": {"confidence": "high"}}, {"type": "Feature", "geometry": {"type": "LineString", "coordinates": [[-118.23798047806653, 34.06303478142418], [-118.23798047806653, 34.06301989774238], [-118.2379714949137, 34.06301989774238], [-118.2379714949137, 34.06303478142418], [-118.23798047806653, 34.06303478142418]]}, "properties": {"confidence": "high"}}, {"type": "Feature", "geometry": {"type": "LineString", "coordinates": [[-118.24517598349235, 34.063027339583606], [-118.24517598349235, 34.06301989774238], [-118.2451670003395, 34.06301989774238], [-118.2451670003395, 34.063027339583606], [-118.24517598349235, 34.063027339583606]]}, "properties": {"confidence": "high"}}, {"type": "Feature", "geometry": {"type": "LineString", "coordinates": [[-118.24036101356947, 34.063027339583606], [-118.24036101356947, 34.06301989774238], [-118.24033406411094, 34.06301989774238], [-118.24033406411094, 34.063027339583606], [-118.24036101356947, 34.063027339583606]]}, "properties": {"confidence": "high"}}, {"type": "Feature", "geometry": {"type": "LineString", "coordinates": [[-118.2425529028627, 34.06306454877994], [-118.2425529028627, 34.0630124559005], [-118.24254391970986, 34.0630124559005], [-118.24254391970986, 34.06306454877994], [-118.2425529028627, 34.06306454877994]]}, "properties": {"confidence": "high"}}, {"type": "Feature", "geometry": {"type": "LineString", "coordinates": [[-118.24441241550083, 34.063042223264105], [-118.24441241550083, 34.0630124559005], [-118.244403432348, 34.0630124559005], [-118.244403432348, 34.063042223264105], [-118.24441241550083, 34.063042223264105]]}, "properties": {"confidence": "high"}}, {"type": "Feature", "geometry": {"type": "LineString", "coordinates": [[-118.24092695219845, 34.06303478142418], [-118.24092695219845, 34.0630124559005], [-118.24091796904561, 34.0630124559005], [-118.24091796904561, 34.06303478142418], [-118.24092695219845, 34.06303478142418]]}, "properties": {"confidence": "high"}}, {"type": "Feature", "geometry": {"type": "LineString", "coordinates": [[-118.23638147686081, 34.06303478142418], [-118.23638147686081, 34.0630124559005], [-118.23637249370796, 34.0630124559005], [-118.23637249370796, 34.06303478142418], [-118.23638147686081, 34.06303478142418]]}, "properties": {"confidence": "high"}}, {"type": "Feature", "geometry": {"type": "LineString", "coordinates": [[-118.23943574882682, 34.063027339583606], [-118.23943574882682, 34.0630124559005], [-118.23942676567398, 34.0630124559005], [-118.23942676567398, 34.063027339583606], [-118.23943574882682, 34.063027339583606]]}, "properties": {"confidence": "high"}}, {"type": "Feature", "geometry": {"type": "LineString", "coordinates": [[-118.2451670003395, 34.06301989774238], [-118.2451670003395, 34.0630124559005], [-118.24514903403382, 34.0630124559005], [-118.24514903403382, 34.06301989774238], [-118.2451670003395, 34.06301989774238]]}, "properties": {"confidence": "high"}}, {"type": "Feature", "geometry": {"type": "LineString", "coordinates": [[-118.24033406411094, 34.06301989774238], [-118.24033406411094, 34.0630124559005], [-118.24031609780526, 34.0630124559005], [-118.24031609780526, 34.06301989774238], [-118.24033406411094, 34.06301989774238]]}, "properties": {"confidence": "high"}}, {"type": "Feature", "geometry": {"type": "LineString", "coordinates": [[-118.24514903403382, 34.0630124559005], [-118.24514903403382, 34.06300501405797], [-118.24514005088098, 34.06300501405797], [-118.24514005088098, 34.0630124559005], [-118.24514903403382, 34.0630124559005]]}, "properties": {"confidence": "high"}}, {"type": "Feature", "geometry": {"type": "LineString", "coordinates": [[-118.24031609780526, 34.0630124559005], [-118.24031609780526, 34.06300501405797], [-118.24029813149956, 34.06300501405797], [-118.24029813149956, 34.0630124559005], [-118.24031609780526, 34.0630124559005]]}, "properties": {"confidence": "high"}}, {"type": "Feature", "geometry": {"type": "LineString", "coordinates": [[-118.24184323378826, 34.06301989774238], [-118.24184323378826, 34.062997572214776], [-118.24183425063542, 34.062997572214776], [-118.24183425063542, 34.06301989774238], [-118.24184323378826, 34.06301989774238]]}, "properties": {"confidence": "high"}}, {"type": "Feature", "geometry": {"type": "LineString", "coordinates": [[-118.23798946121937, 34.06301989774238], [-118.23798946121937, 34.062997572214776], [-118.23798047806653, 34.062997572214776], [-118.23798047806653, 34.06301989774238], [-118.23798946121937, 34.06301989774238]]}, "properties": {"confidence": "high"}}, {"type": "Feature", "geometry": {"type": "LineString", "coordinates": [[-118.24093593535129, 34.0630124559005], [-118.24093593535129, 34.062997572214776], [-118.24092695219845, 34.062997572214776], [-118.24092695219845, 34.0630124559005], [-118.24093593535129, 34.0630124559005]]}, "properties": {"confidence": "high"}}, {"type": "Feature", "geometry": {"type": "LineString", "coordinates": [[-118.23944473197966, 34.0630124559005], [-118.23944473197966, 34.062997572214776], [-118.23943574882682, 34.062997572214776], [-118.23943574882682, 34.0630124559005], [-118.23944473197966, 34.0630124559005]]}, "properties": {"confidence": "high"}}, {"type": "Feature", "geometry": {"type": "LineString", "coordinates": [[-118.24514005088098, 34.06300501405797], [-118.24514005088098, 34.062997572214776], [-118.2451220845753, 34.062997572214776], [-118.2451220845753, 34.06300501405797], [-118.24514005088098, 34.06300501405797]]}, "properties": {"confidence": "high"}}, {"type": "Feature", "geometry": {"type": "LineString", "coordinates": [[-118.24029813149956, 34.06300501405797], [-118.24029813149956, 34.062997572214776], [-118.24028016519388, 34.062997572214776], [-118.24028016519388, 34.06300501405797], [-118.24029813149956, 34.06300501405797]]}, "properties": {"confidence": "high"}}, {"type": "Feature", "geometry": {"type": "LineString", "coordinates": [[-118.23639046001365, 34.0630124559005], [-118.23639046001365, 34.06299013037094], [-118.23638147686081, 34.06299013037094], [-118.23638147686081, 34.0630124559005], [-118.23639046001365, 34.0630124559005]]}, "properties": {"confidence": "high"}}, {"type": "Feature", "geometry": {"type": "LineString", "coordinates": [[-118.2451220845753, 34.062997572214776], [-118.2451220845753, 34.06299013037094], [-118.24511310142246, 34.06299013037094], [-118.24511310142246, 34.062997572214776], [-118.2451220845753, 34.062997572214776]]}, "properties": {"confidence": "high"}}, {"type": "Feature", "geometry": {"type": "LineString", "coordinates": [[-118.24028016519388, 34.062997572214776], [-118.24028016519388, 34.06299013037094], [-118.24026219888819, 34.06299013037094], [-118.24026219888819, 34.062997572214776], [-118.24028016519388, 34.062997572214776]]}, "properties": {"confidence": "high"}}, {"type": "Feature", "geometry": {"type": "LineString", "coordinates": [[-118.2418522169411, 34.062997572214776], [-118.2418522169411, 34.06298268852644], [-118.24184323378826, 34.06298268852644], [-118.24184323378826, 34.062997572214776], [-118.2418522169411, 34.062997572214776]]}, "properties": {"confidence": "high"}}, {"type": "Feature", "geometry": {"type": "LineString", "coordinates": [[-118.2394537151325, 34.062997572214776], [-118.2394537151325, 34.06298268852644], [-118.23944473197966, 34.06298268852644], [-118.23944473197966, 34.062997572214776], [-118.2394537151325, 34.062997572214776]]}, "properties": {"confidence": "high"}}, {"type": "Feature", "geometry": {"type": "LineString", "coordinates": [[-118.24511310142246, 34.06299013037094], [-118.24511310142246, 34.06298268852644], [-118.24510411826961, 34.06298268852644], [-118.24510411826961, 34.06299013037094], [-118.24511310142246, 34.06299013037094]]}, "properties": {"confidence": "high"}}, {"type": "Feature", "geometry": {"type": "LineString", "coordinates": [[-118.24026219888819, 34.06299013037094], [-118.24026219888819, 34.06298268852644], [-118.24024423258251, 34.06298268852644], [-118.24024423258251, 34.06299013037094], [-118.24026219888819, 34.06299013037094]]}, "properties": {"confidence": "high"}}, {"type": "Feature", "geometry": {"type": "LineString", "coordinates": [[-118.24442139865367, 34.0630124559005], [-118.24442139865367, 34.06297524668129], [-118.24441241550083, 34.06297524668129], [-118.24441241550083, 34.0630124559005], [-118.24442139865367, 34.0630124559005]]}, "properties": {"confidence": "high"}}, {"type": "Feature", "geometry": {"type": "LineString", "coordinates": [[-118.24094491850413, 34.062997572214776], [-118.24094491850413, 34.06297524668129], [-118.24093593535129, 34.06297524668129], [-118.24093593535129, 34.062997572214776], [-118.24094491850413, 34.062997572214776]]}, "properties": {"confidence": "high"}}, {"type": "Feature", "geometry": {"type": "LineString", "coordinates": [[-118.23799844437221, 34.062997572214776], [-118.23799844437221, 34.06297524668129], [-118.23798946121937, 34.06297524668129], [-118.23798946121937, 34.062997572214776], [-118.23799844437221, 34.062997572214776]]}, "properties": {"confidence": "high"}}, {"type": "Feature", "geometry": {"type": "LineString", "coordinates": [[-118.23639944316649, 34.06299013037094], [-118.23639944316649, 34.06297524668129], [-118.23639046001365, 34.06297524668129], [-118.23639046001365, 34.06299013037094], [-118.23639944316649, 34.06299013037094]]}, "properties": {"confidence": "high"}}, {"type": "Feature", "geometry": {"type": "LineString", "coordinates": [[-118.24510411826961, 34.06298268852644], [-118.24510411826961, 34.06297524668129], [-118.24508615196393, 34.06297524668129], [-118.24508615196393, 34.06298268852644], [-118.24510411826961, 34.06298268852644]]}, "properties": {"confidence": "high"}}, {"type": "Feature", "geometry": {"type": "LineString", "coordinates": [[-118.24024423258251, 34.06298268852644], [-118.24024423258251, 34.06297524668129], [-118.24022626627684, 34.06297524668129], [-118.24022626627684, 34.06298268852644], [-118.24024423258251, 34.06298268852644]]}, "properties": {"confidence": "high"}}, {"type": "Feature", "geometry": {"type": "LineString", "coordinates": [[-118.23946269828535, 34.06298268852644], [-118.23946269828535, 34.062967804835495], [-118.2394537151325, 34.062967804835495], [-118.2394537151325, 34.06298268852644], [-118.23946269828535, 34.06298268852644]]}, "properties": {"confidence": "high"}}, {"type": "Feature", "geometry": {"type": "LineString", "coordinates": [[-118.24508615196393, 34.06297524668129], [-118.24508615196393, 34.062967804835495], [-118.2450771688111, 34.062967804835495], [-118.2450771688111, 34.06297524668129], [-118.24508615196393, 34.06297524668129]]}, "properties": {"confidence": "high"}}, {"type": "Feature", "geometry": {"type": "LineString", "coordinates": [[-118.24022626627684, 34.06297524668129], [-118.24022626627684, 34.062967804835495], [-118.2401993168183, 34.062967804835495], [-118.2401993168183, 34.06297524668129], [-118.24022626627684, 34.06297524668129]]}, "properties": {"confidence": "high"}}, {"type": "Feature", "geometry": {"type": "LineString", "coordinates": [[-118.2360940159699, 34.063027339583606], [-118.2360940159699, 34.06296036298904], [-118.23608503281706, 34.06296036298904], [-118.23608503281706, 34.063027339583606], [-118.2360940159699, 34.063027339583606]]}, "properties": {"confidence": "high"}}, {"type": "Feature", "geometry": {"type": "LineString", "coordinates": [[-118.24186120009394, 34.06298268852644], [-118.24186120009394, 34.06296036298904], [-118.2418522169411, 34.06296036298904], [-118.2418522169411, 34.06298268852644], [-118.24186120009394, 34.06298268852644]]}, "properties": {"confidence": "high"}}, {"type": "Feature", "geometry": {"type": "LineString", "coordinates": [[-118.24095390165698, 34.06297524668129], [-118.24095390165698, 34.06296036298904], [-118.24094491850413, 34.06296036298904], [-118.24094491850413, 34.06297524668129], [-118.24095390165698, 34.06297524668129]]}, "properties": {"confidence": "high"}}, {"type": "Feature", "geometry": {"type": "LineString", "coordinates": [[-118.23800742752505, 34.06297524668129], [-118.23800742752505, 34.06296036298904], [-118.23799844437221, 34.06296036298904], [-118.23799844437221, 34.06297524668129], [-118.23800742752505, 34.06297524668129]]}, "properties": {"confidence": "high"}}, {"type": "Feature", "geometry": {"type": "LineString", "coordinates": [[-118.2450771688111, 34.062967804835495], [-118.2450771688111, 34.06296036298904], [-118.24506818565825, 34.06296036298904], [-118.24506818565825, 34.062967804835495], [-118.2450771688111, 34.062967804835495]]}, "properties": {"confidence": "high"}}, {"type": "Feature", "geometry": {"type": "LineString", "coordinates": [[-118.2401993168183, 34.062967804835495], [-118.2401993168183, 34.06296036298904], [-118.24018135051263, 34.06296036298904], [-118.24018135051263, 34.062967804835495], [-118.2401993168183, 34.062967804835495]]}, "properties": {"confidence": "high"}}, {"type": "Feature", "geometry": {"type": "LineString", "coordinates": [[-118.23640842631933, 34.06297524668129], [-118.23640842631933, 34.062952921141935], [-118.23639944316649, 34.062952921141935], [-118.23639944316649, 34.06297524668129], [-118.23640842631933, 34.06297524668129]]}, "properties": {"confidence": "high"}}, {"type": "Feature", "geometry": {"type": "LineString", "coordinates": [[-118.24506818565825, 34.06296036298904], [-118.24506818565825, 34.062952921141935], [-118.24505021935256, 34.062952921141935], [-118.24505021935256, 34.06296036298904], [-118.24506818565825, 34.06296036298904]]}, "properties": {"confidence": "high"}}, {"type": "Feature", "geometry": {"type": "LineString", "coordinates": [[-118.24018135051263, 34.06296036298904], [-118.24018135051263, 34.062952921141935], [-118.2401544010541, 34.062952921141935], [-118.2401544010541, 34.06296036298904], [-118.24018135051263, 34.06296036298904]]}, "properties": {"confidence": "high"}}, {"type": "Feature", "geometry": {"type": "LineString", "coordinates": [[-118.23947168143819, 34.062967804835495], [-118.23947168143819, 34.06294547929417], [-118.23946269828535, 34.06294547929417], [-118.23946269828535, 34.062967804835495], [-118.23947168143819, 34.062967804835495]]}, "properties": {"confidence": "high"}}, {"type": "Feature", "geometry": {"type": "LineString", "coordinates": [[-118.24187018324677, 34.06296036298904], [-118.24187018324677, 34.06294547929417], [-118.24186120009394, 34.06294547929417], [-118.24186120009394, 34.06296036298904], [-118.24187018324677, 34.06296036298904]]}, "properties": {"confidence": "high"}}, {"type": "Feature", "geometry": {"type": "LineString", "coordinates": [[-118.24096288480982, 34.06296036298904], [-118.24096288480982, 34.06294547929417], [-118.24095390165698, 34.06294547929417], [-118.24095390165698, 34.06296036298904], [-118.24096288480982, 34.06296036298904]]}, "properties": {"confidence": "high"}}, {"type": "Feature", "geometry": {"type": "LineString", "coordinates": [[-118.24505021935256, 34.062952921141935], [-118.24505021935256, 34.06294547929417], [-118.24504123619973, 34.06294547929417], [-118.24504123619973, 34.062952921141935], [-118.24505021935256, 34.062952921141935]]}, "properties": {"confidence": "high"}}, {"type": "Feature", "geometry": {"type": "LineString", "coordinates": [[-118.2401544010541, 34.062952921141935], [-118.2401544010541, 34.06294547929417], [-118.24013643474842, 34.06294547929417], [-118.24013643474842, 34.062952921141935], [-118.2401544010541, 34.062952921141935]]}, "properties": {"confidence": "high"}}, {"type": "Feature", "geometry": {"type": "LineString", "coordinates": [[-118.24443038180651, 34.06297524668129], [-118.24443038180651, 34.06293803744576], [-118.24442139865367, 34.06293803744576], [-118.24442139865367, 34.06297524668129], [-118.24443038180651, 34.06297524668129]]}, "properties": {"confidence": "high"}}, {"type": "Feature", "geometry": {"type": "LineString", "coordinates": [[-118.23801641067789, 34.06296036298904], [-118.23801641067789, 34.06293803744576], [-118.23800742752505, 34.06293803744576], [-118.23800742752505, 34.06296036298904], [-118.23801641067789, 34.06296036298904]]}, "properties": {"confidence": "high"}}, {"type": "Feature", "geometry": {"type": "LineString", "coordinates": [[-118.23641740947217, 34.062952921141935], [-118.23641740947217, 34.06293803744576], [-118.23640842631933, 34.06293803744576], [-118.23640842631933, 34.062952921141935], [-118.23641740947217, 34.062952921141935]]}, "properties": {"confidence": "high"}}, {"type": "Feature", "geometry": {"type": "LineString", "coordinates": [[-118.24504123619973, 34.06294547929417], [-118.24504123619973, 34.06293803744576], [-118.24502326989405, 34.06293803744576], [-118.24502326989405, 34.06294547929417], [-118.24504123619973, 34.06294547929417]]}, "properties": {"confidence": "high"}}, {"type": "Feature", "geometry": {"type": "LineString", "coordinates": [[-118.24013643474842, 34.06294547929417], [-118.24013643474842, 34.06293803744576], [-118.24010948528989, 34.06293803744576], [-118.24010948528989, 34.06294547929417], [-118.24013643474842, 34.06294547929417]]}, "properties": {"confidence": "high"}}, {"type": "Feature", "geometry": {"type": "LineString", "coordinates": [[-118.24097186796266, 34.06294547929417], [-118.24097186796266, 34.06293059559669], [-118.24096288480982, 34.06293059559669], [-118.24096288480982, 34.06294547929417], [-118.24097186796266, 34.06294547929417]]}, "properties": {"confidence": "high"}}, {"type": "Feature", "geometry": {"type": "LineString", "coordinates": [[-118.23948066459103, 34.06294547929417], [-118.23948066459103, 34.06293059559669], [-118.23947168143819, 34.06293059559669], [-118.23947168143819, 34.06294547929417], [-118.23948066459103, 34.06294547929417]]}, "properties": {"confidence": "high"}}, {"type": "Feature", "geometry": {"type": "LineString", "coordinates": [[-118.24502326989405, 34.06293803744576], [-118.24502326989405, 34.06293059559669], [-118.24501428674121, 34.06293059559669], [-118.24501428674121, 34.06293803744576], [-118.24502326989405, 34.06293803744576]]}, "properties": {"confidence": "high"}}, {"type": "Feature", "geometry": {"type": "LineString", "coordinates": [[-118.24010948528989, 34.06293803744576], [-118.24010948528989, 34.06293059559669], [-118.24009151898422, 34.06293059559669], [-118.24009151898422, 34.06293803744576], [-118.24010948528989, 34.06293803744576]]}, "properties": {"confidence": "high"}}, {"type": "Feature", "geometry": {"type": "LineString", "coordinates": [[-118.24254391970986, 34.0630124559005], [-118.24254391970986, 34.062923153746965], [-118.24253493655702, 34.062923153746965], [-118.24253493655702, 34.0630124559005], [-118.24254391970986, 34.0630124559005]]}, "properties": {"confidence": "high"}}, {"type": "Feature", "geometry": {"type": "LineString", "coordinates": [[-118.24187916639963, 34.06294547929417], [-118.24187916639963, 34.062923153746965], [-118.24187018324677, 34.062923153746965], [-118.24187018324677, 34.06294547929417], [-118.24187916639963, 34.06294547929417]]}, "properties": {"confidence": "high"}}, {"type": "Feature", "geometry": {"type": "LineString", "coordinates": [[-118.24501428674121, 34.06293059559669], [-118.24501428674121, 34.062923153746965], [-118.24500530358837, 34.062923153746965], [-118.24500530358837, 34.06293059559669], [-118.24501428674121, 34.06293059559669]]}, "properties": {"confidence": "high"}}, {"type": "Feature", "geometry": {"type": "LineString", "coordinates": [[-118.24009151898422, 34.06293059559669], [-118.24009151898422, 34.062923153746965], [-118.24007355267854, 34.062923153746965], [-118.24007355267854, 34.06293059559669], [-118.24009151898422, 34.06293059559669]]}, "properties": {"confidence": "high"}}, {"type": "Feature", "geometry": {"type": "LineString", "coordinates": [[-118.23610299912274, 34.06296036298904], [-118.23610299912274, 34.062915711896586], [-118.2360940159699, 34.062915711896586], [-118.2360940159699, 34.06296036298904], [-118.23610299912274, 34.06296036298904]]}, "properties": {"confidence": "high"}}, {"type": "Feature", "geometry": {"type": "LineString", "coordinates": [[-118.23802539383074, 34.06293803744576], [-118.23802539383074, 34.062915711896586], [-118.23801641067789, 34.062915711896586], [-118.23801641067789, 34.06293803744576], [-118.23802539383074, 34.06293803744576]]}, "properties": {"confidence": "high"}}, {"type": "Feature", "geometry": {"type": "LineString", "coordinates": [[-118.236426392625, 34.06293803744576], [-118.236426392625, 34.062915711896586], [-118.23641740947217, 34.062915711896586], [-118.23641740947217, 34.06293803744576], [-118.236426392625, 34.06293803744576]]}, "properties": {"confidence": "high"}}, {"type": "Feature", "geometry": {"type": "LineString", "coordinates": [[-118.2409808511155, 34.06293059559669], [-118.2409808511155, 34.062915711896586], [-118.24097186796266, 34.062915711896586], [-118.24097186796266, 34.06293059559669], [-118.2409808511155, 34.06293059559669]]}, "properties": {"confidence": "high"}}, {"type": "Feature", "geometry": {"type": "LineString", "coordinates": [[-118.24500530358837, 34.062923153746965], [-118.24500530358837, 34.062915711896586], [-118.24499632043552, 34.062915711896586], [-118.24499632043552, 34.062923153746965], [-118.24500530358837, 34.062923153746965]]}, "properties": {"confidence": "high"}}, {"type": "Feature", "geometry": {"type": "LineString", "coordinates": [[-118.24188814955247, 34.062923153746965], [-118.24188814955247, 34.062915711896586], [-118.24187916639963, 34.062915711896586], [-118.24187916639963, 34.062923153746965], [-118.24188814955247, 34.062923153746965]]}, "properties": {"confidence": "high"}}, {"type": "Feature", "geometry": {"type": "LineString", "coordinates": [[-118.24007355267854, 34.062923153746965], [-118.24007355267854, 34.062915711896586], [-118.24004660322001, 34.062915711896586], [-118.24004660322001, 34.062923153746965], [-118.24007355267854, 34.062923153746965]]}, "properties": {"confidence": "high"}}, {"type": "Feature", "geometry": {"type": "LineString", "coordinates": [[-118.23948964774387, 34.06293059559669], [-118.23948964774387, 34.06290827004556], [-118.23948066459103, 34.06290827004556], [-118.23948066459103, 34.06293059559669], [-118.23948964774387, 34.06293059559669]]}, "properties": {"confidence": "high"}}, {"type": "Feature", "geometry": {"type": "LineString", "coordinates": [[-118.24499632043552, 34.062915711896586], [-118.24499632043552, 34.06290827004556], [-118.24497835412984, 34.06290827004556], [-118.24497835412984, 34.062915711896586], [-118.24499632043552, 34.062915711896586]]}, "properties": {"confidence": "high"}}, {"type": "Feature", "geometry": {"type": "LineString", "coordinates": [[-118.24004660322001, 34.062915711896586], [-118.24004660322001, 34.06290827004556], [-118.24002863691433, 34.06290827004556], [-118.24002863691433, 34.062915711896586], [-118.24004660322001, 34.062915711896586]]}, "properties": {"confidence": "high"}}, {"type": "Feature", "geometry": {"type": "LineString", "coordinates": [[-118.24443936495936, 34.06293803744576], [-118.24443936495936, 34.062900828193875], [-118.24443038180651, 34.062900828193875], [-118.24443038180651, 34.06293803744576], [-118.24443936495936, 34.06293803744576]]}, "properties": {"confidence": "high"}}, {"type": "Feature", "geometry": {"type": "LineString", "coordinates": [[-118.23803437698358, 34.062915711896586], [-118.23803437698358, 34.062900828193875], [-118.23802539383074, 34.062900828193875], [-118.23802539383074, 34.062915711896586], [-118.23803437698358, 34.062915711896586]]}, "properties": {"confidence": "high"}}, {"type": "Feature", "geometry": {"type": "LineString", "coordinates": [[-118.24497835412984, 34.06290827004556], [-118.24497835412984, 34.062900828193875], [-118.244969370977, 34.062900828193875], [-118.244969370977, 34.06290827004556], [-118.24497835412984, 34.06290827004556]]}, "properties": {"confidence": "high"}}, {"type": "Feature", "geometry": {"type": "LineString", "coordinates": [[-118.24002863691433, 34.06290827004556], [-118.24002863691433, 34.062900828193875], [-118.24001067060864, 34.062900828193875], [-118.24001067060864, 34.06290827004556], [-118.24002863691433, 34.06290827004556]]}, "properties": {"confidence": "high"}}, {"type": "Feature", "geometry": {"type": "LineString", "coordinates": [[-118.24098983426833, 34.062915711896586], [-118.24098983426833, 34.06289338634154], [-118.2409808511155, 34.06289338634154], [-118.2409808511155, 34.062915711896586], [-118.24098983426833, 34.062915711896586]]}, "properties": {"confidence": "high"}}, {"type": "Feature", "geometry": {"type": "LineString", "coordinates": [[-118.23643537577786, 34.062915711896586], [-118.23643537577786, 34.06289338634154], [-118.236426392625, 34.06289338634154], [-118.236426392625, 34.062915711896586], [-118.23643537577786, 34.062915711896586]]}, "properties": {"confidence": "high"}}, {"type": "Feature", "geometry": {"type": "LineString", "coordinates": [[-118.244969370977, 34.062900828193875], [-118.244969370977, 34.06289338634154], [-118.24496038782416, 34.06289338634154], [-118.24496038782416, 34.062900828193875], [-118.244969370977, 34.062900828193875]]}, "properties": {"confidence": "high"}}, {"type": "Feature", "geometry": {"type": "LineString", "coordinates": [[-118.24001067060864, 34.062900828193875], [-118.24001067060864, 34.06289338634154], [-118.23999270430296, 34.06289338634154], [-118.23999270430296, 34.062900828193875], [-118.24001067060864, 34.062900828193875]]}, "properties": {"confidence": "high"}}, {"type": "Feature", "geometry": {"type": "LineString", "coordinates": [[-118.2394986308967, 34.06290827004556], [-118.2394986308967, 34.06288594448855], [-118.23948964774387, 34.06288594448855], [-118.23948964774387, 34.06290827004556], [-118.2394986308967, 34.06290827004556]]}, "properties": {"confidence": "high"}}, {"type": "Feature", "geometry": {"type": "LineString", "coordinates": [[-118.24496038782416, 34.06289338634154], [-118.24496038782416, 34.06288594448855], [-118.24495140467131, 34.06288594448855], [-118.24495140467131, 34.06289338634154], [-118.24496038782416, 34.06289338634154]]}, "properties": {"confidence": "high"}}, {"type": "Feature", "geometry": {"type": "LineString", "coordinates": [[-118.23999270430296, 34.06289338634154], [-118.23999270430296, 34.06288594448855], [-118.23996575484443, 34.06288594448855], [-118.23996575484443, 34.06289338634154], [-118.23999270430296, 34.06289338634154]]}, "properties": {"confidence": "high"}}, {"type": "Feature", "geometry": {"type": "LineString", "coordinates": [[-118.23804336013644, 34.062900828193875], [-118.23804336013644, 34.06287850263491], [-118.23803437698358, 34.06287850263491], [-118.23803437698358, 34.062900828193875], [-118.23804336013644, 34.062900828193875]]}, "properties": {"confidence": "high"}}, {"type": "Feature", "geometry": {"type": "LineString", "coordinates": [[-118.24099881742119, 34.06289338634154], [-118.24099881742119, 34.06287850263491], [-118.24098983426833, 34.06287850263491], [-118.24098983426833, 34.06289338634154], [-118.24099881742119, 34.06289338634154]]}, "properties": {"confidence": "high"}}, {"type": "Feature", "geometry": {"type": "LineString", "coordinates": [[-118.24495140467131, 34.06288594448855], [-118.24495140467131, 34.06287850263491], [-118.24494242151847, 34.06287850263491], [-118.24494242151847, 34.06288594448855], [-118.24495140467131, 34.06288594448855]]}, "properties": {"confidence": "high"}}, {"type": "Feature", "geometry": {"type": "LineString", "coordinates": [[-118.23996575484443, 34.06288594448855], [-118.23996575484443, 34.06287850263491], [-118.23994778853876, 34.06287850263491], [-118.23994778853876, 34.06288594448855], [-118.23996575484443, 34.06288594448855]]}, "properties": {"confidence": "high"}}, {"type": "Feature", "geometry": {"type": "LineString", "coordinates": [[-118.2364443589307, 34.06289338634154], [-118.2364443589307, 34.06287106078061], [-118.23643537577786, 34.06287106078061], [-118.23643537577786, 34.06289338634154], [-118.2364443589307, 34.06289338634154]]}, "properties": {"confidence": "high"}}, {"type": "Feature", "geometry": {"type": "LineString", "coordinates": [[-118.24494242151847, 34.06287850263491], [-118.24494242151847, 34.06287106078061], [-118.2449244552128, 34.06287106078061], [-118.2449244552128, 34.06287850263491], [-118.24494242151847, 34.06287850263491]]}, "properties": {"confidence": "high"}}, {"type": "Feature", "geometry": {"type": "LineString", "coordinates": [[-118.23994778853876, 34.06287850263491], [-118.23994778853876, 34.06287106078061], [-118.23992083908024, 34.06287106078061], [-118.23992083908024, 34.06287850263491], [-118.23994778853876, 34.06287850263491]]}, "properties": {"confidence": "high"}}, {"type": "Feature", "geometry": {"type": "LineString", "coordinates": [[-118.24100780057402, 34.06287850263491], [-118.24100780057402, 34.06286361892566], [-118.24099881742119, 34.06286361892566], [-118.24099881742119, 34.06287850263491], [-118.24100780057402, 34.06287850263491]]}, "properties": {"confidence": "high"}}, {"type": "Feature", "geometry": {"type": "LineString", "coordinates": [[-118.23805234328928, 34.06287850263491], [-118.23805234328928, 34.06286361892566], [-118.23804336013644, 34.06286361892566], [-118.23804336013644, 34.06287850263491], [-118.23805234328928, 34.06287850263491]]}, "properties": {"confidence": "high"}}, {"type": "Feature", "geometry": {"type": "LineString", "coordinates": [[-118.2449244552128, 34.06287106078061], [-118.2449244552128, 34.06286361892566], [-118.24491547205996, 34.06286361892566], [-118.24491547205996, 34.06287106078061], [-118.2449244552128, 34.06287106078061]]}, "properties": {"confidence": "high"}}, {"type": "Feature", "geometry": {"type": "LineString", "coordinates": [[-118.23992083908024, 34.06287106078061], [-118.23992083908024, 34.06286361892566], [-118.23989388962171, 34.06286361892566], [-118.23989388962171, 34.06287106078061], [-118.23992083908024, 34.06287106078061]]}, "properties": {"confidence": "high"}}, {"type": "Feature", "geometry": {"type": "LineString", "coordinates": [[-118.23950761404954, 34.06288594448855], [-118.23950761404954, 34.06285617707005], [-118.2394986308967, 34.06285617707005], [-118.2394986308967, 34.06288594448855], [-118.23950761404954, 34.06288594448855]]}, "properties": {"confidence": "high"}}, {"type": "Feature", "geometry": {"type": "LineString", "coordinates": [[-118.24491547205996, 34.06286361892566], [-118.24491547205996, 34.06285617707005], [-118.24490648890712, 34.06285617707005], [-118.24490648890712, 34.06286361892566], [-118.24491547205996, 34.06286361892566]]}, "properties": {"confidence": "high"}}, {"type": "Feature", "geometry": {"type": "LineString", "coordinates": [[-118.23989388962171, 34.06286361892566], [-118.23989388962171, 34.06285617707005], [-118.23986694016318, 34.06285617707005], [-118.23986694016318, 34.06286361892566], [-118.23989388962171, 34.06286361892566]]}, "properties": {"confidence": "high"}}, {"type": "Feature", "geometry": {"type": "LineString", "coordinates": [[-118.24338833607693, 34.063131525292164], [-118.24338833607693, 34.0628487352138], [-118.2433793529241, 34.0628487352138], [-118.2433793529241, 34.0630868742899], [-118.24320867302012, 34.0630868742899], [-118.24320867302012, 34.063094316125245], [-118.2433793529241, 34.063094316125245], [-118.2433793529241, 34.063131525292164], [-118.24338833607693, 34.063131525292164]]}, "properties": {"confidence": "high"}}, {"type": "Feature", "geometry": {"type": "LineString", "coordinates": [[-118.2444483481122, 34.062900828193875], [-118.2444483481122, 34.0628487352138], [-118.24443936495936, 34.0628487352138], [-118.24443936495936, 34.062900828193875], [-118.2444483481122, 34.062900828193875]]}, "properties": {"confidence": "high"}}, {"type": "Feature", "geometry": {"type": "LineString", "coordinates": [[-118.23645334208354, 34.06287106078061], [-118.23645334208354, 34.0628487352138], [-118.2364443589307, 34.0628487352138], [-118.2364443589307, 34.06287106078061], [-118.23645334208354, 34.06287106078061]]}, "properties": {"confidence": "high"}}, {"type": "Feature", "geometry": {"type": "LineString", "coordinates": [[-118.24101678372686, 34.06286361892566], [-118.24101678372686, 34.0628487352138], [-118.24100780057402, 34.0628487352138], [-118.24100780057402, 34.06286361892566], [-118.24101678372686, 34.06286361892566]]}, "properties": {"confidence": "high"}}, {"type": "Feature", "geometry": {"type": "LineString", "coordinates": [[-118.24490648890712, 34.06285617707005], [-118.24490648890712, 34.0628487352138], [-118.24489750575427, 34.0628487352138], [-118.24489750575427, 34.06285617707005], [-118.24490648890712, 34.06285617707005]]}, "properties": {"confidence": "high"}}, {"type": "Feature", "geometry": {"type": "LineString", "coordinates": [[-118.23986694016318, 34.06285617707005], [-118.23986694016318, 34.0628487352138], [-118.23983999070467, 34.0628487352138], [-118.23983999070467, 34.06285617707005], [-118.23986694016318, 34.06285617707005]]}, "properties": {"confidence": "high"}}, {"type": "Feature", "geometry": {"type": "LineString", "coordinates": [[-118.23806132644212, 34.06286361892566], [-118.23806132644212, 34.06284129335689], [-118.23805234328928, 34.06284129335689], [-118.23805234328928, 34.06286361892566], [-118.23806132644212, 34.06286361892566]]}, "properties": {"confidence": "high"}}, {"type": "Feature", "geometry": {"type": "LineString", "coordinates": [[-118.24489750575427, 34.0628487352138], [-118.24489750575427, 34.06284129335689], [-118.24488852260143, 34.06284129335689], [-118.24488852260143, 34.0628487352138], [-118.24489750575427, 34.0628487352138]]}, "properties": {"confidence": "high"}}, {"type": "Feature", "geometry": {"type": "LineString", "coordinates": [[-118.23983999070467, 34.0628487352138], [-118.23983999070467, 34.06284129335689], [-118.23982202439899, 34.06284129335689], [-118.23982202439899, 34.0628487352138], [-118.23983999070467, 34.0628487352138]]}, "properties": {"confidence": "high"}}, {"type": "Feature", "geometry": {"type": "LineString", "coordinates": [[-118.2410257668797, 34.0628487352138], [-118.2410257668797, 34.06283385149932], [-118.24101678372686, 34.06283385149932], [-118.24101678372686, 34.0628487352138], [-118.2410257668797, 34.0628487352138]]}, "properties": {"confidence": "high"}}, {"type": "Feature", "geometry": {"type": "LineString", "coordinates": [[-118.24488852260143, 34.06284129335689], [-118.24488852260143, 34.06283385149932], [-118.24487055629575, 34.06283385149932], [-118.24487055629575, 34.06284129335689], [-118.24488852260143, 34.06284129335689]]}, "properties": {"confidence": "high"}}, {"type": "Feature", "geometry": {"type": "LineString", "coordinates": [[-118.23982202439899, 34.06284129335689], [-118.23982202439899, 34.06283385149932], [-118.23979507494046, 34.06283385149932], [-118.23979507494046, 34.06284129335689], [-118.23982202439899, 34.06284129335689]]}, "properties": {"confidence": "high"}}, {"type": "Feature", "geometry": {"type": "LineString", "coordinates": [[-118.23646232523637, 34.0628487352138], [-118.23646232523637, 34.06282640964111], [-118.23645334208354, 34.06282640964111], [-118.23645334208354, 34.0628487352138], [-118.23646232523637, 34.0628487352138]]}, "properties": {"confidence": "high"}}, {"type": "Feature", "geometry": {"type": "LineString", "coordinates": [[-118.23807030959496, 34.06284129335689], [-118.23807030959496, 34.06282640964111], [-118.23806132644212, 34.06282640964111], [-118.23806132644212, 34.06284129335689], [-118.23807030959496, 34.06284129335689]]}, "properties": {"confidence": "high"}}, {"type": "Feature", "geometry": {"type": "LineString", "coordinates": [[-118.24487055629575, 34.06283385149932], [-118.24487055629575, 34.06282640964111], [-118.24486157314291, 34.06282640964111], [-118.24486157314291, 34.06283385149932], [-118.24487055629575, 34.06283385149932]]}, "properties": {"confidence": "high"}}, {"type": "Feature", "geometry": {"type": "LineString", "coordinates": [[-118.23979507494046, 34.06283385149932], [-118.23979507494046, 34.06282640964111], [-118.23976812548194, 34.06282640964111], [-118.23976812548194, 34.06283385149932], [-118.23979507494046, 34.06283385149932]]}, "properties": {"confidence": "high"}}, {"type": "Feature", "geometry": {"type": "LineString", "coordinates": [[-118.24486157314291, 34.06282640964111], [-118.24486157314291, 34.062818967782235], [-118.24485258999007, 34.062818967782235], [-118.24485258999007, 34.06282640964111], [-118.24486157314291, 34.06282640964111]]}, "properties": {"confidence": "high"}}, {"type": "Feature", "geometry": {"type": "LineString", "coordinates": [[-118.23976812548194, 34.06282640964111], [-118.23976812548194, 34.062818967782235], [-118.23975015917625, 34.062818967782235], [-118.23975015917625, 34.06282640964111], [-118.23976812548194, 34.06282640964111]]}, "properties": {"confidence": "high"}}, {"type": "Feature", "geometry": {"type": "LineString", "coordinates": [[-118.24445733126504, 34.0628487352138], [-118.24445733126504, 34.06281152592271], [-118.2444483481122, 34.06281152592271], [-118.2444483481122, 34.0628487352138], [-118.24445733126504, 34.0628487352138]]}, "properties": {"confidence": "high"}}, {"type": "Feature", "geometry": {"type": "LineString", "coordinates": [[-118.24103475003254, 34.06283385149932], [-118.24103475003254, 34.06281152592271], [-118.2410257668797, 34.06281152592271], [-118.2410257668797, 34.06283385149932], [-118.24103475003254, 34.06283385149932]]}, "properties": {"confidence": "high"}}, {"type": "Feature", "geometry": {"type": "LineString", "coordinates": [[-118.24485258999007, 34.062818967782235], [-118.24485258999007, 34.06281152592271], [-118.24484360683721, 34.06281152592271], [-118.24484360683721, 34.062818967782235], [-118.24485258999007, 34.062818967782235]]}, "properties": {"confidence": "high"}}, {"type": "Feature", "geometry": {"type": "LineString", "coordinates": [[-118.23975015917625, 34.062818967782235], [-118.23975015917625, 34.06281152592271], [-118.23971422656489, 34.06281152592271], [-118.23971422656489, 34.062818967782235], [-118.23975015917625, 34.062818967782235]]}, "properties": {"confidence": "high"}}, {"type": "Feature", "geometry": {"type": "LineString", "coordinates": [[-118.24253493655702, 34.062923153746965], [-118.24253493655702, 34.06280408406253], [-118.24252595340417, 34.06280408406253], [-118.24252595340417, 34.062923153746965], [-118.24253493655702, 34.062923153746965]]}, "properties": {"confidence": "high"}}, {"type": "Feature", "geometry": {"type": "LineString", "coordinates": [[-118.2395165972024, 34.06285617707005], [-118.2395165972024, 34.06280408406253], [-118.23950761404954, 34.06280408406253], [-118.23950761404954, 34.06285617707005], [-118.2395165972024, 34.06285617707005]]}, "properties": {"confidence": "high"}}, {"type": "Feature", "geometry": {"type": "LineString", "coordinates": [[-118.23807929274781, 34.06282640964111], [-118.23807929274781, 34.06280408406253], [-118.23807030959496, 34.06280408406253], [-118.23807030959496, 34.06282640964111], [-118.23807929274781, 34.06282640964111]]}, "properties": {"confidence": "high"}}, {"type": "Feature", "geometry": {"type": "LineString", "coordinates": [[-118.23647130838921, 34.06282640964111], [-118.23647130838921, 34.06280408406253], [-118.23646232523637, 34.06280408406253], [-118.23646232523637, 34.06282640964111], [-118.23647130838921, 34.06282640964111]]}, "properties": {"confidence": "high"}}, {"type": "Feature", "geometry": {"type": "LineString", "coordinates": [[-118.24484360683721, 34.06281152592271], [-118.24484360683721, 34.06280408406253], [-118.24483462368435, 34.06280408406253], [-118.24483462368435, 34.06281152592271], [-118.24484360683721, 34.06281152592271]]}, "properties": {"confidence": "high"}}, {"type": "Feature", "geometry": {"type": "LineString", "coordinates": [[-118.23971422656489, 34.06281152592271], [-118.23971422656489, 34.06280408406253], [-118.23966931080069, 34.06280408406253], [-118.23966931080069, 34.06281152592271], [-118.23971422656489, 34.06281152592271]]}, "properties": {"confidence": "high"}}, {"type": "Feature", "geometry": {"type": "LineString", "coordinates": [[-118.24104373318538, 34.06281152592271], [-118.24104373318538, 34.0627966422017], [-118.24103475003254, 34.0627966422017], [-118.24103475003254, 34.06281152592271], [-118.24104373318538, 34.06281152592271]]}, "properties": {"confidence": "high"}}, {"type": "Feature", "geometry": {"type": "LineString", "coordinates": [[-118.24483462368435, 34.06280408406253], [-118.24483462368435, 34.0627966422017], [-118.24482564053152, 34.0627966422017], [-118.24482564053152, 34.06280408406253], [-118.24483462368435, 34.06280408406253]]}, "properties": {"confidence": "high"}}, {"type": "Feature", "geometry": {"type": "LineString", "coordinates": [[-118.23966931080069, 34.06280408406253], [-118.23966931080069, 34.0627966422017], [-118.23963337818932, 34.0627966422017], [-118.23963337818932, 34.06280408406253], [-118.23966931080069, 34.06280408406253]]}, "properties": {"confidence": "high"}}, {"type": "Feature", "geometry": {"type": "LineString", "coordinates": [[-118.23808827590065, 34.06280408406253], [-118.23808827590065, 34.06278920034021], [-118.23807929274781, 34.06278920034021], [-118.23807929274781, 34.06280408406253], [-118.23808827590065, 34.06280408406253]]}, "properties": {"confidence": "high"}}, {"type": "Feature", "geometry": {"type": "LineString", "coordinates": [[-118.23648029154205, 34.06280408406253], [-118.23648029154205, 34.06278920034021], [-118.23647130838921, 34.06278920034021], [-118.23647130838921, 34.06280408406253], [-118.23648029154205, 34.06280408406253]]}, "properties": {"confidence": "high"}}, {"type": "Feature", "geometry": {"type": "LineString", "coordinates": [[-118.24482564053152, 34.0627966422017], [-118.24482564053152, 34.06278920034021], [-118.24480767422584, 34.06278920034021], [-118.24480767422584, 34.0627966422017], [-118.24482564053152, 34.0627966422017]]}, "properties": {"confidence": "high"}}, {"type": "Feature", "geometry": {"type": "LineString", "coordinates": [[-118.23963337818932, 34.0627966422017], [-118.23963337818932, 34.06278920034021], [-118.23961541188365, 34.06278920034021], [-118.23961541188365, 34.0627966422017], [-118.23963337818932, 34.0627966422017]]}, "properties": {"confidence": "high"}}, {"type": "Feature", "geometry": {"type": "LineString", "coordinates": [[-118.24105271633823, 34.0627966422017], [-118.24105271633823, 34.062781758478074], [-118.24104373318538, 34.062781758478074], [-118.24104373318538, 34.0627966422017], [-118.24105271633823, 34.0627966422017]]}, "properties": {"confidence": "high"}}, {"type": "Feature", "geometry": {"type": "LineString", "coordinates": [[-118.24480767422584, 34.06278920034021], [-118.24480767422584, 34.062781758478074], [-118.244798691073, 34.062781758478074], [-118.244798691073, 34.06278920034021], [-118.24480767422584, 34.06278920034021]]}, "properties": {"confidence": "high"}}, {"type": "Feature", "geometry": {"type": "LineString", "coordinates": [[-118.23961541188365, 34.06278920034021], [-118.23961541188365, 34.062781758478074], [-118.2396064287308, 34.062781758478074], [-118.2396064287308, 34.06278920034021], [-118.23961541188365, 34.06278920034021]]}, "properties": {"confidence": "high"}}, {"type": "Feature", "geometry": {"type": "LineString", "coordinates": [[-118.23952558035523, 34.06280408406253], [-118.23952558035523, 34.062774316615275], [-118.2395165972024, 34.062774316615275], [-118.2395165972024, 34.06280408406253], [-118.23952558035523, 34.06280408406253]]}, "properties": {"confidence": "high"}}, {"type": "Feature", "geometry": {"type": "LineString", "coordinates": [[-118.23809725905349, 34.06278920034021], [-118.23809725905349, 34.062774316615275], [-118.23808827590065, 34.062774316615275], [-118.23808827590065, 34.06278920034021], [-118.23809725905349, 34.06278920034021]]}, "properties": {"confidence": "high"}}, {"type": "Feature", "geometry": {"type": "LineString", "coordinates": [[-118.244798691073, 34.062781758478074], [-118.244798691073, 34.062774316615275], [-118.24478970792015, 34.062774316615275], [-118.24478970792015, 34.062781758478074], [-118.244798691073, 34.062781758478074]]}, "properties": {"confidence": "high"}}, {"type": "Feature", "geometry": {"type": "LineString", "coordinates": [[-118.2396064287308, 34.062781758478074], [-118.2396064287308, 34.062774316615275], [-118.23959744557796, 34.062774316615275], [-118.23959744557796, 34.062781758478074], [-118.2396064287308, 34.062781758478074]]}, "properties": {"confidence": "high"}}, {"type": "Feature", "geometry": {"type": "LineString", "coordinates": [[-118.2364892746949, 34.06278920034021], [-118.2364892746949, 34.06276687475184], [-118.23648029154205, 34.06276687475184], [-118.23648029154205, 34.06278920034021], [-118.2364892746949, 34.06278920034021]]}, "properties": {"confidence": "high"}}, {"type": "Feature", "geometry": {"type": "LineString", "coordinates": [[-118.24106169949107, 34.062781758478074], [-118.24106169949107, 34.06276687475184], [-118.24105271633823, 34.06276687475184], [-118.24105271633823, 34.062781758478074], [-118.24106169949107, 34.062781758478074]]}, "properties": {"confidence": "high"}}, {"type": "Feature", "geometry": {"type": "LineString", "coordinates": [[-118.24478970792015, 34.062774316615275], [-118.24478970792015, 34.06276687475184], [-118.24478072476731, 34.06276687475184], [-118.24478072476731, 34.062774316615275], [-118.24478970792015, 34.062774316615275]]}, "properties": {"confidence": "high"}}, {"type": "Feature", "geometry": {"type": "LineString", "coordinates": [[-118.23959744557796, 34.062774316615275], [-118.23959744557796, 34.06276687475184], [-118.23958846242512, 34.06276687475184], [-118.23958846242512, 34.062774316615275], [-118.23959744557796, 34.062774316615275]]}, "properties": {"confidence": "high"}}, {"type": "Feature", "geometry": {"type": "LineString", "coordinates": [[-118.23953456350807, 34.062774316615275], [-118.23953456350807, 34.06276687475184], [-118.23952558035523, 34.06276687475184], [-118.23952558035523, 34.062774316615275], [-118.23953456350807, 34.062774316615275]]}, "properties": {"confidence": "high"}}, {"type": "Feature", "geometry": {"type": "LineString", "coordinates": [[-118.23810624220633, 34.062774316615275], [-118.23810624220633, 34.06275943288773], [-118.23809725905349, 34.06275943288773], [-118.23809725905349, 34.062774316615275], [-118.23810624220633, 34.062774316615275]]}, "properties": {"confidence": "high"}}, {"type": "Feature", "geometry": {"type": "LineString", "coordinates": [[-118.24478072476731, 34.06276687475184], [-118.24478072476731, 34.06275943288773], [-118.24477174161447, 34.06275943288773], [-118.24477174161447, 34.06276687475184], [-118.24478072476731, 34.06276687475184]]}, "properties": {"confidence": "high"}}, {"type": "Feature", "geometry": {"type": "LineString", "coordinates": [[-118.23958846242512, 34.06276687475184], [-118.23958846242512, 34.06275943288773], [-118.23957947927228, 34.06275943288773], [-118.23957947927228, 34.06276687475184], [-118.23958846242512, 34.06276687475184]]}, "properties": {"confidence": "high"}}, {"type": "Feature", "geometry": {"type": "LineString", "coordinates": [[-118.24446631441788, 34.06281152592271], [-118.24446631441788, 34.06275199102298], [-118.24445733126504, 34.06275199102298], [-118.24445733126504, 34.06281152592271], [-118.24446631441788, 34.06281152592271]]}, "properties": {"confidence": "high"}}, {"type": "Feature", "geometry": {"type": "LineString", "coordinates": [[-118.24477174161447, 34.06275943288773], [-118.24477174161447, 34.06275199102298], [-118.24476275846163, 34.06275199102298], [-118.24476275846163, 34.06275943288773], [-118.24477174161447, 34.06275943288773]]}, "properties": {"confidence": "high"}}, {"type": "Feature", "geometry": {"type": "LineString", "coordinates": [[-118.2360940159699, 34.062915711896586], [-118.2360940159699, 34.06274454915757], [-118.23608503281706, 34.06274454915757], [-118.23608503281706, 34.062915711896586], [-118.2360940159699, 34.062915711896586]]}, "properties": {"confidence": "high"}}, {"type": "Feature", "geometry": {"type": "LineString", "coordinates": [[-118.24107068264391, 34.06276687475184], [-118.24107068264391, 34.06274454915757], [-118.24106169949107, 34.06274454915757], [-118.24106169949107, 34.06276687475184], [-118.24107068264391, 34.06276687475184]]}, "properties": {"confidence": "high"}}, {"type": "Feature", "geometry": {"type": "LineString", "coordinates": [[-118.23649825784774, 34.06276687475184], [-118.23649825784774, 34.06274454915757], [-118.2364892746949, 34.06274454915757], [-118.2364892746949, 34.06276687475184], [-118.23649825784774, 34.06276687475184]]}, "properties": {"confidence": "high"}}, {"type": "Feature", "geometry": {"type": "LineString", "coordinates": [[-118.23954354666091, 34.06276687475184], [-118.23954354666091, 34.06275943288773], [-118.23957947927228, 34.06275943288773], [-118.23957947927228, 34.06275199102298], [-118.23954354666091, 34.06275199102298], [-118.23954354666091, 34.06274454915757], [-118.23953456350807, 34.06274454915757], [-118.23953456350807, 34.06276687475184], [-118.23954354666091, 34.06276687475184]]}, "properties": {"confidence": "high"}}, {"type": "Feature", "geometry": {"type": "LineString", "coordinates": [[-118.23811522535917, 34.06275943288773], [-118.23811522535917, 34.06274454915757], [-118.23810624220633, 34.06274454915757], [-118.23810624220633, 34.06275943288773], [-118.23811522535917, 34.06275943288773]]}, "properties": {"confidence": "high"}}, {"type": "Feature", "geometry": {"type": "LineString", "coordinates": [[-118.24476275846163, 34.06275199102298], [-118.24476275846163, 34.06274454915757], [-118.2447537753088, 34.06274454915757], [-118.2447537753088, 34.06275199102298], [-118.24476275846163, 34.06275199102298]]}, "properties": {"confidence": "high"}}, {"type": "Feature", "geometry": {"type": "LineString", "coordinates": [[-118.23958846242512, 34.06275199102298], [-118.23958846242512, 34.06274454915757], [-118.23957947927228, 34.06274454915757], [-118.23957947927228, 34.06275199102298], [-118.23958846242512, 34.06275199102298]]}, "properties": {"confidence": "high"}}, {"type": "Feature", "geometry": {"type": "LineString", "coordinates": [[-118.2447537753088, 34.06274454915757], [-118.2447537753088, 34.06273710729152], [-118.24474479215596, 34.06273710729152], [-118.24474479215596, 34.06274454915757], [-118.2447537753088, 34.06274454915757]]}, "properties": {"confidence": "high"}}, {"type": "Feature", "geometry": {"type": "LineString", "coordinates": [[-118.23953456350807, 34.06274454915757], [-118.23953456350807, 34.06273710729152], [-118.23952558035523, 34.06273710729152], [-118.23952558035523, 34.06274454915757], [-118.23953456350807, 34.06274454915757]]}, "properties": {"confidence": "high"}}, {"type": "Feature", "geometry": {"type": "LineString", "coordinates": [[-118.23959744557796, 34.06274454915757], [-118.23959744557796, 34.0627296654248], [-118.23958846242512, 34.0627296654248], [-118.23958846242512, 34.06274454915757], [-118.23959744557796, 34.06274454915757]]}, "properties": {"confidence": "high"}}, {"type": "Feature", "geometry": {"type": "LineString", "coordinates": [[-118.238124208512, 34.06274454915757], [-118.238124208512, 34.0627296654248], [-118.23811522535917, 34.0627296654248], [-118.23811522535917, 34.06274454915757], [-118.238124208512, 34.06274454915757]]}, "properties": {"confidence": "high"}}, {"type": "Feature", "geometry": {"type": "LineString", "coordinates": [[-118.24474479215596, 34.06273710729152], [-118.24474479215596, 34.0627296654248], [-118.24472682585026, 34.0627296654248], [-118.24472682585026, 34.06273710729152], [-118.24474479215596, 34.06273710729152]]}, "properties": {"confidence": "high"}}, {"type": "Feature", "geometry": {"type": "LineString", "coordinates": [[-118.23952558035523, 34.06273710729152], [-118.23952558035523, 34.0627296654248], [-118.2395165972024, 34.0627296654248], [-118.2395165972024, 34.06273710729152], [-118.23952558035523, 34.06273710729152]]}, "properties": {"confidence": "high"}}, {"type": "Feature", "geometry": {"type": "LineString", "coordinates": [[-118.24107966579675, 34.06274454915757], [-118.24107966579675, 34.06272222355743], [-118.24107068264391, 34.06272222355743], [-118.24107068264391, 34.06274454915757], [-118.24107966579675, 34.06274454915757]]}, "properties": {"confidence": "high"}}, {"type": "Feature", "geometry": {"type": "LineString", "coordinates": [[-118.23650724100058, 34.06274454915757], [-118.23650724100058, 34.06272222355743], [-118.23649825784774, 34.06272222355743], [-118.23649825784774, 34.06274454915757], [-118.23650724100058, 34.06274454915757]]}, "properties": {"confidence": "high"}}, {"type": "Feature", "geometry": {"type": "LineString", "coordinates": [[-118.24472682585026, 34.0627296654248], [-118.24472682585026, 34.06272222355743], [-118.24471784269743, 34.06272222355743], [-118.24471784269743, 34.0627296654248], [-118.24472682585026, 34.0627296654248]]}, "properties": {"confidence": "high"}}, {"type": "Feature", "geometry": {"type": "LineString", "coordinates": [[-118.2395165972024, 34.0627296654248], [-118.2395165972024, 34.06272222355743], [-118.23950761404954, 34.06272222355743], [-118.23950761404954, 34.0627296654248], [-118.2395165972024, 34.0627296654248]]}, "properties": {"confidence": "high"}}, {"type": "Feature", "geometry": {"type": "LineString", "coordinates": [[-118.24252595340417, 34.06280408406253], [-118.24252595340417, 34.06271478168941], [-118.24251697025133, 34.06271478168941], [-118.24251697025133, 34.06280408406253], [-118.24252595340417, 34.06280408406253]]}, "properties": {"confidence": "high"}}, {"type": "Feature", "geometry": {"type": "LineString", "coordinates": [[-118.23813319166486, 34.0627296654248], [-118.23813319166486, 34.06271478168941], [-118.238124208512, 34.06271478168941], [-118.238124208512, 34.0627296654248], [-118.23813319166486, 34.0627296654248]]}, "properties": {"confidence": "high"}}, {"type": "Feature", "geometry": {"type": "LineString", "coordinates": [[-118.24471784269743, 34.06272222355743], [-118.24471784269743, 34.06271478168941], [-118.24470885954459, 34.06271478168941], [-118.24470885954459, 34.06272222355743], [-118.24471784269743, 34.06272222355743]]}, "properties": {"confidence": "high"}}, {"type": "Feature", "geometry": {"type": "LineString", "coordinates": [[-118.23950761404954, 34.06272222355743], [-118.23950761404954, 34.06271478168941], [-118.23948964774387, 34.06271478168941], [-118.23948964774387, 34.06272222355743], [-118.23950761404954, 34.06272222355743]]}, "properties": {"confidence": "high"}}, {"type": "Feature", "geometry": {"type": "LineString", "coordinates": [[-118.23610299912274, 34.06274454915757], [-118.23610299912274, 34.06270733982074], [-118.2360940159699, 34.06270733982074], [-118.2360940159699, 34.06274454915757], [-118.23610299912274, 34.06274454915757]]}, "properties": {"confidence": "high"}}, {"type": "Feature", "geometry": {"type": "LineString", "coordinates": [[-118.24108864894959, 34.06272222355743], [-118.24108864894959, 34.06270733982074], [-118.24107966579675, 34.06270733982074], [-118.24107966579675, 34.06272222355743], [-118.24108864894959, 34.06272222355743]]}, "properties": {"confidence": "high"}}, {"type": "Feature", "geometry": {"type": "LineString", "coordinates": [[-118.24470885954459, 34.06271478168941], [-118.24470885954459, 34.06270733982074], [-118.24469987639175, 34.06270733982074], [-118.24469987639175, 34.06271478168941], [-118.24470885954459, 34.06271478168941]]}, "properties": {"confidence": "high"}}, {"type": "Feature", "geometry": {"type": "LineString", "coordinates": [[-118.23948964774387, 34.06271478168941], [-118.23948964774387, 34.06270733982074], [-118.2394537151325, 34.06270733982074], [-118.2394537151325, 34.06271478168941], [-118.23948964774387, 34.06271478168941]]}, "properties": {"confidence": "high"}}, {"type": "Feature", "geometry": {"type": "LineString", "coordinates": [[-118.2396064287308, 34.0627296654248], [-118.2396064287308, 34.06269989795141], [-118.23959744557796, 34.06269989795141], [-118.23959744557796, 34.0627296654248], [-118.2396064287308, 34.0627296654248]]}, "properties": {"confidence": "high"}}, {"type": "Feature", "geometry": {"type": "LineString", "coordinates": [[-118.23651622415342, 34.06272222355743], [-118.23651622415342, 34.06269989795141], [-118.23650724100058, 34.06269989795141], [-118.23650724100058, 34.06272222355743], [-118.23651622415342, 34.06272222355743]]}, "properties": {"confidence": "high"}}, {"type": "Feature", "geometry": {"type": "LineString", "coordinates": [[-118.24469987639175, 34.06270733982074], [-118.24469987639175, 34.06269989795141], [-118.24469089323891, 34.06269989795141], [-118.24469089323891, 34.06270733982074], [-118.24469987639175, 34.06270733982074]]}, "properties": {"confidence": "high"}}, {"type": "Feature", "geometry": {"type": "LineString", "coordinates": [[-118.2394537151325, 34.06270733982074], [-118.2394537151325, 34.06269989795141], [-118.23941778252114, 34.06269989795141], [-118.23941778252114, 34.06270733982074], [-118.2394537151325, 34.06270733982074]]}, "properties": {"confidence": "high"}}, {"type": "Feature", "geometry": {"type": "LineString", "coordinates": [[-118.2381421748177, 34.06271478168941], [-118.2381421748177, 34.06269245608143], [-118.23813319166486, 34.06269245608143], [-118.23813319166486, 34.06271478168941], [-118.2381421748177, 34.06271478168941]]}, "properties": {"confidence": "high"}}, {"type": "Feature", "geometry": {"type": "LineString", "coordinates": [[-118.24469089323891, 34.06269989795141], [-118.24469089323891, 34.06269245608143], [-118.24468191008606, 34.06269245608143], [-118.24468191008606, 34.06269989795141], [-118.24469089323891, 34.06269989795141]]}, "properties": {"confidence": "high"}}, {"type": "Feature", "geometry": {"type": "LineString", "coordinates": [[-118.23941778252114, 34.06269989795141], [-118.23941778252114, 34.06269245608143], [-118.23939083306261, 34.06269245608143], [-118.23939083306261, 34.06269989795141], [-118.23941778252114, 34.06269989795141]]}, "properties": {"confidence": "high"}}, {"type": "Feature", "geometry": {"type": "LineString", "coordinates": [[-118.24109763210242, 34.06270733982074], [-118.24109763210242, 34.06268501421079], [-118.24108864894959, 34.06268501421079], [-118.24108864894959, 34.06270733982074], [-118.24109763210242, 34.06270733982074]]}, "properties": {"confidence": "high"}}, {"type": "Feature", "geometry": {"type": "LineString", "coordinates": [[-118.24468191008606, 34.06269245608143], [-118.24468191008606, 34.06268501421079], [-118.24467292693322, 34.06268501421079], [-118.24467292693322, 34.06269245608143], [-118.24468191008606, 34.06269245608143]]}, "properties": {"confidence": "high"}}, {"type": "Feature", "geometry": {"type": "LineString", "coordinates": [[-118.23939083306261, 34.06269245608143], [-118.23939083306261, 34.06268501421079], [-118.23937286675694, 34.06268501421079], [-118.23937286675694, 34.06269245608143], [-118.23939083306261, 34.06269245608143]]}, "properties": {"confidence": "high"}}, {"type": "Feature", "geometry": {"type": "LineString", "coordinates": [[-118.23611198227557, 34.06270733982074], [-118.23611198227557, 34.06267757233951], [-118.23610299912274, 34.06267757233951], [-118.23610299912274, 34.06270733982074], [-118.23611198227557, 34.06270733982074]]}, "properties": {"confidence": "high"}}, {"type": "Feature", "geometry": {"type": "LineString", "coordinates": [[-118.23652520730626, 34.06269989795141], [-118.23652520730626, 34.06267757233951], [-118.23651622415342, 34.06267757233951], [-118.23651622415342, 34.06269989795141], [-118.23652520730626, 34.06269989795141]]}, "properties": {"confidence": "high"}}, {"type": "Feature", "geometry": {"type": "LineString", "coordinates": [[-118.23815115797053, 34.06269245608143], [-118.23815115797053, 34.06267757233951], [-118.2381421748177, 34.06267757233951], [-118.2381421748177, 34.06269245608143], [-118.23815115797053, 34.06269245608143]]}, "properties": {"confidence": "high"}}, {"type": "Feature", "geometry": {"type": "LineString", "coordinates": [[-118.24467292693322, 34.06268501421079], [-118.24467292693322, 34.06267757233951], [-118.24465496062754, 34.06267757233951], [-118.24465496062754, 34.06268501421079], [-118.24467292693322, 34.06268501421079]]}, "properties": {"confidence": "high"}}, {"type": "Feature", "geometry": {"type": "LineString", "coordinates": [[-118.23937286675694, 34.06268501421079], [-118.23937286675694, 34.06267757233951], [-118.23935490045125, 34.06267757233951], [-118.23935490045125, 34.06268501421079], [-118.23937286675694, 34.06268501421079]]}, "properties": {"confidence": "high"}}, {"type": "Feature", "geometry": {"type": "LineString", "coordinates": [[-118.24465496062754, 34.06267757233951], [-118.24465496062754, 34.062670130467566], [-118.2446459774747, 34.062670130467566], [-118.2446459774747, 34.06267757233951], [-118.24465496062754, 34.06267757233951]]}, "properties": {"confidence": "high"}}, {"type": "Feature", "geometry": {"type": "LineString", "coordinates": [[-118.23935490045125, 34.06267757233951], [-118.23935490045125, 34.062670130467566], [-118.23932795099273, 34.062670130467566], [-118.23932795099273, 34.06267757233951], [-118.23935490045125, 34.06267757233951]]}, "properties": {"confidence": "high"}}, {"type": "Feature", "geometry": {"type": "LineString", "coordinates": [[-118.23961541188365, 34.06269989795141], [-118.23961541188365, 34.06266268859497], [-118.2396064287308, 34.06266268859497], [-118.2396064287308, 34.06269989795141], [-118.23961541188365, 34.06269989795141]]}, "properties": {"confidence": "high"}}, {"type": "Feature", "geometry": {"type": "LineString", "coordinates": [[-118.24110661525528, 34.06268501421079], [-118.24110661525528, 34.06266268859497], [-118.24109763210242, 34.06266268859497], [-118.24109763210242, 34.06268501421079], [-118.24110661525528, 34.06268501421079]]}, "properties": {"confidence": "high"}}, {"type": "Feature", "geometry": {"type": "LineString", "coordinates": [[-118.23816014112337, 34.06267757233951], [-118.23816014112337, 34.06266268859497], [-118.23815115797053, 34.06266268859497], [-118.23815115797053, 34.06267757233951], [-118.23816014112337, 34.06267757233951]]}, "properties": {"confidence": "high"}}, {"type": "Feature", "geometry": {"type": "LineString", "coordinates": [[-118.23653419045911, 34.06267757233951], [-118.23653419045911, 34.06266268859497], [-118.23652520730626, 34.06266268859497], [-118.23652520730626, 34.06267757233951], [-118.23653419045911, 34.06267757233951]]}, "properties": {"confidence": "high"}}, {"type": "Feature", "geometry": {"type": "LineString", "coordinates": [[-118.2446459774747, 34.062670130467566], [-118.2446459774747, 34.06266268859497], [-118.24463699432185, 34.06266268859497], [-118.24463699432185, 34.062670130467566], [-118.2446459774747, 34.062670130467566]]}, "properties": {"confidence": "high"}}, {"type": "Feature", "geometry": {"type": "LineString", "coordinates": [[-118.23932795099273, 34.062670130467566], [-118.23932795099273, 34.06266268859497], [-118.23930998468705, 34.06266268859497], [-118.23930998468705, 34.062670130467566], [-118.23932795099273, 34.062670130467566]]}, "properties": {"confidence": "high"}}, {"type": "Feature", "geometry": {"type": "LineString", "coordinates": [[-118.2433793529241, 34.0628487352138], [-118.2433793529241, 34.062655246721725], [-118.24337036977126, 34.062655246721725], [-118.24337036977126, 34.0628487352138], [-118.2433793529241, 34.0628487352138]]}, "properties": {"confidence": "high"}}, {"type": "Feature", "geometry": {"type": "LineString", "coordinates": [[-118.23612096542841, 34.06267757233951], [-118.23612096542841, 34.062655246721725], [-118.23611198227557, 34.062655246721725], [-118.23611198227557, 34.06267757233951], [-118.23612096542841, 34.06267757233951]]}, "properties": {"confidence": "high"}}, {"type": "Feature", "geometry": {"type": "LineString", "coordinates": [[-118.24463699432185, 34.06266268859497], [-118.24463699432185, 34.062655246721725], [-118.24462801116901, 34.062655246721725], [-118.24462801116901, 34.06266268859497], [-118.24463699432185, 34.06266268859497]]}, "properties": {"confidence": "high"}}, {"type": "Feature", "geometry": {"type": "LineString", "coordinates": [[-118.23930998468705, 34.06266268859497], [-118.23930998468705, 34.062655246721725], [-118.23929201838136, 34.062655246721725], [-118.23929201838136, 34.06266268859497], [-118.23930998468705, 34.06266268859497]]}, "properties": {"confidence": "high"}}, {"type": "Feature", "geometry": {"type": "LineString", "coordinates": [[-118.24111559840811, 34.06266268859497], [-118.24111559840811, 34.06264780484782], [-118.24110661525528, 34.06264780484782], [-118.24110661525528, 34.06266268859497], [-118.24111559840811, 34.06266268859497]]}, "properties": {"confidence": "high"}}, {"type": "Feature", "geometry": {"type": "LineString", "coordinates": [[-118.23816912427621, 34.06266268859497], [-118.23816912427621, 34.06264780484782], [-118.23816014112337, 34.06264780484782], [-118.23816014112337, 34.06266268859497], [-118.23816912427621, 34.06266268859497]]}, "properties": {"confidence": "high"}}, {"type": "Feature", "geometry": {"type": "LineString", "coordinates": [[-118.23654317361195, 34.06266268859497], [-118.23654317361195, 34.06264780484782], [-118.23653419045911, 34.06264780484782], [-118.23653419045911, 34.06266268859497], [-118.23654317361195, 34.06266268859497]]}, "properties": {"confidence": "high"}}, {"type": "Feature", "geometry": {"type": "LineString", "coordinates": [[-118.24462801116901, 34.062655246721725], [-118.24462801116901, 34.06264780484782], [-118.24461902801617, 34.06264780484782], [-118.24461902801617, 34.062655246721725], [-118.24462801116901, 34.062655246721725]]}, "properties": {"confidence": "high"}}, {"type": "Feature", "geometry": {"type": "LineString", "coordinates": [[-118.23929201838136, 34.062655246721725], [-118.23929201838136, 34.06264780484782], [-118.23927405207569, 34.06264780484782], [-118.23927405207569, 34.062655246721725], [-118.23929201838136, 34.062655246721725]]}, "properties": {"confidence": "high"}}, {"type": "Feature", "geometry": {"type": "LineString", "coordinates": [[-118.24447529757072, 34.06275199102298], [-118.24447529757072, 34.062640362973255], [-118.24446631441788, 34.062640362973255], [-118.24446631441788, 34.06275199102298], [-118.24447529757072, 34.06275199102298]]}, "properties": {"confidence": "high"}}, {"type": "Feature", "geometry": {"type": "LineString", "coordinates": [[-118.24461902801617, 34.06264780484782], [-118.24461902801617, 34.062640362973255], [-118.2445830954048, 34.062640362973255], [-118.2445830954048, 34.06264780484782], [-118.24461902801617, 34.06264780484782]]}, "properties": {"confidence": "high"}}, {"type": "Feature", "geometry": {"type": "LineString", "coordinates": [[-118.23927405207569, 34.06264780484782], [-118.23927405207569, 34.062640362973255], [-118.23924710261716, 34.062640362973255], [-118.23924710261716, 34.06264780484782], [-118.23927405207569, 34.06264780484782]]}, "properties": {"confidence": "high"}}, {"type": "Feature", "geometry": {"type": "LineString", "coordinates": [[-118.23612994858127, 34.062655246721725], [-118.23612994858127, 34.06263292109805], [-118.23612096542841, 34.06263292109805], [-118.23612096542841, 34.062655246721725], [-118.23612994858127, 34.062655246721725]]}, "properties": {"confidence": "high"}}, {"type": "Feature", "geometry": {"type": "LineString", "coordinates": [[-118.24112458156095, 34.06264780484782], [-118.24112458156095, 34.06263292109805], [-118.24111559840811, 34.06263292109805], [-118.24111559840811, 34.06264780484782], [-118.24112458156095, 34.06264780484782]]}, "properties": {"confidence": "high"}}, {"type": "Feature", "geometry": {"type": "LineString", "coordinates": [[-118.2445830954048, 34.062640362973255], [-118.2445830954048, 34.06263292109805], [-118.24455614594629, 34.06263292109805], [-118.24455614594629, 34.062640362973255], [-118.2445830954048, 34.062640362973255]]}, "properties": {"confidence": "high"}}, {"type": "Feature", "geometry": {"type": "LineString", "coordinates": [[-118.23924710261716, 34.062640362973255], [-118.23924710261716, 34.06263292109805], [-118.23922913631148, 34.06263292109805], [-118.23922913631148, 34.062640362973255], [-118.23924710261716, 34.062640362973255]]}, "properties": {"confidence": "high"}}, {"type": "Feature", "geometry": {"type": "LineString", "coordinates": [[-118.24251697025133, 34.06271478168941], [-118.24251697025133, 34.06262547922219], [-118.24250798709849, 34.06262547922219], [-118.24250798709849, 34.06271478168941], [-118.24251697025133, 34.06271478168941]]}, "properties": {"confidence": "high"}}, {"type": "Feature", "geometry": {"type": "LineString", "coordinates": [[-118.23962439503649, 34.06266268859497], [-118.23962439503649, 34.06262547922219], [-118.23961541188365, 34.06262547922219], [-118.23961541188365, 34.06266268859497], [-118.23962439503649, 34.06266268859497]]}, "properties": {"confidence": "high"}}, {"type": "Feature", "geometry": {"type": "LineString", "coordinates": [[-118.23817810742905, 34.06264780484782], [-118.23817810742905, 34.06262547922219], [-118.23816912427621, 34.06262547922219], [-118.23816912427621, 34.06264780484782], [-118.23817810742905, 34.06264780484782]]}, "properties": {"confidence": "high"}}, {"type": "Feature", "geometry": {"type": "LineString", "coordinates": [[-118.23655215676479, 34.06264780484782], [-118.23655215676479, 34.06262547922219], [-118.23654317361195, 34.06262547922219], [-118.23654317361195, 34.06264780484782], [-118.23655215676479, 34.06264780484782]]}, "properties": {"confidence": "high"}}, {"type": "Feature", "geometry": {"type": "LineString", "coordinates": [[-118.24448428072355, 34.062640362973255], [-118.24448428072355, 34.06262547922219], [-118.24447529757072, 34.06262547922219], [-118.24447529757072, 34.062640362973255], [-118.24448428072355, 34.062640362973255]]}, "properties": {"confidence": "high"}}, {"type": "Feature", "geometry": {"type": "LineString", "coordinates": [[-118.24455614594629, 34.06263292109805], [-118.24455614594629, 34.06262547922219], [-118.24452919648776, 34.06262547922219], [-118.24452919648776, 34.06263292109805], [-118.24455614594629, 34.06263292109805]]}, "properties": {"confidence": "high"}}, {"type": "Feature", "geometry": {"type": "LineString", "coordinates": [[-118.23922913631148, 34.06263292109805], [-118.23922913631148, 34.06262547922219], [-118.2392111700058, 34.06262547922219], [-118.2392111700058, 34.06263292109805], [-118.23922913631148, 34.06263292109805]]}, "properties": {"confidence": "high"}}, {"type": "Feature", "geometry": {"type": "LineString", "coordinates": [[-118.24113356471379, 34.06263292109805], [-118.24113356471379, 34.06261803734567], [-118.24112458156095, 34.06261803734567], [-118.24112458156095, 34.06263292109805], [-118.24113356471379, 34.06263292109805]]}, "properties": {"confidence": "high"}}, {"type": "Feature", "geometry": {"type": "LineString", "coordinates": [[-118.24452919648776, 34.06262547922219], [-118.24452919648776, 34.06261803734567], [-118.24450224702925, 34.06261803734567], [-118.24450224702925, 34.06262547922219], [-118.24452919648776, 34.06262547922219]]}, "properties": {"confidence": "high"}}, {"type": "Feature", "geometry": {"type": "LineString", "coordinates": [[-118.2392111700058, 34.06262547922219], [-118.2392111700058, 34.06261803734567], [-118.23918422054727, 34.06261803734567], [-118.23918422054727, 34.06262547922219], [-118.2392111700058, 34.06262547922219]]}, "properties": {"confidence": "high"}}, {"type": "Feature", "geometry": {"type": "LineString", "coordinates": [[-118.23963337818932, 34.06262547922219], [-118.23963337818932, 34.062610595468506], [-118.23962439503649, 34.062610595468506], [-118.23962439503649, 34.06262547922219], [-118.23963337818932, 34.06262547922219]]}, "properties": {"confidence": "high"}}, {"type": "Feature", "geometry": {"type": "LineString", "coordinates": [[-118.23656113991763, 34.06262547922219], [-118.23656113991763, 34.062610595468506], [-118.23655215676479, 34.062610595468506], [-118.23655215676479, 34.06262547922219], [-118.23656113991763, 34.06262547922219]]}, "properties": {"confidence": "high"}}, {"type": "Feature", "geometry": {"type": "LineString", "coordinates": [[-118.23918422054727, 34.06261803734567], [-118.23918422054727, 34.062610595468506], [-118.23916625424157, 34.062610595468506], [-118.23916625424157, 34.06261803734567], [-118.23918422054727, 34.06261803734567]]}, "properties": {"confidence": "high"}}, {"type": "Feature", "geometry": {"type": "LineString", "coordinates": [[-118.2381870905819, 34.06262547922219], [-118.2381870905819, 34.062603153590686], [-118.23817810742905, 34.062603153590686], [-118.23817810742905, 34.06262547922219], [-118.2381870905819, 34.06262547922219]]}, "properties": {"confidence": "high"}}, {"type": "Feature", "geometry": {"type": "LineString", "coordinates": [[-118.24114254786663, 34.06261803734567], [-118.24114254786663, 34.062603153590686], [-118.24113356471379, 34.062603153590686], [-118.24113356471379, 34.06261803734567], [-118.24114254786663, 34.06261803734567]]}, "properties": {"confidence": "high"}}, {"type": "Feature", "geometry": {"type": "LineString", "coordinates": [[-118.23916625424157, 34.062610595468506], [-118.23916625424157, 34.062603153590686], [-118.23913930478304, 34.062603153590686], [-118.23913930478304, 34.062610595468506], [-118.23916625424157, 34.062610595468506]]}, "properties": {"confidence": "high"}}, {"type": "Feature", "geometry": {"type": "LineString", "coordinates": [[-118.23913930478304, 34.062603153590686], [-118.23913930478304, 34.062595711712206], [-118.23912133847736, 34.062595711712206], [-118.23912133847736, 34.062603153590686], [-118.23913930478304, 34.062603153590686]]}, "properties": {"confidence": "high"}}, {"type": "Feature", "geometry": {"type": "LineString", "coordinates": [[-118.24449326387641, 34.06262547922219], [-118.24449326387641, 34.06261803734567], [-118.24450224702925, 34.06261803734567], [-118.24450224702925, 34.062610595468506], [-118.24449326387641, 34.062610595468506], [-118.24449326387641, 34.06258826983307], [-118.24448428072355, 34.06258826983307], [-118.24448428072355, 34.06262547922219], [-118.24449326387641, 34.06262547922219]]}, "properties": {"confidence": "high"}}, {"type": "Feature", "geometry": {"type": "LineString", "coordinates": [[-118.23964236134216, 34.062610595468506], [-118.23964236134216, 34.06258826983307], [-118.23963337818932, 34.06258826983307], [-118.23963337818932, 34.062610595468506], [-118.23964236134216, 34.062610595468506]]}, "properties": {"confidence": "high"}}, {"type": "Feature", "geometry": {"type": "LineString", "coordinates": [[-118.23657012307046, 34.062610595468506], [-118.23657012307046, 34.06258826983307], [-118.23656113991763, 34.06258826983307], [-118.23656113991763, 34.062610595468506], [-118.23657012307046, 34.062610595468506]]}, "properties": {"confidence": "high"}}, {"type": "Feature", "geometry": {"type": "LineString", "coordinates": [[-118.23819607373474, 34.062603153590686], [-118.23819607373474, 34.06258826983307], [-118.2381870905819, 34.06258826983307], [-118.2381870905819, 34.062603153590686], [-118.23819607373474, 34.062603153590686]]}, "properties": {"confidence": "high"}}, {"type": "Feature", "geometry": {"type": "LineString", "coordinates": [[-118.23912133847736, 34.062595711712206], [-118.23912133847736, 34.06258826983307], [-118.23909438901883, 34.06258826983307], [-118.23909438901883, 34.062595711712206], [-118.23912133847736, 34.062595711712206]]}, "properties": {"confidence": "high"}}, {"type": "Feature", "geometry": {"type": "LineString", "coordinates": [[-118.24115153101948, 34.062603153590686], [-118.24115153101948, 34.06258082795329], [-118.24114254786663, 34.06258082795329], [-118.24114254786663, 34.062603153590686], [-118.24115153101948, 34.062603153590686]]}, "properties": {"confidence": "high"}}, {"type": "Feature", "geometry": {"type": "LineString", "coordinates": [[-118.24369376327353, 34.06258826983307], [-118.24369376327353, 34.06258082795329], [-118.24359494859227, 34.06258082795329], [-118.24359494859227, 34.06258826983307], [-118.24369376327353, 34.06258826983307]]}, "properties": {"confidence": "high"}}, {"type": "Feature", "geometry": {"type": "LineString", "coordinates": [[-118.23909438901883, 34.06258826983307], [-118.23909438901883, 34.06258082795329], [-118.23907642271315, 34.06258082795329], [-118.23907642271315, 34.06258826983307], [-118.23909438901883, 34.06258826983307]]}, "properties": {"confidence": "high"}}, {"type": "Feature", "geometry": {"type": "LineString", "coordinates": [[-118.23820505688758, 34.06258826983307], [-118.23820505688758, 34.06258082795329], [-118.23819607373474, 34.06258082795329], [-118.23819607373474, 34.06258826983307], [-118.23820505688758, 34.06258826983307]]}, "properties": {"confidence": "high"}}, {"type": "Feature", "geometry": {"type": "LineString", "coordinates": [[-118.24401715677583, 34.06258082795329], [-118.24401715677583, 34.062573386072856], [-118.24369376327353, 34.062573386072856], [-118.24369376327353, 34.06258082795329], [-118.24401715677583, 34.06258082795329]]}, "properties": {"confidence": "high"}}, {"type": "Feature", "geometry": {"type": "LineString", "coordinates": [[-118.23907642271315, 34.06258082795329], [-118.23907642271315, 34.062573386072856], [-118.23904947325464, 34.062573386072856], [-118.23904947325464, 34.06258082795329], [-118.23907642271315, 34.06258082795329]]}, "properties": {"confidence": "high"}}, {"type": "Feature", "geometry": {"type": "LineString", "coordinates": [[-118.24337036977126, 34.062655246721725], [-118.24337036977126, 34.062595711712206], [-118.24359494859227, 34.062595711712206], [-118.24359494859227, 34.06258826983307], [-118.24337036977126, 34.06258826983307], [-118.24337036977126, 34.06256594419176], [-118.24336138661842, 34.06256594419176], [-118.24336138661842, 34.062655246721725], [-118.24337036977126, 34.062655246721725]]}, "properties": {"confidence": "high"}}, {"type": "Feature", "geometry": {"type": "LineString", "coordinates": [[-118.24448428072355, 34.06258826983307], [-118.24448428072355, 34.06256594419176], [-118.24447529757072, 34.06256594419176], [-118.24447529757072, 34.06258826983307], [-118.24448428072355, 34.06258826983307]]}, "properties": {"confidence": "high"}}, {"type": "Feature", "geometry": {"type": "LineString", "coordinates": [[-118.239651344495, 34.06258826983307], [-118.239651344495, 34.06256594419176], [-118.23964236134216, 34.06256594419176], [-118.23964236134216, 34.06258826983307], [-118.239651344495, 34.06258826983307]]}, "properties": {"confidence": "high"}}, {"type": "Feature", "geometry": {"type": "LineString", "coordinates": [[-118.2365791062233, 34.06258826983307], [-118.2365791062233, 34.06256594419176], [-118.23657012307046, 34.06256594419176], [-118.23657012307046, 34.06258826983307], [-118.2365791062233, 34.06258826983307]]}, "properties": {"confidence": "high"}}, {"type": "Feature", "geometry": {"type": "LineString", "coordinates": [[-118.24116051417232, 34.06258082795329], [-118.24116051417232, 34.06256594419176], [-118.24115153101948, 34.06256594419176], [-118.24115153101948, 34.06258082795329], [-118.24116051417232, 34.06258082795329]]}, "properties": {"confidence": "high"}}, {"type": "Feature", "geometry": {"type": "LineString", "coordinates": [[-118.2442956345139, 34.062573386072856], [-118.2442956345139, 34.06256594419176], [-118.24401715677583, 34.06256594419176], [-118.24401715677583, 34.062573386072856], [-118.2442956345139, 34.062573386072856]]}, "properties": {"confidence": "high"}}, {"type": "Feature", "geometry": {"type": "LineString", "coordinates": [[-118.23904947325464, 34.062573386072856], [-118.23904947325464, 34.06256594419176], [-118.23903150694895, 34.06256594419176], [-118.23903150694895, 34.062573386072856], [-118.23904947325464, 34.062573386072856]]}, "properties": {"confidence": "high"}}, {"type": "Feature", "geometry": {"type": "LineString", "coordinates": [[-118.23821404004042, 34.06258082795329], [-118.23821404004042, 34.06255850231001], [-118.23820505688758, 34.06255850231001], [-118.23820505688758, 34.06258082795329], [-118.23821404004042, 34.06258082795329]]}, "properties": {"confidence": "high"}}, {"type": "Feature", "geometry": {"type": "LineString", "coordinates": [[-118.23903150694895, 34.06256594419176], [-118.23903150694895, 34.06255850231001], [-118.23901354064327, 34.06255850231001], [-118.23901354064327, 34.06256594419176], [-118.23903150694895, 34.06256594419176]]}, "properties": {"confidence": "high"}}, {"type": "Feature", "geometry": {"type": "LineString", "coordinates": [[-118.24116949732516, 34.06256594419176], [-118.24116949732516, 34.062551060427616], [-118.24116051417232, 34.062551060427616], [-118.24116051417232, 34.06256594419176], [-118.24116949732516, 34.06256594419176]]}, "properties": {"confidence": "high"}}, {"type": "Feature", "geometry": {"type": "LineString", "coordinates": [[-118.23658808937616, 34.06256594419176], [-118.23658808937616, 34.062551060427616], [-118.2365791062233, 34.062551060427616], [-118.2365791062233, 34.06256594419176], [-118.23658808937616, 34.06256594419176]]}, "properties": {"confidence": "high"}}, {"type": "Feature", "geometry": {"type": "LineString", "coordinates": [[-118.23901354064327, 34.06255850231001], [-118.23901354064327, 34.062551060427616], [-118.23898659118474, 34.062551060427616], [-118.23898659118474, 34.06255850231001], [-118.23901354064327, 34.06255850231001]]}, "properties": {"confidence": "high"}}, {"type": "Feature", "geometry": {"type": "LineString", "coordinates": [[-118.24250798709849, 34.06262547922219], [-118.24250798709849, 34.06254361854457], [-118.24249900394565, 34.06254361854457], [-118.24249900394565, 34.06262547922219], [-118.24250798709849, 34.06262547922219]]}, "properties": {"confidence": "high"}}, {"type": "Feature", "geometry": {"type": "LineString", "coordinates": [[-118.24447529757072, 34.06256594419176], [-118.24447529757072, 34.06254361854457], [-118.24446631441788, 34.06254361854457], [-118.24446631441788, 34.06255850231001], [-118.2442956345139, 34.06255850231001], [-118.2442956345139, 34.06256594419176], [-118.24447529757072, 34.06256594419176]]}, "properties": {"confidence": "high"}}, {"type": "Feature", "geometry": {"type": "LineString", "coordinates": [[-118.23966032764784, 34.06256594419176], [-118.23966032764784, 34.06254361854457], [-118.239651344495, 34.06254361854457], [-118.239651344495, 34.06256594419176], [-118.23966032764784, 34.06256594419176]]}, "properties": {"confidence": "high"}}, {"type": "Feature", "geometry": {"type": "LineString", "coordinates": [[-118.23898659118474, 34.062551060427616], [-118.23898659118474, 34.06254361854457], [-118.23896862487906, 34.06254361854457], [-118.23896862487906, 34.062551060427616], [-118.23898659118474, 34.062551060427616]]}, "properties": {"confidence": "high"}}, {"type": "Feature", "geometry": {"type": "LineString", "coordinates": [[-118.23822302319326, 34.06255850231001], [-118.23822302319326, 34.062536176660856], [-118.23821404004042, 34.062536176660856], [-118.23821404004042, 34.06255850231001], [-118.23822302319326, 34.06255850231001]]}, "properties": {"confidence": "high"}}, {"type": "Feature", "geometry": {"type": "LineString", "coordinates": [[-118.241178480478, 34.062551060427616], [-118.241178480478, 34.062536176660856], [-118.24116949732516, 34.062536176660856], [-118.24116949732516, 34.062551060427616], [-118.241178480478, 34.062551060427616]]}, "properties": {"confidence": "high"}}, {"type": "Feature", "geometry": {"type": "LineString", "coordinates": [[-118.236597072529, 34.062551060427616], [-118.236597072529, 34.062536176660856], [-118.23658808937616, 34.062536176660856], [-118.23658808937616, 34.062551060427616], [-118.236597072529, 34.062551060427616]]}, "properties": {"confidence": "high"}}, {"type": "Feature", "geometry": {"type": "LineString", "coordinates": [[-118.23896862487906, 34.06254361854457], [-118.23896862487906, 34.062536176660856], [-118.23895065857339, 34.062536176660856], [-118.23895065857339, 34.06254361854457], [-118.23896862487906, 34.06254361854457]]}, "properties": {"confidence": "high"}}, {"type": "Feature", "geometry": {"type": "LineString", "coordinates": [[-118.23895065857339, 34.062536176660856], [-118.23895065857339, 34.0625287347765], [-118.23892370911486, 34.0625287347765], [-118.23892370911486, 34.062536176660856], [-118.23895065857339, 34.062536176660856]]}, "properties": {"confidence": "high"}}, {"type": "Feature", "geometry": {"type": "LineString", "coordinates": [[-118.23966931080069, 34.06254361854457], [-118.23966931080069, 34.06252129289148], [-118.23966032764784, 34.06252129289148], [-118.23966032764784, 34.06254361854457], [-118.23966931080069, 34.06254361854457]]}, "properties": {"confidence": "high"}}, {"type": "Feature", "geometry": {"type": "LineString", "coordinates": [[-118.24118746363084, 34.062536176660856], [-118.24118746363084, 34.06252129289148], [-118.241178480478, 34.06252129289148], [-118.241178480478, 34.062536176660856], [-118.24118746363084, 34.062536176660856]]}, "properties": {"confidence": "high"}}, {"type": "Feature", "geometry": {"type": "LineString", "coordinates": [[-118.23823200634611, 34.062536176660856], [-118.23823200634611, 34.06252129289148], [-118.23822302319326, 34.06252129289148], [-118.23822302319326, 34.062536176660856], [-118.23823200634611, 34.062536176660856]]}, "properties": {"confidence": "high"}}, {"type": "Feature", "geometry": {"type": "LineString", "coordinates": [[-118.23660605568183, 34.062536176660856], [-118.23660605568183, 34.06252129289148], [-118.236597072529, 34.06252129289148], [-118.236597072529, 34.062536176660856], [-118.23660605568183, 34.062536176660856]]}, "properties": {"confidence": "high"}}, {"type": "Feature", "geometry": {"type": "LineString", "coordinates": [[-118.23892370911486, 34.0625287347765], [-118.23892370911486, 34.06252129289148], [-118.23890574280918, 34.06252129289148], [-118.23890574280918, 34.0625287347765], [-118.23892370911486, 34.0625287347765]]}, "properties": {"confidence": "high"}}, {"type": "Feature", "geometry": {"type": "LineString", "coordinates": [[-118.24448428072355, 34.06254361854457], [-118.24448428072355, 34.06251385100582], [-118.24447529757072, 34.06251385100582], [-118.24447529757072, 34.06254361854457], [-118.24448428072355, 34.06254361854457]]}, "properties": {"confidence": "high"}}, {"type": "Feature", "geometry": {"type": "LineString", "coordinates": [[-118.23890574280918, 34.06252129289148], [-118.23890574280918, 34.06251385100582], [-118.23888777650349, 34.06251385100582], [-118.23888777650349, 34.06252129289148], [-118.23890574280918, 34.06252129289148]]}, "properties": {"confidence": "high"}}, {"type": "Feature", "geometry": {"type": "LineString", "coordinates": [[-118.24119644678368, 34.06252129289148], [-118.24119644678368, 34.06250640911951], [-118.24118746363084, 34.06250640911951], [-118.24118746363084, 34.06252129289148], [-118.24119644678368, 34.06252129289148]]}, "properties": {"confidence": "high"}}, {"type": "Feature", "geometry": {"type": "LineString", "coordinates": [[-118.23824098949895, 34.06252129289148], [-118.23824098949895, 34.06250640911951], [-118.23823200634611, 34.06250640911951], [-118.23823200634611, 34.06252129289148], [-118.23824098949895, 34.06252129289148]]}, "properties": {"confidence": "high"}}, {"type": "Feature", "geometry": {"type": "LineString", "coordinates": [[-118.23888777650349, 34.06251385100582], [-118.23888777650349, 34.06250640911951], [-118.23886082704497, 34.06250640911951], [-118.23886082704497, 34.06251385100582], [-118.23888777650349, 34.06251385100582]]}, "properties": {"confidence": "high"}}, {"type": "Feature", "geometry": {"type": "LineString", "coordinates": [[-118.23967829395353, 34.06252129289148], [-118.23967829395353, 34.06249896723253], [-118.23966931080069, 34.06249896723253], [-118.23966931080069, 34.06252129289148], [-118.23967829395353, 34.06252129289148]]}, "properties": {"confidence": "high"}}, {"type": "Feature", "geometry": {"type": "LineString", "coordinates": [[-118.23661503883467, 34.06252129289148], [-118.23661503883467, 34.06249896723253], [-118.23660605568183, 34.06249896723253], [-118.23660605568183, 34.06252129289148], [-118.23661503883467, 34.06252129289148]]}, "properties": {"confidence": "high"}}, {"type": "Feature", "geometry": {"type": "LineString", "coordinates": [[-118.23886082704497, 34.06250640911951], [-118.23886082704497, 34.06249896723253], [-118.23883387758644, 34.06249896723253], [-118.23883387758644, 34.06250640911951], [-118.23886082704497, 34.06250640911951]]}, "properties": {"confidence": "high"}}, {"type": "Feature", "geometry": {"type": "LineString", "coordinates": [[-118.23883387758644, 34.06249896723253], [-118.23883387758644, 34.06249152534491], [-118.23880692812793, 34.06249152534491], [-118.23880692812793, 34.06249896723253], [-118.23883387758644, 34.06249896723253]]}, "properties": {"confidence": "high"}}, {"type": "Feature", "geometry": {"type": "LineString", "coordinates": [[-118.24336138661842, 34.06256594419176], [-118.24336138661842, 34.06248408345663], [-118.24335240346556, 34.06248408345663], [-118.24335240346556, 34.06256594419176], [-118.24336138661842, 34.06256594419176]]}, "properties": {"confidence": "high"}}, {"type": "Feature", "geometry": {"type": "LineString", "coordinates": [[-118.24120542993653, 34.06250640911951], [-118.24120542993653, 34.06248408345663], [-118.24119644678368, 34.06248408345663], [-118.24119644678368, 34.06250640911951], [-118.24120542993653, 34.06250640911951]]}, "properties": {"confidence": "high"}}, {"type": "Feature", "geometry": {"type": "LineString", "coordinates": [[-118.23824997265179, 34.06250640911951], [-118.23824997265179, 34.06248408345663], [-118.23824098949895, 34.06248408345663], [-118.23824098949895, 34.06250640911951], [-118.23824997265179, 34.06250640911951]]}, "properties": {"confidence": "high"}}, {"type": "Feature", "geometry": {"type": "LineString", "coordinates": [[-118.23968727710637, 34.06249896723253], [-118.23968727710637, 34.06248408345663], [-118.23967829395353, 34.06248408345663], [-118.23967829395353, 34.06249896723253], [-118.23968727710637, 34.06249896723253]]}, "properties": {"confidence": "high"}}, {"type": "Feature", "geometry": {"type": "LineString", "coordinates": [[-118.23880692812793, 34.06249152534491], [-118.23880692812793, 34.06248408345663], [-118.2387799786694, 34.06248408345663], [-118.2387799786694, 34.06249152534491], [-118.23880692812793, 34.06249152534491]]}, "properties": {"confidence": "high"}}, {"type": "Feature", "geometry": {"type": "LineString", "coordinates": [[-118.2361389317341, 34.06263292109805], [-118.2361389317341, 34.06247664156769], [-118.23612994858127, 34.06247664156769], [-118.23612994858127, 34.06263292109805], [-118.2361389317341, 34.06263292109805]]}, "properties": {"confidence": "high"}}, {"type": "Feature", "geometry": {"type": "LineString", "coordinates": [[-118.23662402198751, 34.06249896723253], [-118.23662402198751, 34.06247664156769], [-118.23661503883467, 34.06247664156769], [-118.23661503883467, 34.06249896723253], [-118.23662402198751, 34.06249896723253]]}, "properties": {"confidence": "high"}}, {"type": "Feature", "geometry": {"type": "LineString", "coordinates": [[-118.2387799786694, 34.06248408345663], [-118.2387799786694, 34.06247664156769], [-118.23875302921088, 34.06247664156769], [-118.23875302921088, 34.06248408345663], [-118.2387799786694, 34.06248408345663]]}, "properties": {"confidence": "high"}}, {"type": "Feature", "geometry": {"type": "LineString", "coordinates": [[-118.23825895580462, 34.06248408345663], [-118.23825895580462, 34.062469199678105], [-118.23824997265179, 34.062469199678105], [-118.23824997265179, 34.06248408345663], [-118.23825895580462, 34.06248408345663]]}, "properties": {"confidence": "high"}}, {"type": "Feature", "geometry": {"type": "LineString", "coordinates": [[-118.23875302921088, 34.06247664156769], [-118.23875302921088, 34.062469199678105], [-118.23873506290519, 34.062469199678105], [-118.23873506290519, 34.06247664156769], [-118.23875302921088, 34.06247664156769]]}, "properties": {"confidence": "high"}}, {"type": "Feature", "geometry": {"type": "LineString", "coordinates": [[-118.24249900394565, 34.06254361854457], [-118.24249900394565, 34.06246175778787], [-118.24249002079281, 34.06246175778787], [-118.24249002079281, 34.06254361854457], [-118.24249900394565, 34.06254361854457]]}, "properties": {"confidence": "high"}}, {"type": "Feature", "geometry": {"type": "LineString", "coordinates": [[-118.24121441308937, 34.06248408345663], [-118.24121441308937, 34.06246175778787], [-118.24120542993653, 34.06246175778787], [-118.24120542993653, 34.06248408345663], [-118.24121441308937, 34.06248408345663]]}, "properties": {"confidence": "high"}}, {"type": "Feature", "geometry": {"type": "LineString", "coordinates": [[-118.23969626025921, 34.06248408345663], [-118.23969626025921, 34.06246175778787], [-118.23968727710637, 34.06246175778787], [-118.23968727710637, 34.06248408345663], [-118.23969626025921, 34.06248408345663]]}, "properties": {"confidence": "high"}}, {"type": "Feature", "geometry": {"type": "LineString", "coordinates": [[-118.23663300514035, 34.06247664156769], [-118.23663300514035, 34.06246175778787], [-118.23662402198751, 34.06246175778787], [-118.23662402198751, 34.06247664156769], [-118.23663300514035, 34.06247664156769]]}, "properties": {"confidence": "high"}}, {"type": "Feature", "geometry": {"type": "LineString", "coordinates": [[-118.23873506290519, 34.062469199678105], [-118.23873506290519, 34.06246175778787], [-118.23870811344668, 34.06246175778787], [-118.23870811344668, 34.062469199678105], [-118.23873506290519, 34.062469199678105]]}, "properties": {"confidence": "high"}}, {"type": "Feature", "geometry": {"type": "LineString", "coordinates": [[-118.23870811344668, 34.06246175778787], [-118.23870811344668, 34.06245431589697], [-118.23868116398815, 34.06245431589697], [-118.23868116398815, 34.06246175778787], [-118.23870811344668, 34.06246175778787]]}, "properties": {"confidence": "high"}}, {"type": "Feature", "geometry": {"type": "LineString", "coordinates": [[-118.23826793895746, 34.062469199678105], [-118.23826793895746, 34.06244687400543], [-118.23825895580462, 34.06244687400543], [-118.23825895580462, 34.062469199678105], [-118.23826793895746, 34.062469199678105]]}, "properties": {"confidence": "high"}}, {"type": "Feature", "geometry": {"type": "LineString", "coordinates": [[-118.23970524341205, 34.06246175778787], [-118.23970524341205, 34.06244687400543], [-118.23969626025921, 34.06244687400543], [-118.23969626025921, 34.06246175778787], [-118.23970524341205, 34.06246175778787]]}, "properties": {"confidence": "high"}}, {"type": "Feature", "geometry": {"type": "LineString", "coordinates": [[-118.23868116398815, 34.06245431589697], [-118.23868116398815, 34.06244687400543], [-118.23866319768247, 34.06244687400543], [-118.23866319768247, 34.06245431589697], [-118.23868116398815, 34.06245431589697]]}, "properties": {"confidence": "high"}}, {"type": "Feature", "geometry": {"type": "LineString", "coordinates": [[-118.2412233962422, 34.06246175778787], [-118.2412233962422, 34.06243943211323], [-118.24121441308937, 34.06243943211323], [-118.24121441308937, 34.06246175778787], [-118.2412233962422, 34.06246175778787]]}, "properties": {"confidence": "high"}}, {"type": "Feature", "geometry": {"type": "LineString", "coordinates": [[-118.2366419882932, 34.06246175778787], [-118.2366419882932, 34.06243943211323], [-118.23663300514035, 34.06243943211323], [-118.23663300514035, 34.06246175778787], [-118.2366419882932, 34.06246175778787]]}, "properties": {"confidence": "high"}}, {"type": "Feature", "geometry": {"type": "LineString", "coordinates": [[-118.23866319768247, 34.06244687400543], [-118.23866319768247, 34.06243943211323], [-118.2386452313768, 34.06243943211323], [-118.2386452313768, 34.06244687400543], [-118.23866319768247, 34.06244687400543]]}, "properties": {"confidence": "high"}}, {"type": "Feature", "geometry": {"type": "LineString", "coordinates": [[-118.23971422656489, 34.06244687400543], [-118.23971422656489, 34.06243199022037], [-118.23970524341205, 34.06243199022037], [-118.23970524341205, 34.06244687400543], [-118.23971422656489, 34.06244687400543]]}, "properties": {"confidence": "high"}}, {"type": "Feature", "geometry": {"type": "LineString", "coordinates": [[-118.2386452313768, 34.06243943211323], [-118.2386452313768, 34.06243199022037], [-118.2386272650711, 34.06243199022037], [-118.2386272650711, 34.06243943211323], [-118.2386452313768, 34.06243943211323]]}, "properties": {"confidence": "high"}}, {"type": "Feature", "geometry": {"type": "LineString", "coordinates": [[-118.2382769221103, 34.06244687400543], [-118.2382769221103, 34.06242454832687], [-118.23826793895746, 34.06242454832687], [-118.23826793895746, 34.06244687400543], [-118.2382769221103, 34.06244687400543]]}, "properties": {"confidence": "high"}}, {"type": "Feature", "geometry": {"type": "LineString", "coordinates": [[-118.23665097144604, 34.06243943211323], [-118.23665097144604, 34.06242454832687], [-118.2366419882932, 34.06242454832687], [-118.2366419882932, 34.06243943211323], [-118.23665097144604, 34.06243943211323]]}, "properties": {"confidence": "high"}}, {"type": "Feature", "geometry": {"type": "LineString", "coordinates": [[-118.2386272650711, 34.06243199022037], [-118.2386272650711, 34.06242454832687], [-118.23860031561259, 34.06242454832687], [-118.23860031561259, 34.06243199022037], [-118.2386272650711, 34.06243199022037]]}, "properties": {"confidence": "high"}}, {"type": "Feature", "geometry": {"type": "LineString", "coordinates": [[-118.24123237939504, 34.06243943211323], [-118.24123237939504, 34.062417106432704], [-118.2412233962422, 34.062417106432704], [-118.2412233962422, 34.06243943211323], [-118.24123237939504, 34.06243943211323]]}, "properties": {"confidence": "high"}}, {"type": "Feature", "geometry": {"type": "LineString", "coordinates": [[-118.23972320971774, 34.06243199022037], [-118.23972320971774, 34.062417106432704], [-118.23971422656489, 34.062417106432704], [-118.23971422656489, 34.06243199022037], [-118.23972320971774, 34.06243199022037]]}, "properties": {"confidence": "high"}}, {"type": "Feature", "geometry": {"type": "LineString", "coordinates": [[-118.23860031561259, 34.06242454832687], [-118.23860031561259, 34.062417106432704], [-118.2385823493069, 34.062417106432704], [-118.2385823493069, 34.06242454832687], [-118.23860031561259, 34.06242454832687]]}, "properties": {"confidence": "high"}}, {"type": "Feature", "geometry": {"type": "LineString", "coordinates": [[-118.23614791488694, 34.06247664156769], [-118.23614791488694, 34.06242454832687], [-118.23615689803978, 34.06242454832687], [-118.23615689803978, 34.062417106432704], [-118.2361389317341, 34.062417106432704], [-118.2361389317341, 34.06247664156769], [-118.23614791488694, 34.06247664156769]]}, "properties": {"confidence": "high"}}, {"type": "Feature", "geometry": {"type": "LineString", "coordinates": [[-118.2385823493069, 34.062417106432704], [-118.2385823493069, 34.06240966453789], [-118.23855539984838, 34.06240966453789], [-118.23855539984838, 34.062417106432704], [-118.2385823493069, 34.062417106432704]]}, "properties": {"confidence": "high"}}, {"type": "Feature", "geometry": {"type": "LineString", "coordinates": [[-118.23616588119262, 34.062417106432704], [-118.23616588119262, 34.06240966453789], [-118.23615689803978, 34.06240966453789], [-118.23615689803978, 34.062417106432704], [-118.23616588119262, 34.062417106432704]]}, "properties": {"confidence": "high"}}, {"type": "Feature", "geometry": {"type": "LineString", "coordinates": [[-118.2361389317341, 34.062417106432704], [-118.2361389317341, 34.06240966453789], [-118.23612994858127, 34.06240966453789], [-118.23612994858127, 34.062417106432704], [-118.2361389317341, 34.062417106432704]]}, "properties": {"confidence": "high"}}, {"type": "Feature", "geometry": {"type": "LineString", "coordinates": [[-118.23665995459888, 34.06242454832687], [-118.23665995459888, 34.06240222264242], [-118.23665097144604, 34.06240222264242], [-118.23665097144604, 34.06242454832687], [-118.23665995459888, 34.06242454832687]]}, "properties": {"confidence": "high"}}, {"type": "Feature", "geometry": {"type": "LineString", "coordinates": [[-118.24124136254788, 34.062417106432704], [-118.24124136254788, 34.06240222264242], [-118.24123237939504, 34.06240222264242], [-118.24123237939504, 34.062417106432704], [-118.24124136254788, 34.062417106432704]]}, "properties": {"confidence": "high"}}, {"type": "Feature", "geometry": {"type": "LineString", "coordinates": [[-118.23973219287058, 34.062417106432704], [-118.23973219287058, 34.06240222264242], [-118.23972320971774, 34.06240222264242], [-118.23972320971774, 34.062417106432704], [-118.23973219287058, 34.062417106432704]]}, "properties": {"confidence": "high"}}, {"type": "Feature", "geometry": {"type": "LineString", "coordinates": [[-118.23855539984838, 34.06240966453789], [-118.23855539984838, 34.06240222264242], [-118.23852845038985, 34.06240222264242], [-118.23852845038985, 34.06240966453789], [-118.23855539984838, 34.06240966453789]]}, "properties": {"confidence": "high"}}, {"type": "Feature", "geometry": {"type": "LineString", "coordinates": [[-118.23618384749831, 34.06240966453789], [-118.23618384749831, 34.06240222264242], [-118.23616588119262, 34.06240222264242], [-118.23616588119262, 34.06240966453789], [-118.23618384749831, 34.06240966453789]]}, "properties": {"confidence": "high"}}, {"type": "Feature", "geometry": {"type": "LineString", "coordinates": [[-118.23612994858127, 34.06240966453789], [-118.23612994858127, 34.06240222264242], [-118.23612096542841, 34.06240222264242], [-118.23612096542841, 34.06240966453789], [-118.23612994858127, 34.06240966453789]]}, "properties": {"confidence": "high"}}, {"type": "Feature", "geometry": {"type": "LineString", "coordinates": [[-118.23852845038985, 34.06240222264242], [-118.23852845038985, 34.062394780746295], [-118.23850150093133, 34.062394780746295], [-118.23850150093133, 34.06240222264242], [-118.23852845038985, 34.06240222264242]]}, "properties": {"confidence": "high"}}, {"type": "Feature", "geometry": {"type": "LineString", "coordinates": [[-118.23619283065115, 34.06240222264242], [-118.23619283065115, 34.062394780746295], [-118.23618384749831, 34.062394780746295], [-118.23618384749831, 34.06240222264242], [-118.23619283065115, 34.06240222264242]]}, "properties": {"confidence": "high"}}, {"type": "Feature", "geometry": {"type": "LineString", "coordinates": [[-118.23612096542841, 34.06240222264242], [-118.23612096542841, 34.062394780746295], [-118.23611198227557, 34.062394780746295], [-118.23611198227557, 34.06240222264242], [-118.23612096542841, 34.06240222264242]]}, "properties": {"confidence": "high"}}, {"type": "Feature", "geometry": {"type": "LineString", "coordinates": [[-118.23828590526315, 34.06242454832687], [-118.23828590526315, 34.062387338849526], [-118.2382769221103, 34.062387338849526], [-118.2382769221103, 34.06242454832687], [-118.23828590526315, 34.06242454832687]]}, "properties": {"confidence": "high"}}, {"type": "Feature", "geometry": {"type": "LineString", "coordinates": [[-118.23974117602341, 34.06240222264242], [-118.23974117602341, 34.062387338849526], [-118.23973219287058, 34.062387338849526], [-118.23973219287058, 34.06240222264242], [-118.23974117602341, 34.06240222264242]]}, "properties": {"confidence": "high"}}, {"type": "Feature", "geometry": {"type": "LineString", "coordinates": [[-118.23666893775172, 34.06240222264242], [-118.23666893775172, 34.062387338849526], [-118.23665995459888, 34.062387338849526], [-118.23665995459888, 34.06240222264242], [-118.23666893775172, 34.06240222264242]]}, "properties": {"confidence": "high"}}, {"type": "Feature", "geometry": {"type": "LineString", "coordinates": [[-118.23850150093133, 34.062394780746295], [-118.23850150093133, 34.062387338849526], [-118.23843861886145, 34.062387338849526], [-118.23843861886145, 34.062394780746295], [-118.23850150093133, 34.062394780746295]]}, "properties": {"confidence": "high"}}, {"type": "Feature", "geometry": {"type": "LineString", "coordinates": [[-118.23621079695683, 34.062394780746295], [-118.23621079695683, 34.062387338849526], [-118.23619283065115, 34.062387338849526], [-118.23619283065115, 34.062394780746295], [-118.23621079695683, 34.062394780746295]]}, "properties": {"confidence": "high"}}, {"type": "Feature", "geometry": {"type": "LineString", "coordinates": [[-118.23611198227557, 34.062394780746295], [-118.23611198227557, 34.062387338849526], [-118.23610299912274, 34.062387338849526], [-118.23610299912274, 34.062394780746295], [-118.23611198227557, 34.062394780746295]]}, "properties": {"confidence": "high"}}, {"type": "Feature", "geometry": {"type": "LineString", "coordinates": [[-118.24447529757072, 34.06251385100582], [-118.24447529757072, 34.062379896952095], [-118.24446631441788, 34.062379896952095], [-118.24446631441788, 34.06251385100582], [-118.24447529757072, 34.06251385100582]]}, "properties": {"confidence": "high"}}, {"type": "Feature", "geometry": {"type": "LineString", "coordinates": [[-118.24249002079281, 34.06246175778787], [-118.24249002079281, 34.062379896952095], [-118.24248103763996, 34.062379896952095], [-118.24248103763996, 34.06246175778787], [-118.24249002079281, 34.06246175778787]]}, "properties": {"confidence": "high"}}, {"type": "Feature", "geometry": {"type": "LineString", "coordinates": [[-118.24125034570072, 34.06240222264242], [-118.24125034570072, 34.062379896952095], [-118.24124136254788, 34.062379896952095], [-118.24124136254788, 34.06240222264242], [-118.24125034570072, 34.06240222264242]]}, "properties": {"confidence": "high"}}, {"type": "Feature", "geometry": {"type": "LineString", "coordinates": [[-118.23843861886145, 34.062387338849526], [-118.23843861886145, 34.062379896952095], [-118.23839370309724, 34.062379896952095], [-118.23839370309724, 34.062387338849526], [-118.23843861886145, 34.062387338849526]]}, "properties": {"confidence": "high"}}, {"type": "Feature", "geometry": {"type": "LineString", "coordinates": [[-118.23621978010966, 34.062387338849526], [-118.23621978010966, 34.062379896952095], [-118.23621079695683, 34.062379896952095], [-118.23621079695683, 34.062387338849526], [-118.23621978010966, 34.062387338849526]]}, "properties": {"confidence": "high"}}, {"type": "Feature", "geometry": {"type": "LineString", "coordinates": [[-118.23610299912274, 34.062387338849526], [-118.23610299912274, 34.062379896952095], [-118.2360940159699, 34.062379896952095], [-118.2360940159699, 34.062387338849526], [-118.23610299912274, 34.062387338849526]]}, "properties": {"confidence": "high"}}, {"type": "Feature", "geometry": {"type": "LineString", "coordinates": [[-118.23975015917625, 34.062387338849526], [-118.23975015917625, 34.06237245505402], [-118.23974117602341, 34.06237245505402], [-118.23974117602341, 34.062387338849526], [-118.23975015917625, 34.062387338849526]]}, "properties": {"confidence": "high"}}, {"type": "Feature", "geometry": {"type": "LineString", "coordinates": [[-118.238294888416, 34.062387338849526], [-118.238294888416, 34.06237245505402], [-118.23828590526315, 34.06237245505402], [-118.23828590526315, 34.062387338849526], [-118.238294888416, 34.062387338849526]]}, "properties": {"confidence": "high"}}, {"type": "Feature", "geometry": {"type": "LineString", "coordinates": [[-118.23667792090455, 34.062387338849526], [-118.23667792090455, 34.06237245505402], [-118.23666893775172, 34.06237245505402], [-118.23666893775172, 34.062387338849526], [-118.23667792090455, 34.062387338849526]]}, "properties": {"confidence": "high"}}, {"type": "Feature", "geometry": {"type": "LineString", "coordinates": [[-118.23839370309724, 34.062379896952095], [-118.23839370309724, 34.06237245505402], [-118.23837573679155, 34.06237245505402], [-118.23837573679155, 34.062379896952095], [-118.23839370309724, 34.062379896952095]]}, "properties": {"confidence": "high"}}, {"type": "Feature", "geometry": {"type": "LineString", "coordinates": [[-118.23622876326252, 34.062379896952095], [-118.23622876326252, 34.06237245505402], [-118.23621978010966, 34.06237245505402], [-118.23621978010966, 34.062379896952095], [-118.23622876326252, 34.062379896952095]]}, "properties": {"confidence": "high"}}, {"type": "Feature", "geometry": {"type": "LineString", "coordinates": [[-118.2360940159699, 34.062379896952095], [-118.2360940159699, 34.06237245505402], [-118.23608503281706, 34.06237245505402], [-118.23608503281706, 34.062379896952095], [-118.2360940159699, 34.062379896952095]]}, "properties": {"confidence": "high"}}, {"type": "Feature", "geometry": {"type": "LineString", "coordinates": [[-118.24125932885357, 34.062379896952095], [-118.24125932885357, 34.06236501315528], [-118.24125034570072, 34.06236501315528], [-118.24125034570072, 34.062379896952095], [-118.24125932885357, 34.062379896952095]]}, "properties": {"confidence": "high"}}, {"type": "Feature", "geometry": {"type": "LineString", "coordinates": [[-118.23837573679155, 34.06237245505402], [-118.23837573679155, 34.06236501315528], [-118.23836675363872, 34.06236501315528], [-118.23836675363872, 34.06237245505402], [-118.23837573679155, 34.06237245505402]]}, "properties": {"confidence": "high"}}, {"type": "Feature", "geometry": {"type": "LineString", "coordinates": [[-118.23830387156883, 34.06237245505402], [-118.23830387156883, 34.06236501315528], [-118.238294888416, 34.06236501315528], [-118.238294888416, 34.06237245505402], [-118.23830387156883, 34.06237245505402]]}, "properties": {"confidence": "high"}}, {"type": "Feature", "geometry": {"type": "LineString", "coordinates": [[-118.23975914232909, 34.06237245505402], [-118.23975914232909, 34.06235757125589], [-118.23975015917625, 34.06235757125589], [-118.23975015917625, 34.06237245505402], [-118.23975914232909, 34.06237245505402]]}, "properties": {"confidence": "high"}}, {"type": "Feature", "geometry": {"type": "LineString", "coordinates": [[-118.23668690405741, 34.06237245505402], [-118.23668690405741, 34.06235757125589], [-118.23667792090455, 34.06235757125589], [-118.23667792090455, 34.06237245505402], [-118.23668690405741, 34.06237245505402]]}, "properties": {"confidence": "high"}}, {"type": "Feature", "geometry": {"type": "LineString", "coordinates": [[-118.23623774641536, 34.06237245505402], [-118.23623774641536, 34.06235757125589], [-118.23622876326252, 34.06235757125589], [-118.23622876326252, 34.06237245505402], [-118.23623774641536, 34.06237245505402]]}, "properties": {"confidence": "high"}}, {"type": "Feature", "geometry": {"type": "LineString", "coordinates": [[-118.23836675363872, 34.06236501315528], [-118.23836675363872, 34.06235757125589], [-118.23835777048588, 34.06235757125589], [-118.23835777048588, 34.06236501315528], [-118.23836675363872, 34.06236501315528]]}, "properties": {"confidence": "high"}}, {"type": "Feature", "geometry": {"type": "LineString", "coordinates": [[-118.23831285472167, 34.06236501315528], [-118.23831285472167, 34.06235757125589], [-118.23830387156883, 34.06235757125589], [-118.23830387156883, 34.06236501315528], [-118.23831285472167, 34.06236501315528]]}, "properties": {"confidence": "high"}}, {"type": "Feature", "geometry": {"type": "LineString", "coordinates": [[-118.23608503281706, 34.06237245505402], [-118.23608503281706, 34.06235012935585], [-118.23607604966422, 34.06235012935585], [-118.23607604966422, 34.06237245505402], [-118.23608503281706, 34.06237245505402]]}, "properties": {"confidence": "high"}}, {"type": "Feature", "geometry": {"type": "LineString", "coordinates": [[-118.24126831200641, 34.06236501315528], [-118.24126831200641, 34.06235012935585], [-118.24125932885357, 34.06235012935585], [-118.24125932885357, 34.06236501315528], [-118.24126831200641, 34.06236501315528]]}, "properties": {"confidence": "high"}}, {"type": "Feature", "geometry": {"type": "LineString", "coordinates": [[-118.23835777048588, 34.06235757125589], [-118.23835777048588, 34.06235012935585], [-118.23834878733304, 34.06235012935585], [-118.23834878733304, 34.06235757125589], [-118.23835777048588, 34.06235757125589]]}, "properties": {"confidence": "high"}}, {"type": "Feature", "geometry": {"type": "LineString", "coordinates": [[-118.23976812548194, 34.06235757125589], [-118.23976812548194, 34.06234268745515], [-118.23975914232909, 34.06234268745515], [-118.23975914232909, 34.06235757125589], [-118.23976812548194, 34.06235757125589]]}, "properties": {"confidence": "high"}}, {"type": "Feature", "geometry": {"type": "LineString", "coordinates": [[-118.24446631441788, 34.062379896952095], [-118.24446631441788, 34.062335245553804], [-118.24445733126504, 34.062335245553804], [-118.24445733126504, 34.062379896952095], [-118.24446631441788, 34.062379896952095]]}, "properties": {"confidence": "high"}}, {"type": "Feature", "geometry": {"type": "LineString", "coordinates": [[-118.23669588721025, 34.06235757125589], [-118.23669588721025, 34.062335245553804], [-118.23668690405741, 34.062335245553804], [-118.23668690405741, 34.06235757125589], [-118.23669588721025, 34.06235757125589]]}, "properties": {"confidence": "high"}}, {"type": "Feature", "geometry": {"type": "LineString", "coordinates": [[-118.24127729515925, 34.06235012935585], [-118.24127729515925, 34.062335245553804], [-118.24126831200641, 34.062335245553804], [-118.24126831200641, 34.06235012935585], [-118.24127729515925, 34.06235012935585]]}, "properties": {"confidence": "high"}}, {"type": "Feature", "geometry": {"type": "LineString", "coordinates": [[-118.23832183787451, 34.06235757125589], [-118.23832183787451, 34.06235012935585], [-118.23834878733304, 34.06235012935585], [-118.23834878733304, 34.06234268745515], [-118.23832183787451, 34.06234268745515], [-118.23832183787451, 34.062335245553804], [-118.23831285472167, 34.062335245553804], [-118.23831285472167, 34.06235757125589], [-118.23832183787451, 34.06235757125589]]}, "properties": {"confidence": "high"}}, {"type": "Feature", "geometry": {"type": "LineString", "coordinates": [[-118.23835777048588, 34.06234268745515], [-118.23835777048588, 34.062335245553804], [-118.23834878733304, 34.062335245553804], [-118.23834878733304, 34.06234268745515], [-118.23835777048588, 34.06234268745515]]}, "properties": {"confidence": "high"}}, {"type": "Feature", "geometry": {"type": "LineString", "coordinates": [[-118.23977710863478, 34.06234268745515], [-118.23977710863478, 34.062327803651804], [-118.23976812548194, 34.062327803651804], [-118.23976812548194, 34.06234268745515], [-118.23977710863478, 34.06234268745515]]}, "properties": {"confidence": "high"}}, {"type": "Feature", "geometry": {"type": "LineString", "coordinates": [[-118.23831285472167, 34.062335245553804], [-118.23831285472167, 34.062327803651804], [-118.23830387156883, 34.062327803651804], [-118.23830387156883, 34.062335245553804], [-118.23831285472167, 34.062335245553804]]}, "properties": {"confidence": "high"}}, {"type": "Feature", "geometry": {"type": "LineString", "coordinates": [[-118.23836675363872, 34.062335245553804], [-118.23836675363872, 34.06232036174913], [-118.23835777048588, 34.06232036174913], [-118.23835777048588, 34.062335245553804], [-118.23836675363872, 34.062335245553804]]}, "properties": {"confidence": "high"}}, {"type": "Feature", "geometry": {"type": "LineString", "coordinates": [[-118.23670487036308, 34.062335245553804], [-118.23670487036308, 34.06232036174913], [-118.23669588721025, 34.06232036174913], [-118.23669588721025, 34.062335245553804], [-118.23670487036308, 34.062335245553804]]}, "properties": {"confidence": "high"}}, {"type": "Feature", "geometry": {"type": "LineString", "coordinates": [[-118.23830387156883, 34.062327803651804], [-118.23830387156883, 34.06232036174913], [-118.238294888416, 34.06232036174913], [-118.238294888416, 34.062327803651804], [-118.23830387156883, 34.062327803651804]]}, "properties": {"confidence": "high"}}, {"type": "Feature", "geometry": {"type": "LineString", "coordinates": [[-118.24128627831209, 34.062335245553804], [-118.24128627831209, 34.06231291984583], [-118.24127729515925, 34.06231291984583], [-118.24127729515925, 34.062335245553804], [-118.24128627831209, 34.062335245553804]]}, "properties": {"confidence": "high"}}, {"type": "Feature", "geometry": {"type": "LineString", "coordinates": [[-118.23978609178762, 34.062327803651804], [-118.23978609178762, 34.06231291984583], [-118.23977710863478, 34.06231291984583], [-118.23977710863478, 34.062327803651804], [-118.23978609178762, 34.062327803651804]]}, "properties": {"confidence": "high"}}, {"type": "Feature", "geometry": {"type": "LineString", "coordinates": [[-118.238294888416, 34.06232036174913], [-118.238294888416, 34.06231291984583], [-118.23828590526315, 34.06231291984583], [-118.23828590526315, 34.06232036174913], [-118.238294888416, 34.06232036174913]]}, "properties": {"confidence": "high"}}, {"type": "Feature", "geometry": {"type": "LineString", "coordinates": [[-118.24445733126504, 34.062335245553804], [-118.24445733126504, 34.06230547794187], [-118.2444483481122, 34.06230547794187], [-118.2444483481122, 34.062335245553804], [-118.24445733126504, 34.062335245553804]]}, "properties": {"confidence": "high"}}, {"type": "Feature", "geometry": {"type": "LineString", "coordinates": [[-118.23837573679155, 34.06232036174913], [-118.23837573679155, 34.06230547794187], [-118.23836675363872, 34.06230547794187], [-118.23836675363872, 34.06232036174913], [-118.23837573679155, 34.06232036174913]]}, "properties": {"confidence": "high"}}, {"type": "Feature", "geometry": {"type": "LineString", "coordinates": [[-118.23671385351592, 34.06232036174913], [-118.23671385351592, 34.06230547794187], [-118.23670487036308, 34.06230547794187], [-118.23670487036308, 34.06232036174913], [-118.23671385351592, 34.06232036174913]]}, "properties": {"confidence": "high"}}, {"type": "Feature", "geometry": {"type": "LineString", "coordinates": [[-118.23828590526315, 34.06231291984583], [-118.23828590526315, 34.06230547794187], [-118.23826793895746, 34.06230547794187], [-118.23826793895746, 34.06231291984583], [-118.23828590526315, 34.06231291984583]]}, "properties": {"confidence": "high"}}, {"type": "Feature", "geometry": {"type": "LineString", "coordinates": [[-118.24335240346556, 34.06248408345663], [-118.24335240346556, 34.06229803603725], [-118.24334342031273, 34.06229803603725], [-118.24334342031273, 34.06248408345663], [-118.24335240346556, 34.06248408345663]]}, "properties": {"confidence": "high"}}, {"type": "Feature", "geometry": {"type": "LineString", "coordinates": [[-118.24129526146493, 34.06231291984583], [-118.24129526146493, 34.06229803603725], [-118.24128627831209, 34.06229803603725], [-118.24128627831209, 34.06231291984583], [-118.24129526146493, 34.06231291984583]]}, "properties": {"confidence": "high"}}, {"type": "Feature", "geometry": {"type": "LineString", "coordinates": [[-118.23979507494046, 34.06231291984583], [-118.23979507494046, 34.06229803603725], [-118.23978609178762, 34.06229803603725], [-118.23978609178762, 34.06231291984583], [-118.23979507494046, 34.06231291984583]]}, "properties": {"confidence": "high"}}, {"type": "Feature", "geometry": {"type": "LineString", "coordinates": [[-118.23826793895746, 34.06230547794187], [-118.23826793895746, 34.06229803603725], [-118.23824098949895, 34.06229803603725], [-118.23824098949895, 34.06230547794187], [-118.23826793895746, 34.06230547794187]]}, "properties": {"confidence": "high"}}, {"type": "Feature", "geometry": {"type": "LineString", "coordinates": [[-118.24248103763996, 34.062379896952095], [-118.24248103763996, 34.06229059413197], [-118.24247205448712, 34.06229059413197], [-118.24247205448712, 34.062379896952095], [-118.24248103763996, 34.062379896952095]]}, "properties": {"confidence": "high"}}, {"type": "Feature", "geometry": {"type": "LineString", "coordinates": [[-118.23672283666876, 34.06230547794187], [-118.23672283666876, 34.06229059413197], [-118.23671385351592, 34.06229059413197], [-118.23671385351592, 34.06230547794187], [-118.23672283666876, 34.06230547794187]]}, "properties": {"confidence": "high"}}, {"type": "Feature", "geometry": {"type": "LineString", "coordinates": [[-118.23824098949895, 34.06229803603725], [-118.23824098949895, 34.06229059413197], [-118.2381870905819, 34.06229059413197], [-118.2381870905819, 34.06229803603725], [-118.23824098949895, 34.06229803603725]]}, "properties": {"confidence": "high"}}, {"type": "Feature", "geometry": {"type": "LineString", "coordinates": [[-118.23607604966422, 34.06235012935585], [-118.23607604966422, 34.06228315222605], [-118.23606706651137, 34.06228315222605], [-118.23606706651137, 34.06235012935585], [-118.23607604966422, 34.06235012935585]]}, "properties": {"confidence": "high"}}, {"type": "Feature", "geometry": {"type": "LineString", "coordinates": [[-118.2383847199444, 34.06230547794187], [-118.2383847199444, 34.06228315222605], [-118.23837573679155, 34.06228315222605], [-118.23837573679155, 34.06230547794187], [-118.2383847199444, 34.06230547794187]]}, "properties": {"confidence": "high"}}, {"type": "Feature", "geometry": {"type": "LineString", "coordinates": [[-118.24130424461778, 34.06229803603725], [-118.24130424461778, 34.06228315222605], [-118.24129526146493, 34.06228315222605], [-118.24129526146493, 34.06229803603725], [-118.24130424461778, 34.06229803603725]]}, "properties": {"confidence": "high"}}, {"type": "Feature", "geometry": {"type": "LineString", "coordinates": [[-118.2381870905819, 34.06229059413197], [-118.2381870905819, 34.06228315222605], [-118.23816912427621, 34.06228315222605], [-118.23816912427621, 34.06229059413197], [-118.2381870905819, 34.06229059413197]]}, "properties": {"confidence": "high"}}, {"type": "Feature", "geometry": {"type": "LineString", "coordinates": [[-118.2398040580933, 34.06229803603725], [-118.2398040580933, 34.06227571031948], [-118.23979507494046, 34.06227571031948], [-118.23979507494046, 34.06229803603725], [-118.2398040580933, 34.06229803603725]]}, "properties": {"confidence": "high"}}, {"type": "Feature", "geometry": {"type": "LineString", "coordinates": [[-118.23816912427621, 34.06228315222605], [-118.23816912427621, 34.06227571031948], [-118.23815115797053, 34.06227571031948], [-118.23815115797053, 34.06228315222605], [-118.23816912427621, 34.06228315222605]]}, "properties": {"confidence": "high"}}, {"type": "Feature", "geometry": {"type": "LineString", "coordinates": [[-118.2367318198216, 34.06229059413197], [-118.2367318198216, 34.06226826841224], [-118.23672283666876, 34.06226826841224], [-118.23672283666876, 34.06229059413197], [-118.2367318198216, 34.06229059413197]]}, "properties": {"confidence": "high"}}, {"type": "Feature", "geometry": {"type": "LineString", "coordinates": [[-118.24131322777062, 34.06228315222605], [-118.24131322777062, 34.06226826841224], [-118.24130424461778, 34.06226826841224], [-118.24130424461778, 34.06228315222605], [-118.24131322777062, 34.06228315222605]]}, "properties": {"confidence": "high"}}, {"type": "Feature", "geometry": {"type": "LineString", "coordinates": [[-118.23815115797053, 34.06227571031948], [-118.23815115797053, 34.06226826841224], [-118.23813319166486, 34.06226826841224], [-118.23813319166486, 34.06227571031948], [-118.23815115797053, 34.06227571031948]]}, "properties": {"confidence": "high"}}, {"type": "Feature", "geometry": {"type": "LineString", "coordinates": [[-118.2444483481122, 34.06230547794187], [-118.2444483481122, 34.06226082650436], [-118.24443936495936, 34.06226082650436], [-118.24443936495936, 34.06230547794187], [-118.2444483481122, 34.06230547794187]]}, "properties": {"confidence": "high"}}, {"type": "Feature", "geometry": {"type": "LineString", "coordinates": [[-118.23981304124614, 34.06227571031948], [-118.23981304124614, 34.06226082650436], [-118.2398040580933, 34.06226082650436], [-118.2398040580933, 34.06227571031948], [-118.23981304124614, 34.06227571031948]]}, "properties": {"confidence": "high"}}, {"type": "Feature", "geometry": {"type": "LineString", "coordinates": [[-118.23813319166486, 34.06226826841224], [-118.23813319166486, 34.06226082650436], [-118.23811522535917, 34.06226082650436], [-118.23811522535917, 34.06226826841224], [-118.23813319166486, 34.06226826841224]]}, "properties": {"confidence": "high"}}, {"type": "Feature", "geometry": {"type": "LineString", "coordinates": [[-118.23674080297445, 34.06226826841224], [-118.23674080297445, 34.06225338459582], [-118.2367318198216, 34.06225338459582], [-118.2367318198216, 34.06226826841224], [-118.23674080297445, 34.06226826841224]]}, "properties": {"confidence": "high"}}, {"type": "Feature", "geometry": {"type": "LineString", "coordinates": [[-118.23811522535917, 34.06226082650436], [-118.23811522535917, 34.06225338459582], [-118.23808827590065, 34.06225338459582], [-118.23808827590065, 34.06226082650436], [-118.23811522535917, 34.06226082650436]]}, "properties": {"confidence": "high"}}, {"type": "Feature", "geometry": {"type": "LineString", "coordinates": [[-118.23839370309724, 34.06228315222605], [-118.23839370309724, 34.06224594268663], [-118.2383847199444, 34.06224594268663], [-118.2383847199444, 34.06228315222605], [-118.23839370309724, 34.06228315222605]]}, "properties": {"confidence": "high"}}, {"type": "Feature", "geometry": {"type": "LineString", "coordinates": [[-118.24132221092346, 34.06226826841224], [-118.24132221092346, 34.06224594268663], [-118.24131322777062, 34.06224594268663], [-118.24131322777062, 34.06226826841224], [-118.24132221092346, 34.06226826841224]]}, "properties": {"confidence": "high"}}, {"type": "Feature", "geometry": {"type": "LineString", "coordinates": [[-118.23808827590065, 34.06225338459582], [-118.23808827590065, 34.06224594268663], [-118.23807030959496, 34.06224594268663], [-118.23807030959496, 34.06225338459582], [-118.23808827590065, 34.06225338459582]]}, "properties": {"confidence": "high"}}, {"type": "Feature", "geometry": {"type": "LineString", "coordinates": [[-118.23982202439899, 34.06226082650436], [-118.23982202439899, 34.062238500776786], [-118.23981304124614, 34.062238500776786], [-118.23981304124614, 34.06226082650436], [-118.23982202439899, 34.06226082650436]]}, "properties": {"confidence": "high"}}, {"type": "Feature", "geometry": {"type": "LineString", "coordinates": [[-118.23674978612729, 34.06225338459582], [-118.23674978612729, 34.062238500776786], [-118.23674080297445, 34.062238500776786], [-118.23674080297445, 34.06225338459582], [-118.23674978612729, 34.06225338459582]]}, "properties": {"confidence": "high"}}, {"type": "Feature", "geometry": {"type": "LineString", "coordinates": [[-118.23807030959496, 34.06224594268663], [-118.23807030959496, 34.062238500776786], [-118.23804336013644, 34.062238500776786], [-118.23804336013644, 34.06224594268663], [-118.23807030959496, 34.06224594268663]]}, "properties": {"confidence": "high"}}, {"type": "Feature", "geometry": {"type": "LineString", "coordinates": [[-118.23840268625008, 34.06224594268663], [-118.23840268625008, 34.06223105886628], [-118.23839370309724, 34.06223105886628], [-118.23839370309724, 34.06224594268663], [-118.23840268625008, 34.06224594268663]]}, "properties": {"confidence": "high"}}, {"type": "Feature", "geometry": {"type": "LineString", "coordinates": [[-118.23804336013644, 34.062238500776786], [-118.23804336013644, 34.06223105886628], [-118.23802539383074, 34.06223105886628], [-118.23802539383074, 34.062238500776786], [-118.23804336013644, 34.062238500776786]]}, "properties": {"confidence": "high"}}, {"type": "Feature", "geometry": {"type": "LineString", "coordinates": [[-118.24247205448712, 34.06229059413197], [-118.24247205448712, 34.06222361695514], [-118.24246307133429, 34.06222361695514], [-118.24246307133429, 34.06229059413197], [-118.24247205448712, 34.06229059413197]]}, "properties": {"confidence": "high"}}, {"type": "Feature", "geometry": {"type": "LineString", "coordinates": [[-118.23606706651137, 34.06228315222605], [-118.23606706651137, 34.06222361695514], [-118.23605808335853, 34.06222361695514], [-118.23605808335853, 34.06228315222605], [-118.23606706651137, 34.06228315222605]]}, "properties": {"confidence": "high"}}, {"type": "Feature", "geometry": {"type": "LineString", "coordinates": [[-118.24443936495936, 34.06226082650436], [-118.24443936495936, 34.06222361695514], [-118.24443038180651, 34.06222361695514], [-118.24443038180651, 34.06226082650436], [-118.24443936495936, 34.06226082650436]]}, "properties": {"confidence": "high"}}, {"type": "Feature", "geometry": {"type": "LineString", "coordinates": [[-118.2413311940763, 34.06224594268663], [-118.2413311940763, 34.06222361695514], [-118.24132221092346, 34.06222361695514], [-118.24132221092346, 34.06224594268663], [-118.2413311940763, 34.06224594268663]]}, "properties": {"confidence": "high"}}, {"type": "Feature", "geometry": {"type": "LineString", "coordinates": [[-118.23983100755183, 34.062238500776786], [-118.23983100755183, 34.06222361695514], [-118.23982202439899, 34.06222361695514], [-118.23982202439899, 34.062238500776786], [-118.23983100755183, 34.062238500776786]]}, "properties": {"confidence": "high"}}, {"type": "Feature", "geometry": {"type": "LineString", "coordinates": [[-118.23802539383074, 34.06223105886628], [-118.23802539383074, 34.06222361695514], [-118.23800742752505, 34.06222361695514], [-118.23800742752505, 34.06223105886628], [-118.23802539383074, 34.06223105886628]]}, "properties": {"confidence": "high"}}, {"type": "Feature", "geometry": {"type": "LineString", "coordinates": [[-118.2362467295682, 34.06235757125589], [-118.2362467295682, 34.06221617504333], [-118.23623774641536, 34.06221617504333], [-118.23623774641536, 34.06235757125589], [-118.2362467295682, 34.06235757125589]]}, "properties": {"confidence": "high"}}, {"type": "Feature", "geometry": {"type": "LineString", "coordinates": [[-118.23675876928013, 34.062238500776786], [-118.23675876928013, 34.06221617504333], [-118.23674978612729, 34.06221617504333], [-118.23674978612729, 34.062238500776786], [-118.23675876928013, 34.062238500776786]]}, "properties": {"confidence": "high"}}, {"type": "Feature", "geometry": {"type": "LineString", "coordinates": [[-118.23800742752505, 34.06222361695514], [-118.23800742752505, 34.06221617504333], [-118.23798946121937, 34.06221617504333], [-118.23798946121937, 34.06222361695514], [-118.23800742752505, 34.06222361695514]]}, "properties": {"confidence": "high"}}, {"type": "Feature", "geometry": {"type": "LineString", "coordinates": [[-118.23841166940292, 34.06223105886628], [-118.23841166940292, 34.062208733130866], [-118.23840268625008, 34.062208733130866], [-118.23840268625008, 34.06223105886628], [-118.23841166940292, 34.06223105886628]]}, "properties": {"confidence": "high"}}, {"type": "Feature", "geometry": {"type": "LineString", "coordinates": [[-118.23798946121937, 34.06221617504333], [-118.23798946121937, 34.062208733130866], [-118.23796251176084, 34.062208733130866], [-118.23796251176084, 34.06221617504333], [-118.23798946121937, 34.06221617504333]]}, "properties": {"confidence": "high"}}, {"type": "Feature", "geometry": {"type": "LineString", "coordinates": [[-118.23983999070467, 34.06222361695514], [-118.23983999070467, 34.062201291217754], [-118.23983100755183, 34.062201291217754], [-118.23983100755183, 34.06222361695514], [-118.23983999070467, 34.06222361695514]]}, "properties": {"confidence": "high"}}, {"type": "Feature", "geometry": {"type": "LineString", "coordinates": [[-118.23676775243297, 34.06221617504333], [-118.23676775243297, 34.062201291217754], [-118.23675876928013, 34.062201291217754], [-118.23675876928013, 34.06221617504333], [-118.23676775243297, 34.06221617504333]]}, "properties": {"confidence": "high"}}, {"type": "Feature", "geometry": {"type": "LineString", "coordinates": [[-118.23796251176084, 34.062208733130866], [-118.23796251176084, 34.062201291217754], [-118.23793556230233, 34.062201291217754], [-118.23793556230233, 34.062208733130866], [-118.23796251176084, 34.062208733130866]]}, "properties": {"confidence": "high"}}, {"type": "Feature", "geometry": {"type": "LineString", "coordinates": [[-118.24134017722913, 34.06222361695514], [-118.24134017722913, 34.06219384930399], [-118.2413311940763, 34.06219384930399], [-118.2413311940763, 34.06222361695514], [-118.24134017722913, 34.06222361695514]]}, "properties": {"confidence": "high"}}, {"type": "Feature", "geometry": {"type": "LineString", "coordinates": [[-118.23793556230233, 34.062201291217754], [-118.23793556230233, 34.06219384930399], [-118.23791759599665, 34.06219384930399], [-118.23791759599665, 34.062201291217754], [-118.23793556230233, 34.062201291217754]]}, "properties": {"confidence": "high"}}, {"type": "Feature", "geometry": {"type": "LineString", "coordinates": [[-118.23623774641536, 34.06221617504333], [-118.23623774641536, 34.06218640738957], [-118.23622876326252, 34.06218640738957], [-118.23622876326252, 34.06221617504333], [-118.23623774641536, 34.06221617504333]]}, "properties": {"confidence": "high"}}, {"type": "Feature", "geometry": {"type": "LineString", "coordinates": [[-118.23842065255576, 34.062208733130866], [-118.23842065255576, 34.06218640738957], [-118.23841166940292, 34.06218640738957], [-118.23841166940292, 34.062208733130866], [-118.23842065255576, 34.062208733130866]]}, "properties": {"confidence": "high"}}, {"type": "Feature", "geometry": {"type": "LineString", "coordinates": [[-118.2367767355858, 34.062201291217754], [-118.2367767355858, 34.06218640738957], [-118.23676775243297, 34.06218640738957], [-118.23676775243297, 34.062201291217754], [-118.2367767355858, 34.062201291217754]]}, "properties": {"confidence": "high"}}, {"type": "Feature", "geometry": {"type": "LineString", "coordinates": [[-118.23791759599665, 34.06219384930399], [-118.23791759599665, 34.06218640738957], [-118.23789064653812, 34.06218640738957], [-118.23789064653812, 34.06219384930399], [-118.23791759599665, 34.06219384930399]]}, "properties": {"confidence": "high"}}, {"type": "Feature", "geometry": {"type": "LineString", "coordinates": [[-118.24334342031273, 34.06229803603725], [-118.24334342031273, 34.062178965474494], [-118.24333443715989, 34.062178965474494], [-118.24333443715989, 34.06229803603725], [-118.24334342031273, 34.06229803603725]]}, "properties": {"confidence": "high"}}, {"type": "Feature", "geometry": {"type": "LineString", "coordinates": [[-118.24443038180651, 34.06222361695514], [-118.24443038180651, 34.062178965474494], [-118.24442139865367, 34.062178965474494], [-118.24442139865367, 34.06222361695514], [-118.24443038180651, 34.06222361695514]]}, "properties": {"confidence": "high"}}, {"type": "Feature", "geometry": {"type": "LineString", "coordinates": [[-118.23605808335853, 34.06222361695514], [-118.23605808335853, 34.062178965474494], [-118.23604910020569, 34.062178965474494], [-118.23604910020569, 34.06222361695514], [-118.23605808335853, 34.06222361695514]]}, "properties": {"confidence": "high"}}, {"type": "Feature", "geometry": {"type": "LineString", "coordinates": [[-118.2398489738575, 34.062201291217754], [-118.2398489738575, 34.062178965474494], [-118.23983999070467, 34.062178965474494], [-118.23983999070467, 34.062201291217754], [-118.2398489738575, 34.062201291217754]]}, "properties": {"confidence": "high"}}, {"type": "Feature", "geometry": {"type": "LineString", "coordinates": [[-118.24134916038197, 34.06219384930399], [-118.24134916038197, 34.062178965474494], [-118.24134017722913, 34.062178965474494], [-118.24134017722913, 34.06219384930399], [-118.24134916038197, 34.06219384930399]]}, "properties": {"confidence": "high"}}, {"type": "Feature", "geometry": {"type": "LineString", "coordinates": [[-118.23789064653812, 34.06218640738957], [-118.23789064653812, 34.062178965474494], [-118.23787268023244, 34.062178965474494], [-118.23787268023244, 34.06218640738957], [-118.23789064653812, 34.06218640738957]]}, "properties": {"confidence": "high"}}, {"type": "Feature", "geometry": {"type": "LineString", "coordinates": [[-118.23787268023244, 34.062178965474494], [-118.23787268023244, 34.06217152355877], [-118.23785471392675, 34.06217152355877], [-118.23785471392675, 34.062178965474494], [-118.23787268023244, 34.062178965474494]]}, "properties": {"confidence": "high"}}, {"type": "Feature", "geometry": {"type": "LineString", "coordinates": [[-118.2384296357086, 34.06218640738957], [-118.2384296357086, 34.06216408164239], [-118.23842065255576, 34.06216408164239], [-118.23842065255576, 34.06218640738957], [-118.2384296357086, 34.06218640738957]]}, "properties": {"confidence": "high"}}, {"type": "Feature", "geometry": {"type": "LineString", "coordinates": [[-118.23678571873864, 34.06218640738957], [-118.23678571873864, 34.06216408164239], [-118.2367767355858, 34.06216408164239], [-118.2367767355858, 34.06218640738957], [-118.23678571873864, 34.06218640738957]]}, "properties": {"confidence": "high"}}, {"type": "Feature", "geometry": {"type": "LineString", "coordinates": [[-118.23785471392675, 34.06217152355877], [-118.23785471392675, 34.06216408164239], [-118.23783674762107, 34.06216408164239], [-118.23783674762107, 34.06217152355877], [-118.23785471392675, 34.06217152355877]]}, "properties": {"confidence": "high"}}, {"type": "Feature", "geometry": {"type": "LineString", "coordinates": [[-118.24135814353482, 34.062178965474494], [-118.24135814353482, 34.06215663972535], [-118.24134916038197, 34.06215663972535], [-118.24134916038197, 34.062178965474494], [-118.24135814353482, 34.062178965474494]]}, "properties": {"confidence": "high"}}, {"type": "Feature", "geometry": {"type": "LineString", "coordinates": [[-118.23985795701034, 34.062178965474494], [-118.23985795701034, 34.06215663972535], [-118.2398489738575, 34.06215663972535], [-118.2398489738575, 34.062178965474494], [-118.23985795701034, 34.062178965474494]]}, "properties": {"confidence": "high"}}, {"type": "Feature", "geometry": {"type": "LineString", "coordinates": [[-118.23783674762107, 34.06216408164239], [-118.23783674762107, 34.06215663972535], [-118.23780979816254, 34.06215663972535], [-118.23780979816254, 34.06216408164239], [-118.23783674762107, 34.06216408164239]]}, "properties": {"confidence": "high"}}, {"type": "Feature", "geometry": {"type": "LineString", "coordinates": [[-118.23622876326252, 34.06218640738957], [-118.23622876326252, 34.06214919780767], [-118.23621978010966, 34.06214919780767], [-118.23621978010966, 34.06218640738957], [-118.23622876326252, 34.06218640738957]]}, "properties": {"confidence": "high"}}, {"type": "Feature", "geometry": {"type": "LineString", "coordinates": [[-118.24442139865367, 34.062178965474494], [-118.24442139865367, 34.06214919780767], [-118.24441241550083, 34.06214919780767], [-118.24441241550083, 34.062178965474494], [-118.24442139865367, 34.062178965474494]]}, "properties": {"confidence": "high"}}, {"type": "Feature", "geometry": {"type": "LineString", "coordinates": [[-118.23604910020569, 34.062178965474494], [-118.23604910020569, 34.06214919780767], [-118.23604011705285, 34.06214919780767], [-118.23604011705285, 34.062178965474494], [-118.23604910020569, 34.062178965474494]]}, "properties": {"confidence": "high"}}, {"type": "Feature", "geometry": {"type": "LineString", "coordinates": [[-118.2367947018915, 34.06216408164239], [-118.2367947018915, 34.06214919780767], [-118.23678571873864, 34.06214919780767], [-118.23678571873864, 34.06216408164239], [-118.2367947018915, 34.06216408164239]]}, "properties": {"confidence": "high"}}, {"type": "Feature", "geometry": {"type": "LineString", "coordinates": [[-118.23780979816254, 34.06215663972535], [-118.23780979816254, 34.06214919780767], [-118.23778284870403, 34.06214919780767], [-118.23778284870403, 34.06215663972535], [-118.23780979816254, 34.06215663972535]]}, "properties": {"confidence": "high"}}, {"type": "Feature", "geometry": {"type": "LineString", "coordinates": [[-118.24246307133429, 34.06222361695514], [-118.24246307133429, 34.06214175588933], [-118.24245408818145, 34.06214175588933], [-118.24245408818145, 34.06222361695514], [-118.24246307133429, 34.06222361695514]]}, "properties": {"confidence": "high"}}, {"type": "Feature", "geometry": {"type": "LineString", "coordinates": [[-118.23843861886145, 34.06216408164239], [-118.23843861886145, 34.06214175588933], [-118.2384296357086, 34.06214175588933], [-118.2384296357086, 34.06216408164239], [-118.23843861886145, 34.06216408164239]]}, "properties": {"confidence": "high"}}, {"type": "Feature", "geometry": {"type": "LineString", "coordinates": [[-118.23778284870403, 34.06214919780767], [-118.23778284870403, 34.06214175588933], [-118.23776488239835, 34.06214175588933], [-118.23776488239835, 34.06214919780767], [-118.23778284870403, 34.06214919780767]]}, "properties": {"confidence": "high"}}, {"type": "Feature", "geometry": {"type": "LineString", "coordinates": [[-118.24136712668766, 34.06215663972535], [-118.24136712668766, 34.062134313970326], [-118.24135814353482, 34.062134313970326], [-118.24135814353482, 34.06215663972535], [-118.24136712668766, 34.06215663972535]]}, "properties": {"confidence": "high"}}, {"type": "Feature", "geometry": {"type": "LineString", "coordinates": [[-118.23986694016318, 34.06215663972535], [-118.23986694016318, 34.062134313970326], [-118.23985795701034, 34.062134313970326], [-118.23985795701034, 34.06215663972535], [-118.23986694016318, 34.06215663972535]]}, "properties": {"confidence": "high"}}, {"type": "Feature", "geometry": {"type": "LineString", "coordinates": [[-118.23680368504434, 34.06214919780767], [-118.23680368504434, 34.062134313970326], [-118.2367947018915, 34.062134313970326], [-118.2367947018915, 34.06214919780767], [-118.23680368504434, 34.06214919780767]]}, "properties": {"confidence": "high"}}, {"type": "Feature", "geometry": {"type": "LineString", "coordinates": [[-118.23776488239835, 34.06214175588933], [-118.23776488239835, 34.062134313970326], [-118.23773793293982, 34.062134313970326], [-118.23773793293982, 34.06214175588933], [-118.23776488239835, 34.06214175588933]]}, "properties": {"confidence": "high"}}, {"type": "Feature", "geometry": {"type": "LineString", "coordinates": [[-118.23844760201429, 34.06214175588933], [-118.23844760201429, 34.06212687205069], [-118.23843861886145, 34.06212687205069], [-118.23843861886145, 34.06214175588933], [-118.23844760201429, 34.06214175588933]]}, "properties": {"confidence": "high"}}, {"type": "Feature", "geometry": {"type": "LineString", "coordinates": [[-118.23773793293982, 34.062134313970326], [-118.23773793293982, 34.06212687205069], [-118.23771996663415, 34.06212687205069], [-118.23771996663415, 34.062134313970326], [-118.23773793293982, 34.062134313970326]]}, "properties": {"confidence": "high"}}, {"type": "Feature", "geometry": {"type": "LineString", "coordinates": [[-118.2413761098405, 34.062134313970326], [-118.2413761098405, 34.06211943013038], [-118.24136712668766, 34.06211943013038], [-118.24136712668766, 34.062134313970326], [-118.2413761098405, 34.062134313970326]]}, "properties": {"confidence": "high"}}, {"type": "Feature", "geometry": {"type": "LineString", "coordinates": [[-118.23681266819717, 34.062134313970326], [-118.23681266819717, 34.06211943013038], [-118.23680368504434, 34.06211943013038], [-118.23680368504434, 34.062134313970326], [-118.23681266819717, 34.062134313970326]]}, "properties": {"confidence": "high"}}, {"type": "Feature", "geometry": {"type": "LineString", "coordinates": [[-118.23771996663415, 34.06212687205069], [-118.23771996663415, 34.06211943013038], [-118.23770200032845, 34.06211943013038], [-118.23770200032845, 34.06212687205069], [-118.23771996663415, 34.06212687205069]]}, "properties": {"confidence": "high"}}, {"type": "Feature", "geometry": {"type": "LineString", "coordinates": [[-118.24441241550083, 34.06214919780767], [-118.24441241550083, 34.06211198820943], [-118.244403432348, 34.06211198820943], [-118.244403432348, 34.06214919780767], [-118.24441241550083, 34.06214919780767]]}, "properties": {"confidence": "high"}}, {"type": "Feature", "geometry": {"type": "LineString", "coordinates": [[-118.23604011705285, 34.06214919780767], [-118.23604011705285, 34.06211198820943], [-118.23603113390001, 34.06211198820943], [-118.23603113390001, 34.06214919780767], [-118.23604011705285, 34.06214919780767]]}, "properties": {"confidence": "high"}}, {"type": "Feature", "geometry": {"type": "LineString", "coordinates": [[-118.23987592331603, 34.062134313970326], [-118.23987592331603, 34.06211198820943], [-118.23986694016318, 34.06211198820943], [-118.23986694016318, 34.062134313970326], [-118.23987592331603, 34.062134313970326]]}, "properties": {"confidence": "high"}}, {"type": "Feature", "geometry": {"type": "LineString", "coordinates": [[-118.23845658516713, 34.06212687205069], [-118.23845658516713, 34.06211198820943], [-118.23844760201429, 34.06211198820943], [-118.23844760201429, 34.06212687205069], [-118.23845658516713, 34.06212687205069]]}, "properties": {"confidence": "high"}}, {"type": "Feature", "geometry": {"type": "LineString", "coordinates": [[-118.23770200032845, 34.06211943013038], [-118.23770200032845, 34.06211198820943], [-118.23769301717562, 34.06211198820943], [-118.23769301717562, 34.06211943013038], [-118.23770200032845, 34.06211943013038]]}, "properties": {"confidence": "high"}}, {"type": "Feature", "geometry": {"type": "LineString", "coordinates": [[-118.23769301717562, 34.06211198820943], [-118.23769301717562, 34.06210454628782], [-118.23767505086994, 34.06210454628782], [-118.23767505086994, 34.06211198820943], [-118.23769301717562, 34.06211198820943]]}, "properties": {"confidence": "high"}}, {"type": "Feature", "geometry": {"type": "LineString", "coordinates": [[-118.23603113390001, 34.06211198820943], [-118.23603113390001, 34.06210454628782], [-118.23602215074716, 34.06210454628782], [-118.23602215074716, 34.06211198820943], [-118.23603113390001, 34.06211198820943]]}, "properties": {"confidence": "high"}}, {"type": "Feature", "geometry": {"type": "LineString", "coordinates": [[-118.24138509299334, 34.06211943013038], [-118.24138509299334, 34.06209710436556], [-118.2413761098405, 34.06209710436556], [-118.2413761098405, 34.06211943013038], [-118.24138509299334, 34.06211943013038]]}, "properties": {"confidence": "high"}}, {"type": "Feature", "geometry": {"type": "LineString", "coordinates": [[-118.23682165135001, 34.06211943013038], [-118.23682165135001, 34.06209710436556], [-118.23681266819717, 34.06209710436556], [-118.23681266819717, 34.06211943013038], [-118.23682165135001, 34.06211943013038]]}, "properties": {"confidence": "high"}}, {"type": "Feature", "geometry": {"type": "LineString", "coordinates": [[-118.23988490646887, 34.06211198820943], [-118.23988490646887, 34.06209710436556], [-118.23987592331603, 34.06209710436556], [-118.23987592331603, 34.06211198820943], [-118.23988490646887, 34.06211198820943]]}, "properties": {"confidence": "high"}}, {"type": "Feature", "geometry": {"type": "LineString", "coordinates": [[-118.23846556831997, 34.06211198820943], [-118.23846556831997, 34.06209710436556], [-118.23845658516713, 34.06209710436556], [-118.23845658516713, 34.06211198820943], [-118.23846556831997, 34.06211198820943]]}, "properties": {"confidence": "high"}}, {"type": "Feature", "geometry": {"type": "LineString", "coordinates": [[-118.23621978010966, 34.06214919780767], [-118.23621978010966, 34.062089662442645], [-118.23621079695683, 34.062089662442645], [-118.23621079695683, 34.06214919780767], [-118.23621978010966, 34.06214919780767]]}, "properties": {"confidence": "high"}}, {"type": "Feature", "geometry": {"type": "LineString", "coordinates": [[-118.23767505086994, 34.06210454628782], [-118.23767505086994, 34.062089662442645], [-118.2376660677171, 34.062089662442645], [-118.2376660677171, 34.06210454628782], [-118.23767505086994, 34.06210454628782]]}, "properties": {"confidence": "high"}}, {"type": "Feature", "geometry": {"type": "LineString", "coordinates": [[-118.244403432348, 34.06211198820943], [-118.244403432348, 34.06208222051907], [-118.24439444919516, 34.06208222051907], [-118.24439444919516, 34.06211198820943], [-118.244403432348, 34.06211198820943]]}, "properties": {"confidence": "high"}}, {"type": "Feature", "geometry": {"type": "LineString", "coordinates": [[-118.23989388962171, 34.06209710436556], [-118.23989388962171, 34.06208222051907], [-118.23988490646887, 34.06208222051907], [-118.23988490646887, 34.06209710436556], [-118.23989388962171, 34.06209710436556]]}, "properties": {"confidence": "high"}}, {"type": "Feature", "geometry": {"type": "LineString", "coordinates": [[-118.23683063450285, 34.06209710436556], [-118.23683063450285, 34.06208222051907], [-118.23682165135001, 34.06208222051907], [-118.23682165135001, 34.06209710436556], [-118.23683063450285, 34.06209710436556]]}, "properties": {"confidence": "high"}}, {"type": "Feature", "geometry": {"type": "LineString", "coordinates": [[-118.24139407614618, 34.06209710436556], [-118.24139407614618, 34.06207477859484], [-118.24138509299334, 34.06207477859484], [-118.24138509299334, 34.06209710436556], [-118.24139407614618, 34.06209710436556]]}, "properties": {"confidence": "high"}}, {"type": "Feature", "geometry": {"type": "LineString", "coordinates": [[-118.2384745514728, 34.06209710436556], [-118.2384745514728, 34.06207477859484], [-118.23846556831997, 34.06207477859484], [-118.23846556831997, 34.06209710436556], [-118.2384745514728, 34.06209710436556]]}, "properties": {"confidence": "high"}}, {"type": "Feature", "geometry": {"type": "LineString", "coordinates": [[-118.2376660677171, 34.062089662442645], [-118.2376660677171, 34.062067336669976], [-118.23765708456425, 34.062067336669976], [-118.23765708456425, 34.06207477859484], [-118.23763013510573, 34.06207477859484], [-118.23763013510573, 34.06208222051907], [-118.23765708456425, 34.06208222051907], [-118.23765708456425, 34.062089662442645], [-118.2376660677171, 34.062089662442645]]}, "properties": {"confidence": "high"}}, {"type": "Feature", "geometry": {"type": "LineString", "coordinates": [[-118.2368396176557, 34.06208222051907], [-118.2368396176557, 34.062067336669976], [-118.23683063450285, 34.062067336669976], [-118.23683063450285, 34.06208222051907], [-118.2368396176557, 34.06208222051907]]}, "properties": {"confidence": "high"}}, {"type": "Feature", "geometry": {"type": "LineString", "coordinates": [[-118.23763013510573, 34.06207477859484], [-118.23763013510573, 34.062067336669976], [-118.23757623618869, 34.062067336669976], [-118.23757623618869, 34.06207477859484], [-118.23763013510573, 34.06207477859484]]}, "properties": {"confidence": "high"}}, {"type": "Feature", "geometry": {"type": "LineString", "coordinates": [[-118.23990287277455, 34.06208222051907], [-118.23990287277455, 34.06205989474444], [-118.23989388962171, 34.06205989474444], [-118.23989388962171, 34.06208222051907], [-118.23990287277455, 34.06208222051907]]}, "properties": {"confidence": "high"}}, {"type": "Feature", "geometry": {"type": "LineString", "coordinates": [[-118.24140305929902, 34.06207477859484], [-118.24140305929902, 34.06205989474444], [-118.24139407614618, 34.06205989474444], [-118.24139407614618, 34.06207477859484], [-118.24140305929902, 34.06207477859484]]}, "properties": {"confidence": "high"}}, {"type": "Feature", "geometry": {"type": "LineString", "coordinates": [[-118.23848353462564, 34.06207477859484], [-118.23848353462564, 34.06205989474444], [-118.2384745514728, 34.06205989474444], [-118.2384745514728, 34.06207477859484], [-118.23848353462564, 34.06207477859484]]}, "properties": {"confidence": "high"}}, {"type": "Feature", "geometry": {"type": "LineString", "coordinates": [[-118.23757623618869, 34.062067336669976], [-118.23757623618869, 34.06205989474444], [-118.23752233727164, 34.06205989474444], [-118.23752233727164, 34.062067336669976], [-118.23757623618869, 34.062067336669976]]}, "properties": {"confidence": "high"}}, {"type": "Feature", "geometry": {"type": "LineString", "coordinates": [[-118.24245408818145, 34.06214175588933], [-118.24245408818145, 34.06205245281826], [-118.24244510502861, 34.06205245281826], [-118.24244510502861, 34.06214175588933], [-118.24245408818145, 34.06214175588933]]}, "properties": {"confidence": "high"}}, {"type": "Feature", "geometry": {"type": "LineString", "coordinates": [[-118.23767505086994, 34.062067336669976], [-118.23767505086994, 34.06205245281826], [-118.2376660677171, 34.06205245281826], [-118.2376660677171, 34.062067336669976], [-118.23767505086994, 34.062067336669976]]}, "properties": {"confidence": "high"}}, {"type": "Feature", "geometry": {"type": "LineString", "coordinates": [[-118.23752233727164, 34.06205989474444], [-118.23752233727164, 34.06205245281826], [-118.23750437096595, 34.06205245281826], [-118.23750437096595, 34.06205989474444], [-118.23752233727164, 34.06205989474444]]}, "properties": {"confidence": "high"}}, {"type": "Feature", "geometry": {"type": "LineString", "coordinates": [[-118.23684860080854, 34.062067336669976], [-118.23684860080854, 34.062045010891424], [-118.2368396176557, 34.062045010891424], [-118.2368396176557, 34.062067336669976], [-118.23684860080854, 34.062067336669976]]}, "properties": {"confidence": "high"}}, {"type": "Feature", "geometry": {"type": "LineString", "coordinates": [[-118.24141204245187, 34.06205989474444], [-118.24141204245187, 34.062045010891424], [-118.24140305929902, 34.062045010891424], [-118.24140305929902, 34.06205989474444], [-118.24141204245187, 34.06205989474444]]}, "properties": {"confidence": "high"}}, {"type": "Feature", "geometry": {"type": "LineString", "coordinates": [[-118.23991185592739, 34.06205989474444], [-118.23991185592739, 34.062045010891424], [-118.23990287277455, 34.062045010891424], [-118.23990287277455, 34.06205989474444], [-118.23991185592739, 34.06205989474444]]}, "properties": {"confidence": "high"}}, {"type": "Feature", "geometry": {"type": "LineString", "coordinates": [[-118.23750437096595, 34.06205245281826], [-118.23750437096595, 34.062045010891424], [-118.23747742150744, 34.062045010891424], [-118.23747742150744, 34.06205245281826], [-118.23750437096595, 34.06205245281826]]}, "properties": {"confidence": "high"}}, {"type": "Feature", "geometry": {"type": "LineString", "coordinates": [[-118.24439444919516, 34.06208222051907], [-118.24439444919516, 34.06203756896393], [-118.24438546604232, 34.06203756896393], [-118.24438546604232, 34.06208222051907], [-118.24439444919516, 34.06208222051907]]}, "properties": {"confidence": "high"}}, {"type": "Feature", "geometry": {"type": "LineString", "coordinates": [[-118.2384925177785, 34.06205989474444], [-118.2384925177785, 34.06203756896393], [-118.23848353462564, 34.06203756896393], [-118.23848353462564, 34.06205989474444], [-118.2384925177785, 34.06205989474444]]}, "properties": {"confidence": "high"}}, {"type": "Feature", "geometry": {"type": "LineString", "coordinates": [[-118.23747742150744, 34.062045010891424], [-118.23747742150744, 34.06203756896393], [-118.23745945520176, 34.06203756896393], [-118.23745945520176, 34.062045010891424], [-118.23747742150744, 34.062045010891424]]}, "properties": {"confidence": "high"}}, {"type": "Feature", "geometry": {"type": "LineString", "coordinates": [[-118.24291222897637, 34.06211943013038], [-118.24291222897637, 34.06203012703578], [-118.24290324582353, 34.06203012703578], [-118.24290324582353, 34.06211943013038], [-118.24291222897637, 34.06211943013038]]}, "properties": {"confidence": "high"}}, {"type": "Feature", "geometry": {"type": "LineString", "coordinates": [[-118.23621079695683, 34.062089662442645], [-118.23621079695683, 34.06203012703578], [-118.23620181380399, 34.06203012703578], [-118.23620181380399, 34.062089662442645], [-118.23621079695683, 34.062089662442645]]}, "properties": {"confidence": "high"}}, {"type": "Feature", "geometry": {"type": "LineString", "coordinates": [[-118.24142102560471, 34.062045010891424], [-118.24142102560471, 34.06203012703578], [-118.24141204245187, 34.06203012703578], [-118.24141204245187, 34.062045010891424], [-118.24142102560471, 34.062045010891424]]}, "properties": {"confidence": "high"}}, {"type": "Feature", "geometry": {"type": "LineString", "coordinates": [[-118.23992083908024, 34.062045010891424], [-118.23992083908024, 34.06203012703578], [-118.23991185592739, 34.06203012703578], [-118.23991185592739, 34.062045010891424], [-118.23992083908024, 34.062045010891424]]}, "properties": {"confidence": "high"}}, {"type": "Feature", "geometry": {"type": "LineString", "coordinates": [[-118.23685758396138, 34.062045010891424], [-118.23685758396138, 34.06203012703578], [-118.23684860080854, 34.06203012703578], [-118.23684860080854, 34.062045010891424], [-118.23685758396138, 34.062045010891424]]}, "properties": {"confidence": "high"}}, {"type": "Feature", "geometry": {"type": "LineString", "coordinates": [[-118.23745945520176, 34.06203756896393], [-118.23745945520176, 34.06203012703578], [-118.23744148889607, 34.06203012703578], [-118.23744148889607, 34.06203756896393], [-118.23745945520176, 34.06203756896393]]}, "properties": {"confidence": "high"}}, {"type": "Feature", "geometry": {"type": "LineString", "coordinates": [[-118.24333443715989, 34.062178965474494], [-118.24333443715989, 34.06202268510699], [-118.24332545400705, 34.06202268510699], [-118.24332545400705, 34.062178965474494], [-118.24333443715989, 34.062178965474494]]}, "properties": {"confidence": "high"}}, {"type": "Feature", "geometry": {"type": "LineString", "coordinates": [[-118.23768403402278, 34.06205245281826], [-118.23768403402278, 34.06202268510699], [-118.23767505086994, 34.06202268510699], [-118.23767505086994, 34.06205245281826], [-118.23768403402278, 34.06205245281826]]}, "properties": {"confidence": "high"}}, {"type": "Feature", "geometry": {"type": "LineString", "coordinates": [[-118.23744148889607, 34.06203012703578], [-118.23744148889607, 34.06202268510699], [-118.23741453943755, 34.06202268510699], [-118.23741453943755, 34.06203012703578], [-118.23744148889607, 34.06203012703578]]}, "properties": {"confidence": "high"}}, {"type": "Feature", "geometry": {"type": "LineString", "coordinates": [[-118.23850150093133, 34.06203756896393], [-118.23850150093133, 34.06201524317754], [-118.2384925177785, 34.06201524317754], [-118.2384925177785, 34.06203756896393], [-118.23850150093133, 34.06203756896393]]}, "properties": {"confidence": "high"}}, {"type": "Feature", "geometry": {"type": "LineString", "coordinates": [[-118.24143000875755, 34.06203012703578], [-118.24143000875755, 34.06201524317754], [-118.24142102560471, 34.06201524317754], [-118.24142102560471, 34.06203012703578], [-118.24143000875755, 34.06203012703578]]}, "properties": {"confidence": "high"}}, {"type": "Feature", "geometry": {"type": "LineString", "coordinates": [[-118.23741453943755, 34.06202268510699], [-118.23741453943755, 34.06201524317754], [-118.23739657313186, 34.06201524317754], [-118.23739657313186, 34.06202268510699], [-118.23741453943755, 34.06202268510699]]}, "properties": {"confidence": "high"}}, {"type": "Feature", "geometry": {"type": "LineString", "coordinates": [[-118.23992982223308, 34.06203012703578], [-118.23992982223308, 34.06200780124744], [-118.23992083908024, 34.06200780124744], [-118.23992083908024, 34.06203012703578], [-118.23992982223308, 34.06203012703578]]}, "properties": {"confidence": "high"}}, {"type": "Feature", "geometry": {"type": "LineString", "coordinates": [[-118.23686656711422, 34.06203012703578], [-118.23686656711422, 34.06200780124744], [-118.23685758396138, 34.06200780124744], [-118.23685758396138, 34.06203012703578], [-118.23686656711422, 34.06203012703578]]}, "properties": {"confidence": "high"}}, {"type": "Feature", "geometry": {"type": "LineString", "coordinates": [[-118.23739657313186, 34.06201524317754], [-118.23739657313186, 34.06200780124744], [-118.23736962367335, 34.06200780124744], [-118.23736962367335, 34.06201524317754], [-118.23739657313186, 34.06201524317754]]}, "properties": {"confidence": "high"}}, {"type": "Feature", "geometry": {"type": "LineString", "coordinates": [[-118.23620181380399, 34.06203012703578], [-118.23620181380399, 34.06200035931668], [-118.23619283065115, 34.06200035931668], [-118.23619283065115, 34.06203012703578], [-118.23620181380399, 34.06203012703578]]}, "properties": {"confidence": "high"}}, {"type": "Feature", "geometry": {"type": "LineString", "coordinates": [[-118.24143899191039, 34.06201524317754], [-118.24143899191039, 34.06200035931668], [-118.24143000875755, 34.06200035931668], [-118.24143000875755, 34.06201524317754], [-118.24143899191039, 34.06201524317754]]}, "properties": {"confidence": "high"}}, {"type": "Feature", "geometry": {"type": "LineString", "coordinates": [[-118.23736962367335, 34.06200780124744], [-118.23736962367335, 34.06200035931668], [-118.23735165736765, 34.06200035931668], [-118.23735165736765, 34.06200780124744], [-118.23736962367335, 34.06200780124744]]}, "properties": {"confidence": "high"}}, {"type": "Feature", "geometry": {"type": "LineString", "coordinates": [[-118.23993880538592, 34.06200780124744], [-118.23993880538592, 34.06199291738527], [-118.23992982223308, 34.06199291738527], [-118.23992982223308, 34.06200780124744], [-118.23993880538592, 34.06200780124744]]}, "properties": {"confidence": "high"}}, {"type": "Feature", "geometry": {"type": "LineString", "coordinates": [[-118.23735165736765, 34.06200035931668], [-118.23735165736765, 34.06199291738527], [-118.23732470790914, 34.06199291738527], [-118.23732470790914, 34.06200035931668], [-118.23735165736765, 34.06200035931668]]}, "properties": {"confidence": "high"}}, {"type": "Feature", "geometry": {"type": "LineString", "coordinates": [[-118.23769301717562, 34.06202268510699], [-118.23769301717562, 34.061985475453206], [-118.23768403402278, 34.061985475453206], [-118.23768403402278, 34.06202268510699], [-118.23769301717562, 34.06202268510699]]}, "properties": {"confidence": "high"}}, {"type": "Feature", "geometry": {"type": "LineString", "coordinates": [[-118.23687555026706, 34.06200780124744], [-118.23687555026706, 34.061985475453206], [-118.23686656711422, 34.061985475453206], [-118.23686656711422, 34.06200780124744], [-118.23687555026706, 34.06200780124744]]}, "properties": {"confidence": "high"}}, {"type": "Feature", "geometry": {"type": "LineString", "coordinates": [[-118.24144797506325, 34.06200035931668], [-118.24144797506325, 34.061985475453206], [-118.24143899191039, 34.061985475453206], [-118.24143899191039, 34.06200035931668], [-118.24144797506325, 34.06200035931668]]}, "properties": {"confidence": "high"}}, {"type": "Feature", "geometry": {"type": "LineString", "coordinates": [[-118.23732470790914, 34.06199291738527], [-118.23732470790914, 34.061985475453206], [-118.23730674160346, 34.061985475453206], [-118.23730674160346, 34.06199291738527], [-118.23732470790914, 34.06199291738527]]}, "properties": {"confidence": "high"}}, {"type": "Feature", "geometry": {"type": "LineString", "coordinates": [[-118.24290324582353, 34.06203012703578], [-118.24290324582353, 34.06197803352048], [-118.24289426267067, 34.06197803352048], [-118.24289426267067, 34.06203012703578], [-118.24290324582353, 34.06203012703578]]}, "properties": {"confidence": "high"}}, {"type": "Feature", "geometry": {"type": "LineString", "coordinates": [[-118.23851048408417, 34.06201524317754], [-118.23851048408417, 34.06197803352048], [-118.23850150093133, 34.06197803352048], [-118.23850150093133, 34.06201524317754], [-118.23851048408417, 34.06201524317754]]}, "properties": {"confidence": "high"}}, {"type": "Feature", "geometry": {"type": "LineString", "coordinates": [[-118.23730674160346, 34.061985475453206], [-118.23730674160346, 34.06197803352048], [-118.23727979214493, 34.06197803352048], [-118.23727979214493, 34.061985475453206], [-118.23730674160346, 34.061985475453206]]}, "properties": {"confidence": "high"}}, {"type": "Feature", "geometry": {"type": "LineString", "coordinates": [[-118.24244510502861, 34.06205245281826], [-118.24244510502861, 34.06197059158712], [-118.24243612187577, 34.06197059158712], [-118.24243612187577, 34.06205245281826], [-118.24244510502861, 34.06205245281826]]}, "properties": {"confidence": "high"}}, {"type": "Feature", "geometry": {"type": "LineString", "coordinates": [[-118.24438546604232, 34.06203756896393], [-118.24438546604232, 34.06197059158712], [-118.24437648288946, 34.06197059158712], [-118.24437648288946, 34.06203756896393], [-118.24438546604232, 34.06203756896393]]}, "properties": {"confidence": "high"}}, {"type": "Feature", "geometry": {"type": "LineString", "coordinates": [[-118.23994778853876, 34.06199291738527], [-118.23994778853876, 34.06197059158712], [-118.23993880538592, 34.06197059158712], [-118.23993880538592, 34.06199291738527], [-118.23994778853876, 34.06199291738527]]}, "properties": {"confidence": "high"}}, {"type": "Feature", "geometry": {"type": "LineString", "coordinates": [[-118.2368845334199, 34.061985475453206], [-118.2368845334199, 34.06197059158712], [-118.23687555026706, 34.06197059158712], [-118.23687555026706, 34.061985475453206], [-118.2368845334199, 34.061985475453206]]}, "properties": {"confidence": "high"}}, {"type": "Feature", "geometry": {"type": "LineString", "coordinates": [[-118.23727979214493, 34.06197803352048], [-118.23727979214493, 34.06197059158712], [-118.23726182583925, 34.06197059158712], [-118.23726182583925, 34.06197803352048], [-118.23727979214493, 34.06197803352048]]}, "properties": {"confidence": "high"}}, {"type": "Feature", "geometry": {"type": "LineString", "coordinates": [[-118.24145695821609, 34.061985475453206], [-118.24145695821609, 34.06196314965309], [-118.24144797506325, 34.06196314965309], [-118.24144797506325, 34.061985475453206], [-118.24145695821609, 34.061985475453206]]}, "properties": {"confidence": "high"}}, {"type": "Feature", "geometry": {"type": "LineString", "coordinates": [[-118.23726182583925, 34.06197059158712], [-118.23726182583925, 34.06196314965309], [-118.23724385953356, 34.06196314965309], [-118.23724385953356, 34.06197059158712], [-118.23726182583925, 34.06197059158712]]}, "properties": {"confidence": "high"}}, {"type": "Feature", "geometry": {"type": "LineString", "coordinates": [[-118.23770200032845, 34.061985475453206], [-118.23770200032845, 34.06195570771841], [-118.23769301717562, 34.06195570771841], [-118.23769301717562, 34.061985475453206], [-118.23770200032845, 34.061985475453206]]}, "properties": {"confidence": "high"}}, {"type": "Feature", "geometry": {"type": "LineString", "coordinates": [[-118.2399567716916, 34.06197059158712], [-118.2399567716916, 34.06195570771841], [-118.23994778853876, 34.06195570771841], [-118.23994778853876, 34.06197059158712], [-118.2399567716916, 34.06197059158712]]}, "properties": {"confidence": "high"}}, {"type": "Feature", "geometry": {"type": "LineString", "coordinates": [[-118.23724385953356, 34.06196314965309], [-118.23724385953356, 34.06195570771841], [-118.23722589322789, 34.06195570771841], [-118.23722589322789, 34.06196314965309], [-118.23724385953356, 34.06196314965309]]}, "properties": {"confidence": "high"}}, {"type": "Feature", "geometry": {"type": "LineString", "coordinates": [[-118.24146594136894, 34.06196314965309], [-118.24146594136894, 34.06194826578308], [-118.24145695821609, 34.06194826578308], [-118.24145695821609, 34.06196314965309], [-118.24146594136894, 34.06196314965309]]}, "properties": {"confidence": "high"}}, {"type": "Feature", "geometry": {"type": "LineString", "coordinates": [[-118.23722589322789, 34.06195570771841], [-118.23722589322789, 34.06194826578308], [-118.23719894376936, 34.06194826578308], [-118.23719894376936, 34.06195570771841], [-118.23722589322789, 34.06195570771841]]}, "properties": {"confidence": "high"}}, {"type": "Feature", "geometry": {"type": "LineString", "coordinates": [[-118.23851946723701, 34.06197803352048], [-118.23851946723701, 34.061940823847095], [-118.23851048408417, 34.061940823847095], [-118.23851048408417, 34.06197803352048], [-118.23851946723701, 34.06197803352048]]}, "properties": {"confidence": "high"}}, {"type": "Feature", "geometry": {"type": "LineString", "coordinates": [[-118.23771098348129, 34.06195570771841], [-118.23771098348129, 34.061940823847095], [-118.23770200032845, 34.061940823847095], [-118.23770200032845, 34.06195570771841], [-118.23771098348129, 34.06195570771841]]}, "properties": {"confidence": "high"}}, {"type": "Feature", "geometry": {"type": "LineString", "coordinates": [[-118.23719894376936, 34.06194826578308], [-118.23719894376936, 34.061940823847095], [-118.23718097746368, 34.061940823847095], [-118.23718097746368, 34.06194826578308], [-118.23719894376936, 34.06194826578308]]}, "properties": {"confidence": "high"}}, {"type": "Feature", "geometry": {"type": "LineString", "coordinates": [[-118.23689351657275, 34.06197059158712], [-118.23689351657275, 34.06193338191046], [-118.2368845334199, 34.06193338191046], [-118.2368845334199, 34.06197059158712], [-118.23689351657275, 34.06197059158712]]}, "properties": {"confidence": "high"}}, {"type": "Feature", "geometry": {"type": "LineString", "coordinates": [[-118.23996575484443, 34.06195570771841], [-118.23996575484443, 34.06193338191046], [-118.2399567716916, 34.06193338191046], [-118.2399567716916, 34.06195570771841], [-118.23996575484443, 34.06195570771841]]}, "properties": {"confidence": "high"}}, {"type": "Feature", "geometry": {"type": "LineString", "coordinates": [[-118.24147492452178, 34.06194826578308], [-118.24147492452178, 34.06193338191046], [-118.24146594136894, 34.06193338191046], [-118.24146594136894, 34.06194826578308], [-118.24147492452178, 34.06194826578308]]}, "properties": {"confidence": "high"}}, {"type": "Feature", "geometry": {"type": "LineString", "coordinates": [[-118.23718097746368, 34.061940823847095], [-118.23718097746368, 34.06193338191046], [-118.237163011158, 34.06193338191046], [-118.237163011158, 34.061940823847095], [-118.23718097746368, 34.061940823847095]]}, "properties": {"confidence": "high"}}, {"type": "Feature", "geometry": {"type": "LineString", "coordinates": [[-118.23619283065115, 34.06200035931668], [-118.23619283065115, 34.061925939973165], [-118.23618384749831, 34.061925939973165], [-118.23618384749831, 34.061940823847095], [-118.23617486434546, 34.061940823847095], [-118.23617486434546, 34.06194826578308], [-118.23618384749831, 34.06194826578308], [-118.23618384749831, 34.06200035931668], [-118.23619283065115, 34.06200035931668]]}, "properties": {"confidence": "high"}}, {"type": "Feature", "geometry": {"type": "LineString", "coordinates": [[-118.23852845038985, 34.061940823847095], [-118.23852845038985, 34.061925939973165], [-118.23851946723701, 34.061925939973165], [-118.23851946723701, 34.061940823847095], [-118.23852845038985, 34.061940823847095]]}, "properties": {"confidence": "high"}}, {"type": "Feature", "geometry": {"type": "LineString", "coordinates": [[-118.23771996663415, 34.061940823847095], [-118.23771996663415, 34.061925939973165], [-118.23771098348129, 34.061925939973165], [-118.23771098348129, 34.061940823847095], [-118.23771996663415, 34.061940823847095]]}, "properties": {"confidence": "high"}}, {"type": "Feature", "geometry": {"type": "LineString", "coordinates": [[-118.237163011158, 34.06193338191046], [-118.237163011158, 34.061925939973165], [-118.23714504485231, 34.061925939973165], [-118.23714504485231, 34.06193338191046], [-118.237163011158, 34.06193338191046]]}, "properties": {"confidence": "high"}}, {"type": "Feature", "geometry": {"type": "LineString", "coordinates": [[-118.24437648288946, 34.06197059158712], [-118.24437648288946, 34.06191849803522], [-118.24436749973663, 34.06191849803522], [-118.24436749973663, 34.06197059158712], [-118.24437648288946, 34.06197059158712]]}, "properties": {"confidence": "high"}}, {"type": "Feature", "geometry": {"type": "LineString", "coordinates": [[-118.23997473799729, 34.06193338191046], [-118.23997473799729, 34.06191849803522], [-118.23996575484443, 34.06191849803522], [-118.23996575484443, 34.06193338191046], [-118.23997473799729, 34.06193338191046]]}, "properties": {"confidence": "high"}}, {"type": "Feature", "geometry": {"type": "LineString", "coordinates": [[-118.23714504485231, 34.061925939973165], [-118.23714504485231, 34.06191849803522], [-118.23712707854664, 34.06191849803522], [-118.23712707854664, 34.061925939973165], [-118.23714504485231, 34.061925939973165]]}, "properties": {"confidence": "high"}}, {"type": "Feature", "geometry": {"type": "LineString", "coordinates": [[-118.24148390767462, 34.06193338191046], [-118.24148390767462, 34.06191105609662], [-118.24147492452178, 34.06191105609662], [-118.24147492452178, 34.06193338191046], [-118.24148390767462, 34.06193338191046]]}, "properties": {"confidence": "high"}}, {"type": "Feature", "geometry": {"type": "LineString", "coordinates": [[-118.2385374335427, 34.061925939973165], [-118.2385374335427, 34.06191105609662], [-118.23852845038985, 34.06191105609662], [-118.23852845038985, 34.061925939973165], [-118.2385374335427, 34.061925939973165]]}, "properties": {"confidence": "high"}}, {"type": "Feature", "geometry": {"type": "LineString", "coordinates": [[-118.23712707854664, 34.06191849803522], [-118.23712707854664, 34.06191105609662], [-118.2371001290881, 34.06191105609662], [-118.2371001290881, 34.06191849803522], [-118.23712707854664, 34.06191849803522]]}, "properties": {"confidence": "high"}}, {"type": "Feature", "geometry": {"type": "LineString", "coordinates": [[-118.23772894978698, 34.061925939973165], [-118.23772894978698, 34.06190361415736], [-118.23771996663415, 34.06190361415736], [-118.23771996663415, 34.061925939973165], [-118.23772894978698, 34.061925939973165]]}, "properties": {"confidence": "high"}}, {"type": "Feature", "geometry": {"type": "LineString", "coordinates": [[-118.2371001290881, 34.06191105609662], [-118.2371001290881, 34.06190361415736], [-118.23706419647675, 34.06190361415736], [-118.23706419647675, 34.06191105609662], [-118.2371001290881, 34.06191105609662]]}, "properties": {"confidence": "high"}}, {"type": "Feature", "geometry": {"type": "LineString", "coordinates": [[-118.23690249972562, 34.06193338191046], [-118.23690249972562, 34.06189617221746], [-118.23689351657275, 34.06189617221746], [-118.23689351657275, 34.06193338191046], [-118.23690249972562, 34.06193338191046]]}, "properties": {"confidence": "high"}}, {"type": "Feature", "geometry": {"type": "LineString", "coordinates": [[-118.23620181380399, 34.061925939973165], [-118.23620181380399, 34.06189617221746], [-118.23619283065115, 34.06189617221746], [-118.23619283065115, 34.061925939973165], [-118.23620181380399, 34.061925939973165]]}, "properties": {"confidence": "high"}}, {"type": "Feature", "geometry": {"type": "LineString", "coordinates": [[-118.23998372115013, 34.06191849803522], [-118.23998372115013, 34.06189617221746], [-118.23997473799729, 34.06189617221746], [-118.23997473799729, 34.06191849803522], [-118.23998372115013, 34.06191849803522]]}, "properties": {"confidence": "high"}}, {"type": "Feature", "geometry": {"type": "LineString", "coordinates": [[-118.23854641669554, 34.06191105609662], [-118.23854641669554, 34.06189617221746], [-118.2385374335427, 34.06189617221746], [-118.2385374335427, 34.06191105609662], [-118.23854641669554, 34.06191105609662]]}, "properties": {"confidence": "high"}}, {"type": "Feature", "geometry": {"type": "LineString", "coordinates": [[-118.23706419647675, 34.06190361415736], [-118.23706419647675, 34.06189617221746], [-118.23701928071254, 34.06189617221746], [-118.23701928071254, 34.06190361415736], [-118.23706419647675, 34.06190361415736]]}, "properties": {"confidence": "high"}}, {"type": "Feature", "geometry": {"type": "LineString", "coordinates": [[-118.24149289082746, 34.06191105609662], [-118.24149289082746, 34.0618887302769], [-118.24148390767462, 34.0618887302769], [-118.24148390767462, 34.06191105609662], [-118.24149289082746, 34.06191105609662]]}, "properties": {"confidence": "high"}}, {"type": "Feature", "geometry": {"type": "LineString", "coordinates": [[-118.23773793293982, 34.06190361415736], [-118.23773793293982, 34.0618887302769], [-118.23772894978698, 34.0618887302769], [-118.23772894978698, 34.06190361415736], [-118.23773793293982, 34.06190361415736]]}, "properties": {"confidence": "high"}}, {"type": "Feature", "geometry": {"type": "LineString", "coordinates": [[-118.23701928071254, 34.06189617221746], [-118.23701928071254, 34.0618887302769], [-118.23699233125402, 34.0618887302769], [-118.23699233125402, 34.06189617221746], [-118.23701928071254, 34.06189617221746]]}, "properties": {"confidence": "high"}}, {"type": "Feature", "geometry": {"type": "LineString", "coordinates": [[-118.23855539984838, 34.06189617221746], [-118.23855539984838, 34.061881288335684], [-118.23854641669554, 34.061881288335684], [-118.23854641669554, 34.06189617221746], [-118.23855539984838, 34.06189617221746]]}, "properties": {"confidence": "high"}}, {"type": "Feature", "geometry": {"type": "LineString", "coordinates": [[-118.23691148287845, 34.06189617221746], [-118.23691148287845, 34.061881288335684], [-118.23690249972562, 34.061881288335684], [-118.23690249972562, 34.06189617221746], [-118.23691148287845, 34.06189617221746]]}, "properties": {"confidence": "high"}}, {"type": "Feature", "geometry": {"type": "LineString", "coordinates": [[-118.23699233125402, 34.0618887302769], [-118.23699233125402, 34.061881288335684], [-118.23697436494834, 34.061881288335684], [-118.23697436494834, 34.0618887302769], [-118.23699233125402, 34.0618887302769]]}, "properties": {"confidence": "high"}}, {"type": "Feature", "geometry": {"type": "LineString", "coordinates": [[-118.23999270430296, 34.06189617221746], [-118.23999270430296, 34.061873846393816], [-118.23998372115013, 34.061873846393816], [-118.23998372115013, 34.06189617221746], [-118.23999270430296, 34.06189617221746]]}, "properties": {"confidence": "high"}}, {"type": "Feature", "geometry": {"type": "LineString", "coordinates": [[-118.2415018739803, 34.0618887302769], [-118.2415018739803, 34.061873846393816], [-118.24149289082746, 34.061873846393816], [-118.24149289082746, 34.0618887302769], [-118.2415018739803, 34.0618887302769]]}, "properties": {"confidence": "high"}}, {"type": "Feature", "geometry": {"type": "LineString", "coordinates": [[-118.23697436494834, 34.061881288335684], [-118.23697436494834, 34.061873846393816], [-118.2369653817955, 34.061873846393816], [-118.2369653817955, 34.061881288335684], [-118.23697436494834, 34.061881288335684]]}, "properties": {"confidence": "high"}}, {"type": "Feature", "geometry": {"type": "LineString", "coordinates": [[-118.2369204660313, 34.061881288335684], [-118.2369204660313, 34.061873846393816], [-118.23691148287845, 34.061873846393816], [-118.23691148287845, 34.061881288335684], [-118.2369204660313, 34.061881288335684]]}, "properties": {"confidence": "high"}}, {"type": "Feature", "geometry": {"type": "LineString", "coordinates": [[-118.23774691609266, 34.0618887302769], [-118.23774691609266, 34.061866404451294], [-118.23773793293982, 34.061866404451294], [-118.23773793293982, 34.0618887302769], [-118.23774691609266, 34.0618887302769]]}, "properties": {"confidence": "high"}}, {"type": "Feature", "geometry": {"type": "LineString", "coordinates": [[-118.23856438300122, 34.061881288335684], [-118.23856438300122, 34.061866404451294], [-118.23855539984838, 34.061866404451294], [-118.23855539984838, 34.061881288335684], [-118.23856438300122, 34.061881288335684]]}, "properties": {"confidence": "high"}}, {"type": "Feature", "geometry": {"type": "LineString", "coordinates": [[-118.2369653817955, 34.061873846393816], [-118.2369653817955, 34.061866404451294], [-118.23695639864266, 34.061866404451294], [-118.23695639864266, 34.061873846393816], [-118.2369653817955, 34.061873846393816]]}, "properties": {"confidence": "high"}}, {"type": "Feature", "geometry": {"type": "LineString", "coordinates": [[-118.23692944918413, 34.061873846393816], [-118.23692944918413, 34.061866404451294], [-118.2369204660313, 34.061866404451294], [-118.2369204660313, 34.061873846393816], [-118.23692944918413, 34.061873846393816]]}, "properties": {"confidence": "high"}}, {"type": "Feature", "geometry": {"type": "LineString", "coordinates": [[-118.24243612187577, 34.06197059158712], [-118.24243612187577, 34.061858962508126], [-118.24242713872292, 34.061858962508126], [-118.24242713872292, 34.06197059158712], [-118.24243612187577, 34.06197059158712]]}, "properties": {"confidence": "high"}}, {"type": "Feature", "geometry": {"type": "LineString", "coordinates": [[-118.24151085713314, 34.061873846393816], [-118.24151085713314, 34.061858962508126], [-118.2415018739803, 34.061858962508126], [-118.2415018739803, 34.061873846393816], [-118.24151085713314, 34.061873846393816]]}, "properties": {"confidence": "high"}}, {"type": "Feature", "geometry": {"type": "LineString", "coordinates": [[-118.2400016874558, 34.061873846393816], [-118.2400016874558, 34.061858962508126], [-118.23999270430296, 34.061858962508126], [-118.23999270430296, 34.061873846393816], [-118.2400016874558, 34.061873846393816]]}, "properties": {"confidence": "high"}}, {"type": "Feature", "geometry": {"type": "LineString", "coordinates": [[-118.23695639864266, 34.061866404451294], [-118.23695639864266, 34.061858962508126], [-118.23694741548981, 34.061858962508126], [-118.23694741548981, 34.061866404451294], [-118.23695639864266, 34.061866404451294]]}, "properties": {"confidence": "high"}}, {"type": "Feature", "geometry": {"type": "LineString", "coordinates": [[-118.23693843233697, 34.061866404451294], [-118.23693843233697, 34.061858962508126], [-118.23692944918413, 34.061858962508126], [-118.23692944918413, 34.061866404451294], [-118.23693843233697, 34.061866404451294]]}, "properties": {"confidence": "high"}}, {"type": "Feature", "geometry": {"type": "LineString", "coordinates": [[-118.23621079695683, 34.06189617221746], [-118.23621079695683, 34.06185152056429], [-118.23620181380399, 34.06185152056429], [-118.23620181380399, 34.06189617221746], [-118.23621079695683, 34.06189617221746]]}, "properties": {"confidence": "high"}}, {"type": "Feature", "geometry": {"type": "LineString", "coordinates": [[-118.23857336615406, 34.061866404451294], [-118.23857336615406, 34.06185152056429], [-118.23856438300122, 34.06185152056429], [-118.23856438300122, 34.061866404451294], [-118.23857336615406, 34.061866404451294]]}, "properties": {"confidence": "high"}}, {"type": "Feature", "geometry": {"type": "LineString", "coordinates": [[-118.2377558992455, 34.061866404451294], [-118.2377558992455, 34.06185152056429], [-118.23774691609266, 34.06185152056429], [-118.23774691609266, 34.061866404451294], [-118.2377558992455, 34.061866404451294]]}, "properties": {"confidence": "high"}}, {"type": "Feature", "geometry": {"type": "LineString", "coordinates": [[-118.24332545400705, 34.06202268510699], [-118.24332545400705, 34.06184407861981], [-118.24331647085421, 34.06184407861981], [-118.24331647085421, 34.06202268510699], [-118.24332545400705, 34.06202268510699]]}, "properties": {"confidence": "high"}}, {"type": "Feature", "geometry": {"type": "LineString", "coordinates": [[-118.24151984028599, 34.061858962508126], [-118.24151984028599, 34.06184407861981], [-118.24151085713314, 34.06184407861981], [-118.24151085713314, 34.061858962508126], [-118.24151984028599, 34.061858962508126]]}, "properties": {"confidence": "high"}}, {"type": "Feature", "geometry": {"type": "LineString", "coordinates": [[-118.24001067060864, 34.061858962508126], [-118.24001067060864, 34.06183663667467], [-118.2400016874558, 34.06183663667467], [-118.2400016874558, 34.061858962508126], [-118.24001067060864, 34.061858962508126]]}, "properties": {"confidence": "high"}}, {"type": "Feature", "geometry": {"type": "LineString", "coordinates": [[-118.2385823493069, 34.06185152056429], [-118.2385823493069, 34.06183663667467], [-118.23857336615406, 34.06183663667467], [-118.23857336615406, 34.06185152056429], [-118.2385823493069, 34.06185152056429]]}, "properties": {"confidence": "high"}}, {"type": "Feature", "geometry": {"type": "LineString", "coordinates": [[-118.23776488239835, 34.06185152056429], [-118.23776488239835, 34.06182919472889], [-118.2377558992455, 34.06182919472889], [-118.2377558992455, 34.06185152056429], [-118.23776488239835, 34.06185152056429]]}, "properties": {"confidence": "high"}}, {"type": "Feature", "geometry": {"type": "LineString", "coordinates": [[-118.24152882343883, 34.06184407861981], [-118.24152882343883, 34.06182175278245], [-118.24151984028599, 34.06182175278245], [-118.24151984028599, 34.06184407861981], [-118.24152882343883, 34.06184407861981]]}, "properties": {"confidence": "high"}}, {"type": "Feature", "geometry": {"type": "LineString", "coordinates": [[-118.24001965376148, 34.06183663667467], [-118.24001965376148, 34.06182175278245], [-118.24001067060864, 34.06182175278245], [-118.24001067060864, 34.06183663667467], [-118.24001965376148, 34.06183663667467]]}, "properties": {"confidence": "high"}}, {"type": "Feature", "geometry": {"type": "LineString", "coordinates": [[-118.23859133245975, 34.06183663667467], [-118.23859133245975, 34.06182175278245], [-118.2385823493069, 34.06182175278245], [-118.2385823493069, 34.06183663667467], [-118.23859133245975, 34.06183663667467]]}, "properties": {"confidence": "high"}}, {"type": "Feature", "geometry": {"type": "LineString", "coordinates": [[-118.23694741548981, 34.061858962508126], [-118.23694741548981, 34.06182919472889], [-118.23695639864266, 34.06182919472889], [-118.23695639864266, 34.06182175278245], [-118.23692944918413, 34.06182175278245], [-118.23692944918413, 34.06182919472889], [-118.23693843233697, 34.06182919472889], [-118.23693843233697, 34.061858962508126], [-118.23694741548981, 34.061858962508126]]}, "properties": {"confidence": "high"}}, {"type": "Feature", "geometry": {"type": "LineString", "coordinates": [[-118.24289426267067, 34.06197803352048], [-118.24289426267067, 34.06181431083535], [-118.24288527951784, 34.06181431083535], [-118.24288527951784, 34.06197803352048], [-118.24289426267067, 34.06197803352048]]}, "properties": {"confidence": "high"}}, {"type": "Feature", "geometry": {"type": "LineString", "coordinates": [[-118.23777386555119, 34.06182919472889], [-118.23777386555119, 34.06181431083535], [-118.23776488239835, 34.06181431083535], [-118.23776488239835, 34.06182919472889], [-118.23777386555119, 34.06182919472889]]}, "properties": {"confidence": "high"}}, {"type": "Feature", "geometry": {"type": "LineString", "coordinates": [[-118.2369653817955, 34.06182175278245], [-118.2369653817955, 34.06181431083535], [-118.23695639864266, 34.06181431083535], [-118.23695639864266, 34.06182175278245], [-118.2369653817955, 34.06182175278245]]}, "properties": {"confidence": "high"}}, {"type": "Feature", "geometry": {"type": "LineString", "coordinates": [[-118.23692944918413, 34.06182175278245], [-118.23692944918413, 34.06181431083535], [-118.2369204660313, 34.06181431083535], [-118.2369204660313, 34.06182175278245], [-118.23692944918413, 34.06182175278245]]}, "properties": {"confidence": "high"}}, {"type": "Feature", "geometry": {"type": "LineString", "coordinates": [[-118.24153780659167, 34.06182175278245], [-118.24153780659167, 34.0618068688876], [-118.24152882343883, 34.0618068688876], [-118.24152882343883, 34.06182175278245], [-118.24153780659167, 34.06182175278245]]}, "properties": {"confidence": "high"}}, {"type": "Feature", "geometry": {"type": "LineString", "coordinates": [[-118.24002863691433, 34.06182175278245], [-118.24002863691433, 34.0618068688876], [-118.24001965376148, 34.0618068688876], [-118.24001965376148, 34.06182175278245], [-118.24002863691433, 34.06182175278245]]}, "properties": {"confidence": "high"}}, {"type": "Feature", "geometry": {"type": "LineString", "coordinates": [[-118.23860031561259, 34.06182175278245], [-118.23860031561259, 34.0618068688876], [-118.23859133245975, 34.0618068688876], [-118.23859133245975, 34.06182175278245], [-118.23860031561259, 34.06182175278245]]}, "properties": {"confidence": "high"}}, {"type": "Feature", "geometry": {"type": "LineString", "coordinates": [[-118.24522089925655, 34.06181431083535], [-118.24522089925655, 34.0618068688876], [-118.24521191610371, 34.0618068688876], [-118.24521191610371, 34.06181431083535], [-118.24522089925655, 34.06181431083535]]}, "properties": {"confidence": "high"}}, {"type": "Feature", "geometry": {"type": "LineString", "coordinates": [[-118.23697436494834, 34.06181431083535], [-118.23697436494834, 34.0618068688876], [-118.2369653817955, 34.0618068688876], [-118.2369653817955, 34.06181431083535], [-118.23697436494834, 34.06181431083535]]}, "properties": {"confidence": "high"}}, {"type": "Feature", "geometry": {"type": "LineString", "coordinates": [[-118.2369204660313, 34.06181431083535], [-118.2369204660313, 34.0618068688876], [-118.23690249972562, 34.0618068688876], [-118.23690249972562, 34.06181431083535], [-118.2369204660313, 34.06181431083535]]}, "properties": {"confidence": "high"}}, {"type": "Feature", "geometry": {"type": "LineString", "coordinates": [[-118.23778284870403, 34.06181431083535], [-118.23778284870403, 34.061799426939196], [-118.23777386555119, 34.061799426939196], [-118.23777386555119, 34.06181431083535], [-118.23778284870403, 34.06181431083535]]}, "properties": {"confidence": "high"}}, {"type": "Feature", "geometry": {"type": "LineString", "coordinates": [[-118.23690249972562, 34.0618068688876], [-118.23690249972562, 34.061799426939196], [-118.2368845334199, 34.061799426939196], [-118.2368845334199, 34.0618068688876], [-118.23690249972562, 34.0618068688876]]}, "properties": {"confidence": "high"}}, {"type": "Feature", "geometry": {"type": "LineString", "coordinates": [[-118.24242713872292, 34.061858962508126], [-118.24242713872292, 34.061791984990144], [-118.24241815557008, 34.061791984990144], [-118.24241815557008, 34.061858962508126], [-118.24242713872292, 34.061858962508126]]}, "properties": {"confidence": "high"}}, {"type": "Feature", "geometry": {"type": "LineString", "coordinates": [[-118.23621978010966, 34.06185152056429], [-118.23621978010966, 34.061791984990144], [-118.23621079695683, 34.061791984990144], [-118.23621079695683, 34.06185152056429], [-118.23621978010966, 34.06185152056429]]}, "properties": {"confidence": "high"}}, {"type": "Feature", "geometry": {"type": "LineString", "coordinates": [[-118.23860929876543, 34.0618068688876], [-118.23860929876543, 34.061791984990144], [-118.23860031561259, 34.061791984990144], [-118.23860031561259, 34.0618068688876], [-118.23860929876543, 34.0618068688876]]}, "properties": {"confidence": "high"}}, {"type": "Feature", "geometry": {"type": "LineString", "coordinates": [[-118.23698334810118, 34.0618068688876], [-118.23698334810118, 34.061791984990144], [-118.23697436494834, 34.061791984990144], [-118.23697436494834, 34.0618068688876], [-118.23698334810118, 34.0618068688876]]}, "properties": {"confidence": "high"}}, {"type": "Feature", "geometry": {"type": "LineString", "coordinates": [[-118.2368845334199, 34.061799426939196], [-118.2368845334199, 34.061791984990144], [-118.23684860080854, 34.061791984990144], [-118.23684860080854, 34.061799426939196], [-118.2368845334199, 34.061799426939196]]}, "properties": {"confidence": "high"}}, {"type": "Feature", "geometry": {"type": "LineString", "coordinates": [[-118.2415467897445, 34.0618068688876], [-118.2415467897445, 34.06178454304044], [-118.24153780659167, 34.06178454304044], [-118.24153780659167, 34.0618068688876], [-118.2415467897445, 34.0618068688876]]}, "properties": {"confidence": "high"}}, {"type": "Feature", "geometry": {"type": "LineString", "coordinates": [[-118.24003762006717, 34.0618068688876], [-118.24003762006717, 34.06178454304044], [-118.24002863691433, 34.06178454304044], [-118.24002863691433, 34.0618068688876], [-118.24003762006717, 34.0618068688876]]}, "properties": {"confidence": "high"}}, {"type": "Feature", "geometry": {"type": "LineString", "coordinates": [[-118.23779183185687, 34.061799426939196], [-118.23779183185687, 34.06178454304044], [-118.23778284870403, 34.06178454304044], [-118.23778284870403, 34.061799426939196], [-118.23779183185687, 34.061799426939196]]}, "properties": {"confidence": "high"}}, {"type": "Feature", "geometry": {"type": "LineString", "coordinates": [[-118.23684860080854, 34.061791984990144], [-118.23684860080854, 34.06178454304044], [-118.23682165135001, 34.06178454304044], [-118.23682165135001, 34.061791984990144], [-118.23684860080854, 34.061791984990144]]}, "properties": {"confidence": "high"}}, {"type": "Feature", "geometry": {"type": "LineString", "coordinates": [[-118.24521191610371, 34.0618068688876], [-118.24521191610371, 34.06177710109007], [-118.24520293295086, 34.06177710109007], [-118.24520293295086, 34.0618068688876], [-118.24521191610371, 34.0618068688876]]}, "properties": {"confidence": "high"}}, {"type": "Feature", "geometry": {"type": "LineString", "coordinates": [[-118.23861828191826, 34.061791984990144], [-118.23861828191826, 34.06177710109007], [-118.23860929876543, 34.06177710109007], [-118.23860929876543, 34.061791984990144], [-118.23861828191826, 34.061791984990144]]}, "properties": {"confidence": "high"}}, {"type": "Feature", "geometry": {"type": "LineString", "coordinates": [[-118.23699233125402, 34.061791984990144], [-118.23699233125402, 34.06177710109007], [-118.23698334810118, 34.06177710109007], [-118.23698334810118, 34.061791984990144], [-118.23699233125402, 34.061791984990144]]}, "properties": {"confidence": "high"}}, {"type": "Feature", "geometry": {"type": "LineString", "coordinates": [[-118.23682165135001, 34.06178454304044], [-118.23682165135001, 34.06177710109007], [-118.23680368504434, 34.06177710109007], [-118.23680368504434, 34.06178454304044], [-118.23682165135001, 34.06178454304044]]}, "properties": {"confidence": "high"}}, {"type": "Feature", "geometry": {"type": "LineString", "coordinates": [[-118.24004660322001, 34.06178454304044], [-118.24004660322001, 34.06176965913906], [-118.24003762006717, 34.06176965913906], [-118.24003762006717, 34.06178454304044], [-118.24004660322001, 34.06178454304044]]}, "properties": {"confidence": "high"}}, {"type": "Feature", "geometry": {"type": "LineString", "coordinates": [[-118.23680368504434, 34.06177710109007], [-118.23680368504434, 34.06176965913906], [-118.23678571873864, 34.06176965913906], [-118.23678571873864, 34.06177710109007], [-118.23680368504434, 34.06177710109007]]}, "properties": {"confidence": "high"}}, {"type": "Feature", "geometry": {"type": "LineString", "coordinates": [[-118.24155577289734, 34.06178454304044], [-118.24155577289734, 34.061762217187386], [-118.2415467897445, 34.061762217187386], [-118.2415467897445, 34.06178454304044], [-118.24155577289734, 34.06178454304044]]}, "properties": {"confidence": "high"}}, {"type": "Feature", "geometry": {"type": "LineString", "coordinates": [[-118.2378008150097, 34.06178454304044], [-118.2378008150097, 34.061762217187386], [-118.23779183185687, 34.061762217187386], [-118.23779183185687, 34.06178454304044], [-118.2378008150097, 34.06178454304044]]}, "properties": {"confidence": "high"}}, {"type": "Feature", "geometry": {"type": "LineString", "coordinates": [[-118.2386272650711, 34.06177710109007], [-118.2386272650711, 34.061762217187386], [-118.23861828191826, 34.061762217187386], [-118.23861828191826, 34.06177710109007], [-118.2386272650711, 34.06177710109007]]}, "properties": {"confidence": "high"}}, {"type": "Feature", "geometry": {"type": "LineString", "coordinates": [[-118.23678571873864, 34.06176965913906], [-118.23678571873864, 34.061762217187386], [-118.23675876928013, 34.061762217187386], [-118.23675876928013, 34.06176965913906], [-118.23678571873864, 34.06176965913906]]}, "properties": {"confidence": "high"}}, {"type": "Feature", "geometry": {"type": "LineString", "coordinates": [[-118.24520293295086, 34.06177710109007], [-118.24520293295086, 34.061754775235066], [-118.24519394979802, 34.061754775235066], [-118.24519394979802, 34.06177710109007], [-118.24520293295086, 34.06177710109007]]}, "properties": {"confidence": "high"}}, {"type": "Feature", "geometry": {"type": "LineString", "coordinates": [[-118.24005558637285, 34.06176965913906], [-118.24005558637285, 34.061754775235066], [-118.24004660322001, 34.061754775235066], [-118.24004660322001, 34.06176965913906], [-118.24005558637285, 34.06176965913906]]}, "properties": {"confidence": "high"}}, {"type": "Feature", "geometry": {"type": "LineString", "coordinates": [[-118.23675876928013, 34.061762217187386], [-118.23675876928013, 34.061754775235066], [-118.23672283666876, 34.061754775235066], [-118.23672283666876, 34.061762217187386], [-118.23675876928013, 34.061762217187386]]}, "properties": {"confidence": "high"}}, {"type": "Feature", "geometry": {"type": "LineString", "coordinates": [[-118.23700131440687, 34.06177710109007], [-118.23700131440687, 34.061747333282085], [-118.23699233125402, 34.061747333282085], [-118.23699233125402, 34.06177710109007], [-118.23700131440687, 34.06177710109007]]}, "properties": {"confidence": "high"}}, {"type": "Feature", "geometry": {"type": "LineString", "coordinates": [[-118.23780979816254, 34.061762217187386], [-118.23780979816254, 34.061747333282085], [-118.2378008150097, 34.061747333282085], [-118.2378008150097, 34.061762217187386], [-118.23780979816254, 34.061762217187386]]}, "properties": {"confidence": "high"}}, {"type": "Feature", "geometry": {"type": "LineString", "coordinates": [[-118.23672283666876, 34.061754775235066], [-118.23672283666876, 34.061747333282085], [-118.23669588721025, 34.061747333282085], [-118.23669588721025, 34.061754775235066], [-118.23672283666876, 34.061754775235066]]}, "properties": {"confidence": "high"}}, {"type": "Feature", "geometry": {"type": "LineString", "coordinates": [[-118.24156475605018, 34.061762217187386], [-118.24156475605018, 34.06173989132846], [-118.24155577289734, 34.06173989132846], [-118.24155577289734, 34.061762217187386], [-118.24156475605018, 34.061762217187386]]}, "properties": {"confidence": "high"}}, {"type": "Feature", "geometry": {"type": "LineString", "coordinates": [[-118.23863624822394, 34.061762217187386], [-118.23863624822394, 34.06173989132846], [-118.2386272650711, 34.06173989132846], [-118.2386272650711, 34.061762217187386], [-118.23863624822394, 34.061762217187386]]}, "properties": {"confidence": "high"}}, {"type": "Feature", "geometry": {"type": "LineString", "coordinates": [[-118.24006456952569, 34.061754775235066], [-118.24006456952569, 34.06173989132846], [-118.24005558637285, 34.06173989132846], [-118.24005558637285, 34.061754775235066], [-118.24006456952569, 34.061754775235066]]}, "properties": {"confidence": "high"}}, {"type": "Feature", "geometry": {"type": "LineString", "coordinates": [[-118.23669588721025, 34.061747333282085], [-118.23669588721025, 34.06173989132846], [-118.23666893775172, 34.06173989132846], [-118.23666893775172, 34.061747333282085], [-118.23669588721025, 34.061747333282085]]}, "properties": {"confidence": "high"}}, {"type": "Feature", "geometry": {"type": "LineString", "coordinates": [[-118.23622876326252, 34.061791984990144], [-118.23622876326252, 34.06173244937417], [-118.23621978010966, 34.06173244937417], [-118.23621978010966, 34.061791984990144], [-118.23622876326252, 34.061791984990144]]}, "properties": {"confidence": "high"}}, {"type": "Feature", "geometry": {"type": "LineString", "coordinates": [[-118.24519394979802, 34.061754775235066], [-118.24519394979802, 34.06173244937417], [-118.24518496664518, 34.06173244937417], [-118.24518496664518, 34.061754775235066], [-118.24519394979802, 34.061754775235066]]}, "properties": {"confidence": "high"}}, {"type": "Feature", "geometry": {"type": "LineString", "coordinates": [[-118.23666893775172, 34.06173989132846], [-118.23666893775172, 34.06173244937417], [-118.23663300514035, 34.06173244937417], [-118.23663300514035, 34.06173989132846], [-118.23666893775172, 34.06173989132846]]}, "properties": {"confidence": "high"}}, {"type": "Feature", "geometry": {"type": "LineString", "coordinates": [[-118.24241815557008, 34.061791984990144], [-118.24241815557008, 34.061725007419234], [-118.24240917241724, 34.061725007419234], [-118.24240917241724, 34.061791984990144], [-118.24241815557008, 34.061791984990144]]}, "properties": {"confidence": "high"}}, {"type": "Feature", "geometry": {"type": "LineString", "coordinates": [[-118.2378187813154, 34.061747333282085], [-118.2378187813154, 34.061725007419234], [-118.23780979816254, 34.061725007419234], [-118.23780979816254, 34.061747333282085], [-118.2378187813154, 34.061747333282085]]}, "properties": {"confidence": "high"}}, {"type": "Feature", "geometry": {"type": "LineString", "coordinates": [[-118.2370102975597, 34.061747333282085], [-118.2370102975597, 34.061725007419234], [-118.23700131440687, 34.061725007419234], [-118.23700131440687, 34.061747333282085], [-118.2370102975597, 34.061747333282085]]}, "properties": {"confidence": "high"}}, {"type": "Feature", "geometry": {"type": "LineString", "coordinates": [[-118.24157373920303, 34.06173989132846], [-118.24157373920303, 34.061725007419234], [-118.24156475605018, 34.061725007419234], [-118.24156475605018, 34.06173989132846], [-118.24157373920303, 34.06173989132846]]}, "properties": {"confidence": "high"}}, {"type": "Feature", "geometry": {"type": "LineString", "coordinates": [[-118.2386452313768, 34.06173989132846], [-118.2386452313768, 34.061725007419234], [-118.23863624822394, 34.061725007419234], [-118.23863624822394, 34.06173989132846], [-118.2386452313768, 34.06173989132846]]}, "properties": {"confidence": "high"}}, {"type": "Feature", "geometry": {"type": "LineString", "coordinates": [[-118.23663300514035, 34.06173244937417], [-118.23663300514035, 34.061725007419234], [-118.23660605568183, 34.061725007419234], [-118.23660605568183, 34.06173244937417], [-118.23663300514035, 34.06173244937417]]}, "properties": {"confidence": "high"}}, {"type": "Feature", "geometry": {"type": "LineString", "coordinates": [[-118.24007355267854, 34.06173989132846], [-118.24007355267854, 34.061717565463645], [-118.24006456952569, 34.061717565463645], [-118.24006456952569, 34.06173989132846], [-118.24007355267854, 34.06173989132846]]}, "properties": {"confidence": "high"}}, {"type": "Feature", "geometry": {"type": "LineString", "coordinates": [[-118.23660605568183, 34.061725007419234], [-118.23660605568183, 34.061717565463645], [-118.2365791062233, 34.061717565463645], [-118.2365791062233, 34.061725007419234], [-118.23660605568183, 34.061725007419234]]}, "properties": {"confidence": "high"}}, {"type": "Feature", "geometry": {"type": "LineString", "coordinates": [[-118.24518496664518, 34.06173244937417], [-118.24518496664518, 34.0617101235074], [-118.24517598349235, 34.0617101235074], [-118.24517598349235, 34.06173244937417], [-118.24518496664518, 34.06173244937417]]}, "properties": {"confidence": "high"}}, {"type": "Feature", "geometry": {"type": "LineString", "coordinates": [[-118.23782776446824, 34.061725007419234], [-118.23782776446824, 34.0617101235074], [-118.2378187813154, 34.0617101235074], [-118.2378187813154, 34.061725007419234], [-118.23782776446824, 34.061725007419234]]}, "properties": {"confidence": "high"}}, {"type": "Feature", "geometry": {"type": "LineString", "coordinates": [[-118.23701928071254, 34.061725007419234], [-118.23701928071254, 34.0617101235074], [-118.2370102975597, 34.0617101235074], [-118.2370102975597, 34.061725007419234], [-118.23701928071254, 34.061725007419234]]}, "properties": {"confidence": "high"}}, {"type": "Feature", "geometry": {"type": "LineString", "coordinates": [[-118.2365791062233, 34.061717565463645], [-118.2365791062233, 34.0617101235074], [-118.23655215676479, 34.0617101235074], [-118.23655215676479, 34.061717565463645], [-118.2365791062233, 34.061717565463645]]}, "properties": {"confidence": "high"}}, {"type": "Feature", "geometry": {"type": "LineString", "coordinates": [[-118.24158272235587, 34.061725007419234], [-118.24158272235587, 34.0617026815505], [-118.24157373920303, 34.0617026815505], [-118.24157373920303, 34.061725007419234], [-118.24158272235587, 34.061725007419234]]}, "properties": {"confidence": "high"}}, {"type": "Feature", "geometry": {"type": "LineString", "coordinates": [[-118.23865421452963, 34.061725007419234], [-118.23865421452963, 34.0617026815505], [-118.2386452313768, 34.0617026815505], [-118.2386452313768, 34.061725007419234], [-118.23865421452963, 34.061725007419234]]}, "properties": {"confidence": "high"}}, {"type": "Feature", "geometry": {"type": "LineString", "coordinates": [[-118.24008253583138, 34.061717565463645], [-118.24008253583138, 34.0617026815505], [-118.24007355267854, 34.0617026815505], [-118.24007355267854, 34.061717565463645], [-118.24008253583138, 34.061717565463645]]}, "properties": {"confidence": "high"}}, {"type": "Feature", "geometry": {"type": "LineString", "coordinates": [[-118.23655215676479, 34.0617101235074], [-118.23655215676479, 34.0617026815505], [-118.23650724100058, 34.0617026815505], [-118.23650724100058, 34.0617101235074], [-118.23655215676479, 34.0617101235074]]}, "properties": {"confidence": "high"}}, {"type": "Feature", "geometry": {"type": "LineString", "coordinates": [[-118.24517598349235, 34.0617101235074], [-118.24517598349235, 34.06169523959295], [-118.2451670003395, 34.06169523959295], [-118.2451670003395, 34.0617101235074], [-118.24517598349235, 34.0617101235074]]}, "properties": {"confidence": "high"}}, {"type": "Feature", "geometry": {"type": "LineString", "coordinates": [[-118.23783674762107, 34.0617101235074], [-118.23783674762107, 34.06169523959295], [-118.23782776446824, 34.06169523959295], [-118.23782776446824, 34.0617101235074], [-118.23783674762107, 34.0617101235074]]}, "properties": {"confidence": "high"}}, {"type": "Feature", "geometry": {"type": "LineString", "coordinates": [[-118.23650724100058, 34.0617026815505], [-118.23650724100058, 34.06169523959295], [-118.23646232523637, 34.06169523959295], [-118.23646232523637, 34.0617026815505], [-118.23650724100058, 34.0617026815505]]}, "properties": {"confidence": "high"}}, {"type": "Feature", "geometry": {"type": "LineString", "coordinates": [[-118.24331647085421, 34.06184407861981], [-118.24331647085421, 34.06168779763475], [-118.24330748770137, 34.06168779763475], [-118.24330748770137, 34.06184407861981], [-118.24331647085421, 34.06184407861981]]}, "properties": {"confidence": "high"}}, {"type": "Feature", "geometry": {"type": "LineString", "coordinates": [[-118.23702826386538, 34.0617101235074], [-118.23702826386538, 34.06168779763475], [-118.23701928071254, 34.06168779763475], [-118.23701928071254, 34.0617101235074], [-118.23702826386538, 34.0617101235074]]}, "properties": {"confidence": "high"}}, {"type": "Feature", "geometry": {"type": "LineString", "coordinates": [[-118.23866319768247, 34.0617026815505], [-118.23866319768247, 34.06168779763475], [-118.23865421452963, 34.06168779763475], [-118.23865421452963, 34.0617026815505], [-118.23866319768247, 34.0617026815505]]}, "properties": {"confidence": "high"}}, {"type": "Feature", "geometry": {"type": "LineString", "coordinates": [[-118.23646232523637, 34.06169523959295], [-118.23646232523637, 34.06168779763475], [-118.23641740947217, 34.06168779763475], [-118.23641740947217, 34.06169523959295], [-118.23646232523637, 34.06169523959295]]}, "properties": {"confidence": "high"}}, {"type": "Feature", "geometry": {"type": "LineString", "coordinates": [[-118.24159170550871, 34.0617026815505], [-118.24159170550871, 34.06168035567589], [-118.24158272235587, 34.06168035567589], [-118.24158272235587, 34.0617026815505], [-118.24159170550871, 34.0617026815505]]}, "properties": {"confidence": "high"}}, {"type": "Feature", "geometry": {"type": "LineString", "coordinates": [[-118.24009151898422, 34.0617026815505], [-118.24009151898422, 34.06168035567589], [-118.24008253583138, 34.06168035567589], [-118.24008253583138, 34.0617026815505], [-118.24009151898422, 34.0617026815505]]}, "properties": {"confidence": "high"}}, {"type": "Feature", "geometry": {"type": "LineString", "coordinates": [[-118.2451670003395, 34.06169523959295], [-118.2451670003395, 34.06168035567589], [-118.24515801718667, 34.06168035567589], [-118.24515801718667, 34.06169523959295], [-118.2451670003395, 34.06169523959295]]}, "properties": {"confidence": "high"}}, {"type": "Feature", "geometry": {"type": "LineString", "coordinates": [[-118.23641740947217, 34.06168779763475], [-118.23641740947217, 34.06168035567589], [-118.23638147686081, 34.06168035567589], [-118.23638147686081, 34.06168779763475], [-118.23641740947217, 34.06168779763475]]}, "properties": {"confidence": "high"}}, {"type": "Feature", "geometry": {"type": "LineString", "coordinates": [[-118.23623774641536, 34.06173244937417], [-118.23623774641536, 34.06167291371638], [-118.23622876326252, 34.06167291371638], [-118.23622876326252, 34.06173244937417], [-118.23623774641536, 34.06173244937417]]}, "properties": {"confidence": "high"}}, {"type": "Feature", "geometry": {"type": "LineString", "coordinates": [[-118.23784573077391, 34.06169523959295], [-118.23784573077391, 34.06167291371638], [-118.23783674762107, 34.06167291371638], [-118.23783674762107, 34.06169523959295], [-118.23784573077391, 34.06169523959295]]}, "properties": {"confidence": "high"}}, {"type": "Feature", "geometry": {"type": "LineString", "coordinates": [[-118.23867218083531, 34.06168779763475], [-118.23867218083531, 34.06167291371638], [-118.23866319768247, 34.06167291371638], [-118.23866319768247, 34.06168779763475], [-118.23867218083531, 34.06168779763475]]}, "properties": {"confidence": "high"}}, {"type": "Feature", "geometry": {"type": "LineString", "coordinates": [[-118.23703724701822, 34.06168779763475], [-118.23703724701822, 34.06167291371638], [-118.23702826386538, 34.06167291371638], [-118.23702826386538, 34.06168779763475], [-118.23703724701822, 34.06168779763475]]}, "properties": {"confidence": "high"}}, {"type": "Feature", "geometry": {"type": "LineString", "coordinates": [[-118.24515801718667, 34.06168035567589], [-118.24515801718667, 34.06167291371638], [-118.24514903403382, 34.06167291371638], [-118.24514903403382, 34.06168035567589], [-118.24515801718667, 34.06168035567589]]}, "properties": {"confidence": "high"}}, {"type": "Feature", "geometry": {"type": "LineString", "coordinates": [[-118.23638147686081, 34.06168035567589], [-118.23638147686081, 34.06167291371638], [-118.23636351055512, 34.06167291371638], [-118.23636351055512, 34.06168035567589], [-118.23638147686081, 34.06168035567589]]}, "properties": {"confidence": "high"}}, {"type": "Feature", "geometry": {"type": "LineString", "coordinates": [[-118.24010050213705, 34.06168035567589], [-118.24010050213705, 34.06166547175622], [-118.24009151898422, 34.06166547175622], [-118.24009151898422, 34.06168035567589], [-118.24010050213705, 34.06168035567589]]}, "properties": {"confidence": "high"}}, {"type": "Feature", "geometry": {"type": "LineString", "coordinates": [[-118.24514903403382, 34.06167291371638], [-118.24514903403382, 34.06166547175622], [-118.24514005088098, 34.06166547175622], [-118.24514005088098, 34.06167291371638], [-118.24514903403382, 34.06167291371638]]}, "properties": {"confidence": "high"}}, {"type": "Feature", "geometry": {"type": "LineString", "coordinates": [[-118.23636351055512, 34.06167291371638], [-118.23636351055512, 34.06166547175622], [-118.23634554424945, 34.06166547175622], [-118.23634554424945, 34.06167291371638], [-118.23636351055512, 34.06167291371638]]}, "properties": {"confidence": "high"}}, {"type": "Feature", "geometry": {"type": "LineString", "coordinates": [[-118.24160068866155, 34.06168035567589], [-118.24160068866155, 34.061658029795396], [-118.24159170550871, 34.061658029795396], [-118.24159170550871, 34.06168035567589], [-118.24160068866155, 34.06168035567589]]}, "properties": {"confidence": "high"}}, {"type": "Feature", "geometry": {"type": "LineString", "coordinates": [[-118.23868116398815, 34.06167291371638], [-118.23868116398815, 34.061658029795396], [-118.23867218083531, 34.061658029795396], [-118.23867218083531, 34.06167291371638], [-118.23868116398815, 34.06167291371638]]}, "properties": {"confidence": "high"}}, {"type": "Feature", "geometry": {"type": "LineString", "coordinates": [[-118.23785471392675, 34.06167291371638], [-118.23785471392675, 34.061658029795396], [-118.23784573077391, 34.061658029795396], [-118.23784573077391, 34.06167291371638], [-118.23785471392675, 34.06167291371638]]}, "properties": {"confidence": "high"}}, {"type": "Feature", "geometry": {"type": "LineString", "coordinates": [[-118.24514005088098, 34.06166547175622], [-118.24514005088098, 34.061658029795396], [-118.24513106772814, 34.061658029795396], [-118.24513106772814, 34.06166547175622], [-118.24514005088098, 34.06166547175622]]}, "properties": {"confidence": "high"}}, {"type": "Feature", "geometry": {"type": "LineString", "coordinates": [[-118.23634554424945, 34.06166547175622], [-118.23634554424945, 34.061658029795396], [-118.2363365610966, 34.061658029795396], [-118.2363365610966, 34.06166547175622], [-118.23634554424945, 34.06166547175622]]}, "properties": {"confidence": "high"}}, {"type": "Feature", "geometry": {"type": "LineString", "coordinates": [[-118.23704623017106, 34.06167291371638], [-118.23704623017106, 34.061650587833924], [-118.23703724701822, 34.061650587833924], [-118.23703724701822, 34.06167291371638], [-118.23704623017106, 34.06167291371638]]}, "properties": {"confidence": "high"}}, {"type": "Feature", "geometry": {"type": "LineString", "coordinates": [[-118.24513106772814, 34.061658029795396], [-118.24513106772814, 34.061650587833924], [-118.2451220845753, 34.061650587833924], [-118.2451220845753, 34.061658029795396], [-118.24513106772814, 34.061658029795396]]}, "properties": {"confidence": "high"}}, {"type": "Feature", "geometry": {"type": "LineString", "coordinates": [[-118.2363365610966, 34.061658029795396], [-118.2363365610966, 34.061650587833924], [-118.23632757794375, 34.061650587833924], [-118.23632757794375, 34.061658029795396], [-118.2363365610966, 34.061658029795396]]}, "properties": {"confidence": "high"}}, {"type": "Feature", "geometry": {"type": "LineString", "coordinates": [[-118.24436749973663, 34.06191849803522], [-118.24436749973663, 34.0616431458718], [-118.24435851658379, 34.0616431458718], [-118.24435851658379, 34.06191849803522], [-118.24436749973663, 34.06191849803522]]}, "properties": {"confidence": "high"}}, {"type": "Feature", "geometry": {"type": "LineString", "coordinates": [[-118.2362467295682, 34.06167291371638], [-118.2362467295682, 34.0616431458718], [-118.23623774641536, 34.0616431458718], [-118.23623774641536, 34.06167291371638], [-118.2362467295682, 34.06167291371638]]}, "properties": {"confidence": "high"}}, {"type": "Feature", "geometry": {"type": "LineString", "coordinates": [[-118.24010948528989, 34.06166547175622], [-118.24010948528989, 34.0616431458718], [-118.24010050213705, 34.0616431458718], [-118.24010050213705, 34.06166547175622], [-118.24010948528989, 34.06166547175622]]}, "properties": {"confidence": "high"}}, {"type": "Feature", "geometry": {"type": "LineString", "coordinates": [[-118.2451220845753, 34.061650587833924], [-118.2451220845753, 34.0616431458718], [-118.24511310142246, 34.0616431458718], [-118.24511310142246, 34.061650587833924], [-118.2451220845753, 34.061650587833924]]}, "properties": {"confidence": "high"}}, {"type": "Feature", "geometry": {"type": "LineString", "coordinates": [[-118.23632757794375, 34.061650587833924], [-118.23632757794375, 34.0616431458718], [-118.23631859479092, 34.0616431458718], [-118.23631859479092, 34.061650587833924], [-118.23632757794375, 34.061650587833924]]}, "properties": {"confidence": "high"}}, {"type": "Feature", "geometry": {"type": "LineString", "coordinates": [[-118.24160967181439, 34.061658029795396], [-118.24160967181439, 34.06163570390902], [-118.24160068866155, 34.06163570390902], [-118.24160068866155, 34.061658029795396], [-118.24160967181439, 34.061658029795396]]}, "properties": {"confidence": "high"}}, {"type": "Feature", "geometry": {"type": "LineString", "coordinates": [[-118.238690147141, 34.061658029795396], [-118.238690147141, 34.06163570390902], [-118.23868116398815, 34.06163570390902], [-118.23868116398815, 34.061658029795396], [-118.238690147141, 34.061658029795396]]}, "properties": {"confidence": "high"}}, {"type": "Feature", "geometry": {"type": "LineString", "coordinates": [[-118.23786369707959, 34.061658029795396], [-118.23786369707959, 34.06163570390902], [-118.23785471392675, 34.06163570390902], [-118.23785471392675, 34.061658029795396], [-118.23786369707959, 34.061658029795396]]}, "properties": {"confidence": "high"}}, {"type": "Feature", "geometry": {"type": "LineString", "coordinates": [[-118.23631859479092, 34.0616431458718], [-118.23631859479092, 34.06163570390902], [-118.23630961163808, 34.06163570390902], [-118.23630961163808, 34.0616431458718], [-118.23631859479092, 34.0616431458718]]}, "properties": {"confidence": "high"}}, {"type": "Feature", "geometry": {"type": "LineString", "coordinates": [[-118.23625571272103, 34.0616431458718], [-118.23625571272103, 34.06163570390902], [-118.2362467295682, 34.06163570390902], [-118.2362467295682, 34.0616431458718], [-118.23625571272103, 34.0616431458718]]}, "properties": {"confidence": "high"}}, {"type": "Feature", "geometry": {"type": "LineString", "coordinates": [[-118.23705521332391, 34.061650587833924], [-118.23705521332391, 34.061628261945586], [-118.23704623017106, 34.061628261945586], [-118.23704623017106, 34.061650587833924], [-118.23705521332391, 34.061650587833924]]}, "properties": {"confidence": "high"}}, {"type": "Feature", "geometry": {"type": "LineString", "coordinates": [[-118.24511310142246, 34.0616431458718], [-118.24511310142246, 34.061628261945586], [-118.24510411826961, 34.061628261945586], [-118.24510411826961, 34.0616431458718], [-118.24511310142246, 34.0616431458718]]}, "properties": {"confidence": "high"}}, {"type": "Feature", "geometry": {"type": "LineString", "coordinates": [[-118.24011846844273, 34.0616431458718], [-118.24011846844273, 34.061628261945586], [-118.24010948528989, 34.061628261945586], [-118.24010948528989, 34.0616431458718], [-118.24011846844273, 34.0616431458718]]}, "properties": {"confidence": "high"}}, {"type": "Feature", "geometry": {"type": "LineString", "coordinates": [[-118.23630961163808, 34.06163570390902], [-118.23630961163808, 34.061628261945586], [-118.23630062848524, 34.061628261945586], [-118.23630062848524, 34.06163570390902], [-118.23630961163808, 34.06163570390902]]}, "properties": {"confidence": "high"}}, {"type": "Feature", "geometry": {"type": "LineString", "coordinates": [[-118.23626469587387, 34.06163570390902], [-118.23626469587387, 34.061628261945586], [-118.23625571272103, 34.061628261945586], [-118.23625571272103, 34.06163570390902], [-118.23626469587387, 34.06163570390902]]}, "properties": {"confidence": "high"}}, {"type": "Feature", "geometry": {"type": "LineString", "coordinates": [[-118.23787268023244, 34.06163570390902], [-118.23787268023244, 34.0616208199815], [-118.23786369707959, 34.0616208199815], [-118.23786369707959, 34.06163570390902], [-118.23787268023244, 34.06163570390902]]}, "properties": {"confidence": "high"}}, {"type": "Feature", "geometry": {"type": "LineString", "coordinates": [[-118.23869913029384, 34.06163570390902], [-118.23869913029384, 34.06161337801675], [-118.238690147141, 34.06161337801675], [-118.238690147141, 34.06163570390902], [-118.23869913029384, 34.06163570390902]]}, "properties": {"confidence": "high"}}, {"type": "Feature", "geometry": {"type": "LineString", "coordinates": [[-118.24510411826961, 34.061628261945586], [-118.24510411826961, 34.06161337801675], [-118.24509513511677, 34.06161337801675], [-118.24509513511677, 34.061628261945586], [-118.24510411826961, 34.061628261945586]]}, "properties": {"confidence": "high"}}, {"type": "Feature", "geometry": {"type": "LineString", "coordinates": [[-118.23630062848524, 34.061628261945586], [-118.23630062848524, 34.06161337801675], [-118.23626469587387, 34.06161337801675], [-118.23626469587387, 34.061628261945586], [-118.23627367902671, 34.061628261945586], [-118.23627367902671, 34.0616208199815], [-118.2362916453324, 34.0616208199815], [-118.2362916453324, 34.061628261945586], [-118.23630062848524, 34.061628261945586]]}, "properties": {"confidence": "high"}}, {"type": "Feature", "geometry": {"type": "LineString", "coordinates": [[-118.24330748770137, 34.06168779763475], [-118.24330748770137, 34.061605936051365], [-118.24329850454852, 34.061605936051365], [-118.24329850454852, 34.06168779763475], [-118.24330748770137, 34.06168779763475]]}, "properties": {"confidence": "high"}}, {"type": "Feature", "geometry": {"type": "LineString", "coordinates": [[-118.24437648288946, 34.0616431458718], [-118.24437648288946, 34.061605936051365], [-118.24436749973663, 34.061605936051365], [-118.24436749973663, 34.0616431458718], [-118.24437648288946, 34.0616431458718]]}, "properties": {"confidence": "high"}}, {"type": "Feature", "geometry": {"type": "LineString", "coordinates": [[-118.24161865496724, 34.06163570390902], [-118.24161865496724, 34.061605936051365], [-118.24160967181439, 34.061605936051365], [-118.24160967181439, 34.06163570390902], [-118.24161865496724, 34.06163570390902]]}, "properties": {"confidence": "high"}}, {"type": "Feature", "geometry": {"type": "LineString", "coordinates": [[-118.24012745159558, 34.061628261945586], [-118.24012745159558, 34.061605936051365], [-118.24011846844273, 34.061605936051365], [-118.24011846844273, 34.061628261945586], [-118.24012745159558, 34.061628261945586]]}, "properties": {"confidence": "high"}}, {"type": "Feature", "geometry": {"type": "LineString", "coordinates": [[-118.23706419647675, 34.061628261945586], [-118.23706419647675, 34.061605936051365], [-118.23705521332391, 34.061605936051365], [-118.23705521332391, 34.061628261945586], [-118.23706419647675, 34.061628261945586]]}, "properties": {"confidence": "high"}}, {"type": "Feature", "geometry": {"type": "LineString", "coordinates": [[-118.23788166338528, 34.0616208199815], [-118.23788166338528, 34.061605936051365], [-118.23787268023244, 34.061605936051365], [-118.23787268023244, 34.0616208199815], [-118.23788166338528, 34.0616208199815]]}, "properties": {"confidence": "high"}}, {"type": "Feature", "geometry": {"type": "LineString", "coordinates": [[-118.24509513511677, 34.06161337801675], [-118.24509513511677, 34.061605936051365], [-118.24508615196393, 34.061605936051365], [-118.24508615196393, 34.06161337801675], [-118.24509513511677, 34.06161337801675]]}, "properties": {"confidence": "high"}}, {"type": "Feature", "geometry": {"type": "LineString", "coordinates": [[-118.23626469587387, 34.06161337801675], [-118.23626469587387, 34.061605936051365], [-118.2362467295682, 34.061605936051365], [-118.2362467295682, 34.06161337801675], [-118.23626469587387, 34.06161337801675]]}, "properties": {"confidence": "high"}}, {"type": "Feature", "geometry": {"type": "LineString", "coordinates": [[-118.23630961163808, 34.06161337801675], [-118.23630961163808, 34.06159849408531], [-118.23630062848524, 34.06159849408531], [-118.23630062848524, 34.06161337801675], [-118.23630961163808, 34.06161337801675]]}, "properties": {"confidence": "high"}}, {"type": "Feature", "geometry": {"type": "LineString", "coordinates": [[-118.24508615196393, 34.061605936051365], [-118.24508615196393, 34.06159849408531], [-118.2450771688111, 34.06159849408531], [-118.2450771688111, 34.061605936051365], [-118.24508615196393, 34.061605936051365]]}, "properties": {"confidence": "high"}}, {"type": "Feature", "geometry": {"type": "LineString", "coordinates": [[-118.2362467295682, 34.061605936051365], [-118.2362467295682, 34.06159849408531], [-118.23622876326252, 34.06159849408531], [-118.23622876326252, 34.061605936051365], [-118.2362467295682, 34.061605936051365]]}, "properties": {"confidence": "high"}}, {"type": "Feature", "geometry": {"type": "LineString", "coordinates": [[-118.23870811344668, 34.06161337801675], [-118.23870811344668, 34.06159105211861], [-118.23869913029384, 34.06159105211861], [-118.23869913029384, 34.06161337801675], [-118.23870811344668, 34.06161337801675]]}, "properties": {"confidence": "high"}}, {"type": "Feature", "geometry": {"type": "LineString", "coordinates": [[-118.24013643474842, 34.061605936051365], [-118.24013643474842, 34.06159105211861], [-118.24012745159558, 34.06159105211861], [-118.24012745159558, 34.061605936051365], [-118.24013643474842, 34.061605936051365]]}, "properties": {"confidence": "high"}}, {"type": "Feature", "geometry": {"type": "LineString", "coordinates": [[-118.23707317962959, 34.061605936051365], [-118.23707317962959, 34.06159105211861], [-118.23706419647675, 34.06159105211861], [-118.23706419647675, 34.061605936051365], [-118.23707317962959, 34.061605936051365]]}, "properties": {"confidence": "high"}}, {"type": "Feature", "geometry": {"type": "LineString", "coordinates": [[-118.23622876326252, 34.06159849408531], [-118.23622876326252, 34.06159105211861], [-118.23620181380399, 34.06159105211861], [-118.23620181380399, 34.06159849408531], [-118.23622876326252, 34.06159849408531]]}, "properties": {"confidence": "high"}}, {"type": "Feature", "geometry": {"type": "LineString", "coordinates": [[-118.24162763812008, 34.061605936051365], [-118.24162763812008, 34.06158361015126], [-118.24161865496724, 34.06158361015126], [-118.24161865496724, 34.061605936051365], [-118.24162763812008, 34.061605936051365]]}, "properties": {"confidence": "high"}}, {"type": "Feature", "geometry": {"type": "LineString", "coordinates": [[-118.23789064653812, 34.061605936051365], [-118.23789064653812, 34.06158361015126], [-118.23788166338528, 34.06158361015126], [-118.23788166338528, 34.061605936051365], [-118.23789064653812, 34.061605936051365]]}, "properties": {"confidence": "high"}}, {"type": "Feature", "geometry": {"type": "LineString", "coordinates": [[-118.2450771688111, 34.06159849408531], [-118.2450771688111, 34.06158361015126], [-118.24506818565825, 34.06158361015126], [-118.24506818565825, 34.06159849408531], [-118.2450771688111, 34.06159849408531]]}, "properties": {"confidence": "high"}}, {"type": "Feature", "geometry": {"type": "LineString", "coordinates": [[-118.23631859479092, 34.06159849408531], [-118.23631859479092, 34.06158361015126], [-118.23630961163808, 34.06158361015126], [-118.23630961163808, 34.06159849408531], [-118.23631859479092, 34.06159849408531]]}, "properties": {"confidence": "high"}}, {"type": "Feature", "geometry": {"type": "LineString", "coordinates": [[-118.23620181380399, 34.06159105211861], [-118.23620181380399, 34.06158361015126], [-118.23616588119262, 34.06158361015126], [-118.23616588119262, 34.06159105211861], [-118.23620181380399, 34.06159105211861]]}, "properties": {"confidence": "high"}}, {"type": "Feature", "geometry": {"type": "LineString", "coordinates": [[-118.23871709659952, 34.06159105211861], [-118.23871709659952, 34.06157616818326], [-118.23870811344668, 34.06157616818326], [-118.23870811344668, 34.06159105211861], [-118.23871709659952, 34.06159105211861]]}, "properties": {"confidence": "high"}}, {"type": "Feature", "geometry": {"type": "LineString", "coordinates": [[-118.24506818565825, 34.06158361015126], [-118.24506818565825, 34.06157616818326], [-118.24505920250542, 34.06157616818326], [-118.24505920250542, 34.06158361015126], [-118.24506818565825, 34.06158361015126]]}, "properties": {"confidence": "high"}}, {"type": "Feature", "geometry": {"type": "LineString", "coordinates": [[-118.23616588119262, 34.06158361015126], [-118.23616588119262, 34.06157616818326], [-118.23615689803978, 34.06157616818326], [-118.23615689803978, 34.06158361015126], [-118.23616588119262, 34.06158361015126]]}, "properties": {"confidence": "high"}}, {"type": "Feature", "geometry": {"type": "LineString", "coordinates": [[-118.24438546604232, 34.061605936051365], [-118.24438546604232, 34.061568726214595], [-118.24437648288946, 34.061568726214595], [-118.24437648288946, 34.061605936051365], [-118.24438546604232, 34.061605936051365]]}, "properties": {"confidence": "high"}}, {"type": "Feature", "geometry": {"type": "LineString", "coordinates": [[-118.24014541790126, 34.06159105211861], [-118.24014541790126, 34.061568726214595], [-118.24013643474842, 34.061568726214595], [-118.24013643474842, 34.06159105211861], [-118.24014541790126, 34.06159105211861]]}, "properties": {"confidence": "high"}}, {"type": "Feature", "geometry": {"type": "LineString", "coordinates": [[-118.23708216278243, 34.06159105211861], [-118.23708216278243, 34.061568726214595], [-118.23707317962959, 34.061568726214595], [-118.23707317962959, 34.06159105211861], [-118.23708216278243, 34.06159105211861]]}, "properties": {"confidence": "high"}}, {"type": "Feature", "geometry": {"type": "LineString", "coordinates": [[-118.23789962969096, 34.06158361015126], [-118.23789962969096, 34.061568726214595], [-118.23789064653812, 34.061568726214595], [-118.23789064653812, 34.06158361015126], [-118.23789962969096, 34.06158361015126]]}, "properties": {"confidence": "high"}}, {"type": "Feature", "geometry": {"type": "LineString", "coordinates": [[-118.23632757794375, 34.06158361015126], [-118.23632757794375, 34.061568726214595], [-118.23631859479092, 34.061568726214595], [-118.23631859479092, 34.06158361015126], [-118.23632757794375, 34.06158361015126]]}, "properties": {"confidence": "high"}}, {"type": "Feature", "geometry": {"type": "LineString", "coordinates": [[-118.24505920250542, 34.06157616818326], [-118.24505920250542, 34.061568726214595], [-118.24505021935256, 34.061568726214595], [-118.24505021935256, 34.06157616818326], [-118.24505920250542, 34.06157616818326]]}, "properties": {"confidence": "high"}}, {"type": "Feature", "geometry": {"type": "LineString", "coordinates": [[-118.23615689803978, 34.06157616818326], [-118.23615689803978, 34.061568726214595], [-118.23614791488694, 34.061568726214595], [-118.23614791488694, 34.06157616818326], [-118.23615689803978, 34.06157616818326]]}, "properties": {"confidence": "high"}}, {"type": "Feature", "geometry": {"type": "LineString", "coordinates": [[-118.23872607975235, 34.06157616818326], [-118.23872607975235, 34.06156128424528], [-118.23871709659952, 34.06156128424528], [-118.23871709659952, 34.06157616818326], [-118.23872607975235, 34.06157616818326]]}, "properties": {"confidence": "high"}}, {"type": "Feature", "geometry": {"type": "LineString", "coordinates": [[-118.23614791488694, 34.061568726214595], [-118.23614791488694, 34.06156128424528], [-118.2361389317341, 34.06156128424528], [-118.2361389317341, 34.061568726214595], [-118.23614791488694, 34.061568726214595]]}, "properties": {"confidence": "high"}}, {"type": "Feature", "geometry": {"type": "LineString", "coordinates": [[-118.24240917241724, 34.061725007419234], [-118.24240917241724, 34.061553842275316], [-118.2424001892644, 34.061553842275316], [-118.2424001892644, 34.061725007419234], [-118.24240917241724, 34.061725007419234]]}, "properties": {"confidence": "high"}}, {"type": "Feature", "geometry": {"type": "LineString", "coordinates": [[-118.24163662127292, 34.06158361015126], [-118.24163662127292, 34.061553842275316], [-118.24162763812008, 34.061553842275316], [-118.24162763812008, 34.06158361015126], [-118.24163662127292, 34.06158361015126]]}, "properties": {"confidence": "high"}}, {"type": "Feature", "geometry": {"type": "LineString", "coordinates": [[-118.2379086128438, 34.061568726214595], [-118.2379086128438, 34.061553842275316], [-118.23789962969096, 34.061553842275316], [-118.23789962969096, 34.061568726214595], [-118.2379086128438, 34.061568726214595]]}, "properties": {"confidence": "high"}}, {"type": "Feature", "geometry": {"type": "LineString", "coordinates": [[-118.2361389317341, 34.06156128424528], [-118.2361389317341, 34.061553842275316], [-118.23612994858127, 34.061553842275316], [-118.23612994858127, 34.06156128424528], [-118.2361389317341, 34.06156128424528]]}, "properties": {"confidence": "high"}}, {"type": "Feature", "geometry": {"type": "LineString", "coordinates": [[-118.24505021935256, 34.061568726214595], [-118.24505021935256, 34.06156128424528], [-118.24504123619973, 34.06156128424528], [-118.24504123619973, 34.061546400304685], [-118.24503225304689, 34.061546400304685], [-118.24503225304689, 34.06156128424528], [-118.24502326989405, 34.06156128424528], [-118.24502326989405, 34.061568726214595], [-118.24505021935256, 34.061568726214595]]}, "properties": {"confidence": "high"}}, {"type": "Feature", "geometry": {"type": "LineString", "coordinates": [[-118.2401544010541, 34.061568726214595], [-118.2401544010541, 34.061546400304685], [-118.24014541790126, 34.061546400304685], [-118.24014541790126, 34.061568726214595], [-118.2401544010541, 34.061568726214595]]}, "properties": {"confidence": "high"}}, {"type": "Feature", "geometry": {"type": "LineString", "coordinates": [[-118.23709114593527, 34.061568726214595], [-118.23709114593527, 34.061546400304685], [-118.23708216278243, 34.061546400304685], [-118.23708216278243, 34.061568726214595], [-118.23709114593527, 34.061568726214595]]}, "properties": {"confidence": "high"}}, {"type": "Feature", "geometry": {"type": "LineString", "coordinates": [[-118.23873506290519, 34.06156128424528], [-118.23873506290519, 34.061546400304685], [-118.23872607975235, 34.061546400304685], [-118.23872607975235, 34.06156128424528], [-118.23873506290519, 34.06156128424528]]}, "properties": {"confidence": "high"}}, {"type": "Feature", "geometry": {"type": "LineString", "coordinates": [[-118.23612994858127, 34.061553842275316], [-118.23612994858127, 34.061546400304685], [-118.23612096542841, 34.061546400304685], [-118.23612096542841, 34.061553842275316], [-118.23612994858127, 34.061553842275316]]}, "properties": {"confidence": "high"}}, {"type": "Feature", "geometry": {"type": "LineString", "coordinates": [[-118.24439444919516, 34.061568726214595], [-118.24439444919516, 34.061538958333415], [-118.24438546604232, 34.061538958333415], [-118.24438546604232, 34.061568726214595], [-118.24439444919516, 34.061568726214595]]}, "properties": {"confidence": "high"}}, {"type": "Feature", "geometry": {"type": "LineString", "coordinates": [[-118.2363365610966, 34.061568726214595], [-118.2363365610966, 34.061538958333415], [-118.23632757794375, 34.061538958333415], [-118.23632757794375, 34.061568726214595], [-118.2363365610966, 34.061568726214595]]}, "properties": {"confidence": "high"}}, {"type": "Feature", "geometry": {"type": "LineString", "coordinates": [[-118.23791759599665, 34.061553842275316], [-118.23791759599665, 34.061538958333415], [-118.2379086128438, 34.061538958333415], [-118.2379086128438, 34.061553842275316], [-118.23791759599665, 34.061553842275316]]}, "properties": {"confidence": "high"}}, {"type": "Feature", "geometry": {"type": "LineString", "coordinates": [[-118.23612096542841, 34.061546400304685], [-118.23612096542841, 34.061538958333415], [-118.23611198227557, 34.061538958333415], [-118.23611198227557, 34.061546400304685], [-118.23612096542841, 34.061546400304685]]}, "properties": {"confidence": "high"}}, {"type": "Feature", "geometry": {"type": "LineString", "coordinates": [[-118.24164560442576, 34.061553842275316], [-118.24164560442576, 34.06153151636149], [-118.24163662127292, 34.06153151636149], [-118.24163662127292, 34.061553842275316], [-118.24164560442576, 34.061553842275316]]}, "properties": {"confidence": "high"}}, {"type": "Feature", "geometry": {"type": "LineString", "coordinates": [[-118.2371001290881, 34.061546400304685], [-118.2371001290881, 34.06153151636149], [-118.23709114593527, 34.06153151636149], [-118.23709114593527, 34.061546400304685], [-118.2371001290881, 34.061546400304685]]}, "properties": {"confidence": "high"}}, {"type": "Feature", "geometry": {"type": "LineString", "coordinates": [[-118.23611198227557, 34.061538958333415], [-118.23611198227557, 34.06153151636149], [-118.23610299912274, 34.06153151636149], [-118.23610299912274, 34.061538958333415], [-118.23611198227557, 34.061538958333415]]}, "properties": {"confidence": "high"}}, {"type": "Feature", "geometry": {"type": "LineString", "coordinates": [[-118.24503225304689, 34.061546400304685], [-118.24503225304689, 34.061524074388906], [-118.24502326989405, 34.061524074388906], [-118.24502326989405, 34.061546400304685], [-118.24503225304689, 34.061546400304685]]}, "properties": {"confidence": "high"}}, {"type": "Feature", "geometry": {"type": "LineString", "coordinates": [[-118.24016338420694, 34.061546400304685], [-118.24016338420694, 34.061524074388906], [-118.2401544010541, 34.061524074388906], [-118.2401544010541, 34.061546400304685], [-118.24016338420694, 34.061546400304685]]}, "properties": {"confidence": "high"}}, {"type": "Feature", "geometry": {"type": "LineString", "coordinates": [[-118.23874404605805, 34.061546400304685], [-118.23874404605805, 34.061524074388906], [-118.23873506290519, 34.061524074388906], [-118.23873506290519, 34.061546400304685], [-118.23874404605805, 34.061546400304685]]}, "properties": {"confidence": "high"}}, {"type": "Feature", "geometry": {"type": "LineString", "coordinates": [[-118.23610299912274, 34.06153151636149], [-118.23610299912274, 34.061524074388906], [-118.2360940159699, 34.061524074388906], [-118.2360940159699, 34.06153151636149], [-118.23610299912274, 34.06153151636149]]}, "properties": {"confidence": "high"}}, {"type": "Feature", "geometry": {"type": "LineString", "coordinates": [[-118.244403432348, 34.061538958333415], [-118.244403432348, 34.061516632415675], [-118.24439444919516, 34.061516632415675], [-118.24439444919516, 34.061538958333415], [-118.244403432348, 34.061538958333415]]}, "properties": {"confidence": "high"}}, {"type": "Feature", "geometry": {"type": "LineString", "coordinates": [[-118.23792657914949, 34.061538958333415], [-118.23792657914949, 34.061516632415675], [-118.23791759599665, 34.061516632415675], [-118.23791759599665, 34.061538958333415], [-118.23792657914949, 34.061538958333415]]}, "properties": {"confidence": "high"}}, {"type": "Feature", "geometry": {"type": "LineString", "coordinates": [[-118.23710911224096, 34.06153151636149], [-118.23710911224096, 34.061516632415675], [-118.2371001290881, 34.061516632415675], [-118.2371001290881, 34.06153151636149], [-118.23710911224096, 34.06153151636149]]}, "properties": {"confidence": "high"}}, {"type": "Feature", "geometry": {"type": "LineString", "coordinates": [[-118.2360940159699, 34.061524074388906], [-118.2360940159699, 34.061516632415675], [-118.23608503281706, 34.061516632415675], [-118.23608503281706, 34.061524074388906], [-118.2360940159699, 34.061524074388906]]}, "properties": {"confidence": "high"}}, {"type": "Feature", "geometry": {"type": "LineString", "coordinates": [[-118.2416545875786, 34.06153151636149], [-118.2416545875786, 34.06150919044178], [-118.24164560442576, 34.06150919044178], [-118.24164560442576, 34.06153151636149], [-118.2416545875786, 34.06153151636149]]}, "properties": {"confidence": "high"}}, {"type": "Feature", "geometry": {"type": "LineString", "coordinates": [[-118.24502326989405, 34.061524074388906], [-118.24502326989405, 34.06150919044178], [-118.24501428674121, 34.06150919044178], [-118.24501428674121, 34.061524074388906], [-118.24502326989405, 34.061524074388906]]}, "properties": {"confidence": "high"}}, {"type": "Feature", "geometry": {"type": "LineString", "coordinates": [[-118.23875302921088, 34.061524074388906], [-118.23875302921088, 34.06150919044178], [-118.23874404605805, 34.06150919044178], [-118.23874404605805, 34.061524074388906], [-118.23875302921088, 34.061524074388906]]}, "properties": {"confidence": "high"}}, {"type": "Feature", "geometry": {"type": "LineString", "coordinates": [[-118.23608503281706, 34.061516632415675], [-118.23608503281706, 34.06150919044178], [-118.23607604966422, 34.06150919044178], [-118.23607604966422, 34.061516632415675], [-118.23608503281706, 34.061516632415675]]}, "properties": {"confidence": "high"}}, {"type": "Feature", "geometry": {"type": "LineString", "coordinates": [[-118.24017236735978, 34.061524074388906], [-118.24017236735978, 34.06150174846724], [-118.24016338420694, 34.06150174846724], [-118.24016338420694, 34.061524074388906], [-118.24017236735978, 34.061524074388906]]}, "properties": {"confidence": "high"}}, {"type": "Feature", "geometry": {"type": "LineString", "coordinates": [[-118.23793556230233, 34.061516632415675], [-118.23793556230233, 34.06150174846724], [-118.23792657914949, 34.06150174846724], [-118.23792657914949, 34.061516632415675], [-118.23793556230233, 34.061516632415675]]}, "properties": {"confidence": "high"}}, {"type": "Feature", "geometry": {"type": "LineString", "coordinates": [[-118.2371180953938, 34.061516632415675], [-118.2371180953938, 34.06150174846724], [-118.23710911224096, 34.06150174846724], [-118.23710911224096, 34.061516632415675], [-118.2371180953938, 34.061516632415675]]}, "properties": {"confidence": "high"}}, {"type": "Feature", "geometry": {"type": "LineString", "coordinates": [[-118.24501428674121, 34.06150919044178], [-118.24501428674121, 34.06150174846724], [-118.24500530358837, 34.06150174846724], [-118.24500530358837, 34.06150919044178], [-118.24501428674121, 34.06150919044178]]}, "properties": {"confidence": "high"}}, {"type": "Feature", "geometry": {"type": "LineString", "coordinates": [[-118.23634554424945, 34.061538958333415], [-118.23634554424945, 34.061494306492044], [-118.2363365610966, 34.061494306492044], [-118.2363365610966, 34.061538958333415], [-118.23634554424945, 34.061538958333415]]}, "properties": {"confidence": "high"}}, {"type": "Feature", "geometry": {"type": "LineString", "coordinates": [[-118.24441241550083, 34.061516632415675], [-118.24441241550083, 34.061494306492044], [-118.244403432348, 34.061494306492044], [-118.244403432348, 34.061516632415675], [-118.24441241550083, 34.061516632415675]]}, "properties": {"confidence": "high"}}, {"type": "Feature", "geometry": {"type": "LineString", "coordinates": [[-118.23607604966422, 34.06150919044178], [-118.23607604966422, 34.061494306492044], [-118.23606706651137, 34.061494306492044], [-118.23606706651137, 34.06150919044178], [-118.23607604966422, 34.06150919044178]]}, "properties": {"confidence": "high"}}, {"type": "Feature", "geometry": {"type": "LineString", "coordinates": [[-118.24500530358837, 34.06150174846724], [-118.24500530358837, 34.061494306492044], [-118.24499632043552, 34.061494306492044], [-118.24499632043552, 34.06150174846724], [-118.24500530358837, 34.06150174846724]]}, "properties": {"confidence": "high"}}, {"type": "Feature", "geometry": {"type": "LineString", "coordinates": [[-118.23876201236372, 34.06150919044178], [-118.23876201236372, 34.0614868645162], [-118.23875302921088, 34.0614868645162], [-118.23875302921088, 34.06150919044178], [-118.23876201236372, 34.06150919044178]]}, "properties": {"confidence": "high"}}, {"type": "Feature", "geometry": {"type": "LineString", "coordinates": [[-118.24499632043552, 34.061494306492044], [-118.24499632043552, 34.0614868645162], [-118.24498733728268, 34.0614868645162], [-118.24498733728268, 34.061494306492044], [-118.24499632043552, 34.061494306492044]]}, "properties": {"confidence": "high"}}, {"type": "Feature", "geometry": {"type": "LineString", "coordinates": [[-118.23606706651137, 34.061494306492044], [-118.23606706651137, 34.0614868645162], [-118.23605808335853, 34.0614868645162], [-118.23605808335853, 34.061494306492044], [-118.23606706651137, 34.061494306492044]]}, "properties": {"confidence": "high"}}, {"type": "Feature", "geometry": {"type": "LineString", "coordinates": [[-118.24166357073143, 34.06150919044178], [-118.24166357073143, 34.06147942253969], [-118.2416545875786, 34.06147942253969], [-118.2416545875786, 34.06150919044178], [-118.24166357073143, 34.06150919044178]]}, "properties": {"confidence": "high"}}, {"type": "Feature", "geometry": {"type": "LineString", "coordinates": [[-118.24018135051263, 34.06150174846724], [-118.24018135051263, 34.06147942253969], [-118.24017236735978, 34.06147942253969], [-118.24017236735978, 34.06150174846724], [-118.24018135051263, 34.06150174846724]]}, "properties": {"confidence": "high"}}, {"type": "Feature", "geometry": {"type": "LineString", "coordinates": [[-118.23794454545516, 34.06150174846724], [-118.23794454545516, 34.06147942253969], [-118.23793556230233, 34.06147942253969], [-118.23793556230233, 34.06150174846724], [-118.23794454545516, 34.06150174846724]]}, "properties": {"confidence": "high"}}, {"type": "Feature", "geometry": {"type": "LineString", "coordinates": [[-118.23712707854664, 34.06150174846724], [-118.23712707854664, 34.06147942253969], [-118.2371180953938, 34.06147942253969], [-118.2371180953938, 34.06150174846724], [-118.23712707854664, 34.06150174846724]]}, "properties": {"confidence": "high"}}, {"type": "Feature", "geometry": {"type": "LineString", "coordinates": [[-118.24442139865367, 34.061494306492044], [-118.24442139865367, 34.06147942253969], [-118.24441241550083, 34.06147942253969], [-118.24441241550083, 34.061494306492044], [-118.24442139865367, 34.061494306492044]]}, "properties": {"confidence": "high"}}, {"type": "Feature", "geometry": {"type": "LineString", "coordinates": [[-118.24498733728268, 34.0614868645162], [-118.24498733728268, 34.06147942253969], [-118.24497835412984, 34.06147942253969], [-118.24497835412984, 34.0614868645162], [-118.24498733728268, 34.0614868645162]]}, "properties": {"confidence": "high"}}, {"type": "Feature", "geometry": {"type": "LineString", "coordinates": [[-118.23605808335853, 34.0614868645162], [-118.23605808335853, 34.06147198056254], [-118.23604910020569, 34.06147198056254], [-118.23604910020569, 34.0614868645162], [-118.23605808335853, 34.0614868645162]]}, "properties": {"confidence": "high"}}, {"type": "Feature", "geometry": {"type": "LineString", "coordinates": [[-118.24497835412984, 34.06147942253969], [-118.24497835412984, 34.06147198056254], [-118.244969370977, 34.06147198056254], [-118.244969370977, 34.06147942253969], [-118.24497835412984, 34.06147942253969]]}, "properties": {"confidence": "high"}}, {"type": "Feature", "geometry": {"type": "LineString", "coordinates": [[-118.23877099551656, 34.0614868645162], [-118.23877099551656, 34.06146453858473], [-118.23876201236372, 34.06146453858473], [-118.23876201236372, 34.0614868645162], [-118.23877099551656, 34.0614868645162]]}, "properties": {"confidence": "high"}}, {"type": "Feature", "geometry": {"type": "LineString", "coordinates": [[-118.24443038180651, 34.06147942253969], [-118.24443038180651, 34.06146453858473], [-118.24442139865367, 34.06146453858473], [-118.24442139865367, 34.06147942253969], [-118.24443038180651, 34.06147942253969]]}, "properties": {"confidence": "high"}}, {"type": "Feature", "geometry": {"type": "LineString", "coordinates": [[-118.237953528608, 34.06147942253969], [-118.237953528608, 34.06146453858473], [-118.23794454545516, 34.06146453858473], [-118.23794454545516, 34.06147942253969], [-118.237953528608, 34.06147942253969]]}, "properties": {"confidence": "high"}}, {"type": "Feature", "geometry": {"type": "LineString", "coordinates": [[-118.244969370977, 34.06147198056254], [-118.244969370977, 34.06146453858473], [-118.24496038782416, 34.06146453858473], [-118.24496038782416, 34.06147198056254], [-118.244969370977, 34.06147198056254]]}, "properties": {"confidence": "high"}}, {"type": "Feature", "geometry": {"type": "LineString", "coordinates": [[-118.23604910020569, 34.06147198056254], [-118.23604910020569, 34.06146453858473], [-118.23604011705285, 34.06146453858473], [-118.23604011705285, 34.06147198056254], [-118.23604910020569, 34.06147198056254]]}, "properties": {"confidence": "high"}}, {"type": "Feature", "geometry": {"type": "LineString", "coordinates": [[-118.24167255388429, 34.06147942253969], [-118.24167255388429, 34.06145709660626], [-118.24166357073143, 34.06145709660626], [-118.24166357073143, 34.06147942253969], [-118.24167255388429, 34.06147942253969]]}, "properties": {"confidence": "high"}}, {"type": "Feature", "geometry": {"type": "LineString", "coordinates": [[-118.24019033366547, 34.06147942253969], [-118.24019033366547, 34.06145709660626], [-118.24018135051263, 34.06145709660626], [-118.24018135051263, 34.06147942253969], [-118.24019033366547, 34.06147942253969]]}, "properties": {"confidence": "high"}}, {"type": "Feature", "geometry": {"type": "LineString", "coordinates": [[-118.23713606169947, 34.06147942253969], [-118.23713606169947, 34.06145709660626], [-118.23712707854664, 34.06145709660626], [-118.23712707854664, 34.06147942253969], [-118.23713606169947, 34.06147942253969]]}, "properties": {"confidence": "high"}}, {"type": "Feature", "geometry": {"type": "LineString", "coordinates": [[-118.24496038782416, 34.06146453858473], [-118.24496038782416, 34.06145709660626], [-118.24495140467131, 34.06145709660626], [-118.24495140467131, 34.06146453858473], [-118.24496038782416, 34.06146453858473]]}, "properties": {"confidence": "high"}}, {"type": "Feature", "geometry": {"type": "LineString", "coordinates": [[-118.24329850454852, 34.061605936051365], [-118.24329850454852, 34.06144965462715], [-118.24328952139568, 34.06144965462715], [-118.24328952139568, 34.061605936051365], [-118.24329850454852, 34.061605936051365]]}, "properties": {"confidence": "high"}}, {"type": "Feature", "geometry": {"type": "LineString", "coordinates": [[-118.24443936495936, 34.06146453858473], [-118.24443936495936, 34.06144965462715], [-118.24443038180651, 34.06144965462715], [-118.24443038180651, 34.06146453858473], [-118.24443936495936, 34.06146453858473]]}, "properties": {"confidence": "high"}}, {"type": "Feature", "geometry": {"type": "LineString", "coordinates": [[-118.2387799786694, 34.06146453858473], [-118.2387799786694, 34.06144965462715], [-118.23877099551656, 34.06144965462715], [-118.23877099551656, 34.06146453858473], [-118.2387799786694, 34.06146453858473]]}, "properties": {"confidence": "high"}}, {"type": "Feature", "geometry": {"type": "LineString", "coordinates": [[-118.23604011705285, 34.06146453858473], [-118.23604011705285, 34.06144965462715], [-118.23603113390001, 34.06144965462715], [-118.23603113390001, 34.06146453858473], [-118.23604011705285, 34.06146453858473]]}, "properties": {"confidence": "high"}}, {"type": "Feature", "geometry": {"type": "LineString", "coordinates": [[-118.24495140467131, 34.06145709660626], [-118.24495140467131, 34.06144965462715], [-118.24494242151847, 34.06144965462715], [-118.24494242151847, 34.06145709660626], [-118.24495140467131, 34.06145709660626]]}, "properties": {"confidence": "high"}}, {"type": "Feature", "geometry": {"type": "LineString", "coordinates": [[-118.23796251176084, 34.06146453858473], [-118.23796251176084, 34.06144221264738], [-118.237953528608, 34.06144221264738], [-118.237953528608, 34.06146453858473], [-118.23796251176084, 34.06146453858473]]}, "properties": {"confidence": "high"}}, {"type": "Feature", "geometry": {"type": "LineString", "coordinates": [[-118.2401993168183, 34.06145709660626], [-118.2401993168183, 34.06144221264738], [-118.24019033366547, 34.06144221264738], [-118.24019033366547, 34.06145709660626], [-118.2401993168183, 34.06145709660626]]}, "properties": {"confidence": "high"}}, {"type": "Feature", "geometry": {"type": "LineString", "coordinates": [[-118.23714504485231, 34.06145709660626], [-118.23714504485231, 34.06144221264738], [-118.23713606169947, 34.06144221264738], [-118.23713606169947, 34.06145709660626], [-118.23714504485231, 34.06145709660626]]}, "properties": {"confidence": "high"}}, {"type": "Feature", "geometry": {"type": "LineString", "coordinates": [[-118.24494242151847, 34.06144965462715], [-118.24494242151847, 34.06144221264738], [-118.24493343836563, 34.06144221264738], [-118.24493343836563, 34.06144965462715], [-118.24494242151847, 34.06144965462715]]}, "properties": {"confidence": "high"}}, {"type": "Feature", "geometry": {"type": "LineString", "coordinates": [[-118.23603113390001, 34.06144965462715], [-118.23603113390001, 34.06144221264738], [-118.23602215074716, 34.06144221264738], [-118.23602215074716, 34.06144965462715], [-118.23603113390001, 34.06144965462715]]}, "properties": {"confidence": "high"}}, {"type": "Feature", "geometry": {"type": "LineString", "coordinates": [[-118.23635452740228, 34.061494306492044], [-118.23635452740228, 34.061434770666956], [-118.23634554424945, 34.061434770666956], [-118.23634554424945, 34.061494306492044], [-118.23635452740228, 34.061494306492044]]}, "properties": {"confidence": "high"}}, {"type": "Feature", "geometry": {"type": "LineString", "coordinates": [[-118.2444483481122, 34.06144965462715], [-118.2444483481122, 34.061434770666956], [-118.24443936495936, 34.061434770666956], [-118.24443936495936, 34.06144965462715], [-118.2444483481122, 34.06144965462715]]}, "properties": {"confidence": "high"}}, {"type": "Feature", "geometry": {"type": "LineString", "coordinates": [[-118.24493343836563, 34.06144221264738], [-118.24493343836563, 34.061434770666956], [-118.2449244552128, 34.061434770666956], [-118.2449244552128, 34.06144221264738], [-118.24493343836563, 34.06144221264738]]}, "properties": {"confidence": "high"}}, {"type": "Feature", "geometry": {"type": "LineString", "coordinates": [[-118.24168153703712, 34.06145709660626], [-118.24168153703712, 34.06142732868588], [-118.24167255388429, 34.06142732868588], [-118.24167255388429, 34.06145709660626], [-118.24168153703712, 34.06145709660626]]}, "properties": {"confidence": "high"}}, {"type": "Feature", "geometry": {"type": "LineString", "coordinates": [[-118.23878896182224, 34.06144965462715], [-118.23878896182224, 34.06142732868588], [-118.2387799786694, 34.06142732868588], [-118.2387799786694, 34.06144965462715], [-118.23878896182224, 34.06144965462715]]}, "properties": {"confidence": "high"}}, {"type": "Feature", "geometry": {"type": "LineString", "coordinates": [[-118.2379714949137, 34.06144221264738], [-118.2379714949137, 34.06142732868588], [-118.23796251176084, 34.06142732868588], [-118.23796251176084, 34.06144221264738], [-118.2379714949137, 34.06144221264738]]}, "properties": {"confidence": "high"}}, {"type": "Feature", "geometry": {"type": "LineString", "coordinates": [[-118.2449244552128, 34.061434770666956], [-118.2449244552128, 34.06142732868588], [-118.24491547205996, 34.06142732868588], [-118.24491547205996, 34.061434770666956], [-118.2449244552128, 34.061434770666956]]}, "properties": {"confidence": "high"}}, {"type": "Feature", "geometry": {"type": "LineString", "coordinates": [[-118.24020829997114, 34.06144221264738], [-118.24020829997114, 34.06141988670415], [-118.2401993168183, 34.06141988670415], [-118.2401993168183, 34.06144221264738], [-118.24020829997114, 34.06144221264738]]}, "properties": {"confidence": "high"}}, {"type": "Feature", "geometry": {"type": "LineString", "coordinates": [[-118.23715402800516, 34.06144221264738], [-118.23715402800516, 34.06141988670415], [-118.23714504485231, 34.06141988670415], [-118.23714504485231, 34.06144221264738], [-118.23715402800516, 34.06144221264738]]}, "properties": {"confidence": "high"}}, {"type": "Feature", "geometry": {"type": "LineString", "coordinates": [[-118.24445733126504, 34.061434770666956], [-118.24445733126504, 34.06141988670415], [-118.2444483481122, 34.06141988670415], [-118.2444483481122, 34.061434770666956], [-118.24445733126504, 34.061434770666956]]}, "properties": {"confidence": "high"}}, {"type": "Feature", "geometry": {"type": "LineString", "coordinates": [[-118.23636351055512, 34.061434770666956], [-118.23636351055512, 34.06141988670415], [-118.23635452740228, 34.06141988670415], [-118.23635452740228, 34.061434770666956], [-118.23636351055512, 34.061434770666956]]}, "properties": {"confidence": "high"}}, {"type": "Feature", "geometry": {"type": "LineString", "coordinates": [[-118.24491547205996, 34.06142732868588], [-118.24491547205996, 34.06141988670415], [-118.24490648890712, 34.06141988670415], [-118.24490648890712, 34.06142732868588], [-118.24491547205996, 34.06142732868588]]}, "properties": {"confidence": "high"}}, {"type": "Feature", "geometry": {"type": "LineString", "coordinates": [[-118.24490648890712, 34.06141988670415], [-118.24490648890712, 34.06141244472176], [-118.24487953944859, 34.06141244472176], [-118.24487953944859, 34.06141988670415], [-118.24490648890712, 34.06141988670415]]}, "properties": {"confidence": "high"}}, {"type": "Feature", "geometry": {"type": "LineString", "coordinates": [[-118.23879794497509, 34.06142732868588], [-118.23879794497509, 34.061405002738724], [-118.23878896182224, 34.061405002738724], [-118.23878896182224, 34.06142732868588], [-118.23879794497509, 34.06142732868588]]}, "properties": {"confidence": "high"}}, {"type": "Feature", "geometry": {"type": "LineString", "coordinates": [[-118.23798047806653, 34.06142732868588], [-118.23798047806653, 34.061405002738724], [-118.2379714949137, 34.061405002738724], [-118.2379714949137, 34.06142732868588], [-118.23798047806653, 34.06142732868588]]}, "properties": {"confidence": "high"}}, {"type": "Feature", "geometry": {"type": "LineString", "coordinates": [[-118.24021728312398, 34.06141988670415], [-118.24021728312398, 34.061405002738724], [-118.24020829997114, 34.061405002738724], [-118.24020829997114, 34.06141988670415], [-118.24021728312398, 34.06141988670415]]}, "properties": {"confidence": "high"}}, {"type": "Feature", "geometry": {"type": "LineString", "coordinates": [[-118.24487953944859, 34.06141244472176], [-118.24487953944859, 34.061405002738724], [-118.24486157314291, 34.061405002738724], [-118.24486157314291, 34.06141244472176], [-118.24487953944859, 34.06141244472176]]}, "properties": {"confidence": "high"}}, {"type": "Feature", "geometry": {"type": "LineString", "coordinates": [[-118.24446631441788, 34.06141988670415], [-118.24446631441788, 34.06139756075503], [-118.24445733126504, 34.06139756075503], [-118.24445733126504, 34.06141988670415], [-118.24446631441788, 34.06141988670415]]}, "properties": {"confidence": "high"}}, {"type": "Feature", "geometry": {"type": "LineString", "coordinates": [[-118.237163011158, 34.06141988670415], [-118.237163011158, 34.06139756075503], [-118.23715402800516, 34.06139756075503], [-118.23715402800516, 34.06141988670415], [-118.237163011158, 34.06141988670415]]}, "properties": {"confidence": "high"}}, {"type": "Feature", "geometry": {"type": "LineString", "coordinates": [[-118.24486157314291, 34.061405002738724], [-118.24486157314291, 34.06139756075503], [-118.24485258999007, 34.06139756075503], [-118.24485258999007, 34.061405002738724], [-118.24486157314291, 34.061405002738724]]}, "properties": {"confidence": "high"}}, {"type": "Feature", "geometry": {"type": "LineString", "coordinates": [[-118.23880692812793, 34.061405002738724], [-118.23880692812793, 34.06139756075503], [-118.23879794497509, 34.06139756075503], [-118.23879794497509, 34.061405002738724], [-118.23880692812793, 34.061405002738724]]}, "properties": {"confidence": "high"}}, {"type": "Feature", "geometry": {"type": "LineString", "coordinates": [[-118.2424001892644, 34.061553842275316], [-118.2424001892644, 34.06139011877069], [-118.24239120611156, 34.06139011877069], [-118.24239120611156, 34.061553842275316], [-118.2424001892644, 34.061553842275316]]}, "properties": {"confidence": "high"}}, {"type": "Feature", "geometry": {"type": "LineString", "coordinates": [[-118.24169052018996, 34.06142732868588], [-118.24169052018996, 34.06139011877069], [-118.24168153703712, 34.06139011877069], [-118.24168153703712, 34.06142732868588], [-118.24169052018996, 34.06142732868588]]}, "properties": {"confidence": "high"}}, {"type": "Feature", "geometry": {"type": "LineString", "coordinates": [[-118.23637249370796, 34.06141988670415], [-118.23637249370796, 34.06139011877069], [-118.23636351055512, 34.06139011877069], [-118.23636351055512, 34.06141988670415], [-118.23637249370796, 34.06141988670415]]}, "properties": {"confidence": "high"}}, {"type": "Feature", "geometry": {"type": "LineString", "coordinates": [[-118.23798946121937, 34.061405002738724], [-118.23798946121937, 34.06139011877069], [-118.23798047806653, 34.06139011877069], [-118.23798047806653, 34.061405002738724], [-118.23798946121937, 34.061405002738724]]}, "properties": {"confidence": "high"}}, {"type": "Feature", "geometry": {"type": "LineString", "coordinates": [[-118.24485258999007, 34.06139756075503], [-118.24485258999007, 34.06139011877069], [-118.24484360683721, 34.06139011877069], [-118.24484360683721, 34.06139756075503], [-118.24485258999007, 34.06139756075503]]}, "properties": {"confidence": "high"}}, {"type": "Feature", "geometry": {"type": "LineString", "coordinates": [[-118.24447529757072, 34.06139756075503], [-118.24447529757072, 34.06139011877069], [-118.24446631441788, 34.06139011877069], [-118.24446631441788, 34.06139756075503], [-118.24447529757072, 34.06139756075503]]}, "properties": {"confidence": "high"}}, {"type": "Feature", "geometry": {"type": "LineString", "coordinates": [[-118.24022626627684, 34.061405002738724], [-118.24022626627684, 34.06138267678568], [-118.24021728312398, 34.06138267678568], [-118.24021728312398, 34.061405002738724], [-118.24022626627684, 34.061405002738724]]}, "properties": {"confidence": "high"}}, {"type": "Feature", "geometry": {"type": "LineString", "coordinates": [[-118.23881591128077, 34.06139756075503], [-118.23881591128077, 34.06138267678568], [-118.23880692812793, 34.06138267678568], [-118.23880692812793, 34.06139756075503], [-118.23881591128077, 34.06139756075503]]}, "properties": {"confidence": "high"}}, {"type": "Feature", "geometry": {"type": "LineString", "coordinates": [[-118.24484360683721, 34.06139011877069], [-118.24484360683721, 34.06138267678568], [-118.24483462368435, 34.06138267678568], [-118.24483462368435, 34.06139011877069], [-118.24484360683721, 34.06139011877069]]}, "properties": {"confidence": "high"}}, {"type": "Feature", "geometry": {"type": "LineString", "coordinates": [[-118.24448428072355, 34.06139011877069], [-118.24448428072355, 34.06138267678568], [-118.24447529757072, 34.06138267678568], [-118.24447529757072, 34.06139011877069], [-118.24448428072355, 34.06139011877069]]}, "properties": {"confidence": "high"}}, {"type": "Feature", "geometry": {"type": "LineString", "coordinates": [[-118.23717199431084, 34.06139756075503], [-118.23717199431084, 34.06137523480003], [-118.237163011158, 34.06137523480003], [-118.237163011158, 34.06139756075503], [-118.23717199431084, 34.06139756075503]]}, "properties": {"confidence": "high"}}, {"type": "Feature", "geometry": {"type": "LineString", "coordinates": [[-118.2416995033428, 34.06139011877069], [-118.2416995033428, 34.06137523480003], [-118.24169052018996, 34.06137523480003], [-118.24169052018996, 34.06139011877069], [-118.2416995033428, 34.06139011877069]]}, "properties": {"confidence": "high"}}, {"type": "Feature", "geometry": {"type": "LineString", "coordinates": [[-118.24483462368435, 34.06138267678568], [-118.24483462368435, 34.06137523480003], [-118.24482564053152, 34.06137523480003], [-118.24482564053152, 34.06138267678568], [-118.24483462368435, 34.06138267678568]]}, "properties": {"confidence": "high"}}, {"type": "Feature", "geometry": {"type": "LineString", "coordinates": [[-118.24449326387641, 34.06138267678568], [-118.24449326387641, 34.06137523480003], [-118.24448428072355, 34.06137523480003], [-118.24448428072355, 34.06138267678568], [-118.24449326387641, 34.06138267678568]]}, "properties": {"confidence": "high"}}, {"type": "Feature", "geometry": {"type": "LineString", "coordinates": [[-118.24328952139568, 34.06144965462715], [-118.24328952139568, 34.061367792813726], [-118.24328053824284, 34.061367792813726], [-118.24328053824284, 34.06144965462715], [-118.24328952139568, 34.06144965462715]]}, "properties": {"confidence": "high"}}, {"type": "Feature", "geometry": {"type": "LineString", "coordinates": [[-118.24239120611156, 34.06139011877069], [-118.24239120611156, 34.061367792813726], [-118.24237323980587, 34.061367792813726], [-118.24237323980587, 34.06137523480003], [-118.24238222295872, 34.06137523480003], [-118.24238222295872, 34.06139011877069], [-118.24239120611156, 34.06139011877069]]}, "properties": {"confidence": "high"}}, {"type": "Feature", "geometry": {"type": "LineString", "coordinates": [[-118.24023524942967, 34.06138267678568], [-118.24023524942967, 34.061367792813726], [-118.24022626627684, 34.061367792813726], [-118.24022626627684, 34.06138267678568], [-118.24023524942967, 34.06138267678568]]}, "properties": {"confidence": "high"}}, {"type": "Feature", "geometry": {"type": "LineString", "coordinates": [[-118.2388248944336, 34.06138267678568], [-118.2388248944336, 34.061367792813726], [-118.23881591128077, 34.061367792813726], [-118.23881591128077, 34.06138267678568], [-118.2388248944336, 34.06138267678568]]}, "properties": {"confidence": "high"}}, {"type": "Feature", "geometry": {"type": "LineString", "coordinates": [[-118.24482564053152, 34.06137523480003], [-118.24482564053152, 34.061367792813726], [-118.24481665737868, 34.061367792813726], [-118.24481665737868, 34.06137523480003], [-118.24482564053152, 34.06137523480003]]}, "properties": {"confidence": "high"}}, {"type": "Feature", "geometry": {"type": "LineString", "coordinates": [[-118.24450224702925, 34.06137523480003], [-118.24450224702925, 34.061367792813726], [-118.24449326387641, 34.061367792813726], [-118.24449326387641, 34.06137523480003], [-118.24450224702925, 34.06137523480003]]}, "properties": {"confidence": "high"}}, {"type": "Feature", "geometry": {"type": "LineString", "coordinates": [[-118.24073830598878, 34.06137523480003], [-118.24073830598878, 34.061367792813726], [-118.24072932283595, 34.061367792813726], [-118.24072932283595, 34.06137523480003], [-118.24073830598878, 34.06137523480003]]}, "properties": {"confidence": "high"}}, {"type": "Feature", "geometry": {"type": "LineString", "coordinates": [[-118.23799844437221, 34.06139011877069], [-118.23799844437221, 34.061360350826774], [-118.23798946121937, 34.061360350826774], [-118.23798946121937, 34.06139011877069], [-118.23799844437221, 34.06139011877069]]}, "properties": {"confidence": "high"}}, {"type": "Feature", "geometry": {"type": "LineString", "coordinates": [[-118.24170848649564, 34.06137523480003], [-118.24170848649564, 34.061360350826774], [-118.2416995033428, 34.061360350826774], [-118.2416995033428, 34.06137523480003], [-118.24170848649564, 34.06137523480003]]}, "properties": {"confidence": "high"}}, {"type": "Feature", "geometry": {"type": "LineString", "coordinates": [[-118.24481665737868, 34.061367792813726], [-118.24481665737868, 34.061360350826774], [-118.24480767422584, 34.061360350826774], [-118.24480767422584, 34.061367792813726], [-118.24481665737868, 34.061367792813726]]}, "properties": {"confidence": "high"}}, {"type": "Feature", "geometry": {"type": "LineString", "coordinates": [[-118.24451123018208, 34.061367792813726], [-118.24451123018208, 34.061360350826774], [-118.24450224702925, 34.061360350826774], [-118.24450224702925, 34.061367792813726], [-118.24451123018208, 34.061367792813726]]}, "properties": {"confidence": "high"}}, {"type": "Feature", "geometry": {"type": "LineString", "coordinates": [[-118.2424001892644, 34.061367792813726], [-118.2424001892644, 34.061360350826774], [-118.24239120611156, 34.061360350826774], [-118.24239120611156, 34.061367792813726], [-118.2424001892644, 34.061367792813726]]}, "properties": {"confidence": "high"}}, {"type": "Feature", "geometry": {"type": "LineString", "coordinates": [[-118.24237323980587, 34.061367792813726], [-118.24237323980587, 34.061360350826774], [-118.24232832404167, 34.061360350826774], [-118.24232832404167, 34.061367792813726], [-118.24237323980587, 34.061367792813726]]}, "properties": {"confidence": "high"}}, {"type": "Feature", "geometry": {"type": "LineString", "coordinates": [[-118.23718097746368, 34.06137523480003], [-118.23718097746368, 34.061352908839154], [-118.23717199431084, 34.061352908839154], [-118.23717199431084, 34.06137523480003], [-118.23718097746368, 34.06137523480003]]}, "properties": {"confidence": "high"}}, {"type": "Feature", "geometry": {"type": "LineString", "coordinates": [[-118.23883387758644, 34.061367792813726], [-118.23883387758644, 34.061352908839154], [-118.2388248944336, 34.061352908839154], [-118.2388248944336, 34.061367792813726], [-118.23883387758644, 34.061367792813726]]}, "properties": {"confidence": "high"}}, {"type": "Feature", "geometry": {"type": "LineString", "coordinates": [[-118.24480767422584, 34.061360350826774], [-118.24480767422584, 34.061352908839154], [-118.244798691073, 34.061352908839154], [-118.244798691073, 34.061360350826774], [-118.24480767422584, 34.061360350826774]]}, "properties": {"confidence": "high"}}, {"type": "Feature", "geometry": {"type": "LineString", "coordinates": [[-118.24232832404167, 34.061360350826774], [-118.24232832404167, 34.061352908839154], [-118.24227442512462, 34.061352908839154], [-118.24227442512462, 34.061360350826774], [-118.24232832404167, 34.061360350826774]]}, "properties": {"confidence": "high"}}, {"type": "Feature", "geometry": {"type": "LineString", "coordinates": [[-118.23638147686081, 34.06139011877069], [-118.23638147686081, 34.061345466850895], [-118.23637249370796, 34.061345466850895], [-118.23637249370796, 34.06139011877069], [-118.23638147686081, 34.06139011877069]]}, "properties": {"confidence": "high"}}, {"type": "Feature", "geometry": {"type": "LineString", "coordinates": [[-118.24024423258251, 34.061367792813726], [-118.24024423258251, 34.061345466850895], [-118.24023524942967, 34.061345466850895], [-118.24023524942967, 34.061367792813726], [-118.24024423258251, 34.061367792813726]]}, "properties": {"confidence": "high"}}, {"type": "Feature", "geometry": {"type": "LineString", "coordinates": [[-118.24452021333492, 34.061360350826774], [-118.24452021333492, 34.061345466850895], [-118.24451123018208, 34.061345466850895], [-118.24451123018208, 34.061360350826774], [-118.24452021333492, 34.061360350826774]]}, "properties": {"confidence": "high"}}, {"type": "Feature", "geometry": {"type": "LineString", "coordinates": [[-118.23800742752505, 34.061360350826774], [-118.23800742752505, 34.061345466850895], [-118.23799844437221, 34.061345466850895], [-118.23799844437221, 34.061360350826774], [-118.23800742752505, 34.061360350826774]]}, "properties": {"confidence": "high"}}, {"type": "Feature", "geometry": {"type": "LineString", "coordinates": [[-118.244798691073, 34.061352908839154], [-118.244798691073, 34.061345466850895], [-118.24478970792015, 34.061345466850895], [-118.24478970792015, 34.061352908839154], [-118.244798691073, 34.061352908839154]]}, "properties": {"confidence": "high"}}, {"type": "Feature", "geometry": {"type": "LineString", "coordinates": [[-118.24227442512462, 34.061352908839154], [-118.24227442512462, 34.061345466850895], [-118.2422474756661, 34.061345466850895], [-118.2422474756661, 34.061352908839154], [-118.24227442512462, 34.061352908839154]]}, "properties": {"confidence": "high"}}, {"type": "Feature", "geometry": {"type": "LineString", "coordinates": [[-118.24240917241724, 34.061360350826774], [-118.24240917241724, 34.061338024861975], [-118.2424001892644, 34.061338024861975], [-118.2424001892644, 34.061360350826774], [-118.24240917241724, 34.061360350826774]]}, "properties": {"confidence": "high"}}, {"type": "Feature", "geometry": {"type": "LineString", "coordinates": [[-118.23718996061652, 34.061352908839154], [-118.23718996061652, 34.061338024861975], [-118.23718097746368, 34.061338024861975], [-118.23718097746368, 34.061352908839154], [-118.23718996061652, 34.061352908839154]]}, "properties": {"confidence": "high"}}, {"type": "Feature", "geometry": {"type": "LineString", "coordinates": [[-118.24478970792015, 34.061345466850895], [-118.24478970792015, 34.061338024861975], [-118.24478072476731, 34.061338024861975], [-118.24478072476731, 34.061345466850895], [-118.24478970792015, 34.061345466850895]]}, "properties": {"confidence": "high"}}, {"type": "Feature", "geometry": {"type": "LineString", "coordinates": [[-118.2422474756661, 34.061345466850895], [-118.2422474756661, 34.061338024861975], [-118.24222950936043, 34.061338024861975], [-118.24222950936043, 34.061345466850895], [-118.2422474756661, 34.061345466850895]]}, "properties": {"confidence": "high"}}, {"type": "Feature", "geometry": {"type": "LineString", "coordinates": [[-118.2388428607393, 34.061352908839154], [-118.2388428607393, 34.0613305828724], [-118.23883387758644, 34.0613305828724], [-118.23883387758644, 34.061352908839154], [-118.2388428607393, 34.061352908839154]]}, "properties": {"confidence": "high"}}, {"type": "Feature", "geometry": {"type": "LineString", "coordinates": [[-118.24452919648776, 34.061345466850895], [-118.24452919648776, 34.0613305828724], [-118.24452021333492, 34.0613305828724], [-118.24452021333492, 34.061345466850895], [-118.24452919648776, 34.061345466850895]]}, "properties": {"confidence": "high"}}, {"type": "Feature", "geometry": {"type": "LineString", "coordinates": [[-118.23801641067789, 34.061345466850895], [-118.23801641067789, 34.0613305828724], [-118.23800742752505, 34.0613305828724], [-118.23800742752505, 34.061345466850895], [-118.23801641067789, 34.061345466850895]]}, "properties": {"confidence": "high"}}, {"type": "Feature", "geometry": {"type": "LineString", "coordinates": [[-118.24478072476731, 34.061338024861975], [-118.24478072476731, 34.0613305828724], [-118.24477174161447, 34.0613305828724], [-118.24477174161447, 34.061338024861975], [-118.24478072476731, 34.061338024861975]]}, "properties": {"confidence": "high"}}, {"type": "Feature", "geometry": {"type": "LineString", "coordinates": [[-118.24222950936043, 34.061338024861975], [-118.24222950936043, 34.0613305828724], [-118.2422025599019, 34.0613305828724], [-118.2422025599019, 34.061338024861975], [-118.24222950936043, 34.061338024861975]]}, "properties": {"confidence": "high"}}, {"type": "Feature", "geometry": {"type": "LineString", "coordinates": [[-118.24171746964848, 34.061360350826774], [-118.24171746964848, 34.06132314088217], [-118.24170848649564, 34.06132314088217], [-118.24170848649564, 34.061360350826774], [-118.24171746964848, 34.061360350826774]]}, "properties": {"confidence": "high"}}, {"type": "Feature", "geometry": {"type": "LineString", "coordinates": [[-118.24025321573535, 34.061345466850895], [-118.24025321573535, 34.06132314088217], [-118.24024423258251, 34.06132314088217], [-118.24024423258251, 34.061345466850895], [-118.24025321573535, 34.061345466850895]]}, "properties": {"confidence": "high"}}, {"type": "Feature", "geometry": {"type": "LineString", "coordinates": [[-118.23639046001365, 34.061345466850895], [-118.23639046001365, 34.06132314088217], [-118.23638147686081, 34.06132314088217], [-118.23638147686081, 34.061345466850895], [-118.23639046001365, 34.061345466850895]]}, "properties": {"confidence": "high"}}, {"type": "Feature", "geometry": {"type": "LineString", "coordinates": [[-118.23719894376936, 34.061338024861975], [-118.23719894376936, 34.06132314088217], [-118.23718996061652, 34.06132314088217], [-118.23718996061652, 34.061338024861975], [-118.23719894376936, 34.061338024861975]]}, "properties": {"confidence": "high"}}, {"type": "Feature", "geometry": {"type": "LineString", "coordinates": [[-118.24477174161447, 34.0613305828724], [-118.24477174161447, 34.06132314088217], [-118.24476275846163, 34.06132314088217], [-118.24476275846163, 34.0613305828724], [-118.24477174161447, 34.0613305828724]]}, "properties": {"confidence": "high"}}, {"type": "Feature", "geometry": {"type": "LineString", "coordinates": [[-118.2422025599019, 34.0613305828724], [-118.2422025599019, 34.06132314088217], [-118.24217561044337, 34.06132314088217], [-118.24217561044337, 34.0613305828724], [-118.2422025599019, 34.0613305828724]]}, "properties": {"confidence": "high"}}, {"type": "Feature", "geometry": {"type": "LineString", "coordinates": [[-118.24453817964061, 34.0613305828724], [-118.24453817964061, 34.0613156988913], [-118.24452919648776, 34.0613156988913], [-118.24452919648776, 34.0613305828724], [-118.24453817964061, 34.0613305828724]]}, "properties": {"confidence": "high"}}, {"type": "Feature", "geometry": {"type": "LineString", "coordinates": [[-118.23885184389214, 34.0613305828724], [-118.23885184389214, 34.0613156988913], [-118.2388428607393, 34.0613156988913], [-118.2388428607393, 34.0613305828724], [-118.23885184389214, 34.0613305828724]]}, "properties": {"confidence": "high"}}, {"type": "Feature", "geometry": {"type": "LineString", "coordinates": [[-118.23802539383074, 34.0613305828724], [-118.23802539383074, 34.0613156988913], [-118.23801641067789, 34.0613156988913], [-118.23801641067789, 34.0613305828724], [-118.23802539383074, 34.0613305828724]]}, "properties": {"confidence": "high"}}, {"type": "Feature", "geometry": {"type": "LineString", "coordinates": [[-118.24476275846163, 34.06132314088217], [-118.24476275846163, 34.0613156988913], [-118.2447537753088, 34.0613156988913], [-118.2447537753088, 34.06132314088217], [-118.24476275846163, 34.06132314088217]]}, "properties": {"confidence": "high"}}, {"type": "Feature", "geometry": {"type": "LineString", "coordinates": [[-118.24217561044337, 34.06132314088217], [-118.24217561044337, 34.0613156988913], [-118.24214866098485, 34.0613156988913], [-118.24214866098485, 34.06132314088217], [-118.24217561044337, 34.06132314088217]]}, "properties": {"confidence": "high"}}, {"type": "Feature", "geometry": {"type": "LineString", "coordinates": [[-118.23720792692221, 34.06132314088217], [-118.23720792692221, 34.061308256899764], [-118.23719894376936, 34.061308256899764], [-118.23719894376936, 34.06132314088217], [-118.23720792692221, 34.06132314088217]]}, "properties": {"confidence": "high"}}, {"type": "Feature", "geometry": {"type": "LineString", "coordinates": [[-118.2447537753088, 34.0613156988913], [-118.2447537753088, 34.061308256899764], [-118.24474479215596, 34.061308256899764], [-118.24474479215596, 34.0613156988913], [-118.2447537753088, 34.0613156988913]]}, "properties": {"confidence": "high"}}, {"type": "Feature", "geometry": {"type": "LineString", "coordinates": [[-118.24214866098485, 34.0613156988913], [-118.24214866098485, 34.061308256899764], [-118.24212171152632, 34.061308256899764], [-118.24212171152632, 34.0613156988913], [-118.24214866098485, 34.0613156988913]]}, "properties": {"confidence": "high"}}, {"type": "Feature", "geometry": {"type": "LineString", "coordinates": [[-118.24241815557008, 34.061338024861975], [-118.24241815557008, 34.061300814907575], [-118.24240917241724, 34.061300814907575], [-118.24240917241724, 34.061338024861975], [-118.24241815557008, 34.061338024861975]]}, "properties": {"confidence": "high"}}, {"type": "Feature", "geometry": {"type": "LineString", "coordinates": [[-118.24026219888819, 34.06132314088217], [-118.24026219888819, 34.061300814907575], [-118.24025321573535, 34.061300814907575], [-118.24025321573535, 34.06132314088217], [-118.24026219888819, 34.06132314088217]]}, "properties": {"confidence": "high"}}, {"type": "Feature", "geometry": {"type": "LineString", "coordinates": [[-118.24454716279345, 34.0613156988913], [-118.24454716279345, 34.061300814907575], [-118.24453817964061, 34.061300814907575], [-118.24453817964061, 34.0613156988913], [-118.24454716279345, 34.0613156988913]]}, "properties": {"confidence": "high"}}, {"type": "Feature", "geometry": {"type": "LineString", "coordinates": [[-118.23803437698358, 34.0613156988913], [-118.23803437698358, 34.061300814907575], [-118.23802539383074, 34.061300814907575], [-118.23802539383074, 34.0613156988913], [-118.23803437698358, 34.0613156988913]]}, "properties": {"confidence": "high"}}, {"type": "Feature", "geometry": {"type": "LineString", "coordinates": [[-118.24474479215596, 34.061308256899764], [-118.24474479215596, 34.061300814907575], [-118.2447358090031, 34.061300814907575], [-118.2447358090031, 34.061308256899764], [-118.24474479215596, 34.061308256899764]]}, "properties": {"confidence": "high"}}, {"type": "Feature", "geometry": {"type": "LineString", "coordinates": [[-118.24212171152632, 34.061308256899764], [-118.24212171152632, 34.061300814907575], [-118.24209476206781, 34.061300814907575], [-118.24209476206781, 34.061308256899764], [-118.24212171152632, 34.061308256899764]]}, "properties": {"confidence": "high"}}, {"type": "Feature", "geometry": {"type": "LineString", "coordinates": [[-118.23886082704497, 34.0613156988913], [-118.23886082704497, 34.06129337291473], [-118.23885184389214, 34.06129337291473], [-118.23885184389214, 34.0613156988913], [-118.23886082704497, 34.0613156988913]]}, "properties": {"confidence": "high"}}, {"type": "Feature", "geometry": {"type": "LineString", "coordinates": [[-118.2447358090031, 34.061300814907575], [-118.2447358090031, 34.06129337291473], [-118.24472682585026, 34.06129337291473], [-118.24472682585026, 34.061300814907575], [-118.2447358090031, 34.061300814907575]]}, "properties": {"confidence": "high"}}, {"type": "Feature", "geometry": {"type": "LineString", "coordinates": [[-118.24455614594629, 34.061300814907575], [-118.24455614594629, 34.06129337291473], [-118.24454716279345, 34.06129337291473], [-118.24454716279345, 34.061300814907575], [-118.24455614594629, 34.061300814907575]]}, "properties": {"confidence": "high"}}, {"type": "Feature", "geometry": {"type": "LineString", "coordinates": [[-118.24209476206781, 34.061300814907575], [-118.24209476206781, 34.06129337291473], [-118.24206781260928, 34.06129337291473], [-118.24206781260928, 34.061300814907575], [-118.24209476206781, 34.061300814907575]]}, "properties": {"confidence": "high"}}, {"type": "Feature", "geometry": {"type": "LineString", "coordinates": [[-118.23721691007505, 34.061308256899764], [-118.23721691007505, 34.061285930921244], [-118.23720792692221, 34.061285930921244], [-118.23720792692221, 34.061308256899764], [-118.23721691007505, 34.061308256899764]]}, "properties": {"confidence": "high"}}, {"type": "Feature", "geometry": {"type": "LineString", "coordinates": [[-118.24472682585026, 34.06129337291473], [-118.24472682585026, 34.061285930921244], [-118.24471784269743, 34.061285930921244], [-118.24471784269743, 34.06129337291473], [-118.24472682585026, 34.06129337291473]]}, "properties": {"confidence": "high"}}, {"type": "Feature", "geometry": {"type": "LineString", "coordinates": [[-118.24456512909913, 34.06129337291473], [-118.24456512909913, 34.061285930921244], [-118.24455614594629, 34.061285930921244], [-118.24455614594629, 34.06129337291473], [-118.24456512909913, 34.06129337291473]]}, "properties": {"confidence": "high"}}, {"type": "Feature", "geometry": {"type": "LineString", "coordinates": [[-118.24206781260928, 34.06129337291473], [-118.24206781260928, 34.061285930921244], [-118.2420498463036, 34.061285930921244], [-118.2420498463036, 34.06129337291473], [-118.24206781260928, 34.06129337291473]]}, "properties": {"confidence": "high"}}, {"type": "Feature", "geometry": {"type": "LineString", "coordinates": [[-118.23886981019781, 34.06129337291473], [-118.23886981019781, 34.061285930921244], [-118.23886082704497, 34.061285930921244], [-118.23886082704497, 34.06129337291473], [-118.23886981019781, 34.06129337291473]]}, "properties": {"confidence": "high"}}, {"type": "Feature", "geometry": {"type": "LineString", "coordinates": [[-118.23639944316649, 34.06132314088217], [-118.23639944316649, 34.061278488927094], [-118.23639046001365, 34.061278488927094], [-118.23639046001365, 34.06132314088217], [-118.23639944316649, 34.06132314088217]]}, "properties": {"confidence": "high"}}, {"type": "Feature", "geometry": {"type": "LineString", "coordinates": [[-118.23804336013644, 34.061300814907575], [-118.23804336013644, 34.061278488927094], [-118.23803437698358, 34.061278488927094], [-118.23803437698358, 34.061300814907575], [-118.23804336013644, 34.061300814907575]]}, "properties": {"confidence": "high"}}, {"type": "Feature", "geometry": {"type": "LineString", "coordinates": [[-118.24457411225197, 34.061285930921244], [-118.24457411225197, 34.061278488927094], [-118.24456512909913, 34.061278488927094], [-118.24456512909913, 34.061285930921244], [-118.24457411225197, 34.061285930921244]]}, "properties": {"confidence": "high"}}, {"type": "Feature", "geometry": {"type": "LineString", "coordinates": [[-118.2420498463036, 34.061285930921244], [-118.2420498463036, 34.061278488927094], [-118.24203187999792, 34.061278488927094], [-118.24203187999792, 34.061285930921244], [-118.2420498463036, 34.061285930921244]]}, "properties": {"confidence": "high"}}, {"type": "Feature", "geometry": {"type": "LineString", "coordinates": [[-118.24027118204103, 34.061300814907575], [-118.24027118204103, 34.0612710469323], [-118.24026219888819, 34.0612710469323], [-118.24026219888819, 34.061300814907575], [-118.24027118204103, 34.061300814907575]]}, "properties": {"confidence": "high"}}, {"type": "Feature", "geometry": {"type": "LineString", "coordinates": [[-118.24471784269743, 34.061285930921244], [-118.24471784269743, 34.0612710469323], [-118.24470885954459, 34.0612710469323], [-118.24470885954459, 34.061285930921244], [-118.24471784269743, 34.061285930921244]]}, "properties": {"confidence": "high"}}, {"type": "Feature", "geometry": {"type": "LineString", "coordinates": [[-118.23722589322789, 34.061285930921244], [-118.23722589322789, 34.0612710469323], [-118.23721691007505, 34.0612710469323], [-118.23721691007505, 34.061285930921244], [-118.23722589322789, 34.061285930921244]]}, "properties": {"confidence": "high"}}, {"type": "Feature", "geometry": {"type": "LineString", "coordinates": [[-118.2445830954048, 34.061278488927094], [-118.2445830954048, 34.0612710469323], [-118.24457411225197, 34.0612710469323], [-118.24457411225197, 34.061278488927094], [-118.2445830954048, 34.061278488927094]]}, "properties": {"confidence": "high"}}, {"type": "Feature", "geometry": {"type": "LineString", "coordinates": [[-118.24203187999792, 34.061278488927094], [-118.24203187999792, 34.0612710469323], [-118.2420049305394, 34.0612710469323], [-118.2420049305394, 34.061278488927094], [-118.24203187999792, 34.061278488927094]]}, "properties": {"confidence": "high"}}, {"type": "Feature", "geometry": {"type": "LineString", "coordinates": [[-118.23805234328928, 34.061278488927094], [-118.23805234328928, 34.06126360493684], [-118.23804336013644, 34.06126360493684], [-118.23804336013644, 34.061278488927094], [-118.23805234328928, 34.061278488927094]]}, "properties": {"confidence": "high"}}, {"type": "Feature", "geometry": {"type": "LineString", "coordinates": [[-118.24470885954459, 34.0612710469323], [-118.24470885954459, 34.06126360493684], [-118.24469987639175, 34.06126360493684], [-118.24469987639175, 34.0612710469323], [-118.24470885954459, 34.0612710469323]]}, "properties": {"confidence": "high"}}, {"type": "Feature", "geometry": {"type": "LineString", "coordinates": [[-118.24459207855766, 34.0612710469323], [-118.24459207855766, 34.06126360493684], [-118.2445830954048, 34.06126360493684], [-118.2445830954048, 34.0612710469323], [-118.24459207855766, 34.0612710469323]]}, "properties": {"confidence": "high"}}, {"type": "Feature", "geometry": {"type": "LineString", "coordinates": [[-118.2420049305394, 34.0612710469323], [-118.2420049305394, 34.06126360493684], [-118.24198696423372, 34.06126360493684], [-118.24198696423372, 34.0612710469323], [-118.2420049305394, 34.0612710469323]]}, "properties": {"confidence": "high"}}, {"type": "Feature", "geometry": {"type": "LineString", "coordinates": [[-118.23887879335065, 34.061285930921244], [-118.23887879335065, 34.06125616294073], [-118.23886981019781, 34.06125616294073], [-118.23886981019781, 34.061285930921244], [-118.23887879335065, 34.061285930921244]]}, "properties": {"confidence": "high"}}, {"type": "Feature", "geometry": {"type": "LineString", "coordinates": [[-118.23640842631933, 34.061278488927094], [-118.23640842631933, 34.06125616294073], [-118.23639944316649, 34.06125616294073], [-118.23639944316649, 34.061278488927094], [-118.23640842631933, 34.061278488927094]]}, "properties": {"confidence": "high"}}, {"type": "Feature", "geometry": {"type": "LineString", "coordinates": [[-118.24469987639175, 34.06126360493684], [-118.24469987639175, 34.06125616294073], [-118.24469089323891, 34.06125616294073], [-118.24469089323891, 34.06126360493684], [-118.24469987639175, 34.06126360493684]]}, "properties": {"confidence": "high"}}, {"type": "Feature", "geometry": {"type": "LineString", "coordinates": [[-118.2446010617105, 34.06126360493684], [-118.2446010617105, 34.06125616294073], [-118.24459207855766, 34.06125616294073], [-118.24459207855766, 34.06126360493684], [-118.2446010617105, 34.06126360493684]]}, "properties": {"confidence": "high"}}, {"type": "Feature", "geometry": {"type": "LineString", "coordinates": [[-118.24198696423372, 34.06126360493684], [-118.24198696423372, 34.06125616294073], [-118.24196001477519, 34.06125616294073], [-118.24196001477519, 34.06126360493684], [-118.24198696423372, 34.06126360493684]]}, "properties": {"confidence": "high"}}, {"type": "Feature", "geometry": {"type": "LineString", "coordinates": [[-118.24028016519388, 34.0612710469323], [-118.24028016519388, 34.061248720943965], [-118.24027118204103, 34.061248720943965], [-118.24027118204103, 34.0612710469323], [-118.24028016519388, 34.0612710469323]]}, "properties": {"confidence": "high"}}, {"type": "Feature", "geometry": {"type": "LineString", "coordinates": [[-118.23723487638073, 34.0612710469323], [-118.23723487638073, 34.061248720943965], [-118.23722589322789, 34.061248720943965], [-118.23722589322789, 34.0612710469323], [-118.23723487638073, 34.0612710469323]]}, "properties": {"confidence": "high"}}, {"type": "Feature", "geometry": {"type": "LineString", "coordinates": [[-118.24469089323891, 34.06125616294073], [-118.24469089323891, 34.061248720943965], [-118.24468191008606, 34.061248720943965], [-118.24468191008606, 34.06125616294073], [-118.24469089323891, 34.06125616294073]]}, "properties": {"confidence": "high"}}, {"type": "Feature", "geometry": {"type": "LineString", "coordinates": [[-118.24461004486334, 34.06125616294073], [-118.24461004486334, 34.061248720943965], [-118.2446010617105, 34.061248720943965], [-118.2446010617105, 34.06125616294073], [-118.24461004486334, 34.06125616294073]]}, "properties": {"confidence": "high"}}, {"type": "Feature", "geometry": {"type": "LineString", "coordinates": [[-118.24196001477519, 34.06125616294073], [-118.24196001477519, 34.061248720943965], [-118.24193306531667, 34.061248720943965], [-118.24193306531667, 34.06125616294073], [-118.24196001477519, 34.06125616294073]]}, "properties": {"confidence": "high"}}, {"type": "Feature", "geometry": {"type": "LineString", "coordinates": [[-118.23806132644212, 34.06126360493684], [-118.23806132644212, 34.061241278946554], [-118.23805234328928, 34.061241278946554], [-118.23805234328928, 34.06126360493684], [-118.23806132644212, 34.06126360493684]]}, "properties": {"confidence": "high"}}, {"type": "Feature", "geometry": {"type": "LineString", "coordinates": [[-118.23888777650349, 34.06125616294073], [-118.23888777650349, 34.061241278946554], [-118.23887879335065, 34.061241278946554], [-118.23887879335065, 34.06125616294073], [-118.23888777650349, 34.06125616294073]]}, "properties": {"confidence": "high"}}, {"type": "Feature", "geometry": {"type": "LineString", "coordinates": [[-118.24468191008606, 34.061248720943965], [-118.24468191008606, 34.061241278946554], [-118.24467292693322, 34.061241278946554], [-118.24467292693322, 34.061248720943965], [-118.24468191008606, 34.061248720943965]]}, "properties": {"confidence": "high"}}, {"type": "Feature", "geometry": {"type": "LineString", "coordinates": [[-118.24193306531667, 34.061248720943965], [-118.24193306531667, 34.061241278946554], [-118.24191509901098, 34.061241278946554], [-118.24191509901098, 34.061248720943965], [-118.24193306531667, 34.061248720943965]]}, "properties": {"confidence": "high"}}, {"type": "Feature", "geometry": {"type": "LineString", "coordinates": [[-118.24191509901098, 34.061241278946554], [-118.24191509901098, 34.06123383694848], [-118.2418971327053, 34.06123383694848], [-118.2418971327053, 34.061241278946554], [-118.24191509901098, 34.061241278946554]]}, "properties": {"confidence": "high"}}, {"type": "Feature", "geometry": {"type": "LineString", "coordinates": [[-118.24172645280133, 34.06132314088217], [-118.24172645280133, 34.06122639494977], [-118.24171746964848, 34.06122639494977], [-118.24171746964848, 34.06132314088217], [-118.24172645280133, 34.06132314088217]]}, "properties": {"confidence": "high"}}, {"type": "Feature", "geometry": {"type": "LineString", "coordinates": [[-118.24028914834672, 34.061248720943965], [-118.24028914834672, 34.06122639494977], [-118.24028016519388, 34.06122639494977], [-118.24028016519388, 34.061248720943965], [-118.24028914834672, 34.061248720943965]]}, "properties": {"confidence": "high"}}, {"type": "Feature", "geometry": {"type": "LineString", "coordinates": [[-118.23724385953356, 34.061248720943965], [-118.23724385953356, 34.06122639494977], [-118.23723487638073, 34.06122639494977], [-118.23723487638073, 34.061248720943965], [-118.23724385953356, 34.061248720943965]]}, "properties": {"confidence": "high"}}, {"type": "Feature", "geometry": {"type": "LineString", "coordinates": [[-118.24461902801617, 34.061248720943965], [-118.24461902801617, 34.061241278946554], [-118.24467292693322, 34.061241278946554], [-118.24467292693322, 34.06123383694848], [-118.24461902801617, 34.06123383694848], [-118.24461902801617, 34.06122639494977], [-118.24461004486334, 34.06122639494977], [-118.24461004486334, 34.061248720943965], [-118.24461902801617, 34.061248720943965]]}, "properties": {"confidence": "high"}}, {"type": "Feature", "geometry": {"type": "LineString", "coordinates": [[-118.23889675965634, 34.061241278946554], [-118.23889675965634, 34.06122639494977], [-118.23888777650349, 34.06122639494977], [-118.23888777650349, 34.061241278946554], [-118.23889675965634, 34.061241278946554]]}, "properties": {"confidence": "high"}}, {"type": "Feature", "geometry": {"type": "LineString", "coordinates": [[-118.23807030959496, 34.061241278946554], [-118.23807030959496, 34.06122639494977], [-118.23806132644212, 34.06122639494977], [-118.23806132644212, 34.061241278946554], [-118.23807030959496, 34.061241278946554]]}, "properties": {"confidence": "high"}}, {"type": "Feature", "geometry": {"type": "LineString", "coordinates": [[-118.24468191008606, 34.06123383694848], [-118.24468191008606, 34.06122639494977], [-118.24467292693322, 34.06122639494977], [-118.24467292693322, 34.06123383694848], [-118.24468191008606, 34.06123383694848]]}, "properties": {"confidence": "high"}}, {"type": "Feature", "geometry": {"type": "LineString", "coordinates": [[-118.2418971327053, 34.06123383694848], [-118.2418971327053, 34.06122639494977], [-118.24187018324677, 34.06122639494977], [-118.24187018324677, 34.06123383694848], [-118.2418971327053, 34.06123383694848]]}, "properties": {"confidence": "high"}}, {"type": "Feature", "geometry": {"type": "LineString", "coordinates": [[-118.23641740947217, 34.06125616294073], [-118.23641740947217, 34.06121895295039], [-118.23640842631933, 34.06121895295039], [-118.23640842631933, 34.06125616294073], [-118.23641740947217, 34.06125616294073]]}, "properties": {"confidence": "high"}}, {"type": "Feature", "geometry": {"type": "LineString", "coordinates": [[-118.24469089323891, 34.06122639494977], [-118.24469089323891, 34.06121895295039], [-118.24468191008606, 34.06121895295039], [-118.24468191008606, 34.06122639494977], [-118.24469089323891, 34.06122639494977]]}, "properties": {"confidence": "high"}}, {"type": "Feature", "geometry": {"type": "LineString", "coordinates": [[-118.24461004486334, 34.06122639494977], [-118.24461004486334, 34.06121895295039], [-118.2446010617105, 34.06121895295039], [-118.2446010617105, 34.06122639494977], [-118.24461004486334, 34.06122639494977]]}, "properties": {"confidence": "high"}}, {"type": "Feature", "geometry": {"type": "LineString", "coordinates": [[-118.24187018324677, 34.06122639494977], [-118.24187018324677, 34.06121895295039], [-118.24184323378826, 34.06121895295039], [-118.24184323378826, 34.06122639494977], [-118.24187018324677, 34.06122639494977]]}, "properties": {"confidence": "high"}}, {"type": "Feature", "geometry": {"type": "LineString", "coordinates": [[-118.24242713872292, 34.061300814907575], [-118.24242713872292, 34.061211510950365], [-118.24241815557008, 34.061211510950365], [-118.24241815557008, 34.061300814907575], [-118.24242713872292, 34.061300814907575]]}, "properties": {"confidence": "high"}}, {"type": "Feature", "geometry": {"type": "LineString", "coordinates": [[-118.23890574280918, 34.06122639494977], [-118.23890574280918, 34.061211510950365], [-118.23889675965634, 34.061211510950365], [-118.23889675965634, 34.06122639494977], [-118.23890574280918, 34.06122639494977]]}, "properties": {"confidence": "high"}}, {"type": "Feature", "geometry": {"type": "LineString", "coordinates": [[-118.23807929274781, 34.06122639494977], [-118.23807929274781, 34.061211510950365], [-118.23807030959496, 34.061211510950365], [-118.23807030959496, 34.06122639494977], [-118.23807929274781, 34.06122639494977]]}, "properties": {"confidence": "high"}}, {"type": "Feature", "geometry": {"type": "LineString", "coordinates": [[-118.2372528426864, 34.06122639494977], [-118.2372528426864, 34.061211510950365], [-118.23724385953356, 34.061211510950365], [-118.23724385953356, 34.06122639494977], [-118.2372528426864, 34.06122639494977]]}, "properties": {"confidence": "high"}}, {"type": "Feature", "geometry": {"type": "LineString", "coordinates": [[-118.24469987639175, 34.06121895295039], [-118.24469987639175, 34.061211510950365], [-118.24469089323891, 34.061211510950365], [-118.24469089323891, 34.06121895295039], [-118.24469987639175, 34.06121895295039]]}, "properties": {"confidence": "high"}}, {"type": "Feature", "geometry": {"type": "LineString", "coordinates": [[-118.2446010617105, 34.06121895295039], [-118.2446010617105, 34.061211510950365], [-118.24459207855766, 34.061211510950365], [-118.24459207855766, 34.06121895295039], [-118.2446010617105, 34.06121895295039]]}, "properties": {"confidence": "high"}}, {"type": "Feature", "geometry": {"type": "LineString", "coordinates": [[-118.24184323378826, 34.06121895295039], [-118.24184323378826, 34.061211510950365], [-118.24178035171838, 34.061211510950365], [-118.24178035171838, 34.06121895295039], [-118.24184323378826, 34.06121895295039]]}, "properties": {"confidence": "high"}}, {"type": "Feature", "geometry": {"type": "LineString", "coordinates": [[-118.24470885954459, 34.061211510950365], [-118.24470885954459, 34.061204068949685], [-118.24469987639175, 34.061204068949685], [-118.24469987639175, 34.061211510950365], [-118.24470885954459, 34.061211510950365]]}, "properties": {"confidence": "high"}}, {"type": "Feature", "geometry": {"type": "LineString", "coordinates": [[-118.24173543595417, 34.06122639494977], [-118.24173543595417, 34.061211510950365], [-118.24178035171838, 34.061211510950365], [-118.24178035171838, 34.061204068949685], [-118.24172645280133, 34.061204068949685], [-118.24172645280133, 34.06122639494977], [-118.24173543595417, 34.06122639494977]]}, "properties": {"confidence": "high"}}, {"type": "Feature", "geometry": {"type": "LineString", "coordinates": [[-118.24029813149956, 34.06122639494977], [-118.24029813149956, 34.061196626948345], [-118.24028914834672, 34.061196626948345], [-118.24028914834672, 34.06122639494977], [-118.24029813149956, 34.06122639494977]]}, "properties": {"confidence": "high"}}, {"type": "Feature", "geometry": {"type": "LineString", "coordinates": [[-118.24459207855766, 34.061211510950365], [-118.24459207855766, 34.061196626948345], [-118.2445830954048, 34.061196626948345], [-118.2445830954048, 34.061211510950365], [-118.24459207855766, 34.061211510950365]]}, "properties": {"confidence": "high"}}, {"type": "Feature", "geometry": {"type": "LineString", "coordinates": [[-118.23891472596202, 34.061211510950365], [-118.23891472596202, 34.061196626948345], [-118.23890574280918, 34.061196626948345], [-118.23890574280918, 34.061211510950365], [-118.23891472596202, 34.061211510950365]]}, "properties": {"confidence": "high"}}, {"type": "Feature", "geometry": {"type": "LineString", "coordinates": [[-118.23808827590065, 34.061211510950365], [-118.23808827590065, 34.061196626948345], [-118.23807929274781, 34.061196626948345], [-118.23807929274781, 34.061211510950365], [-118.23808827590065, 34.061211510950365]]}, "properties": {"confidence": "high"}}, {"type": "Feature", "geometry": {"type": "LineString", "coordinates": [[-118.24471784269743, 34.061204068949685], [-118.24471784269743, 34.061196626948345], [-118.24470885954459, 34.061196626948345], [-118.24470885954459, 34.061204068949685], [-118.24471784269743, 34.061204068949685]]}, "properties": {"confidence": "high"}}, {"type": "Feature", "geometry": {"type": "LineString", "coordinates": [[-118.24172645280133, 34.061204068949685], [-118.24172645280133, 34.061196626948345], [-118.24171746964848, 34.061196626948345], [-118.24171746964848, 34.061204068949685], [-118.24172645280133, 34.061204068949685]]}, "properties": {"confidence": "high"}}, {"type": "Feature", "geometry": {"type": "LineString", "coordinates": [[-118.236426392625, 34.06121895295039], [-118.236426392625, 34.06118918494636], [-118.23641740947217, 34.06118918494636], [-118.23641740947217, 34.06121895295039], [-118.236426392625, 34.06121895295039]]}, "properties": {"confidence": "high"}}, {"type": "Feature", "geometry": {"type": "LineString", "coordinates": [[-118.23726182583925, 34.061211510950365], [-118.23726182583925, 34.06118918494636], [-118.2372528426864, 34.06118918494636], [-118.2372528426864, 34.061211510950365], [-118.23726182583925, 34.061211510950365]]}, "properties": {"confidence": "high"}}, {"type": "Feature", "geometry": {"type": "LineString", "coordinates": [[-118.24472682585026, 34.061196626948345], [-118.24472682585026, 34.06118918494636], [-118.24471784269743, 34.06118918494636], [-118.24471784269743, 34.061196626948345], [-118.24472682585026, 34.061196626948345]]}, "properties": {"confidence": "high"}}, {"type": "Feature", "geometry": {"type": "LineString", "coordinates": [[-118.2445830954048, 34.061196626948345], [-118.2445830954048, 34.06118918494636], [-118.24457411225197, 34.06118918494636], [-118.24457411225197, 34.061196626948345], [-118.2445830954048, 34.061196626948345]]}, "properties": {"confidence": "high"}}, {"type": "Feature", "geometry": {"type": "LineString", "coordinates": [[-118.24171746964848, 34.061196626948345], [-118.24171746964848, 34.06118918494636], [-118.2416995033428, 34.06118918494636], [-118.2416995033428, 34.061196626948345], [-118.24171746964848, 34.061196626948345]]}, "properties": {"confidence": "high"}}, {"type": "Feature", "geometry": {"type": "LineString", "coordinates": [[-118.24329850454852, 34.061367792813726], [-118.24329850454852, 34.06118174294372], [-118.24328952139568, 34.06118174294372], [-118.24328952139568, 34.061367792813726], [-118.24329850454852, 34.061367792813726]]}, "properties": {"confidence": "high"}}, {"type": "Feature", "geometry": {"type": "LineString", "coordinates": [[-118.23892370911486, 34.061196626948345], [-118.23892370911486, 34.06118174294372], [-118.23891472596202, 34.06118174294372], [-118.23891472596202, 34.061196626948345], [-118.23892370911486, 34.061196626948345]]}, "properties": {"confidence": "high"}}, {"type": "Feature", "geometry": {"type": "LineString", "coordinates": [[-118.23809725905349, 34.061196626948345], [-118.23809725905349, 34.06118174294372], [-118.23808827590065, 34.06118174294372], [-118.23808827590065, 34.061196626948345], [-118.23809725905349, 34.061196626948345]]}, "properties": {"confidence": "high"}}, {"type": "Feature", "geometry": {"type": "LineString", "coordinates": [[-118.2447358090031, 34.06118918494636], [-118.2447358090031, 34.06118174294372], [-118.24472682585026, 34.06118174294372], [-118.24472682585026, 34.06118918494636], [-118.2447358090031, 34.06118918494636]]}, "properties": {"confidence": "high"}}, {"type": "Feature", "geometry": {"type": "LineString", "coordinates": [[-118.24457411225197, 34.06118918494636], [-118.24457411225197, 34.06118174294372], [-118.24456512909913, 34.06118174294372], [-118.24456512909913, 34.06118918494636], [-118.24457411225197, 34.06118918494636]]}, "properties": {"confidence": "high"}}, {"type": "Feature", "geometry": {"type": "LineString", "coordinates": [[-118.2416995033428, 34.06118918494636], [-118.2416995033428, 34.06118174294372], [-118.24168153703712, 34.06118174294372], [-118.24168153703712, 34.06118918494636], [-118.2416995033428, 34.06118918494636]]}, "properties": {"confidence": "high"}}, {"type": "Feature", "geometry": {"type": "LineString", "coordinates": [[-118.2372708089921, 34.06118918494636], [-118.2372708089921, 34.061174300940415], [-118.23726182583925, 34.061174300940415], [-118.23726182583925, 34.06118918494636], [-118.2372708089921, 34.06118918494636]]}, "properties": {"confidence": "high"}}, {"type": "Feature", "geometry": {"type": "LineString", "coordinates": [[-118.24474479215596, 34.06118174294372], [-118.24474479215596, 34.061174300940415], [-118.2447358090031, 34.061174300940415], [-118.2447358090031, 34.06118174294372], [-118.24474479215596, 34.06118174294372]]}, "properties": {"confidence": "high"}}, {"type": "Feature", "geometry": {"type": "LineString", "coordinates": [[-118.24168153703712, 34.06118174294372], [-118.24168153703712, 34.061174300940415], [-118.24167255388429, 34.061174300940415], [-118.24167255388429, 34.06118174294372], [-118.24168153703712, 34.06118174294372]]}, "properties": {"confidence": "high"}}, {"type": "Feature", "geometry": {"type": "LineString", "coordinates": [[-118.24030711465242, 34.061196626948345], [-118.24030711465242, 34.06116685893647], [-118.24029813149956, 34.06116685893647], [-118.24029813149956, 34.061196626948345], [-118.24030711465242, 34.061196626948345]]}, "properties": {"confidence": "high"}}, {"type": "Feature", "geometry": {"type": "LineString", "coordinates": [[-118.23643537577786, 34.06118918494636], [-118.23643537577786, 34.06116685893647], [-118.236426392625, 34.06116685893647], [-118.236426392625, 34.06118918494636], [-118.23643537577786, 34.06118918494636]]}, "properties": {"confidence": "high"}}, {"type": "Feature", "geometry": {"type": "LineString", "coordinates": [[-118.24456512909913, 34.06118174294372], [-118.24456512909913, 34.06116685893647], [-118.24455614594629, 34.06116685893647], [-118.24455614594629, 34.06118174294372], [-118.24456512909913, 34.06118174294372]]}, "properties": {"confidence": "high"}}, {"type": "Feature", "geometry": {"type": "LineString", "coordinates": [[-118.24167255388429, 34.061174300940415], [-118.24167255388429, 34.06116685893647], [-118.2416545875786, 34.06116685893647], [-118.2416545875786, 34.061174300940415], [-118.24167255388429, 34.061174300940415]]}, "properties": {"confidence": "high"}}, {"type": "Feature", "geometry": {"type": "LineString", "coordinates": [[-118.2389326922677, 34.06118174294372], [-118.2389326922677, 34.06115941693186], [-118.23892370911486, 34.06115941693186], [-118.23892370911486, 34.06118174294372], [-118.2389326922677, 34.06118174294372]]}, "properties": {"confidence": "high"}}, {"type": "Feature", "geometry": {"type": "LineString", "coordinates": [[-118.23810624220633, 34.06118174294372], [-118.23810624220633, 34.06115941693186], [-118.23809725905349, 34.06115941693186], [-118.23809725905349, 34.06118174294372], [-118.23810624220633, 34.06118174294372]]}, "properties": {"confidence": "high"}}, {"type": "Feature", "geometry": {"type": "LineString", "coordinates": [[-118.2447537753088, 34.061174300940415], [-118.2447537753088, 34.06115941693186], [-118.24474479215596, 34.06115941693186], [-118.24474479215596, 34.061174300940415], [-118.2447537753088, 34.061174300940415]]}, "properties": {"confidence": "high"}}, {"type": "Feature", "geometry": {"type": "LineString", "coordinates": [[-118.24455614594629, 34.06116685893647], [-118.24455614594629, 34.06115941693186], [-118.24454716279345, 34.06115941693186], [-118.24454716279345, 34.06116685893647], [-118.24455614594629, 34.06116685893647]]}, "properties": {"confidence": "high"}}, {"type": "Feature", "geometry": {"type": "LineString", "coordinates": [[-118.2416545875786, 34.06116685893647], [-118.2416545875786, 34.06115941693186], [-118.24164560442576, 34.06115941693186], [-118.24164560442576, 34.06116685893647], [-118.2416545875786, 34.06116685893647]]}, "properties": {"confidence": "high"}}, {"type": "Feature", "geometry": {"type": "LineString", "coordinates": [[-118.23727979214493, 34.061174300940415], [-118.23727979214493, 34.06115197492661], [-118.2372708089921, 34.06115197492661], [-118.2372708089921, 34.061174300940415], [-118.23727979214493, 34.061174300940415]]}, "properties": {"confidence": "high"}}, {"type": "Feature", "geometry": {"type": "LineString", "coordinates": [[-118.24476275846163, 34.06115941693186], [-118.24476275846163, 34.06115197492661], [-118.2447537753088, 34.06115197492661], [-118.2447537753088, 34.06115941693186], [-118.24476275846163, 34.06115941693186]]}, "properties": {"confidence": "high"}}, {"type": "Feature", "geometry": {"type": "LineString", "coordinates": [[-118.24454716279345, 34.06115941693186], [-118.24454716279345, 34.06115197492661], [-118.24453817964061, 34.06115197492661], [-118.24453817964061, 34.06115941693186], [-118.24454716279345, 34.06115941693186]]}, "properties": {"confidence": "high"}}, {"type": "Feature", "geometry": {"type": "LineString", "coordinates": [[-118.24164560442576, 34.06115941693186], [-118.24164560442576, 34.06115197492661], [-118.24161865496724, 34.06115197492661], [-118.24161865496724, 34.06115941693186], [-118.24164560442576, 34.06115941693186]]}, "properties": {"confidence": "high"}}, {"type": "Feature", "geometry": {"type": "LineString", "coordinates": [[-118.24031609780526, 34.06116685893647], [-118.24031609780526, 34.06114453292069], [-118.24030711465242, 34.06114453292069], [-118.24030711465242, 34.06116685893647], [-118.24031609780526, 34.06116685893647]]}, "properties": {"confidence": "high"}}, {"type": "Feature", "geometry": {"type": "LineString", "coordinates": [[-118.23894167542053, 34.06115941693186], [-118.23894167542053, 34.06114453292069], [-118.2389326922677, 34.06114453292069], [-118.2389326922677, 34.06115941693186], [-118.23894167542053, 34.06115941693186]]}, "properties": {"confidence": "high"}}, {"type": "Feature", "geometry": {"type": "LineString", "coordinates": [[-118.23811522535917, 34.06115941693186], [-118.23811522535917, 34.06114453292069], [-118.23810624220633, 34.06114453292069], [-118.23810624220633, 34.06115941693186], [-118.23811522535917, 34.06115941693186]]}, "properties": {"confidence": "high"}}, {"type": "Feature", "geometry": {"type": "LineString", "coordinates": [[-118.24453817964061, 34.06115197492661], [-118.24453817964061, 34.06114453292069], [-118.24452919648776, 34.06114453292069], [-118.24452919648776, 34.06115197492661], [-118.24453817964061, 34.06115197492661]]}, "properties": {"confidence": "high"}}, {"type": "Feature", "geometry": {"type": "LineString", "coordinates": [[-118.24161865496724, 34.06115197492661], [-118.24161865496724, 34.06114453292069], [-118.24160068866155, 34.06114453292069], [-118.24160068866155, 34.06115197492661], [-118.24161865496724, 34.06115197492661]]}, "properties": {"confidence": "high"}}, {"type": "Feature", "geometry": {"type": "LineString", "coordinates": [[-118.24330748770137, 34.06118174294372], [-118.24330748770137, 34.06113709091413], [-118.24329850454852, 34.06113709091413], [-118.24329850454852, 34.06118174294372], [-118.24330748770137, 34.06118174294372]]}, "properties": {"confidence": "high"}}, {"type": "Feature", "geometry": {"type": "LineString", "coordinates": [[-118.24477174161447, 34.06115197492661], [-118.24477174161447, 34.06113709091413], [-118.24476275846163, 34.06113709091413], [-118.24476275846163, 34.06115197492661], [-118.24477174161447, 34.06115197492661]]}, "properties": {"confidence": "high"}}, {"type": "Feature", "geometry": {"type": "LineString", "coordinates": [[-118.23728877529777, 34.06115197492661], [-118.23728877529777, 34.06113709091413], [-118.23727979214493, 34.06113709091413], [-118.23727979214493, 34.06115197492661], [-118.23728877529777, 34.06115197492661]]}, "properties": {"confidence": "high"}}, {"type": "Feature", "geometry": {"type": "LineString", "coordinates": [[-118.24452919648776, 34.06114453292069], [-118.24452919648776, 34.06113709091413], [-118.24452021333492, 34.06113709091413], [-118.24452021333492, 34.06114453292069], [-118.24452919648776, 34.06114453292069]]}, "properties": {"confidence": "high"}}, {"type": "Feature", "geometry": {"type": "LineString", "coordinates": [[-118.24160068866155, 34.06114453292069], [-118.24160068866155, 34.06113709091413], [-118.24157373920303, 34.06113709091413], [-118.24157373920303, 34.06114453292069], [-118.24160068866155, 34.06114453292069]]}, "properties": {"confidence": "high"}}, {"type": "Feature", "geometry": {"type": "LineString", "coordinates": [[-118.24243612187577, 34.061211510950365], [-118.24243612187577, 34.06112964890691], [-118.24242713872292, 34.06112964890691], [-118.24242713872292, 34.061211510950365], [-118.24243612187577, 34.061211510950365]]}, "properties": {"confidence": "high"}}, {"type": "Feature", "geometry": {"type": "LineString", "coordinates": [[-118.2364443589307, 34.06116685893647], [-118.2364443589307, 34.06112964890691], [-118.23643537577786, 34.06112964890691], [-118.23643537577786, 34.06116685893647], [-118.2364443589307, 34.06116685893647]]}, "properties": {"confidence": "high"}}, {"type": "Feature", "geometry": {"type": "LineString", "coordinates": [[-118.2403250809581, 34.06114453292069], [-118.2403250809581, 34.06112964890691], [-118.24031609780526, 34.06112964890691], [-118.24031609780526, 34.06114453292069], [-118.2403250809581, 34.06114453292069]]}, "properties": {"confidence": "high"}}, {"type": "Feature", "geometry": {"type": "LineString", "coordinates": [[-118.24478072476731, 34.06113709091413], [-118.24478072476731, 34.06112964890691], [-118.24477174161447, 34.06112964890691], [-118.24477174161447, 34.06113709091413], [-118.24478072476731, 34.06113709091413]]}, "properties": {"confidence": "high"}}, {"type": "Feature", "geometry": {"type": "LineString", "coordinates": [[-118.24452021333492, 34.06113709091413], [-118.24452021333492, 34.06112964890691], [-118.24451123018208, 34.06112964890691], [-118.24451123018208, 34.06113709091413], [-118.24452021333492, 34.06113709091413]]}, "properties": {"confidence": "high"}}, {"type": "Feature", "geometry": {"type": "LineString", "coordinates": [[-118.24157373920303, 34.06113709091413], [-118.24157373920303, 34.06112964890691], [-118.24155577289734, 34.06112964890691], [-118.24155577289734, 34.06113709091413], [-118.24157373920303, 34.06113709091413]]}, "properties": {"confidence": "high"}}, {"type": "Feature", "geometry": {"type": "LineString", "coordinates": [[-118.23895065857339, 34.06114453292069], [-118.23895065857339, 34.06112220689904], [-118.23894167542053, 34.06112220689904], [-118.23894167542053, 34.06114453292069], [-118.23895065857339, 34.06114453292069]]}, "properties": {"confidence": "high"}}, {"type": "Feature", "geometry": {"type": "LineString", "coordinates": [[-118.238124208512, 34.06114453292069], [-118.238124208512, 34.06112220689904], [-118.23811522535917, 34.06112220689904], [-118.23811522535917, 34.06114453292069], [-118.238124208512, 34.06114453292069]]}, "properties": {"confidence": "high"}}, {"type": "Feature", "geometry": {"type": "LineString", "coordinates": [[-118.24478970792015, 34.06112964890691], [-118.24478970792015, 34.06112220689904], [-118.24478072476731, 34.06112220689904], [-118.24478072476731, 34.06112964890691], [-118.24478970792015, 34.06112964890691]]}, "properties": {"confidence": "high"}}, {"type": "Feature", "geometry": {"type": "LineString", "coordinates": [[-118.24451123018208, 34.06112964890691], [-118.24451123018208, 34.06112220689904], [-118.24450224702925, 34.06112220689904], [-118.24450224702925, 34.06112964890691], [-118.24451123018208, 34.06112964890691]]}, "properties": {"confidence": "high"}}, {"type": "Feature", "geometry": {"type": "LineString", "coordinates": [[-118.24155577289734, 34.06112964890691], [-118.24155577289734, 34.06112220689904], [-118.24153780659167, 34.06112220689904], [-118.24153780659167, 34.06112964890691], [-118.24155577289734, 34.06112964890691]]}, "properties": {"confidence": "high"}}, {"type": "Feature", "geometry": {"type": "LineString", "coordinates": [[-118.23729775845061, 34.06113709091413], [-118.23729775845061, 34.06111476489052], [-118.23728877529777, 34.06111476489052], [-118.23728877529777, 34.06113709091413], [-118.23729775845061, 34.06113709091413]]}, "properties": {"confidence": "high"}}, {"type": "Feature", "geometry": {"type": "LineString", "coordinates": [[-118.24450224702925, 34.06112220689904], [-118.24450224702925, 34.06111476489052], [-118.24449326387641, 34.06111476489052], [-118.24449326387641, 34.06112220689904], [-118.24450224702925, 34.06112220689904]]}, "properties": {"confidence": "high"}}, {"type": "Feature", "geometry": {"type": "LineString", "coordinates": [[-118.24153780659167, 34.06112220689904], [-118.24153780659167, 34.06111476489052], [-118.24151085713314, 34.06111476489052], [-118.24151085713314, 34.06112220689904], [-118.24153780659167, 34.06112220689904]]}, "properties": {"confidence": "high"}}, {"type": "Feature", "geometry": {"type": "LineString", "coordinates": [[-118.24331647085421, 34.06113709091413], [-118.24331647085421, 34.061107322881334], [-118.24330748770137, 34.061107322881334], [-118.24330748770137, 34.06113709091413], [-118.24331647085421, 34.06113709091413]]}, "properties": {"confidence": "high"}}, {"type": "Feature", "geometry": {"type": "LineString", "coordinates": [[-118.24033406411094, 34.06112964890691], [-118.24033406411094, 34.061107322881334], [-118.2403250809581, 34.061107322881334], [-118.2403250809581, 34.06112964890691], [-118.24033406411094, 34.06112964890691]]}, "properties": {"confidence": "high"}}, {"type": "Feature", "geometry": {"type": "LineString", "coordinates": [[-118.244798691073, 34.06112220689904], [-118.244798691073, 34.061107322881334], [-118.24478970792015, 34.061107322881334], [-118.24478970792015, 34.06112220689904], [-118.244798691073, 34.06112220689904]]}, "properties": {"confidence": "high"}}, {"type": "Feature", "geometry": {"type": "LineString", "coordinates": [[-118.24449326387641, 34.06111476489052], [-118.24449326387641, 34.061107322881334], [-118.24448428072355, 34.061107322881334], [-118.24448428072355, 34.06111476489052], [-118.24449326387641, 34.06111476489052]]}, "properties": {"confidence": "high"}}, {"type": "Feature", "geometry": {"type": "LineString", "coordinates": [[-118.24151085713314, 34.06111476489052], [-118.24151085713314, 34.061107322881334], [-118.24149289082746, 34.061107322881334], [-118.24149289082746, 34.06111476489052], [-118.24151085713314, 34.06111476489052]]}, "properties": {"confidence": "high"}}, {"type": "Feature", "geometry": {"type": "LineString", "coordinates": [[-118.23895964172623, 34.06112220689904], [-118.23895964172623, 34.06109988087151], [-118.23895065857339, 34.06109988087151], [-118.23895065857339, 34.06112220689904], [-118.23895964172623, 34.06112220689904]]}, "properties": {"confidence": "high"}}, {"type": "Feature", "geometry": {"type": "LineString", "coordinates": [[-118.23813319166486, 34.06112220689904], [-118.23813319166486, 34.06109988087151], [-118.238124208512, 34.06109988087151], [-118.238124208512, 34.06112220689904], [-118.23813319166486, 34.06112220689904]]}, "properties": {"confidence": "high"}}, {"type": "Feature", "geometry": {"type": "LineString", "coordinates": [[-118.24480767422584, 34.061107322881334], [-118.24480767422584, 34.06109988087151], [-118.244798691073, 34.06109988087151], [-118.244798691073, 34.061107322881334], [-118.24480767422584, 34.061107322881334]]}, "properties": {"confidence": "high"}}, {"type": "Feature", "geometry": {"type": "LineString", "coordinates": [[-118.24448428072355, 34.061107322881334], [-118.24448428072355, 34.06109988087151], [-118.24447529757072, 34.06109988087151], [-118.24447529757072, 34.061107322881334], [-118.24448428072355, 34.061107322881334]]}, "properties": {"confidence": "high"}}, {"type": "Feature", "geometry": {"type": "LineString", "coordinates": [[-118.24149289082746, 34.061107322881334], [-118.24149289082746, 34.06109988087151], [-118.24146594136894, 34.06109988087151], [-118.24146594136894, 34.061107322881334], [-118.24149289082746, 34.061107322881334]]}, "properties": {"confidence": "high"}}, {"type": "Feature", "geometry": {"type": "LineString", "coordinates": [[-118.23730674160346, 34.06111476489052], [-118.23730674160346, 34.061092438861024], [-118.23729775845061, 34.061092438861024], [-118.23729775845061, 34.06111476489052], [-118.23730674160346, 34.06111476489052]]}, "properties": {"confidence": "high"}}, {"type": "Feature", "geometry": {"type": "LineString", "coordinates": [[-118.24481665737868, 34.06109988087151], [-118.24481665737868, 34.061092438861024], [-118.24480767422584, 34.061092438861024], [-118.24480767422584, 34.06109988087151], [-118.24481665737868, 34.06109988087151]]}, "properties": {"confidence": "high"}}, {"type": "Feature", "geometry": {"type": "LineString", "coordinates": [[-118.24447529757072, 34.06109988087151], [-118.24447529757072, 34.061092438861024], [-118.24446631441788, 34.061092438861024], [-118.24446631441788, 34.06109988087151], [-118.24447529757072, 34.06109988087151]]}, "properties": {"confidence": "high"}}, {"type": "Feature", "geometry": {"type": "LineString", "coordinates": [[-118.24146594136894, 34.06109988087151], [-118.24146594136894, 34.061092438861024], [-118.24144797506325, 34.061092438861024], [-118.24144797506325, 34.06109988087151], [-118.24146594136894, 34.06109988087151]]}, "properties": {"confidence": "high"}}, {"type": "Feature", "geometry": {"type": "LineString", "coordinates": [[-118.23645334208354, 34.06112964890691], [-118.23645334208354, 34.061084996849885], [-118.2364443589307, 34.061084996849885], [-118.2364443589307, 34.06112964890691], [-118.23645334208354, 34.06112964890691]]}, "properties": {"confidence": "high"}}, {"type": "Feature", "geometry": {"type": "LineString", "coordinates": [[-118.24332545400705, 34.061107322881334], [-118.24332545400705, 34.061084996849885], [-118.24331647085421, 34.061084996849885], [-118.24331647085421, 34.061107322881334], [-118.24332545400705, 34.061107322881334]]}, "properties": {"confidence": "high"}}, {"type": "Feature", "geometry": {"type": "LineString", "coordinates": [[-118.2381421748177, 34.06109988087151], [-118.2381421748177, 34.061084996849885], [-118.23813319166486, 34.061084996849885], [-118.23813319166486, 34.06109988087151], [-118.2381421748177, 34.06109988087151]]}, "properties": {"confidence": "high"}}, {"type": "Feature", "geometry": {"type": "LineString", "coordinates": [[-118.24482564053152, 34.061092438861024], [-118.24482564053152, 34.061084996849885], [-118.24481665737868, 34.061084996849885], [-118.24481665737868, 34.061092438861024], [-118.24482564053152, 34.061092438861024]]}, "properties": {"confidence": "high"}}, {"type": "Feature", "geometry": {"type": "LineString", "coordinates": [[-118.24446631441788, 34.061092438861024], [-118.24446631441788, 34.061084996849885], [-118.24445733126504, 34.061084996849885], [-118.24445733126504, 34.061092438861024], [-118.24446631441788, 34.061092438861024]]}, "properties": {"confidence": "high"}}, {"type": "Feature", "geometry": {"type": "LineString", "coordinates": [[-118.24144797506325, 34.061092438861024], [-118.24144797506325, 34.061084996849885], [-118.24142102560471, 34.061084996849885], [-118.24142102560471, 34.061092438861024], [-118.24144797506325, 34.061092438861024]]}, "properties": {"confidence": "high"}}, {"type": "Feature", "geometry": {"type": "LineString", "coordinates": [[-118.24034304726379, 34.061107322881334], [-118.24034304726379, 34.0610775548381], [-118.24033406411094, 34.0610775548381], [-118.24033406411094, 34.061107322881334], [-118.24034304726379, 34.061107322881334]]}, "properties": {"confidence": "high"}}, {"type": "Feature", "geometry": {"type": "LineString", "coordinates": [[-118.23896862487906, 34.06109988087151], [-118.23896862487906, 34.0610775548381], [-118.23895964172623, 34.0610775548381], [-118.23895964172623, 34.06109988087151], [-118.23896862487906, 34.06109988087151]]}, "properties": {"confidence": "high"}}, {"type": "Feature", "geometry": {"type": "LineString", "coordinates": [[-118.2373157247563, 34.061092438861024], [-118.2373157247563, 34.0610775548381], [-118.23730674160346, 34.0610775548381], [-118.23730674160346, 34.061092438861024], [-118.2373157247563, 34.061092438861024]]}, "properties": {"confidence": "high"}}, {"type": "Feature", "geometry": {"type": "LineString", "coordinates": [[-118.24483462368435, 34.061084996849885], [-118.24483462368435, 34.0610775548381], [-118.24482564053152, 34.0610775548381], [-118.24482564053152, 34.061084996849885], [-118.24483462368435, 34.061084996849885]]}, "properties": {"confidence": "high"}}, {"type": "Feature", "geometry": {"type": "LineString", "coordinates": [[-118.24445733126504, 34.061084996849885], [-118.24445733126504, 34.0610775548381], [-118.2444483481122, 34.0610775548381], [-118.2444483481122, 34.061084996849885], [-118.24445733126504, 34.061084996849885]]}, "properties": {"confidence": "high"}}, {"type": "Feature", "geometry": {"type": "LineString", "coordinates": [[-118.24142102560471, 34.061084996849885], [-118.24142102560471, 34.0610775548381], [-118.24140305929902, 34.0610775548381], [-118.24140305929902, 34.061084996849885], [-118.24142102560471, 34.061084996849885]]}, "properties": {"confidence": "high"}}, {"type": "Feature", "geometry": {"type": "LineString", "coordinates": [[-118.24484360683721, 34.0610775548381], [-118.24484360683721, 34.06107011282565], [-118.24483462368435, 34.06107011282565], [-118.24483462368435, 34.0610775548381], [-118.24484360683721, 34.0610775548381]]}, "properties": {"confidence": "high"}}, {"type": "Feature", "geometry": {"type": "LineString", "coordinates": [[-118.2444483481122, 34.0610775548381], [-118.2444483481122, 34.06107011282565], [-118.24443936495936, 34.06107011282565], [-118.24443936495936, 34.0610775548381], [-118.2444483481122, 34.0610775548381]]}, "properties": {"confidence": "high"}}, {"type": "Feature", "geometry": {"type": "LineString", "coordinates": [[-118.24140305929902, 34.0610775548381], [-118.24140305929902, 34.06107011282565], [-118.24138509299334, 34.06107011282565], [-118.24138509299334, 34.0610775548381], [-118.24140305929902, 34.0610775548381]]}, "properties": {"confidence": "high"}}, {"type": "Feature", "geometry": {"type": "LineString", "coordinates": [[-118.24333443715989, 34.061084996849885], [-118.24333443715989, 34.061062670812554], [-118.24332545400705, 34.061062670812554], [-118.24332545400705, 34.061084996849885], [-118.24333443715989, 34.061084996849885]]}, "properties": {"confidence": "high"}}, {"type": "Feature", "geometry": {"type": "LineString", "coordinates": [[-118.23815115797053, 34.061084996849885], [-118.23815115797053, 34.061062670812554], [-118.2381421748177, 34.061062670812554], [-118.2381421748177, 34.061084996849885], [-118.23815115797053, 34.061084996849885]]}, "properties": {"confidence": "high"}}, {"type": "Feature", "geometry": {"type": "LineString", "coordinates": [[-118.24035203041663, 34.0610775548381], [-118.24035203041663, 34.061062670812554], [-118.24034304726379, 34.061062670812554], [-118.24034304726379, 34.0610775548381], [-118.24035203041663, 34.0610775548381]]}, "properties": {"confidence": "high"}}, {"type": "Feature", "geometry": {"type": "LineString", "coordinates": [[-118.2389776080319, 34.0610775548381], [-118.2389776080319, 34.061062670812554], [-118.23896862487906, 34.061062670812554], [-118.23896862487906, 34.0610775548381], [-118.2389776080319, 34.0610775548381]]}, "properties": {"confidence": "high"}}, {"type": "Feature", "geometry": {"type": "LineString", "coordinates": [[-118.23732470790914, 34.0610775548381], [-118.23732470790914, 34.061062670812554], [-118.2373157247563, 34.061062670812554], [-118.2373157247563, 34.0610775548381], [-118.23732470790914, 34.0610775548381]]}, "properties": {"confidence": "high"}}, {"type": "Feature", "geometry": {"type": "LineString", "coordinates": [[-118.24485258999007, 34.06107011282565], [-118.24485258999007, 34.061062670812554], [-118.24484360683721, 34.061062670812554], [-118.24484360683721, 34.06107011282565], [-118.24485258999007, 34.06107011282565]]}, "properties": {"confidence": "high"}}, {"type": "Feature", "geometry": {"type": "LineString", "coordinates": [[-118.24443936495936, 34.06107011282565], [-118.24443936495936, 34.061062670812554], [-118.24443038180651, 34.061062670812554], [-118.24443038180651, 34.06107011282565], [-118.24443936495936, 34.06107011282565]]}, "properties": {"confidence": "high"}}, {"type": "Feature", "geometry": {"type": "LineString", "coordinates": [[-118.24138509299334, 34.06107011282565], [-118.24138509299334, 34.061062670812554], [-118.24136712668766, 34.061062670812554], [-118.24136712668766, 34.06107011282565], [-118.24138509299334, 34.06107011282565]]}, "properties": {"confidence": "high"}}, {"type": "Feature", "geometry": {"type": "LineString", "coordinates": [[-118.24486157314291, 34.061062670812554], [-118.24486157314291, 34.0610552287988], [-118.24485258999007, 34.0610552287988], [-118.24485258999007, 34.061062670812554], [-118.24486157314291, 34.061062670812554]]}, "properties": {"confidence": "high"}}, {"type": "Feature", "geometry": {"type": "LineString", "coordinates": [[-118.24443038180651, 34.061062670812554], [-118.24443038180651, 34.0610552287988], [-118.24442139865367, 34.0610552287988], [-118.24442139865367, 34.061062670812554], [-118.24443038180651, 34.061062670812554]]}, "properties": {"confidence": "high"}}, {"type": "Feature", "geometry": {"type": "LineString", "coordinates": [[-118.24136712668766, 34.061062670812554], [-118.24136712668766, 34.0610552287988], [-118.24134916038197, 34.0610552287988], [-118.24134916038197, 34.061062670812554], [-118.24136712668766, 34.061062670812554]]}, "properties": {"confidence": "high"}}, {"type": "Feature", "geometry": {"type": "LineString", "coordinates": [[-118.24244510502861, 34.06112964890691], [-118.24244510502861, 34.061047786784385], [-118.24243612187577, 34.061047786784385], [-118.24243612187577, 34.06112964890691], [-118.24244510502861, 34.06112964890691]]}, "properties": {"confidence": "high"}}, {"type": "Feature", "geometry": {"type": "LineString", "coordinates": [[-118.24334342031273, 34.061062670812554], [-118.24334342031273, 34.061047786784385], [-118.24333443715989, 34.061047786784385], [-118.24333443715989, 34.061062670812554], [-118.24334342031273, 34.061062670812554]]}, "properties": {"confidence": "high"}}, {"type": "Feature", "geometry": {"type": "LineString", "coordinates": [[-118.23816014112337, 34.061062670812554], [-118.23816014112337, 34.061047786784385], [-118.23815115797053, 34.061047786784385], [-118.23815115797053, 34.061062670812554], [-118.23816014112337, 34.061062670812554]]}, "properties": {"confidence": "high"}}, {"type": "Feature", "geometry": {"type": "LineString", "coordinates": [[-118.24487055629575, 34.0610552287988], [-118.24487055629575, 34.061047786784385], [-118.24486157314291, 34.061047786784385], [-118.24486157314291, 34.0610552287988], [-118.24487055629575, 34.0610552287988]]}, "properties": {"confidence": "high"}}, {"type": "Feature", "geometry": {"type": "LineString", "coordinates": [[-118.24442139865367, 34.0610552287988], [-118.24442139865367, 34.061047786784385], [-118.24441241550083, 34.061047786784385], [-118.24441241550083, 34.0610552287988], [-118.24442139865367, 34.0610552287988]]}, "properties": {"confidence": "high"}}, {"type": "Feature", "geometry": {"type": "LineString", "coordinates": [[-118.24134916038197, 34.0610552287988], [-118.24134916038197, 34.061047786784385], [-118.24132221092346, 34.061047786784385], [-118.24132221092346, 34.0610552287988], [-118.24134916038197, 34.0610552287988]]}, "properties": {"confidence": "high"}}, {"type": "Feature", "geometry": {"type": "LineString", "coordinates": [[-118.23646232523637, 34.061084996849885], [-118.23646232523637, 34.06104034476933], [-118.23645334208354, 34.06104034476933], [-118.23645334208354, 34.061084996849885], [-118.23646232523637, 34.061084996849885]]}, "properties": {"confidence": "high"}}, {"type": "Feature", "geometry": {"type": "LineString", "coordinates": [[-118.24036101356947, 34.061062670812554], [-118.24036101356947, 34.06104034476933], [-118.24035203041663, 34.06104034476933], [-118.24035203041663, 34.061062670812554], [-118.24036101356947, 34.061062670812554]]}, "properties": {"confidence": "high"}}, {"type": "Feature", "geometry": {"type": "LineString", "coordinates": [[-118.23898659118474, 34.061062670812554], [-118.23898659118474, 34.06104034476933], [-118.2389776080319, 34.06104034476933], [-118.2389776080319, 34.061062670812554], [-118.23898659118474, 34.061062670812554]]}, "properties": {"confidence": "high"}}, {"type": "Feature", "geometry": {"type": "LineString", "coordinates": [[-118.23733369106198, 34.061062670812554], [-118.23733369106198, 34.06104034476933], [-118.23732470790914, 34.06104034476933], [-118.23732470790914, 34.061062670812554], [-118.23733369106198, 34.061062670812554]]}, "properties": {"confidence": "high"}}, {"type": "Feature", "geometry": {"type": "LineString", "coordinates": [[-118.24487953944859, 34.061047786784385], [-118.24487953944859, 34.06104034476933], [-118.24487055629575, 34.06104034476933], [-118.24487055629575, 34.061047786784385], [-118.24487953944859, 34.061047786784385]]}, "properties": {"confidence": "high"}}, {"type": "Feature", "geometry": {"type": "LineString", "coordinates": [[-118.24441241550083, 34.061047786784385], [-118.24441241550083, 34.06104034476933], [-118.244403432348, 34.06104034476933], [-118.244403432348, 34.061047786784385], [-118.24441241550083, 34.061047786784385]]}, "properties": {"confidence": "high"}}, {"type": "Feature", "geometry": {"type": "LineString", "coordinates": [[-118.24132221092346, 34.061047786784385], [-118.24132221092346, 34.06104034476933], [-118.24130424461778, 34.06104034476933], [-118.24130424461778, 34.061047786784385], [-118.24132221092346, 34.061047786784385]]}, "properties": {"confidence": "high"}}, {"type": "Feature", "geometry": {"type": "LineString", "coordinates": [[-118.24335240346556, 34.061047786784385], [-118.24335240346556, 34.06103290275362], [-118.24334342031273, 34.06103290275362], [-118.24334342031273, 34.061047786784385], [-118.24335240346556, 34.061047786784385]]}, "properties": {"confidence": "high"}}, {"type": "Feature", "geometry": {"type": "LineString", "coordinates": [[-118.24488852260143, 34.06104034476933], [-118.24488852260143, 34.06103290275362], [-118.24487953944859, 34.06103290275362], [-118.24487953944859, 34.06104034476933], [-118.24488852260143, 34.06104034476933]]}, "properties": {"confidence": "high"}}, {"type": "Feature", "geometry": {"type": "LineString", "coordinates": [[-118.244403432348, 34.06104034476933], [-118.244403432348, 34.06103290275362], [-118.24439444919516, 34.06103290275362], [-118.24439444919516, 34.06104034476933], [-118.244403432348, 34.06104034476933]]}, "properties": {"confidence": "high"}}, {"type": "Feature", "geometry": {"type": "LineString", "coordinates": [[-118.24130424461778, 34.06104034476933], [-118.24130424461778, 34.06103290275362], [-118.24127729515925, 34.06103290275362], [-118.24127729515925, 34.06104034476933], [-118.24130424461778, 34.06104034476933]]}, "properties": {"confidence": "high"}}, {"type": "Feature", "geometry": {"type": "LineString", "coordinates": [[-118.23816912427621, 34.061047786784385], [-118.23816912427621, 34.06102546073725], [-118.23816014112337, 34.06102546073725], [-118.23816014112337, 34.061047786784385], [-118.23816912427621, 34.061047786784385]]}, "properties": {"confidence": "high"}}, {"type": "Feature", "geometry": {"type": "LineString", "coordinates": [[-118.2389955743376, 34.06104034476933], [-118.2389955743376, 34.06102546073725], [-118.23898659118474, 34.06102546073725], [-118.23898659118474, 34.06104034476933], [-118.2389955743376, 34.06104034476933]]}, "properties": {"confidence": "high"}}, {"type": "Feature", "geometry": {"type": "LineString", "coordinates": [[-118.23734267421482, 34.06104034476933], [-118.23734267421482, 34.06102546073725], [-118.23733369106198, 34.06102546073725], [-118.23733369106198, 34.06104034476933], [-118.23734267421482, 34.06104034476933]]}, "properties": {"confidence": "high"}}, {"type": "Feature", "geometry": {"type": "LineString", "coordinates": [[-118.24489750575427, 34.06103290275362], [-118.24489750575427, 34.06102546073725], [-118.24488852260143, 34.06102546073725], [-118.24488852260143, 34.06103290275362], [-118.24489750575427, 34.06103290275362]]}, "properties": {"confidence": "high"}}, {"type": "Feature", "geometry": {"type": "LineString", "coordinates": [[-118.24439444919516, 34.06103290275362], [-118.24439444919516, 34.06102546073725], [-118.24438546604232, 34.06102546073725], [-118.24438546604232, 34.06103290275362], [-118.24439444919516, 34.06103290275362]]}, "properties": {"confidence": "high"}}, {"type": "Feature", "geometry": {"type": "LineString", "coordinates": [[-118.24127729515925, 34.06103290275362], [-118.24127729515925, 34.06102546073725], [-118.24125932885357, 34.06102546073725], [-118.24125932885357, 34.06103290275362], [-118.24127729515925, 34.06103290275362]]}, "properties": {"confidence": "high"}}, {"type": "Feature", "geometry": {"type": "LineString", "coordinates": [[-118.24036999672231, 34.06104034476933], [-118.24036999672231, 34.06101801872023], [-118.24036101356947, 34.06101801872023], [-118.24036101356947, 34.06104034476933], [-118.24036999672231, 34.06104034476933]]}, "properties": {"confidence": "high"}}, {"type": "Feature", "geometry": {"type": "LineString", "coordinates": [[-118.24490648890712, 34.06102546073725], [-118.24490648890712, 34.06101801872023], [-118.24489750575427, 34.06101801872023], [-118.24489750575427, 34.06102546073725], [-118.24490648890712, 34.06102546073725]]}, "properties": {"confidence": "high"}}, {"type": "Feature", "geometry": {"type": "LineString", "coordinates": [[-118.24438546604232, 34.06102546073725], [-118.24438546604232, 34.06101801872023], [-118.24437648288946, 34.06101801872023], [-118.24437648288946, 34.06102546073725], [-118.24438546604232, 34.06102546073725]]}, "properties": {"confidence": "high"}}, {"type": "Feature", "geometry": {"type": "LineString", "coordinates": [[-118.24125932885357, 34.06102546073725], [-118.24125932885357, 34.06101801872023], [-118.24123237939504, 34.06101801872023], [-118.24123237939504, 34.06102546073725], [-118.24125932885357, 34.06102546073725]]}, "properties": {"confidence": "high"}}, {"type": "Feature", "geometry": {"type": "LineString", "coordinates": [[-118.23647130838921, 34.06104034476933], [-118.23647130838921, 34.061010576702564], [-118.23646232523637, 34.061010576702564], [-118.23646232523637, 34.06104034476933], [-118.23647130838921, 34.06104034476933]]}, "properties": {"confidence": "high"}}, {"type": "Feature", "geometry": {"type": "LineString", "coordinates": [[-118.24336138661842, 34.06103290275362], [-118.24336138661842, 34.061010576702564], [-118.24335240346556, 34.061010576702564], [-118.24335240346556, 34.06103290275362], [-118.24336138661842, 34.06103290275362]]}, "properties": {"confidence": "high"}}, {"type": "Feature", "geometry": {"type": "LineString", "coordinates": [[-118.23735165736765, 34.06102546073725], [-118.23735165736765, 34.061010576702564], [-118.23734267421482, 34.061010576702564], [-118.23734267421482, 34.06102546073725], [-118.23735165736765, 34.06102546073725]]}, "properties": {"confidence": "high"}}, {"type": "Feature", "geometry": {"type": "LineString", "coordinates": [[-118.24491547205996, 34.06101801872023], [-118.24491547205996, 34.061010576702564], [-118.24490648890712, 34.061010576702564], [-118.24490648890712, 34.06101801872023], [-118.24491547205996, 34.06101801872023]]}, "properties": {"confidence": "high"}}, {"type": "Feature", "geometry": {"type": "LineString", "coordinates": [[-118.24437648288946, 34.06101801872023], [-118.24437648288946, 34.061010576702564], [-118.24436749973663, 34.061010576702564], [-118.24436749973663, 34.06101801872023], [-118.24437648288946, 34.06101801872023]]}, "properties": {"confidence": "high"}}, {"type": "Feature", "geometry": {"type": "LineString", "coordinates": [[-118.24123237939504, 34.06101801872023], [-118.24123237939504, 34.061010576702564], [-118.24121441308937, 34.061010576702564], [-118.24121441308937, 34.06101801872023], [-118.24123237939504, 34.06101801872023]]}, "properties": {"confidence": "high"}}, {"type": "Feature", "geometry": {"type": "LineString", "coordinates": [[-118.23900455749043, 34.06102546073725], [-118.23900455749043, 34.061003134684235], [-118.2389955743376, 34.061003134684235], [-118.2389955743376, 34.06102546073725], [-118.23900455749043, 34.06102546073725]]}, "properties": {"confidence": "high"}}, {"type": "Feature", "geometry": {"type": "LineString", "coordinates": [[-118.23817810742905, 34.06102546073725], [-118.23817810742905, 34.061003134684235], [-118.23816912427621, 34.061003134684235], [-118.23816912427621, 34.06102546073725], [-118.23817810742905, 34.06102546073725]]}, "properties": {"confidence": "high"}}, {"type": "Feature", "geometry": {"type": "LineString", "coordinates": [[-118.2449244552128, 34.061010576702564], [-118.2449244552128, 34.061003134684235], [-118.24491547205996, 34.061003134684235], [-118.24491547205996, 34.061010576702564], [-118.2449244552128, 34.061010576702564]]}, "properties": {"confidence": "high"}}, {"type": "Feature", "geometry": {"type": "LineString", "coordinates": [[-118.24436749973663, 34.061010576702564], [-118.24436749973663, 34.061003134684235], [-118.24435851658379, 34.061003134684235], [-118.24435851658379, 34.061010576702564], [-118.24436749973663, 34.061010576702564]]}, "properties": {"confidence": "high"}}, {"type": "Feature", "geometry": {"type": "LineString", "coordinates": [[-118.24337036977126, 34.061010576702564], [-118.24337036977126, 34.061003134684235], [-118.24336138661842, 34.061003134684235], [-118.24336138661842, 34.061010576702564], [-118.24337036977126, 34.061010576702564]]}, "properties": {"confidence": "high"}}, {"type": "Feature", "geometry": {"type": "LineString", "coordinates": [[-118.24121441308937, 34.061010576702564], [-118.24121441308937, 34.061003134684235], [-118.24118746363084, 34.061003134684235], [-118.24118746363084, 34.061010576702564], [-118.24121441308937, 34.061010576702564]]}, "properties": {"confidence": "high"}}, {"type": "Feature", "geometry": {"type": "LineString", "coordinates": [[-118.24037897987515, 34.06101801872023], [-118.24037897987515, 34.06099569266525], [-118.24036999672231, 34.06099569266525], [-118.24036999672231, 34.06101801872023], [-118.24037897987515, 34.06101801872023]]}, "properties": {"confidence": "high"}}, {"type": "Feature", "geometry": {"type": "LineString", "coordinates": [[-118.24493343836563, 34.061003134684235], [-118.24493343836563, 34.06099569266525], [-118.2449244552128, 34.06099569266525], [-118.2449244552128, 34.061003134684235], [-118.24493343836563, 34.061003134684235]]}, "properties": {"confidence": "high"}}, {"type": "Feature", "geometry": {"type": "LineString", "coordinates": [[-118.24435851658379, 34.061003134684235], [-118.24435851658379, 34.06099569266525], [-118.24434953343095, 34.06099569266525], [-118.24434953343095, 34.061003134684235], [-118.24435851658379, 34.061003134684235]]}, "properties": {"confidence": "high"}}, {"type": "Feature", "geometry": {"type": "LineString", "coordinates": [[-118.24118746363084, 34.061003134684235], [-118.24118746363084, 34.06099569266525], [-118.24116949732516, 34.06099569266525], [-118.24116949732516, 34.061003134684235], [-118.24118746363084, 34.061003134684235]]}, "properties": {"confidence": "high"}}, {"type": "Feature", "geometry": {"type": "LineString", "coordinates": [[-118.2373606405205, 34.061010576702564], [-118.2373606405205, 34.06098825064562], [-118.23735165736765, 34.06098825064562], [-118.23735165736765, 34.061010576702564], [-118.2373606405205, 34.061010576702564]]}, "properties": {"confidence": "high"}}, {"type": "Feature", "geometry": {"type": "LineString", "coordinates": [[-118.2433793529241, 34.061003134684235], [-118.2433793529241, 34.06098825064562], [-118.24337036977126, 34.06098825064562], [-118.24337036977126, 34.061003134684235], [-118.2433793529241, 34.061003134684235]]}, "properties": {"confidence": "high"}}, {"type": "Feature", "geometry": {"type": "LineString", "coordinates": [[-118.24494242151847, 34.06099569266525], [-118.24494242151847, 34.06098825064562], [-118.24493343836563, 34.06098825064562], [-118.24493343836563, 34.06099569266525], [-118.24494242151847, 34.06099569266525]]}, "properties": {"confidence": "high"}}, {"type": "Feature", "geometry": {"type": "LineString", "coordinates": [[-118.24434953343095, 34.06099569266525], [-118.24434953343095, 34.06098825064562], [-118.24434055027811, 34.06098825064562], [-118.24434055027811, 34.06099569266525], [-118.24434953343095, 34.06099569266525]]}, "properties": {"confidence": "high"}}, {"type": "Feature", "geometry": {"type": "LineString", "coordinates": [[-118.24116949732516, 34.06099569266525], [-118.24116949732516, 34.06098825064562], [-118.24114254786663, 34.06098825064562], [-118.24114254786663, 34.06099569266525], [-118.24116949732516, 34.06099569266525]]}, "properties": {"confidence": "high"}}, {"type": "Feature", "geometry": {"type": "LineString", "coordinates": [[-118.23901354064327, 34.061003134684235], [-118.23901354064327, 34.06098080862533], [-118.23900455749043, 34.06098080862533], [-118.23900455749043, 34.061003134684235], [-118.23901354064327, 34.061003134684235]]}, "properties": {"confidence": "high"}}, {"type": "Feature", "geometry": {"type": "LineString", "coordinates": [[-118.2381870905819, 34.061003134684235], [-118.2381870905819, 34.06098080862533], [-118.23817810742905, 34.06098080862533], [-118.23817810742905, 34.061003134684235], [-118.2381870905819, 34.061003134684235]]}, "properties": {"confidence": "high"}}, {"type": "Feature", "geometry": {"type": "LineString", "coordinates": [[-118.24495140467131, 34.06098825064562], [-118.24495140467131, 34.06098080862533], [-118.24494242151847, 34.06098080862533], [-118.24494242151847, 34.06098825064562], [-118.24495140467131, 34.06098825064562]]}, "properties": {"confidence": "high"}}, {"type": "Feature", "geometry": {"type": "LineString", "coordinates": [[-118.24434055027811, 34.06098825064562], [-118.24434055027811, 34.06098080862533], [-118.24433156712526, 34.06098080862533], [-118.24433156712526, 34.06098825064562], [-118.24434055027811, 34.06098825064562]]}, "properties": {"confidence": "high"}}, {"type": "Feature", "geometry": {"type": "LineString", "coordinates": [[-118.24114254786663, 34.06098825064562], [-118.24114254786663, 34.06098080862533], [-118.24112458156095, 34.06098080862533], [-118.24112458156095, 34.06098825064562], [-118.24114254786663, 34.06098825064562]]}, "properties": {"confidence": "high"}}, {"type": "Feature", "geometry": {"type": "LineString", "coordinates": [[-118.240387963028, 34.06099569266525], [-118.240387963028, 34.06097336660439], [-118.24037897987515, 34.06097336660439], [-118.24037897987515, 34.06099569266525], [-118.240387963028, 34.06099569266525]]}, "properties": {"confidence": "high"}}, {"type": "Feature", "geometry": {"type": "LineString", "coordinates": [[-118.24338833607693, 34.06098825064562], [-118.24338833607693, 34.06097336660439], [-118.2433793529241, 34.06097336660439], [-118.2433793529241, 34.06098825064562], [-118.24338833607693, 34.06098825064562]]}, "properties": {"confidence": "high"}}, {"type": "Feature", "geometry": {"type": "LineString", "coordinates": [[-118.23736962367335, 34.06098825064562], [-118.23736962367335, 34.06097336660439], [-118.2373606405205, 34.06097336660439], [-118.2373606405205, 34.06098825064562], [-118.23736962367335, 34.06098825064562]]}, "properties": {"confidence": "high"}}, {"type": "Feature", "geometry": {"type": "LineString", "coordinates": [[-118.24496038782416, 34.06098080862533], [-118.24496038782416, 34.06097336660439], [-118.24495140467131, 34.06097336660439], [-118.24495140467131, 34.06098080862533], [-118.24496038782416, 34.06098080862533]]}, "properties": {"confidence": "high"}}, {"type": "Feature", "geometry": {"type": "LineString", "coordinates": [[-118.24433156712526, 34.06098080862533], [-118.24433156712526, 34.06097336660439], [-118.24432258397242, 34.06097336660439], [-118.24432258397242, 34.06098080862533], [-118.24433156712526, 34.06098080862533]]}, "properties": {"confidence": "high"}}, {"type": "Feature", "geometry": {"type": "LineString", "coordinates": [[-118.24112458156095, 34.06098080862533], [-118.24112458156095, 34.06097336660439], [-118.24109763210242, 34.06097336660439], [-118.24109763210242, 34.06098080862533], [-118.24112458156095, 34.06098080862533]]}, "properties": {"confidence": "high"}}, {"type": "Feature", "geometry": {"type": "LineString", "coordinates": [[-118.23648029154205, 34.061010576702564], [-118.23648029154205, 34.060965924582796], [-118.23647130838921, 34.060965924582796], [-118.23647130838921, 34.061010576702564], [-118.23648029154205, 34.061010576702564]]}, "properties": {"confidence": "high"}}, {"type": "Feature", "geometry": {"type": "LineString", "coordinates": [[-118.23902252379611, 34.06098080862533], [-118.23902252379611, 34.060965924582796], [-118.23901354064327, 34.060965924582796], [-118.23901354064327, 34.06098080862533], [-118.23902252379611, 34.06098080862533]]}, "properties": {"confidence": "high"}}, {"type": "Feature", "geometry": {"type": "LineString", "coordinates": [[-118.23819607373474, 34.06098080862533], [-118.23819607373474, 34.060965924582796], [-118.2381870905819, 34.060965924582796], [-118.2381870905819, 34.06098080862533], [-118.23819607373474, 34.06098080862533]]}, "properties": {"confidence": "high"}}, {"type": "Feature", "geometry": {"type": "LineString", "coordinates": [[-118.24432258397242, 34.06097336660439], [-118.24432258397242, 34.060965924582796], [-118.24431360081958, 34.060965924582796], [-118.24431360081958, 34.06097336660439], [-118.24432258397242, 34.06097336660439]]}, "properties": {"confidence": "high"}}, {"type": "Feature", "geometry": {"type": "LineString", "coordinates": [[-118.24339731922977, 34.06097336660439], [-118.24339731922977, 34.060965924582796], [-118.24338833607693, 34.060965924582796], [-118.24338833607693, 34.06097336660439], [-118.24339731922977, 34.06097336660439]]}, "properties": {"confidence": "high"}}, {"type": "Feature", "geometry": {"type": "LineString", "coordinates": [[-118.24109763210242, 34.06097336660439], [-118.24109763210242, 34.060965924582796], [-118.24107966579675, 34.060965924582796], [-118.24107966579675, 34.06097336660439], [-118.24109763210242, 34.06097336660439]]}, "properties": {"confidence": "high"}}, {"type": "Feature", "geometry": {"type": "LineString", "coordinates": [[-118.24245408818145, 34.061047786784385], [-118.24245408818145, 34.06095848256055], [-118.24244510502861, 34.06095848256055], [-118.24244510502861, 34.061047786784385], [-118.24245408818145, 34.061047786784385]]}, "properties": {"confidence": "high"}}, {"type": "Feature", "geometry": {"type": "LineString", "coordinates": [[-118.244969370977, 34.06097336660439], [-118.244969370977, 34.06095848256055], [-118.24496038782416, 34.06095848256055], [-118.24496038782416, 34.06097336660439], [-118.244969370977, 34.06097336660439]]}, "properties": {"confidence": "high"}}, {"type": "Feature", "geometry": {"type": "LineString", "coordinates": [[-118.24431360081958, 34.060965924582796], [-118.24431360081958, 34.06095848256055], [-118.24430461766674, 34.06095848256055], [-118.24430461766674, 34.060965924582796], [-118.24431360081958, 34.060965924582796]]}, "properties": {"confidence": "high"}}, {"type": "Feature", "geometry": {"type": "LineString", "coordinates": [[-118.24340630238261, 34.060965924582796], [-118.24340630238261, 34.06095848256055], [-118.24339731922977, 34.06095848256055], [-118.24339731922977, 34.060965924582796], [-118.24340630238261, 34.060965924582796]]}, "properties": {"confidence": "high"}}, {"type": "Feature", "geometry": {"type": "LineString", "coordinates": [[-118.24107966579675, 34.060965924582796], [-118.24107966579675, 34.06095848256055], [-118.24105271633823, 34.06095848256055], [-118.24105271633823, 34.060965924582796], [-118.24107966579675, 34.060965924582796]]}, "properties": {"confidence": "high"}}, {"type": "Feature", "geometry": {"type": "LineString", "coordinates": [[-118.24039694618084, 34.06097336660439], [-118.24039694618084, 34.06095104053765], [-118.240387963028, 34.06095104053765], [-118.240387963028, 34.06097336660439], [-118.24039694618084, 34.06097336660439]]}, "properties": {"confidence": "high"}}, {"type": "Feature", "geometry": {"type": "LineString", "coordinates": [[-118.23737860682618, 34.06097336660439], [-118.23737860682618, 34.06095104053765], [-118.23736962367335, 34.06095104053765], [-118.23736962367335, 34.06097336660439], [-118.23737860682618, 34.06097336660439]]}, "properties": {"confidence": "high"}}, {"type": "Feature", "geometry": {"type": "LineString", "coordinates": [[-118.24497835412984, 34.06095848256055], [-118.24497835412984, 34.06095104053765], [-118.244969370977, 34.06095104053765], [-118.244969370977, 34.06095848256055], [-118.24497835412984, 34.06095848256055]]}, "properties": {"confidence": "high"}}, {"type": "Feature", "geometry": {"type": "LineString", "coordinates": [[-118.24430461766674, 34.06095848256055], [-118.24430461766674, 34.06095104053765], [-118.2442956345139, 34.06095104053765], [-118.2442956345139, 34.06095848256055], [-118.24430461766674, 34.06095848256055]]}, "properties": {"confidence": "high"}}, {"type": "Feature", "geometry": {"type": "LineString", "coordinates": [[-118.24105271633823, 34.06095848256055], [-118.24105271633823, 34.06095104053765], [-118.24103475003254, 34.06095104053765], [-118.24103475003254, 34.06095848256055], [-118.24105271633823, 34.06095848256055]]}, "properties": {"confidence": "high"}}, {"type": "Feature", "geometry": {"type": "LineString", "coordinates": [[-118.23903150694895, 34.060965924582796], [-118.23903150694895, 34.06094359851409], [-118.23902252379611, 34.06094359851409], [-118.23902252379611, 34.060965924582796], [-118.23903150694895, 34.060965924582796]]}, "properties": {"confidence": "high"}}, {"type": "Feature", "geometry": {"type": "LineString", "coordinates": [[-118.23820505688758, 34.060965924582796], [-118.23820505688758, 34.06094359851409], [-118.23819607373474, 34.06094359851409], [-118.23819607373474, 34.060965924582796], [-118.23820505688758, 34.060965924582796]]}, "properties": {"confidence": "high"}}, {"type": "Feature", "geometry": {"type": "LineString", "coordinates": [[-118.24341528553546, 34.06095848256055], [-118.24341528553546, 34.06094359851409], [-118.24340630238261, 34.06094359851409], [-118.24340630238261, 34.06095848256055], [-118.24341528553546, 34.06095848256055]]}, "properties": {"confidence": "high"}}, {"type": "Feature", "geometry": {"type": "LineString", "coordinates": [[-118.24498733728268, 34.06095104053765], [-118.24498733728268, 34.06094359851409], [-118.24497835412984, 34.06094359851409], [-118.24497835412984, 34.06095104053765], [-118.24498733728268, 34.06095104053765]]}, "properties": {"confidence": "high"}}, {"type": "Feature", "geometry": {"type": "LineString", "coordinates": [[-118.2442956345139, 34.06095104053765], [-118.2442956345139, 34.06094359851409], [-118.24427766820821, 34.06094359851409], [-118.24427766820821, 34.06095104053765], [-118.2442956345139, 34.06095104053765]]}, "properties": {"confidence": "high"}}, {"type": "Feature", "geometry": {"type": "LineString", "coordinates": [[-118.24103475003254, 34.06095104053765], [-118.24103475003254, 34.06094359851409], [-118.24100780057402, 34.06094359851409], [-118.24100780057402, 34.06095104053765], [-118.24103475003254, 34.06095104053765]]}, "properties": {"confidence": "high"}}, {"type": "Feature", "geometry": {"type": "LineString", "coordinates": [[-118.23738758997902, 34.06095104053765], [-118.23738758997902, 34.06093615648989], [-118.23737860682618, 34.06093615648989], [-118.23737860682618, 34.06095104053765], [-118.23738758997902, 34.06095104053765]]}, "properties": {"confidence": "high"}}, {"type": "Feature", "geometry": {"type": "LineString", "coordinates": [[-118.24499632043552, 34.06094359851409], [-118.24499632043552, 34.06093615648989], [-118.24498733728268, 34.06093615648989], [-118.24498733728268, 34.06094359851409], [-118.24499632043552, 34.06094359851409]]}, "properties": {"confidence": "high"}}, {"type": "Feature", "geometry": {"type": "LineString", "coordinates": [[-118.24427766820821, 34.06094359851409], [-118.24427766820821, 34.06093615648989], [-118.24426868505537, 34.06093615648989], [-118.24426868505537, 34.06094359851409], [-118.24427766820821, 34.06094359851409]]}, "properties": {"confidence": "high"}}, {"type": "Feature", "geometry": {"type": "LineString", "coordinates": [[-118.24100780057402, 34.06094359851409], [-118.24100780057402, 34.06093615648989], [-118.24098983426833, 34.06093615648989], [-118.24098983426833, 34.06094359851409], [-118.24100780057402, 34.06094359851409]]}, "properties": {"confidence": "high"}}, {"type": "Feature", "geometry": {"type": "LineString", "coordinates": [[-118.24040592933368, 34.06095104053765], [-118.24040592933368, 34.06092871446503], [-118.24039694618084, 34.06092871446503], [-118.24039694618084, 34.06095104053765], [-118.24040592933368, 34.06095104053765]]}, "properties": {"confidence": "high"}}, {"type": "Feature", "geometry": {"type": "LineString", "coordinates": [[-118.23904049010179, 34.06094359851409], [-118.23904049010179, 34.06092871446503], [-118.23903150694895, 34.06092871446503], [-118.23903150694895, 34.06094359851409], [-118.23904049010179, 34.06094359851409]]}, "properties": {"confidence": "high"}}, {"type": "Feature", "geometry": {"type": "LineString", "coordinates": [[-118.24500530358837, 34.06093615648989], [-118.24500530358837, 34.06092871446503], [-118.24499632043552, 34.06092871446503], [-118.24499632043552, 34.06093615648989], [-118.24500530358837, 34.06093615648989]]}, "properties": {"confidence": "high"}}, {"type": "Feature", "geometry": {"type": "LineString", "coordinates": [[-118.24426868505537, 34.06093615648989], [-118.24426868505537, 34.06092871446503], [-118.24425970190254, 34.06092871446503], [-118.24425970190254, 34.06093615648989], [-118.24426868505537, 34.06093615648989]]}, "properties": {"confidence": "high"}}, {"type": "Feature", "geometry": {"type": "LineString", "coordinates": [[-118.24098983426833, 34.06093615648989], [-118.24098983426833, 34.06092871446503], [-118.24097186796266, 34.06092871446503], [-118.24097186796266, 34.06093615648989], [-118.24098983426833, 34.06093615648989]]}, "properties": {"confidence": "high"}}, {"type": "Feature", "geometry": {"type": "LineString", "coordinates": [[-118.2434242686883, 34.06094359851409], [-118.2434242686883, 34.06092127243951], [-118.24341528553546, 34.06092127243951], [-118.24341528553546, 34.06094359851409], [-118.2434242686883, 34.06094359851409]]}, "properties": {"confidence": "high"}}, {"type": "Feature", "geometry": {"type": "LineString", "coordinates": [[-118.23821404004042, 34.06094359851409], [-118.23821404004042, 34.06092127243951], [-118.23820505688758, 34.06092127243951], [-118.23820505688758, 34.06094359851409], [-118.23821404004042, 34.06094359851409]]}, "properties": {"confidence": "high"}}, {"type": "Feature", "geometry": {"type": "LineString", "coordinates": [[-118.24501428674121, 34.06092871446503], [-118.24501428674121, 34.06092127243951], [-118.24500530358837, 34.06092127243951], [-118.24500530358837, 34.06092871446503], [-118.24501428674121, 34.06092871446503]]}, "properties": {"confidence": "high"}}, {"type": "Feature", "geometry": {"type": "LineString", "coordinates": [[-118.24425970190254, 34.06092871446503], [-118.24425970190254, 34.06092127243951], [-118.2442507187497, 34.06092127243951], [-118.2442507187497, 34.06092871446503], [-118.24425970190254, 34.06092871446503]]}, "properties": {"confidence": "high"}}, {"type": "Feature", "geometry": {"type": "LineString", "coordinates": [[-118.24097186796266, 34.06092871446503], [-118.24097186796266, 34.06092127243951], [-118.24094491850413, 34.06092127243951], [-118.24094491850413, 34.06092871446503], [-118.24097186796266, 34.06092871446503]]}, "properties": {"confidence": "high"}}, {"type": "Feature", "geometry": {"type": "LineString", "coordinates": [[-118.23739657313186, 34.06093615648989], [-118.23739657313186, 34.06091383041334], [-118.23738758997902, 34.06091383041334], [-118.23738758997902, 34.06093615648989], [-118.23739657313186, 34.06093615648989]]}, "properties": {"confidence": "high"}}, {"type": "Feature", "geometry": {"type": "LineString", "coordinates": [[-118.23904947325464, 34.06092871446503], [-118.23904947325464, 34.06091383041334], [-118.23904049010179, 34.06091383041334], [-118.23904049010179, 34.06092871446503], [-118.23904947325464, 34.06092871446503]]}, "properties": {"confidence": "high"}}, {"type": "Feature", "geometry": {"type": "LineString", "coordinates": [[-118.24502326989405, 34.06092127243951], [-118.24502326989405, 34.06091383041334], [-118.24501428674121, 34.06091383041334], [-118.24501428674121, 34.06092127243951], [-118.24502326989405, 34.06092127243951]]}, "properties": {"confidence": "high"}}, {"type": "Feature", "geometry": {"type": "LineString", "coordinates": [[-118.2442507187497, 34.06092127243951], [-118.2442507187497, 34.06091383041334], [-118.24424173559686, 34.06091383041334], [-118.24424173559686, 34.06092127243951], [-118.2442507187497, 34.06092127243951]]}, "properties": {"confidence": "high"}}, {"type": "Feature", "geometry": {"type": "LineString", "coordinates": [[-118.24094491850413, 34.06092127243951], [-118.24094491850413, 34.06091383041334], [-118.24092695219845, 34.06091383041334], [-118.24092695219845, 34.06092127243951], [-118.24094491850413, 34.06092127243951]]}, "properties": {"confidence": "high"}}, {"type": "Feature", "geometry": {"type": "LineString", "coordinates": [[-118.24041491248651, 34.06092871446503], [-118.24041491248651, 34.06090638838651], [-118.24040592933368, 34.06090638838651], [-118.24040592933368, 34.06092871446503], [-118.24041491248651, 34.06092871446503]]}, "properties": {"confidence": "high"}}, {"type": "Feature", "geometry": {"type": "LineString", "coordinates": [[-118.23822302319326, 34.06092127243951], [-118.23822302319326, 34.06090638838651], [-118.23821404004042, 34.06090638838651], [-118.23821404004042, 34.06092127243951], [-118.23822302319326, 34.06092127243951]]}, "properties": {"confidence": "high"}}, {"type": "Feature", "geometry": {"type": "LineString", "coordinates": [[-118.24503225304689, 34.06091383041334], [-118.24503225304689, 34.06090638838651], [-118.24502326989405, 34.06090638838651], [-118.24502326989405, 34.06091383041334], [-118.24503225304689, 34.06091383041334]]}, "properties": {"confidence": "high"}}, {"type": "Feature", "geometry": {"type": "LineString", "coordinates": [[-118.24424173559686, 34.06091383041334], [-118.24424173559686, 34.06090638838651], [-118.24423275244402, 34.06090638838651], [-118.24423275244402, 34.06091383041334], [-118.24424173559686, 34.06091383041334]]}, "properties": {"confidence": "high"}}, {"type": "Feature", "geometry": {"type": "LineString", "coordinates": [[-118.24092695219845, 34.06091383041334], [-118.24092695219845, 34.06090638838651], [-118.24090000273993, 34.06090638838651], [-118.24090000273993, 34.06091383041334], [-118.24092695219845, 34.06091383041334]]}, "properties": {"confidence": "high"}}, {"type": "Feature", "geometry": {"type": "LineString", "coordinates": [[-118.2364892746949, 34.060965924582796], [-118.2364892746949, 34.06089894635904], [-118.23648029154205, 34.06089894635904], [-118.23648029154205, 34.060965924582796], [-118.2364892746949, 34.060965924582796]]}, "properties": {"confidence": "high"}}, {"type": "Feature", "geometry": {"type": "LineString", "coordinates": [[-118.24246307133429, 34.06095848256055], [-118.24246307133429, 34.06089894635904], [-118.24245408818145, 34.06089894635904], [-118.24245408818145, 34.06095848256055], [-118.24246307133429, 34.06095848256055]]}, "properties": {"confidence": "high"}}, {"type": "Feature", "geometry": {"type": "LineString", "coordinates": [[-118.24343325184114, 34.06092127243951], [-118.24343325184114, 34.06089894635904], [-118.2434242686883, 34.06089894635904], [-118.2434242686883, 34.06092127243951], [-118.24343325184114, 34.06092127243951]]}, "properties": {"confidence": "high"}}, {"type": "Feature", "geometry": {"type": "LineString", "coordinates": [[-118.23905845640748, 34.06091383041334], [-118.23905845640748, 34.06089894635904], [-118.23904947325464, 34.06089894635904], [-118.23904947325464, 34.06091383041334], [-118.23905845640748, 34.06091383041334]]}, "properties": {"confidence": "high"}}, {"type": "Feature", "geometry": {"type": "LineString", "coordinates": [[-118.2374055562847, 34.06091383041334], [-118.2374055562847, 34.06089894635904], [-118.23739657313186, 34.06089894635904], [-118.23739657313186, 34.06091383041334], [-118.2374055562847, 34.06091383041334]]}, "properties": {"confidence": "high"}}, {"type": "Feature", "geometry": {"type": "LineString", "coordinates": [[-118.24504123619973, 34.06090638838651], [-118.24504123619973, 34.06089894635904], [-118.24503225304689, 34.06089894635904], [-118.24503225304689, 34.06090638838651], [-118.24504123619973, 34.06090638838651]]}, "properties": {"confidence": "high"}}, {"type": "Feature", "geometry": {"type": "LineString", "coordinates": [[-118.24423275244402, 34.06090638838651], [-118.24423275244402, 34.06089894635904], [-118.24422376929117, 34.06089894635904], [-118.24422376929117, 34.06090638838651], [-118.24423275244402, 34.06090638838651]]}, "properties": {"confidence": "high"}}, {"type": "Feature", "geometry": {"type": "LineString", "coordinates": [[-118.24090000273993, 34.06090638838651], [-118.24090000273993, 34.06089894635904], [-118.2408730532814, 34.06089894635904], [-118.2408730532814, 34.06090638838651], [-118.24090000273993, 34.06090638838651]]}, "properties": {"confidence": "high"}}, {"type": "Feature", "geometry": {"type": "LineString", "coordinates": [[-118.24042389563935, 34.06090638838651], [-118.24042389563935, 34.06089150433091], [-118.24041491248651, 34.06089150433091], [-118.24041491248651, 34.06090638838651], [-118.24042389563935, 34.06090638838651]]}, "properties": {"confidence": "high"}}, {"type": "Feature", "geometry": {"type": "LineString", "coordinates": [[-118.24505021935256, 34.06089894635904], [-118.24505021935256, 34.06089150433091], [-118.24504123619973, 34.06089150433091], [-118.24504123619973, 34.06089894635904], [-118.24505021935256, 34.06089894635904]]}, "properties": {"confidence": "high"}}, {"type": "Feature", "geometry": {"type": "LineString", "coordinates": [[-118.24422376929117, 34.06089894635904], [-118.24422376929117, 34.06089150433091], [-118.24421478613833, 34.06089150433091], [-118.24421478613833, 34.06089894635904], [-118.24422376929117, 34.06089894635904]]}, "properties": {"confidence": "high"}}, {"type": "Feature", "geometry": {"type": "LineString", "coordinates": [[-118.24345121814682, 34.06089894635904], [-118.24345121814682, 34.06089150433091], [-118.24343325184114, 34.06089150433091], [-118.24343325184114, 34.06089894635904], [-118.24345121814682, 34.06089894635904]]}, "properties": {"confidence": "high"}}, {"type": "Feature", "geometry": {"type": "LineString", "coordinates": [[-118.2408730532814, 34.06089894635904], [-118.2408730532814, 34.06089150433091], [-118.24085508697573, 34.06089150433091], [-118.24085508697573, 34.06089894635904], [-118.2408730532814, 34.06089894635904]]}, "properties": {"confidence": "high"}}, {"type": "Feature", "geometry": {"type": "LineString", "coordinates": [[-118.23823200634611, 34.06090638838651], [-118.23823200634611, 34.06088406230213], [-118.23822302319326, 34.06088406230213], [-118.23822302319326, 34.06090638838651], [-118.23823200634611, 34.06090638838651]]}, "properties": {"confidence": "high"}}, {"type": "Feature", "geometry": {"type": "LineString", "coordinates": [[-118.23741453943755, 34.06089894635904], [-118.23741453943755, 34.06088406230213], [-118.2374055562847, 34.06088406230213], [-118.2374055562847, 34.06089894635904], [-118.23741453943755, 34.06089894635904]]}, "properties": {"confidence": "high"}}, {"type": "Feature", "geometry": {"type": "LineString", "coordinates": [[-118.24505920250542, 34.06089150433091], [-118.24505920250542, 34.06088406230213], [-118.24505021935256, 34.06088406230213], [-118.24505021935256, 34.06089150433091], [-118.24505920250542, 34.06089150433091]]}, "properties": {"confidence": "high"}}, {"type": "Feature", "geometry": {"type": "LineString", "coordinates": [[-118.24421478613833, 34.06089150433091], [-118.24421478613833, 34.06088406230213], [-118.24420580298549, 34.06088406230213], [-118.24420580298549, 34.06089150433091], [-118.24421478613833, 34.06089150433091]]}, "properties": {"confidence": "high"}}, {"type": "Feature", "geometry": {"type": "LineString", "coordinates": [[-118.24347816760535, 34.06089150433091], [-118.24347816760535, 34.06088406230213], [-118.24345121814682, 34.06088406230213], [-118.24345121814682, 34.06089150433091], [-118.24347816760535, 34.06089150433091]]}, "properties": {"confidence": "high"}}, {"type": "Feature", "geometry": {"type": "LineString", "coordinates": [[-118.24343325184114, 34.06089150433091], [-118.24343325184114, 34.06088406230213], [-118.2434242686883, 34.06088406230213], [-118.2434242686883, 34.06089150433091], [-118.24343325184114, 34.06089150433091]]}, "properties": {"confidence": "high"}}, {"type": "Feature", "geometry": {"type": "LineString", "coordinates": [[-118.24085508697573, 34.06089150433091], [-118.24085508697573, 34.06088406230213], [-118.24083712067004, 34.06088406230213], [-118.24083712067004, 34.06089150433091], [-118.24085508697573, 34.06089150433091]]}, "properties": {"confidence": "high"}}, {"type": "Feature", "geometry": {"type": "LineString", "coordinates": [[-118.24043287879219, 34.06089150433091], [-118.24043287879219, 34.06088406230213], [-118.24042389563935, 34.06088406230213], [-118.24042389563935, 34.06089150433091], [-118.24043287879219, 34.06089150433091]]}, "properties": {"confidence": "high"}}, {"type": "Feature", "geometry": {"type": "LineString", "coordinates": [[-118.23906743956032, 34.06089894635904], [-118.23906743956032, 34.060876620272694], [-118.23905845640748, 34.060876620272694], [-118.23905845640748, 34.06089894635904], [-118.23906743956032, 34.06089894635904]]}, "properties": {"confidence": "high"}}, {"type": "Feature", "geometry": {"type": "LineString", "coordinates": [[-118.24506818565825, 34.06088406230213], [-118.24506818565825, 34.060876620272694], [-118.24505920250542, 34.060876620272694], [-118.24505920250542, 34.06088406230213], [-118.24506818565825, 34.06088406230213]]}, "properties": {"confidence": "high"}}, {"type": "Feature", "geometry": {"type": "LineString", "coordinates": [[-118.24420580298549, 34.06088406230213], [-118.24420580298549, 34.060876620272694], [-118.24419681983265, 34.060876620272694], [-118.24419681983265, 34.06088406230213], [-118.24420580298549, 34.06088406230213]]}, "properties": {"confidence": "high"}}, {"type": "Feature", "geometry": {"type": "LineString", "coordinates": [[-118.24349613391102, 34.06088406230213], [-118.24349613391102, 34.060876620272694], [-118.24347816760535, 34.060876620272694], [-118.24347816760535, 34.06088406230213], [-118.24349613391102, 34.06088406230213]]}, "properties": {"confidence": "high"}}, {"type": "Feature", "geometry": {"type": "LineString", "coordinates": [[-118.2434242686883, 34.06088406230213], [-118.2434242686883, 34.060876620272694], [-118.24341528553546, 34.060876620272694], [-118.24341528553546, 34.06088406230213], [-118.2434242686883, 34.06088406230213]]}, "properties": {"confidence": "high"}}, {"type": "Feature", "geometry": {"type": "LineString", "coordinates": [[-118.24083712067004, 34.06088406230213], [-118.24083712067004, 34.060876620272694], [-118.24081915436436, 34.060876620272694], [-118.24081915436436, 34.06088406230213], [-118.24083712067004, 34.06088406230213]]}, "properties": {"confidence": "high"}}, {"type": "Feature", "geometry": {"type": "LineString", "coordinates": [[-118.23824098949895, 34.06088406230213], [-118.23824098949895, 34.060869178242605], [-118.23823200634611, 34.060869178242605], [-118.23823200634611, 34.06088406230213], [-118.23824098949895, 34.06088406230213]]}, "properties": {"confidence": "high"}}, {"type": "Feature", "geometry": {"type": "LineString", "coordinates": [[-118.23742352259039, 34.06088406230213], [-118.23742352259039, 34.060869178242605], [-118.23741453943755, 34.060869178242605], [-118.23741453943755, 34.06088406230213], [-118.23742352259039, 34.06088406230213]]}, "properties": {"confidence": "high"}}, {"type": "Feature", "geometry": {"type": "LineString", "coordinates": [[-118.2450771688111, 34.060876620272694], [-118.2450771688111, 34.060869178242605], [-118.24506818565825, 34.060869178242605], [-118.24506818565825, 34.060876620272694], [-118.2450771688111, 34.060876620272694]]}, "properties": {"confidence": "high"}}, {"type": "Feature", "geometry": {"type": "LineString", "coordinates": [[-118.24419681983265, 34.060876620272694], [-118.24419681983265, 34.060869178242605], [-118.24418783667981, 34.060869178242605], [-118.24418783667981, 34.060876620272694], [-118.24419681983265, 34.060876620272694]]}, "properties": {"confidence": "high"}}, {"type": "Feature", "geometry": {"type": "LineString", "coordinates": [[-118.24351410021671, 34.060876620272694], [-118.24351410021671, 34.060869178242605], [-118.24349613391102, 34.060869178242605], [-118.24349613391102, 34.060876620272694], [-118.24351410021671, 34.060876620272694]]}, "properties": {"confidence": "high"}}, {"type": "Feature", "geometry": {"type": "LineString", "coordinates": [[-118.24341528553546, 34.060876620272694], [-118.24341528553546, 34.060869178242605], [-118.24340630238261, 34.060869178242605], [-118.24340630238261, 34.060876620272694], [-118.24341528553546, 34.060876620272694]]}, "properties": {"confidence": "high"}}, {"type": "Feature", "geometry": {"type": "LineString", "coordinates": [[-118.24081915436436, 34.060876620272694], [-118.24081915436436, 34.060869178242605], [-118.24080118805868, 34.060869178242605], [-118.24080118805868, 34.060876620272694], [-118.24081915436436, 34.060876620272694]]}, "properties": {"confidence": "high"}}, {"type": "Feature", "geometry": {"type": "LineString", "coordinates": [[-118.24508615196393, 34.060869178242605], [-118.24508615196393, 34.06086173621186], [-118.2450771688111, 34.06086173621186], [-118.2450771688111, 34.060869178242605], [-118.24508615196393, 34.060869178242605]]}, "properties": {"confidence": "high"}}, {"type": "Feature", "geometry": {"type": "LineString", "coordinates": [[-118.24418783667981, 34.060869178242605], [-118.24418783667981, 34.06086173621186], [-118.24417885352696, 34.06086173621186], [-118.24417885352696, 34.060869178242605], [-118.24418783667981, 34.060869178242605]]}, "properties": {"confidence": "high"}}, {"type": "Feature", "geometry": {"type": "LineString", "coordinates": [[-118.24352308336955, 34.060869178242605], [-118.24352308336955, 34.06086173621186], [-118.24351410021671, 34.06086173621186], [-118.24351410021671, 34.060869178242605], [-118.24352308336955, 34.060869178242605]]}, "properties": {"confidence": "high"}}, {"type": "Feature", "geometry": {"type": "LineString", "coordinates": [[-118.24340630238261, 34.060869178242605], [-118.24340630238261, 34.06086173621186], [-118.24338833607693, 34.06086173621186], [-118.24338833607693, 34.060869178242605], [-118.24340630238261, 34.060869178242605]]}, "properties": {"confidence": "high"}}, {"type": "Feature", "geometry": {"type": "LineString", "coordinates": [[-118.24080118805868, 34.060869178242605], [-118.24080118805868, 34.06086173621186], [-118.24077423860015, 34.06086173621186], [-118.24077423860015, 34.060869178242605], [-118.24080118805868, 34.060869178242605]]}, "properties": {"confidence": "high"}}, {"type": "Feature", "geometry": {"type": "LineString", "coordinates": [[-118.23649825784774, 34.06089894635904], [-118.23649825784774, 34.060854294180466], [-118.2364892746949, 34.060854294180466], [-118.2364892746949, 34.06089894635904], [-118.23649825784774, 34.06089894635904]]}, "properties": {"confidence": "high"}}, {"type": "Feature", "geometry": {"type": "LineString", "coordinates": [[-118.24044186194504, 34.06088406230213], [-118.24044186194504, 34.060854294180466], [-118.24043287879219, 34.060854294180466], [-118.24043287879219, 34.06088406230213], [-118.24044186194504, 34.06088406230213]]}, "properties": {"confidence": "high"}}, {"type": "Feature", "geometry": {"type": "LineString", "coordinates": [[-118.23907642271315, 34.060876620272694], [-118.23907642271315, 34.060854294180466], [-118.23906743956032, 34.060854294180466], [-118.23906743956032, 34.060876620272694], [-118.23907642271315, 34.060876620272694]]}, "properties": {"confidence": "high"}}, {"type": "Feature", "geometry": {"type": "LineString", "coordinates": [[-118.24509513511677, 34.06086173621186], [-118.24509513511677, 34.060854294180466], [-118.24508615196393, 34.060854294180466], [-118.24508615196393, 34.06086173621186], [-118.24509513511677, 34.06086173621186]]}, "properties": {"confidence": "high"}}, {"type": "Feature", "geometry": {"type": "LineString", "coordinates": [[-118.24417885352696, 34.06086173621186], [-118.24417885352696, 34.060854294180466], [-118.24416987037412, 34.060854294180466], [-118.24416987037412, 34.06086173621186], [-118.24417885352696, 34.06086173621186]]}, "properties": {"confidence": "high"}}, {"type": "Feature", "geometry": {"type": "LineString", "coordinates": [[-118.24353206652239, 34.06086173621186], [-118.24353206652239, 34.060854294180466], [-118.24352308336955, 34.060854294180466], [-118.24352308336955, 34.06086173621186], [-118.24353206652239, 34.06086173621186]]}, "properties": {"confidence": "high"}}, {"type": "Feature", "geometry": {"type": "LineString", "coordinates": [[-118.24338833607693, 34.06086173621186], [-118.24338833607693, 34.060854294180466], [-118.2433793529241, 34.060854294180466], [-118.2433793529241, 34.06086173621186], [-118.24338833607693, 34.06086173621186]]}, "properties": {"confidence": "high"}}, {"type": "Feature", "geometry": {"type": "LineString", "coordinates": [[-118.24077423860015, 34.06086173621186], [-118.24077423860015, 34.060854294180466], [-118.24075627229448, 34.060854294180466], [-118.24075627229448, 34.06086173621186], [-118.24077423860015, 34.06086173621186]]}, "properties": {"confidence": "high"}}, {"type": "Feature", "geometry": {"type": "LineString", "coordinates": [[-118.23824997265179, 34.060869178242605], [-118.23824997265179, 34.060846852148416], [-118.23824098949895, 34.060846852148416], [-118.23824098949895, 34.060869178242605], [-118.23824997265179, 34.060869178242605]]}, "properties": {"confidence": "high"}}, {"type": "Feature", "geometry": {"type": "LineString", "coordinates": [[-118.23743250574323, 34.060869178242605], [-118.23743250574323, 34.060846852148416], [-118.23742352259039, 34.060846852148416], [-118.23742352259039, 34.060869178242605], [-118.23743250574323, 34.060869178242605]]}, "properties": {"confidence": "high"}}, {"type": "Feature", "geometry": {"type": "LineString", "coordinates": [[-118.24510411826961, 34.060854294180466], [-118.24510411826961, 34.060846852148416], [-118.24509513511677, 34.060846852148416], [-118.24509513511677, 34.060854294180466], [-118.24510411826961, 34.060854294180466]]}, "properties": {"confidence": "high"}}, {"type": "Feature", "geometry": {"type": "LineString", "coordinates": [[-118.24416987037412, 34.060854294180466], [-118.24416987037412, 34.060846852148416], [-118.24416088722128, 34.060846852148416], [-118.24416088722128, 34.060854294180466], [-118.24416987037412, 34.060854294180466]]}, "properties": {"confidence": "high"}}, {"type": "Feature", "geometry": {"type": "LineString", "coordinates": [[-118.24355003282807, 34.060854294180466], [-118.24355003282807, 34.060846852148416], [-118.24353206652239, 34.060846852148416], [-118.24353206652239, 34.060854294180466], [-118.24355003282807, 34.060854294180466]]}, "properties": {"confidence": "high"}}, {"type": "Feature", "geometry": {"type": "LineString", "coordinates": [[-118.2433793529241, 34.060854294180466], [-118.2433793529241, 34.060846852148416], [-118.24336138661842, 34.060846852148416], [-118.24336138661842, 34.060854294180466], [-118.2433793529241, 34.060854294180466]]}, "properties": {"confidence": "high"}}, {"type": "Feature", "geometry": {"type": "LineString", "coordinates": [[-118.24075627229448, 34.060854294180466], [-118.24075627229448, 34.060846852148416], [-118.24072932283595, 34.060846852148416], [-118.24072932283595, 34.060854294180466], [-118.24075627229448, 34.060854294180466]]}, "properties": {"confidence": "high"}}, {"type": "Feature", "geometry": {"type": "LineString", "coordinates": [[-118.24247205448712, 34.06089894635904], [-118.24247205448712, 34.06083941011571], [-118.24246307133429, 34.06083941011571], [-118.24246307133429, 34.06089894635904], [-118.24247205448712, 34.06089894635904]]}, "properties": {"confidence": "high"}}, {"type": "Feature", "geometry": {"type": "LineString", "coordinates": [[-118.24511310142246, 34.060846852148416], [-118.24511310142246, 34.06083941011571], [-118.24510411826961, 34.06083941011571], [-118.24510411826961, 34.060846852148416], [-118.24511310142246, 34.060846852148416]]}, "properties": {"confidence": "high"}}, {"type": "Feature", "geometry": {"type": "LineString", "coordinates": [[-118.24416088722128, 34.060846852148416], [-118.24416088722128, 34.06083941011571], [-118.24415190406845, 34.06083941011571], [-118.24415190406845, 34.060846852148416], [-118.24416088722128, 34.060846852148416]]}, "properties": {"confidence": "high"}}, {"type": "Feature", "geometry": {"type": "LineString", "coordinates": [[-118.2435590159809, 34.060846852148416], [-118.2435590159809, 34.06083941011571], [-118.24355003282807, 34.06083941011571], [-118.24355003282807, 34.060846852148416], [-118.2435590159809, 34.060846852148416]]}, "properties": {"confidence": "high"}}, {"type": "Feature", "geometry": {"type": "LineString", "coordinates": [[-118.24336138661842, 34.060846852148416], [-118.24336138661842, 34.06083941011571], [-118.24335240346556, 34.06083941011571], [-118.24335240346556, 34.060846852148416], [-118.24336138661842, 34.060846852148416]]}, "properties": {"confidence": "high"}}, {"type": "Feature", "geometry": {"type": "LineString", "coordinates": [[-118.24072932283595, 34.060846852148416], [-118.24072932283595, 34.06083941011571], [-118.24071135653027, 34.06083941011571], [-118.24071135653027, 34.060846852148416], [-118.24072932283595, 34.060846852148416]]}, "properties": {"confidence": "high"}}, {"type": "Feature", "geometry": {"type": "LineString", "coordinates": [[-118.23908540586599, 34.060854294180466], [-118.23908540586599, 34.060831968082354], [-118.23907642271315, 34.060831968082354], [-118.23907642271315, 34.060854294180466], [-118.23908540586599, 34.060854294180466]]}, "properties": {"confidence": "high"}}, {"type": "Feature", "geometry": {"type": "LineString", "coordinates": [[-118.23825895580462, 34.060846852148416], [-118.23825895580462, 34.060831968082354], [-118.23824997265179, 34.060831968082354], [-118.23824997265179, 34.060846852148416], [-118.23825895580462, 34.060846852148416]]}, "properties": {"confidence": "high"}}, {"type": "Feature", "geometry": {"type": "LineString", "coordinates": [[-118.23744148889607, 34.060846852148416], [-118.23744148889607, 34.060831968082354], [-118.23743250574323, 34.060831968082354], [-118.23743250574323, 34.060846852148416], [-118.23744148889607, 34.060846852148416]]}, "properties": {"confidence": "high"}}, {"type": "Feature", "geometry": {"type": "LineString", "coordinates": [[-118.2451220845753, 34.06083941011571], [-118.2451220845753, 34.060831968082354], [-118.24511310142246, 34.060831968082354], [-118.24511310142246, 34.06083941011571], [-118.2451220845753, 34.06083941011571]]}, "properties": {"confidence": "high"}}, {"type": "Feature", "geometry": {"type": "LineString", "coordinates": [[-118.24415190406845, 34.06083941011571], [-118.24415190406845, 34.060831968082354], [-118.2441429209156, 34.060831968082354], [-118.2441429209156, 34.06083941011571], [-118.24415190406845, 34.06083941011571]]}, "properties": {"confidence": "high"}}, {"type": "Feature", "geometry": {"type": "LineString", "coordinates": [[-118.24356799913376, 34.06083941011571], [-118.24356799913376, 34.060831968082354], [-118.2435590159809, 34.060831968082354], [-118.2435590159809, 34.06083941011571], [-118.24356799913376, 34.06083941011571]]}, "properties": {"confidence": "high"}}, {"type": "Feature", "geometry": {"type": "LineString", "coordinates": [[-118.24335240346556, 34.06083941011571], [-118.24335240346556, 34.060831968082354], [-118.24333443715989, 34.060831968082354], [-118.24333443715989, 34.06083941011571], [-118.24335240346556, 34.06083941011571]]}, "properties": {"confidence": "high"}}, {"type": "Feature", "geometry": {"type": "LineString", "coordinates": [[-118.24071135653027, 34.06083941011571], [-118.24071135653027, 34.060831968082354], [-118.2406754239189, 34.060831968082354], [-118.2406754239189, 34.06083941011571], [-118.24071135653027, 34.06083941011571]]}, "properties": {"confidence": "high"}}, {"type": "Feature", "geometry": {"type": "LineString", "coordinates": [[-118.24045084509788, 34.060854294180466], [-118.24045084509788, 34.060824526048336], [-118.24044186194504, 34.060824526048336], [-118.24044186194504, 34.060854294180466], [-118.24045084509788, 34.060854294180466]]}, "properties": {"confidence": "high"}}, {"type": "Feature", "geometry": {"type": "LineString", "coordinates": [[-118.2441429209156, 34.060831968082354], [-118.2441429209156, 34.060824526048336], [-118.24413393776277, 34.060824526048336], [-118.24413393776277, 34.060831968082354], [-118.2441429209156, 34.060831968082354]]}, "properties": {"confidence": "high"}}, {"type": "Feature", "geometry": {"type": "LineString", "coordinates": [[-118.2435769822866, 34.060831968082354], [-118.2435769822866, 34.060824526048336], [-118.24356799913376, 34.060824526048336], [-118.24356799913376, 34.060831968082354], [-118.2435769822866, 34.060831968082354]]}, "properties": {"confidence": "high"}}, {"type": "Feature", "geometry": {"type": "LineString", "coordinates": [[-118.24333443715989, 34.060831968082354], [-118.24333443715989, 34.060824526048336], [-118.24332545400705, 34.060824526048336], [-118.24332545400705, 34.060831968082354], [-118.24333443715989, 34.060831968082354]]}, "properties": {"confidence": "high"}}, {"type": "Feature", "geometry": {"type": "LineString", "coordinates": [[-118.2406754239189, 34.060831968082354], [-118.2406754239189, 34.060824526048336], [-118.24066644076606, 34.060824526048336], [-118.24066644076606, 34.060831968082354], [-118.2406754239189, 34.060831968082354]]}, "properties": {"confidence": "high"}}, {"type": "Feature", "geometry": {"type": "LineString", "coordinates": [[-118.24513106772814, 34.060831968082354], [-118.24513106772814, 34.06081708401368], [-118.2451220845753, 34.06081708401368], [-118.2451220845753, 34.060831968082354], [-118.24513106772814, 34.060831968082354]]}, "properties": {"confidence": "high"}}, {"type": "Feature", "geometry": {"type": "LineString", "coordinates": [[-118.23909438901883, 34.060831968082354], [-118.23909438901883, 34.06081708401368], [-118.23908540586599, 34.06081708401368], [-118.23908540586599, 34.060831968082354], [-118.23909438901883, 34.060831968082354]]}, "properties": {"confidence": "high"}}, {"type": "Feature", "geometry": {"type": "LineString", "coordinates": [[-118.23826793895746, 34.060831968082354], [-118.23826793895746, 34.06081708401368], [-118.23825895580462, 34.06081708401368], [-118.23825895580462, 34.060831968082354], [-118.23826793895746, 34.060831968082354]]}, "properties": {"confidence": "high"}}, {"type": "Feature", "geometry": {"type": "LineString", "coordinates": [[-118.24359494859227, 34.060824526048336], [-118.24359494859227, 34.06081708401368], [-118.2435769822866, 34.06081708401368], [-118.2435769822866, 34.060824526048336], [-118.24359494859227, 34.060824526048336]]}, "properties": {"confidence": "high"}}, {"type": "Feature", "geometry": {"type": "LineString", "coordinates": [[-118.24332545400705, 34.060824526048336], [-118.24332545400705, 34.06081708401368], [-118.24330748770137, 34.06081708401368], [-118.24330748770137, 34.060824526048336], [-118.24332545400705, 34.060824526048336]]}, "properties": {"confidence": "high"}}, {"type": "Feature", "geometry": {"type": "LineString", "coordinates": [[-118.24066644076606, 34.060824526048336], [-118.24066644076606, 34.06081708401368], [-118.24064847446039, 34.06081708401368], [-118.24064847446039, 34.060824526048336], [-118.24066644076606, 34.060824526048336]]}, "properties": {"confidence": "high"}}, {"type": "Feature", "geometry": {"type": "LineString", "coordinates": [[-118.2374504720489, 34.060831968082354], [-118.2374504720489, 34.060809641978366], [-118.23744148889607, 34.060809641978366], [-118.23744148889607, 34.060831968082354], [-118.2374504720489, 34.060831968082354]]}, "properties": {"confidence": "high"}}, {"type": "Feature", "geometry": {"type": "LineString", "coordinates": [[-118.24413393776277, 34.060824526048336], [-118.24413393776277, 34.060809641978366], [-118.24412495460992, 34.060809641978366], [-118.24412495460992, 34.060824526048336], [-118.24413393776277, 34.060824526048336]]}, "properties": {"confidence": "high"}}, {"type": "Feature", "geometry": {"type": "LineString", "coordinates": [[-118.24514005088098, 34.06081708401368], [-118.24514005088098, 34.060809641978366], [-118.24513106772814, 34.060809641978366], [-118.24513106772814, 34.06081708401368], [-118.24514005088098, 34.06081708401368]]}, "properties": {"confidence": "high"}}, {"type": "Feature", "geometry": {"type": "LineString", "coordinates": [[-118.24360393174511, 34.06081708401368], [-118.24360393174511, 34.060809641978366], [-118.24359494859227, 34.060809641978366], [-118.24359494859227, 34.06081708401368], [-118.24360393174511, 34.06081708401368]]}, "properties": {"confidence": "high"}}, {"type": "Feature", "geometry": {"type": "LineString", "coordinates": [[-118.24330748770137, 34.06081708401368], [-118.24330748770137, 34.060809641978366], [-118.24329850454852, 34.060809641978366], [-118.24329850454852, 34.06081708401368], [-118.24330748770137, 34.06081708401368]]}, "properties": {"confidence": "high"}}, {"type": "Feature", "geometry": {"type": "LineString", "coordinates": [[-118.24064847446039, 34.06081708401368], [-118.24064847446039, 34.060809641978366], [-118.2406305081547, 34.060809641978366], [-118.2406305081547, 34.06081708401368], [-118.24064847446039, 34.06081708401368]]}, "properties": {"confidence": "high"}}, {"type": "Feature", "geometry": {"type": "LineString", "coordinates": [[-118.2382769221103, 34.06081708401368], [-118.2382769221103, 34.060802199942394], [-118.23826793895746, 34.060802199942394], [-118.23826793895746, 34.06081708401368], [-118.2382769221103, 34.06081708401368]]}, "properties": {"confidence": "high"}}, {"type": "Feature", "geometry": {"type": "LineString", "coordinates": [[-118.24514903403382, 34.060809641978366], [-118.24514903403382, 34.060802199942394], [-118.24514005088098, 34.060802199942394], [-118.24514005088098, 34.060809641978366], [-118.24514903403382, 34.060809641978366]]}, "properties": {"confidence": "high"}}, {"type": "Feature", "geometry": {"type": "LineString", "coordinates": [[-118.24412495460992, 34.060809641978366], [-118.24412495460992, 34.060802199942394], [-118.24411597145708, 34.060802199942394], [-118.24411597145708, 34.060809641978366], [-118.24412495460992, 34.060809641978366]]}, "properties": {"confidence": "high"}}, {"type": "Feature", "geometry": {"type": "LineString", "coordinates": [[-118.24361291489797, 34.060809641978366], [-118.24361291489797, 34.060802199942394], [-118.24360393174511, 34.060802199942394], [-118.24360393174511, 34.060809641978366], [-118.24361291489797, 34.060809641978366]]}, "properties": {"confidence": "high"}}, {"type": "Feature", "geometry": {"type": "LineString", "coordinates": [[-118.24329850454852, 34.060809641978366], [-118.24329850454852, 34.060802199942394], [-118.24328053824284, 34.060802199942394], [-118.24328053824284, 34.060809641978366], [-118.24329850454852, 34.060809641978366]]}, "properties": {"confidence": "high"}}, {"type": "Feature", "geometry": {"type": "LineString", "coordinates": [[-118.2406305081547, 34.060809641978366], [-118.2406305081547, 34.060802199942394], [-118.24061254184902, 34.060802199942394], [-118.24061254184902, 34.060809641978366], [-118.2406305081547, 34.060809641978366]]}, "properties": {"confidence": "high"}}, {"type": "Feature", "geometry": {"type": "LineString", "coordinates": [[-118.24045982825072, 34.060824526048336], [-118.24045982825072, 34.06079475790577], [-118.24045084509788, 34.06079475790577], [-118.24045084509788, 34.060824526048336], [-118.24045982825072, 34.060824526048336]]}, "properties": {"confidence": "high"}}, {"type": "Feature", "geometry": {"type": "LineString", "coordinates": [[-118.23910337217168, 34.06081708401368], [-118.23910337217168, 34.06079475790577], [-118.23909438901883, 34.06079475790577], [-118.23909438901883, 34.06081708401368], [-118.23910337217168, 34.06081708401368]]}, "properties": {"confidence": "high"}}, {"type": "Feature", "geometry": {"type": "LineString", "coordinates": [[-118.2451670003395, 34.060802199942394], [-118.2451670003395, 34.06079475790577], [-118.24514903403382, 34.06079475790577], [-118.24514903403382, 34.060802199942394], [-118.2451670003395, 34.060802199942394]]}, "properties": {"confidence": "high"}}, {"type": "Feature", "geometry": {"type": "LineString", "coordinates": [[-118.24411597145708, 34.060802199942394], [-118.24411597145708, 34.06079475790577], [-118.24410698830424, 34.06079475790577], [-118.24410698830424, 34.060802199942394], [-118.24411597145708, 34.060802199942394]]}, "properties": {"confidence": "high"}}, {"type": "Feature", "geometry": {"type": "LineString", "coordinates": [[-118.2436218980508, 34.060802199942394], [-118.2436218980508, 34.06079475790577], [-118.24361291489797, 34.06079475790577], [-118.24361291489797, 34.060802199942394], [-118.2436218980508, 34.060802199942394]]}, "properties": {"confidence": "high"}}, {"type": "Feature", "geometry": {"type": "LineString", "coordinates": [[-118.24328053824284, 34.060802199942394], [-118.24328053824284, 34.06079475790577], [-118.24327155509, 34.06079475790577], [-118.24327155509, 34.060802199942394], [-118.24328053824284, 34.060802199942394]]}, "properties": {"confidence": "high"}}, {"type": "Feature", "geometry": {"type": "LineString", "coordinates": [[-118.24061254184902, 34.060802199942394], [-118.24061254184902, 34.06079475790577], [-118.24060355869618, 34.06079475790577], [-118.24060355869618, 34.060802199942394], [-118.24061254184902, 34.060802199942394]]}, "properties": {"confidence": "high"}}, {"type": "Feature", "geometry": {"type": "LineString", "coordinates": [[-118.23745945520176, 34.060809641978366], [-118.23745945520176, 34.06078731586849], [-118.2374504720489, 34.06078731586849], [-118.2374504720489, 34.060809641978366], [-118.23745945520176, 34.060809641978366]]}, "properties": {"confidence": "high"}}, {"type": "Feature", "geometry": {"type": "LineString", "coordinates": [[-118.23828590526315, 34.060802199942394], [-118.23828590526315, 34.06078731586849], [-118.2382769221103, 34.06078731586849], [-118.2382769221103, 34.060802199942394], [-118.23828590526315, 34.060802199942394]]}, "properties": {"confidence": "high"}}, {"type": "Feature", "geometry": {"type": "LineString", "coordinates": [[-118.24517598349235, 34.06079475790577], [-118.24517598349235, 34.06078731586849], [-118.2451670003395, 34.06078731586849], [-118.2451670003395, 34.06079475790577], [-118.24517598349235, 34.06079475790577]]}, "properties": {"confidence": "high"}}, {"type": "Feature", "geometry": {"type": "LineString", "coordinates": [[-118.24410698830424, 34.06079475790577], [-118.24410698830424, 34.06078731586849], [-118.2440980051514, 34.06078731586849], [-118.2440980051514, 34.06079475790577], [-118.24410698830424, 34.06079475790577]]}, "properties": {"confidence": "high"}}, {"type": "Feature", "geometry": {"type": "LineString", "coordinates": [[-118.24363986435648, 34.06079475790577], [-118.24363986435648, 34.06078731586849], [-118.2436218980508, 34.06078731586849], [-118.2436218980508, 34.06079475790577], [-118.24363986435648, 34.06079475790577]]}, "properties": {"confidence": "high"}}, {"type": "Feature", "geometry": {"type": "LineString", "coordinates": [[-118.24327155509, 34.06079475790577], [-118.24327155509, 34.06078731586849], [-118.24326257193717, 34.06078731586849], [-118.24326257193717, 34.06079475790577], [-118.24327155509, 34.06079475790577]]}, "properties": {"confidence": "high"}}, {"type": "Feature", "geometry": {"type": "LineString", "coordinates": [[-118.24060355869618, 34.06079475790577], [-118.24060355869618, 34.06078731586849], [-118.24059457554334, 34.06078731586849], [-118.24059457554334, 34.06079475790577], [-118.24060355869618, 34.06079475790577]]}, "properties": {"confidence": "high"}}, {"type": "Feature", "geometry": {"type": "LineString", "coordinates": [[-118.24046881140356, 34.06079475790577], [-118.24046881140356, 34.06078731586849], [-118.24045982825072, 34.06078731586849], [-118.24045982825072, 34.06079475790577], [-118.24046881140356, 34.06079475790577]]}, "properties": {"confidence": "high"}}, {"type": "Feature", "geometry": {"type": "LineString", "coordinates": [[-118.2440980051514, 34.06078731586849], [-118.2440980051514, 34.060779873830555], [-118.24408902199856, 34.060779873830555], [-118.24408902199856, 34.06078731586849], [-118.2440980051514, 34.06078731586849]]}, "properties": {"confidence": "high"}}, {"type": "Feature", "geometry": {"type": "LineString", "coordinates": [[-118.24364884750932, 34.06078731586849], [-118.24364884750932, 34.060779873830555], [-118.24363986435648, 34.060779873830555], [-118.24363986435648, 34.06078731586849], [-118.24364884750932, 34.06078731586849]]}, "properties": {"confidence": "high"}}, {"type": "Feature", "geometry": {"type": "LineString", "coordinates": [[-118.24326257193717, 34.06078731586849], [-118.24326257193717, 34.060779873830555], [-118.24324460563147, 34.060779873830555], [-118.24324460563147, 34.06078731586849], [-118.24326257193717, 34.06078731586849]]}, "properties": {"confidence": "high"}}, {"type": "Feature", "geometry": {"type": "LineString", "coordinates": [[-118.24059457554334, 34.06078731586849], [-118.24059457554334, 34.060779873830555], [-118.24058559239049, 34.060779873830555], [-118.24058559239049, 34.06078731586849], [-118.24059457554334, 34.06078731586849]]}, "properties": {"confidence": "high"}}, {"type": "Feature", "geometry": {"type": "LineString", "coordinates": [[-118.2404777945564, 34.06078731586849], [-118.2404777945564, 34.060779873830555], [-118.24046881140356, 34.060779873830555], [-118.24046881140356, 34.06078731586849], [-118.2404777945564, 34.06078731586849]]}, "properties": {"confidence": "high"}}, {"type": "Feature", "geometry": {"type": "LineString", "coordinates": [[-118.24248103763996, 34.06083941011571], [-118.24248103763996, 34.060772431791975], [-118.24247205448712, 34.060772431791975], [-118.24247205448712, 34.06083941011571], [-118.24248103763996, 34.06083941011571]]}, "properties": {"confidence": "high"}}, {"type": "Feature", "geometry": {"type": "LineString", "coordinates": [[-118.23911235532452, 34.06079475790577], [-118.23911235532452, 34.060772431791975], [-118.23910337217168, 34.060772431791975], [-118.23910337217168, 34.06079475790577], [-118.23911235532452, 34.06079475790577]]}, "properties": {"confidence": "high"}}, {"type": "Feature", "geometry": {"type": "LineString", "coordinates": [[-118.24518496664518, 34.06078731586849], [-118.24518496664518, 34.060772431791975], [-118.24517598349235, 34.060772431791975], [-118.24517598349235, 34.06078731586849], [-118.24518496664518, 34.06078731586849]]}, "properties": {"confidence": "high"}}, {"type": "Feature", "geometry": {"type": "LineString", "coordinates": [[-118.238294888416, 34.06078731586849], [-118.238294888416, 34.060772431791975], [-118.23828590526315, 34.060772431791975], [-118.23828590526315, 34.06078731586849], [-118.238294888416, 34.06078731586849]]}, "properties": {"confidence": "high"}}, {"type": "Feature", "geometry": {"type": "LineString", "coordinates": [[-118.2374684383546, 34.06078731586849], [-118.2374684383546, 34.060772431791975], [-118.23745945520176, 34.060772431791975], [-118.23745945520176, 34.06078731586849], [-118.2374684383546, 34.06078731586849]]}, "properties": {"confidence": "high"}}, {"type": "Feature", "geometry": {"type": "LineString", "coordinates": [[-118.24408902199856, 34.060779873830555], [-118.24408902199856, 34.060772431791975], [-118.24408003884572, 34.060772431791975], [-118.24408003884572, 34.060779873830555], [-118.24408902199856, 34.060779873830555]]}, "properties": {"confidence": "high"}}, {"type": "Feature", "geometry": {"type": "LineString", "coordinates": [[-118.24365783066216, 34.060779873830555], [-118.24365783066216, 34.060772431791975], [-118.24364884750932, 34.060772431791975], [-118.24364884750932, 34.060779873830555], [-118.24365783066216, 34.060779873830555]]}, "properties": {"confidence": "high"}}, {"type": "Feature", "geometry": {"type": "LineString", "coordinates": [[-118.24324460563147, 34.060779873830555], [-118.24324460563147, 34.060772431791975], [-118.24323562247864, 34.060772431791975], [-118.24323562247864, 34.060779873830555], [-118.24324460563147, 34.060779873830555]]}, "properties": {"confidence": "high"}}, {"type": "Feature", "geometry": {"type": "LineString", "coordinates": [[-118.24058559239049, 34.060779873830555], [-118.24058559239049, 34.060772431791975], [-118.24057660923765, 34.060772431791975], [-118.24057660923765, 34.060779873830555], [-118.24058559239049, 34.060779873830555]]}, "properties": {"confidence": "high"}}, {"type": "Feature", "geometry": {"type": "LineString", "coordinates": [[-118.24048677770924, 34.060779873830555], [-118.24048677770924, 34.060772431791975], [-118.2404777945564, 34.060772431791975], [-118.2404777945564, 34.060779873830555], [-118.24048677770924, 34.060779873830555]]}, "properties": {"confidence": "high"}}, {"type": "Feature", "geometry": {"type": "LineString", "coordinates": [[-118.24408003884572, 34.060772431791975], [-118.24408003884572, 34.060764989752734], [-118.24407105569287, 34.060764989752734], [-118.24407105569287, 34.060772431791975], [-118.24408003884572, 34.060772431791975]]}, "properties": {"confidence": "high"}}, {"type": "Feature", "geometry": {"type": "LineString", "coordinates": [[-118.24366681381501, 34.060772431791975], [-118.24366681381501, 34.060764989752734], [-118.24365783066216, 34.060764989752734], [-118.24365783066216, 34.060772431791975], [-118.24366681381501, 34.060772431791975]]}, "properties": {"confidence": "high"}}, {"type": "Feature", "geometry": {"type": "LineString", "coordinates": [[-118.24323562247864, 34.060772431791975], [-118.24323562247864, 34.060764989752734], [-118.24321765617296, 34.060764989752734], [-118.24321765617296, 34.060772431791975], [-118.24323562247864, 34.060772431791975]]}, "properties": {"confidence": "high"}}, {"type": "Feature", "geometry": {"type": "LineString", "coordinates": [[-118.24057660923765, 34.060772431791975], [-118.24057660923765, 34.060764989752734], [-118.24056762608481, 34.060764989752734], [-118.24056762608481, 34.060772431791975], [-118.24057660923765, 34.060772431791975]]}, "properties": {"confidence": "high"}}, {"type": "Feature", "geometry": {"type": "LineString", "coordinates": [[-118.24049576086209, 34.060772431791975], [-118.24049576086209, 34.060764989752734], [-118.24048677770924, 34.060764989752734], [-118.24048677770924, 34.060772431791975], [-118.24049576086209, 34.060772431791975]]}, "properties": {"confidence": "high"}}, {"type": "Feature", "geometry": {"type": "LineString", "coordinates": [[-118.23650724100058, 34.060854294180466], [-118.23650724100058, 34.06075754771284], [-118.23649825784774, 34.06075754771284], [-118.23649825784774, 34.060854294180466], [-118.23650724100058, 34.060854294180466]]}, "properties": {"confidence": "high"}}, {"type": "Feature", "geometry": {"type": "LineString", "coordinates": [[-118.23912133847736, 34.060772431791975], [-118.23912133847736, 34.06075754771284], [-118.23911235532452, 34.06075754771284], [-118.23911235532452, 34.060772431791975], [-118.23912133847736, 34.060772431791975]]}, "properties": {"confidence": "high"}}, {"type": "Feature", "geometry": {"type": "LineString", "coordinates": [[-118.23830387156883, 34.060772431791975], [-118.23830387156883, 34.06075754771284], [-118.238294888416, 34.06075754771284], [-118.238294888416, 34.060772431791975], [-118.23830387156883, 34.060772431791975]]}, "properties": {"confidence": "high"}}, {"type": "Feature", "geometry": {"type": "LineString", "coordinates": [[-118.23747742150744, 34.060772431791975], [-118.23747742150744, 34.06075754771284], [-118.2374684383546, 34.06075754771284], [-118.2374684383546, 34.060772431791975], [-118.23747742150744, 34.060772431791975]]}, "properties": {"confidence": "high"}}, {"type": "Feature", "geometry": {"type": "LineString", "coordinates": [[-118.24407105569287, 34.060764989752734], [-118.24407105569287, 34.06075754771284], [-118.24406207254003, 34.06075754771284], [-118.24406207254003, 34.060764989752734], [-118.24407105569287, 34.060764989752734]]}, "properties": {"confidence": "high"}}, {"type": "Feature", "geometry": {"type": "LineString", "coordinates": [[-118.24367579696785, 34.060764989752734], [-118.24367579696785, 34.06075754771284], [-118.24366681381501, 34.06075754771284], [-118.24366681381501, 34.060764989752734], [-118.24367579696785, 34.060764989752734]]}, "properties": {"confidence": "high"}}, {"type": "Feature", "geometry": {"type": "LineString", "coordinates": [[-118.24321765617296, 34.060764989752734], [-118.24321765617296, 34.06075754771284], [-118.24320867302012, 34.06075754771284], [-118.24320867302012, 34.060764989752734], [-118.24321765617296, 34.060764989752734]]}, "properties": {"confidence": "high"}}, {"type": "Feature", "geometry": {"type": "LineString", "coordinates": [[-118.24056762608481, 34.060764989752734], [-118.24056762608481, 34.06075754771284], [-118.24055864293197, 34.06075754771284], [-118.24055864293197, 34.060764989752734], [-118.24056762608481, 34.060764989752734]]}, "properties": {"confidence": "high"}}, {"type": "Feature", "geometry": {"type": "LineString", "coordinates": [[-118.24406207254003, 34.06075754771284], [-118.24406207254003, 34.0607501056723], [-118.2440530893872, 34.0607501056723], [-118.2440530893872, 34.06075754771284], [-118.24406207254003, 34.06075754771284]]}, "properties": {"confidence": "high"}}, {"type": "Feature", "geometry": {"type": "LineString", "coordinates": [[-118.24369376327353, 34.06075754771284], [-118.24369376327353, 34.0607501056723], [-118.24367579696785, 34.0607501056723], [-118.24367579696785, 34.06075754771284], [-118.24369376327353, 34.06075754771284]]}, "properties": {"confidence": "high"}}, {"type": "Feature", "geometry": {"type": "LineString", "coordinates": [[-118.24320867302012, 34.06075754771284], [-118.24320867302012, 34.0607501056723], [-118.24319070671443, 34.0607501056723], [-118.24319070671443, 34.06075754771284], [-118.24320867302012, 34.06075754771284]]}, "properties": {"confidence": "high"}}, {"type": "Feature", "geometry": {"type": "LineString", "coordinates": [[-118.24519394979802, 34.060772431791975], [-118.24519394979802, 34.0607426636311], [-118.24518496664518, 34.0607426636311], [-118.24518496664518, 34.060772431791975], [-118.24519394979802, 34.060772431791975]]}, "properties": {"confidence": "high"}}, {"type": "Feature", "geometry": {"type": "LineString", "coordinates": [[-118.24050474401493, 34.060764989752734], [-118.24050474401493, 34.06075754771284], [-118.2405406766263, 34.06075754771284], [-118.2405406766263, 34.0607501056723], [-118.24050474401493, 34.0607501056723], [-118.24050474401493, 34.0607426636311], [-118.24049576086209, 34.0607426636311], [-118.24049576086209, 34.060764989752734], [-118.24050474401493, 34.060764989752734]]}, "properties": {"confidence": "high"}}, {"type": "Feature", "geometry": {"type": "LineString", "coordinates": [[-118.2440530893872, 34.0607501056723], [-118.2440530893872, 34.0607426636311], [-118.24404410623436, 34.0607426636311], [-118.24404410623436, 34.0607501056723], [-118.2440530893872, 34.0607501056723]]}, "properties": {"confidence": "high"}}, {"type": "Feature", "geometry": {"type": "LineString", "coordinates": [[-118.24370274642637, 34.0607501056723], [-118.24370274642637, 34.0607426636311], [-118.24369376327353, 34.0607426636311], [-118.24369376327353, 34.0607501056723], [-118.24370274642637, 34.0607501056723]]}, "properties": {"confidence": "high"}}, {"type": "Feature", "geometry": {"type": "LineString", "coordinates": [[-118.24319070671443, 34.0607501056723], [-118.24319070671443, 34.0607426636311], [-118.24318172356159, 34.0607426636311], [-118.24318172356159, 34.0607501056723], [-118.24319070671443, 34.0607501056723]]}, "properties": {"confidence": "high"}}, {"type": "Feature", "geometry": {"type": "LineString", "coordinates": [[-118.2391303216302, 34.06075754771284], [-118.2391303216302, 34.06073522158924], [-118.23912133847736, 34.06073522158924], [-118.23912133847736, 34.06075754771284], [-118.2391303216302, 34.06075754771284]]}, "properties": {"confidence": "high"}}, {"type": "Feature", "geometry": {"type": "LineString", "coordinates": [[-118.23831285472167, 34.06075754771284], [-118.23831285472167, 34.06073522158924], [-118.23830387156883, 34.06073522158924], [-118.23830387156883, 34.06075754771284], [-118.23831285472167, 34.06075754771284]]}, "properties": {"confidence": "high"}}, {"type": "Feature", "geometry": {"type": "LineString", "coordinates": [[-118.23748640466027, 34.06075754771284], [-118.23748640466027, 34.06073522158924], [-118.23747742150744, 34.06073522158924], [-118.23747742150744, 34.06075754771284], [-118.23748640466027, 34.06075754771284]]}, "properties": {"confidence": "high"}}, {"type": "Feature", "geometry": {"type": "LineString", "coordinates": [[-118.24404410623436, 34.0607426636311], [-118.24404410623436, 34.06073522158924], [-118.24403512308152, 34.06073522158924], [-118.24403512308152, 34.0607426636311], [-118.24404410623436, 34.0607426636311]]}, "properties": {"confidence": "high"}}, {"type": "Feature", "geometry": {"type": "LineString", "coordinates": [[-118.2437117295792, 34.0607426636311], [-118.2437117295792, 34.06073522158924], [-118.24370274642637, 34.06073522158924], [-118.24370274642637, 34.0607426636311], [-118.2437117295792, 34.0607426636311]]}, "properties": {"confidence": "high"}}, {"type": "Feature", "geometry": {"type": "LineString", "coordinates": [[-118.24318172356159, 34.0607426636311], [-118.24318172356159, 34.06073522158924], [-118.24316375725591, 34.06073522158924], [-118.24316375725591, 34.0607426636311], [-118.24318172356159, 34.0607426636311]]}, "properties": {"confidence": "high"}}, {"type": "Feature", "geometry": {"type": "LineString", "coordinates": [[-118.24049576086209, 34.0607426636311], [-118.24049576086209, 34.06073522158924], [-118.24048677770924, 34.06073522158924], [-118.24048677770924, 34.0607426636311], [-118.24049576086209, 34.0607426636311]]}, "properties": {"confidence": "high"}}, {"type": "Feature", "geometry": {"type": "LineString", "coordinates": [[-118.24249002079281, 34.060772431791975], [-118.24249002079281, 34.06072777954674], [-118.24248103763996, 34.06072777954674], [-118.24248103763996, 34.060772431791975], [-118.24249002079281, 34.060772431791975]]}, "properties": {"confidence": "high"}}, {"type": "Feature", "geometry": {"type": "LineString", "coordinates": [[-118.24055864293197, 34.06075754771284], [-118.24055864293197, 34.06072777954674], [-118.24054965977913, 34.06072777954674], [-118.24054965977913, 34.0607426636311], [-118.2405406766263, 34.0607426636311], [-118.2405406766263, 34.0607501056723], [-118.24054965977913, 34.0607501056723], [-118.24054965977913, 34.06075754771284], [-118.24055864293197, 34.06075754771284]]}, "properties": {"confidence": "high"}}, {"type": "Feature", "geometry": {"type": "LineString", "coordinates": [[-118.24403512308152, 34.06073522158924], [-118.24403512308152, 34.06072777954674], [-118.24402613992866, 34.06072777954674], [-118.24402613992866, 34.06073522158924], [-118.24403512308152, 34.06073522158924]]}, "properties": {"confidence": "high"}}, {"type": "Feature", "geometry": {"type": "LineString", "coordinates": [[-118.24372071273207, 34.06073522158924], [-118.24372071273207, 34.06072777954674], [-118.2437117295792, 34.06072777954674], [-118.2437117295792, 34.06073522158924], [-118.24372071273207, 34.06073522158924]]}, "properties": {"confidence": "high"}}, {"type": "Feature", "geometry": {"type": "LineString", "coordinates": [[-118.24316375725591, 34.06073522158924], [-118.24316375725591, 34.06072777954674], [-118.24315477410308, 34.06072777954674], [-118.24315477410308, 34.06073522158924], [-118.24316375725591, 34.06073522158924]]}, "properties": {"confidence": "high"}}, {"type": "Feature", "geometry": {"type": "LineString", "coordinates": [[-118.24048677770924, 34.06073522158924], [-118.24048677770924, 34.06072777954674], [-118.2404777945564, 34.06072777954674], [-118.2404777945564, 34.06073522158924], [-118.24048677770924, 34.06073522158924]]}, "properties": {"confidence": "high"}}, {"type": "Feature", "geometry": {"type": "LineString", "coordinates": [[-118.24520293295086, 34.0607426636311], [-118.24520293295086, 34.060720337503575], [-118.24519394979802, 34.060720337503575], [-118.24519394979802, 34.0607426636311], [-118.24520293295086, 34.0607426636311]]}, "properties": {"confidence": "high"}}, {"type": "Feature", "geometry": {"type": "LineString", "coordinates": [[-118.23913930478304, 34.06073522158924], [-118.23913930478304, 34.060720337503575], [-118.2391303216302, 34.060720337503575], [-118.2391303216302, 34.06073522158924], [-118.23913930478304, 34.06073522158924]]}, "properties": {"confidence": "high"}}, {"type": "Feature", "geometry": {"type": "LineString", "coordinates": [[-118.23749538781311, 34.06073522158924], [-118.23749538781311, 34.060720337503575], [-118.23748640466027, 34.060720337503575], [-118.23748640466027, 34.06073522158924], [-118.23749538781311, 34.06073522158924]]}, "properties": {"confidence": "high"}}, {"type": "Feature", "geometry": {"type": "LineString", "coordinates": [[-118.24402613992866, 34.06072777954674], [-118.24402613992866, 34.060720337503575], [-118.24401715677583, 34.060720337503575], [-118.24401715677583, 34.06072777954674], [-118.24402613992866, 34.06072777954674]]}, "properties": {"confidence": "high"}}, {"type": "Feature", "geometry": {"type": "LineString", "coordinates": [[-118.24372969588492, 34.06072777954674], [-118.24372969588492, 34.060720337503575], [-118.24372071273207, 34.060720337503575], [-118.24372071273207, 34.06072777954674], [-118.24372969588492, 34.06072777954674]]}, "properties": {"confidence": "high"}}, {"type": "Feature", "geometry": {"type": "LineString", "coordinates": [[-118.24315477410308, 34.06072777954674], [-118.24315477410308, 34.060720337503575], [-118.24313680779738, 34.060720337503575], [-118.24313680779738, 34.06072777954674], [-118.24315477410308, 34.06072777954674]]}, "properties": {"confidence": "high"}}, {"type": "Feature", "geometry": {"type": "LineString", "coordinates": [[-118.2404777945564, 34.06072777954674], [-118.2404777945564, 34.060720337503575], [-118.24046881140356, 34.060720337503575], [-118.24046881140356, 34.06072777954674], [-118.2404777945564, 34.06072777954674]]}, "properties": {"confidence": "high"}}, {"type": "Feature", "geometry": {"type": "LineString", "coordinates": [[-118.23832183787451, 34.06073522158924], [-118.23832183787451, 34.060712895459766], [-118.23831285472167, 34.060712895459766], [-118.23831285472167, 34.06073522158924], [-118.23832183787451, 34.06073522158924]]}, "properties": {"confidence": "high"}}, {"type": "Feature", "geometry": {"type": "LineString", "coordinates": [[-118.24401715677583, 34.060720337503575], [-118.24401715677583, 34.060712895459766], [-118.24400817362299, 34.060712895459766], [-118.24400817362299, 34.060720337503575], [-118.24401715677583, 34.060720337503575]]}, "properties": {"confidence": "high"}}, {"type": "Feature", "geometry": {"type": "LineString", "coordinates": [[-118.24373867903776, 34.060720337503575], [-118.24373867903776, 34.060712895459766], [-118.24372969588492, 34.060712895459766], [-118.24372969588492, 34.060720337503575], [-118.24373867903776, 34.060720337503575]]}, "properties": {"confidence": "high"}}, {"type": "Feature", "geometry": {"type": "LineString", "coordinates": [[-118.24313680779738, 34.060720337503575], [-118.24313680779738, 34.060712895459766], [-118.24312782464455, 34.060712895459766], [-118.24312782464455, 34.060720337503575], [-118.24313680779738, 34.060720337503575]]}, "properties": {"confidence": "high"}}, {"type": "Feature", "geometry": {"type": "LineString", "coordinates": [[-118.24046881140356, 34.060720337503575], [-118.24046881140356, 34.060712895459766], [-118.24045982825072, 34.060712895459766], [-118.24045982825072, 34.060720337503575], [-118.24046881140356, 34.060720337503575]]}, "properties": {"confidence": "high"}}, {"type": "Feature", "geometry": {"type": "LineString", "coordinates": [[-118.23914828793589, 34.060720337503575], [-118.23914828793589, 34.0607054534153], [-118.23913930478304, 34.0607054534153], [-118.23913930478304, 34.060720337503575], [-118.23914828793589, 34.060720337503575]]}, "properties": {"confidence": "high"}}, {"type": "Feature", "geometry": {"type": "LineString", "coordinates": [[-118.23750437096595, 34.060720337503575], [-118.23750437096595, 34.0607054534153], [-118.23749538781311, 34.0607054534153], [-118.23749538781311, 34.060720337503575], [-118.23750437096595, 34.060720337503575]]}, "properties": {"confidence": "high"}}, {"type": "Feature", "geometry": {"type": "LineString", "coordinates": [[-118.24400817362299, 34.060712895459766], [-118.24400817362299, 34.0607054534153], [-118.24399919047015, 34.0607054534153], [-118.24399919047015, 34.060712895459766], [-118.24400817362299, 34.060712895459766]]}, "properties": {"confidence": "high"}}, {"type": "Feature", "geometry": {"type": "LineString", "coordinates": [[-118.2437476621906, 34.060712895459766], [-118.2437476621906, 34.0607054534153], [-118.24373867903776, 34.0607054534153], [-118.24373867903776, 34.060712895459766], [-118.2437476621906, 34.060712895459766]]}, "properties": {"confidence": "high"}}, {"type": "Feature", "geometry": {"type": "LineString", "coordinates": [[-118.24312782464455, 34.060712895459766], [-118.24312782464455, 34.0607054534153], [-118.24311884149171, 34.0607054534153], [-118.24311884149171, 34.060712895459766], [-118.24312782464455, 34.060712895459766]]}, "properties": {"confidence": "high"}}, {"type": "Feature", "geometry": {"type": "LineString", "coordinates": [[-118.24045982825072, 34.060712895459766], [-118.24045982825072, 34.0607054534153], [-118.24045084509788, 34.0607054534153], [-118.24045084509788, 34.060712895459766], [-118.24045982825072, 34.060712895459766]]}, "properties": {"confidence": "high"}}, {"type": "Feature", "geometry": {"type": "LineString", "coordinates": [[-118.23651622415342, 34.06075754771284], [-118.23651622415342, 34.06069801137018], [-118.23650724100058, 34.06069801137018], [-118.23650724100058, 34.06075754771284], [-118.23651622415342, 34.06075754771284]]}, "properties": {"confidence": "high"}}, {"type": "Feature", "geometry": {"type": "LineString", "coordinates": [[-118.24521191610371, 34.060720337503575], [-118.24521191610371, 34.06069801137018], [-118.24520293295086, 34.06069801137018], [-118.24520293295086, 34.060720337503575], [-118.24521191610371, 34.060720337503575]]}, "properties": {"confidence": "high"}}, {"type": "Feature", "geometry": {"type": "LineString", "coordinates": [[-118.24399919047015, 34.0607054534153], [-118.24399919047015, 34.06069801137018], [-118.24399020731731, 34.06069801137018], [-118.24399020731731, 34.0607054534153], [-118.24399919047015, 34.0607054534153]]}, "properties": {"confidence": "high"}}, {"type": "Feature", "geometry": {"type": "LineString", "coordinates": [[-118.24375664534344, 34.0607054534153], [-118.24375664534344, 34.06069801137018], [-118.2437476621906, 34.06069801137018], [-118.2437476621906, 34.0607054534153], [-118.24375664534344, 34.0607054534153]]}, "properties": {"confidence": "high"}}, {"type": "Feature", "geometry": {"type": "LineString", "coordinates": [[-118.24311884149171, 34.0607054534153], [-118.24311884149171, 34.06069801137018], [-118.24310087518602, 34.06069801137018], [-118.24310087518602, 34.0607054534153], [-118.24311884149171, 34.0607054534153]]}, "properties": {"confidence": "high"}}, {"type": "Feature", "geometry": {"type": "LineString", "coordinates": [[-118.24045084509788, 34.0607054534153], [-118.24045084509788, 34.06069801137018], [-118.24043287879219, 34.06069801137018], [-118.24043287879219, 34.0607054534153], [-118.24045084509788, 34.0607054534153]]}, "properties": {"confidence": "high"}}, {"type": "Feature", "geometry": {"type": "LineString", "coordinates": [[-118.24056762608481, 34.06072777954674], [-118.24056762608481, 34.06069056932441], [-118.24055864293197, 34.06069056932441], [-118.24055864293197, 34.06072777954674], [-118.24056762608481, 34.06072777954674]]}, "properties": {"confidence": "high"}}, {"type": "Feature", "geometry": {"type": "LineString", "coordinates": [[-118.23833082102735, 34.060712895459766], [-118.23833082102735, 34.06069056932441], [-118.23832183787451, 34.06069056932441], [-118.23832183787451, 34.060712895459766], [-118.23833082102735, 34.060712895459766]]}, "properties": {"confidence": "high"}}, {"type": "Feature", "geometry": {"type": "LineString", "coordinates": [[-118.24522089925655, 34.06069801137018], [-118.24522089925655, 34.06069056932441], [-118.24521191610371, 34.06069056932441], [-118.24521191610371, 34.06069801137018], [-118.24522089925655, 34.06069801137018]]}, "properties": {"confidence": "high"}}, {"type": "Feature", "geometry": {"type": "LineString", "coordinates": [[-118.24399020731731, 34.06069801137018], [-118.24399020731731, 34.06069056932441], [-118.24398122416447, 34.06069056932441], [-118.24398122416447, 34.06069801137018], [-118.24399020731731, 34.06069801137018]]}, "properties": {"confidence": "high"}}, {"type": "Feature", "geometry": {"type": "LineString", "coordinates": [[-118.24376562849628, 34.06069801137018], [-118.24376562849628, 34.06069056932441], [-118.24375664534344, 34.06069056932441], [-118.24375664534344, 34.06069801137018], [-118.24376562849628, 34.06069801137018]]}, "properties": {"confidence": "high"}}, {"type": "Feature", "geometry": {"type": "LineString", "coordinates": [[-118.24310087518602, 34.06069801137018], [-118.24310087518602, 34.06069056932441], [-118.24309189203318, 34.06069056932441], [-118.24309189203318, 34.06069801137018], [-118.24310087518602, 34.06069801137018]]}, "properties": {"confidence": "high"}}, {"type": "Feature", "geometry": {"type": "LineString", "coordinates": [[-118.24043287879219, 34.06069801137018], [-118.24043287879219, 34.06069056932441], [-118.24041491248651, 34.06069056932441], [-118.24041491248651, 34.06069801137018], [-118.24043287879219, 34.06069801137018]]}, "properties": {"confidence": "high"}}, {"type": "Feature", "geometry": {"type": "LineString", "coordinates": [[-118.23915727108873, 34.0607054534153], [-118.23915727108873, 34.06068312727798], [-118.23914828793589, 34.06068312727798], [-118.23914828793589, 34.0607054534153], [-118.23915727108873, 34.0607054534153]]}, "properties": {"confidence": "high"}}, {"type": "Feature", "geometry": {"type": "LineString", "coordinates": [[-118.2375133541188, 34.0607054534153], [-118.2375133541188, 34.06068312727798], [-118.23750437096595, 34.06068312727798], [-118.23750437096595, 34.0607054534153], [-118.2375133541188, 34.0607054534153]]}, "properties": {"confidence": "high"}}, {"type": "Feature", "geometry": {"type": "LineString", "coordinates": [[-118.24377461164913, 34.06069056932441], [-118.24377461164913, 34.06068312727798], [-118.24376562849628, 34.06068312727798], [-118.24376562849628, 34.06069056932441], [-118.24377461164913, 34.06069056932441]]}, "properties": {"confidence": "high"}}, {"type": "Feature", "geometry": {"type": "LineString", "coordinates": [[-118.24309189203318, 34.06069056932441], [-118.24309189203318, 34.06068312727798], [-118.2430739257275, 34.06068312727798], [-118.2430739257275, 34.06069056932441], [-118.24309189203318, 34.06069056932441]]}, "properties": {"confidence": "high"}}, {"type": "Feature", "geometry": {"type": "LineString", "coordinates": [[-118.24041491248651, 34.06069056932441], [-118.24041491248651, 34.06068312727798], [-118.24037897987515, 34.06068312727798], [-118.24037897987515, 34.06069056932441], [-118.24041491248651, 34.06069056932441]]}, "properties": {"confidence": "high"}}, {"type": "Feature", "geometry": {"type": "LineString", "coordinates": [[-118.24249900394565, 34.06072777954674], [-118.24249900394565, 34.06067568523089], [-118.24249002079281, 34.06067568523089], [-118.24249002079281, 34.06072777954674], [-118.24249900394565, 34.06072777954674]]}, "properties": {"confidence": "high"}}, {"type": "Feature", "geometry": {"type": "LineString", "coordinates": [[-118.24398122416447, 34.06069056932441], [-118.24398122416447, 34.06067568523089], [-118.24397224101162, 34.06067568523089], [-118.24397224101162, 34.06069056932441], [-118.24398122416447, 34.06069056932441]]}, "properties": {"confidence": "high"}}, {"type": "Feature", "geometry": {"type": "LineString", "coordinates": [[-118.2383398041802, 34.06069056932441], [-118.2383398041802, 34.06067568523089], [-118.23833082102735, 34.06067568523089], [-118.23833082102735, 34.06069056932441], [-118.2383398041802, 34.06069056932441]]}, "properties": {"confidence": "high"}}, {"type": "Feature", "geometry": {"type": "LineString", "coordinates": [[-118.24378359480197, 34.06068312727798], [-118.24378359480197, 34.06067568523089], [-118.24377461164913, 34.06067568523089], [-118.24377461164913, 34.06068312727798], [-118.24378359480197, 34.06068312727798]]}, "properties": {"confidence": "high"}}, {"type": "Feature", "geometry": {"type": "LineString", "coordinates": [[-118.2430739257275, 34.06068312727798], [-118.2430739257275, 34.06067568523089], [-118.24306494257466, 34.06067568523089], [-118.24306494257466, 34.06068312727798], [-118.2430739257275, 34.06068312727798]]}, "properties": {"confidence": "high"}}, {"type": "Feature", "geometry": {"type": "LineString", "coordinates": [[-118.24037897987515, 34.06068312727798], [-118.24037897987515, 34.06067568523089], [-118.24033406411094, 34.06067568523089], [-118.24033406411094, 34.06068312727798], [-118.24037897987515, 34.06068312727798]]}, "properties": {"confidence": "high"}}, {"type": "Feature", "geometry": {"type": "LineString", "coordinates": [[-118.23752233727164, 34.06068312727798], [-118.23752233727164, 34.060668243183166], [-118.2375133541188, 34.060668243183166], [-118.2375133541188, 34.06068312727798], [-118.23752233727164, 34.06068312727798]]}, "properties": {"confidence": "high"}}, {"type": "Feature", "geometry": {"type": "LineString", "coordinates": [[-118.24397224101162, 34.06067568523089], [-118.24397224101162, 34.060668243183166], [-118.24396325785878, 34.060668243183166], [-118.24396325785878, 34.06067568523089], [-118.24397224101162, 34.06067568523089]]}, "properties": {"confidence": "high"}}, {"type": "Feature", "geometry": {"type": "LineString", "coordinates": [[-118.2437925779548, 34.06067568523089], [-118.2437925779548, 34.060668243183166], [-118.24378359480197, 34.060668243183166], [-118.24378359480197, 34.06067568523089], [-118.2437925779548, 34.06067568523089]]}, "properties": {"confidence": "high"}}, {"type": "Feature", "geometry": {"type": "LineString", "coordinates": [[-118.24306494257466, 34.06067568523089], [-118.24306494257466, 34.060668243183166], [-118.24304697626897, 34.060668243183166], [-118.24304697626897, 34.06067568523089], [-118.24306494257466, 34.06067568523089]]}, "properties": {"confidence": "high"}}, {"type": "Feature", "geometry": {"type": "LineString", "coordinates": [[-118.24033406411094, 34.06067568523089], [-118.24033406411094, 34.060668243183166], [-118.24030711465242, 34.060668243183166], [-118.24030711465242, 34.06067568523089], [-118.24033406411094, 34.06067568523089]]}, "properties": {"confidence": "high"}}, {"type": "Feature", "geometry": {"type": "LineString", "coordinates": [[-118.23916625424157, 34.06068312727798], [-118.23916625424157, 34.06066080113477], [-118.23915727108873, 34.06066080113477], [-118.23915727108873, 34.06068312727798], [-118.23916625424157, 34.06068312727798]]}, "properties": {"confidence": "high"}}, {"type": "Feature", "geometry": {"type": "LineString", "coordinates": [[-118.24396325785878, 34.060668243183166], [-118.24396325785878, 34.06066080113477], [-118.24395427470594, 34.06066080113477], [-118.24395427470594, 34.060668243183166], [-118.24396325785878, 34.060668243183166]]}, "properties": {"confidence": "high"}}, {"type": "Feature", "geometry": {"type": "LineString", "coordinates": [[-118.24380156110765, 34.060668243183166], [-118.24380156110765, 34.06066080113477], [-118.2437925779548, 34.06066080113477], [-118.2437925779548, 34.060668243183166], [-118.24380156110765, 34.060668243183166]]}, "properties": {"confidence": "high"}}, {"type": "Feature", "geometry": {"type": "LineString", "coordinates": [[-118.24304697626897, 34.060668243183166], [-118.24304697626897, 34.06066080113477], [-118.2430290099633, 34.06066080113477], [-118.2430290099633, 34.060668243183166], [-118.24304697626897, 34.060668243183166]]}, "properties": {"confidence": "high"}}, {"type": "Feature", "geometry": {"type": "LineString", "coordinates": [[-118.24030711465242, 34.060668243183166], [-118.24030711465242, 34.06066080113477], [-118.24028914834672, 34.06066080113477], [-118.24028914834672, 34.060668243183166], [-118.24030711465242, 34.060668243183166]]}, "properties": {"confidence": "high"}}, {"type": "Feature", "geometry": {"type": "LineString", "coordinates": [[-118.23834878733304, 34.06067568523089], [-118.23834878733304, 34.060653359085734], [-118.2383398041802, 34.060653359085734], [-118.2383398041802, 34.06067568523089], [-118.23834878733304, 34.06067568523089]]}, "properties": {"confidence": "high"}}, {"type": "Feature", "geometry": {"type": "LineString", "coordinates": [[-118.23753132042448, 34.060668243183166], [-118.23753132042448, 34.060653359085734], [-118.23752233727164, 34.060653359085734], [-118.23752233727164, 34.060668243183166], [-118.23753132042448, 34.060668243183166]]}, "properties": {"confidence": "high"}}, {"type": "Feature", "geometry": {"type": "LineString", "coordinates": [[-118.24395427470594, 34.06066080113477], [-118.24395427470594, 34.060653359085734], [-118.2439452915531, 34.060653359085734], [-118.2439452915531, 34.06066080113477], [-118.24395427470594, 34.06066080113477]]}, "properties": {"confidence": "high"}}, {"type": "Feature", "geometry": {"type": "LineString", "coordinates": [[-118.24381054426048, 34.06066080113477], [-118.24381054426048, 34.060653359085734], [-118.24380156110765, 34.060653359085734], [-118.24380156110765, 34.06066080113477], [-118.24381054426048, 34.06066080113477]]}, "properties": {"confidence": "high"}}, {"type": "Feature", "geometry": {"type": "LineString", "coordinates": [[-118.2430290099633, 34.06066080113477], [-118.2430290099633, 34.060653359085734], [-118.24302002681046, 34.060653359085734], [-118.24302002681046, 34.06066080113477], [-118.2430290099633, 34.06066080113477]]}, "properties": {"confidence": "high"}}, {"type": "Feature", "geometry": {"type": "LineString", "coordinates": [[-118.24028914834672, 34.06066080113477], [-118.24028914834672, 34.060653359085734], [-118.24026219888819, 34.060653359085734], [-118.24026219888819, 34.06066080113477], [-118.24028914834672, 34.06066080113477]]}, "properties": {"confidence": "high"}}, {"type": "Feature", "geometry": {"type": "LineString", "coordinates": [[-118.2439452915531, 34.060653359085734], [-118.2439452915531, 34.060645917036034], [-118.24393630840027, 34.060645917036034], [-118.24393630840027, 34.060653359085734], [-118.2439452915531, 34.060653359085734]]}, "properties": {"confidence": "high"}}, {"type": "Feature", "geometry": {"type": "LineString", "coordinates": [[-118.24381952741332, 34.060653359085734], [-118.24381952741332, 34.060645917036034], [-118.24381054426048, 34.060645917036034], [-118.24381054426048, 34.060653359085734], [-118.24381952741332, 34.060653359085734]]}, "properties": {"confidence": "high"}}, {"type": "Feature", "geometry": {"type": "LineString", "coordinates": [[-118.24302002681046, 34.060653359085734], [-118.24302002681046, 34.060645917036034], [-118.24300206050478, 34.060645917036034], [-118.24300206050478, 34.060653359085734], [-118.24302002681046, 34.060653359085734]]}, "properties": {"confidence": "high"}}, {"type": "Feature", "geometry": {"type": "LineString", "coordinates": [[-118.24026219888819, 34.060653359085734], [-118.24026219888819, 34.060645917036034], [-118.24024423258251, 34.060645917036034], [-118.24024423258251, 34.060653359085734], [-118.24026219888819, 34.060653359085734]]}, "properties": {"confidence": "high"}}, {"type": "Feature", "geometry": {"type": "LineString", "coordinates": [[-118.23917523739443, 34.06066080113477], [-118.23917523739443, 34.06063847498569], [-118.23916625424157, 34.06063847498569], [-118.23916625424157, 34.06066080113477], [-118.23917523739443, 34.06066080113477]]}, "properties": {"confidence": "high"}}, {"type": "Feature", "geometry": {"type": "LineString", "coordinates": [[-118.24393630840027, 34.060645917036034], [-118.24393630840027, 34.06063847498569], [-118.24392732524743, 34.06063847498569], [-118.24392732524743, 34.060645917036034], [-118.24393630840027, 34.060645917036034]]}, "properties": {"confidence": "high"}}, {"type": "Feature", "geometry": {"type": "LineString", "coordinates": [[-118.24382851056617, 34.060645917036034], [-118.24382851056617, 34.06063847498569], [-118.24381952741332, 34.06063847498569], [-118.24381952741332, 34.060645917036034], [-118.24382851056617, 34.060645917036034]]}, "properties": {"confidence": "high"}}, {"type": "Feature", "geometry": {"type": "LineString", "coordinates": [[-118.24300206050478, 34.060645917036034], [-118.24300206050478, 34.06063847498569], [-118.24299307735193, 34.06063847498569], [-118.24299307735193, 34.060645917036034], [-118.24300206050478, 34.060645917036034]]}, "properties": {"confidence": "high"}}, {"type": "Feature", "geometry": {"type": "LineString", "coordinates": [[-118.24024423258251, 34.060645917036034], [-118.24024423258251, 34.06063847498569], [-118.24021728312398, 34.06063847498569], [-118.24021728312398, 34.060645917036034], [-118.24024423258251, 34.060645917036034]]}, "properties": {"confidence": "high"}}, {"type": "Feature", "geometry": {"type": "LineString", "coordinates": [[-118.23754030357732, 34.060653359085734], [-118.23754030357732, 34.06063103293469], [-118.23753132042448, 34.06063103293469], [-118.23753132042448, 34.060653359085734], [-118.23754030357732, 34.060653359085734]]}, "properties": {"confidence": "high"}}, {"type": "Feature", "geometry": {"type": "LineString", "coordinates": [[-118.24299307735193, 34.06063847498569], [-118.24299307735193, 34.06063103293469], [-118.24297511104625, 34.06063103293469], [-118.24297511104625, 34.06063847498569], [-118.24299307735193, 34.06063847498569]]}, "properties": {"confidence": "high"}}, {"type": "Feature", "geometry": {"type": "LineString", "coordinates": [[-118.24021728312398, 34.06063847498569], [-118.24021728312398, 34.06063103293469], [-118.24019033366547, 34.06063103293469], [-118.24019033366547, 34.06063847498569], [-118.24021728312398, 34.06063847498569]]}, "properties": {"confidence": "high"}}, {"type": "Feature", "geometry": {"type": "LineString", "coordinates": [[-118.24057660923765, 34.06069056932441], [-118.24057660923765, 34.06062359088304], [-118.24056762608481, 34.06062359088304], [-118.24056762608481, 34.06069056932441], [-118.24057660923765, 34.06069056932441]]}, "properties": {"confidence": "high"}}, {"type": "Feature", "geometry": {"type": "LineString", "coordinates": [[-118.23835777048588, 34.060653359085734], [-118.23835777048588, 34.06062359088304], [-118.23834878733304, 34.06062359088304], [-118.23834878733304, 34.060653359085734], [-118.23835777048588, 34.060653359085734]]}, "properties": {"confidence": "high"}}, {"type": "Feature", "geometry": {"type": "LineString", "coordinates": [[-118.24392732524743, 34.06063847498569], [-118.24392732524743, 34.06062359088304], [-118.24382851056617, 34.06062359088304], [-118.24382851056617, 34.06063847498569], [-118.24383749371901, 34.06063847498569], [-118.24383749371901, 34.06063103293469], [-118.24391834209457, 34.06063103293469], [-118.24391834209457, 34.06063847498569], [-118.24392732524743, 34.06063847498569]]}, "properties": {"confidence": "high"}}, {"type": "Feature", "geometry": {"type": "LineString", "coordinates": [[-118.23918422054727, 34.06063847498569], [-118.23918422054727, 34.06062359088304], [-118.23917523739443, 34.06062359088304], [-118.23917523739443, 34.06063847498569], [-118.23918422054727, 34.06063847498569]]}, "properties": {"confidence": "high"}}, {"type": "Feature", "geometry": {"type": "LineString", "coordinates": [[-118.24297511104625, 34.06063103293469], [-118.24297511104625, 34.06062359088304], [-118.24296612789341, 34.06062359088304], [-118.24296612789341, 34.06063103293469], [-118.24297511104625, 34.06063103293469]]}, "properties": {"confidence": "high"}}, {"type": "Feature", "geometry": {"type": "LineString", "coordinates": [[-118.24019033366547, 34.06063103293469], [-118.24019033366547, 34.06062359088304], [-118.24016338420694, 34.06062359088304], [-118.24016338420694, 34.06063103293469], [-118.24019033366547, 34.06063103293469]]}, "properties": {"confidence": "high"}}, {"type": "Feature", "geometry": {"type": "LineString", "coordinates": [[-118.24250798709849, 34.06067568523089], [-118.24250798709849, 34.060616148830725], [-118.24249900394565, 34.060616148830725], [-118.24249900394565, 34.06067568523089], [-118.24250798709849, 34.06067568523089]]}, "properties": {"confidence": "high"}}, {"type": "Feature", "geometry": {"type": "LineString", "coordinates": [[-118.23754928673016, 34.06063103293469], [-118.23754928673016, 34.060616148830725], [-118.23754030357732, 34.060616148830725], [-118.23754030357732, 34.06063103293469], [-118.23754928673016, 34.06063103293469]]}, "properties": {"confidence": "high"}}, {"type": "Feature", "geometry": {"type": "LineString", "coordinates": [[-118.24393630840027, 34.06062359088304], [-118.24393630840027, 34.060616148830725], [-118.24392732524743, 34.060616148830725], [-118.24392732524743, 34.06062359088304], [-118.24393630840027, 34.06062359088304]]}, "properties": {"confidence": "high"}}, {"type": "Feature", "geometry": {"type": "LineString", "coordinates": [[-118.24382851056617, 34.06062359088304], [-118.24382851056617, 34.060616148830725], [-118.24381952741332, 34.060616148830725], [-118.24381952741332, 34.06062359088304], [-118.24382851056617, 34.06062359088304]]}, "properties": {"confidence": "high"}}, {"type": "Feature", "geometry": {"type": "LineString", "coordinates": [[-118.24296612789341, 34.06062359088304], [-118.24296612789341, 34.060616148830725], [-118.24294816158772, 34.060616148830725], [-118.24294816158772, 34.06062359088304], [-118.24296612789341, 34.06062359088304]]}, "properties": {"confidence": "high"}}, {"type": "Feature", "geometry": {"type": "LineString", "coordinates": [[-118.24016338420694, 34.06062359088304], [-118.24016338420694, 34.060616148830725], [-118.24014541790126, 34.060616148830725], [-118.24014541790126, 34.06062359088304], [-118.24016338420694, 34.06062359088304]]}, "properties": {"confidence": "high"}}, {"type": "Feature", "geometry": {"type": "LineString", "coordinates": [[-118.23919320370011, 34.06062359088304], [-118.23919320370011, 34.060608706777764], [-118.23918422054727, 34.060608706777764], [-118.23918422054727, 34.06062359088304], [-118.23919320370011, 34.06062359088304]]}, "properties": {"confidence": "high"}}, {"type": "Feature", "geometry": {"type": "LineString", "coordinates": [[-118.23836675363872, 34.06062359088304], [-118.23836675363872, 34.060608706777764], [-118.23835777048588, 34.060608706777764], [-118.23835777048588, 34.06062359088304], [-118.23836675363872, 34.06062359088304]]}, "properties": {"confidence": "high"}}, {"type": "Feature", "geometry": {"type": "LineString", "coordinates": [[-118.2439452915531, 34.060616148830725], [-118.2439452915531, 34.060608706777764], [-118.24393630840027, 34.060608706777764], [-118.24393630840027, 34.060616148830725], [-118.2439452915531, 34.060616148830725]]}, "properties": {"confidence": "high"}}, {"type": "Feature", "geometry": {"type": "LineString", "coordinates": [[-118.24381952741332, 34.060616148830725], [-118.24381952741332, 34.060608706777764], [-118.24381054426048, 34.060608706777764], [-118.24381054426048, 34.060616148830725], [-118.24381952741332, 34.060616148830725]]}, "properties": {"confidence": "high"}}, {"type": "Feature", "geometry": {"type": "LineString", "coordinates": [[-118.24294816158772, 34.060616148830725], [-118.24294816158772, 34.060608706777764], [-118.24293917843488, 34.060608706777764], [-118.24293917843488, 34.060616148830725], [-118.24294816158772, 34.060616148830725]]}, "properties": {"confidence": "high"}}, {"type": "Feature", "geometry": {"type": "LineString", "coordinates": [[-118.24014541790126, 34.060616148830725], [-118.24014541790126, 34.060608706777764], [-118.24011846844273, 34.060608706777764], [-118.24011846844273, 34.060616148830725], [-118.24014541790126, 34.060616148830725]]}, "properties": {"confidence": "high"}}, {"type": "Feature", "geometry": {"type": "LineString", "coordinates": [[-118.24395427470594, 34.060608706777764], [-118.24395427470594, 34.06060126472415], [-118.2439452915531, 34.06060126472415], [-118.2439452915531, 34.060608706777764], [-118.24395427470594, 34.060608706777764]]}, "properties": {"confidence": "high"}}, {"type": "Feature", "geometry": {"type": "LineString", "coordinates": [[-118.24381054426048, 34.060608706777764], [-118.24381054426048, 34.06060126472415], [-118.24380156110765, 34.06060126472415], [-118.24380156110765, 34.060608706777764], [-118.24381054426048, 34.060608706777764]]}, "properties": {"confidence": "high"}}, {"type": "Feature", "geometry": {"type": "LineString", "coordinates": [[-118.24293917843488, 34.060608706777764], [-118.24293917843488, 34.06060126472415], [-118.24293019528204, 34.06060126472415], [-118.24293019528204, 34.060608706777764], [-118.24293917843488, 34.060608706777764]]}, "properties": {"confidence": "high"}}, {"type": "Feature", "geometry": {"type": "LineString", "coordinates": [[-118.24058559239049, 34.06062359088304], [-118.24058559239049, 34.060608706777764], [-118.24059457554334, 34.060608706777764], [-118.24059457554334, 34.06060126472415], [-118.24057660923765, 34.06060126472415], [-118.24057660923765, 34.06062359088304], [-118.24058559239049, 34.06062359088304]]}, "properties": {"confidence": "high"}}, {"type": "Feature", "geometry": {"type": "LineString", "coordinates": [[-118.24011846844273, 34.060608706777764], [-118.24011846844273, 34.06060126472415], [-118.24009151898422, 34.06060126472415], [-118.24009151898422, 34.060608706777764], [-118.24011846844273, 34.060608706777764]]}, "properties": {"confidence": "high"}}, {"type": "Feature", "geometry": {"type": "LineString", "coordinates": [[-118.237558269883, 34.060616148830725], [-118.237558269883, 34.06059382266988], [-118.23754928673016, 34.06059382266988], [-118.23754928673016, 34.060616148830725], [-118.237558269883, 34.060616148830725]]}, "properties": {"confidence": "high"}}, {"type": "Feature", "geometry": {"type": "LineString", "coordinates": [[-118.23920218685295, 34.060608706777764], [-118.23920218685295, 34.06059382266988], [-118.23919320370011, 34.06059382266988], [-118.23919320370011, 34.060608706777764], [-118.23920218685295, 34.060608706777764]]}, "properties": {"confidence": "high"}}, {"type": "Feature", "geometry": {"type": "LineString", "coordinates": [[-118.23837573679155, 34.060608706777764], [-118.23837573679155, 34.06059382266988], [-118.23836675363872, 34.06059382266988], [-118.23836675363872, 34.060608706777764], [-118.23837573679155, 34.060608706777764]]}, "properties": {"confidence": "high"}}, {"type": "Feature", "geometry": {"type": "LineString", "coordinates": [[-118.24396325785878, 34.06060126472415], [-118.24396325785878, 34.06059382266988], [-118.24395427470594, 34.06059382266988], [-118.24395427470594, 34.06060126472415], [-118.24396325785878, 34.06060126472415]]}, "properties": {"confidence": "high"}}, {"type": "Feature", "geometry": {"type": "LineString", "coordinates": [[-118.24293019528204, 34.06060126472415], [-118.24293019528204, 34.06059382266988], [-118.2429212121292, 34.06059382266988], [-118.2429212121292, 34.06060126472415], [-118.24293019528204, 34.06060126472415]]}, "properties": {"confidence": "high"}}, {"type": "Feature", "geometry": {"type": "LineString", "coordinates": [[-118.24061254184902, 34.06060126472415], [-118.24061254184902, 34.06059382266988], [-118.24059457554334, 34.06059382266988], [-118.24059457554334, 34.06060126472415], [-118.24061254184902, 34.06060126472415]]}, "properties": {"confidence": "high"}}, {"type": "Feature", "geometry": {"type": "LineString", "coordinates": [[-118.24009151898422, 34.06060126472415], [-118.24009151898422, 34.06059382266988], [-118.24006456952569, 34.06059382266988], [-118.24006456952569, 34.06060126472415], [-118.24009151898422, 34.06060126472415]]}, "properties": {"confidence": "high"}}, {"type": "Feature", "geometry": {"type": "LineString", "coordinates": [[-118.23652520730626, 34.06069801137018], [-118.23652520730626, 34.06060126472415], [-118.23653419045911, 34.06060126472415], [-118.23653419045911, 34.06059382266988], [-118.23651622415342, 34.06059382266988], [-118.23651622415342, 34.06069801137018], [-118.23652520730626, 34.06069801137018]]}, "properties": {"confidence": "high"}}, {"type": "Feature", "geometry": {"type": "LineString", "coordinates": [[-118.24380156110765, 34.06060126472415], [-118.24380156110765, 34.06058638061496], [-118.2437925779548, 34.06058638061496], [-118.2437925779548, 34.06060126472415], [-118.24380156110765, 34.06060126472415]]}, "properties": {"confidence": "high"}}, {"type": "Feature", "geometry": {"type": "LineString", "coordinates": [[-118.24397224101162, 34.06059382266988], [-118.24397224101162, 34.06058638061496], [-118.24396325785878, 34.06058638061496], [-118.24396325785878, 34.06059382266988], [-118.24397224101162, 34.06059382266988]]}, "properties": {"confidence": "high"}}, {"type": "Feature", "geometry": {"type": "LineString", "coordinates": [[-118.2429212121292, 34.06059382266988], [-118.2429212121292, 34.06058638061496], [-118.24290324582353, 34.06058638061496], [-118.24290324582353, 34.06059382266988], [-118.2429212121292, 34.06059382266988]]}, "properties": {"confidence": "high"}}, {"type": "Feature", "geometry": {"type": "LineString", "coordinates": [[-118.2406305081547, 34.06059382266988], [-118.2406305081547, 34.06058638061496], [-118.24061254184902, 34.06058638061496], [-118.24061254184902, 34.06059382266988], [-118.2406305081547, 34.06059382266988]]}, "properties": {"confidence": "high"}}, {"type": "Feature", "geometry": {"type": "LineString", "coordinates": [[-118.24006456952569, 34.06059382266988], [-118.24006456952569, 34.06058638061496], [-118.24003762006717, 34.06058638061496], [-118.24003762006717, 34.06059382266988], [-118.24006456952569, 34.06059382266988]]}, "properties": {"confidence": "high"}}, {"type": "Feature", "geometry": {"type": "LineString", "coordinates": [[-118.23654317361195, 34.06059382266988], [-118.23654317361195, 34.06058638061496], [-118.23653419045911, 34.06058638061496], [-118.23653419045911, 34.06059382266988], [-118.23654317361195, 34.06059382266988]]}, "properties": {"confidence": "high"}}, {"type": "Feature", "geometry": {"type": "LineString", "coordinates": [[-118.23651622415342, 34.06059382266988], [-118.23651622415342, 34.06058638061496], [-118.23650724100058, 34.06058638061496], [-118.23650724100058, 34.06059382266988], [-118.23651622415342, 34.06059382266988]]}, "properties": {"confidence": "high"}}, {"type": "Feature", "geometry": {"type": "LineString", "coordinates": [[-118.2392111700058, 34.06059382266988], [-118.2392111700058, 34.06057893855938], [-118.23920218685295, 34.06057893855938], [-118.23920218685295, 34.06059382266988], [-118.2392111700058, 34.06059382266988]]}, "properties": {"confidence": "high"}}, {"type": "Feature", "geometry": {"type": "LineString", "coordinates": [[-118.2383847199444, 34.06059382266988], [-118.2383847199444, 34.06057893855938], [-118.23837573679155, 34.06057893855938], [-118.23837573679155, 34.06059382266988], [-118.2383847199444, 34.06059382266988]]}, "properties": {"confidence": "high"}}, {"type": "Feature", "geometry": {"type": "LineString", "coordinates": [[-118.24398122416447, 34.06058638061496], [-118.24398122416447, 34.06057893855938], [-118.24397224101162, 34.06057893855938], [-118.24397224101162, 34.06058638061496], [-118.24398122416447, 34.06058638061496]]}, "properties": {"confidence": "high"}}, {"type": "Feature", "geometry": {"type": "LineString", "coordinates": [[-118.24290324582353, 34.06058638061496], [-118.24290324582353, 34.06057893855938], [-118.24288527951784, 34.06057893855938], [-118.24288527951784, 34.06058638061496], [-118.24290324582353, 34.06058638061496]]}, "properties": {"confidence": "high"}}, {"type": "Feature", "geometry": {"type": "LineString", "coordinates": [[-118.24064847446039, 34.06058638061496], [-118.24064847446039, 34.06057893855938], [-118.2406305081547, 34.06057893855938], [-118.2406305081547, 34.06058638061496], [-118.24064847446039, 34.06058638061496]]}, "properties": {"confidence": "high"}}, {"type": "Feature", "geometry": {"type": "LineString", "coordinates": [[-118.24003762006717, 34.06058638061496], [-118.24003762006717, 34.06057893855938], [-118.24001067060864, 34.06057893855938], [-118.24001067060864, 34.06058638061496], [-118.24003762006717, 34.06058638061496]]}, "properties": {"confidence": "high"}}, {"type": "Feature", "geometry": {"type": "LineString", "coordinates": [[-118.23655215676479, 34.06058638061496], [-118.23655215676479, 34.06057893855938], [-118.23654317361195, 34.06057893855938], [-118.23654317361195, 34.06058638061496], [-118.23655215676479, 34.06058638061496]]}, "properties": {"confidence": "high"}}, {"type": "Feature", "geometry": {"type": "LineString", "coordinates": [[-118.23650724100058, 34.06058638061496], [-118.23650724100058, 34.06057893855938], [-118.23649825784774, 34.06057893855938], [-118.23649825784774, 34.06058638061496], [-118.23650724100058, 34.06058638061496]]}, "properties": {"confidence": "high"}}, {"type": "Feature", "geometry": {"type": "LineString", "coordinates": [[-118.23756725303585, 34.06059382266988], [-118.23756725303585, 34.06057149650315], [-118.237558269883, 34.06057149650315], [-118.237558269883, 34.06059382266988], [-118.23756725303585, 34.06059382266988]]}, "properties": {"confidence": "high"}}, {"type": "Feature", "geometry": {"type": "LineString", "coordinates": [[-118.2437925779548, 34.06058638061496], [-118.2437925779548, 34.06057149650315], [-118.24378359480197, 34.06057149650315], [-118.24378359480197, 34.06058638061496], [-118.2437925779548, 34.06058638061496]]}, "properties": {"confidence": "high"}}, {"type": "Feature", "geometry": {"type": "LineString", "coordinates": [[-118.24399020731731, 34.06057893855938], [-118.24399020731731, 34.06057149650315], [-118.24398122416447, 34.06057149650315], [-118.24398122416447, 34.06057893855938], [-118.24399020731731, 34.06057893855938]]}, "properties": {"confidence": "high"}}, {"type": "Feature", "geometry": {"type": "LineString", "coordinates": [[-118.24288527951784, 34.06057893855938], [-118.24288527951784, 34.06057149650315], [-118.24286731321216, 34.06057149650315], [-118.24286731321216, 34.06057893855938], [-118.24288527951784, 34.06057893855938]]}, "properties": {"confidence": "high"}}, {"type": "Feature", "geometry": {"type": "LineString", "coordinates": [[-118.24065745761322, 34.06057893855938], [-118.24065745761322, 34.06057149650315], [-118.24064847446039, 34.06057149650315], [-118.24064847446039, 34.06057893855938], [-118.24065745761322, 34.06057893855938]]}, "properties": {"confidence": "high"}}, {"type": "Feature", "geometry": {"type": "LineString", "coordinates": [[-118.24001067060864, 34.06057893855938], [-118.24001067060864, 34.06057149650315], [-118.23998372115013, 34.06057149650315], [-118.23998372115013, 34.06057893855938], [-118.24001067060864, 34.06057893855938]]}, "properties": {"confidence": "high"}}, {"type": "Feature", "geometry": {"type": "LineString", "coordinates": [[-118.23656113991763, 34.06057893855938], [-118.23656113991763, 34.06057149650315], [-118.23655215676479, 34.06057149650315], [-118.23655215676479, 34.06057893855938], [-118.23656113991763, 34.06057893855938]]}, "properties": {"confidence": "high"}}, {"type": "Feature", "geometry": {"type": "LineString", "coordinates": [[-118.23649825784774, 34.06057893855938], [-118.23649825784774, 34.06057149650315], [-118.2364892746949, 34.06057149650315], [-118.2364892746949, 34.06057893855938], [-118.23649825784774, 34.06057893855938]]}, "properties": {"confidence": "high"}}, {"type": "Feature", "geometry": {"type": "LineString", "coordinates": [[-118.23922015315864, 34.06057893855938], [-118.23922015315864, 34.06056405444627], [-118.2392111700058, 34.06056405444627], [-118.2392111700058, 34.06057893855938], [-118.23922015315864, 34.06057893855938]]}, "properties": {"confidence": "high"}}, {"type": "Feature", "geometry": {"type": "LineString", "coordinates": [[-118.23839370309724, 34.06057893855938], [-118.23839370309724, 34.06056405444627], [-118.2383847199444, 34.06056405444627], [-118.2383847199444, 34.06057893855938], [-118.23839370309724, 34.06057893855938]]}, "properties": {"confidence": "high"}}, {"type": "Feature", "geometry": {"type": "LineString", "coordinates": [[-118.24399919047015, 34.06057149650315], [-118.24399919047015, 34.06056405444627], [-118.24399020731731, 34.06056405444627], [-118.24399020731731, 34.06057149650315], [-118.24399919047015, 34.06057149650315]]}, "properties": {"confidence": "high"}}, {"type": "Feature", "geometry": {"type": "LineString", "coordinates": [[-118.24286731321216, 34.06057149650315], [-118.24286731321216, 34.06056405444627], [-118.24285833005932, 34.06056405444627], [-118.24285833005932, 34.06057149650315], [-118.24286731321216, 34.06057149650315]]}, "properties": {"confidence": "high"}}, {"type": "Feature", "geometry": {"type": "LineString", "coordinates": [[-118.2406754239189, 34.06057149650315], [-118.2406754239189, 34.06056405444627], [-118.24065745761322, 34.06056405444627], [-118.24065745761322, 34.06057149650315], [-118.2406754239189, 34.06057149650315]]}, "properties": {"confidence": "high"}}, {"type": "Feature", "geometry": {"type": "LineString", "coordinates": [[-118.23998372115013, 34.06057149650315], [-118.23998372115013, 34.06056405444627], [-118.2399567716916, 34.06056405444627], [-118.2399567716916, 34.06057149650315], [-118.23998372115013, 34.06057149650315]]}, "properties": {"confidence": "high"}}, {"type": "Feature", "geometry": {"type": "LineString", "coordinates": [[-118.2364892746949, 34.06057149650315], [-118.2364892746949, 34.06056405444627], [-118.23647130838921, 34.06056405444627], [-118.23647130838921, 34.06057149650315], [-118.2364892746949, 34.06057149650315]]}, "properties": {"confidence": "high"}}, {"type": "Feature", "geometry": {"type": "LineString", "coordinates": [[-118.24251697025133, 34.060616148830725], [-118.24251697025133, 34.06055661238874], [-118.24250798709849, 34.06055661238874], [-118.24250798709849, 34.060616148830725], [-118.24251697025133, 34.060616148830725]]}, "properties": {"confidence": "high"}}, {"type": "Feature", "geometry": {"type": "LineString", "coordinates": [[-118.24378359480197, 34.06057149650315], [-118.24378359480197, 34.06055661238874], [-118.24377461164913, 34.06055661238874], [-118.24377461164913, 34.06057149650315], [-118.24378359480197, 34.06057149650315]]}, "properties": {"confidence": "high"}}, {"type": "Feature", "geometry": {"type": "LineString", "coordinates": [[-118.23757623618869, 34.06057149650315], [-118.23757623618869, 34.06055661238874], [-118.23756725303585, 34.06055661238874], [-118.23756725303585, 34.06057149650315], [-118.23757623618869, 34.06057149650315]]}, "properties": {"confidence": "high"}}, {"type": "Feature", "geometry": {"type": "LineString", "coordinates": [[-118.24400817362299, 34.06056405444627], [-118.24400817362299, 34.06055661238874], [-118.24399919047015, 34.06055661238874], [-118.24399919047015, 34.06056405444627], [-118.24400817362299, 34.06056405444627]]}, "properties": {"confidence": "high"}}, {"type": "Feature", "geometry": {"type": "LineString", "coordinates": [[-118.24285833005932, 34.06056405444627], [-118.24285833005932, 34.06055661238874], [-118.24284036375363, 34.06055661238874], [-118.24284036375363, 34.06056405444627], [-118.24285833005932, 34.06056405444627]]}, "properties": {"confidence": "high"}}, {"type": "Feature", "geometry": {"type": "LineString", "coordinates": [[-118.24069339022459, 34.06056405444627], [-118.24069339022459, 34.06055661238874], [-118.2406754239189, 34.06055661238874], [-118.2406754239189, 34.06056405444627], [-118.24069339022459, 34.06056405444627]]}, "properties": {"confidence": "high"}}, {"type": "Feature", "geometry": {"type": "LineString", "coordinates": [[-118.2399567716916, 34.06056405444627], [-118.2399567716916, 34.06055661238874], [-118.23993880538592, 34.06055661238874], [-118.23993880538592, 34.06056405444627], [-118.2399567716916, 34.06056405444627]]}, "properties": {"confidence": "high"}}, {"type": "Feature", "geometry": {"type": "LineString", "coordinates": [[-118.23647130838921, 34.06056405444627], [-118.23647130838921, 34.06055661238874], [-118.23634554424945, 34.06055661238874], [-118.23634554424945, 34.06056405444627], [-118.23647130838921, 34.06056405444627]]}, "properties": {"confidence": "high"}}, {"type": "Feature", "geometry": {"type": "LineString", "coordinates": [[-118.23628266217956, 34.06056405444627], [-118.23628266217956, 34.06055661238874], [-118.23621079695683, 34.06055661238874], [-118.23621079695683, 34.06056405444627], [-118.23628266217956, 34.06056405444627]]}, "properties": {"confidence": "high"}}, {"type": "Feature", "geometry": {"type": "LineString", "coordinates": [[-118.23922913631148, 34.06056405444627], [-118.23922913631148, 34.06054917033054], [-118.23922015315864, 34.06054917033054], [-118.23922015315864, 34.06056405444627], [-118.23922913631148, 34.06056405444627]]}, "properties": {"confidence": "high"}}, {"type": "Feature", "geometry": {"type": "LineString", "coordinates": [[-118.24377461164913, 34.06055661238874], [-118.24377461164913, 34.06054917033054], [-118.24376562849628, 34.06054917033054], [-118.24376562849628, 34.06055661238874], [-118.24377461164913, 34.06055661238874]]}, "properties": {"confidence": "high"}}, {"type": "Feature", "geometry": {"type": "LineString", "coordinates": [[-118.24284036375363, 34.06055661238874], [-118.24284036375363, 34.06054917033054], [-118.24283138060079, 34.06054917033054], [-118.24283138060079, 34.06055661238874], [-118.24284036375363, 34.06055661238874]]}, "properties": {"confidence": "high"}}, {"type": "Feature", "geometry": {"type": "LineString", "coordinates": [[-118.24071135653027, 34.06055661238874], [-118.24071135653027, 34.06054917033054], [-118.24069339022459, 34.06054917033054], [-118.24069339022459, 34.06055661238874], [-118.24071135653027, 34.06055661238874]]}, "properties": {"confidence": "high"}}, {"type": "Feature", "geometry": {"type": "LineString", "coordinates": [[-118.23993880538592, 34.06055661238874], [-118.23993880538592, 34.06054917033054], [-118.23990287277455, 34.06054917033054], [-118.23990287277455, 34.06055661238874], [-118.23993880538592, 34.06055661238874]]}, "properties": {"confidence": "high"}}, {"type": "Feature", "geometry": {"type": "LineString", "coordinates": [[-118.23634554424945, 34.06055661238874], [-118.23634554424945, 34.06054917033054], [-118.23628266217956, 34.06054917033054], [-118.23628266217956, 34.06055661238874], [-118.23634554424945, 34.06055661238874]]}, "properties": {"confidence": "high"}}, {"type": "Feature", "geometry": {"type": "LineString", "coordinates": [[-118.23657012307046, 34.06057149650315], [-118.23657012307046, 34.0605417282717], [-118.23656113991763, 34.0605417282717], [-118.23656113991763, 34.06057149650315], [-118.23657012307046, 34.06057149650315]]}, "properties": {"confidence": "high"}}, {"type": "Feature", "geometry": {"type": "LineString", "coordinates": [[-118.23840268625008, 34.06056405444627], [-118.23840268625008, 34.0605417282717], [-118.23839370309724, 34.0605417282717], [-118.23839370309724, 34.06056405444627], [-118.23840268625008, 34.06056405444627]]}, "properties": {"confidence": "high"}}, {"type": "Feature", "geometry": {"type": "LineString", "coordinates": [[-118.24401715677583, 34.06055661238874], [-118.24401715677583, 34.0605417282717], [-118.24400817362299, 34.0605417282717], [-118.24400817362299, 34.06055661238874], [-118.24401715677583, 34.06055661238874]]}, "properties": {"confidence": "high"}}, {"type": "Feature", "geometry": {"type": "LineString", "coordinates": [[-118.23758521934153, 34.06055661238874], [-118.23758521934153, 34.0605417282717], [-118.23757623618869, 34.0605417282717], [-118.23757623618869, 34.06055661238874], [-118.23758521934153, 34.06055661238874]]}, "properties": {"confidence": "high"}}, {"type": "Feature", "geometry": {"type": "LineString", "coordinates": [[-118.24376562849628, 34.06054917033054], [-118.24376562849628, 34.0605417282717], [-118.24375664534344, 34.0605417282717], [-118.24375664534344, 34.06054917033054], [-118.24376562849628, 34.06054917033054]]}, "properties": {"confidence": "high"}}, {"type": "Feature", "geometry": {"type": "LineString", "coordinates": [[-118.24283138060079, 34.06054917033054], [-118.24283138060079, 34.0605417282717], [-118.24281341429511, 34.0605417282717], [-118.24281341429511, 34.06054917033054], [-118.24283138060079, 34.06054917033054]]}, "properties": {"confidence": "high"}}, {"type": "Feature", "geometry": {"type": "LineString", "coordinates": [[-118.24072932283595, 34.06054917033054], [-118.24072932283595, 34.0605417282717], [-118.24071135653027, 34.0605417282717], [-118.24071135653027, 34.06054917033054], [-118.24072932283595, 34.06054917033054]]}, "properties": {"confidence": "high"}}, {"type": "Feature", "geometry": {"type": "LineString", "coordinates": [[-118.23990287277455, 34.06054917033054], [-118.23990287277455, 34.0605417282717], [-118.23988490646887, 34.0605417282717], [-118.23988490646887, 34.06054917033054], [-118.23990287277455, 34.06054917033054]]}, "properties": {"confidence": "high"}}, {"type": "Feature", "geometry": {"type": "LineString", "coordinates": [[-118.24057660923765, 34.06060126472415], [-118.24057660923765, 34.0605342862122], [-118.24056762608481, 34.0605342862122], [-118.24056762608481, 34.06060126472415], [-118.24057660923765, 34.06060126472415]]}, "properties": {"confidence": "high"}}, {"type": "Feature", "geometry": {"type": "LineString", "coordinates": [[-118.24402613992866, 34.0605417282717], [-118.24402613992866, 34.0605342862122], [-118.24401715677583, 34.0605342862122], [-118.24401715677583, 34.0605417282717], [-118.24402613992866, 34.0605417282717]]}, "properties": {"confidence": "high"}}, {"type": "Feature", "geometry": {"type": "LineString", "coordinates": [[-118.24375664534344, 34.0605417282717], [-118.24375664534344, 34.0605342862122], [-118.2437476621906, 34.0605342862122], [-118.2437476621906, 34.0605417282717], [-118.24375664534344, 34.0605417282717]]}, "properties": {"confidence": "high"}}, {"type": "Feature", "geometry": {"type": "LineString", "coordinates": [[-118.24281341429511, 34.0605417282717], [-118.24281341429511, 34.0605342862122], [-118.24280443114228, 34.0605342862122], [-118.24280443114228, 34.0605417282717], [-118.24281341429511, 34.0605417282717]]}, "properties": {"confidence": "high"}}, {"type": "Feature", "geometry": {"type": "LineString", "coordinates": [[-118.24074728914164, 34.0605417282717], [-118.24074728914164, 34.0605342862122], [-118.24072932283595, 34.0605342862122], [-118.24072932283595, 34.0605417282717], [-118.24074728914164, 34.0605417282717]]}, "properties": {"confidence": "high"}}, {"type": "Feature", "geometry": {"type": "LineString", "coordinates": [[-118.23988490646887, 34.0605417282717], [-118.23988490646887, 34.0605342862122], [-118.23985795701034, 34.0605342862122], [-118.23985795701034, 34.0605417282717], [-118.23988490646887, 34.0605417282717]]}, "properties": {"confidence": "high"}}, {"type": "Feature", "geometry": {"type": "LineString", "coordinates": [[-118.23923811946432, 34.06054917033054], [-118.23923811946432, 34.06052684415205], [-118.23922913631148, 34.06052684415205], [-118.23922913631148, 34.06054917033054], [-118.23923811946432, 34.06054917033054]]}, "properties": {"confidence": "high"}}, {"type": "Feature", "geometry": {"type": "LineString", "coordinates": [[-118.23841166940292, 34.0605417282717], [-118.23841166940292, 34.06052684415205], [-118.23840268625008, 34.06052684415205], [-118.23840268625008, 34.0605417282717], [-118.23841166940292, 34.0605417282717]]}, "properties": {"confidence": "high"}}, {"type": "Feature", "geometry": {"type": "LineString", "coordinates": [[-118.2437476621906, 34.0605342862122], [-118.2437476621906, 34.06052684415205], [-118.24373867903776, 34.06052684415205], [-118.24373867903776, 34.0605342862122], [-118.2437476621906, 34.0605342862122]]}, "properties": {"confidence": "high"}}, {"type": "Feature", "geometry": {"type": "LineString", "coordinates": [[-118.24280443114228, 34.0605342862122], [-118.24280443114228, 34.06052684415205], [-118.24278646483658, 34.06052684415205], [-118.24278646483658, 34.0605342862122], [-118.24280443114228, 34.0605342862122]]}, "properties": {"confidence": "high"}}, {"type": "Feature", "geometry": {"type": "LineString", "coordinates": [[-118.23985795701034, 34.0605342862122], [-118.23985795701034, 34.06052684415205], [-118.23983100755183, 34.06052684415205], [-118.23983100755183, 34.0605342862122], [-118.23985795701034, 34.0605342862122]]}, "properties": {"confidence": "high"}}, {"type": "Feature", "geometry": {"type": "LineString", "coordinates": [[-118.23759420249436, 34.0605417282717], [-118.23759420249436, 34.060519402091245], [-118.23758521934153, 34.060519402091245], [-118.23758521934153, 34.0605417282717], [-118.23759420249436, 34.0605417282717]]}, "properties": {"confidence": "high"}}, {"type": "Feature", "geometry": {"type": "LineString", "coordinates": [[-118.2365791062233, 34.0605417282717], [-118.2365791062233, 34.060519402091245], [-118.23657012307046, 34.060519402091245], [-118.23657012307046, 34.0605417282717], [-118.2365791062233, 34.0605417282717]]}, "properties": {"confidence": "high"}}, {"type": "Feature", "geometry": {"type": "LineString", "coordinates": [[-118.24403512308152, 34.0605342862122], [-118.24403512308152, 34.060519402091245], [-118.24402613992866, 34.060519402091245], [-118.24402613992866, 34.0605342862122], [-118.24403512308152, 34.0605342862122]]}, "properties": {"confidence": "high"}}, {"type": "Feature", "geometry": {"type": "LineString", "coordinates": [[-118.24075627229448, 34.0605342862122], [-118.24075627229448, 34.060519402091245], [-118.24074728914164, 34.060519402091245], [-118.24074728914164, 34.0605342862122], [-118.24075627229448, 34.0605342862122]]}, "properties": {"confidence": "high"}}, {"type": "Feature", "geometry": {"type": "LineString", "coordinates": [[-118.24373867903776, 34.06052684415205], [-118.24373867903776, 34.060519402091245], [-118.24372969588492, 34.060519402091245], [-118.24372969588492, 34.06052684415205], [-118.24373867903776, 34.06052684415205]]}, "properties": {"confidence": "high"}}, {"type": "Feature", "geometry": {"type": "LineString", "coordinates": [[-118.24278646483658, 34.06052684415205], [-118.24278646483658, 34.060519402091245], [-118.2427684985309, 34.060519402091245], [-118.2427684985309, 34.06052684415205], [-118.24278646483658, 34.06052684415205]]}, "properties": {"confidence": "high"}}, {"type": "Feature", "geometry": {"type": "LineString", "coordinates": [[-118.23983100755183, 34.06052684415205], [-118.23983100755183, 34.060519402091245], [-118.2398040580933, 34.060519402091245], [-118.2398040580933, 34.06052684415205], [-118.23983100755183, 34.06052684415205]]}, "properties": {"confidence": "high"}}, {"type": "Feature", "geometry": {"type": "LineString", "coordinates": [[-118.2440530893872, 34.060519402091245], [-118.2440530893872, 34.06051196002979], [-118.24403512308152, 34.06051196002979], [-118.24403512308152, 34.060519402091245], [-118.2440530893872, 34.060519402091245]]}, "properties": {"confidence": "high"}}, {"type": "Feature", "geometry": {"type": "LineString", "coordinates": [[-118.24372969588492, 34.060519402091245], [-118.24372969588492, 34.06051196002979], [-118.2437117295792, 34.06051196002979], [-118.2437117295792, 34.060519402091245], [-118.24372969588492, 34.060519402091245]]}, "properties": {"confidence": "high"}}, {"type": "Feature", "geometry": {"type": "LineString", "coordinates": [[-118.2427684985309, 34.060519402091245], [-118.2427684985309, 34.06051196002979], [-118.24275951537807, 34.06051196002979], [-118.24275951537807, 34.060519402091245], [-118.2427684985309, 34.060519402091245]]}, "properties": {"confidence": "high"}}, {"type": "Feature", "geometry": {"type": "LineString", "coordinates": [[-118.2398040580933, 34.060519402091245], [-118.2398040580933, 34.06051196002979], [-118.23977710863478, 34.06051196002979], [-118.23977710863478, 34.060519402091245], [-118.2398040580933, 34.060519402091245]]}, "properties": {"confidence": "high"}}, {"type": "Feature", "geometry": {"type": "LineString", "coordinates": [[-118.23924710261716, 34.06052684415205], [-118.23924710261716, 34.06050451796768], [-118.23923811946432, 34.06050451796768], [-118.23923811946432, 34.06052684415205], [-118.23924710261716, 34.06052684415205]]}, "properties": {"confidence": "high"}}, {"type": "Feature", "geometry": {"type": "LineString", "coordinates": [[-118.23842065255576, 34.06052684415205], [-118.23842065255576, 34.06050451796768], [-118.23841166940292, 34.06050451796768], [-118.23841166940292, 34.06052684415205], [-118.23842065255576, 34.06052684415205]]}, "properties": {"confidence": "high"}}, {"type": "Feature", "geometry": {"type": "LineString", "coordinates": [[-118.2376031856472, 34.060519402091245], [-118.2376031856472, 34.06050451796768], [-118.23759420249436, 34.06050451796768], [-118.23759420249436, 34.060519402091245], [-118.2376031856472, 34.060519402091245]]}, "properties": {"confidence": "high"}}, {"type": "Feature", "geometry": {"type": "LineString", "coordinates": [[-118.24406207254003, 34.06051196002979], [-118.24406207254003, 34.06050451796768], [-118.2440530893872, 34.06050451796768], [-118.2440530893872, 34.06051196002979], [-118.24406207254003, 34.06051196002979]]}, "properties": {"confidence": "high"}}, {"type": "Feature", "geometry": {"type": "LineString", "coordinates": [[-118.2437117295792, 34.06051196002979], [-118.2437117295792, 34.06050451796768], [-118.24370274642637, 34.06050451796768], [-118.24370274642637, 34.06051196002979], [-118.2437117295792, 34.06051196002979]]}, "properties": {"confidence": "high"}}, {"type": "Feature", "geometry": {"type": "LineString", "coordinates": [[-118.24275951537807, 34.06051196002979], [-118.24275951537807, 34.06050451796768], [-118.24274154907238, 34.06050451796768], [-118.24274154907238, 34.06051196002979], [-118.24275951537807, 34.06051196002979]]}, "properties": {"confidence": "high"}}, {"type": "Feature", "geometry": {"type": "LineString", "coordinates": [[-118.23977710863478, 34.06051196002979], [-118.23977710863478, 34.06050451796768], [-118.23975015917625, 34.06050451796768], [-118.23975015917625, 34.06051196002979], [-118.23977710863478, 34.06051196002979]]}, "properties": {"confidence": "high"}}, {"type": "Feature", "geometry": {"type": "LineString", "coordinates": [[-118.24252595340417, 34.06055661238874], [-118.24252595340417, 34.06049707590492], [-118.24251697025133, 34.06049707590492], [-118.24251697025133, 34.06055661238874], [-118.24252595340417, 34.06055661238874]]}, "properties": {"confidence": "high"}}, {"type": "Feature", "geometry": {"type": "LineString", "coordinates": [[-118.24076525544731, 34.060519402091245], [-118.24076525544731, 34.06049707590492], [-118.24075627229448, 34.06049707590492], [-118.24075627229448, 34.060519402091245], [-118.24076525544731, 34.060519402091245]]}, "properties": {"confidence": "high"}}, {"type": "Feature", "geometry": {"type": "LineString", "coordinates": [[-118.24407105569287, 34.06050451796768], [-118.24407105569287, 34.06049707590492], [-118.24406207254003, 34.06049707590492], [-118.24406207254003, 34.06050451796768], [-118.24407105569287, 34.06050451796768]]}, "properties": {"confidence": "high"}}, {"type": "Feature", "geometry": {"type": "LineString", "coordinates": [[-118.24370274642637, 34.06050451796768], [-118.24370274642637, 34.06049707590492], [-118.24369376327353, 34.06049707590492], [-118.24369376327353, 34.06050451796768], [-118.24370274642637, 34.06050451796768]]}, "properties": {"confidence": "high"}}, {"type": "Feature", "geometry": {"type": "LineString", "coordinates": [[-118.24274154907238, 34.06050451796768], [-118.24274154907238, 34.06049707590492], [-118.24273256591954, 34.06049707590492], [-118.24273256591954, 34.06050451796768], [-118.24274154907238, 34.06050451796768]]}, "properties": {"confidence": "high"}}, {"type": "Feature", "geometry": {"type": "LineString", "coordinates": [[-118.23975015917625, 34.06050451796768], [-118.23975015917625, 34.06049707590492], [-118.23973219287058, 34.06049707590492], [-118.23973219287058, 34.06050451796768], [-118.23975015917625, 34.06050451796768]]}, "properties": {"confidence": "high"}}, {"type": "Feature", "geometry": {"type": "LineString", "coordinates": [[-118.24058559239049, 34.0605342862122], [-118.24058559239049, 34.0604896338415], [-118.24057660923765, 34.0604896338415], [-118.24057660923765, 34.0605342862122], [-118.24058559239049, 34.0605342862122]]}, "properties": {"confidence": "high"}}, {"type": "Feature", "geometry": {"type": "LineString", "coordinates": [[-118.23925608577, 34.06050451796768], [-118.23925608577, 34.0604896338415], [-118.23924710261716, 34.0604896338415], [-118.23924710261716, 34.06050451796768], [-118.23925608577, 34.06050451796768]]}, "properties": {"confidence": "high"}}, {"type": "Feature", "geometry": {"type": "LineString", "coordinates": [[-118.23761216880006, 34.06050451796768], [-118.23761216880006, 34.0604896338415], [-118.2376031856472, 34.0604896338415], [-118.2376031856472, 34.06050451796768], [-118.23761216880006, 34.06050451796768]]}, "properties": {"confidence": "high"}}, {"type": "Feature", "geometry": {"type": "LineString", "coordinates": [[-118.24408902199856, 34.06049707590492], [-118.24408902199856, 34.0604896338415], [-118.24407105569287, 34.0604896338415], [-118.24407105569287, 34.06049707590492], [-118.24408902199856, 34.06049707590492]]}, "properties": {"confidence": "high"}}, {"type": "Feature", "geometry": {"type": "LineString", "coordinates": [[-118.24273256591954, 34.06049707590492], [-118.24273256591954, 34.0604896338415], [-118.24271459961386, 34.0604896338415], [-118.24271459961386, 34.06049707590492], [-118.24273256591954, 34.06049707590492]]}, "properties": {"confidence": "high"}}, {"type": "Feature", "geometry": {"type": "LineString", "coordinates": [[-118.23973219287058, 34.06049707590492], [-118.23973219287058, 34.0604896338415], [-118.23970524341205, 34.0604896338415], [-118.23970524341205, 34.06049707590492], [-118.23973219287058, 34.06049707590492]]}, "properties": {"confidence": "high"}}, {"type": "Feature", "geometry": {"type": "LineString", "coordinates": [[-118.2384296357086, 34.06050451796768], [-118.2384296357086, 34.06048219177743], [-118.23842065255576, 34.06048219177743], [-118.23842065255576, 34.06050451796768], [-118.2384296357086, 34.06050451796768]]}, "properties": {"confidence": "high"}}, {"type": "Feature", "geometry": {"type": "LineString", "coordinates": [[-118.24077423860015, 34.06049707590492], [-118.24077423860015, 34.06048219177743], [-118.24076525544731, 34.06048219177743], [-118.24076525544731, 34.06049707590492], [-118.24077423860015, 34.06049707590492]]}, "properties": {"confidence": "high"}}, {"type": "Feature", "geometry": {"type": "LineString", "coordinates": [[-118.2440980051514, 34.0604896338415], [-118.2440980051514, 34.06048219177743], [-118.24408902199856, 34.06048219177743], [-118.24408902199856, 34.0604896338415], [-118.2440980051514, 34.0604896338415]]}, "properties": {"confidence": "high"}}, {"type": "Feature", "geometry": {"type": "LineString", "coordinates": [[-118.24366681381501, 34.0604896338415], [-118.24366681381501, 34.06048219177743], [-118.24363088120364, 34.06048219177743], [-118.24363088120364, 34.0604896338415], [-118.24366681381501, 34.0604896338415]]}, "properties": {"confidence": "high"}}, {"type": "Feature", "geometry": {"type": "LineString", "coordinates": [[-118.24271459961386, 34.0604896338415], [-118.24271459961386, 34.06048219177743], [-118.24270561646102, 34.06048219177743], [-118.24270561646102, 34.0604896338415], [-118.24271459961386, 34.0604896338415]]}, "properties": {"confidence": "high"}}, {"type": "Feature", "geometry": {"type": "LineString", "coordinates": [[-118.23970524341205, 34.0604896338415], [-118.23970524341205, 34.06048219177743], [-118.23967829395353, 34.06048219177743], [-118.23967829395353, 34.0604896338415], [-118.23970524341205, 34.0604896338415]]}, "properties": {"confidence": "high"}}, {"type": "Feature", "geometry": {"type": "LineString", "coordinates": [[-118.24363088120364, 34.06048219177743], [-118.24363088120364, 34.060474749712704], [-118.24360393174511, 34.060474749712704], [-118.24360393174511, 34.06048219177743], [-118.24363088120364, 34.06048219177743]]}, "properties": {"confidence": "high"}}, {"type": "Feature", "geometry": {"type": "LineString", "coordinates": [[-118.24270561646102, 34.06048219177743], [-118.24270561646102, 34.060474749712704], [-118.24269663330819, 34.060474749712704], [-118.24269663330819, 34.06048219177743], [-118.24270561646102, 34.06048219177743]]}, "properties": {"confidence": "high"}}, {"type": "Feature", "geometry": {"type": "LineString", "coordinates": [[-118.23967829395353, 34.06048219177743], [-118.23967829395353, 34.060474749712704], [-118.239651344495, 34.060474749712704], [-118.239651344495, 34.06048219177743], [-118.23967829395353, 34.06048219177743]]}, "properties": {"confidence": "high"}}, {"type": "Feature", "geometry": {"type": "LineString", "coordinates": [[-118.23658808937616, 34.060519402091245], [-118.23658808937616, 34.06046730764733], [-118.2365791062233, 34.06046730764733], [-118.2365791062233, 34.060519402091245], [-118.23658808937616, 34.060519402091245]]}, "properties": {"confidence": "high"}}, {"type": "Feature", "geometry": {"type": "LineString", "coordinates": [[-118.23926506892285, 34.0604896338415], [-118.23926506892285, 34.06046730764733], [-118.23925608577, 34.06046730764733], [-118.23925608577, 34.0604896338415], [-118.23926506892285, 34.0604896338415]]}, "properties": {"confidence": "high"}}, {"type": "Feature", "geometry": {"type": "LineString", "coordinates": [[-118.2376211519529, 34.0604896338415], [-118.2376211519529, 34.06046730764733], [-118.23761216880006, 34.06046730764733], [-118.23761216880006, 34.0604896338415], [-118.2376211519529, 34.0604896338415]]}, "properties": {"confidence": "high"}}, {"type": "Feature", "geometry": {"type": "LineString", "coordinates": [[-118.24410698830424, 34.06048219177743], [-118.24410698830424, 34.06046730764733], [-118.2440980051514, 34.06046730764733], [-118.2440980051514, 34.06048219177743], [-118.24410698830424, 34.06048219177743]]}, "properties": {"confidence": "high"}}, {"type": "Feature", "geometry": {"type": "LineString", "coordinates": [[-118.24360393174511, 34.060474749712704], [-118.24360393174511, 34.06046730764733], [-118.24356799913376, 34.06046730764733], [-118.24356799913376, 34.060474749712704], [-118.24360393174511, 34.060474749712704]]}, "properties": {"confidence": "high"}}, {"type": "Feature", "geometry": {"type": "LineString", "coordinates": [[-118.24269663330819, 34.060474749712704], [-118.24269663330819, 34.06046730764733], [-118.2426786670025, 34.06046730764733], [-118.2426786670025, 34.060474749712704], [-118.24269663330819, 34.060474749712704]]}, "properties": {"confidence": "high"}}, {"type": "Feature", "geometry": {"type": "LineString", "coordinates": [[-118.239651344495, 34.060474749712704], [-118.239651344495, 34.06046730764733], [-118.23961541188365, 34.06046730764733], [-118.23961541188365, 34.060474749712704], [-118.239651344495, 34.060474749712704]]}, "properties": {"confidence": "high"}}, {"type": "Feature", "geometry": {"type": "LineString", "coordinates": [[-118.24369376327353, 34.06049707590492], [-118.24369376327353, 34.060459865581294], [-118.24368478012069, 34.060459865581294], [-118.24368478012069, 34.0604896338415], [-118.24366681381501, 34.0604896338415], [-118.24366681381501, 34.06049707590492], [-118.24369376327353, 34.06049707590492]]}, "properties": {"confidence": "high"}}, {"type": "Feature", "geometry": {"type": "LineString", "coordinates": [[-118.24078322175299, 34.06048219177743], [-118.24078322175299, 34.060459865581294], [-118.24077423860015, 34.060459865581294], [-118.24077423860015, 34.06048219177743], [-118.24078322175299, 34.06048219177743]]}, "properties": {"confidence": "high"}}, {"type": "Feature", "geometry": {"type": "LineString", "coordinates": [[-118.23843861886145, 34.06048219177743], [-118.23843861886145, 34.060459865581294], [-118.2384296357086, 34.060459865581294], [-118.2384296357086, 34.06048219177743], [-118.23843861886145, 34.06048219177743]]}, "properties": {"confidence": "high"}}, {"type": "Feature", "geometry": {"type": "LineString", "coordinates": [[-118.24411597145708, 34.06046730764733], [-118.24411597145708, 34.060459865581294], [-118.24410698830424, 34.060459865581294], [-118.24410698830424, 34.06046730764733], [-118.24411597145708, 34.06046730764733]]}, "properties": {"confidence": "high"}}, {"type": "Feature", "geometry": {"type": "LineString", "coordinates": [[-118.24356799913376, 34.06046730764733], [-118.24356799913376, 34.060459865581294], [-118.24354104967523, 34.060459865581294], [-118.24354104967523, 34.06046730764733], [-118.24356799913376, 34.06046730764733]]}, "properties": {"confidence": "high"}}, {"type": "Feature", "geometry": {"type": "LineString", "coordinates": [[-118.2426786670025, 34.06046730764733], [-118.2426786670025, 34.060459865581294], [-118.24266070069682, 34.060459865581294], [-118.24266070069682, 34.06046730764733], [-118.2426786670025, 34.06046730764733]]}, "properties": {"confidence": "high"}}, {"type": "Feature", "geometry": {"type": "LineString", "coordinates": [[-118.23961541188365, 34.06046730764733], [-118.23961541188365, 34.060459865581294], [-118.23959744557796, 34.060459865581294], [-118.23959744557796, 34.06046730764733], [-118.23961541188365, 34.06046730764733]]}, "properties": {"confidence": "high"}}, {"type": "Feature", "geometry": {"type": "LineString", "coordinates": [[-118.23927405207569, 34.06046730764733], [-118.23927405207569, 34.06045242351461], [-118.23926506892285, 34.06045242351461], [-118.23926506892285, 34.06046730764733], [-118.23927405207569, 34.06046730764733]]}, "properties": {"confidence": "high"}}, {"type": "Feature", "geometry": {"type": "LineString", "coordinates": [[-118.23763013510573, 34.06046730764733], [-118.23763013510573, 34.06045242351461], [-118.2376211519529, 34.06045242351461], [-118.2376211519529, 34.06046730764733], [-118.23763013510573, 34.06046730764733]]}, "properties": {"confidence": "high"}}, {"type": "Feature", "geometry": {"type": "LineString", "coordinates": [[-118.24412495460992, 34.060459865581294], [-118.24412495460992, 34.06045242351461], [-118.24411597145708, 34.06045242351461], [-118.24411597145708, 34.060459865581294], [-118.24412495460992, 34.060459865581294]]}, "properties": {"confidence": "high"}}, {"type": "Feature", "geometry": {"type": "LineString", "coordinates": [[-118.24354104967523, 34.060459865581294], [-118.24354104967523, 34.06045242351461], [-118.24353206652239, 34.06045242351461], [-118.24353206652239, 34.060459865581294], [-118.24354104967523, 34.060459865581294]]}, "properties": {"confidence": "high"}}, {"type": "Feature", "geometry": {"type": "LineString", "coordinates": [[-118.24266070069682, 34.060459865581294], [-118.24266070069682, 34.06045242351461], [-118.24265171754398, 34.06045242351461], [-118.24265171754398, 34.060459865581294], [-118.24266070069682, 34.060459865581294]]}, "properties": {"confidence": "high"}}, {"type": "Feature", "geometry": {"type": "LineString", "coordinates": [[-118.23959744557796, 34.060459865581294], [-118.23959744557796, 34.06045242351461], [-118.23957049611944, 34.06045242351461], [-118.23957049611944, 34.060459865581294], [-118.23959744557796, 34.060459865581294]]}, "properties": {"confidence": "high"}}, {"type": "Feature", "geometry": {"type": "LineString", "coordinates": [[-118.23844760201429, 34.060459865581294], [-118.23844760201429, 34.060444981447276], [-118.23843861886145, 34.060444981447276], [-118.23843861886145, 34.060459865581294], [-118.23844760201429, 34.060459865581294]]}, "properties": {"confidence": "high"}}, {"type": "Feature", "geometry": {"type": "LineString", "coordinates": [[-118.24413393776277, 34.06045242351461], [-118.24413393776277, 34.060444981447276], [-118.24412495460992, 34.060444981447276], [-118.24412495460992, 34.06045242351461], [-118.24413393776277, 34.06045242351461]]}, "properties": {"confidence": "high"}}, {"type": "Feature", "geometry": {"type": "LineString", "coordinates": [[-118.24353206652239, 34.06045242351461], [-118.24353206652239, 34.060444981447276], [-118.24352308336955, 34.060444981447276], [-118.24352308336955, 34.06045242351461], [-118.24353206652239, 34.06045242351461]]}, "properties": {"confidence": "high"}}, {"type": "Feature", "geometry": {"type": "LineString", "coordinates": [[-118.24265171754398, 34.06045242351461], [-118.24265171754398, 34.060444981447276], [-118.24263375123829, 34.060444981447276], [-118.24263375123829, 34.06045242351461], [-118.24265171754398, 34.06045242351461]]}, "properties": {"confidence": "high"}}, {"type": "Feature", "geometry": {"type": "LineString", "coordinates": [[-118.23957049611944, 34.06045242351461], [-118.23957049611944, 34.060444981447276], [-118.23954354666091, 34.060444981447276], [-118.23954354666091, 34.06045242351461], [-118.23957049611944, 34.06045242351461]]}, "properties": {"confidence": "high"}}, {"type": "Feature", "geometry": {"type": "LineString", "coordinates": [[-118.24253493655702, 34.06049707590492], [-118.24253493655702, 34.06043753937927], [-118.24252595340417, 34.06043753937927], [-118.24252595340417, 34.06049707590492], [-118.24253493655702, 34.06049707590492]]}, "properties": {"confidence": "high"}}, {"type": "Feature", "geometry": {"type": "LineString", "coordinates": [[-118.24079220490583, 34.060459865581294], [-118.24079220490583, 34.06043753937927], [-118.24078322175299, 34.06043753937927], [-118.24078322175299, 34.060459865581294], [-118.24079220490583, 34.060459865581294]]}, "properties": {"confidence": "high"}}, {"type": "Feature", "geometry": {"type": "LineString", "coordinates": [[-118.23928303522852, 34.06045242351461], [-118.23928303522852, 34.06043753937927], [-118.23927405207569, 34.06043753937927], [-118.23927405207569, 34.06045242351461], [-118.23928303522852, 34.06045242351461]]}, "properties": {"confidence": "high"}}, {"type": "Feature", "geometry": {"type": "LineString", "coordinates": [[-118.24352308336955, 34.060444981447276], [-118.24352308336955, 34.06043753937927], [-118.24351410021671, 34.06043753937927], [-118.24351410021671, 34.060444981447276], [-118.24352308336955, 34.060444981447276]]}, "properties": {"confidence": "high"}}, {"type": "Feature", "geometry": {"type": "LineString", "coordinates": [[-118.24263375123829, 34.060444981447276], [-118.24263375123829, 34.06043753937927], [-118.24258883547408, 34.06043753937927], [-118.24258883547408, 34.060444981447276], [-118.24263375123829, 34.060444981447276]]}, "properties": {"confidence": "high"}}, {"type": "Feature", "geometry": {"type": "LineString", "coordinates": [[-118.23954354666091, 34.060444981447276], [-118.23954354666091, 34.06043753937927], [-118.23952558035523, 34.06043753937927], [-118.23952558035523, 34.060444981447276], [-118.23954354666091, 34.060444981447276]]}, "properties": {"confidence": "high"}}, {"type": "Feature", "geometry": {"type": "LineString", "coordinates": [[-118.24059457554334, 34.0604896338415], [-118.24059457554334, 34.06043009731062], [-118.24058559239049, 34.06043009731062], [-118.24058559239049, 34.0604896338415], [-118.24059457554334, 34.0604896338415]]}, "properties": {"confidence": "high"}}, {"type": "Feature", "geometry": {"type": "LineString", "coordinates": [[-118.24368478012069, 34.060459865581294], [-118.24368478012069, 34.06043009731062], [-118.24367579696785, 34.06043009731062], [-118.24367579696785, 34.060459865581294], [-118.24368478012069, 34.060459865581294]]}, "properties": {"confidence": "high"}}, {"type": "Feature", "geometry": {"type": "LineString", "coordinates": [[-118.23763911825857, 34.06045242351461], [-118.23763911825857, 34.06043009731062], [-118.23763013510573, 34.06043009731062], [-118.23763013510573, 34.06045242351461], [-118.23763911825857, 34.06045242351461]]}, "properties": {"confidence": "high"}}, {"type": "Feature", "geometry": {"type": "LineString", "coordinates": [[-118.2441429209156, 34.060444981447276], [-118.2441429209156, 34.06043009731062], [-118.24413393776277, 34.06043009731062], [-118.24413393776277, 34.060444981447276], [-118.2441429209156, 34.060444981447276]]}, "properties": {"confidence": "high"}}, {"type": "Feature", "geometry": {"type": "LineString", "coordinates": [[-118.24351410021671, 34.06043753937927], [-118.24351410021671, 34.06043009731062], [-118.24350511706386, 34.06043009731062], [-118.24350511706386, 34.06043753937927], [-118.24351410021671, 34.06043753937927]]}, "properties": {"confidence": "high"}}, {"type": "Feature", "geometry": {"type": "LineString", "coordinates": [[-118.23952558035523, 34.06043753937927], [-118.23952558035523, 34.06043009731062], [-118.2394986308967, 34.06043009731062], [-118.2394986308967, 34.06043753937927], [-118.23952558035523, 34.06043753937927]]}, "properties": {"confidence": "high"}}, {"type": "Feature", "geometry": {"type": "LineString", "coordinates": [[-118.23845658516713, 34.060444981447276], [-118.23845658516713, 34.060422655241325], [-118.23844760201429, 34.060422655241325], [-118.23844760201429, 34.060444981447276], [-118.23845658516713, 34.060444981447276]]}, "properties": {"confidence": "high"}}, {"type": "Feature", "geometry": {"type": "LineString", "coordinates": [[-118.24080118805868, 34.06043753937927], [-118.24080118805868, 34.060422655241325], [-118.24079220490583, 34.060422655241325], [-118.24079220490583, 34.06043753937927], [-118.24080118805868, 34.06043753937927]]}, "properties": {"confidence": "high"}}, {"type": "Feature", "geometry": {"type": "LineString", "coordinates": [[-118.24415190406845, 34.06043009731062], [-118.24415190406845, 34.060422655241325], [-118.2441429209156, 34.060422655241325], [-118.2441429209156, 34.06043009731062], [-118.24415190406845, 34.06043009731062]]}, "properties": {"confidence": "high"}}, {"type": "Feature", "geometry": {"type": "LineString", "coordinates": [[-118.24350511706386, 34.06043009731062], [-118.24350511706386, 34.060422655241325], [-118.24349613391102, 34.060422655241325], [-118.24349613391102, 34.06043009731062], [-118.24350511706386, 34.06043009731062]]}, "properties": {"confidence": "high"}}, {"type": "Feature", "geometry": {"type": "LineString", "coordinates": [[-118.2394986308967, 34.06043009731062], [-118.2394986308967, 34.060422655241325], [-118.23948066459103, 34.060422655241325], [-118.23948066459103, 34.06043009731062], [-118.2394986308967, 34.06043009731062]]}, "properties": {"confidence": "high"}}, {"type": "Feature", "geometry": {"type": "LineString", "coordinates": [[-118.236597072529, 34.06046730764733], [-118.236597072529, 34.060415213171375], [-118.23658808937616, 34.060415213171375], [-118.23658808937616, 34.06046730764733], [-118.236597072529, 34.06046730764733]]}, "properties": {"confidence": "high"}}, {"type": "Feature", "geometry": {"type": "LineString", "coordinates": [[-118.23764810141141, 34.06043009731062], [-118.23764810141141, 34.060415213171375], [-118.23763911825857, 34.060415213171375], [-118.23763911825857, 34.06043009731062], [-118.23764810141141, 34.06043009731062]]}, "properties": {"confidence": "high"}}, {"type": "Feature", "geometry": {"type": "LineString", "coordinates": [[-118.24416088722128, 34.060422655241325], [-118.24416088722128, 34.060415213171375], [-118.24415190406845, 34.060415213171375], [-118.24415190406845, 34.060422655241325], [-118.24416088722128, 34.060422655241325]]}, "properties": {"confidence": "high"}}, {"type": "Feature", "geometry": {"type": "LineString", "coordinates": [[-118.24349613391102, 34.060422655241325], [-118.24349613391102, 34.060415213171375], [-118.24347816760535, 34.060415213171375], [-118.24347816760535, 34.060422655241325], [-118.24349613391102, 34.060422655241325]]}, "properties": {"confidence": "high"}}, {"type": "Feature", "geometry": {"type": "LineString", "coordinates": [[-118.23948066459103, 34.060422655241325], [-118.23948066459103, 34.060415213171375], [-118.23944473197966, 34.060415213171375], [-118.23944473197966, 34.060422655241325], [-118.23948066459103, 34.060422655241325]]}, "properties": {"confidence": "high"}}, {"type": "Feature", "geometry": {"type": "LineString", "coordinates": [[-118.23929201838136, 34.06043753937927], [-118.23929201838136, 34.06040777110077], [-118.23928303522852, 34.06040777110077], [-118.23928303522852, 34.06043753937927], [-118.23929201838136, 34.06043753937927]]}, "properties": {"confidence": "high"}}, {"type": "Feature", "geometry": {"type": "LineString", "coordinates": [[-118.24367579696785, 34.06043009731062], [-118.24367579696785, 34.06040777110077], [-118.24366681381501, 34.06040777110077], [-118.24366681381501, 34.06043009731062], [-118.24367579696785, 34.06043009731062]]}, "properties": {"confidence": "high"}}, {"type": "Feature", "geometry": {"type": "LineString", "coordinates": [[-118.23846556831997, 34.060422655241325], [-118.23846556831997, 34.06040777110077], [-118.23845658516713, 34.06040777110077], [-118.23845658516713, 34.060422655241325], [-118.23846556831997, 34.060422655241325]]}, "properties": {"confidence": "high"}}, {"type": "Feature", "geometry": {"type": "LineString", "coordinates": [[-118.24416987037412, 34.060415213171375], [-118.24416987037412, 34.06040777110077], [-118.24416088722128, 34.06040777110077], [-118.24416088722128, 34.060415213171375], [-118.24416987037412, 34.060415213171375]]}, "properties": {"confidence": "high"}}, {"type": "Feature", "geometry": {"type": "LineString", "coordinates": [[-118.24347816760535, 34.060415213171375], [-118.24347816760535, 34.06040777110077], [-118.24346918445251, 34.06040777110077], [-118.24346918445251, 34.060415213171375], [-118.24347816760535, 34.060415213171375]]}, "properties": {"confidence": "high"}}, {"type": "Feature", "geometry": {"type": "LineString", "coordinates": [[-118.23944473197966, 34.060415213171375], [-118.23944473197966, 34.06040777110077], [-118.23940879936829, 34.06040777110077], [-118.23940879936829, 34.060415213171375], [-118.23944473197966, 34.060415213171375]]}, "properties": {"confidence": "high"}}, {"type": "Feature", "geometry": {"type": "LineString", "coordinates": [[-118.24081017121152, 34.060422655241325], [-118.24081017121152, 34.06040032902951], [-118.24080118805868, 34.06040032902951], [-118.24080118805868, 34.060422655241325], [-118.24081017121152, 34.060422655241325]]}, "properties": {"confidence": "high"}}, {"type": "Feature", "geometry": {"type": "LineString", "coordinates": [[-118.24417885352696, 34.06040777110077], [-118.24417885352696, 34.06040032902951], [-118.24416987037412, 34.06040032902951], [-118.24416987037412, 34.06040777110077], [-118.24417885352696, 34.06040777110077]]}, "properties": {"confidence": "high"}}, {"type": "Feature", "geometry": {"type": "LineString", "coordinates": [[-118.24366681381501, 34.06040777110077], [-118.24366681381501, 34.06040032902951], [-118.24365783066216, 34.06040032902951], [-118.24365783066216, 34.06040777110077], [-118.24366681381501, 34.06040777110077]]}, "properties": {"confidence": "high"}}, {"type": "Feature", "geometry": {"type": "LineString", "coordinates": [[-118.24346918445251, 34.06040777110077], [-118.24346918445251, 34.06040032902951], [-118.24346020129967, 34.06040032902951], [-118.24346020129967, 34.06040777110077], [-118.24346918445251, 34.06040777110077]]}, "properties": {"confidence": "high"}}, {"type": "Feature", "geometry": {"type": "LineString", "coordinates": [[-118.23940879936829, 34.06040777110077], [-118.23940879936829, 34.06040032902951], [-118.23938184990978, 34.06040032902951], [-118.23938184990978, 34.06040777110077], [-118.23940879936829, 34.06040777110077]]}, "properties": {"confidence": "high"}}, {"type": "Feature", "geometry": {"type": "LineString", "coordinates": [[-118.24060355869618, 34.06043009731062], [-118.24060355869618, 34.0603928869576], [-118.24059457554334, 34.0603928869576], [-118.24059457554334, 34.06043009731062], [-118.24060355869618, 34.06043009731062]]}, "properties": {"confidence": "high"}}, {"type": "Feature", "geometry": {"type": "LineString", "coordinates": [[-118.23765708456425, 34.060415213171375], [-118.23765708456425, 34.0603928869576], [-118.23764810141141, 34.0603928869576], [-118.23764810141141, 34.060415213171375], [-118.23765708456425, 34.060415213171375]]}, "properties": {"confidence": "high"}}, {"type": "Feature", "geometry": {"type": "LineString", "coordinates": [[-118.24346020129967, 34.06040032902951], [-118.24346020129967, 34.0603928869576], [-118.24345121814682, 34.0603928869576], [-118.24345121814682, 34.06040032902951], [-118.24346020129967, 34.06040032902951]]}, "properties": {"confidence": "high"}}, {"type": "Feature", "geometry": {"type": "LineString", "coordinates": [[-118.23938184990978, 34.06040032902951], [-118.23938184990978, 34.0603928869576], [-118.2393638836041, 34.0603928869576], [-118.2393638836041, 34.06040032902951], [-118.23938184990978, 34.06040032902951]]}, "properties": {"confidence": "high"}}, {"type": "Feature", "geometry": {"type": "LineString", "coordinates": [[-118.2393010015342, 34.06040777110077], [-118.2393010015342, 34.06038544488503], [-118.23929201838136, 34.06038544488503], [-118.23929201838136, 34.06040777110077], [-118.2393010015342, 34.06040777110077]]}, "properties": {"confidence": "high"}}, {"type": "Feature", "geometry": {"type": "LineString", "coordinates": [[-118.2384745514728, 34.06040777110077], [-118.2384745514728, 34.06038544488503], [-118.23846556831997, 34.06038544488503], [-118.23846556831997, 34.06040777110077], [-118.2384745514728, 34.06040777110077]]}, "properties": {"confidence": "high"}}, {"type": "Feature", "geometry": {"type": "LineString", "coordinates": [[-118.24418783667981, 34.06040032902951], [-118.24418783667981, 34.06038544488503], [-118.24417885352696, 34.06038544488503], [-118.24417885352696, 34.06040032902951], [-118.24418783667981, 34.06040032902951]]}, "properties": {"confidence": "high"}}, {"type": "Feature", "geometry": {"type": "LineString", "coordinates": [[-118.24345121814682, 34.0603928869576], [-118.24345121814682, 34.06038544488503], [-118.24343325184114, 34.06038544488503], [-118.24343325184114, 34.0603928869576], [-118.24345121814682, 34.0603928869576]]}, "properties": {"confidence": "high"}}, {"type": "Feature", "geometry": {"type": "LineString", "coordinates": [[-118.2393638836041, 34.0603928869576], [-118.2393638836041, 34.06038544488503], [-118.23935490045125, 34.06038544488503], [-118.23935490045125, 34.0603928869576], [-118.2393638836041, 34.0603928869576]]}, "properties": {"confidence": "high"}}, {"type": "Feature", "geometry": {"type": "LineString", "coordinates": [[-118.23660605568183, 34.060415213171375], [-118.23660605568183, 34.06037800281182], [-118.236597072529, 34.06037800281182], [-118.236597072529, 34.060415213171375], [-118.23660605568183, 34.060415213171375]]}, "properties": {"confidence": "high"}}, {"type": "Feature", "geometry": {"type": "LineString", "coordinates": [[-118.24081915436436, 34.06040032902951], [-118.24081915436436, 34.06037800281182], [-118.24081017121152, 34.06037800281182], [-118.24081017121152, 34.06040032902951], [-118.24081915436436, 34.06040032902951]]}, "properties": {"confidence": "high"}}, {"type": "Feature", "geometry": {"type": "LineString", "coordinates": [[-118.24419681983265, 34.06038544488503], [-118.24419681983265, 34.06037800281182], [-118.24418783667981, 34.06037800281182], [-118.24418783667981, 34.06038544488503], [-118.24419681983265, 34.06038544488503]]}, "properties": {"confidence": "high"}}, {"type": "Feature", "geometry": {"type": "LineString", "coordinates": [[-118.24343325184114, 34.06038544488503], [-118.24343325184114, 34.06037800281182], [-118.2434242686883, 34.06037800281182], [-118.2434242686883, 34.06038544488503], [-118.24343325184114, 34.06038544488503]]}, "properties": {"confidence": "high"}}, {"type": "Feature", "geometry": {"type": "LineString", "coordinates": [[-118.23935490045125, 34.06038544488503], [-118.23935490045125, 34.06037800281182], [-118.23934591729841, 34.06037800281182], [-118.23934591729841, 34.06038544488503], [-118.23935490045125, 34.06038544488503]]}, "properties": {"confidence": "high"}}, {"type": "Feature", "geometry": {"type": "LineString", "coordinates": [[-118.23930998468705, 34.06038544488503], [-118.23930998468705, 34.06037800281182], [-118.2393010015342, 34.06037800281182], [-118.2393010015342, 34.06038544488503], [-118.23930998468705, 34.06038544488503]]}, "properties": {"confidence": "high"}}, {"type": "Feature", "geometry": {"type": "LineString", "coordinates": [[-118.24061254184902, 34.0603928869576], [-118.24061254184902, 34.060370560737944], [-118.24060355869618, 34.060370560737944], [-118.24060355869618, 34.0603928869576], [-118.24061254184902, 34.0603928869576]]}, "properties": {"confidence": "high"}}, {"type": "Feature", "geometry": {"type": "LineString", "coordinates": [[-118.2376660677171, 34.0603928869576], [-118.2376660677171, 34.060370560737944], [-118.23765708456425, 34.060370560737944], [-118.23765708456425, 34.0603928869576], [-118.2376660677171, 34.0603928869576]]}, "properties": {"confidence": "high"}}, {"type": "Feature", "geometry": {"type": "LineString", "coordinates": [[-118.23848353462564, 34.06038544488503], [-118.23848353462564, 34.060370560737944], [-118.2384745514728, 34.060370560737944], [-118.2384745514728, 34.06038544488503], [-118.23848353462564, 34.06038544488503]]}, "properties": {"confidence": "high"}}, {"type": "Feature", "geometry": {"type": "LineString", "coordinates": [[-118.24420580298549, 34.06037800281182], [-118.24420580298549, 34.060370560737944], [-118.24419681983265, 34.060370560737944], [-118.24419681983265, 34.06037800281182], [-118.24420580298549, 34.06037800281182]]}, "properties": {"confidence": "high"}}, {"type": "Feature", "geometry": {"type": "LineString", "coordinates": [[-118.2434242686883, 34.06037800281182], [-118.2434242686883, 34.060370560737944], [-118.24340630238261, 34.060370560737944], [-118.24340630238261, 34.06037800281182], [-118.2434242686883, 34.06037800281182]]}, "properties": {"confidence": "high"}}, {"type": "Feature", "geometry": {"type": "LineString", "coordinates": [[-118.23934591729841, 34.06037800281182], [-118.23934591729841, 34.060370560737944], [-118.23933693414557, 34.060370560737944], [-118.23933693414557, 34.06037800281182], [-118.23934591729841, 34.06037800281182]]}, "properties": {"confidence": "high"}}, {"type": "Feature", "geometry": {"type": "LineString", "coordinates": [[-118.23931896783989, 34.06037800281182], [-118.23931896783989, 34.060370560737944], [-118.23930998468705, 34.060370560737944], [-118.23930998468705, 34.06037800281182], [-118.23931896783989, 34.06037800281182]]}, "properties": {"confidence": "high"}}, {"type": "Feature", "geometry": {"type": "LineString", "coordinates": [[-118.24421478613833, 34.060370560737944], [-118.24421478613833, 34.06036311866341], [-118.24420580298549, 34.06036311866341], [-118.24420580298549, 34.060370560737944], [-118.24421478613833, 34.060370560737944]]}, "properties": {"confidence": "high"}}, {"type": "Feature", "geometry": {"type": "LineString", "coordinates": [[-118.24340630238261, 34.060370560737944], [-118.24340630238261, 34.06036311866341], [-118.24339731922977, 34.06036311866341], [-118.24339731922977, 34.060370560737944], [-118.24340630238261, 34.060370560737944]]}, "properties": {"confidence": "high"}}, {"type": "Feature", "geometry": {"type": "LineString", "coordinates": [[-118.2408281375172, 34.06037800281182], [-118.2408281375172, 34.06035567658822], [-118.24081915436436, 34.06035567658822], [-118.24081915436436, 34.06037800281182], [-118.2408281375172, 34.06037800281182]]}, "properties": {"confidence": "high"}}, {"type": "Feature", "geometry": {"type": "LineString", "coordinates": [[-118.24422376929117, 34.06036311866341], [-118.24422376929117, 34.06035567658822], [-118.24421478613833, 34.06035567658822], [-118.24421478613833, 34.06036311866341], [-118.24422376929117, 34.06036311866341]]}, "properties": {"confidence": "high"}}, {"type": "Feature", "geometry": {"type": "LineString", "coordinates": [[-118.24339731922977, 34.06036311866341], [-118.24339731922977, 34.06035567658822], [-118.24338833607693, 34.06035567658822], [-118.24338833607693, 34.06036311866341], [-118.24339731922977, 34.06036311866341]]}, "properties": {"confidence": "high"}}, {"type": "Feature", "geometry": {"type": "LineString", "coordinates": [[-118.24062152500186, 34.060370560737944], [-118.24062152500186, 34.0603482345124], [-118.24061254184902, 34.0603482345124], [-118.24061254184902, 34.060370560737944], [-118.24062152500186, 34.060370560737944]]}, "properties": {"confidence": "high"}}, {"type": "Feature", "geometry": {"type": "LineString", "coordinates": [[-118.2384925177785, 34.060370560737944], [-118.2384925177785, 34.0603482345124], [-118.23848353462564, 34.0603482345124], [-118.23848353462564, 34.060370560737944], [-118.2384925177785, 34.060370560737944]]}, "properties": {"confidence": "high"}}, {"type": "Feature", "geometry": {"type": "LineString", "coordinates": [[-118.23767505086994, 34.060370560737944], [-118.23767505086994, 34.0603482345124], [-118.2376660677171, 34.0603482345124], [-118.2376660677171, 34.060370560737944], [-118.23767505086994, 34.060370560737944]]}, "properties": {"confidence": "high"}}, {"type": "Feature", "geometry": {"type": "LineString", "coordinates": [[-118.24338833607693, 34.06035567658822], [-118.24338833607693, 34.0603482345124], [-118.24337036977126, 34.0603482345124], [-118.24337036977126, 34.06035567658822], [-118.24338833607693, 34.06035567658822]]}, "properties": {"confidence": "high"}}, {"type": "Feature", "geometry": {"type": "LineString", "coordinates": [[-118.24423275244402, 34.06035567658822], [-118.24423275244402, 34.06034079243591], [-118.24422376929117, 34.06034079243591], [-118.24422376929117, 34.06035567658822], [-118.24423275244402, 34.06035567658822]]}, "properties": {"confidence": "high"}}, {"type": "Feature", "geometry": {"type": "LineString", "coordinates": [[-118.24337036977126, 34.0603482345124], [-118.24337036977126, 34.06034079243591], [-118.24336138661842, 34.06034079243591], [-118.24336138661842, 34.0603482345124], [-118.24337036977126, 34.0603482345124]]}, "properties": {"confidence": "high"}}, {"type": "Feature", "geometry": {"type": "LineString", "coordinates": [[-118.23661503883467, 34.06037800281182], [-118.23661503883467, 34.06033335035877], [-118.23660605568183, 34.06033335035877], [-118.23660605568183, 34.06037800281182], [-118.23661503883467, 34.06037800281182]]}, "properties": {"confidence": "high"}}, {"type": "Feature", "geometry": {"type": "LineString", "coordinates": [[-118.24083712067004, 34.06035567658822], [-118.24083712067004, 34.06033335035877], [-118.2408281375172, 34.06033335035877], [-118.2408281375172, 34.06035567658822], [-118.24083712067004, 34.06035567658822]]}, "properties": {"confidence": "high"}}, {"type": "Feature", "geometry": {"type": "LineString", "coordinates": [[-118.23850150093133, 34.0603482345124], [-118.23850150093133, 34.06033335035877], [-118.2384925177785, 34.06033335035877], [-118.2384925177785, 34.0603482345124], [-118.23850150093133, 34.0603482345124]]}, "properties": {"confidence": "high"}}, {"type": "Feature", "geometry": {"type": "LineString", "coordinates": [[-118.23768403402278, 34.0603482345124], [-118.23768403402278, 34.06033335035877], [-118.23767505086994, 34.06033335035877], [-118.23767505086994, 34.0603482345124], [-118.23768403402278, 34.0603482345124]]}, "properties": {"confidence": "high"}}, {"type": "Feature", "geometry": {"type": "LineString", "coordinates": [[-118.24424173559686, 34.06034079243591], [-118.24424173559686, 34.06033335035877], [-118.24423275244402, 34.06033335035877], [-118.24423275244402, 34.06034079243591], [-118.24424173559686, 34.06034079243591]]}, "properties": {"confidence": "high"}}, {"type": "Feature", "geometry": {"type": "LineString", "coordinates": [[-118.24336138661842, 34.06034079243591], [-118.24336138661842, 34.06033335035877], [-118.24335240346556, 34.06033335035877], [-118.24335240346556, 34.06034079243591], [-118.24336138661842, 34.06034079243591]]}, "properties": {"confidence": "high"}}, {"type": "Feature", "geometry": {"type": "LineString", "coordinates": [[-118.23933693414557, 34.060370560737944], [-118.23933693414557, 34.06036311866341], [-118.23932795099273, 34.06036311866341], [-118.23932795099273, 34.06034079243591], [-118.23933693414557, 34.06034079243591], [-118.23933693414557, 34.06033335035877], [-118.23931896783989, 34.06033335035877], [-118.23931896783989, 34.060370560737944], [-118.23933693414557, 34.060370560737944]]}, "properties": {"confidence": "high"}}, {"type": "Feature", "geometry": {"type": "LineString", "coordinates": [[-118.24258883547408, 34.06043753937927], [-118.24258883547408, 34.06043009731062], [-118.24254391970986, 34.06043009731062], [-118.24254391970986, 34.06032590828097], [-118.24253493655702, 34.06032590828097], [-118.24253493655702, 34.06043753937927], [-118.24258883547408, 34.06043753937927]]}, "properties": {"confidence": "high"}}, {"type": "Feature", "geometry": {"type": "LineString", "coordinates": [[-118.2406305081547, 34.0603482345124], [-118.2406305081547, 34.06032590828097], [-118.24062152500186, 34.06032590828097], [-118.24062152500186, 34.0603482345124], [-118.2406305081547, 34.0603482345124]]}, "properties": {"confidence": "high"}}, {"type": "Feature", "geometry": {"type": "LineString", "coordinates": [[-118.2442507187497, 34.06033335035877], [-118.2442507187497, 34.06032590828097], [-118.24424173559686, 34.06032590828097], [-118.24424173559686, 34.06033335035877], [-118.2442507187497, 34.06033335035877]]}, "properties": {"confidence": "high"}}, {"type": "Feature", "geometry": {"type": "LineString", "coordinates": [[-118.24335240346556, 34.06033335035877], [-118.24335240346556, 34.06032590828097], [-118.24333443715989, 34.06032590828097], [-118.24333443715989, 34.06033335035877], [-118.24335240346556, 34.06033335035877]]}, "properties": {"confidence": "high"}}, {"type": "Feature", "geometry": {"type": "LineString", "coordinates": [[-118.23934591729841, 34.06033335035877], [-118.23934591729841, 34.06032590828097], [-118.23933693414557, 34.06032590828097], [-118.23933693414557, 34.06033335035877], [-118.23934591729841, 34.06033335035877]]}, "properties": {"confidence": "high"}}, {"type": "Feature", "geometry": {"type": "LineString", "coordinates": [[-118.23931896783989, 34.06033335035877], [-118.23931896783989, 34.06032590828097], [-118.23930998468705, 34.06032590828097], [-118.23930998468705, 34.06033335035877], [-118.23931896783989, 34.06033335035877]]}, "properties": {"confidence": "high"}}, {"type": "Feature", "geometry": {"type": "LineString", "coordinates": [[-118.23769301717562, 34.06033335035877], [-118.23769301717562, 34.06032590828097], [-118.23768403402278, 34.06032590828097], [-118.23768403402278, 34.06033335035877], [-118.23769301717562, 34.06033335035877]]}, "properties": {"confidence": "high"}}, {"type": "Feature", "geometry": {"type": "LineString", "coordinates": [[-118.24084610382289, 34.06033335035877], [-118.24084610382289, 34.06031846620253], [-118.24083712067004, 34.06031846620253], [-118.24083712067004, 34.06033335035877], [-118.24084610382289, 34.06033335035877]]}, "properties": {"confidence": "high"}}, {"type": "Feature", "geometry": {"type": "LineString", "coordinates": [[-118.23662402198751, 34.06033335035877], [-118.23662402198751, 34.06031846620253], [-118.23661503883467, 34.06031846620253], [-118.23661503883467, 34.06033335035877], [-118.23662402198751, 34.06033335035877]]}, "properties": {"confidence": "high"}}, {"type": "Feature", "geometry": {"type": "LineString", "coordinates": [[-118.24333443715989, 34.06032590828097], [-118.24333443715989, 34.06031846620253], [-118.24332545400705, 34.06031846620253], [-118.24332545400705, 34.06032590828097], [-118.24333443715989, 34.06032590828097]]}, "properties": {"confidence": "high"}}, {"type": "Feature", "geometry": {"type": "LineString", "coordinates": [[-118.23930998468705, 34.06032590828097], [-118.23930998468705, 34.06031846620253], [-118.2393010015342, 34.06031846620253], [-118.2393010015342, 34.06032590828097], [-118.23930998468705, 34.06032590828097]]}, "properties": {"confidence": "high"}}, {"type": "Feature", "geometry": {"type": "LineString", "coordinates": [[-118.23851048408417, 34.06033335035877], [-118.23851048408417, 34.06031102412342], [-118.23850150093133, 34.06031102412342], [-118.23850150093133, 34.06033335035877], [-118.23851048408417, 34.06033335035877]]}, "properties": {"confidence": "high"}}, {"type": "Feature", "geometry": {"type": "LineString", "coordinates": [[-118.24425970190254, 34.06032590828097], [-118.24425970190254, 34.06031102412342], [-118.2442507187497, 34.06031102412342], [-118.2442507187497, 34.06032590828097], [-118.24425970190254, 34.06032590828097]]}, "properties": {"confidence": "high"}}, {"type": "Feature", "geometry": {"type": "LineString", "coordinates": [[-118.23935490045125, 34.06032590828097], [-118.23935490045125, 34.06031102412342], [-118.23934591729841, 34.06031102412342], [-118.23934591729841, 34.06032590828097], [-118.23935490045125, 34.06032590828097]]}, "properties": {"confidence": "high"}}, {"type": "Feature", "geometry": {"type": "LineString", "coordinates": [[-118.24332545400705, 34.06031846620253], [-118.24332545400705, 34.06031102412342], [-118.24331647085421, 34.06031102412342], [-118.24331647085421, 34.06031846620253], [-118.24332545400705, 34.06031846620253]]}, "properties": {"confidence": "high"}}, {"type": "Feature", "geometry": {"type": "LineString", "coordinates": [[-118.2393010015342, 34.06031846620253], [-118.2393010015342, 34.06031102412342], [-118.23929201838136, 34.06031102412342], [-118.23929201838136, 34.06031846620253], [-118.2393010015342, 34.06031846620253]]}, "properties": {"confidence": "high"}}, {"type": "Feature", "geometry": {"type": "LineString", "coordinates": [[-118.23663300514035, 34.06031846620253], [-118.23663300514035, 34.06031102412342], [-118.23662402198751, 34.06031102412342], [-118.23662402198751, 34.06031846620253], [-118.23663300514035, 34.06031846620253]]}, "properties": {"confidence": "high"}}, {"type": "Feature", "geometry": {"type": "LineString", "coordinates": [[-118.24063949130753, 34.06032590828097], [-118.24063949130753, 34.06030358204367], [-118.2406305081547, 34.06030358204367], [-118.2406305081547, 34.06032590828097], [-118.24063949130753, 34.06032590828097]]}, "properties": {"confidence": "high"}}, {"type": "Feature", "geometry": {"type": "LineString", "coordinates": [[-118.24426868505537, 34.06031102412342], [-118.24426868505537, 34.06030358204367], [-118.24425970190254, 34.06030358204367], [-118.24425970190254, 34.06031102412342], [-118.24426868505537, 34.06031102412342]]}, "properties": {"confidence": "high"}}, {"type": "Feature", "geometry": {"type": "LineString", "coordinates": [[-118.24331647085421, 34.06031102412342], [-118.24331647085421, 34.06030358204367], [-118.24330748770137, 34.06030358204367], [-118.24330748770137, 34.06031102412342], [-118.24331647085421, 34.06031102412342]]}, "properties": {"confidence": "high"}}, {"type": "Feature", "geometry": {"type": "LineString", "coordinates": [[-118.23929201838136, 34.06031102412342], [-118.23929201838136, 34.06030358204367], [-118.23928303522852, 34.06030358204367], [-118.23928303522852, 34.06031102412342], [-118.23929201838136, 34.06031102412342]]}, "properties": {"confidence": "high"}}, {"type": "Feature", "geometry": {"type": "LineString", "coordinates": [[-118.2425529028627, 34.06032590828097], [-118.2425529028627, 34.06029613996326], [-118.24254391970986, 34.06029613996326], [-118.24254391970986, 34.06032590828097], [-118.2425529028627, 34.06032590828097]]}, "properties": {"confidence": "high"}}, {"type": "Feature", "geometry": {"type": "LineString", "coordinates": [[-118.24085508697573, 34.06031846620253], [-118.24085508697573, 34.06029613996326], [-118.24084610382289, 34.06029613996326], [-118.24084610382289, 34.06031846620253], [-118.24085508697573, 34.06031846620253]]}, "properties": {"confidence": "high"}}, {"type": "Feature", "geometry": {"type": "LineString", "coordinates": [[-118.2393638836041, 34.06031102412342], [-118.2393638836041, 34.06029613996326], [-118.23935490045125, 34.06029613996326], [-118.23935490045125, 34.06031102412342], [-118.2393638836041, 34.06031102412342]]}, "properties": {"confidence": "high"}}, {"type": "Feature", "geometry": {"type": "LineString", "coordinates": [[-118.24427766820821, 34.06030358204367], [-118.24427766820821, 34.06029613996326], [-118.24426868505537, 34.06029613996326], [-118.24426868505537, 34.06030358204367], [-118.24427766820821, 34.06030358204367]]}, "properties": {"confidence": "high"}}, {"type": "Feature", "geometry": {"type": "LineString", "coordinates": [[-118.24330748770137, 34.06030358204367], [-118.24330748770137, 34.06029613996326], [-118.24328952139568, 34.06029613996326], [-118.24328952139568, 34.06030358204367], [-118.24330748770137, 34.06030358204367]]}, "properties": {"confidence": "high"}}, {"type": "Feature", "geometry": {"type": "LineString", "coordinates": [[-118.23928303522852, 34.06030358204367], [-118.23928303522852, 34.06029613996326], [-118.23927405207569, 34.06029613996326], [-118.23927405207569, 34.06030358204367], [-118.23928303522852, 34.06030358204367]]}, "properties": {"confidence": "high"}}, {"type": "Feature", "geometry": {"type": "LineString", "coordinates": [[-118.24064847446039, 34.06030358204367], [-118.24064847446039, 34.0602886978822], [-118.24063949130753, 34.0602886978822], [-118.24063949130753, 34.06030358204367], [-118.24064847446039, 34.06030358204367]]}, "properties": {"confidence": "high"}}, {"type": "Feature", "geometry": {"type": "LineString", "coordinates": [[-118.24428665136107, 34.06029613996326], [-118.24428665136107, 34.0602886978822], [-118.24427766820821, 34.0602886978822], [-118.24427766820821, 34.06029613996326], [-118.24428665136107, 34.06029613996326]]}, "properties": {"confidence": "high"}}, {"type": "Feature", "geometry": {"type": "LineString", "coordinates": [[-118.24328952139568, 34.06029613996326], [-118.24328952139568, 34.0602886978822], [-118.24328053824284, 34.0602886978822], [-118.24328053824284, 34.06029613996326], [-118.24328952139568, 34.06029613996326]]}, "properties": {"confidence": "high"}}, {"type": "Feature", "geometry": {"type": "LineString", "coordinates": [[-118.23927405207569, 34.06029613996326], [-118.23927405207569, 34.0602886978822], [-118.23925608577, 34.0602886978822], [-118.23925608577, 34.06029613996326], [-118.23927405207569, 34.06029613996326]]}, "properties": {"confidence": "high"}}, {"type": "Feature", "geometry": {"type": "LineString", "coordinates": [[-118.2442956345139, 34.0602886978822], [-118.2442956345139, 34.06028125580048], [-118.24428665136107, 34.06028125580048], [-118.24428665136107, 34.0602886978822], [-118.2442956345139, 34.0602886978822]]}, "properties": {"confidence": "high"}}, {"type": "Feature", "geometry": {"type": "LineString", "coordinates": [[-118.24328053824284, 34.0602886978822], [-118.24328053824284, 34.06028125580048], [-118.24326257193717, 34.06028125580048], [-118.24326257193717, 34.0602886978822], [-118.24328053824284, 34.0602886978822]]}, "properties": {"confidence": "high"}}, {"type": "Feature", "geometry": {"type": "LineString", "coordinates": [[-118.23925608577, 34.0602886978822], [-118.23925608577, 34.06028125580048], [-118.23922015315864, 34.06028125580048], [-118.23922015315864, 34.0602886978822], [-118.23925608577, 34.0602886978822]]}, "properties": {"confidence": "high"}}, {"type": "Feature", "geometry": {"type": "LineString", "coordinates": [[-118.24086407012857, 34.06029613996326], [-118.24086407012857, 34.06027381371811], [-118.24085508697573, 34.06027381371811], [-118.24085508697573, 34.06029613996326], [-118.24086407012857, 34.06029613996326]]}, "properties": {"confidence": "high"}}, {"type": "Feature", "geometry": {"type": "LineString", "coordinates": [[-118.24430461766674, 34.06028125580048], [-118.24430461766674, 34.06027381371811], [-118.2442956345139, 34.06027381371811], [-118.2442956345139, 34.06028125580048], [-118.24430461766674, 34.06028125580048]]}, "properties": {"confidence": "high"}}, {"type": "Feature", "geometry": {"type": "LineString", "coordinates": [[-118.24326257193717, 34.06028125580048], [-118.24326257193717, 34.06027381371811], [-118.24325358878431, 34.06027381371811], [-118.24325358878431, 34.06028125580048], [-118.24326257193717, 34.06028125580048]]}, "properties": {"confidence": "high"}}, {"type": "Feature", "geometry": {"type": "LineString", "coordinates": [[-118.23922015315864, 34.06028125580048], [-118.23922015315864, 34.06027381371811], [-118.23919320370011, 34.06027381371811], [-118.23919320370011, 34.06028125580048], [-118.23922015315864, 34.06028125580048]]}, "properties": {"confidence": "high"}}, {"type": "Feature", "geometry": {"type": "LineString", "coordinates": [[-118.24065745761322, 34.0602886978822], [-118.24065745761322, 34.060266371635095], [-118.24064847446039, 34.060266371635095], [-118.24064847446039, 34.0602886978822], [-118.24065745761322, 34.0602886978822]]}, "properties": {"confidence": "high"}}, {"type": "Feature", "geometry": {"type": "LineString", "coordinates": [[-118.24325358878431, 34.06027381371811], [-118.24325358878431, 34.060266371635095], [-118.24323562247864, 34.060266371635095], [-118.24323562247864, 34.06027381371811], [-118.24325358878431, 34.06027381371811]]}, "properties": {"confidence": "high"}}, {"type": "Feature", "geometry": {"type": "LineString", "coordinates": [[-118.23919320370011, 34.06027381371811], [-118.23919320370011, 34.060266371635095], [-118.23917523739443, 34.060266371635095], [-118.23917523739443, 34.06027381371811], [-118.23919320370011, 34.06027381371811]]}, "properties": {"confidence": "high"}}, {"type": "Feature", "geometry": {"type": "LineString", "coordinates": [[-118.24431360081958, 34.06027381371811], [-118.24431360081958, 34.060258929551416], [-118.24430461766674, 34.060258929551416], [-118.24430461766674, 34.06027381371811], [-118.24431360081958, 34.06027381371811]]}, "properties": {"confidence": "high"}}, {"type": "Feature", "geometry": {"type": "LineString", "coordinates": [[-118.24323562247864, 34.060266371635095], [-118.24323562247864, 34.060258929551416], [-118.2432266393258, 34.060258929551416], [-118.2432266393258, 34.060266371635095], [-118.24323562247864, 34.060266371635095]]}, "properties": {"confidence": "high"}}, {"type": "Feature", "geometry": {"type": "LineString", "coordinates": [[-118.2406754239189, 34.060266371635095], [-118.2406754239189, 34.060258929551416], [-118.24065745761322, 34.060258929551416], [-118.24065745761322, 34.060266371635095], [-118.2406754239189, 34.060266371635095]]}, "properties": {"confidence": "high"}}, {"type": "Feature", "geometry": {"type": "LineString", "coordinates": [[-118.23917523739443, 34.060266371635095], [-118.23917523739443, 34.060258929551416], [-118.23914828793589, 34.060258929551416], [-118.23914828793589, 34.060266371635095], [-118.23917523739443, 34.060266371635095]]}, "properties": {"confidence": "high"}}, {"type": "Feature", "geometry": {"type": "LineString", "coordinates": [[-118.24432258397242, 34.060258929551416], [-118.24432258397242, 34.06025148746709], [-118.24431360081958, 34.06025148746709], [-118.24431360081958, 34.060258929551416], [-118.24432258397242, 34.060258929551416]]}, "properties": {"confidence": "high"}}, {"type": "Feature", "geometry": {"type": "LineString", "coordinates": [[-118.2432266393258, 34.060258929551416], [-118.2432266393258, 34.06025148746709], [-118.24320867302012, 34.06025148746709], [-118.24320867302012, 34.060258929551416], [-118.2432266393258, 34.060258929551416]]}, "properties": {"confidence": "high"}}, {"type": "Feature", "geometry": {"type": "LineString", "coordinates": [[-118.24068440707174, 34.060258929551416], [-118.24068440707174, 34.06025148746709], [-118.2406754239189, 34.06025148746709], [-118.2406754239189, 34.060258929551416], [-118.24068440707174, 34.060258929551416]]}, "properties": {"confidence": "high"}}, {"type": "Feature", "geometry": {"type": "LineString", "coordinates": [[-118.23914828793589, 34.060258929551416], [-118.23914828793589, 34.06025148746709], [-118.2391303216302, 34.06025148746709], [-118.2391303216302, 34.060258929551416], [-118.23914828793589, 34.060258929551416]]}, "properties": {"confidence": "high"}}, {"type": "Feature", "geometry": {"type": "LineString", "coordinates": [[-118.24320867302012, 34.06025148746709], [-118.24320867302012, 34.060244045382106], [-118.24319968986727, 34.060244045382106], [-118.24319968986727, 34.06025148746709], [-118.24320867302012, 34.06025148746709]]}, "properties": {"confidence": "high"}}, {"type": "Feature", "geometry": {"type": "LineString", "coordinates": [[-118.24069339022459, 34.06025148746709], [-118.24069339022459, 34.060244045382106], [-118.24068440707174, 34.060244045382106], [-118.24068440707174, 34.06025148746709], [-118.24069339022459, 34.06025148746709]]}, "properties": {"confidence": "high"}}, {"type": "Feature", "geometry": {"type": "LineString", "coordinates": [[-118.2391303216302, 34.06025148746709], [-118.2391303216302, 34.060244045382106], [-118.23910337217168, 34.060244045382106], [-118.23910337217168, 34.06025148746709], [-118.2391303216302, 34.06025148746709]]}, "properties": {"confidence": "high"}}, {"type": "Feature", "geometry": {"type": "LineString", "coordinates": [[-118.24433156712526, 34.06025148746709], [-118.24433156712526, 34.06023660329647], [-118.24432258397242, 34.06023660329647], [-118.24432258397242, 34.06025148746709], [-118.24433156712526, 34.06025148746709]]}, "properties": {"confidence": "high"}}, {"type": "Feature", "geometry": {"type": "LineString", "coordinates": [[-118.24319968986727, 34.060244045382106], [-118.24319968986727, 34.06023660329647], [-118.24318172356159, 34.06023660329647], [-118.24318172356159, 34.060244045382106], [-118.24319968986727, 34.060244045382106]]}, "properties": {"confidence": "high"}}, {"type": "Feature", "geometry": {"type": "LineString", "coordinates": [[-118.24070237337743, 34.060244045382106], [-118.24070237337743, 34.06023660329647], [-118.24069339022459, 34.06023660329647], [-118.24069339022459, 34.060244045382106], [-118.24070237337743, 34.060244045382106]]}, "properties": {"confidence": "high"}}, {"type": "Feature", "geometry": {"type": "LineString", "coordinates": [[-118.23910337217168, 34.060244045382106], [-118.23910337217168, 34.06023660329647], [-118.23901354064327, 34.06023660329647], [-118.23901354064327, 34.060244045382106], [-118.23910337217168, 34.060244045382106]]}, "properties": {"confidence": "high"}}, {"type": "Feature", "geometry": {"type": "LineString", "coordinates": [[-118.24434055027811, 34.06023660329647], [-118.24434055027811, 34.060229161210174], [-118.24433156712526, 34.060229161210174], [-118.24433156712526, 34.06023660329647], [-118.24434055027811, 34.06023660329647]]}, "properties": {"confidence": "high"}}, {"type": "Feature", "geometry": {"type": "LineString", "coordinates": [[-118.24318172356159, 34.06023660329647], [-118.24318172356159, 34.060229161210174], [-118.24317274040875, 34.060229161210174], [-118.24317274040875, 34.06023660329647], [-118.24318172356159, 34.06023660329647]]}, "properties": {"confidence": "high"}}, {"type": "Feature", "geometry": {"type": "LineString", "coordinates": [[-118.24071135653027, 34.06023660329647], [-118.24071135653027, 34.060229161210174], [-118.24070237337743, 34.060229161210174], [-118.24070237337743, 34.06023660329647], [-118.24071135653027, 34.06023660329647]]}, "properties": {"confidence": "high"}}, {"type": "Feature", "geometry": {"type": "LineString", "coordinates": [[-118.23901354064327, 34.06023660329647], [-118.23901354064327, 34.060229161210174], [-118.23895964172623, 34.060229161210174], [-118.23895964172623, 34.06023660329647], [-118.23901354064327, 34.06023660329647]]}, "properties": {"confidence": "high"}}, {"type": "Feature", "geometry": {"type": "LineString", "coordinates": [[-118.24317274040875, 34.060229161210174], [-118.24317274040875, 34.060221719123234], [-118.24315477410308, 34.060221719123234], [-118.24315477410308, 34.060229161210174], [-118.24317274040875, 34.060229161210174]]}, "properties": {"confidence": "high"}}, {"type": "Feature", "geometry": {"type": "LineString", "coordinates": [[-118.2408730532814, 34.06027381371811], [-118.2408730532814, 34.060229161210174], [-118.24088203643424, 34.060229161210174], [-118.24088203643424, 34.060221719123234], [-118.24086407012857, 34.060221719123234], [-118.24086407012857, 34.06027381371811], [-118.2408730532814, 34.06027381371811]]}, "properties": {"confidence": "high"}}, {"type": "Feature", "geometry": {"type": "LineString", "coordinates": [[-118.24072033968311, 34.060229161210174], [-118.24072033968311, 34.060221719123234], [-118.24071135653027, 34.060221719123234], [-118.24071135653027, 34.060229161210174], [-118.24072033968311, 34.060229161210174]]}, "properties": {"confidence": "high"}}, {"type": "Feature", "geometry": {"type": "LineString", "coordinates": [[-118.24434953343095, 34.060229161210174], [-118.24434953343095, 34.06021427703564], [-118.24434055027811, 34.06021427703564], [-118.24434055027811, 34.060229161210174], [-118.24434953343095, 34.060229161210174]]}, "properties": {"confidence": "high"}}, {"type": "Feature", "geometry": {"type": "LineString", "coordinates": [[-118.24315477410308, 34.060221719123234], [-118.24315477410308, 34.06021427703564], [-118.24313680779738, 34.06021427703564], [-118.24313680779738, 34.060221719123234], [-118.24315477410308, 34.060221719123234]]}, "properties": {"confidence": "high"}}, {"type": "Feature", "geometry": {"type": "LineString", "coordinates": [[-118.24086407012857, 34.060221719123234], [-118.24086407012857, 34.06021427703564], [-118.24085508697573, 34.06021427703564], [-118.24085508697573, 34.060221719123234], [-118.24086407012857, 34.060221719123234]]}, "properties": {"confidence": "high"}}, {"type": "Feature", "geometry": {"type": "LineString", "coordinates": [[-118.24073830598878, 34.060221719123234], [-118.24073830598878, 34.06021427703564], [-118.24072033968311, 34.06021427703564], [-118.24072033968311, 34.060221719123234], [-118.24073830598878, 34.060221719123234]]}, "properties": {"confidence": "high"}}, {"type": "Feature", "geometry": {"type": "LineString", "coordinates": [[-118.24436749973663, 34.06021427703564], [-118.24436749973663, 34.06020683494738], [-118.24434953343095, 34.06020683494738], [-118.24434953343095, 34.06021427703564], [-118.24436749973663, 34.06021427703564]]}, "properties": {"confidence": "high"}}, {"type": "Feature", "geometry": {"type": "LineString", "coordinates": [[-118.24313680779738, 34.06021427703564], [-118.24313680779738, 34.06020683494738], [-118.24312782464455, 34.06020683494738], [-118.24312782464455, 34.06021427703564], [-118.24313680779738, 34.06021427703564]]}, "properties": {"confidence": "high"}}, {"type": "Feature", "geometry": {"type": "LineString", "coordinates": [[-118.24085508697573, 34.06021427703564], [-118.24085508697573, 34.06020683494738], [-118.24083712067004, 34.06020683494738], [-118.24083712067004, 34.06021427703564], [-118.24085508697573, 34.06021427703564]]}, "properties": {"confidence": "high"}}, {"type": "Feature", "geometry": {"type": "LineString", "coordinates": [[-118.24075627229448, 34.06021427703564], [-118.24075627229448, 34.06020683494738], [-118.24073830598878, 34.06020683494738], [-118.24073830598878, 34.06021427703564], [-118.24075627229448, 34.06021427703564]]}, "properties": {"confidence": "high"}}, {"type": "Feature", "geometry": {"type": "LineString", "coordinates": [[-118.24438546604232, 34.06020683494738], [-118.24438546604232, 34.06019939285848], [-118.24436749973663, 34.06019939285848], [-118.24436749973663, 34.06020683494738], [-118.24438546604232, 34.06020683494738]]}, "properties": {"confidence": "high"}}, {"type": "Feature", "geometry": {"type": "LineString", "coordinates": [[-118.24312782464455, 34.06020683494738], [-118.24312782464455, 34.06019939285848], [-118.24310087518602, 34.06019939285848], [-118.24310087518602, 34.06020683494738], [-118.24312782464455, 34.06020683494738]]}, "properties": {"confidence": "high"}}, {"type": "Feature", "geometry": {"type": "LineString", "coordinates": [[-118.24083712067004, 34.06020683494738], [-118.24083712067004, 34.06019939285848], [-118.24081017121152, 34.06019939285848], [-118.24081017121152, 34.06020683494738], [-118.24083712067004, 34.06020683494738]]}, "properties": {"confidence": "high"}}, {"type": "Feature", "geometry": {"type": "LineString", "coordinates": [[-118.24078322175299, 34.06020683494738], [-118.24078322175299, 34.06019939285848], [-118.24075627229448, 34.06019939285848], [-118.24075627229448, 34.06020683494738], [-118.24078322175299, 34.06020683494738]]}, "properties": {"confidence": "high"}}, {"type": "Feature", "geometry": {"type": "LineString", "coordinates": [[-118.24310087518602, 34.06019939285848], [-118.24310087518602, 34.060191950768925], [-118.24305595942182, 34.060191950768925], [-118.24305595942182, 34.06019939285848], [-118.24310087518602, 34.06019939285848]]}, "properties": {"confidence": "high"}}, {"type": "Feature", "geometry": {"type": "LineString", "coordinates": [[-118.24081017121152, 34.06019939285848], [-118.24081017121152, 34.060191950768925], [-118.24078322175299, 34.060191950768925], [-118.24078322175299, 34.06019939285848], [-118.24081017121152, 34.06019939285848]]}, "properties": {"confidence": "high"}}, {"type": "Feature", "geometry": {"type": "LineString", "coordinates": [[-118.2450771688111, 34.060191950768925], [-118.2450771688111, 34.06018450867871], [-118.24505021935256, 34.06018450867871], [-118.24505021935256, 34.060191950768925], [-118.2450771688111, 34.060191950768925]]}, "properties": {"confidence": "high"}}, {"type": "Feature", "geometry": {"type": "LineString", "coordinates": [[-118.24505021935256, 34.06018450867871], [-118.24505021935256, 34.06017706658785], [-118.24498733728268, 34.06017706658785], [-118.24498733728268, 34.06018450867871], [-118.24505021935256, 34.06018450867871]]}, "properties": {"confidence": "high"}}, {"type": "Feature", "geometry": {"type": "LineString", "coordinates": [[-118.24498733728268, 34.06017706658785], [-118.24498733728268, 34.060169624496325], [-118.2449244552128, 34.060169624496325], [-118.2449244552128, 34.06017706658785], [-118.24498733728268, 34.06017706658785]]}, "properties": {"confidence": "high"}}, {"type": "Feature", "geometry": {"type": "LineString", "coordinates": [[-118.2449244552128, 34.060169624496325], [-118.2449244552128, 34.060162182404156], [-118.24487953944859, 34.060162182404156], [-118.24487953944859, 34.060169624496325], [-118.2449244552128, 34.060169624496325]]}, "properties": {"confidence": "high"}}]}