{"type": "FeatureCollection", "features": [{"type": "Feature", "geometry": {"type": "LineString", "coordinates": [[-75.15444449646907, 39.955159932962225], [-75.15444449646907, 39.9551530469507], [-75.15443551331622, 39.9551530469507], [-75.15443551331622, 39.955159932962225], [-75.15444449646907, 39.955159932962225]]}, "properties": {"confidence": "high"}}, {"type": "Feature", "geometry": {"type": "LineString", "coordinates": [[-75.14811137371602, 39.955159932962225], [-75.14811137371602, 39.9551530469507], [-75.14810239056318, 39.9551530469507], [-75.14810239056318, 39.955159932962225], [-75.14811137371602, 39.955159932962225]]}, "properties": {"confidence": "high"}}, {"type": "Feature", "geometry": {"type": "LineString", "coordinates": [[-75.15443551331622, 39.9551530469507], [-75.15443551331622, 39.95514616093847], [-75.15441754701054, 39.95514616093847], [-75.15441754701054, 39.9551530469507], [-75.15443551331622, 39.9551530469507]]}, "properties": {"confidence": "high"}}, {"type": "Feature", "geometry": {"type": "LineString", "coordinates": [[-75.14816527263307, 39.9551530469507], [-75.14816527263307, 39.95514616093847], [-75.14811137371602, 39.95514616093847], [-75.14811137371602, 39.9551530469507], [-75.14816527263307, 39.9551530469507]]}, "properties": {"confidence": "high"}}, {"type": "Feature", "geometry": {"type": "LineString", "coordinates": [[-75.15441754701054, 39.95514616093847], [-75.15441754701054, 39.955139274925564], [-75.15439958070486, 39.955139274925564], [-75.15439958070486, 39.95514616093847], [-75.15441754701054, 39.95514616093847]]}, "properties": {"confidence": "high"}}, {"type": "Feature", "geometry": {"type": "LineString", "coordinates": [[-75.15431873232927, 39.95514616093847], [-75.15431873232927, 39.955139274925564], [-75.15413008611961, 39.955139274925564], [-75.15413008611961, 39.95514616093847], [-75.15431873232927, 39.95514616093847]]}, "properties": {"confidence": "high"}}, {"type": "Feature", "geometry": {"type": "LineString", "coordinates": [[-75.14820120524443, 39.95514616093847], [-75.14820120524443, 39.955139274925564], [-75.14816527263307, 39.955139274925564], [-75.14816527263307, 39.95514616093847], [-75.14820120524443, 39.95514616093847]]}, "properties": {"confidence": "high"}}, {"type": "Feature", "geometry": {"type": "LineString", "coordinates": [[-75.1478688285893, 39.95514616093847], [-75.1478688285893, 39.955139274925564], [-75.14768018237964, 39.955139274925564], [-75.14768018237964, 39.95514616093847], [-75.1478688285893, 39.95514616093847]]}, "properties": {"confidence": "high"}}, {"type": "Feature", "geometry": {"type": "LineString", "coordinates": [[-75.15439958070486, 39.955139274925564], [-75.15439958070486, 39.95513238891195], [-75.15439059755201, 39.95513238891195], [-75.15439059755201, 39.955139274925564], [-75.15439958070486, 39.955139274925564]]}, "properties": {"confidence": "high"}}, {"type": "Feature", "geometry": {"type": "LineString", "coordinates": [[-75.15433669863496, 39.955139274925564], [-75.15433669863496, 39.95513238891195], [-75.15431873232927, 39.95513238891195], [-75.15431873232927, 39.955139274925564], [-75.15433669863496, 39.955139274925564]]}, "properties": {"confidence": "high"}}, {"type": "Feature", "geometry": {"type": "LineString", "coordinates": [[-75.15413008611961, 39.955139274925564], [-75.15413008611961, 39.95513238891195], [-75.15403127143836, 39.95513238891195], [-75.15403127143836, 39.955139274925564], [-75.15413008611961, 39.955139274925564]]}, "properties": {"confidence": "high"}}, {"type": "Feature", "geometry": {"type": "LineString", "coordinates": [[-75.1482371378558, 39.955139274925564], [-75.1482371378558, 39.95513238891195], [-75.14820120524443, 39.95513238891195], [-75.14820120524443, 39.955139274925564], [-75.1482371378558, 39.955139274925564]]}, "properties": {"confidence": "high"}}, {"type": "Feature", "geometry": {"type": "LineString", "coordinates": [[-75.14790476120066, 39.955139274925564], [-75.14790476120066, 39.95513238891195], [-75.1478688285893, 39.95513238891195], [-75.1478688285893, 39.955139274925564], [-75.14790476120066, 39.955139274925564]]}, "properties": {"confidence": "high"}}, {"type": "Feature", "geometry": {"type": "LineString", "coordinates": [[-75.14768018237964, 39.955139274925564], [-75.14768018237964, 39.95513238891195], [-75.14759035085123, 39.95513238891195], [-75.14759035085123, 39.955139274925564], [-75.14768018237964, 39.955139274925564]]}, "properties": {"confidence": "high"}}, {"type": "Feature", "geometry": {"type": "LineString", "coordinates": [[-75.15439059755201, 39.95513238891195], [-75.15439059755201, 39.955125502897644], [-75.15438161439917, 39.955125502897644], [-75.15438161439917, 39.95513238891195], [-75.15439059755201, 39.95513238891195]]}, "properties": {"confidence": "high"}}, {"type": "Feature", "geometry": {"type": "LineString", "coordinates": [[-75.15434568178782, 39.95513238891195], [-75.15434568178782, 39.955125502897644], [-75.15433669863496, 39.955125502897644], [-75.15433669863496, 39.95513238891195], [-75.15434568178782, 39.95513238891195]]}, "properties": {"confidence": "high"}}, {"type": "Feature", "geometry": {"type": "LineString", "coordinates": [[-75.15403127143836, 39.95513238891195], [-75.15403127143836, 39.955125502897644], [-75.15392347360427, 39.955125502897644], [-75.15392347360427, 39.95513238891195], [-75.15403127143836, 39.95513238891195]]}, "properties": {"confidence": "high"}}, {"type": "Feature", "geometry": {"type": "LineString", "coordinates": [[-75.14826408731432, 39.95513238891195], [-75.14826408731432, 39.955125502897644], [-75.1482371378558, 39.955125502897644], [-75.1482371378558, 39.95513238891195], [-75.14826408731432, 39.95513238891195]]}, "properties": {"confidence": "high"}}, {"type": "Feature", "geometry": {"type": "LineString", "coordinates": [[-75.1479317106592, 39.95513238891195], [-75.1479317106592, 39.955125502897644], [-75.14790476120066, 39.955125502897644], [-75.14790476120066, 39.95513238891195], [-75.1479317106592, 39.95513238891195]]}, "properties": {"confidence": "high"}}, {"type": "Feature", "geometry": {"type": "LineString", "coordinates": [[-75.15438161439917, 39.955125502897644], [-75.15438161439917, 39.95511861688265], [-75.15437263124633, 39.95511861688265], [-75.15437263124633, 39.955125502897644], [-75.15438161439917, 39.955125502897644]]}, "properties": {"confidence": "high"}}, {"type": "Feature", "geometry": {"type": "LineString", "coordinates": [[-75.15435466494066, 39.955125502897644], [-75.15435466494066, 39.95511861688265], [-75.15434568178782, 39.95511861688265], [-75.15434568178782, 39.955125502897644], [-75.15435466494066, 39.955125502897644]]}, "properties": {"confidence": "high"}}, {"type": "Feature", "geometry": {"type": "LineString", "coordinates": [[-75.15392347360427, 39.955125502897644], [-75.15392347360427, 39.95511861688265], [-75.15380669261734, 39.95511861688265], [-75.15380669261734, 39.955125502897644], [-75.15392347360427, 39.955125502897644]]}, "properties": {"confidence": "high"}}, {"type": "Feature", "geometry": {"type": "LineString", "coordinates": [[-75.14830001992568, 39.955125502897644], [-75.14830001992568, 39.95511861688265], [-75.14826408731432, 39.95511861688265], [-75.14826408731432, 39.955125502897644], [-75.14830001992568, 39.955125502897644]]}, "properties": {"confidence": "high"}}, {"type": "Feature", "geometry": {"type": "LineString", "coordinates": [[-75.15380669261734, 39.95511861688265], [-75.15380669261734, 39.95511173086697], [-75.15370787793607, 39.95511173086697], [-75.15370787793607, 39.95511861688265], [-75.15380669261734, 39.95511861688265]]}, "properties": {"confidence": "high"}}, {"type": "Feature", "geometry": {"type": "LineString", "coordinates": [[-75.14833595253704, 39.95511861688265], [-75.14833595253704, 39.95511173086697], [-75.14830001992568, 39.95511173086697], [-75.14830001992568, 39.95511861688265], [-75.14833595253704, 39.95511861688265]]}, "properties": {"confidence": "high"}}, {"type": "Feature", "geometry": {"type": "LineString", "coordinates": [[-75.14794069381203, 39.955125502897644], [-75.14794069381203, 39.95510484485058], [-75.1479317106592, 39.95510484485058], [-75.1479317106592, 39.955125502897644], [-75.14794069381203, 39.955125502897644]]}, "properties": {"confidence": "high"}}, {"type": "Feature", "geometry": {"type": "LineString", "coordinates": [[-75.15370787793607, 39.95511173086697], [-75.15370787793607, 39.95510484485058], [-75.15359109694914, 39.95510484485058], [-75.15359109694914, 39.95511173086697], [-75.15370787793607, 39.95511173086697]]}, "properties": {"confidence": "high"}}, {"type": "Feature", "geometry": {"type": "LineString", "coordinates": [[-75.14836290199557, 39.95511173086697], [-75.14836290199557, 39.95510484485058], [-75.14833595253704, 39.95510484485058], [-75.14833595253704, 39.95511173086697], [-75.14836290199557, 39.95511173086697]]}, "properties": {"confidence": "high"}}, {"type": "Feature", "geometry": {"type": "LineString", "coordinates": [[-75.15359109694914, 39.95510484485058], [-75.15359109694914, 39.955097958833505], [-75.15344736650368, 39.955097958833505], [-75.15344736650368, 39.95510484485058], [-75.15359109694914, 39.95510484485058]]}, "properties": {"confidence": "high"}}, {"type": "Feature", "geometry": {"type": "LineString", "coordinates": [[-75.14839883460694, 39.95510484485058], [-75.14839883460694, 39.955097958833505], [-75.14836290199557, 39.955097958833505], [-75.14836290199557, 39.95510484485058], [-75.14839883460694, 39.95510484485058]]}, "properties": {"confidence": "high"}}, {"type": "Feature", "geometry": {"type": "LineString", "coordinates": [[-75.15344736650368, 39.955097958833505], [-75.15344736650368, 39.95509107281573], [-75.15333058551676, 39.95509107281573], [-75.15333058551676, 39.955097958833505], [-75.15344736650368, 39.955097958833505]]}, "properties": {"confidence": "high"}}, {"type": "Feature", "geometry": {"type": "LineString", "coordinates": [[-75.14842578406545, 39.955097958833505], [-75.14842578406545, 39.95509107281573], [-75.14839883460694, 39.95509107281573], [-75.14839883460694, 39.955097958833505], [-75.14842578406545, 39.955097958833505]]}, "properties": {"confidence": "high"}}, {"type": "Feature", "geometry": {"type": "LineString", "coordinates": [[-75.14794967696487, 39.95510484485058], [-75.14794967696487, 39.95508418679727], [-75.14794069381203, 39.95508418679727], [-75.14794069381203, 39.95510484485058], [-75.14794967696487, 39.95510484485058]]}, "properties": {"confidence": "high"}}, {"type": "Feature", "geometry": {"type": "LineString", "coordinates": [[-75.15333058551676, 39.95509107281573], [-75.15333058551676, 39.95508418679727], [-75.15321380452983, 39.95508418679727], [-75.15321380452983, 39.95509107281573], [-75.15333058551676, 39.95509107281573]]}, "properties": {"confidence": "high"}}, {"type": "Feature", "geometry": {"type": "LineString", "coordinates": [[-75.14845273352398, 39.95509107281573], [-75.14845273352398, 39.95508418679727], [-75.14842578406545, 39.95508418679727], [-75.14842578406545, 39.95509107281573], [-75.14845273352398, 39.95509107281573]]}, "properties": {"confidence": "high"}}, {"type": "Feature", "geometry": {"type": "LineString", "coordinates": [[-75.15321380452983, 39.95508418679727], [-75.15321380452983, 39.955077300778115], [-75.15311498984856, 39.955077300778115], [-75.15311498984856, 39.95508418679727], [-75.15321380452983, 39.95508418679727]]}, "properties": {"confidence": "high"}}, {"type": "Feature", "geometry": {"type": "LineString", "coordinates": [[-75.14846171667682, 39.95508418679727], [-75.14846171667682, 39.955077300778115], [-75.14845273352398, 39.955077300778115], [-75.14845273352398, 39.95508418679727], [-75.14846171667682, 39.95508418679727]]}, "properties": {"confidence": "high"}}, {"type": "Feature", "geometry": {"type": "LineString", "coordinates": [[-75.14795866011771, 39.95508418679727], [-75.14795866011771, 39.955077300778115], [-75.14794967696487, 39.955077300778115], [-75.14794967696487, 39.95508418679727], [-75.14795866011771, 39.95508418679727]]}, "properties": {"confidence": "high"}}, {"type": "Feature", "geometry": {"type": "LineString", "coordinates": [[-75.15311498984856, 39.955077300778115], [-75.15311498984856, 39.95507041475827], [-75.15294430994457, 39.95507041475827], [-75.15294430994457, 39.955077300778115], [-75.15311498984856, 39.955077300778115]]}, "properties": {"confidence": "high"}}, {"type": "Feature", "geometry": {"type": "LineString", "coordinates": [[-75.14847069982966, 39.955077300778115], [-75.14847069982966, 39.95507041475827], [-75.14846171667682, 39.95507041475827], [-75.14846171667682, 39.955077300778115], [-75.14847069982966, 39.955077300778115]]}, "properties": {"confidence": "high"}}, {"type": "Feature", "geometry": {"type": "LineString", "coordinates": [[-75.15437263124633, 39.95511861688265], [-75.15437263124633, 39.95506352873773], [-75.1543636480935, 39.95506352873773], [-75.1543636480935, 39.95511173086697], [-75.15435466494066, 39.95511173086697], [-75.15435466494066, 39.95511861688265], [-75.15437263124633, 39.95511861688265]]}, "properties": {"confidence": "high"}}, {"type": "Feature", "geometry": {"type": "LineString", "coordinates": [[-75.14796764327055, 39.955077300778115], [-75.14796764327055, 39.95506352873773], [-75.14795866011771, 39.95506352873773], [-75.14795866011771, 39.955077300778115], [-75.14796764327055, 39.955077300778115]]}, "properties": {"confidence": "high"}}, {"type": "Feature", "geometry": {"type": "LineString", "coordinates": [[-75.15294430994457, 39.95507041475827], [-75.15294430994457, 39.95506352873773], [-75.15276464688776, 39.95506352873773], [-75.15276464688776, 39.95507041475827], [-75.15294430994457, 39.95507041475827]]}, "properties": {"confidence": "high"}}, {"type": "Feature", "geometry": {"type": "LineString", "coordinates": [[-75.1484796829825, 39.95507041475827], [-75.1484796829825, 39.95506352873773], [-75.14847069982966, 39.95506352873773], [-75.14847069982966, 39.95507041475827], [-75.1484796829825, 39.95507041475827]]}, "properties": {"confidence": "high"}}, {"type": "Feature", "geometry": {"type": "LineString", "coordinates": [[-75.15276464688776, 39.95506352873773], [-75.15276464688776, 39.95505664271649], [-75.15273769742923, 39.95505664271649], [-75.15273769742923, 39.95506352873773], [-75.15276464688776, 39.95506352873773]]}, "properties": {"confidence": "high"}}, {"type": "Feature", "geometry": {"type": "LineString", "coordinates": [[-75.14848866613534, 39.95506352873773], [-75.14848866613534, 39.95505664271649], [-75.1484796829825, 39.95505664271649], [-75.1484796829825, 39.95506352873773], [-75.14848866613534, 39.95506352873773]]}, "properties": {"confidence": "high"}}, {"type": "Feature", "geometry": {"type": "LineString", "coordinates": [[-75.1479766264234, 39.95506352873773], [-75.1479766264234, 39.95505664271649], [-75.14796764327055, 39.95505664271649], [-75.14796764327055, 39.95506352873773], [-75.1479766264234, 39.95506352873773]]}, "properties": {"confidence": "high"}}, {"type": "Feature", "geometry": {"type": "LineString", "coordinates": [[-75.15273769742923, 39.95505664271649], [-75.15273769742923, 39.955049756694564], [-75.15272871427639, 39.955049756694564], [-75.15272871427639, 39.95505664271649], [-75.15273769742923, 39.95505664271649]]}, "properties": {"confidence": "high"}}, {"type": "Feature", "geometry": {"type": "LineString", "coordinates": [[-75.14798560957624, 39.95505664271649], [-75.14798560957624, 39.955049756694564], [-75.1479766264234, 39.955049756694564], [-75.1479766264234, 39.95505664271649], [-75.14798560957624, 39.95505664271649]]}, "properties": {"confidence": "high"}}, {"type": "Feature", "geometry": {"type": "LineString", "coordinates": [[-75.14849764928819, 39.95505664271649], [-75.14849764928819, 39.95504287067194], [-75.14848866613534, 39.95504287067194], [-75.14848866613534, 39.95505664271649], [-75.14849764928819, 39.95505664271649]]}, "properties": {"confidence": "high"}}, {"type": "Feature", "geometry": {"type": "LineString", "coordinates": [[-75.15599858191058, 39.955049756694564], [-75.15599858191058, 39.955035984648624], [-75.15598959875774, 39.955035984648624], [-75.15598959875774, 39.955049756694564], [-75.15599858191058, 39.955049756694564]]}, "properties": {"confidence": "high"}}, {"type": "Feature", "geometry": {"type": "LineString", "coordinates": [[-75.14799459272908, 39.955049756694564], [-75.14799459272908, 39.955035984648624], [-75.14798560957624, 39.955035984648624], [-75.14798560957624, 39.955049756694564], [-75.14799459272908, 39.955049756694564]]}, "properties": {"confidence": "high"}}, {"type": "Feature", "geometry": {"type": "LineString", "coordinates": [[-75.15272871427639, 39.955049756694564], [-75.15272871427639, 39.95504287067194], [-75.15273769742923, 39.95504287067194], [-75.15273769742923, 39.955035984648624], [-75.15269278166502, 39.955035984648624], [-75.15269278166502, 39.95504287067194], [-75.15271973112355, 39.95504287067194], [-75.15271973112355, 39.955049756694564], [-75.15272871427639, 39.955049756694564]]}, "properties": {"confidence": "high"}}, {"type": "Feature", "geometry": {"type": "LineString", "coordinates": [[-75.14850663244103, 39.95504287067194], [-75.14850663244103, 39.955035984648624], [-75.14849764928819, 39.955035984648624], [-75.14849764928819, 39.95504287067194], [-75.14850663244103, 39.95504287067194]]}, "properties": {"confidence": "high"}}, {"type": "Feature", "geometry": {"type": "LineString", "coordinates": [[-75.15274668058207, 39.955035984648624], [-75.15274668058207, 39.955029098624614], [-75.15273769742923, 39.955029098624614], [-75.15273769742923, 39.955035984648624], [-75.15274668058207, 39.955035984648624]]}, "properties": {"confidence": "high"}}, {"type": "Feature", "geometry": {"type": "LineString", "coordinates": [[-75.15269278166502, 39.955035984648624], [-75.15269278166502, 39.955029098624614], [-75.15265684905367, 39.955029098624614], [-75.15265684905367, 39.955035984648624], [-75.15269278166502, 39.955035984648624]]}, "properties": {"confidence": "high"}}, {"type": "Feature", "geometry": {"type": "LineString", "coordinates": [[-75.14851561559387, 39.955035984648624], [-75.14851561559387, 39.955029098624614], [-75.14850663244103, 39.955029098624614], [-75.14850663244103, 39.955035984648624], [-75.14851561559387, 39.955035984648624]]}, "properties": {"confidence": "high"}}, {"type": "Feature", "geometry": {"type": "LineString", "coordinates": [[-75.14800357588192, 39.955035984648624], [-75.14800357588192, 39.955029098624614], [-75.14799459272908, 39.955029098624614], [-75.14799459272908, 39.955035984648624], [-75.14800357588192, 39.955035984648624]]}, "properties": {"confidence": "high"}}, {"type": "Feature", "geometry": {"type": "LineString", "coordinates": [[-75.15438161439917, 39.95506352873773], [-75.15438161439917, 39.955022212599914], [-75.15437263124633, 39.955022212599914], [-75.15437263124633, 39.95506352873773], [-75.15438161439917, 39.95506352873773]]}, "properties": {"confidence": "high"}}, {"type": "Feature", "geometry": {"type": "LineString", "coordinates": [[-75.15275566373492, 39.955029098624614], [-75.15275566373492, 39.955022212599914], [-75.15274668058207, 39.955022212599914], [-75.15274668058207, 39.955029098624614], [-75.15275566373492, 39.955029098624614]]}, "properties": {"confidence": "high"}}, {"type": "Feature", "geometry": {"type": "LineString", "coordinates": [[-75.15265684905367, 39.955029098624614], [-75.15265684905367, 39.955022212599914], [-75.15260295013661, 39.955022212599914], [-75.15260295013661, 39.955029098624614], [-75.15265684905367, 39.955029098624614]]}, "properties": {"confidence": "high"}}, {"type": "Feature", "geometry": {"type": "LineString", "coordinates": [[-75.1485245987467, 39.955029098624614], [-75.1485245987467, 39.955022212599914], [-75.14851561559387, 39.955022212599914], [-75.14851561559387, 39.955029098624614], [-75.1485245987467, 39.955029098624614]]}, "properties": {"confidence": "high"}}, {"type": "Feature", "geometry": {"type": "LineString", "coordinates": [[-75.14801255903475, 39.955029098624614], [-75.14801255903475, 39.95501532657452], [-75.14800357588192, 39.95501532657452], [-75.14800357588192, 39.955029098624614], [-75.14801255903475, 39.955029098624614]]}, "properties": {"confidence": "high"}}, {"type": "Feature", "geometry": {"type": "LineString", "coordinates": [[-75.15276464688776, 39.955022212599914], [-75.15276464688776, 39.95501532657452], [-75.15275566373492, 39.95501532657452], [-75.15275566373492, 39.955022212599914], [-75.15276464688776, 39.955022212599914]]}, "properties": {"confidence": "high"}}, {"type": "Feature", "geometry": {"type": "LineString", "coordinates": [[-75.15260295013661, 39.955022212599914], [-75.15260295013661, 39.95501532657452], [-75.15254905121957, 39.95501532657452], [-75.15254905121957, 39.955022212599914], [-75.15260295013661, 39.955022212599914]]}, "properties": {"confidence": "high"}}, {"type": "Feature", "geometry": {"type": "LineString", "coordinates": [[-75.14853358189954, 39.955022212599914], [-75.14853358189954, 39.95501532657452], [-75.1485245987467, 39.95501532657452], [-75.1485245987467, 39.955022212599914], [-75.14853358189954, 39.955022212599914]]}, "properties": {"confidence": "high"}}, {"type": "Feature", "geometry": {"type": "LineString", "coordinates": [[-75.1527736300406, 39.95501532657452], [-75.1527736300406, 39.955008440548426], [-75.15276464688776, 39.955008440548426], [-75.15276464688776, 39.95501532657452], [-75.1527736300406, 39.95501532657452]]}, "properties": {"confidence": "high"}}, {"type": "Feature", "geometry": {"type": "LineString", "coordinates": [[-75.15254905121957, 39.95501532657452], [-75.15254905121957, 39.955008440548426], [-75.1525131186082, 39.955008440548426], [-75.1525131186082, 39.95501532657452], [-75.15254905121957, 39.95501532657452]]}, "properties": {"confidence": "high"}}, {"type": "Feature", "geometry": {"type": "LineString", "coordinates": [[-75.1485425650524, 39.95501532657452], [-75.1485425650524, 39.955008440548426], [-75.14853358189954, 39.955008440548426], [-75.14853358189954, 39.95501532657452], [-75.1485425650524, 39.95501532657452]]}, "properties": {"confidence": "high"}}, {"type": "Feature", "geometry": {"type": "LineString", "coordinates": [[-75.14802154218759, 39.95501532657452], [-75.14802154218759, 39.955001554521644], [-75.14801255903475, 39.955001554521644], [-75.14801255903475, 39.95501532657452], [-75.14802154218759, 39.95501532657452]]}, "properties": {"confidence": "high"}}, {"type": "Feature", "geometry": {"type": "LineString", "coordinates": [[-75.1525131186082, 39.955008440548426], [-75.1525131186082, 39.955001554521644], [-75.15245921969115, 39.955001554521644], [-75.15245921969115, 39.955008440548426], [-75.1525131186082, 39.955008440548426]]}, "properties": {"confidence": "high"}}, {"type": "Feature", "geometry": {"type": "LineString", "coordinates": [[-75.14855154820523, 39.955008440548426], [-75.14855154820523, 39.955001554521644], [-75.1485425650524, 39.955001554521644], [-75.1485425650524, 39.955008440548426], [-75.14855154820523, 39.955008440548426]]}, "properties": {"confidence": "high"}}, {"type": "Feature", "geometry": {"type": "LineString", "coordinates": [[-75.15245921969115, 39.955001554521644], [-75.15245921969115, 39.954994668494166], [-75.15239633762127, 39.954994668494166], [-75.15239633762127, 39.955001554521644], [-75.15245921969115, 39.955001554521644]]}, "properties": {"confidence": "high"}}, {"type": "Feature", "geometry": {"type": "LineString", "coordinates": [[-75.15229752294002, 39.955001554521644], [-75.15229752294002, 39.954994668494166], [-75.15227057348149, 39.954994668494166], [-75.15227057348149, 39.955001554521644], [-75.15229752294002, 39.955001554521644]]}, "properties": {"confidence": "high"}}, {"type": "Feature", "geometry": {"type": "LineString", "coordinates": [[-75.14856053135807, 39.955001554521644], [-75.14856053135807, 39.954994668494166], [-75.14855154820523, 39.954994668494166], [-75.14855154820523, 39.955001554521644], [-75.14856053135807, 39.955001554521644]]}, "properties": {"confidence": "high"}}, {"type": "Feature", "geometry": {"type": "LineString", "coordinates": [[-75.15600756506342, 39.955035984648624], [-75.15600756506342, 39.954987782466], [-75.15599858191058, 39.954987782466], [-75.15599858191058, 39.955035984648624], [-75.15600756506342, 39.955035984648624]]}, "properties": {"confidence": "high"}}, {"type": "Feature", "geometry": {"type": "LineString", "coordinates": [[-75.15439059755201, 39.955022212599914], [-75.15439059755201, 39.954987782466], [-75.15438161439917, 39.954987782466], [-75.15438161439917, 39.955022212599914], [-75.15439059755201, 39.955022212599914]]}, "properties": {"confidence": "high"}}, {"type": "Feature", "geometry": {"type": "LineString", "coordinates": [[-75.15239633762127, 39.954994668494166], [-75.15239633762127, 39.954987782466], [-75.15229752294002, 39.954987782466], [-75.15229752294002, 39.954994668494166], [-75.15239633762127, 39.954994668494166]]}, "properties": {"confidence": "high"}}, {"type": "Feature", "geometry": {"type": "LineString", "coordinates": [[-75.15227057348149, 39.954994668494166], [-75.15227057348149, 39.954987782466], [-75.15195616313204, 39.954987782466], [-75.15195616313204, 39.954994668494166], [-75.15227057348149, 39.954994668494166]]}, "properties": {"confidence": "high"}}, {"type": "Feature", "geometry": {"type": "LineString", "coordinates": [[-75.14857849766375, 39.954994668494166], [-75.14857849766375, 39.954987782466], [-75.14856053135807, 39.954987782466], [-75.14856053135807, 39.954994668494166], [-75.14857849766375, 39.954994668494166]]}, "properties": {"confidence": "high"}}, {"type": "Feature", "geometry": {"type": "LineString", "coordinates": [[-75.15278261319344, 39.955008440548426], [-75.15278261319344, 39.954980896437135], [-75.1527736300406, 39.954980896437135], [-75.1527736300406, 39.955008440548426], [-75.15278261319344, 39.955008440548426]]}, "properties": {"confidence": "high"}}, {"type": "Feature", "geometry": {"type": "LineString", "coordinates": [[-75.14803052534045, 39.955001554521644], [-75.14803052534045, 39.954980896437135], [-75.14802154218759, 39.954980896437135], [-75.14802154218759, 39.955001554521644], [-75.14803052534045, 39.955001554521644]]}, "properties": {"confidence": "high"}}, {"type": "Feature", "geometry": {"type": "LineString", "coordinates": [[-75.15195616313204, 39.954987782466], [-75.15195616313204, 39.954980896437135], [-75.15187531475647, 39.954980896437135], [-75.15187531475647, 39.954987782466], [-75.15195616313204, 39.954987782466]]}, "properties": {"confidence": "high"}}, {"type": "Feature", "geometry": {"type": "LineString", "coordinates": [[-75.14858748081659, 39.954987782466], [-75.14858748081659, 39.954980896437135], [-75.14857849766375, 39.954980896437135], [-75.14857849766375, 39.954987782466], [-75.14858748081659, 39.954987782466]]}, "properties": {"confidence": "high"}}, {"type": "Feature", "geometry": {"type": "LineString", "coordinates": [[-75.15187531475647, 39.954980896437135], [-75.15187531475647, 39.95497401040758], [-75.15173158431102, 39.95497401040758], [-75.15173158431102, 39.954980896437135], [-75.15187531475647, 39.954980896437135]]}, "properties": {"confidence": "high"}}, {"type": "Feature", "geometry": {"type": "LineString", "coordinates": [[-75.14859646396944, 39.954980896437135], [-75.14859646396944, 39.95497401040758], [-75.14858748081659, 39.95497401040758], [-75.14858748081659, 39.954980896437135], [-75.14859646396944, 39.954980896437135]]}, "properties": {"confidence": "high"}}, {"type": "Feature", "geometry": {"type": "LineString", "coordinates": [[-75.14803950849328, 39.954980896437135], [-75.14803950849328, 39.95497401040758], [-75.14803052534045, 39.95497401040758], [-75.14803052534045, 39.954980896437135], [-75.14803950849328, 39.954980896437135]]}, "properties": {"confidence": "high"}}, {"type": "Feature", "geometry": {"type": "LineString", "coordinates": [[-75.15173158431102, 39.95497401040758], [-75.15173158431102, 39.95496712437733], [-75.15169565169965, 39.95496712437733], [-75.15169565169965, 39.95497401040758], [-75.15173158431102, 39.95497401040758]]}, "properties": {"confidence": "high"}}, {"type": "Feature", "geometry": {"type": "LineString", "coordinates": [[-75.14860544712228, 39.95497401040758], [-75.14860544712228, 39.95496712437733], [-75.14859646396944, 39.95496712437733], [-75.14859646396944, 39.95497401040758], [-75.14860544712228, 39.95497401040758]]}, "properties": {"confidence": "high"}}, {"type": "Feature", "geometry": {"type": "LineString", "coordinates": [[-75.15439958070486, 39.954987782466], [-75.15439958070486, 39.95496023834639], [-75.15439059755201, 39.95496023834639], [-75.15439059755201, 39.954987782466], [-75.15439958070486, 39.954987782466]]}, "properties": {"confidence": "high"}}, {"type": "Feature", "geometry": {"type": "LineString", "coordinates": [[-75.15279159634628, 39.954980896437135], [-75.15279159634628, 39.95496023834639], [-75.15278261319344, 39.95496023834639], [-75.15278261319344, 39.954980896437135], [-75.15279159634628, 39.954980896437135]]}, "properties": {"confidence": "high"}}, {"type": "Feature", "geometry": {"type": "LineString", "coordinates": [[-75.15169565169965, 39.95496712437733], [-75.15169565169965, 39.95496023834639], [-75.15166870224112, 39.95496023834639], [-75.15166870224112, 39.95496712437733], [-75.15169565169965, 39.95496712437733]]}, "properties": {"confidence": "high"}}, {"type": "Feature", "geometry": {"type": "LineString", "coordinates": [[-75.14862341342796, 39.95496712437733], [-75.14862341342796, 39.95496023834639], [-75.14860544712228, 39.95496023834639], [-75.14860544712228, 39.95496712437733], [-75.14862341342796, 39.95496712437733]]}, "properties": {"confidence": "high"}}, {"type": "Feature", "geometry": {"type": "LineString", "coordinates": [[-75.15166870224112, 39.95496023834639], [-75.15166870224112, 39.95495335231475], [-75.15162378647693, 39.95495335231475], [-75.15162378647693, 39.95496023834639], [-75.15166870224112, 39.95496023834639]]}, "properties": {"confidence": "high"}}, {"type": "Feature", "geometry": {"type": "LineString", "coordinates": [[-75.14864137973363, 39.95496023834639], [-75.14864137973363, 39.95495335231475], [-75.14862341342796, 39.95495335231475], [-75.14862341342796, 39.95496023834639], [-75.14864137973363, 39.95496023834639]]}, "properties": {"confidence": "high"}}, {"type": "Feature", "geometry": {"type": "LineString", "coordinates": [[-75.15162378647693, 39.95495335231475], [-75.15162378647693, 39.95494646628242], [-75.1515519212542, 39.95494646628242], [-75.1515519212542, 39.95495335231475], [-75.15162378647693, 39.95495335231475]]}, "properties": {"confidence": "high"}}, {"type": "Feature", "geometry": {"type": "LineString", "coordinates": [[-75.14865036288649, 39.95495335231475], [-75.14865036288649, 39.95494646628242], [-75.14864137973363, 39.95494646628242], [-75.14864137973363, 39.95495335231475], [-75.14865036288649, 39.95495335231475]]}, "properties": {"confidence": "high"}}, {"type": "Feature", "geometry": {"type": "LineString", "coordinates": [[-75.14804849164612, 39.95497401040758], [-75.14804849164612, 39.95493958024941], [-75.14803950849328, 39.95493958024941], [-75.14803950849328, 39.95497401040758], [-75.14804849164612, 39.95497401040758]]}, "properties": {"confidence": "high"}}, {"type": "Feature", "geometry": {"type": "LineString", "coordinates": [[-75.14937799826663, 39.95496712437733], [-75.14937799826663, 39.95493958024941], [-75.14936901511379, 39.95493958024941], [-75.14936901511379, 39.95496712437733], [-75.14937799826663, 39.95496712437733]]}, "properties": {"confidence": "high"}}, {"type": "Feature", "geometry": {"type": "LineString", "coordinates": [[-75.1515519212542, 39.95494646628242], [-75.1515519212542, 39.95493958024941], [-75.15148005603146, 39.95493958024941], [-75.15148005603146, 39.95494646628242], [-75.1515519212542, 39.95494646628242]]}, "properties": {"confidence": "high"}}, {"type": "Feature", "geometry": {"type": "LineString", "coordinates": [[-75.14866832919218, 39.95494646628242], [-75.14866832919218, 39.95493958024941], [-75.14865036288649, 39.95493958024941], [-75.14865036288649, 39.95494646628242], [-75.14866832919218, 39.95494646628242]]}, "properties": {"confidence": "high"}}, {"type": "Feature", "geometry": {"type": "LineString", "coordinates": [[-75.15148005603146, 39.95493958024941], [-75.15148005603146, 39.954932694215685], [-75.15140819080872, 39.954932694215685], [-75.15140819080872, 39.95493958024941], [-75.15148005603146, 39.95493958024941]]}, "properties": {"confidence": "high"}}, {"type": "Feature", "geometry": {"type": "LineString", "coordinates": [[-75.14868629549785, 39.95493958024941], [-75.14868629549785, 39.954932694215685], [-75.14866832919218, 39.954932694215685], [-75.14866832919218, 39.95493958024941], [-75.14868629549785, 39.95493958024941]]}, "properties": {"confidence": "high"}}, {"type": "Feature", "geometry": {"type": "LineString", "coordinates": [[-75.14805747479896, 39.95493958024941], [-75.14805747479896, 39.95492580818128], [-75.14804849164612, 39.95492580818128], [-75.14804849164612, 39.95493958024941], [-75.14805747479896, 39.95493958024941]]}, "properties": {"confidence": "high"}}, {"type": "Feature", "geometry": {"type": "LineString", "coordinates": [[-75.15140819080872, 39.954932694215685], [-75.15140819080872, 39.95492580818128], [-75.15136327504453, 39.95492580818128], [-75.15136327504453, 39.954932694215685], [-75.15140819080872, 39.954932694215685]]}, "properties": {"confidence": "high"}}, {"type": "Feature", "geometry": {"type": "LineString", "coordinates": [[-75.14869527865069, 39.954932694215685], [-75.14869527865069, 39.95492580818128], [-75.14868629549785, 39.95492580818128], [-75.14868629549785, 39.954932694215685], [-75.14869527865069, 39.954932694215685]]}, "properties": {"confidence": "high"}}, {"type": "Feature", "geometry": {"type": "LineString", "coordinates": [[-75.15601654821626, 39.954987782466], [-75.15601654821626, 39.95491892214618], [-75.15600756506342, 39.95491892214618], [-75.15600756506342, 39.954987782466], [-75.15601654821626, 39.954987782466]]}, "properties": {"confidence": "high"}}, {"type": "Feature", "geometry": {"type": "LineString", "coordinates": [[-75.15280057949911, 39.95496023834639], [-75.15280057949911, 39.95491892214618], [-75.15279159634628, 39.95491892214618], [-75.15279159634628, 39.95496023834639], [-75.15280057949911, 39.95496023834639]]}, "properties": {"confidence": "high"}}, {"type": "Feature", "geometry": {"type": "LineString", "coordinates": [[-75.15136327504453, 39.95492580818128], [-75.15136327504453, 39.95491892214618], [-75.15132734243316, 39.95491892214618], [-75.15132734243316, 39.95492580818128], [-75.15136327504453, 39.95492580818128]]}, "properties": {"confidence": "high"}}, {"type": "Feature", "geometry": {"type": "LineString", "coordinates": [[-75.14871324495638, 39.95492580818128], [-75.14871324495638, 39.95491892214618], [-75.14869527865069, 39.95491892214618], [-75.14869527865069, 39.95492580818128], [-75.14871324495638, 39.95492580818128]]}, "properties": {"confidence": "high"}}, {"type": "Feature", "geometry": {"type": "LineString", "coordinates": [[-75.1480664579518, 39.95492580818128], [-75.1480664579518, 39.95491892214618], [-75.14805747479896, 39.95491892214618], [-75.14805747479896, 39.95492580818128], [-75.1480664579518, 39.95492580818128]]}, "properties": {"confidence": "high"}}, {"type": "Feature", "geometry": {"type": "LineString", "coordinates": [[-75.1544085638577, 39.95496023834639], [-75.1544085638577, 39.95491203611038], [-75.15439958070486, 39.95491203611038], [-75.15439958070486, 39.95496023834639], [-75.1544085638577, 39.95496023834639]]}, "properties": {"confidence": "high"}}, {"type": "Feature", "geometry": {"type": "LineString", "coordinates": [[-75.15132734243316, 39.95491892214618], [-75.15132734243316, 39.95491203611038], [-75.15123751090475, 39.95491203611038], [-75.15123751090475, 39.95491892214618], [-75.15132734243316, 39.95491892214618]]}, "properties": {"confidence": "high"}}, {"type": "Feature", "geometry": {"type": "LineString", "coordinates": [[-75.14873121126206, 39.95491892214618], [-75.14873121126206, 39.95491203611038], [-75.14871324495638, 39.95491203611038], [-75.14871324495638, 39.95491892214618], [-75.14873121126206, 39.95491892214618]]}, "properties": {"confidence": "high"}}, {"type": "Feature", "geometry": {"type": "LineString", "coordinates": [[-75.14936901511379, 39.95493958024941], [-75.14936901511379, 39.9549051500739], [-75.1493510488081, 39.9549051500739], [-75.1493510488081, 39.95491203611038], [-75.14936003196094, 39.95491203611038], [-75.14936003196094, 39.95493958024941], [-75.14936901511379, 39.95493958024941]]}, "properties": {"confidence": "high"}}, {"type": "Feature", "geometry": {"type": "LineString", "coordinates": [[-75.14874917756775, 39.95491203611038], [-75.14874917756775, 39.9549051500739], [-75.14873121126206, 39.9549051500739], [-75.14873121126206, 39.95491203611038], [-75.14874917756775, 39.95491203611038]]}, "properties": {"confidence": "high"}}, {"type": "Feature", "geometry": {"type": "LineString", "coordinates": [[-75.14807544110464, 39.95491892214618], [-75.14807544110464, 39.95489826403671], [-75.1480664579518, 39.95489826403671], [-75.1480664579518, 39.95491892214618], [-75.14807544110464, 39.95491892214618]]}, "properties": {"confidence": "high"}}, {"type": "Feature", "geometry": {"type": "LineString", "coordinates": [[-75.15120157829338, 39.95504287067194], [-75.15120157829338, 39.95491203611038], [-75.15123751090475, 39.95491203611038], [-75.15123751090475, 39.9549051500739], [-75.15120157829338, 39.9549051500739], [-75.15120157829338, 39.95489826403671], [-75.15119259514054, 39.95489826403671], [-75.15119259514054, 39.95504287067194], [-75.15120157829338, 39.95504287067194]]}, "properties": {"confidence": "high"}}, {"type": "Feature", "geometry": {"type": "LineString", "coordinates": [[-75.14938698141947, 39.9549051500739], [-75.14938698141947, 39.95489826403671], [-75.14936901511379, 39.95489826403671], [-75.14936901511379, 39.9549051500739], [-75.14938698141947, 39.9549051500739]]}, "properties": {"confidence": "high"}}, {"type": "Feature", "geometry": {"type": "LineString", "coordinates": [[-75.1493510488081, 39.9549051500739], [-75.1493510488081, 39.95489826403671], [-75.14933308250242, 39.95489826403671], [-75.14933308250242, 39.9549051500739], [-75.1493510488081, 39.9549051500739]]}, "properties": {"confidence": "high"}}, {"type": "Feature", "geometry": {"type": "LineString", "coordinates": [[-75.14875816072059, 39.9549051500739], [-75.14875816072059, 39.95489826403671], [-75.14874917756775, 39.95489826403671], [-75.14874917756775, 39.9549051500739], [-75.14875816072059, 39.9549051500739]]}, "properties": {"confidence": "high"}}, {"type": "Feature", "geometry": {"type": "LineString", "coordinates": [[-75.15119259514054, 39.95489826403671], [-75.15119259514054, 39.954891377998834], [-75.1511836119877, 39.954891377998834], [-75.1511836119877, 39.95489826403671], [-75.15119259514054, 39.95489826403671]]}, "properties": {"confidence": "high"}}, {"type": "Feature", "geometry": {"type": "LineString", "coordinates": [[-75.1493959645723, 39.95489826403671], [-75.1493959645723, 39.954891377998834], [-75.14938698141947, 39.954891377998834], [-75.14938698141947, 39.95489826403671], [-75.1493959645723, 39.95489826403671]]}, "properties": {"confidence": "high"}}, {"type": "Feature", "geometry": {"type": "LineString", "coordinates": [[-75.14933308250242, 39.95489826403671], [-75.14933308250242, 39.954891377998834], [-75.14931511619675, 39.954891377998834], [-75.14931511619675, 39.95489826403671], [-75.14933308250242, 39.95489826403671]]}, "properties": {"confidence": "high"}}, {"type": "Feature", "geometry": {"type": "LineString", "coordinates": [[-75.1487851101791, 39.95489826403671], [-75.1487851101791, 39.954891377998834], [-75.14875816072059, 39.954891377998834], [-75.14875816072059, 39.95489826403671], [-75.1487851101791, 39.95489826403671]]}, "properties": {"confidence": "high"}}, {"type": "Feature", "geometry": {"type": "LineString", "coordinates": [[-75.14940494772515, 39.954891377998834], [-75.14940494772515, 39.954884491960264], [-75.1493959645723, 39.954884491960264], [-75.1493959645723, 39.954891377998834], [-75.14940494772515, 39.954891377998834]]}, "properties": {"confidence": "high"}}, {"type": "Feature", "geometry": {"type": "LineString", "coordinates": [[-75.14931511619675, 39.954891377998834], [-75.14931511619675, 39.954884491960264], [-75.14929714989105, 39.954884491960264], [-75.14929714989105, 39.954891377998834], [-75.14931511619675, 39.954891377998834]]}, "properties": {"confidence": "high"}}, {"type": "Feature", "geometry": {"type": "LineString", "coordinates": [[-75.1488030764848, 39.954891377998834], [-75.1488030764848, 39.954884491960264], [-75.1487851101791, 39.954884491960264], [-75.1487851101791, 39.954891377998834], [-75.1488030764848, 39.954891377998834]]}, "properties": {"confidence": "high"}}, {"type": "Feature", "geometry": {"type": "LineString", "coordinates": [[-75.1511836119877, 39.954891377998834], [-75.1511836119877, 39.954877605921006], [-75.15117462883487, 39.954877605921006], [-75.15117462883487, 39.954891377998834], [-75.1511836119877, 39.954891377998834]]}, "properties": {"confidence": "high"}}, {"type": "Feature", "geometry": {"type": "LineString", "coordinates": [[-75.14941393087798, 39.954884491960264], [-75.14941393087798, 39.954877605921006], [-75.14940494772515, 39.954877605921006], [-75.14940494772515, 39.954884491960264], [-75.14941393087798, 39.954884491960264]]}, "properties": {"confidence": "high"}}, {"type": "Feature", "geometry": {"type": "LineString", "coordinates": [[-75.14929714989105, 39.954884491960264], [-75.14929714989105, 39.954877605921006], [-75.14921630151548, 39.954877605921006], [-75.14921630151548, 39.954884491960264], [-75.14929714989105, 39.954884491960264]]}, "properties": {"confidence": "high"}}, {"type": "Feature", "geometry": {"type": "LineString", "coordinates": [[-75.14883900909615, 39.954884491960264], [-75.14883900909615, 39.954877605921006], [-75.1488030764848, 39.954877605921006], [-75.1488030764848, 39.954884491960264], [-75.14883900909615, 39.954884491960264]]}, "properties": {"confidence": "high"}}, {"type": "Feature", "geometry": {"type": "LineString", "coordinates": [[-75.1560255313691, 39.95491892214618], [-75.1560255313691, 39.95487071988105], [-75.15601654821626, 39.95487071988105], [-75.15601654821626, 39.95491892214618], [-75.1560255313691, 39.95491892214618]]}, "properties": {"confidence": "high"}}, {"type": "Feature", "geometry": {"type": "LineString", "coordinates": [[-75.14943189718367, 39.954877605921006], [-75.14943189718367, 39.95487071988105], [-75.14941393087798, 39.95487071988105], [-75.14941393087798, 39.954877605921006], [-75.14943189718367, 39.954877605921006]]}, "properties": {"confidence": "high"}}, {"type": "Feature", "geometry": {"type": "LineString", "coordinates": [[-75.14921630151548, 39.954877605921006], [-75.14921630151548, 39.95487071988105], [-75.14900070584729, 39.95487071988105], [-75.14900070584729, 39.954877605921006], [-75.14921630151548, 39.954877605921006]]}, "properties": {"confidence": "high"}}, {"type": "Feature", "geometry": {"type": "LineString", "coordinates": [[-75.14885697540184, 39.954877605921006], [-75.14885697540184, 39.95487071988105], [-75.14883900909615, 39.95487071988105], [-75.14883900909615, 39.954877605921006], [-75.14885697540184, 39.954877605921006]]}, "properties": {"confidence": "high"}}, {"type": "Feature", "geometry": {"type": "LineString", "coordinates": [[-75.14944088033651, 39.95487071988105], [-75.14944088033651, 39.954863833840406], [-75.14943189718367, 39.954863833840406], [-75.14943189718367, 39.95487071988105], [-75.14944088033651, 39.95487071988105]]}, "properties": {"confidence": "high"}}, {"type": "Feature", "geometry": {"type": "LineString", "coordinates": [[-75.14900070584729, 39.95487071988105], [-75.14900070584729, 39.954863833840406], [-75.14897375638877, 39.954863833840406], [-75.14897375638877, 39.95487071988105], [-75.14900070584729, 39.95487071988105]]}, "properties": {"confidence": "high"}}, {"type": "Feature", "geometry": {"type": "LineString", "coordinates": [[-75.1488929080132, 39.95487071988105], [-75.1488929080132, 39.954863833840406], [-75.14885697540184, 39.954863833840406], [-75.14885697540184, 39.95487071988105], [-75.1488929080132, 39.95487071988105]]}, "properties": {"confidence": "high"}}, {"type": "Feature", "geometry": {"type": "LineString", "coordinates": [[-75.14808442425749, 39.95489826403671], [-75.14808442425749, 39.95485694779906], [-75.14807544110464, 39.95485694779906], [-75.14807544110464, 39.95489826403671], [-75.14808442425749, 39.95489826403671]]}, "properties": {"confidence": "high"}}, {"type": "Feature", "geometry": {"type": "LineString", "coordinates": [[-75.15112072991782, 39.954863833840406], [-75.15112072991782, 39.95485694779906], [-75.15105784784794, 39.95485694779906], [-75.15105784784794, 39.954863833840406], [-75.15112072991782, 39.954863833840406]]}, "properties": {"confidence": "high"}}, {"type": "Feature", "geometry": {"type": "LineString", "coordinates": [[-75.14944986348935, 39.954863833840406], [-75.14944986348935, 39.95485694779906], [-75.14944088033651, 39.95485694779906], [-75.14944088033651, 39.954863833840406], [-75.14944986348935, 39.954863833840406]]}, "properties": {"confidence": "high"}}, {"type": "Feature", "geometry": {"type": "LineString", "coordinates": [[-75.14897375638877, 39.954863833840406], [-75.14897375638877, 39.95485694779906], [-75.1489557900831, 39.95485694779906], [-75.1489557900831, 39.954863833840406], [-75.14897375638877, 39.954863833840406]]}, "properties": {"confidence": "high"}}, {"type": "Feature", "geometry": {"type": "LineString", "coordinates": [[-75.14892884062456, 39.954863833840406], [-75.14892884062456, 39.95485694779906], [-75.1488929080132, 39.95485694779906], [-75.1488929080132, 39.954863833840406], [-75.14892884062456, 39.954863833840406]]}, "properties": {"confidence": "high"}}, {"type": "Feature", "geometry": {"type": "LineString", "coordinates": [[-75.15280956265197, 39.95491892214618], [-75.15280956265197, 39.95485006175703], [-75.15280057949911, 39.95485006175703], [-75.15280057949911, 39.95491892214618], [-75.15280956265197, 39.95491892214618]]}, "properties": {"confidence": "high"}}, {"type": "Feature", "geometry": {"type": "LineString", "coordinates": [[-75.15105784784794, 39.95485694779906], [-75.15105784784794, 39.95485006175703], [-75.15095903316669, 39.95485006175703], [-75.15095903316669, 39.95485694779906], [-75.15105784784794, 39.95485694779906]]}, "properties": {"confidence": "high"}}, {"type": "Feature", "geometry": {"type": "LineString", "coordinates": [[-75.14945884664219, 39.95485694779906], [-75.14945884664219, 39.95485006175703], [-75.14944986348935, 39.95485006175703], [-75.14944986348935, 39.95485694779906], [-75.14945884664219, 39.95485694779906]]}, "properties": {"confidence": "high"}}, {"type": "Feature", "geometry": {"type": "LineString", "coordinates": [[-75.1489557900831, 39.95485694779906], [-75.1489557900831, 39.954843175714295], [-75.14894680693024, 39.954843175714295], [-75.14894680693024, 39.95485006175703], [-75.14892884062456, 39.95485006175703], [-75.14892884062456, 39.95485694779906], [-75.1489557900831, 39.95485694779906]]}, "properties": {"confidence": "high"}}, {"type": "Feature", "geometry": {"type": "LineString", "coordinates": [[-75.15095903316669, 39.95485006175703], [-75.15095903316669, 39.954843175714295], [-75.1509231005553, 39.954843175714295], [-75.1509231005553, 39.95485006175703], [-75.15095903316669, 39.95485006175703]]}, "properties": {"confidence": "high"}}, {"type": "Feature", "geometry": {"type": "LineString", "coordinates": [[-75.15117462883487, 39.954877605921006], [-75.15117462883487, 39.95483628967087], [-75.15116564568203, 39.95483628967087], [-75.15116564568203, 39.954863833840406], [-75.15112072991782, 39.954863833840406], [-75.15112072991782, 39.95487071988105], [-75.15116564568203, 39.95487071988105], [-75.15116564568203, 39.954877605921006], [-75.15117462883487, 39.954877605921006]]}, "properties": {"confidence": "high"}}, {"type": "Feature", "geometry": {"type": "LineString", "coordinates": [[-75.14946782979504, 39.95485006175703], [-75.14946782979504, 39.95483628967087], [-75.14945884664219, 39.95483628967087], [-75.14945884664219, 39.95485006175703], [-75.14946782979504, 39.95485006175703]]}, "properties": {"confidence": "high"}}, {"type": "Feature", "geometry": {"type": "LineString", "coordinates": [[-75.1509231005553, 39.954843175714295], [-75.1509231005553, 39.95483628967087], [-75.15089615109677, 39.95483628967087], [-75.15089615109677, 39.954843175714295], [-75.1509231005553, 39.954843175714295]]}, "properties": {"confidence": "high"}}, {"type": "Feature", "geometry": {"type": "LineString", "coordinates": [[-75.14896477323593, 39.954843175714295], [-75.14896477323593, 39.95482940362676], [-75.1489557900831, 39.95482940362676], [-75.1489557900831, 39.954843175714295], [-75.14896477323593, 39.954843175714295]]}, "properties": {"confidence": "high"}}, {"type": "Feature", "geometry": {"type": "LineString", "coordinates": [[-75.15089615109677, 39.95483628967087], [-75.15089615109677, 39.95482940362676], [-75.15080631956837, 39.95482940362676], [-75.15080631956837, 39.95483628967087], [-75.15089615109677, 39.95483628967087]]}, "properties": {"confidence": "high"}}, {"type": "Feature", "geometry": {"type": "LineString", "coordinates": [[-75.15441754701054, 39.95491203611038], [-75.15441754701054, 39.954822517581945], [-75.1544085638577, 39.954822517581945], [-75.1544085638577, 39.95491203611038], [-75.15441754701054, 39.95491203611038]]}, "properties": {"confidence": "high"}}, {"type": "Feature", "geometry": {"type": "LineString", "coordinates": [[-75.14809340741033, 39.95485694779906], [-75.14809340741033, 39.954822517581945], [-75.14808442425749, 39.954822517581945], [-75.14808442425749, 39.95485694779906], [-75.14809340741033, 39.95485694779906]]}, "properties": {"confidence": "high"}}, {"type": "Feature", "geometry": {"type": "LineString", "coordinates": [[-75.14947681294788, 39.95483628967087], [-75.14947681294788, 39.954822517581945], [-75.14946782979504, 39.954822517581945], [-75.14946782979504, 39.95483628967087], [-75.14947681294788, 39.95483628967087]]}, "properties": {"confidence": "high"}}, {"type": "Feature", "geometry": {"type": "LineString", "coordinates": [[-75.15080631956837, 39.95482940362676], [-75.15080631956837, 39.954822517581945], [-75.150770386957, 39.954822517581945], [-75.150770386957, 39.95482940362676], [-75.15080631956837, 39.95482940362676]]}, "properties": {"confidence": "high"}}, {"type": "Feature", "geometry": {"type": "LineString", "coordinates": [[-75.14897375638877, 39.95482940362676], [-75.14897375638877, 39.95481563153645], [-75.14896477323593, 39.95481563153645], [-75.14896477323593, 39.95482940362676], [-75.14897375638877, 39.95482940362676]]}, "properties": {"confidence": "high"}}, {"type": "Feature", "geometry": {"type": "LineString", "coordinates": [[-75.150770386957, 39.954822517581945], [-75.150770386957, 39.95481563153645], [-75.15070750488712, 39.95481563153645], [-75.15070750488712, 39.954822517581945], [-75.150770386957, 39.954822517581945]]}, "properties": {"confidence": "high"}}, {"type": "Feature", "geometry": {"type": "LineString", "coordinates": [[-75.1528185458048, 39.95485006175703], [-75.1528185458048, 39.954808745490254], [-75.15280956265197, 39.954808745490254], [-75.15280956265197, 39.95485006175703], [-75.1528185458048, 39.95485006175703]]}, "properties": {"confidence": "high"}}, {"type": "Feature", "geometry": {"type": "LineString", "coordinates": [[-75.14948579610072, 39.954822517581945], [-75.14948579610072, 39.954808745490254], [-75.14947681294788, 39.954808745490254], [-75.14947681294788, 39.954822517581945], [-75.14948579610072, 39.954822517581945]]}, "properties": {"confidence": "high"}}, {"type": "Feature", "geometry": {"type": "LineString", "coordinates": [[-75.15070750488712, 39.95481563153645], [-75.15070750488712, 39.954808745490254], [-75.15066258912292, 39.954808745490254], [-75.15066258912292, 39.95481563153645], [-75.15070750488712, 39.95481563153645]]}, "properties": {"confidence": "high"}}, {"type": "Feature", "geometry": {"type": "LineString", "coordinates": [[-75.15603451452195, 39.95487071988105], [-75.15603451452195, 39.954801859443364], [-75.1560255313691, 39.954801859443364], [-75.1560255313691, 39.95487071988105], [-75.15603451452195, 39.95487071988105]]}, "properties": {"confidence": "high"}}, {"type": "Feature", "geometry": {"type": "LineString", "coordinates": [[-75.14898273954161, 39.95481563153645], [-75.14898273954161, 39.954801859443364], [-75.14897375638877, 39.954801859443364], [-75.14897375638877, 39.95481563153645], [-75.14898273954161, 39.95481563153645]]}, "properties": {"confidence": "high"}}, {"type": "Feature", "geometry": {"type": "LineString", "coordinates": [[-75.15066258912292, 39.954808745490254], [-75.15066258912292, 39.954801859443364], [-75.15050987552462, 39.954801859443364], [-75.15050987552462, 39.954808745490254], [-75.15066258912292, 39.954808745490254]]}, "properties": {"confidence": "high"}}, {"type": "Feature", "geometry": {"type": "LineString", "coordinates": [[-75.14810239056318, 39.954822517581945], [-75.14810239056318, 39.954794973395785], [-75.14809340741033, 39.954794973395785], [-75.14809340741033, 39.954822517581945], [-75.14810239056318, 39.954822517581945]]}, "properties": {"confidence": "high"}}, {"type": "Feature", "geometry": {"type": "LineString", "coordinates": [[-75.15050987552462, 39.954801859443364], [-75.15050987552462, 39.954794973395785], [-75.15047394291325, 39.954794973395785], [-75.15047394291325, 39.954801859443364], [-75.15050987552462, 39.954801859443364]]}, "properties": {"confidence": "high"}}, {"type": "Feature", "geometry": {"type": "LineString", "coordinates": [[-75.14899172269445, 39.954801859443364], [-75.14899172269445, 39.954794973395785], [-75.14898273954161, 39.954794973395785], [-75.14898273954161, 39.954801859443364], [-75.14899172269445, 39.954801859443364]]}, "properties": {"confidence": "high"}}, {"type": "Feature", "geometry": {"type": "LineString", "coordinates": [[-75.1511836119877, 39.95483628967087], [-75.1511836119877, 39.95478808734751], [-75.15117462883487, 39.95478808734751], [-75.15117462883487, 39.95483628967087], [-75.1511836119877, 39.95483628967087]]}, "properties": {"confidence": "high"}}, {"type": "Feature", "geometry": {"type": "LineString", "coordinates": [[-75.15047394291325, 39.954794973395785], [-75.15047394291325, 39.95478808734751], [-75.15042902714904, 39.95478808734751], [-75.15042902714904, 39.954794973395785], [-75.15047394291325, 39.954794973395785]]}, "properties": {"confidence": "high"}}, {"type": "Feature", "geometry": {"type": "LineString", "coordinates": [[-75.14900070584729, 39.954794973395785], [-75.14900070584729, 39.95478120129854], [-75.14899172269445, 39.95478120129854], [-75.14899172269445, 39.954794973395785], [-75.14900070584729, 39.954794973395785]]}, "properties": {"confidence": "high"}}, {"type": "Feature", "geometry": {"type": "LineString", "coordinates": [[-75.15042902714904, 39.95478808734751], [-75.15042902714904, 39.95478120129854], [-75.1504200439962, 39.95478120129854], [-75.1504200439962, 39.95478808734751], [-75.15042902714904, 39.95478808734751]]}, "properties": {"confidence": "high"}}, {"type": "Feature", "geometry": {"type": "LineString", "coordinates": [[-75.1504200439962, 39.95478120129854], [-75.1504200439962, 39.95477431524887], [-75.15035716192631, 39.95477431524887], [-75.15035716192631, 39.95478120129854], [-75.1504200439962, 39.95478120129854]]}, "properties": {"confidence": "high"}}, {"type": "Feature", "geometry": {"type": "LineString", "coordinates": [[-75.15442653016338, 39.954822517581945], [-75.15442653016338, 39.95476742919852], [-75.15441754701054, 39.95476742919852], [-75.15441754701054, 39.954822517581945], [-75.15442653016338, 39.954822517581945]]}, "properties": {"confidence": "high"}}, {"type": "Feature", "geometry": {"type": "LineString", "coordinates": [[-75.14900968900014, 39.95478120129854], [-75.14900968900014, 39.95476742919852], [-75.14900070584729, 39.95476742919852], [-75.14900070584729, 39.95478120129854], [-75.14900968900014, 39.95478120129854]]}, "properties": {"confidence": "high"}}, {"type": "Feature", "geometry": {"type": "LineString", "coordinates": [[-75.15035716192631, 39.95477431524887], [-75.15035716192631, 39.95476742919852], [-75.1503122461621, 39.95476742919852], [-75.1503122461621, 39.95477431524887], [-75.15035716192631, 39.95477431524887]]}, "properties": {"confidence": "high"}}, {"type": "Feature", "geometry": {"type": "LineString", "coordinates": [[-75.1503122461621, 39.95476742919852], [-75.1503122461621, 39.95476054314747], [-75.1502673303979, 39.95476054314747], [-75.1502673303979, 39.95476742919852], [-75.1503122461621, 39.95476742919852]]}, "properties": {"confidence": "high"}}, {"type": "Feature", "geometry": {"type": "LineString", "coordinates": [[-75.14901867215298, 39.95476742919852], [-75.14901867215298, 39.95476054314747], [-75.14900968900014, 39.95476054314747], [-75.14900968900014, 39.95476742919852], [-75.14901867215298, 39.95476742919852]]}, "properties": {"confidence": "high"}}, {"type": "Feature", "geometry": {"type": "LineString", "coordinates": [[-75.15282752895764, 39.954808745490254], [-75.15282752895764, 39.95475365709573], [-75.1528185458048, 39.95475365709573], [-75.1528185458048, 39.954808745490254], [-75.15282752895764, 39.954808745490254]]}, "properties": {"confidence": "high"}}, {"type": "Feature", "geometry": {"type": "LineString", "coordinates": [[-75.1502673303979, 39.95476054314747], [-75.1502673303979, 39.95475365709573], [-75.15016851571664, 39.95475365709573], [-75.15016851571664, 39.95476054314747], [-75.1502673303979, 39.95476054314747]]}, "properties": {"confidence": "high"}}, {"type": "Feature", "geometry": {"type": "LineString", "coordinates": [[-75.1560434976748, 39.954801859443364], [-75.1560434976748, 39.95474677104329], [-75.15603451452195, 39.95474677104329], [-75.15603451452195, 39.954801859443364], [-75.1560434976748, 39.954801859443364]]}, "properties": {"confidence": "high"}}, {"type": "Feature", "geometry": {"type": "LineString", "coordinates": [[-75.14902765530582, 39.95476054314747], [-75.14902765530582, 39.95474677104329], [-75.14901867215298, 39.95474677104329], [-75.14901867215298, 39.95476054314747], [-75.14902765530582, 39.95476054314747]]}, "properties": {"confidence": "high"}}, {"type": "Feature", "geometry": {"type": "LineString", "coordinates": [[-75.15016851571664, 39.95475365709573], [-75.15016851571664, 39.95474677104329], [-75.15008766734108, 39.95474677104329], [-75.15008766734108, 39.95475365709573], [-75.15016851571664, 39.95475365709573]]}, "properties": {"confidence": "high"}}, {"type": "Feature", "geometry": {"type": "LineString", "coordinates": [[-75.14949477925356, 39.954808745490254], [-75.14949477925356, 39.95473988499016], [-75.14948579610072, 39.95473988499016], [-75.14948579610072, 39.954808745490254], [-75.14949477925356, 39.954808745490254]]}, "properties": {"confidence": "high"}}, {"type": "Feature", "geometry": {"type": "LineString", "coordinates": [[-75.15008766734108, 39.95474677104329], [-75.15008766734108, 39.95473988499016], [-75.15004275157688, 39.95473988499016], [-75.15004275157688, 39.95474677104329], [-75.15008766734108, 39.95474677104329]]}, "properties": {"confidence": "high"}}, {"type": "Feature", "geometry": {"type": "LineString", "coordinates": [[-75.14903663845865, 39.95474677104329], [-75.14903663845865, 39.95473988499016], [-75.14902765530582, 39.95473988499016], [-75.14902765530582, 39.95474677104329], [-75.14903663845865, 39.95474677104329]]}, "properties": {"confidence": "high"}}, {"type": "Feature", "geometry": {"type": "LineString", "coordinates": [[-75.15443551331622, 39.95476742919852], [-75.15443551331622, 39.95473299893634], [-75.15442653016338, 39.95473299893634], [-75.15442653016338, 39.95476742919852], [-75.15443551331622, 39.95476742919852]]}, "properties": {"confidence": "high"}}, {"type": "Feature", "geometry": {"type": "LineString", "coordinates": [[-75.15004275157688, 39.95473988499016], [-75.15004275157688, 39.95473299893634], [-75.15001580211835, 39.95473299893634], [-75.15001580211835, 39.95473988499016], [-75.15004275157688, 39.95473988499016]]}, "properties": {"confidence": "high"}}, {"type": "Feature", "geometry": {"type": "LineString", "coordinates": [[-75.14904562161149, 39.95473988499016], [-75.14904562161149, 39.95472611288183], [-75.14903663845865, 39.95472611288183], [-75.14903663845865, 39.95473988499016], [-75.14904562161149, 39.95473988499016]]}, "properties": {"confidence": "high"}}, {"type": "Feature", "geometry": {"type": "LineString", "coordinates": [[-75.15001580211835, 39.95473299893634], [-75.15001580211835, 39.95472611288183], [-75.14997986950699, 39.95472611288183], [-75.14997986950699, 39.95473299893634], [-75.15001580211835, 39.95473299893634]]}, "properties": {"confidence": "high"}}, {"type": "Feature", "geometry": {"type": "LineString", "coordinates": [[-75.15119259514054, 39.95478808734751], [-75.15119259514054, 39.95471922682662], [-75.1511836119877, 39.95471922682662], [-75.1511836119877, 39.95478808734751], [-75.15119259514054, 39.95478808734751]]}, "properties": {"confidence": "high"}}, {"type": "Feature", "geometry": {"type": "LineString", "coordinates": [[-75.14997986950699, 39.95472611288183], [-75.14997986950699, 39.95471922682662], [-75.14995292004846, 39.95471922682662], [-75.14995292004846, 39.95472611288183], [-75.14997986950699, 39.95472611288183]]}, "properties": {"confidence": "high"}}, {"type": "Feature", "geometry": {"type": "LineString", "coordinates": [[-75.14905460476434, 39.95472611288183], [-75.14905460476434, 39.95471922682662], [-75.14904562161149, 39.95471922682662], [-75.14904562161149, 39.95472611288183], [-75.14905460476434, 39.95472611288183]]}, "properties": {"confidence": "high"}}, {"type": "Feature", "geometry": {"type": "LineString", "coordinates": [[-75.1495037624064, 39.95473988499016], [-75.1495037624064, 39.95471234077072], [-75.14949477925356, 39.95471234077072], [-75.14949477925356, 39.95473988499016], [-75.1495037624064, 39.95473988499016]]}, "properties": {"confidence": "high"}}, {"type": "Feature", "geometry": {"type": "LineString", "coordinates": [[-75.14995292004846, 39.95471922682662], [-75.14995292004846, 39.95471234077072], [-75.14990800428426, 39.95471234077072], [-75.14990800428426, 39.95471922682662], [-75.14995292004846, 39.95471922682662]]}, "properties": {"confidence": "high"}}, {"type": "Feature", "geometry": {"type": "LineString", "coordinates": [[-75.14907257107002, 39.95471922682662], [-75.14907257107002, 39.95471234077072], [-75.14905460476434, 39.95471234077072], [-75.14905460476434, 39.95471922682662], [-75.14907257107002, 39.95471922682662]]}, "properties": {"confidence": "high"}}, {"type": "Feature", "geometry": {"type": "LineString", "coordinates": [[-75.14990800428426, 39.95471234077072], [-75.14990800428426, 39.95470545471412], [-75.14986308852005, 39.95470545471412], [-75.14986308852005, 39.95471234077072], [-75.14990800428426, 39.95471234077072]]}, "properties": {"confidence": "high"}}, {"type": "Feature", "geometry": {"type": "LineString", "coordinates": [[-75.14908155422286, 39.95471234077072], [-75.14908155422286, 39.95470545471412], [-75.14907257107002, 39.95470545471412], [-75.14907257107002, 39.95471234077072], [-75.14908155422286, 39.95471234077072]]}, "properties": {"confidence": "high"}}, {"type": "Feature", "geometry": {"type": "LineString", "coordinates": [[-75.15605248082764, 39.95474677104329], [-75.15605248082764, 39.95469856865683], [-75.1560434976748, 39.95469856865683], [-75.1560434976748, 39.95474677104329], [-75.15605248082764, 39.95474677104329]]}, "properties": {"confidence": "high"}}, {"type": "Feature", "geometry": {"type": "LineString", "coordinates": [[-75.14951274555924, 39.95471234077072], [-75.14951274555924, 39.95469856865683], [-75.1495037624064, 39.95469856865683], [-75.1495037624064, 39.95471234077072], [-75.14951274555924, 39.95471234077072]]}, "properties": {"confidence": "high"}}, {"type": "Feature", "geometry": {"type": "LineString", "coordinates": [[-75.14986308852005, 39.95470545471412], [-75.14986308852005, 39.95469856865683], [-75.14984512221437, 39.95469856865683], [-75.14984512221437, 39.95470545471412], [-75.14986308852005, 39.95470545471412]]}, "properties": {"confidence": "high"}}, {"type": "Feature", "geometry": {"type": "LineString", "coordinates": [[-75.14912646998707, 39.95470545471412], [-75.14912646998707, 39.95469856865683], [-75.14908155422286, 39.95469856865683], [-75.14908155422286, 39.95470545471412], [-75.14912646998707, 39.95470545471412]]}, "properties": {"confidence": "high"}}, {"type": "Feature", "geometry": {"type": "LineString", "coordinates": [[-75.14984512221437, 39.95469856865683], [-75.14984512221437, 39.954691682598856], [-75.149809189603, 39.954691682598856], [-75.149809189603, 39.95469856865683], [-75.14984512221437, 39.95469856865683]]}, "properties": {"confidence": "high"}}, {"type": "Feature", "geometry": {"type": "LineString", "coordinates": [[-75.14952172871209, 39.95469856865683], [-75.14952172871209, 39.954691682598856], [-75.14951274555924, 39.954691682598856], [-75.14951274555924, 39.95469856865683], [-75.14952172871209, 39.95469856865683]]}, "properties": {"confidence": "high"}}, {"type": "Feature", "geometry": {"type": "LineString", "coordinates": [[-75.14918935205695, 39.95469856865683], [-75.14918935205695, 39.954691682598856], [-75.14912646998707, 39.954691682598856], [-75.14912646998707, 39.95469856865683], [-75.14918935205695, 39.95469856865683]]}, "properties": {"confidence": "high"}}, {"type": "Feature", "geometry": {"type": "LineString", "coordinates": [[-75.15283651211048, 39.95475365709573], [-75.15283651211048, 39.95468479654018], [-75.15282752895764, 39.95468479654018], [-75.15282752895764, 39.95475365709573], [-75.15283651211048, 39.95475365709573]]}, "properties": {"confidence": "high"}}, {"type": "Feature", "geometry": {"type": "LineString", "coordinates": [[-75.15444449646907, 39.95473299893634], [-75.15444449646907, 39.95468479654018], [-75.15443551331622, 39.95468479654018], [-75.15443551331622, 39.95473299893634], [-75.15444449646907, 39.95473299893634]]}, "properties": {"confidence": "high"}}, {"type": "Feature", "geometry": {"type": "LineString", "coordinates": [[-75.149809189603, 39.954691682598856], [-75.149809189603, 39.95468479654018], [-75.14955766132344, 39.95468479654018], [-75.14955766132344, 39.954691682598856], [-75.149809189603, 39.954691682598856]]}, "properties": {"confidence": "high"}}, {"type": "Feature", "geometry": {"type": "LineString", "coordinates": [[-75.14920731836264, 39.954691682598856], [-75.14920731836264, 39.95468479654018], [-75.14918935205695, 39.95468479654018], [-75.14918935205695, 39.954691682598856], [-75.14920731836264, 39.954691682598856]]}, "properties": {"confidence": "high"}}, {"type": "Feature", "geometry": {"type": "LineString", "coordinates": [[-75.14923426782117, 39.95468479654018], [-75.14923426782117, 39.95467791048081], [-75.14920731836264, 39.95467791048081], [-75.14920731836264, 39.95468479654018], [-75.14923426782117, 39.95468479654018]]}, "properties": {"confidence": "high"}}, {"type": "Feature", "geometry": {"type": "LineString", "coordinates": [[-75.14924325097401, 39.95467791048081], [-75.14924325097401, 39.95467102442075], [-75.14923426782117, 39.95467102442075], [-75.14923426782117, 39.95467791048081], [-75.14924325097401, 39.95467791048081]]}, "properties": {"confidence": "high"}}, {"type": "Feature", "geometry": {"type": "LineString", "coordinates": [[-75.14925223412685, 39.95467102442075], [-75.14925223412685, 39.954664138359995], [-75.14924325097401, 39.954664138359995], [-75.14924325097401, 39.95467102442075], [-75.14925223412685, 39.95467102442075]]}, "properties": {"confidence": "high"}}, {"type": "Feature", "geometry": {"type": "LineString", "coordinates": [[-75.15606146398048, 39.95469856865683], [-75.15606146398048, 39.954657252298546], [-75.15605248082764, 39.954657252298546], [-75.15605248082764, 39.95469856865683], [-75.15606146398048, 39.95469856865683]]}, "properties": {"confidence": "high"}}, {"type": "Feature", "geometry": {"type": "LineString", "coordinates": [[-75.14926121727969, 39.954664138359995], [-75.14926121727969, 39.954657252298546], [-75.14925223412685, 39.954657252298546], [-75.14925223412685, 39.954664138359995], [-75.14926121727969, 39.954664138359995]]}, "properties": {"confidence": "high"}}, {"type": "Feature", "geometry": {"type": "LineString", "coordinates": [[-75.14927020043254, 39.954657252298546], [-75.14927020043254, 39.95465036623641], [-75.14926121727969, 39.95465036623641], [-75.14926121727969, 39.954657252298546], [-75.14927020043254, 39.954657252298546]]}, "properties": {"confidence": "high"}}, {"type": "Feature", "geometry": {"type": "LineString", "coordinates": [[-75.1544534796219, 39.95468479654018], [-75.1544534796219, 39.95464348017357], [-75.15444449646907, 39.95464348017357], [-75.15444449646907, 39.95468479654018], [-75.1544534796219, 39.95468479654018]]}, "properties": {"confidence": "high"}}, {"type": "Feature", "geometry": {"type": "LineString", "coordinates": [[-75.14927918358538, 39.95465036623641], [-75.14927918358538, 39.95464348017357], [-75.14927020043254, 39.95464348017357], [-75.14927020043254, 39.95465036623641], [-75.14927918358538, 39.95465036623641]]}, "properties": {"confidence": "high"}}, {"type": "Feature", "geometry": {"type": "LineString", "coordinates": [[-75.14953071186493, 39.954691682598856], [-75.14953071186493, 39.95468479654018], [-75.14955766132344, 39.95468479654018], [-75.14955766132344, 39.95467791048081], [-75.14953071186493, 39.95467791048081], [-75.14953071186493, 39.95463659411004], [-75.14949477925356, 39.95463659411004], [-75.14949477925356, 39.95464348017357], [-75.14952172871209, 39.95464348017357], [-75.14952172871209, 39.954691682598856], [-75.14953071186493, 39.954691682598856]]}, "properties": {"confidence": "high"}}, {"type": "Feature", "geometry": {"type": "LineString", "coordinates": [[-75.15284549526332, 39.95468479654018], [-75.15284549526332, 39.95462970804582], [-75.15283651211048, 39.95462970804582], [-75.15283651211048, 39.95468479654018], [-75.15284549526332, 39.95468479654018]]}, "properties": {"confidence": "high"}}, {"type": "Feature", "geometry": {"type": "LineString", "coordinates": [[-75.14928816673822, 39.95464348017357], [-75.14928816673822, 39.95463659411004], [-75.14949477925356, 39.95463659411004], [-75.14949477925356, 39.95462970804582], [-75.14927918358538, 39.95462970804582], [-75.14927918358538, 39.95464348017357], [-75.14928816673822, 39.95464348017357]]}, "properties": {"confidence": "high"}}, {"type": "Feature", "geometry": {"type": "LineString", "coordinates": [[-75.15607044713332, 39.954657252298546], [-75.15607044713332, 39.9546228219809], [-75.15606146398048, 39.9546228219809], [-75.15606146398048, 39.954657252298546], [-75.15607044713332, 39.954657252298546]]}, "properties": {"confidence": "high"}}, {"type": "Feature", "geometry": {"type": "LineString", "coordinates": [[-75.14953969501776, 39.95463659411004], [-75.14953969501776, 39.9546228219809], [-75.14953071186493, 39.9546228219809], [-75.14953071186493, 39.95463659411004], [-75.14953969501776, 39.95463659411004]]}, "properties": {"confidence": "high"}}, {"type": "Feature", "geometry": {"type": "LineString", "coordinates": [[-75.14927918358538, 39.95462970804582], [-75.14927918358538, 39.9546228219809], [-75.14927020043254, 39.9546228219809], [-75.14927020043254, 39.95462970804582], [-75.14927918358538, 39.95462970804582]]}, "properties": {"confidence": "high"}}, {"type": "Feature", "geometry": {"type": "LineString", "coordinates": [[-75.15120157829338, 39.95471922682662], [-75.15120157829338, 39.95461593591529], [-75.15119259514054, 39.95461593591529], [-75.15119259514054, 39.95471922682662], [-75.15120157829338, 39.95471922682662]]}, "properties": {"confidence": "high"}}, {"type": "Feature", "geometry": {"type": "LineString", "coordinates": [[-75.1495486781706, 39.9546228219809], [-75.1495486781706, 39.954609049849], [-75.14953969501776, 39.954609049849], [-75.14953969501776, 39.9546228219809], [-75.1495486781706, 39.9546228219809]]}, "properties": {"confidence": "high"}}, {"type": "Feature", "geometry": {"type": "LineString", "coordinates": [[-75.14927020043254, 39.9546228219809], [-75.14927020043254, 39.954609049849], [-75.14926121727969, 39.954609049849], [-75.14926121727969, 39.9546228219809], [-75.14927020043254, 39.9546228219809]]}, "properties": {"confidence": "high"}}, {"type": "Feature", "geometry": {"type": "LineString", "coordinates": [[-75.15446246277475, 39.95464348017357], [-75.15446246277475, 39.954602163782], [-75.1544534796219, 39.954602163782], [-75.1544534796219, 39.95464348017357], [-75.15446246277475, 39.95464348017357]]}, "properties": {"confidence": "high"}}, {"type": "Feature", "geometry": {"type": "LineString", "coordinates": [[-75.14926121727969, 39.954609049849], [-75.14926121727969, 39.954602163782], [-75.14925223412685, 39.954602163782], [-75.14925223412685, 39.954609049849], [-75.14926121727969, 39.954609049849]]}, "properties": {"confidence": "high"}}, {"type": "Feature", "geometry": {"type": "LineString", "coordinates": [[-75.14925223412685, 39.954602163782], [-75.14925223412685, 39.95459527771431], [-75.14924325097401, 39.95459527771431], [-75.14924325097401, 39.954602163782], [-75.14925223412685, 39.954602163782]]}, "properties": {"confidence": "high"}}, {"type": "Feature", "geometry": {"type": "LineString", "coordinates": [[-75.156654352068, 39.95459527771431], [-75.156654352068, 39.95458839164593], [-75.15664536891515, 39.95458839164593], [-75.15664536891515, 39.95459527771431], [-75.156654352068, 39.95459527771431]]}, "properties": {"confidence": "high"}}, {"type": "Feature", "geometry": {"type": "LineString", "coordinates": [[-75.14924325097401, 39.95459527771431], [-75.14924325097401, 39.95458839164593], [-75.14923426782117, 39.95458839164593], [-75.14923426782117, 39.95459527771431], [-75.14924325097401, 39.95459527771431]]}, "properties": {"confidence": "high"}}, {"type": "Feature", "geometry": {"type": "LineString", "coordinates": [[-75.15664536891515, 39.95458839164593], [-75.15664536891515, 39.954581505576854], [-75.15663638576231, 39.954581505576854], [-75.15663638576231, 39.95458839164593], [-75.15664536891515, 39.95458839164593]]}, "properties": {"confidence": "high"}}, {"type": "Feature", "geometry": {"type": "LineString", "coordinates": [[-75.14923426782117, 39.95458839164593], [-75.14923426782117, 39.954581505576854], [-75.14922528466832, 39.954581505576854], [-75.14922528466832, 39.95458839164593], [-75.14923426782117, 39.95458839164593]]}, "properties": {"confidence": "high"}}, {"type": "Feature", "geometry": {"type": "LineString", "coordinates": [[-75.14955766132344, 39.954609049849], [-75.14955766132344, 39.95457461950709], [-75.1495486781706, 39.95457461950709], [-75.1495486781706, 39.954609049849], [-75.14955766132344, 39.954609049849]]}, "properties": {"confidence": "high"}}, {"type": "Feature", "geometry": {"type": "LineString", "coordinates": [[-75.14922528466832, 39.954581505576854], [-75.14922528466832, 39.95457461950709], [-75.14920731836264, 39.95457461950709], [-75.14920731836264, 39.954581505576854], [-75.14922528466832, 39.954581505576854]]}, "properties": {"confidence": "high"}}, {"type": "Feature", "geometry": {"type": "LineString", "coordinates": [[-75.15663638576231, 39.954581505576854], [-75.15663638576231, 39.954567733436626], [-75.15662740260947, 39.954567733436626], [-75.15662740260947, 39.954581505576854], [-75.15663638576231, 39.954581505576854]]}, "properties": {"confidence": "high"}}, {"type": "Feature", "geometry": {"type": "LineString", "coordinates": [[-75.14920731836264, 39.95457461950709], [-75.14920731836264, 39.954567733436626], [-75.14916240259844, 39.954567733436626], [-75.14916240259844, 39.95457461950709], [-75.14920731836264, 39.95457461950709]]}, "properties": {"confidence": "high"}}, {"type": "Feature", "geometry": {"type": "LineString", "coordinates": [[-75.15447144592758, 39.954602163782], [-75.15447144592758, 39.954560847365464], [-75.15446246277475, 39.954560847365464], [-75.15446246277475, 39.954602163782], [-75.15447144592758, 39.954602163782]]}, "properties": {"confidence": "high"}}, {"type": "Feature", "geometry": {"type": "LineString", "coordinates": [[-75.15662740260947, 39.954567733436626], [-75.15662740260947, 39.954560847365464], [-75.15661841945663, 39.954560847365464], [-75.15661841945663, 39.954567733436626], [-75.15662740260947, 39.954567733436626]]}, "properties": {"confidence": "high"}}, {"type": "Feature", "geometry": {"type": "LineString", "coordinates": [[-75.14916240259844, 39.954567733436626], [-75.14916240259844, 39.954560847365464], [-75.14912646998707, 39.954560847365464], [-75.14912646998707, 39.954567733436626], [-75.14916240259844, 39.954567733436626]]}, "properties": {"confidence": "high"}}, {"type": "Feature", "geometry": {"type": "LineString", "coordinates": [[-75.15121056144623, 39.95461593591529], [-75.15121056144623, 39.95455396129362], [-75.15120157829338, 39.95455396129362], [-75.15120157829338, 39.95461593591529], [-75.15121056144623, 39.95461593591529]]}, "properties": {"confidence": "high"}}, {"type": "Feature", "geometry": {"type": "LineString", "coordinates": [[-75.14912646998707, 39.954560847365464], [-75.14912646998707, 39.95455396129362], [-75.14908155422286, 39.95455396129362], [-75.14908155422286, 39.954560847365464], [-75.14912646998707, 39.954560847365464]]}, "properties": {"confidence": "high"}}, {"type": "Feature", "geometry": {"type": "LineString", "coordinates": [[-75.14811137371602, 39.954794973395785], [-75.14811137371602, 39.95454707522107], [-75.14810239056318, 39.95454707522107], [-75.14810239056318, 39.954794973395785], [-75.14811137371602, 39.954794973395785]]}, "properties": {"confidence": "high"}}, {"type": "Feature", "geometry": {"type": "LineString", "coordinates": [[-75.15285447841617, 39.95462970804582], [-75.15285447841617, 39.95454707522107], [-75.15284549526332, 39.95454707522107], [-75.15284549526332, 39.95462970804582], [-75.15285447841617, 39.95462970804582]]}, "properties": {"confidence": "high"}}, {"type": "Feature", "geometry": {"type": "LineString", "coordinates": [[-75.15661841945663, 39.954560847365464], [-75.15661841945663, 39.95454707522107], [-75.1566094363038, 39.95454707522107], [-75.1566094363038, 39.954560847365464], [-75.15661841945663, 39.954560847365464]]}, "properties": {"confidence": "high"}}, {"type": "Feature", "geometry": {"type": "LineString", "coordinates": [[-75.14908155422286, 39.95455396129362], [-75.14908155422286, 39.95454707522107], [-75.14904562161149, 39.95454707522107], [-75.14904562161149, 39.95455396129362], [-75.14908155422286, 39.95455396129362]]}, "properties": {"confidence": "high"}}, {"type": "Feature", "geometry": {"type": "LineString", "coordinates": [[-75.15607943028616, 39.9546228219809], [-75.15607943028616, 39.95454018914784], [-75.15607044713332, 39.95454018914784], [-75.15607044713332, 39.9546228219809], [-75.15607943028616, 39.9546228219809]]}, "properties": {"confidence": "high"}}, {"type": "Feature", "geometry": {"type": "LineString", "coordinates": [[-75.1566094363038, 39.95454707522107], [-75.1566094363038, 39.95454018914784], [-75.15660045315094, 39.95454018914784], [-75.15660045315094, 39.95454707522107], [-75.1566094363038, 39.95454707522107]]}, "properties": {"confidence": "high"}}, {"type": "Feature", "geometry": {"type": "LineString", "coordinates": [[-75.14904562161149, 39.95454707522107], [-75.14904562161149, 39.95454018914784], [-75.14900070584729, 39.95454018914784], [-75.14900070584729, 39.95454707522107], [-75.14904562161149, 39.95454707522107]]}, "properties": {"confidence": "high"}}, {"type": "Feature", "geometry": {"type": "LineString", "coordinates": [[-75.15660045315094, 39.95454018914784], [-75.15660045315094, 39.95453330307391], [-75.15656452053958, 39.95453330307391], [-75.15656452053958, 39.95454018914784], [-75.15660045315094, 39.95454018914784]]}, "properties": {"confidence": "high"}}, {"type": "Feature", "geometry": {"type": "LineString", "coordinates": [[-75.14900070584729, 39.95454018914784], [-75.14900070584729, 39.95453330307391], [-75.14894680693024, 39.95453330307391], [-75.14894680693024, 39.95454018914784], [-75.14900070584729, 39.95454018914784]]}, "properties": {"confidence": "high"}}, {"type": "Feature", "geometry": {"type": "LineString", "coordinates": [[-75.15656452053958, 39.95453330307391], [-75.15656452053958, 39.95452641699929], [-75.15649265531685, 39.95452641699929], [-75.15649265531685, 39.95453330307391], [-75.15656452053958, 39.95453330307391]]}, "properties": {"confidence": "high"}}, {"type": "Feature", "geometry": {"type": "LineString", "coordinates": [[-75.14894680693024, 39.95453330307391], [-75.14894680693024, 39.95452641699929], [-75.1488929080132, 39.95452641699929], [-75.1488929080132, 39.95453330307391], [-75.14894680693024, 39.95453330307391]]}, "properties": {"confidence": "high"}}, {"type": "Feature", "geometry": {"type": "LineString", "coordinates": [[-75.15448042908042, 39.954560847365464], [-75.15448042908042, 39.954519530923974], [-75.15447144592758, 39.954519530923974], [-75.15447144592758, 39.954560847365464], [-75.15448042908042, 39.954560847365464]]}, "properties": {"confidence": "high"}}, {"type": "Feature", "geometry": {"type": "LineString", "coordinates": [[-75.14812035686886, 39.95454707522107], [-75.14812035686886, 39.954519530923974], [-75.14811137371602, 39.954519530923974], [-75.14811137371602, 39.95454707522107], [-75.14812035686886, 39.95454707522107]]}, "properties": {"confidence": "high"}}, {"type": "Feature", "geometry": {"type": "LineString", "coordinates": [[-75.15649265531685, 39.95452641699929], [-75.15649265531685, 39.954519530923974], [-75.1564387563998, 39.954519530923974], [-75.1564387563998, 39.95452641699929], [-75.15649265531685, 39.95452641699929]]}, "properties": {"confidence": "high"}}, {"type": "Feature", "geometry": {"type": "LineString", "coordinates": [[-75.1488929080132, 39.95452641699929], [-75.1488929080132, 39.954519530923974], [-75.14883900909615, 39.954519530923974], [-75.14883900909615, 39.95452641699929], [-75.1488929080132, 39.95452641699929]]}, "properties": {"confidence": "high"}}, {"type": "Feature", "geometry": {"type": "LineString", "coordinates": [[-75.1564387563998, 39.954519530923974], [-75.1564387563998, 39.95451264484797], [-75.15638485748275, 39.95451264484797], [-75.15638485748275, 39.954519530923974], [-75.1564387563998, 39.954519530923974]]}, "properties": {"confidence": "high"}}, {"type": "Feature", "geometry": {"type": "LineString", "coordinates": [[-75.14883900909615, 39.954519530923974], [-75.14883900909615, 39.95451264484797], [-75.14879409333194, 39.95451264484797], [-75.14879409333194, 39.954519530923974], [-75.14883900909615, 39.954519530923974]]}, "properties": {"confidence": "high"}}, {"type": "Feature", "geometry": {"type": "LineString", "coordinates": [[-75.15121954459907, 39.95455396129362], [-75.15121954459907, 39.95450575877127], [-75.15121056144623, 39.95450575877127], [-75.15121056144623, 39.95455396129362], [-75.15121954459907, 39.95455396129362]]}, "properties": {"confidence": "high"}}, {"type": "Feature", "geometry": {"type": "LineString", "coordinates": [[-75.15608841343901, 39.95454018914784], [-75.15608841343901, 39.95450575877127], [-75.15607943028616, 39.95450575877127], [-75.15607943028616, 39.95454018914784], [-75.15608841343901, 39.95454018914784]]}, "properties": {"confidence": "high"}}, {"type": "Feature", "geometry": {"type": "LineString", "coordinates": [[-75.15638485748275, 39.95451264484797], [-75.15638485748275, 39.95450575877127], [-75.15631299226003, 39.95450575877127], [-75.15631299226003, 39.95451264484797], [-75.15638485748275, 39.95451264484797]]}, "properties": {"confidence": "high"}}, {"type": "Feature", "geometry": {"type": "LineString", "coordinates": [[-75.14879409333194, 39.95451264484797], [-75.14879409333194, 39.95450575877127], [-75.1487401944149, 39.95450575877127], [-75.1487401944149, 39.95451264484797], [-75.14879409333194, 39.95451264484797]]}, "properties": {"confidence": "high"}}, {"type": "Feature", "geometry": {"type": "LineString", "coordinates": [[-75.15286346156901, 39.95454707522107], [-75.15286346156901, 39.95449887269387], [-75.15285447841617, 39.95449887269387], [-75.15285447841617, 39.95454707522107], [-75.15286346156901, 39.95454707522107]]}, "properties": {"confidence": "high"}}, {"type": "Feature", "geometry": {"type": "LineString", "coordinates": [[-75.15631299226003, 39.95450575877127], [-75.15631299226003, 39.95449887269387], [-75.1562411270373, 39.95449887269387], [-75.1562411270373, 39.95450575877127], [-75.15631299226003, 39.95450575877127]]}, "properties": {"confidence": "high"}}, {"type": "Feature", "geometry": {"type": "LineString", "coordinates": [[-75.1487401944149, 39.95450575877127], [-75.1487401944149, 39.95449887269387], [-75.14870426180354, 39.95449887269387], [-75.14870426180354, 39.95450575877127], [-75.1487401944149, 39.95450575877127]]}, "properties": {"confidence": "high"}}, {"type": "Feature", "geometry": {"type": "LineString", "coordinates": [[-75.14811137371602, 39.954519530923974], [-75.14811137371602, 39.95450575877127], [-75.1481293400217, 39.95450575877127], [-75.1481293400217, 39.95449887269387], [-75.14810239056318, 39.95449887269387], [-75.14810239056318, 39.954519530923974], [-75.14811137371602, 39.954519530923974]]}, "properties": {"confidence": "high"}}, {"type": "Feature", "geometry": {"type": "LineString", "coordinates": [[-75.15448941223326, 39.954519530923974], [-75.15448941223326, 39.954491986615785], [-75.15448042908042, 39.954491986615785], [-75.15448042908042, 39.954519530923974], [-75.15448941223326, 39.954519530923974]]}, "properties": {"confidence": "high"}}, {"type": "Feature", "geometry": {"type": "LineString", "coordinates": [[-75.1562411270373, 39.95449887269387], [-75.1562411270373, 39.954491986615785], [-75.15612434605036, 39.954491986615785], [-75.15612434605036, 39.95449887269387], [-75.1562411270373, 39.95449887269387]]}, "properties": {"confidence": "high"}}, {"type": "Feature", "geometry": {"type": "LineString", "coordinates": [[-75.14870426180354, 39.95449887269387], [-75.14870426180354, 39.954491986615785], [-75.14862341342796, 39.954491986615785], [-75.14862341342796, 39.95449887269387], [-75.14870426180354, 39.95449887269387]]}, "properties": {"confidence": "high"}}, {"type": "Feature", "geometry": {"type": "LineString", "coordinates": [[-75.14813832317455, 39.95449887269387], [-75.14813832317455, 39.954491986615785], [-75.1481293400217, 39.954491986615785], [-75.1481293400217, 39.95449887269387], [-75.14813832317455, 39.95449887269387]]}, "properties": {"confidence": "high"}}, {"type": "Feature", "geometry": {"type": "LineString", "coordinates": [[-75.14810239056318, 39.95449887269387], [-75.14810239056318, 39.954491986615785], [-75.14809340741033, 39.954491986615785], [-75.14809340741033, 39.95449887269387], [-75.14810239056318, 39.95449887269387]]}, "properties": {"confidence": "high"}}, {"type": "Feature", "geometry": {"type": "LineString", "coordinates": [[-75.14956664447628, 39.95457461950709], [-75.14956664447628, 39.954485100537006], [-75.14955766132344, 39.954485100537006], [-75.14955766132344, 39.95457461950709], [-75.14956664447628, 39.95457461950709]]}, "properties": {"confidence": "high"}}, {"type": "Feature", "geometry": {"type": "LineString", "coordinates": [[-75.14862341342796, 39.954491986615785], [-75.14862341342796, 39.954485100537006], [-75.14856951451091, 39.954485100537006], [-75.14856951451091, 39.954491986615785], [-75.14862341342796, 39.954491986615785]]}, "properties": {"confidence": "high"}}, {"type": "Feature", "geometry": {"type": "LineString", "coordinates": [[-75.14815628948023, 39.954491986615785], [-75.14815628948023, 39.954485100537006], [-75.14813832317455, 39.954485100537006], [-75.14813832317455, 39.954491986615785], [-75.14815628948023, 39.954491986615785]]}, "properties": {"confidence": "high"}}, {"type": "Feature", "geometry": {"type": "LineString", "coordinates": [[-75.15607943028616, 39.954485100537006], [-75.15607943028616, 39.95447821445753], [-75.1560434976748, 39.95447821445753], [-75.1560434976748, 39.954485100537006], [-75.15607943028616, 39.954485100537006]]}, "properties": {"confidence": "high"}}, {"type": "Feature", "geometry": {"type": "LineString", "coordinates": [[-75.14856951451091, 39.954485100537006], [-75.14856951451091, 39.95447821445753], [-75.1485425650524, 39.95447821445753], [-75.1485425650524, 39.954485100537006], [-75.14856951451091, 39.954485100537006]]}, "properties": {"confidence": "high"}}, {"type": "Feature", "geometry": {"type": "LineString", "coordinates": [[-75.14816527263307, 39.954485100537006], [-75.14816527263307, 39.95447821445753], [-75.14815628948023, 39.95447821445753], [-75.14815628948023, 39.954485100537006], [-75.14816527263307, 39.954485100537006]]}, "properties": {"confidence": "high"}}, {"type": "Feature", "geometry": {"type": "LineString", "coordinates": [[-75.14809340741033, 39.954491986615785], [-75.14809340741033, 39.954471328377366], [-75.14808442425749, 39.954471328377366], [-75.14808442425749, 39.954491986615785], [-75.14809340741033, 39.954491986615785]]}, "properties": {"confidence": "high"}}, {"type": "Feature", "geometry": {"type": "LineString", "coordinates": [[-75.1560434976748, 39.95447821445753], [-75.1560434976748, 39.954471328377366], [-75.15597163245205, 39.954471328377366], [-75.15597163245205, 39.95447821445753], [-75.1560434976748, 39.95447821445753]]}, "properties": {"confidence": "high"}}, {"type": "Feature", "geometry": {"type": "LineString", "coordinates": [[-75.1485425650524, 39.95447821445753], [-75.1485425650524, 39.954471328377366], [-75.14850663244103, 39.954471328377366], [-75.14850663244103, 39.95447821445753], [-75.1485425650524, 39.95447821445753]]}, "properties": {"confidence": "high"}}, {"type": "Feature", "geometry": {"type": "LineString", "coordinates": [[-75.1481742557859, 39.95447821445753], [-75.1481742557859, 39.954471328377366], [-75.14816527263307, 39.954471328377366], [-75.14816527263307, 39.95447821445753], [-75.1481742557859, 39.95447821445753]]}, "properties": {"confidence": "high"}}, {"type": "Feature", "geometry": {"type": "LineString", "coordinates": [[-75.15122852775191, 39.95450575877127], [-75.15122852775191, 39.9544644422965], [-75.15121954459907, 39.9544644422965], [-75.15121954459907, 39.95450575877127], [-75.15122852775191, 39.95450575877127]]}, "properties": {"confidence": "high"}}, {"type": "Feature", "geometry": {"type": "LineString", "coordinates": [[-75.15287244472185, 39.95449887269387], [-75.15287244472185, 39.9544644422965], [-75.15286346156901, 39.9544644422965], [-75.15286346156901, 39.95449887269387], [-75.15287244472185, 39.95449887269387]]}, "properties": {"confidence": "high"}}, {"type": "Feature", "geometry": {"type": "LineString", "coordinates": [[-75.15597163245205, 39.954471328377366], [-75.15597163245205, 39.9544644422965], [-75.15590875038217, 39.9544644422965], [-75.15590875038217, 39.954471328377366], [-75.15597163245205, 39.954471328377366]]}, "properties": {"confidence": "high"}}, {"type": "Feature", "geometry": {"type": "LineString", "coordinates": [[-75.14850663244103, 39.954471328377366], [-75.14850663244103, 39.9544644422965], [-75.14843476721829, 39.9544644422965], [-75.14843476721829, 39.954471328377366], [-75.14850663244103, 39.954471328377366]]}, "properties": {"confidence": "high"}}, {"type": "Feature", "geometry": {"type": "LineString", "coordinates": [[-75.1481922220916, 39.954471328377366], [-75.1481922220916, 39.9544644422965], [-75.1481742557859, 39.9544644422965], [-75.1481742557859, 39.954471328377366], [-75.1481922220916, 39.954471328377366]]}, "properties": {"confidence": "high"}}, {"type": "Feature", "geometry": {"type": "LineString", "coordinates": [[-75.15590875038217, 39.9544644422965], [-75.15590875038217, 39.95445755621494], [-75.15585485146512, 39.95445755621494], [-75.15585485146512, 39.9544644422965], [-75.15590875038217, 39.9544644422965]]}, "properties": {"confidence": "high"}}, {"type": "Feature", "geometry": {"type": "LineString", "coordinates": [[-75.14843476721829, 39.9544644422965], [-75.14843476721829, 39.95445755621494], [-75.1483718851484, 39.95445755621494], [-75.1483718851484, 39.9544644422965], [-75.14843476721829, 39.9544644422965]]}, "properties": {"confidence": "high"}}, {"type": "Feature", "geometry": {"type": "LineString", "coordinates": [[-75.14824612100864, 39.9544644422965], [-75.14824612100864, 39.95445755621494], [-75.1481922220916, 39.95445755621494], [-75.1481922220916, 39.9544644422965], [-75.14824612100864, 39.9544644422965]]}, "properties": {"confidence": "high"}}, {"type": "Feature", "geometry": {"type": "LineString", "coordinates": [[-75.14957562762913, 39.954485100537006], [-75.14957562762913, 39.954450670132694], [-75.14956664447628, 39.954450670132694], [-75.14956664447628, 39.954485100537006], [-75.14957562762913, 39.954485100537006]]}, "properties": {"confidence": "high"}}, {"type": "Feature", "geometry": {"type": "LineString", "coordinates": [[-75.15585485146512, 39.95445755621494], [-75.15585485146512, 39.954450670132694], [-75.15580095254808, 39.954450670132694], [-75.15580095254808, 39.95445755621494], [-75.15585485146512, 39.95445755621494]]}, "properties": {"confidence": "high"}}, {"type": "Feature", "geometry": {"type": "LineString", "coordinates": [[-75.1483718851484, 39.95445755621494], [-75.1483718851484, 39.954450670132694], [-75.14824612100864, 39.954450670132694], [-75.14824612100864, 39.95445755621494], [-75.1483718851484, 39.95445755621494]]}, "properties": {"confidence": "high"}}, {"type": "Feature", "geometry": {"type": "LineString", "coordinates": [[-75.15580095254808, 39.954450670132694], [-75.15580095254808, 39.95444378404976], [-75.1557380704782, 39.95444378404976], [-75.1557380704782, 39.954450670132694], [-75.15580095254808, 39.954450670132694]]}, "properties": {"confidence": "high"}}, {"type": "Feature", "geometry": {"type": "LineString", "coordinates": [[-75.15609739659185, 39.95450575877127], [-75.15609739659185, 39.954491986615785], [-75.15612434605036, 39.954491986615785], [-75.15612434605036, 39.954485100537006], [-75.15611536289752, 39.954485100537006], [-75.15611536289752, 39.954436897966126], [-75.15610637974468, 39.954436897966126], [-75.15610637974468, 39.954485100537006], [-75.15607943028616, 39.954485100537006], [-75.15607943028616, 39.954491986615785], [-75.15608841343901, 39.954491986615785], [-75.15608841343901, 39.95450575877127], [-75.15609739659185, 39.95450575877127]]}, "properties": {"confidence": "high"}}, {"type": "Feature", "geometry": {"type": "LineString", "coordinates": [[-75.15449839538611, 39.954491986615785], [-75.15449839538611, 39.954436897966126], [-75.15448941223326, 39.954436897966126], [-75.15448941223326, 39.954491986615785], [-75.15449839538611, 39.954491986615785]]}, "properties": {"confidence": "high"}}, {"type": "Feature", "geometry": {"type": "LineString", "coordinates": [[-75.1557380704782, 39.95444378404976], [-75.1557380704782, 39.954436897966126], [-75.15568417156115, 39.954436897966126], [-75.15568417156115, 39.95444378404976], [-75.1557380704782, 39.95444378404976]]}, "properties": {"confidence": "high"}}, {"type": "Feature", "geometry": {"type": "LineString", "coordinates": [[-75.15288142787469, 39.9544644422965], [-75.15288142787469, 39.95443001188179], [-75.15287244472185, 39.95443001188179], [-75.15287244472185, 39.9544644422965], [-75.15288142787469, 39.9544644422965]]}, "properties": {"confidence": "high"}}, {"type": "Feature", "geometry": {"type": "LineString", "coordinates": [[-75.15568417156115, 39.954436897966126], [-75.15568417156115, 39.95443001188179], [-75.15562128949125, 39.95443001188179], [-75.15562128949125, 39.954436897966126], [-75.15568417156115, 39.954436897966126]]}, "properties": {"confidence": "high"}}, {"type": "Feature", "geometry": {"type": "LineString", "coordinates": [[-75.15562128949125, 39.95443001188179], [-75.15562128949125, 39.95442312579677], [-75.1555673905742, 39.95442312579677], [-75.1555673905742, 39.95443001188179], [-75.15562128949125, 39.95443001188179]]}, "properties": {"confidence": "high"}}, {"type": "Feature", "geometry": {"type": "LineString", "coordinates": [[-75.1555673905742, 39.95442312579677], [-75.1555673905742, 39.95441623971106], [-75.15549552535148, 39.95441623971106], [-75.15549552535148, 39.95442312579677], [-75.1555673905742, 39.95442312579677]]}, "properties": {"confidence": "high"}}, {"type": "Feature", "geometry": {"type": "LineString", "coordinates": [[-75.15123751090475, 39.9544644422965], [-75.15123751090475, 39.95440935362465], [-75.15122852775191, 39.95440935362465], [-75.15122852775191, 39.9544644422965], [-75.15123751090475, 39.9544644422965]]}, "properties": {"confidence": "high"}}, {"type": "Feature", "geometry": {"type": "LineString", "coordinates": [[-75.14958461078197, 39.954450670132694], [-75.14958461078197, 39.95440935362465], [-75.14957562762913, 39.95440935362465], [-75.14957562762913, 39.954450670132694], [-75.14958461078197, 39.954450670132694]]}, "properties": {"confidence": "high"}}, {"type": "Feature", "geometry": {"type": "LineString", "coordinates": [[-75.15549552535148, 39.95441623971106], [-75.15549552535148, 39.95440935362465], [-75.15545060958726, 39.95440935362465], [-75.15545060958726, 39.95441623971106], [-75.15549552535148, 39.95441623971106]]}, "properties": {"confidence": "high"}}, {"type": "Feature", "geometry": {"type": "LineString", "coordinates": [[-75.15545060958726, 39.95440935362465], [-75.15545060958726, 39.95440246753755], [-75.15538772751738, 39.95440246753755], [-75.15538772751738, 39.95440935362465], [-75.15545060958726, 39.95440935362465]]}, "properties": {"confidence": "high"}}, {"type": "Feature", "geometry": {"type": "LineString", "coordinates": [[-75.14804849164612, 39.95440935362465], [-75.14804849164612, 39.95440246753755], [-75.14796764327055, 39.95440246753755], [-75.14796764327055, 39.95440935362465], [-75.14804849164612, 39.95440935362465]]}, "properties": {"confidence": "high"}}, {"type": "Feature", "geometry": {"type": "LineString", "coordinates": [[-75.15289041102753, 39.95443001188179], [-75.15289041102753, 39.95439558144975], [-75.15288142787469, 39.95439558144975], [-75.15288142787469, 39.95443001188179], [-75.15289041102753, 39.95443001188179]]}, "properties": {"confidence": "high"}}, {"type": "Feature", "geometry": {"type": "LineString", "coordinates": [[-75.15538772751738, 39.95440246753755], [-75.15538772751738, 39.95439558144975], [-75.15533382860033, 39.95439558144975], [-75.15533382860033, 39.95440246753755], [-75.15538772751738, 39.95440246753755]]}, "properties": {"confidence": "high"}}, {"type": "Feature", "geometry": {"type": "LineString", "coordinates": [[-75.14796764327055, 39.95440246753755], [-75.14796764327055, 39.95439558144975], [-75.14787781174215, 39.95439558144975], [-75.14787781174215, 39.95440246753755], [-75.14796764327055, 39.95440246753755]]}, "properties": {"confidence": "high"}}, {"type": "Feature", "geometry": {"type": "LineString", "coordinates": [[-75.14808442425749, 39.954471328377366], [-75.14808442425749, 39.95438869536127], [-75.14807544110464, 39.95438869536127], [-75.14807544110464, 39.95440935362465], [-75.14804849164612, 39.95440935362465], [-75.14804849164612, 39.95441623971106], [-75.14807544110464, 39.95441623971106], [-75.14807544110464, 39.954471328377366], [-75.14808442425749, 39.954471328377366]]}, "properties": {"confidence": "high"}}, {"type": "Feature", "geometry": {"type": "LineString", "coordinates": [[-75.15450737853895, 39.954436897966126], [-75.15450737853895, 39.95438869536127], [-75.15449839538611, 39.95438869536127], [-75.15449839538611, 39.954436897966126], [-75.15450737853895, 39.954436897966126]]}, "properties": {"confidence": "high"}}, {"type": "Feature", "geometry": {"type": "LineString", "coordinates": [[-75.15533382860033, 39.95439558144975], [-75.15533382860033, 39.95438869536127], [-75.15528891283613, 39.95438869536127], [-75.15528891283613, 39.95439558144975], [-75.15533382860033, 39.95439558144975]]}, "properties": {"confidence": "high"}}, {"type": "Feature", "geometry": {"type": "LineString", "coordinates": [[-75.14787781174215, 39.95439558144975], [-75.14787781174215, 39.95438869536127], [-75.14784187913078, 39.95438869536127], [-75.14784187913078, 39.95439558144975], [-75.14787781174215, 39.95439558144975]]}, "properties": {"confidence": "high"}}, {"type": "Feature", "geometry": {"type": "LineString", "coordinates": [[-75.15528891283613, 39.95438869536127], [-75.15528891283613, 39.954381809272085], [-75.15524399707192, 39.954381809272085], [-75.15524399707192, 39.95438869536127], [-75.15528891283613, 39.95438869536127]]}, "properties": {"confidence": "high"}}, {"type": "Feature", "geometry": {"type": "LineString", "coordinates": [[-75.14784187913078, 39.95438869536127], [-75.14784187913078, 39.954381809272085], [-75.14772509814385, 39.954381809272085], [-75.14772509814385, 39.95438869536127], [-75.14784187913078, 39.95438869536127]]}, "properties": {"confidence": "high"}}, {"type": "Feature", "geometry": {"type": "LineString", "coordinates": [[-75.15289939418037, 39.95439558144975], [-75.15289939418037, 39.954374923182215], [-75.15289041102753, 39.954374923182215], [-75.15289041102753, 39.95439558144975], [-75.15289939418037, 39.95439558144975]]}, "properties": {"confidence": "high"}}, {"type": "Feature", "geometry": {"type": "LineString", "coordinates": [[-75.15524399707192, 39.954381809272085], [-75.15524399707192, 39.954374923182215], [-75.15519009815488, 39.954374923182215], [-75.15519009815488, 39.954381809272085], [-75.15524399707192, 39.954381809272085]]}, "properties": {"confidence": "high"}}, {"type": "Feature", "geometry": {"type": "LineString", "coordinates": [[-75.14772509814385, 39.954381809272085], [-75.14772509814385, 39.954374923182215], [-75.1476711992268, 39.954374923182215], [-75.1476711992268, 39.954381809272085], [-75.14772509814385, 39.954381809272085]]}, "properties": {"confidence": "high"}}, {"type": "Feature", "geometry": {"type": "LineString", "coordinates": [[-75.15519009815488, 39.954374923182215], [-75.15519009815488, 39.95436803709165], [-75.15514518239067, 39.95436803709165], [-75.15514518239067, 39.954374923182215], [-75.15519009815488, 39.954374923182215]]}, "properties": {"confidence": "high"}}, {"type": "Feature", "geometry": {"type": "LineString", "coordinates": [[-75.1476711992268, 39.954374923182215], [-75.1476711992268, 39.95436803709165], [-75.14760831715691, 39.95436803709165], [-75.14760831715691, 39.954374923182215], [-75.1476711992268, 39.954374923182215]]}, "properties": {"confidence": "high"}}, {"type": "Feature", "geometry": {"type": "LineString", "coordinates": [[-75.15124649405759, 39.95440935362465], [-75.15124649405759, 39.954361151000384], [-75.15123751090475, 39.954361151000384], [-75.15123751090475, 39.95440935362465], [-75.15124649405759, 39.95440935362465]]}, "properties": {"confidence": "high"}}, {"type": "Feature", "geometry": {"type": "LineString", "coordinates": [[-75.15514518239067, 39.95436803709165], [-75.15514518239067, 39.954361151000384], [-75.15510026662646, 39.954361151000384], [-75.15510026662646, 39.95436803709165], [-75.15514518239067, 39.95436803709165]]}, "properties": {"confidence": "high"}}, {"type": "Feature", "geometry": {"type": "LineString", "coordinates": [[-75.15510026662646, 39.954361151000384], [-75.15510026662646, 39.95435426490843], [-75.15506433401511, 39.95435426490843], [-75.15506433401511, 39.954361151000384], [-75.15510026662646, 39.954361151000384]]}, "properties": {"confidence": "high"}}, {"type": "Feature", "geometry": {"type": "LineString", "coordinates": [[-75.15612434605036, 39.954436897966126], [-75.15612434605036, 39.954347378815775], [-75.15611536289752, 39.954347378815775], [-75.15611536289752, 39.954436897966126], [-75.15612434605036, 39.954436897966126]]}, "properties": {"confidence": "high"}}, {"type": "Feature", "geometry": {"type": "LineString", "coordinates": [[-75.15451636169179, 39.95438869536127], [-75.15451636169179, 39.954347378815775], [-75.15450737853895, 39.954347378815775], [-75.15450737853895, 39.95438869536127], [-75.15451636169179, 39.95438869536127]]}, "properties": {"confidence": "high"}}, {"type": "Feature", "geometry": {"type": "LineString", "coordinates": [[-75.15290837733322, 39.954374923182215], [-75.15290837733322, 39.954347378815775], [-75.15289939418037, 39.954347378815775], [-75.15289939418037, 39.954374923182215], [-75.15290837733322, 39.954374923182215]]}, "properties": {"confidence": "high"}}, {"type": "Feature", "geometry": {"type": "LineString", "coordinates": [[-75.15506433401511, 39.95435426490843], [-75.15506433401511, 39.954347378815775], [-75.1550194182509, 39.954347378815775], [-75.1550194182509, 39.95435426490843], [-75.15506433401511, 39.95435426490843]]}, "properties": {"confidence": "high"}}, {"type": "Feature", "geometry": {"type": "LineString", "coordinates": [[-75.14809340741033, 39.95438869536127], [-75.14809340741033, 39.95434049272244], [-75.14808442425749, 39.95434049272244], [-75.14808442425749, 39.95438869536127], [-75.14809340741033, 39.95438869536127]]}, "properties": {"confidence": "high"}}, {"type": "Feature", "geometry": {"type": "LineString", "coordinates": [[-75.1550194182509, 39.954347378815775], [-75.1550194182509, 39.95434049272244], [-75.15496551933386, 39.95434049272244], [-75.15496551933386, 39.954347378815775], [-75.1550194182509, 39.954347378815775]]}, "properties": {"confidence": "high"}}, {"type": "Feature", "geometry": {"type": "LineString", "coordinates": [[-75.14959359393481, 39.95440935362465], [-75.14959359393481, 39.9543336066284], [-75.14958461078197, 39.9543336066284], [-75.14958461078197, 39.95440935362465], [-75.14959359393481, 39.95440935362465]]}, "properties": {"confidence": "high"}}, {"type": "Feature", "geometry": {"type": "LineString", "coordinates": [[-75.15496551933386, 39.95434049272244], [-75.15496551933386, 39.9543336066284], [-75.15490263726396, 39.9543336066284], [-75.15490263726396, 39.95434049272244], [-75.15496551933386, 39.95434049272244]]}, "properties": {"confidence": "high"}}, {"type": "Feature", "geometry": {"type": "LineString", "coordinates": [[-75.15490263726396, 39.9543336066284], [-75.15490263726396, 39.95432672053367], [-75.15483975519406, 39.95432672053367], [-75.15483975519406, 39.9543336066284], [-75.15490263726396, 39.9543336066284]]}, "properties": {"confidence": "high"}}, {"type": "Feature", "geometry": {"type": "LineString", "coordinates": [[-75.15125547721043, 39.954361151000384], [-75.15125547721043, 39.95431983443825], [-75.15124649405759, 39.95431983443825], [-75.15124649405759, 39.954361151000384], [-75.15125547721043, 39.954361151000384]]}, "properties": {"confidence": "high"}}, {"type": "Feature", "geometry": {"type": "LineString", "coordinates": [[-75.15483975519406, 39.95432672053367], [-75.15483975519406, 39.95431983443825], [-75.15479483942985, 39.95431983443825], [-75.15479483942985, 39.95432672053367], [-75.15483975519406, 39.95432672053367]]}, "properties": {"confidence": "high"}}, {"type": "Feature", "geometry": {"type": "LineString", "coordinates": [[-75.15452534484463, 39.954347378815775], [-75.15452534484463, 39.954312948342135], [-75.15451636169179, 39.954312948342135], [-75.15451636169179, 39.954347378815775], [-75.15452534484463, 39.954347378815775]]}, "properties": {"confidence": "high"}}, {"type": "Feature", "geometry": {"type": "LineString", "coordinates": [[-75.15479483942985, 39.95431983443825], [-75.15479483942985, 39.954312948342135], [-75.15474094051281, 39.954312948342135], [-75.15474094051281, 39.95431983443825], [-75.15479483942985, 39.95431983443825]]}, "properties": {"confidence": "high"}}, {"type": "Feature", "geometry": {"type": "LineString", "coordinates": [[-75.15291736048606, 39.954347378815775], [-75.15291736048606, 39.95430606224533], [-75.15290837733322, 39.95430606224533], [-75.15290837733322, 39.954347378815775], [-75.15291736048606, 39.954347378815775]]}, "properties": {"confidence": "high"}}, {"type": "Feature", "geometry": {"type": "LineString", "coordinates": [[-75.15474094051281, 39.954312948342135], [-75.15474094051281, 39.95430606224533], [-75.1546960247486, 39.95430606224533], [-75.1546960247486, 39.954312948342135], [-75.15474094051281, 39.954312948342135]]}, "properties": {"confidence": "high"}}, {"type": "Feature", "geometry": {"type": "LineString", "coordinates": [[-75.1561333292032, 39.954347378815775], [-75.1561333292032, 39.95429917614783], [-75.15612434605036, 39.95429917614783], [-75.15612434605036, 39.954347378815775], [-75.1561333292032, 39.954347378815775]]}, "properties": {"confidence": "high"}}, {"type": "Feature", "geometry": {"type": "LineString", "coordinates": [[-75.1546960247486, 39.95430606224533], [-75.1546960247486, 39.95429917614783], [-75.15459721006737, 39.95429917614783], [-75.15459721006737, 39.95430606224533], [-75.1546960247486, 39.95430606224533]]}, "properties": {"confidence": "high"}}, {"type": "Feature", "geometry": {"type": "LineString", "coordinates": [[-75.15459721006737, 39.95429917614783], [-75.15459721006737, 39.95429229004964], [-75.15457026060884, 39.95429229004964], [-75.15457026060884, 39.95429917614783], [-75.15459721006737, 39.95429917614783]]}, "properties": {"confidence": "high"}}, {"type": "Feature", "geometry": {"type": "LineString", "coordinates": [[-75.14960257708765, 39.9543336066284], [-75.14960257708765, 39.95428540395075], [-75.14959359393481, 39.95428540395075], [-75.14959359393481, 39.9543336066284], [-75.14960257708765, 39.9543336066284]]}, "properties": {"confidence": "high"}}, {"type": "Feature", "geometry": {"type": "LineString", "coordinates": [[-75.14808442425749, 39.95434049272244], [-75.14808442425749, 39.95427851785116], [-75.14807544110464, 39.95427851785116], [-75.14807544110464, 39.95434049272244], [-75.14808442425749, 39.95434049272244]]}, "properties": {"confidence": "high"}}, {"type": "Feature", "geometry": {"type": "LineString", "coordinates": [[-75.15126446036328, 39.95431983443825], [-75.15126446036328, 39.95427851785116], [-75.15125547721043, 39.95427851785116], [-75.15125547721043, 39.95431983443825], [-75.15126446036328, 39.95431983443825]]}, "properties": {"confidence": "high"}}, {"type": "Feature", "geometry": {"type": "LineString", "coordinates": [[-75.15452534484463, 39.95428540395075], [-75.15452534484463, 39.95427851785116], [-75.15450737853895, 39.95427851785116], [-75.15450737853895, 39.95428540395075], [-75.15452534484463, 39.95428540395075]]}, "properties": {"confidence": "high"}}, {"type": "Feature", "geometry": {"type": "LineString", "coordinates": [[-75.15453432799747, 39.954312948342135], [-75.15453432799747, 39.95429229004964], [-75.15457026060884, 39.95429229004964], [-75.15457026060884, 39.95428540395075], [-75.15455229430316, 39.95428540395075], [-75.15455229430316, 39.95427163175089], [-75.1545433111503, 39.95427163175089], [-75.1545433111503, 39.95428540395075], [-75.15452534484463, 39.95428540395075], [-75.15452534484463, 39.954312948342135], [-75.15453432799747, 39.954312948342135]]}, "properties": {"confidence": "high"}}, {"type": "Feature", "geometry": {"type": "LineString", "coordinates": [[-75.15450737853895, 39.95427851785116], [-75.15450737853895, 39.95427163175089], [-75.15448042908042, 39.95427163175089], [-75.15448042908042, 39.95427851785116], [-75.15450737853895, 39.95427851785116]]}, "properties": {"confidence": "high"}}, {"type": "Feature", "geometry": {"type": "LineString", "coordinates": [[-75.15448042908042, 39.95427163175089], [-75.15448042908042, 39.95426474564992], [-75.15437263124633, 39.95426474564992], [-75.15437263124633, 39.95427163175089], [-75.15448042908042, 39.95427163175089]]}, "properties": {"confidence": "high"}}, {"type": "Feature", "geometry": {"type": "LineString", "coordinates": [[-75.15614231235605, 39.95429917614783], [-75.15614231235605, 39.954257859548264], [-75.1561333292032, 39.954257859548264], [-75.1561333292032, 39.95429917614783], [-75.15614231235605, 39.95429917614783]]}, "properties": {"confidence": "high"}}, {"type": "Feature", "geometry": {"type": "LineString", "coordinates": [[-75.15437263124633, 39.95426474564992], [-75.15437263124633, 39.954257859548264], [-75.1543007660236, 39.954257859548264], [-75.1543007660236, 39.95426474564992], [-75.15437263124633, 39.95426474564992]]}, "properties": {"confidence": "high"}}, {"type": "Feature", "geometry": {"type": "LineString", "coordinates": [[-75.14961156024049, 39.95428540395075], [-75.14961156024049, 39.95425097344591], [-75.14960257708765, 39.95425097344591], [-75.14960257708765, 39.95428540395075], [-75.14961156024049, 39.95428540395075]]}, "properties": {"confidence": "high"}}, {"type": "Feature", "geometry": {"type": "LineString", "coordinates": [[-75.1543007660236, 39.954257859548264], [-75.1543007660236, 39.95425097344591], [-75.15425585025939, 39.95425097344591], [-75.15425585025939, 39.954257859548264], [-75.1543007660236, 39.954257859548264]]}, "properties": {"confidence": "high"}}, {"type": "Feature", "geometry": {"type": "LineString", "coordinates": [[-75.1529263436389, 39.95430606224533], [-75.1529263436389, 39.954244087342865], [-75.15291736048606, 39.954244087342865], [-75.15291736048606, 39.95430606224533], [-75.1529263436389, 39.95430606224533]]}, "properties": {"confidence": "high"}}, {"type": "Feature", "geometry": {"type": "LineString", "coordinates": [[-75.15425585025939, 39.95425097344591], [-75.15425585025939, 39.954244087342865], [-75.15421093449518, 39.954244087342865], [-75.15421093449518, 39.95425097344591], [-75.15425585025939, 39.95425097344591]]}, "properties": {"confidence": "high"}}, {"type": "Feature", "geometry": {"type": "LineString", "coordinates": [[-75.15127344351612, 39.95427851785116], [-75.15127344351612, 39.954237201239124], [-75.15126446036328, 39.954237201239124], [-75.15126446036328, 39.95427851785116], [-75.15127344351612, 39.95427851785116]]}, "properties": {"confidence": "high"}}, {"type": "Feature", "geometry": {"type": "LineString", "coordinates": [[-75.15421093449518, 39.954244087342865], [-75.15421093449518, 39.954237201239124], [-75.1541480524253, 39.954237201239124], [-75.1541480524253, 39.954244087342865], [-75.15421093449518, 39.954244087342865]]}, "properties": {"confidence": "high"}}, {"type": "Feature", "geometry": {"type": "LineString", "coordinates": [[-75.15615129550889, 39.954257859548264], [-75.15615129550889, 39.95423031513469], [-75.15614231235605, 39.95423031513469], [-75.15614231235605, 39.954257859548264], [-75.15615129550889, 39.954257859548264]]}, "properties": {"confidence": "high"}}, {"type": "Feature", "geometry": {"type": "LineString", "coordinates": [[-75.1541480524253, 39.954237201239124], [-75.1541480524253, 39.95423031513469], [-75.15410313666109, 39.95423031513469], [-75.15410313666109, 39.954237201239124], [-75.1541480524253, 39.954237201239124]]}, "properties": {"confidence": "high"}}, {"type": "Feature", "geometry": {"type": "LineString", "coordinates": [[-75.15410313666109, 39.95423031513469], [-75.15410313666109, 39.95422342902956], [-75.15405822089689, 39.95422342902956], [-75.15405822089689, 39.95423031513469], [-75.15410313666109, 39.95423031513469]]}, "properties": {"confidence": "high"}}, {"type": "Feature", "geometry": {"type": "LineString", "coordinates": [[-75.14809340741033, 39.95427851785116], [-75.14809340741033, 39.95421654292374], [-75.14808442425749, 39.95421654292374], [-75.14808442425749, 39.95427851785116], [-75.14809340741033, 39.95427851785116]]}, "properties": {"confidence": "high"}}, {"type": "Feature", "geometry": {"type": "LineString", "coordinates": [[-75.15405822089689, 39.95422342902956], [-75.15405822089689, 39.95421654292374], [-75.15400432197984, 39.95421654292374], [-75.15400432197984, 39.95422342902956], [-75.15405822089689, 39.95422342902956]]}, "properties": {"confidence": "high"}}, {"type": "Feature", "geometry": {"type": "LineString", "coordinates": [[-75.154561277456, 39.95427163175089], [-75.154561277456, 39.95420965681722], [-75.15455229430316, 39.95420965681722], [-75.15455229430316, 39.95427163175089], [-75.154561277456, 39.95427163175089]]}, "properties": {"confidence": "high"}}, {"type": "Feature", "geometry": {"type": "LineString", "coordinates": [[-75.14962054339334, 39.95425097344591], [-75.14962054339334, 39.95420965681722], [-75.14961156024049, 39.95420965681722], [-75.14961156024049, 39.95425097344591], [-75.14962054339334, 39.95425097344591]]}, "properties": {"confidence": "high"}}, {"type": "Feature", "geometry": {"type": "LineString", "coordinates": [[-75.15400432197984, 39.95421654292374], [-75.15400432197984, 39.95420965681722], [-75.15394143990996, 39.95420965681722], [-75.15394143990996, 39.95421654292374], [-75.15400432197984, 39.95421654292374]]}, "properties": {"confidence": "high"}}, {"type": "Feature", "geometry": {"type": "LineString", "coordinates": [[-75.15293532679173, 39.954244087342865], [-75.15293532679173, 39.95420277071001], [-75.1529263436389, 39.95420277071001], [-75.1529263436389, 39.954244087342865], [-75.15293532679173, 39.954244087342865]]}, "properties": {"confidence": "high"}}, {"type": "Feature", "geometry": {"type": "LineString", "coordinates": [[-75.15128242666896, 39.954237201239124], [-75.15128242666896, 39.95420277071001], [-75.15127344351612, 39.95420277071001], [-75.15127344351612, 39.954237201239124], [-75.15128242666896, 39.954237201239124]]}, "properties": {"confidence": "high"}}, {"type": "Feature", "geometry": {"type": "LineString", "coordinates": [[-75.15394143990996, 39.95420965681722], [-75.15394143990996, 39.95420277071001], [-75.15387855784006, 39.95420277071001], [-75.15387855784006, 39.95420965681722], [-75.15394143990996, 39.95420965681722]]}, "properties": {"confidence": "high"}}, {"type": "Feature", "geometry": {"type": "LineString", "coordinates": [[-75.15616027866173, 39.95423031513469], [-75.15616027866173, 39.954195884602115], [-75.15615129550889, 39.954195884602115], [-75.15615129550889, 39.95423031513469], [-75.15616027866173, 39.95423031513469]]}, "properties": {"confidence": "high"}}, {"type": "Feature", "geometry": {"type": "LineString", "coordinates": [[-75.15387855784006, 39.95420277071001], [-75.15387855784006, 39.954195884602115], [-75.15383364207587, 39.954195884602115], [-75.15383364207587, 39.95420277071001], [-75.15387855784006, 39.95420277071001]]}, "properties": {"confidence": "high"}}, {"type": "Feature", "geometry": {"type": "LineString", "coordinates": [[-75.15383364207587, 39.954195884602115], [-75.15383364207587, 39.95418899849352], [-75.1537977094645, 39.95418899849352], [-75.1537977094645, 39.954195884602115], [-75.15383364207587, 39.954195884602115]]}, "properties": {"confidence": "high"}}, {"type": "Feature", "geometry": {"type": "LineString", "coordinates": [[-75.14810239056318, 39.95421654292374], [-75.14810239056318, 39.95418211238424], [-75.14809340741033, 39.95418211238424], [-75.14809340741033, 39.95421654292374], [-75.14810239056318, 39.95421654292374]]}, "properties": {"confidence": "high"}}, {"type": "Feature", "geometry": {"type": "LineString", "coordinates": [[-75.1537977094645, 39.95418899849352], [-75.1537977094645, 39.95418211238424], [-75.15374381054744, 39.95418211238424], [-75.15374381054744, 39.95418899849352], [-75.1537977094645, 39.95418899849352]]}, "properties": {"confidence": "high"}}, {"type": "Feature", "geometry": {"type": "LineString", "coordinates": [[-75.15374381054744, 39.95418211238424], [-75.15374381054744, 39.95417522627426], [-75.15368092847756, 39.95417522627426], [-75.15368092847756, 39.95418211238424], [-75.15374381054744, 39.95418211238424]]}, "properties": {"confidence": "high"}}, {"type": "Feature", "geometry": {"type": "LineString", "coordinates": [[-75.14962952654618, 39.95420965681722], [-75.14962952654618, 39.954168340163584], [-75.14962054339334, 39.954168340163584], [-75.14962054339334, 39.95420965681722], [-75.14962952654618, 39.95420965681722]]}, "properties": {"confidence": "high"}}, {"type": "Feature", "geometry": {"type": "LineString", "coordinates": [[-75.15294430994457, 39.95420277071001], [-75.15294430994457, 39.954168340163584], [-75.15293532679173, 39.954168340163584], [-75.15293532679173, 39.95420277071001], [-75.15294430994457, 39.95420277071001]]}, "properties": {"confidence": "high"}}, {"type": "Feature", "geometry": {"type": "LineString", "coordinates": [[-75.15368092847756, 39.95417522627426], [-75.15368092847756, 39.954168340163584], [-75.15362702956051, 39.954168340163584], [-75.15362702956051, 39.95417522627426], [-75.15368092847756, 39.95417522627426]]}, "properties": {"confidence": "high"}}, {"type": "Feature", "geometry": {"type": "LineString", "coordinates": [[-75.15457026060884, 39.95420965681722], [-75.15457026060884, 39.95416145405221], [-75.154561277456, 39.95416145405221], [-75.154561277456, 39.95420965681722], [-75.15457026060884, 39.95420965681722]]}, "properties": {"confidence": "high"}}, {"type": "Feature", "geometry": {"type": "LineString", "coordinates": [[-75.15616926181457, 39.954195884602115], [-75.15616926181457, 39.95416145405221], [-75.15616027866173, 39.95416145405221], [-75.15616027866173, 39.954195884602115], [-75.15616926181457, 39.954195884602115]]}, "properties": {"confidence": "high"}}, {"type": "Feature", "geometry": {"type": "LineString", "coordinates": [[-75.15362702956051, 39.954168340163584], [-75.15362702956051, 39.95416145405221], [-75.15357313064347, 39.95416145405221], [-75.15357313064347, 39.954168340163584], [-75.15362702956051, 39.954168340163584]]}, "properties": {"confidence": "high"}}, {"type": "Feature", "geometry": {"type": "LineString", "coordinates": [[-75.1512914098218, 39.95420277071001], [-75.1512914098218, 39.95415456794015], [-75.15128242666896, 39.95415456794015], [-75.15128242666896, 39.95420277071001], [-75.1512914098218, 39.95420277071001]]}, "properties": {"confidence": "high"}}, {"type": "Feature", "geometry": {"type": "LineString", "coordinates": [[-75.14811137371602, 39.95418211238424], [-75.14811137371602, 39.95415456794015], [-75.14810239056318, 39.95415456794015], [-75.14810239056318, 39.95418211238424], [-75.14811137371602, 39.95418211238424]]}, "properties": {"confidence": "high"}}, {"type": "Feature", "geometry": {"type": "LineString", "coordinates": [[-75.15357313064347, 39.95416145405221], [-75.15357313064347, 39.95415456794015], [-75.1535371980321, 39.95415456794015], [-75.1535371980321, 39.95416145405221], [-75.15357313064347, 39.95416145405221]]}, "properties": {"confidence": "high"}}, {"type": "Feature", "geometry": {"type": "LineString", "coordinates": [[-75.1535371980321, 39.95415456794015], [-75.1535371980321, 39.9541476818274], [-75.15351024857357, 39.9541476818274], [-75.15351024857357, 39.95415456794015], [-75.1535371980321, 39.95415456794015]]}, "properties": {"confidence": "high"}}, {"type": "Feature", "geometry": {"type": "LineString", "coordinates": [[-75.1561782449674, 39.95416145405221], [-75.1561782449674, 39.95414079571395], [-75.15616926181457, 39.95414079571395], [-75.15616926181457, 39.95416145405221], [-75.1561782449674, 39.95416145405221]]}, "properties": {"confidence": "high"}}, {"type": "Feature", "geometry": {"type": "LineString", "coordinates": [[-75.15351024857357, 39.9541476818274], [-75.15351024857357, 39.95414079571395], [-75.15347431596221, 39.95414079571395], [-75.15347431596221, 39.9541476818274], [-75.15351024857357, 39.9541476818274]]}, "properties": {"confidence": "high"}}, {"type": "Feature", "geometry": {"type": "LineString", "coordinates": [[-75.14812035686886, 39.95415456794015], [-75.14812035686886, 39.954133909599804], [-75.14811137371602, 39.954133909599804], [-75.14811137371602, 39.95415456794015], [-75.14812035686886, 39.95415456794015]]}, "properties": {"confidence": "high"}}, {"type": "Feature", "geometry": {"type": "LineString", "coordinates": [[-75.15347431596221, 39.95414079571395], [-75.15347431596221, 39.954133909599804], [-75.15340245073948, 39.954133909599804], [-75.15340245073948, 39.95414079571395], [-75.15347431596221, 39.95414079571395]]}, "properties": {"confidence": "high"}}, {"type": "Feature", "geometry": {"type": "LineString", "coordinates": [[-75.14963850969902, 39.954168340163584], [-75.14963850969902, 39.95412702348497], [-75.14962952654618, 39.95412702348497], [-75.14962952654618, 39.954168340163584], [-75.14963850969902, 39.954168340163584]]}, "properties": {"confidence": "high"}}, {"type": "Feature", "geometry": {"type": "LineString", "coordinates": [[-75.15340245073948, 39.954133909599804], [-75.15340245073948, 39.95412702348497], [-75.15335753497527, 39.95412702348497], [-75.15335753497527, 39.954133909599804], [-75.15340245073948, 39.954133909599804]]}, "properties": {"confidence": "high"}}, {"type": "Feature", "geometry": {"type": "LineString", "coordinates": [[-75.15335753497527, 39.95412702348497], [-75.15335753497527, 39.95412013736944], [-75.15332160236392, 39.95412013736944], [-75.15332160236392, 39.95412702348497], [-75.15335753497527, 39.95412702348497]]}, "properties": {"confidence": "high"}}, {"type": "Feature", "geometry": {"type": "LineString", "coordinates": [[-75.15130039297463, 39.95415456794015], [-75.15130039297463, 39.95411325125322], [-75.1512914098218, 39.95411325125322], [-75.1512914098218, 39.95415456794015], [-75.15130039297463, 39.95415456794015]]}, "properties": {"confidence": "high"}}, {"type": "Feature", "geometry": {"type": "LineString", "coordinates": [[-75.15618722812025, 39.95414079571395], [-75.15618722812025, 39.95411325125322], [-75.1561782449674, 39.95411325125322], [-75.1561782449674, 39.95414079571395], [-75.15618722812025, 39.95414079571395]]}, "properties": {"confidence": "high"}}, {"type": "Feature", "geometry": {"type": "LineString", "coordinates": [[-75.1481293400217, 39.954133909599804], [-75.1481293400217, 39.95411325125322], [-75.14812035686886, 39.95411325125322], [-75.14812035686886, 39.954133909599804], [-75.1481293400217, 39.954133909599804]]}, "properties": {"confidence": "high"}}, {"type": "Feature", "geometry": {"type": "LineString", "coordinates": [[-75.15332160236392, 39.95412013736944], [-75.15332160236392, 39.95411325125322], [-75.15328566975255, 39.95411325125322], [-75.15328566975255, 39.95412013736944], [-75.15332160236392, 39.95412013736944]]}, "properties": {"confidence": "high"}}, {"type": "Feature", "geometry": {"type": "LineString", "coordinates": [[-75.15295329309741, 39.954168340163584], [-75.15295329309741, 39.95410636513631], [-75.15294430994457, 39.95410636513631], [-75.15294430994457, 39.954168340163584], [-75.15295329309741, 39.954168340163584]]}, "properties": {"confidence": "high"}}, {"type": "Feature", "geometry": {"type": "LineString", "coordinates": [[-75.15457924376167, 39.95416145405221], [-75.15457924376167, 39.95410636513631], [-75.15457026060884, 39.95410636513631], [-75.15457026060884, 39.95416145405221], [-75.15457924376167, 39.95416145405221]]}, "properties": {"confidence": "high"}}, {"type": "Feature", "geometry": {"type": "LineString", "coordinates": [[-75.15328566975255, 39.95411325125322], [-75.15328566975255, 39.95410636513631], [-75.1532317708355, 39.95410636513631], [-75.1532317708355, 39.95411325125322], [-75.15328566975255, 39.95411325125322]]}, "properties": {"confidence": "high"}}, {"type": "Feature", "geometry": {"type": "LineString", "coordinates": [[-75.1532317708355, 39.95410636513631], [-75.1532317708355, 39.9540994790187], [-75.1531688887656, 39.9540994790187], [-75.1531688887656, 39.95410636513631], [-75.1532317708355, 39.95410636513631]]}, "properties": {"confidence": "high"}}, {"type": "Feature", "geometry": {"type": "LineString", "coordinates": [[-75.15296227625026, 39.95410636513631], [-75.15296227625026, 39.9540925929004], [-75.15295329309741, 39.9540925929004], [-75.15295329309741, 39.95410636513631], [-75.15296227625026, 39.95410636513631]]}, "properties": {"confidence": "high"}}, {"type": "Feature", "geometry": {"type": "LineString", "coordinates": [[-75.1531688887656, 39.9540994790187], [-75.1531688887656, 39.9540925929004], [-75.15310600669571, 39.9540925929004], [-75.15310600669571, 39.9540994790187], [-75.1531688887656, 39.9540994790187]]}, "properties": {"confidence": "high"}}, {"type": "Feature", "geometry": {"type": "LineString", "coordinates": [[-75.14813832317455, 39.95411325125322], [-75.14813832317455, 39.954085706781406], [-75.1481293400217, 39.954085706781406], [-75.1481293400217, 39.95411325125322], [-75.14813832317455, 39.95411325125322]]}, "properties": {"confidence": "high"}}, {"type": "Feature", "geometry": {"type": "LineString", "coordinates": [[-75.15310600669571, 39.9540925929004], [-75.15310600669571, 39.954085706781406], [-75.15304312462582, 39.954085706781406], [-75.15304312462582, 39.9540925929004], [-75.15310600669571, 39.9540925929004]]}, "properties": {"confidence": "high"}}, {"type": "Feature", "geometry": {"type": "LineString", "coordinates": [[-75.1529712594031, 39.9540925929004], [-75.1529712594031, 39.95407882066172], [-75.15296227625026, 39.95407882066172], [-75.15296227625026, 39.9540925929004], [-75.1529712594031, 39.9540925929004]]}, "properties": {"confidence": "high"}}, {"type": "Feature", "geometry": {"type": "LineString", "coordinates": [[-75.15304312462582, 39.954085706781406], [-75.15304312462582, 39.95407882066172], [-75.15299820886162, 39.95407882066172], [-75.15299820886162, 39.954085706781406], [-75.15304312462582, 39.954085706781406]]}, "properties": {"confidence": "high"}}, {"type": "Feature", "geometry": {"type": "LineString", "coordinates": [[-75.1561962112731, 39.95411325125322], [-75.1561962112731, 39.95407193454134], [-75.15618722812025, 39.95407193454134], [-75.15618722812025, 39.95411325125322], [-75.1561962112731, 39.95411325125322]]}, "properties": {"confidence": "high"}}, {"type": "Feature", "geometry": {"type": "LineString", "coordinates": [[-75.14964749285186, 39.95412702348497], [-75.14964749285186, 39.95406504842027], [-75.14963850969902, 39.95406504842027], [-75.14963850969902, 39.95412702348497], [-75.14964749285186, 39.95412702348497]]}, "properties": {"confidence": "high"}}, {"type": "Feature", "geometry": {"type": "LineString", "coordinates": [[-75.15130937612747, 39.95411325125322], [-75.15130937612747, 39.95406504842027], [-75.15130039297463, 39.95406504842027], [-75.15130039297463, 39.95411325125322], [-75.15130937612747, 39.95411325125322]]}, "properties": {"confidence": "high"}}, {"type": "Feature", "geometry": {"type": "LineString", "coordinates": [[-75.15458822691451, 39.95410636513631], [-75.15458822691451, 39.95406504842027], [-75.15457924376167, 39.95406504842027], [-75.15457924376167, 39.95410636513631], [-75.15458822691451, 39.95410636513631]]}, "properties": {"confidence": "high"}}, {"type": "Feature", "geometry": {"type": "LineString", "coordinates": [[-75.14814730632739, 39.954085706781406], [-75.14814730632739, 39.9540581622985], [-75.14813832317455, 39.9540581622985], [-75.14813832317455, 39.954085706781406], [-75.14814730632739, 39.954085706781406]]}, "properties": {"confidence": "high"}}, {"type": "Feature", "geometry": {"type": "LineString", "coordinates": [[-75.14815628948023, 39.9540581622985], [-75.14815628948023, 39.9540306178045], [-75.14814730632739, 39.9540306178045], [-75.14814730632739, 39.9540581622985], [-75.14815628948023, 39.9540581622985]]}, "properties": {"confidence": "high"}}, {"type": "Feature", "geometry": {"type": "LineString", "coordinates": [[-75.15459721006737, 39.95406504842027], [-75.15459721006737, 39.954023731679264], [-75.15458822691451, 39.954023731679264], [-75.15458822691451, 39.95406504842027], [-75.15459721006737, 39.95406504842027]]}, "properties": {"confidence": "high"}}, {"type": "Feature", "geometry": {"type": "LineString", "coordinates": [[-75.15131835928032, 39.95406504842027], [-75.15131835928032, 39.954023731679264], [-75.15130937612747, 39.954023731679264], [-75.15130937612747, 39.95406504842027], [-75.15131835928032, 39.95406504842027]]}, "properties": {"confidence": "high"}}, {"type": "Feature", "geometry": {"type": "LineString", "coordinates": [[-75.1496564760047, 39.95406504842027], [-75.1496564760047, 39.954023731679264], [-75.14964749285186, 39.954023731679264], [-75.14964749285186, 39.95406504842027], [-75.1496564760047, 39.95406504842027]]}, "properties": {"confidence": "high"}}, {"type": "Feature", "geometry": {"type": "LineString", "coordinates": [[-75.15620519442594, 39.95407193454134], [-75.15620519442594, 39.95401684555334], [-75.1561962112731, 39.95401684555334], [-75.1561962112731, 39.95407193454134], [-75.15620519442594, 39.95407193454134]]}, "properties": {"confidence": "high"}}, {"type": "Feature", "geometry": {"type": "LineString", "coordinates": [[-75.14816527263307, 39.9540306178045], [-75.14816527263307, 39.9539961871714], [-75.14815628948023, 39.9539961871714], [-75.14815628948023, 39.9540306178045], [-75.14816527263307, 39.9540306178045]]}, "properties": {"confidence": "high"}}, {"type": "Feature", "geometry": {"type": "LineString", "coordinates": [[-75.14838086830125, 39.95400995942672], [-75.14838086830125, 39.9539961871714], [-75.1483718851484, 39.9539961871714], [-75.1483718851484, 39.95400995942672], [-75.14838086830125, 39.95400995942672]]}, "properties": {"confidence": "high"}}, {"type": "Feature", "geometry": {"type": "LineString", "coordinates": [[-75.15299820886162, 39.95407882066172], [-75.15299820886162, 39.95407193454134], [-75.15298922570878, 39.95407193454134], [-75.15298922570878, 39.9539893010427], [-75.15298024255594, 39.9539893010427], [-75.15298024255594, 39.95407193454134], [-75.1529712594031, 39.95407193454134], [-75.1529712594031, 39.95407882066172], [-75.15299820886162, 39.95407882066172]]}, "properties": {"confidence": "high"}}, {"type": "Feature", "geometry": {"type": "LineString", "coordinates": [[-75.14966545915753, 39.954023731679264], [-75.14966545915753, 39.9539893010427], [-75.1496564760047, 39.9539893010427], [-75.1496564760047, 39.954023731679264], [-75.14966545915753, 39.954023731679264]]}, "properties": {"confidence": "high"}}, {"type": "Feature", "geometry": {"type": "LineString", "coordinates": [[-75.1546061932202, 39.954023731679264], [-75.1546061932202, 39.9539824149133], [-75.15459721006737, 39.9539824149133], [-75.15459721006737, 39.954023731679264], [-75.1546061932202, 39.954023731679264]]}, "properties": {"confidence": "high"}}, {"type": "Feature", "geometry": {"type": "LineString", "coordinates": [[-75.15132734243316, 39.954023731679264], [-75.15132734243316, 39.9539824149133], [-75.15131835928032, 39.9539824149133], [-75.15131835928032, 39.954023731679264], [-75.15132734243316, 39.954023731679264]]}, "properties": {"confidence": "high"}}, {"type": "Feature", "geometry": {"type": "LineString", "coordinates": [[-75.1483898514541, 39.9539961871714], [-75.1483898514541, 39.95397552878322], [-75.14838086830125, 39.95397552878322], [-75.14838086830125, 39.9539961871714], [-75.1483898514541, 39.9539961871714]]}, "properties": {"confidence": "high"}}, {"type": "Feature", "geometry": {"type": "LineString", "coordinates": [[-75.14967444231038, 39.9539893010427], [-75.14967444231038, 39.953968642652434], [-75.14966545915753, 39.953968642652434], [-75.14966545915753, 39.9539893010427], [-75.14967444231038, 39.9539893010427]]}, "properties": {"confidence": "high"}}, {"type": "Feature", "geometry": {"type": "LineString", "coordinates": [[-75.1481742557859, 39.9539961871714], [-75.1481742557859, 39.95396175652096], [-75.14816527263307, 39.95396175652096], [-75.14816527263307, 39.9539961871714], [-75.1481742557859, 39.9539961871714]]}, "properties": {"confidence": "high"}}, {"type": "Feature", "geometry": {"type": "LineString", "coordinates": [[-75.15621417757878, 39.95401684555334], [-75.15621417757878, 39.95395487038879], [-75.15620519442594, 39.95395487038879], [-75.15620519442594, 39.95401684555334], [-75.15621417757878, 39.95401684555334]]}, "properties": {"confidence": "high"}}, {"type": "Feature", "geometry": {"type": "LineString", "coordinates": [[-75.14839883460694, 39.95397552878322], [-75.14839883460694, 39.95394798425593], [-75.1483898514541, 39.95394798425593], [-75.1483898514541, 39.95397552878322], [-75.14839883460694, 39.95397552878322]]}, "properties": {"confidence": "high"}}, {"type": "Feature", "geometry": {"type": "LineString", "coordinates": [[-75.15299820886162, 39.9539893010427], [-75.15299820886162, 39.953941098122385], [-75.15298922570878, 39.953941098122385], [-75.15298922570878, 39.9539893010427], [-75.15299820886162, 39.9539893010427]]}, "properties": {"confidence": "high"}}, {"type": "Feature", "geometry": {"type": "LineString", "coordinates": [[-75.15461517637304, 39.9539824149133], [-75.15461517637304, 39.953941098122385], [-75.1546061932202, 39.953941098122385], [-75.1546061932202, 39.9539824149133], [-75.15461517637304, 39.9539824149133]]}, "properties": {"confidence": "high"}}, {"type": "Feature", "geometry": {"type": "LineString", "coordinates": [[-75.151336325586, 39.9539824149133], [-75.151336325586, 39.953934211988134], [-75.15132734243316, 39.953934211988134], [-75.15132734243316, 39.9539824149133], [-75.151336325586, 39.9539824149133]]}, "properties": {"confidence": "high"}}, {"type": "Feature", "geometry": {"type": "LineString", "coordinates": [[-75.14818323893874, 39.95396175652096], [-75.14818323893874, 39.953934211988134], [-75.1481742557859, 39.953934211988134], [-75.1481742557859, 39.95396175652096], [-75.14818323893874, 39.95396175652096]]}, "properties": {"confidence": "high"}}, {"type": "Feature", "geometry": {"type": "LineString", "coordinates": [[-75.14840781775978, 39.95394798425593], [-75.14840781775978, 39.953934211988134], [-75.14839883460694, 39.953934211988134], [-75.14839883460694, 39.95394798425593], [-75.14840781775978, 39.95394798425593]]}, "properties": {"confidence": "high"}}, {"type": "Feature", "geometry": {"type": "LineString", "coordinates": [[-75.15300719201447, 39.953941098122385], [-75.15300719201447, 39.95391355358122], [-75.15299820886162, 39.95391355358122], [-75.15299820886162, 39.953941098122385], [-75.15300719201447, 39.953941098122385]]}, "properties": {"confidence": "high"}}, {"type": "Feature", "geometry": {"type": "LineString", "coordinates": [[-75.15622316073161, 39.95395487038879], [-75.15622316073161, 39.95390666744421], [-75.15621417757878, 39.95390666744421], [-75.15621417757878, 39.95395487038879], [-75.15622316073161, 39.95395487038879]]}, "properties": {"confidence": "high"}}, {"type": "Feature", "geometry": {"type": "LineString", "coordinates": [[-75.1481922220916, 39.953934211988134], [-75.1481922220916, 39.95390666744421], [-75.14818323893874, 39.95390666744421], [-75.14818323893874, 39.953934211988134], [-75.1481922220916, 39.953934211988134]]}, "properties": {"confidence": "high"}}, {"type": "Feature", "geometry": {"type": "LineString", "coordinates": [[-75.14968342546322, 39.953968642652434], [-75.14968342546322, 39.9538997813065], [-75.14967444231038, 39.9538997813065], [-75.14967444231038, 39.953968642652434], [-75.14968342546322, 39.953968642652434]]}, "properties": {"confidence": "high"}}, {"type": "Feature", "geometry": {"type": "LineString", "coordinates": [[-75.15462415952588, 39.953941098122385], [-75.15462415952588, 39.95389289516809], [-75.15461517637304, 39.95389289516809], [-75.15461517637304, 39.953941098122385], [-75.15462415952588, 39.953941098122385]]}, "properties": {"confidence": "high"}}, {"type": "Feature", "geometry": {"type": "LineString", "coordinates": [[-75.15301617516731, 39.95391355358122], [-75.15301617516731, 39.95388600902899], [-75.15300719201447, 39.95388600902899], [-75.15300719201447, 39.95391355358122], [-75.15301617516731, 39.95391355358122]]}, "properties": {"confidence": "high"}}, {"type": "Feature", "geometry": {"type": "LineString", "coordinates": [[-75.14969240861606, 39.9538997813065], [-75.14969240861606, 39.95388600902899], [-75.14968342546322, 39.95388600902899], [-75.14968342546322, 39.9538997813065], [-75.14969240861606, 39.9538997813065]]}, "properties": {"confidence": "high"}}, {"type": "Feature", "geometry": {"type": "LineString", "coordinates": [[-75.14820120524443, 39.95390666744421], [-75.14820120524443, 39.95387912288919], [-75.1481922220916, 39.95387912288919], [-75.1481922220916, 39.95390666744421], [-75.14820120524443, 39.95390666744421]]}, "properties": {"confidence": "high"}}, {"type": "Feature", "geometry": {"type": "LineString", "coordinates": [[-75.15134530873884, 39.953934211988134], [-75.15134530873884, 39.95387223674871], [-75.151336325586, 39.95387223674871], [-75.151336325586, 39.953934211988134], [-75.15134530873884, 39.953934211988134]]}, "properties": {"confidence": "high"}}, {"type": "Feature", "geometry": {"type": "LineString", "coordinates": [[-75.15623214388445, 39.95390666744421], [-75.15623214388445, 39.95385846446566], [-75.15622316073161, 39.95385846446566], [-75.15622316073161, 39.95390666744421], [-75.15623214388445, 39.95390666744421]]}, "properties": {"confidence": "high"}}, {"type": "Feature", "geometry": {"type": "LineString", "coordinates": [[-75.15302515832015, 39.95388600902899], [-75.15302515832015, 39.95385157832309], [-75.15301617516731, 39.95385157832309], [-75.15301617516731, 39.95388600902899], [-75.15302515832015, 39.95388600902899]]}, "properties": {"confidence": "high"}}, {"type": "Feature", "geometry": {"type": "LineString", "coordinates": [[-75.1497013917689, 39.95388600902899], [-75.1497013917689, 39.95385157832309], [-75.14969240861606, 39.95385157832309], [-75.14969240861606, 39.95388600902899], [-75.1497013917689, 39.95388600902899]]}, "properties": {"confidence": "high"}}, {"type": "Feature", "geometry": {"type": "LineString", "coordinates": [[-75.14821018839727, 39.95387912288919], [-75.14821018839727, 39.953844692179835], [-75.14820120524443, 39.953844692179835], [-75.14820120524443, 39.95387912288919], [-75.14821018839727, 39.95387912288919]]}, "properties": {"confidence": "high"}}, {"type": "Feature", "geometry": {"type": "LineString", "coordinates": [[-75.15463314267872, 39.95389289516809], [-75.15463314267872, 39.95383780603588], [-75.15462415952588, 39.95383780603588], [-75.15462415952588, 39.95389289516809], [-75.15463314267872, 39.95389289516809]]}, "properties": {"confidence": "high"}}, {"type": "Feature", "geometry": {"type": "LineString", "coordinates": [[-75.15135429189168, 39.95387223674871], [-75.15135429189168, 39.95383780603588], [-75.15134530873884, 39.95383780603588], [-75.15134530873884, 39.95387223674871], [-75.15135429189168, 39.95387223674871]]}, "properties": {"confidence": "high"}}, {"type": "Feature", "geometry": {"type": "LineString", "coordinates": [[-75.14971037492174, 39.95385157832309], [-75.14971037492174, 39.953830919891224], [-75.1497013917689, 39.953830919891224], [-75.1497013917689, 39.95385157832309], [-75.14971037492174, 39.95385157832309]]}, "properties": {"confidence": "high"}}, {"type": "Feature", "geometry": {"type": "LineString", "coordinates": [[-75.1562411270373, 39.95385846446566], [-75.1562411270373, 39.95382403374589], [-75.15623214388445, 39.95382403374589], [-75.15623214388445, 39.95385846446566], [-75.1562411270373, 39.95385846446566]]}, "properties": {"confidence": "high"}}, {"type": "Feature", "geometry": {"type": "LineString", "coordinates": [[-75.15303414147299, 39.95385157832309], [-75.15303414147299, 39.95382403374589], [-75.15302515832015, 39.95382403374589], [-75.15302515832015, 39.95385157832309], [-75.15303414147299, 39.95385157832309]]}, "properties": {"confidence": "high"}}, {"type": "Feature", "geometry": {"type": "LineString", "coordinates": [[-75.14971935807458, 39.953830919891224], [-75.14971935807458, 39.95381714759986], [-75.14971037492174, 39.95381714759986], [-75.14971037492174, 39.953830919891224], [-75.14971935807458, 39.953830919891224]]}, "properties": {"confidence": "high"}}, {"type": "Feature", "geometry": {"type": "LineString", "coordinates": [[-75.14821917155011, 39.953844692179835], [-75.14821917155011, 39.95380337530571], [-75.14821018839727, 39.95380337530571], [-75.14821018839727, 39.953844692179835], [-75.14821917155011, 39.953844692179835]]}, "properties": {"confidence": "high"}}, {"type": "Feature", "geometry": {"type": "LineString", "coordinates": [[-75.15464212583156, 39.95383780603588], [-75.15464212583156, 39.95380337530571], [-75.15463314267872, 39.95380337530571], [-75.15463314267872, 39.95383780603588], [-75.15464212583156, 39.95383780603588]]}, "properties": {"confidence": "high"}}, {"type": "Feature", "geometry": {"type": "LineString", "coordinates": [[-75.15136327504453, 39.95383780603588], [-75.15136327504453, 39.95380337530571], [-75.15135429189168, 39.95380337530571], [-75.15135429189168, 39.95383780603588], [-75.15136327504453, 39.95383780603588]]}, "properties": {"confidence": "high"}}, {"type": "Feature", "geometry": {"type": "LineString", "coordinates": [[-75.14972834122743, 39.95381714759986], [-75.14972834122743, 39.95380337530571], [-75.14971935807458, 39.95380337530571], [-75.14971935807458, 39.95381714759986], [-75.14972834122743, 39.95381714759986]]}, "properties": {"confidence": "high"}}, {"type": "Feature", "geometry": {"type": "LineString", "coordinates": [[-75.15625011019014, 39.95382403374589], [-75.15625011019014, 39.9537758307091], [-75.1562411270373, 39.9537758307091], [-75.1562411270373, 39.95382403374589], [-75.15625011019014, 39.95382403374589]]}, "properties": {"confidence": "high"}}, {"type": "Feature", "geometry": {"type": "LineString", "coordinates": [[-75.15304312462582, 39.95382403374589], [-75.15304312462582, 39.9537758307091], [-75.15303414147299, 39.9537758307091], [-75.15303414147299, 39.95382403374589], [-75.15304312462582, 39.95382403374589]]}, "properties": {"confidence": "high"}}, {"type": "Feature", "geometry": {"type": "LineString", "coordinates": [[-75.14973732438027, 39.95380337530571], [-75.14973732438027, 39.9537758307091], [-75.14972834122743, 39.9537758307091], [-75.14972834122743, 39.95380337530571], [-75.14973732438027, 39.95380337530571]]}, "properties": {"confidence": "high"}}, {"type": "Feature", "geometry": {"type": "LineString", "coordinates": [[-75.15137225819737, 39.95380337530571], [-75.15137225819737, 39.95376894455821], [-75.15136327504453, 39.95376894455821], [-75.15136327504453, 39.95380337530571], [-75.15137225819737, 39.95380337530571]]}, "properties": {"confidence": "high"}}, {"type": "Feature", "geometry": {"type": "LineString", "coordinates": [[-75.15465110898441, 39.95380337530571], [-75.15465110898441, 39.95376205840663], [-75.15464212583156, 39.95376205840663], [-75.15464212583156, 39.95380337530571], [-75.15465110898441, 39.95380337530571]]}, "properties": {"confidence": "high"}}, {"type": "Feature", "geometry": {"type": "LineString", "coordinates": [[-75.14822815470295, 39.95380337530571], [-75.14822815470295, 39.95376205840663], [-75.14821917155011, 39.95376205840663], [-75.14821917155011, 39.95380337530571], [-75.14822815470295, 39.95380337530571]]}, "properties": {"confidence": "high"}}, {"type": "Feature", "geometry": {"type": "LineString", "coordinates": [[-75.1497463075331, 39.9537758307091], [-75.1497463075331, 39.95376205840663], [-75.14973732438027, 39.95376205840663], [-75.14973732438027, 39.9537758307091], [-75.1497463075331, 39.9537758307091]]}, "properties": {"confidence": "high"}}, {"type": "Feature", "geometry": {"type": "LineString", "coordinates": [[-75.15625909334298, 39.9537758307091], [-75.15625909334298, 39.95373451379338], [-75.15625011019014, 39.95373451379338], [-75.15625011019014, 39.9537758307091], [-75.15625909334298, 39.9537758307091]]}, "properties": {"confidence": "high"}}, {"type": "Feature", "geometry": {"type": "LineString", "coordinates": [[-75.1482371378558, 39.95376205840663], [-75.1482371378558, 39.95373451379338], [-75.14822815470295, 39.95373451379338], [-75.14822815470295, 39.95376205840663], [-75.1482371378558, 39.95376205840663]]}, "properties": {"confidence": "high"}}, {"type": "Feature", "geometry": {"type": "LineString", "coordinates": [[-75.15138124135021, 39.95376894455821], [-75.15138124135021, 39.95372762763834], [-75.15137225819737, 39.95372762763834], [-75.15137225819737, 39.95376894455821], [-75.15138124135021, 39.95376894455821]]}, "properties": {"confidence": "high"}}, {"type": "Feature", "geometry": {"type": "LineString", "coordinates": [[-75.15466009213725, 39.95376205840663], [-75.15466009213725, 39.95372762763834], [-75.15465110898441, 39.95372762763834], [-75.15465110898441, 39.95376205840663], [-75.15466009213725, 39.95376205840663]]}, "properties": {"confidence": "high"}}, {"type": "Feature", "geometry": {"type": "LineString", "coordinates": [[-75.14975529068595, 39.95376205840663], [-75.14975529068595, 39.95372074148259], [-75.1497463075331, 39.95372074148259], [-75.1497463075331, 39.95376205840663], [-75.14975529068595, 39.95376205840663]]}, "properties": {"confidence": "high"}}, {"type": "Feature", "geometry": {"type": "LineString", "coordinates": [[-75.15626807649582, 39.95373451379338], [-75.15626807649582, 39.95370008301121], [-75.15625909334298, 39.95370008301121], [-75.15625909334298, 39.95373451379338], [-75.15626807649582, 39.95373451379338]]}, "properties": {"confidence": "high"}}, {"type": "Feature", "geometry": {"type": "LineString", "coordinates": [[-75.14824612100864, 39.95373451379338], [-75.14824612100864, 39.95370008301121], [-75.1482371378558, 39.95370008301121], [-75.1482371378558, 39.95373451379338], [-75.14824612100864, 39.95373451379338]]}, "properties": {"confidence": "high"}}, {"type": "Feature", "geometry": {"type": "LineString", "coordinates": [[-75.14976427383878, 39.95372074148259], [-75.14976427383878, 39.9536931968527], [-75.14975529068595, 39.9536931968527], [-75.14975529068595, 39.95372074148259], [-75.14976427383878, 39.95372074148259]]}, "properties": {"confidence": "high"}}, {"type": "Feature", "geometry": {"type": "LineString", "coordinates": [[-75.15466907529009, 39.95372762763834], [-75.15466907529009, 39.95368631069349], [-75.15466009213725, 39.95368631069349], [-75.15466009213725, 39.95372762763834], [-75.15466907529009, 39.95372762763834]]}, "properties": {"confidence": "high"}}, {"type": "Feature", "geometry": {"type": "LineString", "coordinates": [[-75.15139022450305, 39.95372762763834], [-75.15139022450305, 39.95368631069349], [-75.15138124135021, 39.95368631069349], [-75.15138124135021, 39.95372762763834], [-75.15139022450305, 39.95372762763834]]}, "properties": {"confidence": "high"}}, {"type": "Feature", "geometry": {"type": "LineString", "coordinates": [[-75.14825510416148, 39.95370008301121], [-75.14825510416148, 39.953672538373], [-75.14824612100864, 39.953672538373], [-75.14824612100864, 39.95370008301121], [-75.14825510416148, 39.95370008301121]]}, "properties": {"confidence": "high"}}, {"type": "Feature", "geometry": {"type": "LineString", "coordinates": [[-75.14977325699164, 39.9536931968527], [-75.14977325699164, 39.95366565221171], [-75.14976427383878, 39.95366565221171], [-75.14976427383878, 39.9536931968527], [-75.14977325699164, 39.9536931968527]]}, "properties": {"confidence": "high"}}, {"type": "Feature", "geometry": {"type": "LineString", "coordinates": [[-75.15305210777866, 39.9537758307091], [-75.15305210777866, 39.953658766049735], [-75.15304312462582, 39.953658766049735], [-75.15304312462582, 39.9537758307091], [-75.15305210777866, 39.9537758307091]]}, "properties": {"confidence": "high"}}, {"type": "Feature", "geometry": {"type": "LineString", "coordinates": [[-75.15627705964866, 39.95370008301121], [-75.15627705964866, 39.953658766049735], [-75.15626807649582, 39.953658766049735], [-75.15626807649582, 39.95370008301121], [-75.15627705964866, 39.95370008301121]]}, "properties": {"confidence": "high"}}, {"type": "Feature", "geometry": {"type": "LineString", "coordinates": [[-75.15467805844293, 39.95368631069349], [-75.15467805844293, 39.953651879887055], [-75.15466907529009, 39.953651879887055], [-75.15466907529009, 39.95368631069349], [-75.15467805844293, 39.95368631069349]]}, "properties": {"confidence": "high"}}, {"type": "Feature", "geometry": {"type": "LineString", "coordinates": [[-75.14826408731432, 39.953672538373], [-75.14826408731432, 39.95364499372369], [-75.14825510416148, 39.95364499372369], [-75.14825510416148, 39.953672538373], [-75.14826408731432, 39.953672538373]]}, "properties": {"confidence": "high"}}, {"type": "Feature", "geometry": {"type": "LineString", "coordinates": [[-75.14978224014448, 39.95366565221171], [-75.14978224014448, 39.95364499372369], [-75.14977325699164, 39.95364499372369], [-75.14977325699164, 39.95366565221171], [-75.14978224014448, 39.95366565221171]]}, "properties": {"confidence": "high"}}, {"type": "Feature", "geometry": {"type": "LineString", "coordinates": [[-75.15139920765588, 39.95368631069349], [-75.15139920765588, 39.95363810755963], [-75.15139022450305, 39.95363810755963], [-75.15139022450305, 39.95368631069349], [-75.15139920765588, 39.95368631069349]]}, "properties": {"confidence": "high"}}, {"type": "Feature", "geometry": {"type": "LineString", "coordinates": [[-75.156654352068, 39.95364499372369], [-75.156654352068, 39.95363810755963], [-75.15664536891515, 39.95363810755963], [-75.15664536891515, 39.95364499372369], [-75.156654352068, 39.95364499372369]]}, "properties": {"confidence": "high"}}, {"type": "Feature", "geometry": {"type": "LineString", "coordinates": [[-75.15664536891515, 39.95363810755963], [-75.15664536891515, 39.953631221394886], [-75.15663638576231, 39.953631221394886], [-75.15663638576231, 39.95363810755963], [-75.15664536891515, 39.95363810755963]]}, "properties": {"confidence": "high"}}, {"type": "Feature", "geometry": {"type": "LineString", "coordinates": [[-75.14827307046716, 39.95364499372369], [-75.14827307046716, 39.953624335229435], [-75.14826408731432, 39.953624335229435], [-75.14826408731432, 39.95364499372369], [-75.14827307046716, 39.95364499372369]]}, "properties": {"confidence": "high"}}, {"type": "Feature", "geometry": {"type": "LineString", "coordinates": [[-75.15663638576231, 39.953631221394886], [-75.15663638576231, 39.95361744906329], [-75.15662740260947, 39.95361744906329], [-75.15662740260947, 39.953631221394886], [-75.15663638576231, 39.953631221394886]]}, "properties": {"confidence": "high"}}, {"type": "Feature", "geometry": {"type": "LineString", "coordinates": [[-75.15306109093152, 39.953658766049735], [-75.15306109093152, 39.95361056289646], [-75.15305210777866, 39.95361056289646], [-75.15305210777866, 39.953658766049735], [-75.15306109093152, 39.953658766049735]]}, "properties": {"confidence": "high"}}, {"type": "Feature", "geometry": {"type": "LineString", "coordinates": [[-75.15140819080872, 39.95363810755963], [-75.15140819080872, 39.95361056289646], [-75.15139920765588, 39.95361056289646], [-75.15139920765588, 39.95363810755963], [-75.15140819080872, 39.95363810755963]]}, "properties": {"confidence": "high"}}, {"type": "Feature", "geometry": {"type": "LineString", "coordinates": [[-75.15662740260947, 39.95361744906329], [-75.15662740260947, 39.95361056289646], [-75.15661841945663, 39.95361056289646], [-75.15661841945663, 39.95361744906329], [-75.15662740260947, 39.95361744906329]]}, "properties": {"confidence": "high"}}, {"type": "Feature", "geometry": {"type": "LineString", "coordinates": [[-75.15468704159576, 39.953651879887055], [-75.15468704159576, 39.95360367672893], [-75.15467805844293, 39.95360367672893], [-75.15467805844293, 39.953651879887055], [-75.15468704159576, 39.953651879887055]]}, "properties": {"confidence": "high"}}, {"type": "Feature", "geometry": {"type": "LineString", "coordinates": [[-75.15661841945663, 39.95361056289646], [-75.15661841945663, 39.95360367672893], [-75.1566094363038, 39.95360367672893], [-75.1566094363038, 39.95361056289646], [-75.15661841945663, 39.95361056289646]]}, "properties": {"confidence": "high"}}, {"type": "Feature", "geometry": {"type": "LineString", "coordinates": [[-75.14828205362, 39.953624335229435], [-75.14828205362, 39.9535899043918], [-75.14827307046716, 39.9535899043918], [-75.14827307046716, 39.953624335229435], [-75.14828205362, 39.953624335229435]]}, "properties": {"confidence": "high"}}, {"type": "Feature", "geometry": {"type": "LineString", "coordinates": [[-75.1566094363038, 39.95360367672893], [-75.1566094363038, 39.9535899043918], [-75.15660045315094, 39.9535899043918], [-75.15660045315094, 39.95360367672893], [-75.1566094363038, 39.95360367672893]]}, "properties": {"confidence": "high"}}, {"type": "Feature", "geometry": {"type": "LineString", "coordinates": [[-75.14979122329731, 39.95364499372369], [-75.14979122329731, 39.9535830182222], [-75.14978224014448, 39.9535830182222], [-75.14978224014448, 39.95364499372369], [-75.14979122329731, 39.95364499372369]]}, "properties": {"confidence": "high"}}, {"type": "Feature", "geometry": {"type": "LineString", "coordinates": [[-75.15141717396158, 39.95361056289646], [-75.15141717396158, 39.9535830182222], [-75.15140819080872, 39.9535830182222], [-75.15140819080872, 39.95361056289646], [-75.15141717396158, 39.95361056289646]]}, "properties": {"confidence": "high"}}, {"type": "Feature", "geometry": {"type": "LineString", "coordinates": [[-75.15660045315094, 39.9535899043918], [-75.15660045315094, 39.9535830182222], [-75.15659146999809, 39.9535830182222], [-75.15659146999809, 39.9535899043918], [-75.15660045315094, 39.9535899043918]]}, "properties": {"confidence": "high"}}, {"type": "Feature", "geometry": {"type": "LineString", "coordinates": [[-75.1562860428015, 39.953658766049735], [-75.1562860428015, 39.95357613205189], [-75.15627705964866, 39.95357613205189], [-75.15627705964866, 39.953658766049735], [-75.1562860428015, 39.953658766049735]]}, "properties": {"confidence": "high"}}, {"type": "Feature", "geometry": {"type": "LineString", "coordinates": [[-75.15659146999809, 39.9535830182222], [-75.15659146999809, 39.95357613205189], [-75.15656452053958, 39.95357613205189], [-75.15656452053958, 39.9535830182222], [-75.15659146999809, 39.9535830182222]]}, "properties": {"confidence": "high"}}, {"type": "Feature", "geometry": {"type": "LineString", "coordinates": [[-75.15656452053958, 39.95357613205189], [-75.15656452053958, 39.9535692458809], [-75.15651062162253, 39.9535692458809], [-75.15651062162253, 39.95357613205189], [-75.15656452053958, 39.95357613205189]]}, "properties": {"confidence": "high"}}, {"type": "Feature", "geometry": {"type": "LineString", "coordinates": [[-75.15307007408435, 39.95361056289646], [-75.15307007408435, 39.95356235970922], [-75.15306109093152, 39.95356235970922], [-75.15306109093152, 39.95361056289646], [-75.15307007408435, 39.95361056289646]]}, "properties": {"confidence": "high"}}, {"type": "Feature", "geometry": {"type": "LineString", "coordinates": [[-75.15651062162253, 39.9535692458809], [-75.15651062162253, 39.95356235970922], [-75.15637587432991, 39.95356235970922], [-75.15637587432991, 39.9535692458809], [-75.15651062162253, 39.9535692458809]]}, "properties": {"confidence": "high"}}, {"type": "Feature", "geometry": {"type": "LineString", "coordinates": [[-75.1546960247486, 39.95360367672893], [-75.1546960247486, 39.95355547353684], [-75.15468704159576, 39.95355547353684], [-75.15468704159576, 39.95360367672893], [-75.1546960247486, 39.95360367672893]]}, "properties": {"confidence": "high"}}, {"type": "Feature", "geometry": {"type": "LineString", "coordinates": [[-75.14829103677285, 39.9535899043918], [-75.14829103677285, 39.95355547353684], [-75.14828205362, 39.95355547353684], [-75.14828205362, 39.9535899043918], [-75.14829103677285, 39.9535899043918]]}, "properties": {"confidence": "high"}}, {"type": "Feature", "geometry": {"type": "LineString", "coordinates": [[-75.15637587432991, 39.95356235970922], [-75.15637587432991, 39.95355547353684], [-75.1563309585657, 39.95355547353684], [-75.1563309585657, 39.95356235970922], [-75.15637587432991, 39.95356235970922]]}, "properties": {"confidence": "high"}}, {"type": "Feature", "geometry": {"type": "LineString", "coordinates": [[-75.15142615711441, 39.9535830182222], [-75.15142615711441, 39.95354858736376], [-75.15141717396158, 39.95354858736376], [-75.15141717396158, 39.9535830182222], [-75.15142615711441, 39.9535830182222]]}, "properties": {"confidence": "high"}}, {"type": "Feature", "geometry": {"type": "LineString", "coordinates": [[-75.14980020645017, 39.9535830182222], [-75.14980020645017, 39.95354858736376], [-75.14979122329731, 39.95354858736376], [-75.14979122329731, 39.9535830182222], [-75.14980020645017, 39.9535830182222]]}, "properties": {"confidence": "high"}}, {"type": "Feature", "geometry": {"type": "LineString", "coordinates": [[-75.1563309585657, 39.95355547353684], [-75.1563309585657, 39.95354858736376], [-75.15632197541287, 39.95354858736376], [-75.15632197541287, 39.95355547353684], [-75.1563309585657, 39.95355547353684]]}, "properties": {"confidence": "high"}}, {"type": "Feature", "geometry": {"type": "LineString", "coordinates": [[-75.15629502595435, 39.95357613205189], [-75.15629502595435, 39.95354858736376], [-75.15632197541287, 39.95354858736376], [-75.15632197541287, 39.953534815015544], [-75.15631299226003, 39.953534815015544], [-75.15631299226003, 39.95354170119], [-75.15627705964866, 39.95354170119], [-75.15627705964866, 39.95354858736376], [-75.1562860428015, 39.95354858736376], [-75.1562860428015, 39.95357613205189], [-75.15629502595435, 39.95357613205189]]}, "properties": {"confidence": "high"}}, {"type": "Feature", "geometry": {"type": "LineString", "coordinates": [[-75.15627705964866, 39.95354170119], [-75.15627705964866, 39.953534815015544], [-75.15618722812025, 39.953534815015544], [-75.15618722812025, 39.95354170119], [-75.15627705964866, 39.95354170119]]}, "properties": {"confidence": "high"}}, {"type": "Feature", "geometry": {"type": "LineString", "coordinates": [[-75.15307905723719, 39.95356235970922], [-75.15307905723719, 39.95352792884039], [-75.15307007408435, 39.95352792884039], [-75.15307007408435, 39.95356235970922], [-75.15307905723719, 39.95356235970922]]}, "properties": {"confidence": "high"}}, {"type": "Feature", "geometry": {"type": "LineString", "coordinates": [[-75.14830001992568, 39.95355547353684], [-75.14830001992568, 39.95352792884039], [-75.14829103677285, 39.95352792884039], [-75.14829103677285, 39.95355547353684], [-75.14830001992568, 39.95355547353684]]}, "properties": {"confidence": "high"}}, {"type": "Feature", "geometry": {"type": "LineString", "coordinates": [[-75.15618722812025, 39.953534815015544], [-75.15618722812025, 39.95352792884039], [-75.15611536289752, 39.95352792884039], [-75.15611536289752, 39.953534815015544], [-75.15618722812025, 39.953534815015544]]}, "properties": {"confidence": "high"}}, {"type": "Feature", "geometry": {"type": "LineString", "coordinates": [[-75.15143514026725, 39.95354858736376], [-75.15143514026725, 39.95352104266455], [-75.15142615711441, 39.95352104266455], [-75.15142615711441, 39.95354858736376], [-75.15143514026725, 39.95354858736376]]}, "properties": {"confidence": "high"}}, {"type": "Feature", "geometry": {"type": "LineString", "coordinates": [[-75.149809189603, 39.95354858736376], [-75.149809189603, 39.95352104266455], [-75.14980020645017, 39.95352104266455], [-75.14980020645017, 39.95354858736376], [-75.149809189603, 39.95354858736376]]}, "properties": {"confidence": "high"}}, {"type": "Feature", "geometry": {"type": "LineString", "coordinates": [[-75.1563309585657, 39.953534815015544], [-75.1563309585657, 39.95352104266455], [-75.15632197541287, 39.95352104266455], [-75.15632197541287, 39.953534815015544], [-75.1563309585657, 39.953534815015544]]}, "properties": {"confidence": "high"}}, {"type": "Feature", "geometry": {"type": "LineString", "coordinates": [[-75.15611536289752, 39.95352792884039], [-75.15611536289752, 39.95352104266455], [-75.15601654821626, 39.95352104266455], [-75.15601654821626, 39.95352792884039], [-75.15611536289752, 39.95352792884039]]}, "properties": {"confidence": "high"}}, {"type": "Feature", "geometry": {"type": "LineString", "coordinates": [[-75.15470500790146, 39.95355547353684], [-75.15470500790146, 39.953514156488005], [-75.1546960247486, 39.953514156488005], [-75.1546960247486, 39.95355547353684], [-75.15470500790146, 39.95355547353684]]}, "properties": {"confidence": "high"}}, {"type": "Feature", "geometry": {"type": "LineString", "coordinates": [[-75.15601654821626, 39.95352104266455], [-75.15601654821626, 39.953514156488005], [-75.15597163245205, 39.953514156488005], [-75.15597163245205, 39.95352104266455], [-75.15601654821626, 39.95352104266455]]}, "properties": {"confidence": "high"}}, {"type": "Feature", "geometry": {"type": "LineString", "coordinates": [[-75.15597163245205, 39.953514156488005], [-75.15597163245205, 39.95350727031077], [-75.15592671668784, 39.95350727031077], [-75.15592671668784, 39.953514156488005], [-75.15597163245205, 39.953514156488005]]}, "properties": {"confidence": "high"}}, {"type": "Feature", "geometry": {"type": "LineString", "coordinates": [[-75.15592671668784, 39.95350727031077], [-75.15592671668784, 39.953500384132845], [-75.1558728177708, 39.953500384132845], [-75.1558728177708, 39.95350727031077], [-75.15592671668784, 39.95350727031077]]}, "properties": {"confidence": "high"}}, {"type": "Feature", "geometry": {"type": "LineString", "coordinates": [[-75.15308804039003, 39.95352792884039], [-75.15308804039003, 39.95349349795422], [-75.15307905723719, 39.95349349795422], [-75.15307905723719, 39.95352792884039], [-75.15308804039003, 39.95352792884039]]}, "properties": {"confidence": "high"}}, {"type": "Feature", "geometry": {"type": "LineString", "coordinates": [[-75.15144412342009, 39.95352104266455], [-75.15144412342009, 39.95349349795422], [-75.15143514026725, 39.95349349795422], [-75.15143514026725, 39.95352104266455], [-75.15144412342009, 39.95352104266455]]}, "properties": {"confidence": "high"}}, {"type": "Feature", "geometry": {"type": "LineString", "coordinates": [[-75.1558728177708, 39.953500384132845], [-75.1558728177708, 39.95349349795422], [-75.15581891885375, 39.95349349795422], [-75.15581891885375, 39.953500384132845], [-75.1558728177708, 39.953500384132845]]}, "properties": {"confidence": "high"}}, {"type": "Feature", "geometry": {"type": "LineString", "coordinates": [[-75.14830900307852, 39.95352792884039], [-75.14830900307852, 39.95348661177492], [-75.14830001992568, 39.95348661177492], [-75.14830001992568, 39.95352792884039], [-75.14830900307852, 39.95352792884039]]}, "properties": {"confidence": "high"}}, {"type": "Feature", "geometry": {"type": "LineString", "coordinates": [[-75.14981817275584, 39.95352104266455], [-75.14981817275584, 39.95348661177492], [-75.149809189603, 39.95348661177492], [-75.149809189603, 39.95352104266455], [-75.14981817275584, 39.95352104266455]]}, "properties": {"confidence": "high"}}, {"type": "Feature", "geometry": {"type": "LineString", "coordinates": [[-75.1547139910543, 39.953514156488005], [-75.1547139910543, 39.95348661177492], [-75.15470500790146, 39.95348661177492], [-75.15470500790146, 39.953514156488005], [-75.1547139910543, 39.953514156488005]]}, "properties": {"confidence": "high"}}, {"type": "Feature", "geometry": {"type": "LineString", "coordinates": [[-75.15581891885375, 39.95349349795422], [-75.15581891885375, 39.95348661177492], [-75.15577400308955, 39.95348661177492], [-75.15577400308955, 39.95349349795422], [-75.15581891885375, 39.95349349795422]]}, "properties": {"confidence": "high"}}, {"type": "Feature", "geometry": {"type": "LineString", "coordinates": [[-75.15577400308955, 39.95348661177492], [-75.15577400308955, 39.9534797255949], [-75.1557201041725, 39.9534797255949], [-75.1557201041725, 39.95348661177492], [-75.15577400308955, 39.95348661177492]]}, "properties": {"confidence": "high"}}, {"type": "Feature", "geometry": {"type": "LineString", "coordinates": [[-75.14983613906153, 39.95348661177492], [-75.14983613906153, 39.9534797255949], [-75.14981817275584, 39.9534797255949], [-75.14981817275584, 39.95348661177492], [-75.14983613906153, 39.95348661177492]]}, "properties": {"confidence": "high"}}, {"type": "Feature", "geometry": {"type": "LineString", "coordinates": [[-75.149809189603, 39.95348661177492], [-75.149809189603, 39.9534797255949], [-75.14980020645017, 39.9534797255949], [-75.14980020645017, 39.95348661177492], [-75.149809189603, 39.95348661177492]]}, "properties": {"confidence": "high"}}, {"type": "Feature", "geometry": {"type": "LineString", "coordinates": [[-75.15633994171854, 39.95352104266455], [-75.15633994171854, 39.953472839414204], [-75.1563309585657, 39.953472839414204], [-75.1563309585657, 39.95352104266455], [-75.15633994171854, 39.95352104266455]]}, "properties": {"confidence": "high"}}, {"type": "Feature", "geometry": {"type": "LineString", "coordinates": [[-75.1557201041725, 39.9534797255949], [-75.1557201041725, 39.953472839414204], [-75.15565722210262, 39.953472839414204], [-75.15565722210262, 39.9534797255949], [-75.1557201041725, 39.9534797255949]]}, "properties": {"confidence": "high"}}, {"type": "Feature", "geometry": {"type": "LineString", "coordinates": [[-75.14984512221437, 39.9534797255949], [-75.14984512221437, 39.953472839414204], [-75.14983613906153, 39.953472839414204], [-75.14983613906153, 39.9534797255949], [-75.14984512221437, 39.9534797255949]]}, "properties": {"confidence": "high"}}, {"type": "Feature", "geometry": {"type": "LineString", "coordinates": [[-75.14980020645017, 39.9534797255949], [-75.14980020645017, 39.953472839414204], [-75.14979122329731, 39.953472839414204], [-75.14979122329731, 39.9534797255949], [-75.14980020645017, 39.9534797255949]]}, "properties": {"confidence": "high"}}, {"type": "Feature", "geometry": {"type": "LineString", "coordinates": [[-75.15565722210262, 39.953472839414204], [-75.15565722210262, 39.95346595323281], [-75.15560332318557, 39.95346595323281], [-75.15560332318557, 39.953472839414204], [-75.15565722210262, 39.953472839414204]]}, "properties": {"confidence": "high"}}, {"type": "Feature", "geometry": {"type": "LineString", "coordinates": [[-75.14985410536721, 39.953472839414204], [-75.14985410536721, 39.95346595323281], [-75.14984512221437, 39.95346595323281], [-75.14984512221437, 39.953472839414204], [-75.14985410536721, 39.953472839414204]]}, "properties": {"confidence": "high"}}, {"type": "Feature", "geometry": {"type": "LineString", "coordinates": [[-75.14979122329731, 39.953472839414204], [-75.14979122329731, 39.95346595323281], [-75.14978224014448, 39.95346595323281], [-75.14978224014448, 39.953472839414204], [-75.14979122329731, 39.953472839414204]]}, "properties": {"confidence": "high"}}, {"type": "Feature", "geometry": {"type": "LineString", "coordinates": [[-75.15145310657293, 39.95349349795422], [-75.15145310657293, 39.95345906705072], [-75.15144412342009, 39.95345906705072], [-75.15144412342009, 39.95349349795422], [-75.15145310657293, 39.95349349795422]]}, "properties": {"confidence": "high"}}, {"type": "Feature", "geometry": {"type": "LineString", "coordinates": [[-75.15560332318557, 39.95346595323281], [-75.15560332318557, 39.95345906705072], [-75.15555840742137, 39.95345906705072], [-75.15555840742137, 39.95346595323281], [-75.15560332318557, 39.95346595323281]]}, "properties": {"confidence": "high"}}, {"type": "Feature", "geometry": {"type": "LineString", "coordinates": [[-75.14986308852005, 39.95346595323281], [-75.14986308852005, 39.95345906705072], [-75.14985410536721, 39.95345906705072], [-75.14985410536721, 39.95346595323281], [-75.14986308852005, 39.95346595323281]]}, "properties": {"confidence": "high"}}, {"type": "Feature", "geometry": {"type": "LineString", "coordinates": [[-75.14978224014448, 39.95346595323281], [-75.14978224014448, 39.95345906705072], [-75.14977325699164, 39.95345906705072], [-75.14977325699164, 39.95346595323281], [-75.14978224014448, 39.95346595323281]]}, "properties": {"confidence": "high"}}, {"type": "Feature", "geometry": {"type": "LineString", "coordinates": [[-75.15309702354287, 39.95349349795422], [-75.15309702354287, 39.95345218086795], [-75.15308804039003, 39.95345218086795], [-75.15308804039003, 39.95349349795422], [-75.15309702354287, 39.95349349795422]]}, "properties": {"confidence": "high"}}, {"type": "Feature", "geometry": {"type": "LineString", "coordinates": [[-75.15555840742137, 39.95345906705072], [-75.15555840742137, 39.95345218086795], [-75.15551349165716, 39.95345218086795], [-75.15551349165716, 39.95345906705072], [-75.15555840742137, 39.95345906705072]]}, "properties": {"confidence": "high"}}, {"type": "Feature", "geometry": {"type": "LineString", "coordinates": [[-75.14988105482574, 39.95345906705072], [-75.14988105482574, 39.95345218086795], [-75.14986308852005, 39.95345218086795], [-75.14986308852005, 39.95345906705072], [-75.14988105482574, 39.95345906705072]]}, "properties": {"confidence": "high"}}, {"type": "Feature", "geometry": {"type": "LineString", "coordinates": [[-75.15551349165716, 39.95345218086795], [-75.15551349165716, 39.95344529468447], [-75.15545060958726, 39.95344529468447], [-75.15545060958726, 39.95345218086795], [-75.15551349165716, 39.95345218086795]]}, "properties": {"confidence": "high"}}, {"type": "Feature", "geometry": {"type": "LineString", "coordinates": [[-75.14989003797858, 39.95345218086795], [-75.14989003797858, 39.95344529468447], [-75.14988105482574, 39.95344529468447], [-75.14988105482574, 39.95345218086795], [-75.14989003797858, 39.95345218086795]]}, "properties": {"confidence": "high"}}, {"type": "Feature", "geometry": {"type": "LineString", "coordinates": [[-75.14831798623136, 39.95348661177492], [-75.14831798623136, 39.953438408500304], [-75.14830900307852, 39.953438408500304], [-75.14830900307852, 39.95348661177492], [-75.14831798623136, 39.95348661177492]]}, "properties": {"confidence": "high"}}, {"type": "Feature", "geometry": {"type": "LineString", "coordinates": [[-75.15545060958726, 39.95344529468447], [-75.15545060958726, 39.953438408500304], [-75.15538772751738, 39.953438408500304], [-75.15538772751738, 39.95344529468447], [-75.15545060958726, 39.95344529468447]]}, "properties": {"confidence": "high"}}, {"type": "Feature", "geometry": {"type": "LineString", "coordinates": [[-75.14989902113142, 39.95344529468447], [-75.14989902113142, 39.953438408500304], [-75.14989003797858, 39.953438408500304], [-75.14989003797858, 39.95344529468447], [-75.14989902113142, 39.95344529468447]]}, "properties": {"confidence": "high"}}, {"type": "Feature", "geometry": {"type": "LineString", "coordinates": [[-75.15538772751738, 39.953438408500304], [-75.15538772751738, 39.95343152231545], [-75.15533382860033, 39.95343152231545], [-75.15533382860033, 39.953438408500304], [-75.15538772751738, 39.953438408500304]]}, "properties": {"confidence": "high"}}, {"type": "Feature", "geometry": {"type": "LineString", "coordinates": [[-75.14990800428426, 39.953438408500304], [-75.14990800428426, 39.95343152231545], [-75.14989902113142, 39.95343152231545], [-75.14989902113142, 39.953438408500304], [-75.14990800428426, 39.953438408500304]]}, "properties": {"confidence": "high"}}, {"type": "Feature", "geometry": {"type": "LineString", "coordinates": [[-75.15533382860033, 39.95343152231545], [-75.15533382860033, 39.953424636129895], [-75.15527094653045, 39.953424636129895], [-75.15527094653045, 39.95343152231545], [-75.15533382860033, 39.95343152231545]]}, "properties": {"confidence": "high"}}, {"type": "Feature", "geometry": {"type": "LineString", "coordinates": [[-75.15146208972577, 39.95345906705072], [-75.15146208972577, 39.953417749943654], [-75.15145310657293, 39.953417749943654], [-75.15145310657293, 39.95345906705072], [-75.15146208972577, 39.95345906705072]]}, "properties": {"confidence": "high"}}, {"type": "Feature", "geometry": {"type": "LineString", "coordinates": [[-75.15527094653045, 39.953424636129895], [-75.15527094653045, 39.953417749943654], [-75.15520806446055, 39.953417749943654], [-75.15520806446055, 39.953424636129895], [-75.15527094653045, 39.953424636129895]]}, "properties": {"confidence": "high"}}, {"type": "Feature", "geometry": {"type": "LineString", "coordinates": [[-75.15472297420713, 39.95348661177492], [-75.15472297420713, 39.953410863756716], [-75.1547139910543, 39.953410863756716], [-75.1547139910543, 39.95348661177492], [-75.15472297420713, 39.95348661177492]]}, "properties": {"confidence": "high"}}, {"type": "Feature", "geometry": {"type": "LineString", "coordinates": [[-75.15310600669571, 39.95345218086795], [-75.15310600669571, 39.953410863756716], [-75.15309702354287, 39.953410863756716], [-75.15309702354287, 39.95345218086795], [-75.15310600669571, 39.95345218086795]]}, "properties": {"confidence": "high"}}, {"type": "Feature", "geometry": {"type": "LineString", "coordinates": [[-75.1499169874371, 39.95343152231545], [-75.1499169874371, 39.953410863756716], [-75.14990800428426, 39.953410863756716], [-75.14990800428426, 39.95343152231545], [-75.1499169874371, 39.95343152231545]]}, "properties": {"confidence": "high"}}, {"type": "Feature", "geometry": {"type": "LineString", "coordinates": [[-75.15520806446055, 39.953417749943654], [-75.15520806446055, 39.953410863756716], [-75.15515416554351, 39.953410863756716], [-75.15515416554351, 39.953417749943654], [-75.15520806446055, 39.953417749943654]]}, "properties": {"confidence": "high"}}, {"type": "Feature", "geometry": {"type": "LineString", "coordinates": [[-75.15515416554351, 39.953410863756716], [-75.15515416554351, 39.953403977569074], [-75.15509128347362, 39.953403977569074], [-75.15509128347362, 39.953410863756716], [-75.15515416554351, 39.953410863756716]]}, "properties": {"confidence": "high"}}, {"type": "Feature", "geometry": {"type": "LineString", "coordinates": [[-75.15509128347362, 39.953403977569074], [-75.15509128347362, 39.95339709138076], [-75.1550194182509, 39.95339709138076], [-75.1550194182509, 39.953403977569074], [-75.15509128347362, 39.953403977569074]]}, "properties": {"confidence": "high"}}, {"type": "Feature", "geometry": {"type": "LineString", "coordinates": [[-75.1550194182509, 39.95339709138076], [-75.1550194182509, 39.95339020519173], [-75.154956536181, 39.95339020519173], [-75.154956536181, 39.95339709138076], [-75.1550194182509, 39.95339709138076]]}, "properties": {"confidence": "high"}}, {"type": "Feature", "geometry": {"type": "LineString", "coordinates": [[-75.14977325699164, 39.95345906705072], [-75.14977325699164, 39.95338331900202], [-75.14976427383878, 39.95338331900202], [-75.14976427383878, 39.95345906705072], [-75.14977325699164, 39.95345906705072]]}, "properties": {"confidence": "high"}}, {"type": "Feature", "geometry": {"type": "LineString", "coordinates": [[-75.154956536181, 39.95339020519173], [-75.154956536181, 39.95338331900202], [-75.15490263726396, 39.95338331900202], [-75.15490263726396, 39.95339020519173], [-75.154956536181, 39.95339020519173]]}, "properties": {"confidence": "high"}}, {"type": "Feature", "geometry": {"type": "LineString", "coordinates": [[-75.1563489248714, 39.953472839414204], [-75.1563489248714, 39.953376432811616], [-75.15633994171854, 39.953376432811616], [-75.15633994171854, 39.953472839414204], [-75.1563489248714, 39.953472839414204]]}, "properties": {"confidence": "high"}}, {"type": "Feature", "geometry": {"type": "LineString", "coordinates": [[-75.15473195735997, 39.953410863756716], [-75.15473195735997, 39.953376432811616], [-75.15472297420713, 39.953376432811616], [-75.15472297420713, 39.953410863756716], [-75.15473195735997, 39.953410863756716]]}, "properties": {"confidence": "high"}}, {"type": "Feature", "geometry": {"type": "LineString", "coordinates": [[-75.15490263726396, 39.95338331900202], [-75.15490263726396, 39.953376432811616], [-75.15479483942985, 39.953376432811616], [-75.15479483942985, 39.95338331900202], [-75.15490263726396, 39.95338331900202]]}, "properties": {"confidence": "high"}}, {"type": "Feature", "geometry": {"type": "LineString", "coordinates": [[-75.1483269693842, 39.953438408500304], [-75.1483269693842, 39.95336954662052], [-75.14831798623136, 39.95336954662052], [-75.14831798623136, 39.953438408500304], [-75.1483269693842, 39.953438408500304]]}, "properties": {"confidence": "high"}}, {"type": "Feature", "geometry": {"type": "LineString", "coordinates": [[-75.15147107287862, 39.953417749943654], [-75.15147107287862, 39.95336954662052], [-75.15146208972577, 39.95336954662052], [-75.15146208972577, 39.953417749943654], [-75.15147107287862, 39.953417749943654]]}, "properties": {"confidence": "high"}}, {"type": "Feature", "geometry": {"type": "LineString", "coordinates": [[-75.14992597058993, 39.953410863756716], [-75.14992597058993, 39.95336266042872], [-75.1499169874371, 39.95336266042872], [-75.1499169874371, 39.953410863756716], [-75.14992597058993, 39.953410863756716]]}, "properties": {"confidence": "high"}}, {"type": "Feature", "geometry": {"type": "LineString", "coordinates": [[-75.15479483942985, 39.953376432811616], [-75.15479483942985, 39.95336954662052], [-75.15474094051281, 39.95336954662052], [-75.15474094051281, 39.95336266042872], [-75.15473195735997, 39.95336266042872], [-75.15473195735997, 39.953376432811616], [-75.15479483942985, 39.953376432811616]]}, "properties": {"confidence": "high"}}, {"type": "Feature", "geometry": {"type": "LineString", "coordinates": [[-75.14833595253704, 39.95336954662052], [-75.14833595253704, 39.95335577423624], [-75.1483269693842, 39.95335577423624], [-75.1483269693842, 39.95336954662052], [-75.14833595253704, 39.95336954662052]]}, "properties": {"confidence": "high"}}, {"type": "Feature", "geometry": {"type": "LineString", "coordinates": [[-75.14978224014448, 39.95338331900202], [-75.14978224014448, 39.95334888804307], [-75.14977325699164, 39.95334888804307], [-75.14977325699164, 39.95338331900202], [-75.14978224014448, 39.95338331900202]]}, "properties": {"confidence": "high"}}, {"type": "Feature", "geometry": {"type": "LineString", "coordinates": [[-75.15148005603146, 39.95336954662052], [-75.15148005603146, 39.95334888804307], [-75.15147107287862, 39.95334888804307], [-75.15147107287862, 39.95336954662052], [-75.15148005603146, 39.95336954662052]]}, "properties": {"confidence": "high"}}, {"type": "Feature", "geometry": {"type": "LineString", "coordinates": [[-75.15473195735997, 39.95336266042872], [-75.15473195735997, 39.95334888804307], [-75.15472297420713, 39.95334888804307], [-75.15472297420713, 39.95336266042872], [-75.15473195735997, 39.95336266042872]]}, "properties": {"confidence": "high"}}, {"type": "Feature", "geometry": {"type": "LineString", "coordinates": [[-75.14993495374279, 39.95336266042872], [-75.14993495374279, 39.95334888804307], [-75.14992597058993, 39.95334888804307], [-75.14992597058993, 39.95336266042872], [-75.14993495374279, 39.95336266042872]]}, "properties": {"confidence": "high"}}, {"type": "Feature", "geometry": {"type": "LineString", "coordinates": [[-75.15311498984856, 39.953410863756716], [-75.15311498984856, 39.953335115654625], [-75.15310600669571, 39.953335115654625], [-75.15310600669571, 39.953410863756716], [-75.15311498984856, 39.953410863756716]]}, "properties": {"confidence": "high"}}, {"type": "Feature", "geometry": {"type": "LineString", "coordinates": [[-75.15635790802423, 39.953376432811616], [-75.15635790802423, 39.953335115654625], [-75.1563489248714, 39.953335115654625], [-75.1563489248714, 39.953376432811616], [-75.15635790802423, 39.953376432811616]]}, "properties": {"confidence": "high"}}, {"type": "Feature", "geometry": {"type": "LineString", "coordinates": [[-75.15472297420713, 39.95334888804307], [-75.15472297420713, 39.953335115654625], [-75.1547139910543, 39.953335115654625], [-75.1547139910543, 39.95334200184919], [-75.15470500790146, 39.95334200184919], [-75.15470500790146, 39.95334888804307], [-75.15472297420713, 39.95334888804307]]}, "properties": {"confidence": "high"}}, {"type": "Feature", "geometry": {"type": "LineString", "coordinates": [[-75.15470500790146, 39.95334200184919], [-75.15470500790146, 39.953335115654625], [-75.1546061932202, 39.953335115654625], [-75.1546061932202, 39.95334200184919], [-75.15470500790146, 39.95334200184919]]}, "properties": {"confidence": "high"}}, {"type": "Feature", "geometry": {"type": "LineString", "coordinates": [[-75.14834493568989, 39.95335577423624], [-75.14834493568989, 39.953328229459366], [-75.14833595253704, 39.953328229459366], [-75.14833595253704, 39.95335577423624], [-75.14834493568989, 39.95335577423624]]}, "properties": {"confidence": "high"}}, {"type": "Feature", "geometry": {"type": "LineString", "coordinates": [[-75.1514890391843, 39.95334888804307], [-75.1514890391843, 39.953328229459366], [-75.15148005603146, 39.953328229459366], [-75.15148005603146, 39.95334888804307], [-75.1514890391843, 39.95334888804307]]}, "properties": {"confidence": "high"}}, {"type": "Feature", "geometry": {"type": "LineString", "coordinates": [[-75.1546061932202, 39.953335115654625], [-75.1546061932202, 39.953328229459366], [-75.15451636169179, 39.953328229459366], [-75.15451636169179, 39.953335115654625], [-75.1546061932202, 39.953335115654625]]}, "properties": {"confidence": "high"}}, {"type": "Feature", "geometry": {"type": "LineString", "coordinates": [[-75.14979122329731, 39.95334888804307], [-75.14979122329731, 39.95332134326341], [-75.14978224014448, 39.95332134326341], [-75.14978224014448, 39.95334888804307], [-75.14979122329731, 39.95334888804307]]}, "properties": {"confidence": "high"}}, {"type": "Feature", "geometry": {"type": "LineString", "coordinates": [[-75.15473195735997, 39.953335115654625], [-75.15473195735997, 39.95332134326341], [-75.15472297420713, 39.95332134326341], [-75.15472297420713, 39.953335115654625], [-75.15473195735997, 39.953335115654625]]}, "properties": {"confidence": "high"}}, {"type": "Feature", "geometry": {"type": "LineString", "coordinates": [[-75.15451636169179, 39.953328229459366], [-75.15451636169179, 39.95332134326341], [-75.15443551331622, 39.95332134326341], [-75.15443551331622, 39.953328229459366], [-75.15451636169179, 39.953328229459366]]}, "properties": {"confidence": "high"}}, {"type": "Feature", "geometry": {"type": "LineString", "coordinates": [[-75.14835391884273, 39.953328229459366], [-75.14835391884273, 39.953314457066774], [-75.14834493568989, 39.953314457066774], [-75.14834493568989, 39.953328229459366], [-75.14835391884273, 39.953328229459366]]}, "properties": {"confidence": "high"}}, {"type": "Feature", "geometry": {"type": "LineString", "coordinates": [[-75.15443551331622, 39.95332134326341], [-75.15443551331622, 39.953314457066774], [-75.15438161439917, 39.953314457066774], [-75.15438161439917, 39.95332134326341], [-75.15443551331622, 39.95332134326341]]}, "properties": {"confidence": "high"}}, {"type": "Feature", "geometry": {"type": "LineString", "coordinates": [[-75.14994393689562, 39.95334888804307], [-75.14994393689562, 39.953307570869434], [-75.14993495374279, 39.953307570869434], [-75.14993495374279, 39.95334888804307], [-75.14994393689562, 39.95334888804307]]}, "properties": {"confidence": "high"}}, {"type": "Feature", "geometry": {"type": "LineString", "coordinates": [[-75.15438161439917, 39.953314457066774], [-75.15438161439917, 39.953307570869434], [-75.15431873232927, 39.953307570869434], [-75.15431873232927, 39.953314457066774], [-75.15438161439917, 39.953314457066774]]}, "properties": {"confidence": "high"}}, {"type": "Feature", "geometry": {"type": "LineString", "coordinates": [[-75.14836290199557, 39.953314457066774], [-75.14836290199557, 39.9533006846714], [-75.14835391884273, 39.9533006846714], [-75.14835391884273, 39.953314457066774], [-75.14836290199557, 39.953314457066774]]}, "properties": {"confidence": "high"}}, {"type": "Feature", "geometry": {"type": "LineString", "coordinates": [[-75.15431873232927, 39.953307570869434], [-75.15431873232927, 39.9533006846714], [-75.15426483341223, 39.9533006846714], [-75.15426483341223, 39.953307570869434], [-75.15431873232927, 39.953307570869434]]}, "properties": {"confidence": "high"}}, {"type": "Feature", "geometry": {"type": "LineString", "coordinates": [[-75.15149802233714, 39.953328229459366], [-75.15149802233714, 39.95329379847268], [-75.1514890391843, 39.95329379847268], [-75.1514890391843, 39.953328229459366], [-75.15149802233714, 39.953328229459366]]}, "properties": {"confidence": "high"}}, {"type": "Feature", "geometry": {"type": "LineString", "coordinates": [[-75.15426483341223, 39.9533006846714], [-75.15426483341223, 39.95329379847268], [-75.1541929681895, 39.95329379847268], [-75.1541929681895, 39.9533006846714], [-75.15426483341223, 39.9533006846714]]}, "properties": {"confidence": "high"}}, {"type": "Feature", "geometry": {"type": "LineString", "coordinates": [[-75.15636689117707, 39.953335115654625], [-75.15636689117707, 39.953286912273256], [-75.15635790802423, 39.953286912273256], [-75.15635790802423, 39.953335115654625], [-75.15636689117707, 39.953335115654625]]}, "properties": {"confidence": "high"}}, {"type": "Feature", "geometry": {"type": "LineString", "coordinates": [[-75.15474094051281, 39.95332134326341], [-75.15474094051281, 39.953286912273256], [-75.15473195735997, 39.953286912273256], [-75.15473195735997, 39.95332134326341], [-75.15474094051281, 39.95332134326341]]}, "properties": {"confidence": "high"}}, {"type": "Feature", "geometry": {"type": "LineString", "coordinates": [[-75.14980020645017, 39.95332134326341], [-75.14980020645017, 39.953286912273256], [-75.14979122329731, 39.953286912273256], [-75.14979122329731, 39.95332134326341], [-75.14980020645017, 39.95332134326341]]}, "properties": {"confidence": "high"}}, {"type": "Feature", "geometry": {"type": "LineString", "coordinates": [[-75.1541929681895, 39.95329379847268], [-75.1541929681895, 39.953286912273256], [-75.15412110296677, 39.953286912273256], [-75.15412110296677, 39.95329379847268], [-75.1541929681895, 39.95329379847268]]}, "properties": {"confidence": "high"}}, {"type": "Feature", "geometry": {"type": "LineString", "coordinates": [[-75.15412110296677, 39.953286912273256], [-75.15412110296677, 39.95328002607314], [-75.15408517035542, 39.95328002607314], [-75.15408517035542, 39.953286912273256], [-75.15412110296677, 39.953286912273256]]}, "properties": {"confidence": "high"}}, {"type": "Feature", "geometry": {"type": "LineString", "coordinates": [[-75.14995292004846, 39.953307570869434], [-75.14995292004846, 39.95327313987234], [-75.14994393689562, 39.95327313987234], [-75.14994393689562, 39.953307570869434], [-75.14995292004846, 39.953307570869434]]}, "properties": {"confidence": "high"}}, {"type": "Feature", "geometry": {"type": "LineString", "coordinates": [[-75.1483718851484, 39.9533006846714], [-75.1483718851484, 39.95327313987234], [-75.14836290199557, 39.95327313987234], [-75.14836290199557, 39.9533006846714], [-75.1483718851484, 39.9533006846714]]}, "properties": {"confidence": "high"}}, {"type": "Feature", "geometry": {"type": "LineString", "coordinates": [[-75.15408517035542, 39.95328002607314], [-75.15408517035542, 39.95327313987234], [-75.15404025459121, 39.95327313987234], [-75.15404025459121, 39.95328002607314], [-75.15408517035542, 39.95328002607314]]}, "properties": {"confidence": "high"}}, {"type": "Feature", "geometry": {"type": "LineString", "coordinates": [[-75.15150700548999, 39.95329379847268], [-75.15150700548999, 39.95326625367083], [-75.15149802233714, 39.95326625367083], [-75.15149802233714, 39.95329379847268], [-75.15150700548999, 39.95329379847268]]}, "properties": {"confidence": "high"}}, {"type": "Feature", "geometry": {"type": "LineString", "coordinates": [[-75.15404025459121, 39.95327313987234], [-75.15404025459121, 39.95326625367083], [-75.15400432197984, 39.95326625367083], [-75.15400432197984, 39.95327313987234], [-75.15404025459121, 39.95327313987234]]}, "properties": {"confidence": "high"}}, {"type": "Feature", "geometry": {"type": "LineString", "coordinates": [[-75.15400432197984, 39.95326625367083], [-75.15400432197984, 39.95325936746864], [-75.1539504230628, 39.95325936746864], [-75.1539504230628, 39.95326625367083], [-75.15400432197984, 39.95326625367083]]}, "properties": {"confidence": "high"}}, {"type": "Feature", "geometry": {"type": "LineString", "coordinates": [[-75.1539504230628, 39.95325936746864], [-75.1539504230628, 39.95325248126576], [-75.15391449045143, 39.95325248126576], [-75.15391449045143, 39.95325936746864], [-75.1539504230628, 39.95325936746864]]}, "properties": {"confidence": "high"}}, {"type": "Feature", "geometry": {"type": "LineString", "coordinates": [[-75.149809189603, 39.953286912273256], [-75.149809189603, 39.95324559506218], [-75.14980020645017, 39.95324559506218], [-75.14980020645017, 39.953286912273256], [-75.149809189603, 39.953286912273256]]}, "properties": {"confidence": "high"}}, {"type": "Feature", "geometry": {"type": "LineString", "coordinates": [[-75.15391449045143, 39.95325248126576], [-75.15391449045143, 39.95324559506218], [-75.1538426252287, 39.95324559506218], [-75.1538426252287, 39.95325248126576], [-75.15391449045143, 39.95325248126576]]}, "properties": {"confidence": "high"}}, {"type": "Feature", "geometry": {"type": "LineString", "coordinates": [[-75.15637587432991, 39.953286912273256], [-75.15637587432991, 39.95323870885791], [-75.15636689117707, 39.95323870885791], [-75.15636689117707, 39.953286912273256], [-75.15637587432991, 39.953286912273256]]}, "properties": {"confidence": "high"}}, {"type": "Feature", "geometry": {"type": "LineString", "coordinates": [[-75.1538426252287, 39.95324559506218], [-75.1538426252287, 39.95323870885791], [-75.15377076000597, 39.95323870885791], [-75.15377076000597, 39.95324559506218], [-75.1538426252287, 39.95324559506218]]}, "properties": {"confidence": "high"}}, {"type": "Feature", "geometry": {"type": "LineString", "coordinates": [[-75.15377076000597, 39.95323870885791], [-75.15377076000597, 39.95323182265294], [-75.15369889478323, 39.95323182265294], [-75.15369889478323, 39.95323870885791], [-75.15377076000597, 39.95323870885791]]}, "properties": {"confidence": "high"}}, {"type": "Feature", "geometry": {"type": "LineString", "coordinates": [[-75.1531239730014, 39.953335115654625], [-75.1531239730014, 39.953224936447285], [-75.15311498984856, 39.953224936447285], [-75.15311498984856, 39.953335115654625], [-75.1531239730014, 39.953335115654625]]}, "properties": {"confidence": "high"}}, {"type": "Feature", "geometry": {"type": "LineString", "coordinates": [[-75.1499619032013, 39.95327313987234], [-75.1499619032013, 39.953224936447285], [-75.14995292004846, 39.953224936447285], [-75.14995292004846, 39.95327313987234], [-75.1499619032013, 39.95327313987234]]}, "properties": {"confidence": "high"}}, {"type": "Feature", "geometry": {"type": "LineString", "coordinates": [[-75.15151598864283, 39.95326625367083], [-75.15151598864283, 39.953224936447285], [-75.15150700548999, 39.953224936447285], [-75.15150700548999, 39.95326625367083], [-75.15151598864283, 39.95326625367083]]}, "properties": {"confidence": "high"}}, {"type": "Feature", "geometry": {"type": "LineString", "coordinates": [[-75.15369889478323, 39.95323182265294], [-75.15369889478323, 39.953224936447285], [-75.15364499586619, 39.953224936447285], [-75.15364499586619, 39.95323182265294], [-75.15369889478323, 39.95323182265294]]}, "properties": {"confidence": "high"}}, {"type": "Feature", "geometry": {"type": "LineString", "coordinates": [[-75.14838086830125, 39.95327313987234], [-75.14838086830125, 39.95321805024093], [-75.1483718851484, 39.95321805024093], [-75.1483718851484, 39.95327313987234], [-75.14838086830125, 39.95327313987234]]}, "properties": {"confidence": "high"}}, {"type": "Feature", "geometry": {"type": "LineString", "coordinates": [[-75.15364499586619, 39.953224936447285], [-75.15364499586619, 39.95321805024093], [-75.15359109694914, 39.95321805024093], [-75.15359109694914, 39.953224936447285], [-75.15364499586619, 39.953224936447285]]}, "properties": {"confidence": "high"}}, {"type": "Feature", "geometry": {"type": "LineString", "coordinates": [[-75.15474992366566, 39.953286912273256], [-75.15474992366566, 39.95321116403388], [-75.15474094051281, 39.95321116403388], [-75.15474094051281, 39.953286912273256], [-75.15474992366566, 39.953286912273256]]}, "properties": {"confidence": "high"}}, {"type": "Feature", "geometry": {"type": "LineString", "coordinates": [[-75.15638485748275, 39.95323870885791], [-75.15638485748275, 39.95321116403388], [-75.15637587432991, 39.95321116403388], [-75.15637587432991, 39.95323870885791], [-75.15638485748275, 39.95323870885791]]}, "properties": {"confidence": "high"}}, {"type": "Feature", "geometry": {"type": "LineString", "coordinates": [[-75.15359109694914, 39.95321805024093], [-75.15359109694914, 39.95321116403388], [-75.1535371980321, 39.95321116403388], [-75.1535371980321, 39.95321805024093], [-75.15359109694914, 39.95321805024093]]}, "properties": {"confidence": "high"}}, {"type": "Feature", "geometry": {"type": "LineString", "coordinates": [[-75.14981817275584, 39.95324559506218], [-75.14981817275584, 39.953204277826146], [-75.149809189603, 39.953204277826146], [-75.149809189603, 39.95324559506218], [-75.14981817275584, 39.95324559506218]]}, "properties": {"confidence": "high"}}, {"type": "Feature", "geometry": {"type": "LineString", "coordinates": [[-75.14997088635414, 39.953224936447285], [-75.14997088635414, 39.953204277826146], [-75.1499619032013, 39.953204277826146], [-75.1499619032013, 39.953224936447285], [-75.14997088635414, 39.953224936447285]]}, "properties": {"confidence": "high"}}, {"type": "Feature", "geometry": {"type": "LineString", "coordinates": [[-75.1535371980321, 39.95321116403388], [-75.1535371980321, 39.953204277826146], [-75.15346533280936, 39.953204277826146], [-75.15346533280936, 39.95321116403388], [-75.1535371980321, 39.95321116403388]]}, "properties": {"confidence": "high"}}, {"type": "Feature", "geometry": {"type": "LineString", "coordinates": [[-75.15346533280936, 39.953204277826146], [-75.15346533280936, 39.953197391617714], [-75.15340245073948, 39.953197391617714], [-75.15340245073948, 39.953204277826146], [-75.15346533280936, 39.953204277826146]]}, "properties": {"confidence": "high"}}, {"type": "Feature", "geometry": {"type": "LineString", "coordinates": [[-75.15313295615424, 39.953224936447285], [-75.15313295615424, 39.953190505408585], [-75.1531239730014, 39.953190505408585], [-75.1531239730014, 39.953224936447285], [-75.15313295615424, 39.953224936447285]]}, "properties": {"confidence": "high"}}, {"type": "Feature", "geometry": {"type": "LineString", "coordinates": [[-75.15340245073948, 39.953197391617714], [-75.15340245073948, 39.953190505408585], [-75.15334855182243, 39.953190505408585], [-75.15334855182243, 39.953197391617714], [-75.15340245073948, 39.953197391617714]]}, "properties": {"confidence": "high"}}, {"type": "Feature", "geometry": {"type": "LineString", "coordinates": [[-75.15334855182243, 39.953190505408585], [-75.15334855182243, 39.95318361919877], [-75.15329465290539, 39.95318361919877], [-75.15329465290539, 39.953190505408585], [-75.15334855182243, 39.953190505408585]]}, "properties": {"confidence": "high"}}, {"type": "Feature", "geometry": {"type": "LineString", "coordinates": [[-75.15314193930708, 39.953190505408585], [-75.15314193930708, 39.95318361919877], [-75.15313295615424, 39.95318361919877], [-75.15313295615424, 39.953190505408585], [-75.15314193930708, 39.953190505408585]]}, "properties": {"confidence": "high"}}, {"type": "Feature", "geometry": {"type": "LineString", "coordinates": [[-75.15329465290539, 39.95318361919877], [-75.15329465290539, 39.953176732988254], [-75.15319583822412, 39.953176732988254], [-75.15319583822412, 39.95318361919877], [-75.15329465290539, 39.95318361919877]]}, "properties": {"confidence": "high"}}, {"type": "Feature", "geometry": {"type": "LineString", "coordinates": [[-75.15152497179568, 39.953224936447285], [-75.15152497179568, 39.95316984677706], [-75.15151598864283, 39.95316984677706], [-75.15151598864283, 39.953224936447285], [-75.15152497179568, 39.953224936447285]]}, "properties": {"confidence": "high"}}, {"type": "Feature", "geometry": {"type": "LineString", "coordinates": [[-75.1563938406356, 39.95321116403388], [-75.1563938406356, 39.95316984677706], [-75.15638485748275, 39.95316984677706], [-75.15638485748275, 39.95321116403388], [-75.1563938406356, 39.95321116403388]]}, "properties": {"confidence": "high"}}, {"type": "Feature", "geometry": {"type": "LineString", "coordinates": [[-75.1547589068185, 39.95321116403388], [-75.1547589068185, 39.95316984677706], [-75.15474992366566, 39.95316984677706], [-75.15474992366566, 39.95321116403388], [-75.1547589068185, 39.95321116403388]]}, "properties": {"confidence": "high"}}, {"type": "Feature", "geometry": {"type": "LineString", "coordinates": [[-75.1498271559087, 39.953204277826146], [-75.1498271559087, 39.95316984677706], [-75.14981817275584, 39.95316984677706], [-75.14981817275584, 39.953204277826146], [-75.1498271559087, 39.953204277826146]]}, "properties": {"confidence": "high"}}, {"type": "Feature", "geometry": {"type": "LineString", "coordinates": [[-75.15315092245991, 39.95318361919877], [-75.15315092245991, 39.953176732988254], [-75.15319583822412, 39.953176732988254], [-75.15319583822412, 39.95316984677706], [-75.15314193930708, 39.95316984677706], [-75.15314193930708, 39.95318361919877], [-75.15315092245991, 39.95318361919877]]}, "properties": {"confidence": "high"}}, {"type": "Feature", "geometry": {"type": "LineString", "coordinates": [[-75.1483898514541, 39.95321805024093], [-75.1483898514541, 39.95316296056516], [-75.14838086830125, 39.95316296056516], [-75.14838086830125, 39.95321805024093], [-75.1483898514541, 39.95321805024093]]}, "properties": {"confidence": "high"}}, {"type": "Feature", "geometry": {"type": "LineString", "coordinates": [[-75.15314193930708, 39.95316984677706], [-75.15314193930708, 39.95316296056516], [-75.1531239730014, 39.95316296056516], [-75.1531239730014, 39.95316984677706], [-75.15314193930708, 39.95316984677706]]}, "properties": {"confidence": "high"}}, {"type": "Feature", "geometry": {"type": "LineString", "coordinates": [[-75.1531239730014, 39.95316296056516], [-75.1531239730014, 39.95315607435256], [-75.15309702354287, 39.95315607435256], [-75.15309702354287, 39.95316296056516], [-75.1531239730014, 39.95316296056516]]}, "properties": {"confidence": "high"}}, {"type": "Feature", "geometry": {"type": "LineString", "coordinates": [[-75.15309702354287, 39.95315607435256], [-75.15309702354287, 39.95314918813928], [-75.15302515832015, 39.95314918813928], [-75.15302515832015, 39.95315607435256], [-75.15309702354287, 39.95315607435256]]}, "properties": {"confidence": "high"}}, {"type": "Feature", "geometry": {"type": "LineString", "coordinates": [[-75.15302515832015, 39.95314918813928], [-75.15302515832015, 39.9531423019253], [-75.15296227625026, 39.9531423019253], [-75.15296227625026, 39.95314918813928], [-75.15302515832015, 39.95314918813928]]}, "properties": {"confidence": "high"}}, {"type": "Feature", "geometry": {"type": "LineString", "coordinates": [[-75.15640282378844, 39.95316984677706], [-75.15640282378844, 39.95313541571063], [-75.1563938406356, 39.95313541571063], [-75.1563938406356, 39.95316984677706], [-75.15640282378844, 39.95316984677706]]}, "properties": {"confidence": "high"}}, {"type": "Feature", "geometry": {"type": "LineString", "coordinates": [[-75.15296227625026, 39.9531423019253], [-75.15296227625026, 39.95313541571063], [-75.15289939418037, 39.95313541571063], [-75.15289939418037, 39.9531423019253], [-75.15296227625026, 39.9531423019253]]}, "properties": {"confidence": "high"}}, {"type": "Feature", "geometry": {"type": "LineString", "coordinates": [[-75.15289939418037, 39.95313541571063], [-75.15289939418037, 39.95312852949527], [-75.1528185458048, 39.95312852949527], [-75.1528185458048, 39.95313541571063], [-75.15289939418037, 39.95313541571063]]}, "properties": {"confidence": "high"}}, {"type": "Feature", "geometry": {"type": "LineString", "coordinates": [[-75.15476788997134, 39.95316984677706], [-75.15476788997134, 39.95312164327921], [-75.1547589068185, 39.95312164327921], [-75.1547589068185, 39.95316984677706], [-75.15476788997134, 39.95316984677706]]}, "properties": {"confidence": "high"}}, {"type": "Feature", "geometry": {"type": "LineString", "coordinates": [[-75.14983613906153, 39.95316984677706], [-75.14983613906153, 39.95312164327921], [-75.1498271559087, 39.95312164327921], [-75.1498271559087, 39.95316984677706], [-75.14983613906153, 39.95316984677706]]}, "properties": {"confidence": "high"}}, {"type": "Feature", "geometry": {"type": "LineString", "coordinates": [[-75.14839883460694, 39.95316296056516], [-75.14839883460694, 39.95312164327921], [-75.1483898514541, 39.95312164327921], [-75.1483898514541, 39.95316296056516], [-75.14839883460694, 39.95316296056516]]}, "properties": {"confidence": "high"}}, {"type": "Feature", "geometry": {"type": "LineString", "coordinates": [[-75.1528185458048, 39.95312852949527], [-75.1528185458048, 39.95312164327921], [-75.15276464688776, 39.95312164327921], [-75.15276464688776, 39.95312852949527], [-75.1528185458048, 39.95312852949527]]}, "properties": {"confidence": "high"}}, {"type": "Feature", "geometry": {"type": "LineString", "coordinates": [[-75.15276464688776, 39.95312164327921], [-75.15276464688776, 39.95311475706246], [-75.15272871427639, 39.95311475706246], [-75.15272871427639, 39.95312164327921], [-75.15276464688776, 39.95312164327921]]}, "properties": {"confidence": "high"}}, {"type": "Feature", "geometry": {"type": "LineString", "coordinates": [[-75.15272871427639, 39.95311475706246], [-75.15272871427639, 39.95310787084501], [-75.15267481535935, 39.95310787084501], [-75.15267481535935, 39.95311475706246], [-75.15272871427639, 39.95311475706246]]}, "properties": {"confidence": "high"}}, {"type": "Feature", "geometry": {"type": "LineString", "coordinates": [[-75.15267481535935, 39.95310787084501], [-75.15267481535935, 39.95310098462687], [-75.15262091644229, 39.95310098462687], [-75.15262091644229, 39.95310787084501], [-75.15267481535935, 39.95310787084501]]}, "properties": {"confidence": "high"}}, {"type": "Feature", "geometry": {"type": "LineString", "coordinates": [[-75.15153395494852, 39.95316984677706], [-75.15153395494852, 39.95309409840804], [-75.15152497179568, 39.95309409840804], [-75.15152497179568, 39.95316984677706], [-75.15153395494852, 39.95316984677706]]}, "properties": {"confidence": "high"}}, {"type": "Feature", "geometry": {"type": "LineString", "coordinates": [[-75.15262091644229, 39.95310098462687], [-75.15262091644229, 39.95309409840804], [-75.15258498383092, 39.95309409840804], [-75.15258498383092, 39.95310098462687], [-75.15262091644229, 39.95310098462687]]}, "properties": {"confidence": "high"}}, {"type": "Feature", "geometry": {"type": "LineString", "coordinates": [[-75.14984512221437, 39.95312164327921], [-75.14984512221437, 39.953087212188514], [-75.14983613906153, 39.953087212188514], [-75.14983613906153, 39.95312164327921], [-75.14984512221437, 39.95312164327921]]}, "properties": {"confidence": "high"}}, {"type": "Feature", "geometry": {"type": "LineString", "coordinates": [[-75.15258498383092, 39.95309409840804], [-75.15258498383092, 39.953087212188514], [-75.15254006806671, 39.953087212188514], [-75.15254006806671, 39.95309409840804], [-75.15258498383092, 39.95309409840804]]}, "properties": {"confidence": "high"}}, {"type": "Feature", "geometry": {"type": "LineString", "coordinates": [[-75.15477687312418, 39.95312164327921], [-75.15477687312418, 39.9530803259683], [-75.15476788997134, 39.9530803259683], [-75.15476788997134, 39.95312164327921], [-75.15477687312418, 39.95312164327921]]}, "properties": {"confidence": "high"}}, {"type": "Feature", "geometry": {"type": "LineString", "coordinates": [[-75.15254006806671, 39.953087212188514], [-75.15254006806671, 39.9530803259683], [-75.15247718599683, 39.9530803259683], [-75.15247718599683, 39.953087212188514], [-75.15254006806671, 39.953087212188514]]}, "properties": {"confidence": "high"}}, {"type": "Feature", "geometry": {"type": "LineString", "coordinates": [[-75.15247718599683, 39.9530803259683], [-75.15247718599683, 39.953073439747385], [-75.15241430392695, 39.953073439747385], [-75.15241430392695, 39.9530803259683], [-75.15247718599683, 39.9530803259683]]}, "properties": {"confidence": "high"}}, {"type": "Feature", "geometry": {"type": "LineString", "coordinates": [[-75.15641180694128, 39.95313541571063], [-75.15641180694128, 39.95306655352578], [-75.15640282378844, 39.95306655352578], [-75.15640282378844, 39.95313541571063], [-75.15641180694128, 39.95313541571063]]}, "properties": {"confidence": "high"}}, {"type": "Feature", "geometry": {"type": "LineString", "coordinates": [[-75.14985410536721, 39.953087212188514], [-75.14985410536721, 39.95306655352578], [-75.14984512221437, 39.95306655352578], [-75.14984512221437, 39.953087212188514], [-75.14985410536721, 39.953087212188514]]}, "properties": {"confidence": "high"}}, {"type": "Feature", "geometry": {"type": "LineString", "coordinates": [[-75.15241430392695, 39.953073439747385], [-75.15241430392695, 39.95306655352578], [-75.15235142185706, 39.95306655352578], [-75.15235142185706, 39.953073439747385], [-75.15241430392695, 39.953073439747385]]}, "properties": {"confidence": "high"}}, {"type": "Feature", "geometry": {"type": "LineString", "coordinates": [[-75.15235142185706, 39.95306655352578], [-75.15235142185706, 39.953059667303485], [-75.15228853978718, 39.953059667303485], [-75.15228853978718, 39.95306655352578], [-75.15235142185706, 39.95306655352578]]}, "properties": {"confidence": "high"}}, {"type": "Feature", "geometry": {"type": "LineString", "coordinates": [[-75.15228853978718, 39.953059667303485], [-75.15228853978718, 39.953052781080494], [-75.1522076914116, 39.953052781080494], [-75.1522076914116, 39.953059667303485], [-75.15228853978718, 39.953059667303485]]}, "properties": {"confidence": "high"}}, {"type": "Feature", "geometry": {"type": "LineString", "coordinates": [[-75.14986308852005, 39.95306655352578], [-75.14986308852005, 39.9530458948568], [-75.14985410536721, 39.9530458948568], [-75.14985410536721, 39.95306655352578], [-75.14986308852005, 39.95306655352578]]}, "properties": {"confidence": "high"}}, {"type": "Feature", "geometry": {"type": "LineString", "coordinates": [[-75.1522076914116, 39.953052781080494], [-75.1522076914116, 39.9530458948568], [-75.1521627756474, 39.9530458948568], [-75.1521627756474, 39.953052781080494], [-75.1522076914116, 39.953052781080494]]}, "properties": {"confidence": "high"}}, {"type": "Feature", "geometry": {"type": "LineString", "coordinates": [[-75.14840781775978, 39.95312164327921], [-75.14840781775978, 39.95303900863242], [-75.14839883460694, 39.95303900863242], [-75.14839883460694, 39.95312164327921], [-75.14840781775978, 39.95312164327921]]}, "properties": {"confidence": "high"}}, {"type": "Feature", "geometry": {"type": "LineString", "coordinates": [[-75.15478585627702, 39.9530803259683], [-75.15478585627702, 39.95303900863242], [-75.15477687312418, 39.95303900863242], [-75.15477687312418, 39.9530803259683], [-75.15478585627702, 39.9530803259683]]}, "properties": {"confidence": "high"}}, {"type": "Feature", "geometry": {"type": "LineString", "coordinates": [[-75.1521627756474, 39.9530458948568], [-75.1521627756474, 39.95303900863242], [-75.15211785988319, 39.95303900863242], [-75.15211785988319, 39.9530458948568], [-75.1521627756474, 39.9530458948568]]}, "properties": {"confidence": "high"}}, {"type": "Feature", "geometry": {"type": "LineString", "coordinates": [[-75.15211785988319, 39.95303900863242], [-75.15211785988319, 39.95303212240736], [-75.15209091042468, 39.95303212240736], [-75.15209091042468, 39.95303900863242], [-75.15211785988319, 39.95303900863242]]}, "properties": {"confidence": "high"}}, {"type": "Feature", "geometry": {"type": "LineString", "coordinates": [[-75.15642079009412, 39.95306655352578], [-75.15642079009412, 39.95302523618159], [-75.15641180694128, 39.95302523618159], [-75.15641180694128, 39.95306655352578], [-75.15642079009412, 39.95306655352578]]}, "properties": {"confidence": "high"}}, {"type": "Feature", "geometry": {"type": "LineString", "coordinates": [[-75.14987207167289, 39.9530458948568], [-75.14987207167289, 39.95302523618159], [-75.14986308852005, 39.95302523618159], [-75.14986308852005, 39.9530458948568], [-75.14987207167289, 39.9530458948568]]}, "properties": {"confidence": "high"}}, {"type": "Feature", "geometry": {"type": "LineString", "coordinates": [[-75.15209091042468, 39.95303212240736], [-75.15209091042468, 39.95302523618159], [-75.15204599466045, 39.95302523618159], [-75.15204599466045, 39.95303212240736], [-75.15209091042468, 39.95303212240736]]}, "properties": {"confidence": "high"}}, {"type": "Feature", "geometry": {"type": "LineString", "coordinates": [[-75.15204599466045, 39.95302523618159], [-75.15204599466045, 39.95301834995513], [-75.15200107889625, 39.95301834995513], [-75.15200107889625, 39.95302523618159], [-75.15204599466045, 39.95302523618159]]}, "properties": {"confidence": "high"}}, {"type": "Feature", "geometry": {"type": "LineString", "coordinates": [[-75.14988105482574, 39.95302523618159], [-75.14988105482574, 39.95301146372798], [-75.14987207167289, 39.95301146372798], [-75.14987207167289, 39.95302523618159], [-75.14988105482574, 39.95302523618159]]}, "properties": {"confidence": "high"}}, {"type": "Feature", "geometry": {"type": "LineString", "coordinates": [[-75.15200107889625, 39.95301834995513], [-75.15200107889625, 39.95301146372798], [-75.15199209574341, 39.95301146372798], [-75.15199209574341, 39.95301834995513], [-75.15200107889625, 39.95301834995513]]}, "properties": {"confidence": "high"}}, {"type": "Feature", "geometry": {"type": "LineString", "coordinates": [[-75.15199209574341, 39.95301146372798], [-75.15199209574341, 39.95300457750014], [-75.15192921367353, 39.95300457750014], [-75.15192921367353, 39.95301146372798], [-75.15199209574341, 39.95301146372798]]}, "properties": {"confidence": "high"}}, {"type": "Feature", "geometry": {"type": "LineString", "coordinates": [[-75.15479483942985, 39.95303900863242], [-75.15479483942985, 39.9529976912716], [-75.15478585627702, 39.9529976912716], [-75.15478585627702, 39.95303900863242], [-75.15479483942985, 39.95303900863242]]}, "properties": {"confidence": "high"}}, {"type": "Feature", "geometry": {"type": "LineString", "coordinates": [[-75.15642977324696, 39.95302523618159], [-75.15642977324696, 39.9529976912716], [-75.15642079009412, 39.9529976912716], [-75.15642079009412, 39.95302523618159], [-75.15642977324696, 39.95302523618159]]}, "properties": {"confidence": "high"}}, {"type": "Feature", "geometry": {"type": "LineString", "coordinates": [[-75.15192921367353, 39.95300457750014], [-75.15192921367353, 39.9529976912716], [-75.15186633160363, 39.9529976912716], [-75.15186633160363, 39.95300457750014], [-75.15192921367353, 39.95300457750014]]}, "properties": {"confidence": "high"}}, {"type": "Feature", "geometry": {"type": "LineString", "coordinates": [[-75.15154293810136, 39.95309409840804], [-75.15154293810136, 39.95299080504236], [-75.15153395494852, 39.95299080504236], [-75.15153395494852, 39.95309409840804], [-75.15154293810136, 39.95309409840804]]}, "properties": {"confidence": "high"}}, {"type": "Feature", "geometry": {"type": "LineString", "coordinates": [[-75.15186633160363, 39.9529976912716], [-75.15186633160363, 39.95299080504236], [-75.15180344953374, 39.95299080504236], [-75.15180344953374, 39.9529976912716], [-75.15186633160363, 39.9529976912716]]}, "properties": {"confidence": "high"}}, {"type": "Feature", "geometry": {"type": "LineString", "coordinates": [[-75.15180344953374, 39.95299080504236], [-75.15180344953374, 39.95298391881244], [-75.1517495506167, 39.95298391881244], [-75.1517495506167, 39.95299080504236], [-75.15180344953374, 39.95299080504236]]}, "properties": {"confidence": "high"}}, {"type": "Feature", "geometry": {"type": "LineString", "coordinates": [[-75.14841680091261, 39.95303900863242], [-75.14841680091261, 39.95297703258182], [-75.14840781775978, 39.95297703258182], [-75.14840781775978, 39.95303900863242], [-75.14841680091261, 39.95303900863242]]}, "properties": {"confidence": "high"}}, {"type": "Feature", "geometry": {"type": "LineString", "coordinates": [[-75.14989003797858, 39.95301146372798], [-75.14989003797858, 39.95297703258182], [-75.14988105482574, 39.95297703258182], [-75.14988105482574, 39.95301146372798], [-75.14989003797858, 39.95301146372798]]}, "properties": {"confidence": "high"}}, {"type": "Feature", "geometry": {"type": "LineString", "coordinates": [[-75.15610637974468, 39.95298391881244], [-75.15610637974468, 39.95297703258182], [-75.15609739659185, 39.95297703258182], [-75.15609739659185, 39.95298391881244], [-75.15610637974468, 39.95298391881244]]}, "properties": {"confidence": "high"}}, {"type": "Feature", "geometry": {"type": "LineString", "coordinates": [[-75.1517495506167, 39.95298391881244], [-75.1517495506167, 39.95297703258182], [-75.15168666854682, 39.95297703258182], [-75.15168666854682, 39.95298391881244], [-75.1517495506167, 39.95298391881244]]}, "properties": {"confidence": "high"}}, {"type": "Feature", "geometry": {"type": "LineString", "coordinates": [[-75.15609739659185, 39.95297703258182], [-75.15609739659185, 39.95297014635051], [-75.15601654821626, 39.95297014635051], [-75.15601654821626, 39.95297703258182], [-75.15609739659185, 39.95297703258182]]}, "properties": {"confidence": "high"}}, {"type": "Feature", "geometry": {"type": "LineString", "coordinates": [[-75.15168666854682, 39.95297703258182], [-75.15168666854682, 39.95297014635051], [-75.15160582017124, 39.95297014635051], [-75.15160582017124, 39.95297703258182], [-75.15168666854682, 39.95297703258182]]}, "properties": {"confidence": "high"}}, {"type": "Feature", "geometry": {"type": "LineString", "coordinates": [[-75.1564387563998, 39.9529976912716], [-75.1564387563998, 39.95296326011851], [-75.15642977324696, 39.95296326011851], [-75.15642977324696, 39.9529976912716], [-75.1564387563998, 39.9529976912716]]}, "properties": {"confidence": "high"}}, {"type": "Feature", "geometry": {"type": "LineString", "coordinates": [[-75.15601654821626, 39.95297014635051], [-75.15601654821626, 39.95296326011851], [-75.15597163245205, 39.95296326011851], [-75.15597163245205, 39.95297014635051], [-75.15601654821626, 39.95297014635051]]}, "properties": {"confidence": "high"}}, {"type": "Feature", "geometry": {"type": "LineString", "coordinates": [[-75.15160582017124, 39.95297014635051], [-75.15160582017124, 39.95296326011851], [-75.15158785386556, 39.95296326011851], [-75.15158785386556, 39.95297014635051], [-75.15160582017124, 39.95297014635051]]}, "properties": {"confidence": "high"}}, {"type": "Feature", "geometry": {"type": "LineString", "coordinates": [[-75.1515519212542, 39.95299080504236], [-75.1515519212542, 39.95297014635051], [-75.15156988755987, 39.95297014635051], [-75.15156988755987, 39.95296326011851], [-75.15154293810136, 39.95296326011851], [-75.15154293810136, 39.95299080504236], [-75.1515519212542, 39.95299080504236]]}, "properties": {"confidence": "high"}}, {"type": "Feature", "geometry": {"type": "LineString", "coordinates": [[-75.15597163245205, 39.95296326011851], [-75.15597163245205, 39.95295637388581], [-75.1558728177708, 39.95295637388581], [-75.1558728177708, 39.95296326011851], [-75.15597163245205, 39.95296326011851]]}, "properties": {"confidence": "high"}}, {"type": "Feature", "geometry": {"type": "LineString", "coordinates": [[-75.15154293810136, 39.95296326011851], [-75.15154293810136, 39.95295637388581], [-75.15152497179568, 39.95295637388581], [-75.15152497179568, 39.95296326011851], [-75.15154293810136, 39.95296326011851]]}, "properties": {"confidence": "high"}}, {"type": "Feature", "geometry": {"type": "LineString", "coordinates": [[-75.1548038225827, 39.9529976912716], [-75.1548038225827, 39.95294948765242], [-75.15479483942985, 39.95294948765242], [-75.15479483942985, 39.9529976912716], [-75.1548038225827, 39.9529976912716]]}, "properties": {"confidence": "high"}}, {"type": "Feature", "geometry": {"type": "LineString", "coordinates": [[-75.1558728177708, 39.95295637388581], [-75.1558728177708, 39.95294948765242], [-75.15583688515945, 39.95294948765242], [-75.15583688515945, 39.95295637388581], [-75.1558728177708, 39.95295637388581]]}, "properties": {"confidence": "high"}}, {"type": "Feature", "geometry": {"type": "LineString", "coordinates": [[-75.15152497179568, 39.95295637388581], [-75.15152497179568, 39.95294948765242], [-75.15149802233714, 39.95294948765242], [-75.15149802233714, 39.95295637388581], [-75.15152497179568, 39.95295637388581]]}, "properties": {"confidence": "high"}}, {"type": "Feature", "geometry": {"type": "LineString", "coordinates": [[-75.15583688515945, 39.95294948765242], [-75.15583688515945, 39.952942601418336], [-75.15576501993671, 39.952942601418336], [-75.15576501993671, 39.95294948765242], [-75.15583688515945, 39.95294948765242]]}, "properties": {"confidence": "high"}}, {"type": "Feature", "geometry": {"type": "LineString", "coordinates": [[-75.15149802233714, 39.95294948765242], [-75.15149802233714, 39.952942601418336], [-75.15142615711441, 39.952942601418336], [-75.15142615711441, 39.95294948765242], [-75.15149802233714, 39.95294948765242]]}, "properties": {"confidence": "high"}}, {"type": "Feature", "geometry": {"type": "LineString", "coordinates": [[-75.15644773955265, 39.95296326011851], [-75.15644773955265, 39.95293571518356], [-75.1564387563998, 39.95293571518356], [-75.1564387563998, 39.95296326011851], [-75.15644773955265, 39.95296326011851]]}, "properties": {"confidence": "high"}}, {"type": "Feature", "geometry": {"type": "LineString", "coordinates": [[-75.15576501993671, 39.952942601418336], [-75.15576501993671, 39.95293571518356], [-75.15570213786683, 39.95293571518356], [-75.15570213786683, 39.952942601418336], [-75.15576501993671, 39.952942601418336]]}, "properties": {"confidence": "high"}}, {"type": "Feature", "geometry": {"type": "LineString", "coordinates": [[-75.15142615711441, 39.952942601418336], [-75.15142615711441, 39.95293571518356], [-75.15135429189168, 39.95293571518356], [-75.15135429189168, 39.952942601418336], [-75.15142615711441, 39.952942601418336]]}, "properties": {"confidence": "high"}}, {"type": "Feature", "geometry": {"type": "LineString", "coordinates": [[-75.15570213786683, 39.95293571518356], [-75.15570213786683, 39.95292882894809], [-75.15564823894978, 39.95292882894809], [-75.15564823894978, 39.95293571518356], [-75.15570213786683, 39.95293571518356]]}, "properties": {"confidence": "high"}}, {"type": "Feature", "geometry": {"type": "LineString", "coordinates": [[-75.15135429189168, 39.95293571518356], [-75.15135429189168, 39.95292882894809], [-75.15130039297463, 39.95292882894809], [-75.15130039297463, 39.95293571518356], [-75.15135429189168, 39.95293571518356]]}, "properties": {"confidence": "high"}}, {"type": "Feature", "geometry": {"type": "LineString", "coordinates": [[-75.14842578406545, 39.95297703258182], [-75.14842578406545, 39.952921942711924], [-75.14841680091261, 39.952921942711924], [-75.14841680091261, 39.95297703258182], [-75.14842578406545, 39.95297703258182]]}, "properties": {"confidence": "high"}}, {"type": "Feature", "geometry": {"type": "LineString", "coordinates": [[-75.15158785386556, 39.95296326011851], [-75.15158785386556, 39.952921942711924], [-75.15157887071273, 39.952921942711924], [-75.15157887071273, 39.95295637388581], [-75.15156988755987, 39.95295637388581], [-75.15156988755987, 39.95296326011851], [-75.15158785386556, 39.95296326011851]]}, "properties": {"confidence": "high"}}, {"type": "Feature", "geometry": {"type": "LineString", "coordinates": [[-75.15564823894978, 39.95292882894809], [-75.15564823894978, 39.952921942711924], [-75.15561230633841, 39.952921942711924], [-75.15561230633841, 39.95292882894809], [-75.15564823894978, 39.95292882894809]]}, "properties": {"confidence": "high"}}, {"type": "Feature", "geometry": {"type": "LineString", "coordinates": [[-75.15130039297463, 39.95292882894809], [-75.15130039297463, 39.952921942711924], [-75.15125547721043, 39.952921942711924], [-75.15125547721043, 39.95292882894809], [-75.15130039297463, 39.95292882894809]]}, "properties": {"confidence": "high"}}, {"type": "Feature", "geometry": {"type": "LineString", "coordinates": [[-75.15561230633841, 39.952921942711924], [-75.15561230633841, 39.952915056475064], [-75.15554942426853, 39.952915056475064], [-75.15554942426853, 39.952921942711924], [-75.15561230633841, 39.952921942711924]]}, "properties": {"confidence": "high"}}, {"type": "Feature", "geometry": {"type": "LineString", "coordinates": [[-75.15125547721043, 39.952921942711924], [-75.15125547721043, 39.952915056475064], [-75.15121056144623, 39.952915056475064], [-75.15121056144623, 39.952921942711924], [-75.15125547721043, 39.952921942711924]]}, "properties": {"confidence": "high"}}, {"type": "Feature", "geometry": {"type": "LineString", "coordinates": [[-75.15645672270549, 39.95293571518356], [-75.15645672270549, 39.952908170237514], [-75.15644773955265, 39.952908170237514], [-75.15644773955265, 39.95293571518356], [-75.15645672270549, 39.95293571518356]]}, "properties": {"confidence": "high"}}, {"type": "Feature", "geometry": {"type": "LineString", "coordinates": [[-75.15554942426853, 39.952915056475064], [-75.15554942426853, 39.952908170237514], [-75.15549552535148, 39.952908170237514], [-75.15549552535148, 39.952915056475064], [-75.15554942426853, 39.952915056475064]]}, "properties": {"confidence": "high"}}, {"type": "Feature", "geometry": {"type": "LineString", "coordinates": [[-75.15121056144623, 39.952915056475064], [-75.15121056144623, 39.952908170237514], [-75.15117462883487, 39.952908170237514], [-75.15117462883487, 39.952915056475064], [-75.15121056144623, 39.952915056475064]]}, "properties": {"confidence": "high"}}, {"type": "Feature", "geometry": {"type": "LineString", "coordinates": [[-75.15481280573555, 39.95294948765242], [-75.15481280573555, 39.95290128399927], [-75.1548038225827, 39.95290128399927], [-75.1548038225827, 39.95294948765242], [-75.15481280573555, 39.95294948765242]]}, "properties": {"confidence": "high"}}, {"type": "Feature", "geometry": {"type": "LineString", "coordinates": [[-75.15549552535148, 39.952908170237514], [-75.15549552535148, 39.95290128399927], [-75.15545060958726, 39.95290128399927], [-75.15545060958726, 39.952908170237514], [-75.15549552535148, 39.952908170237514]]}, "properties": {"confidence": "high"}}, {"type": "Feature", "geometry": {"type": "LineString", "coordinates": [[-75.15117462883487, 39.952908170237514], [-75.15117462883487, 39.95290128399927], [-75.15111174676498, 39.95290128399927], [-75.15111174676498, 39.952908170237514], [-75.15117462883487, 39.952908170237514]]}, "properties": {"confidence": "high"}}, {"type": "Feature", "geometry": {"type": "LineString", "coordinates": [[-75.14989902113142, 39.95297703258182], [-75.14989902113142, 39.95289439776033], [-75.14989003797858, 39.95289439776033], [-75.14989003797858, 39.95297703258182], [-75.14989902113142, 39.95297703258182]]}, "properties": {"confidence": "high"}}, {"type": "Feature", "geometry": {"type": "LineString", "coordinates": [[-75.15545060958726, 39.95290128399927], [-75.15545060958726, 39.95289439776033], [-75.1553697612117, 39.95289439776033], [-75.1553697612117, 39.95290128399927], [-75.15545060958726, 39.95290128399927]]}, "properties": {"confidence": "high"}}, {"type": "Feature", "geometry": {"type": "LineString", "coordinates": [[-75.15111174676498, 39.95290128399927], [-75.15111174676498, 39.95289439776033], [-75.15099496577804, 39.95289439776033], [-75.15099496577804, 39.95290128399927], [-75.15111174676498, 39.95290128399927]]}, "properties": {"confidence": "high"}}, {"type": "Feature", "geometry": {"type": "LineString", "coordinates": [[-75.1553697612117, 39.95289439776033], [-75.1553697612117, 39.9528875115207], [-75.1553068791418, 39.9528875115207], [-75.1553068791418, 39.95289439776033], [-75.1553697612117, 39.95289439776033]]}, "properties": {"confidence": "high"}}, {"type": "Feature", "geometry": {"type": "LineString", "coordinates": [[-75.15099496577804, 39.95289439776033], [-75.15099496577804, 39.9528875115207], [-75.1509231005553, 39.9528875115207], [-75.1509231005553, 39.95289439776033], [-75.15099496577804, 39.95289439776033]]}, "properties": {"confidence": "high"}}, {"type": "Feature", "geometry": {"type": "LineString", "coordinates": [[-75.14843476721829, 39.952921942711924], [-75.14843476721829, 39.95288062528037], [-75.14842578406545, 39.95288062528037], [-75.14842578406545, 39.952921942711924], [-75.14843476721829, 39.952921942711924]]}, "properties": {"confidence": "high"}}, {"type": "Feature", "geometry": {"type": "LineString", "coordinates": [[-75.1553068791418, 39.9528875115207], [-75.1553068791418, 39.95288062528037], [-75.15525298022476, 39.95288062528037], [-75.15525298022476, 39.9528875115207], [-75.1553068791418, 39.9528875115207]]}, "properties": {"confidence": "high"}}, {"type": "Feature", "geometry": {"type": "LineString", "coordinates": [[-75.1509231005553, 39.9528875115207], [-75.1509231005553, 39.95288062528037], [-75.15086920163826, 39.95288062528037], [-75.15086920163826, 39.9528875115207], [-75.1509231005553, 39.9528875115207]]}, "properties": {"confidence": "high"}}, {"type": "Feature", "geometry": {"type": "LineString", "coordinates": [[-75.14990800428426, 39.95289439776033], [-75.14990800428426, 39.95287373903936], [-75.14989902113142, 39.95287373903936], [-75.14989902113142, 39.95289439776033], [-75.14990800428426, 39.95289439776033]]}, "properties": {"confidence": "high"}}, {"type": "Feature", "geometry": {"type": "LineString", "coordinates": [[-75.15525298022476, 39.95288062528037], [-75.15525298022476, 39.95287373903936], [-75.15520806446055, 39.95287373903936], [-75.15520806446055, 39.95288062528037], [-75.15525298022476, 39.95288062528037]]}, "properties": {"confidence": "high"}}, {"type": "Feature", "geometry": {"type": "LineString", "coordinates": [[-75.15086920163826, 39.95288062528037], [-75.15086920163826, 39.95287373903936], [-75.15084225217973, 39.95287373903936], [-75.15084225217973, 39.95288062528037], [-75.15086920163826, 39.95288062528037]]}, "properties": {"confidence": "high"}}, {"type": "Feature", "geometry": {"type": "LineString", "coordinates": [[-75.1515968370184, 39.952921942711924], [-75.1515968370184, 39.95286685279765], [-75.15158785386556, 39.95286685279765], [-75.15158785386556, 39.952921942711924], [-75.1515968370184, 39.952921942711924]]}, "properties": {"confidence": "high"}}, {"type": "Feature", "geometry": {"type": "LineString", "coordinates": [[-75.15520806446055, 39.95287373903936], [-75.15520806446055, 39.95286685279765], [-75.15508230032079, 39.95286685279765], [-75.15508230032079, 39.95287373903936], [-75.15520806446055, 39.95287373903936]]}, "properties": {"confidence": "high"}}, {"type": "Feature", "geometry": {"type": "LineString", "coordinates": [[-75.15084225217973, 39.95287373903936], [-75.15084225217973, 39.95286685279765], [-75.15080631956837, 39.95286685279765], [-75.15080631956837, 39.95287373903936], [-75.15084225217973, 39.95287373903936]]}, "properties": {"confidence": "high"}}, {"type": "Feature", "geometry": {"type": "LineString", "coordinates": [[-75.15646570585832, 39.952908170237514], [-75.15646570585832, 39.95285996655524], [-75.15645672270549, 39.95285996655524], [-75.15645672270549, 39.952908170237514], [-75.15646570585832, 39.952908170237514]]}, "properties": {"confidence": "high"}}, {"type": "Feature", "geometry": {"type": "LineString", "coordinates": [[-75.15482178888838, 39.95290128399927], [-75.15482178888838, 39.95285996655524], [-75.15481280573555, 39.95285996655524], [-75.15481280573555, 39.95290128399927], [-75.15482178888838, 39.95290128399927]]}, "properties": {"confidence": "high"}}, {"type": "Feature", "geometry": {"type": "LineString", "coordinates": [[-75.15508230032079, 39.95286685279765], [-75.15508230032079, 39.95285996655524], [-75.15503738455658, 39.95285996655524], [-75.15503738455658, 39.95286685279765], [-75.15508230032079, 39.95286685279765]]}, "properties": {"confidence": "high"}}, {"type": "Feature", "geometry": {"type": "LineString", "coordinates": [[-75.15080631956837, 39.95286685279765], [-75.15080631956837, 39.95285996655524], [-75.15074343749848, 39.95285996655524], [-75.15074343749848, 39.95286685279765], [-75.15080631956837, 39.95286685279765]]}, "properties": {"confidence": "high"}}, {"type": "Feature", "geometry": {"type": "LineString", "coordinates": [[-75.15503738455658, 39.95285996655524], [-75.15503738455658, 39.952853080312146], [-75.15500145194521, 39.952853080312146], [-75.15500145194521, 39.95285996655524], [-75.15503738455658, 39.95285996655524]]}, "properties": {"confidence": "high"}}, {"type": "Feature", "geometry": {"type": "LineString", "coordinates": [[-75.15074343749848, 39.95285996655524], [-75.15074343749848, 39.952853080312146], [-75.15068953858143, 39.952853080312146], [-75.15068953858143, 39.95285996655524], [-75.15074343749848, 39.95285996655524]]}, "properties": {"confidence": "high"}}, {"type": "Feature", "geometry": {"type": "LineString", "coordinates": [[-75.15500145194521, 39.952853080312146], [-75.15500145194521, 39.95284619406835], [-75.154956536181, 39.95284619406835], [-75.154956536181, 39.952853080312146], [-75.15500145194521, 39.952853080312146]]}, "properties": {"confidence": "high"}}, {"type": "Feature", "geometry": {"type": "LineString", "coordinates": [[-75.15068953858143, 39.952853080312146], [-75.15068953858143, 39.95284619406835], [-75.15062665651155, 39.95284619406835], [-75.15062665651155, 39.952853080312146], [-75.15068953858143, 39.952853080312146]]}, "properties": {"confidence": "high"}}, {"type": "Feature", "geometry": {"type": "LineString", "coordinates": [[-75.1499169874371, 39.95287373903936], [-75.1499169874371, 39.95283930782387], [-75.14990800428426, 39.95283930782387], [-75.14990800428426, 39.95287373903936], [-75.1499169874371, 39.95287373903936]]}, "properties": {"confidence": "high"}}, {"type": "Feature", "geometry": {"type": "LineString", "coordinates": [[-75.15483077204122, 39.95285996655524], [-75.15483077204122, 39.95283930782387], [-75.15482178888838, 39.95283930782387], [-75.15482178888838, 39.95285996655524], [-75.15483077204122, 39.95285996655524]]}, "properties": {"confidence": "high"}}, {"type": "Feature", "geometry": {"type": "LineString", "coordinates": [[-75.154956536181, 39.95284619406835], [-75.154956536181, 39.95283930782387], [-75.1548936541111, 39.95283930782387], [-75.1548936541111, 39.95284619406835], [-75.154956536181, 39.95284619406835]]}, "properties": {"confidence": "high"}}, {"type": "Feature", "geometry": {"type": "LineString", "coordinates": [[-75.15062665651155, 39.95284619406835], [-75.15062665651155, 39.95283930782387], [-75.1505727575945, 39.95283930782387], [-75.1505727575945, 39.95284619406835], [-75.15062665651155, 39.95284619406835]]}, "properties": {"confidence": "high"}}, {"type": "Feature", "geometry": {"type": "LineString", "coordinates": [[-75.1505727575945, 39.95283930782387], [-75.1505727575945, 39.95283242157869], [-75.1505278418303, 39.95283242157869], [-75.1505278418303, 39.95283930782387], [-75.1505727575945, 39.95283930782387]]}, "properties": {"confidence": "high"}}, {"type": "Feature", "geometry": {"type": "LineString", "coordinates": [[-75.1505278418303, 39.95283242157869], [-75.1505278418303, 39.95282553533282], [-75.15050987552462, 39.95282553533282], [-75.15050987552462, 39.95283242157869], [-75.1505278418303, 39.95283242157869]]}, "properties": {"confidence": "high"}}, {"type": "Feature", "geometry": {"type": "LineString", "coordinates": [[-75.14992597058993, 39.95283930782387], [-75.14992597058993, 39.952818649086254], [-75.1499169874371, 39.952818649086254], [-75.1499169874371, 39.95283930782387], [-75.14992597058993, 39.95283930782387]]}, "properties": {"confidence": "high"}}, {"type": "Feature", "geometry": {"type": "LineString", "coordinates": [[-75.15050987552462, 39.95282553533282], [-75.15050987552462, 39.952818649086254], [-75.15047394291325, 39.952818649086254], [-75.15047394291325, 39.95282553533282], [-75.15050987552462, 39.95282553533282]]}, "properties": {"confidence": "high"}}, {"type": "Feature", "geometry": {"type": "LineString", "coordinates": [[-75.15647468901116, 39.95285996655524], [-75.15647468901116, 39.952811762839], [-75.15646570585832, 39.952811762839], [-75.15646570585832, 39.95285996655524], [-75.15647468901116, 39.95285996655524]]}, "properties": {"confidence": "high"}}, {"type": "Feature", "geometry": {"type": "LineString", "coordinates": [[-75.15047394291325, 39.952818649086254], [-75.15047394291325, 39.952811762839], [-75.15043801030188, 39.952811762839], [-75.15043801030188, 39.952818649086254], [-75.15047394291325, 39.952818649086254]]}, "properties": {"confidence": "high"}}, {"type": "Feature", "geometry": {"type": "LineString", "coordinates": [[-75.15038411138484, 39.952818649086254], [-75.15038411138484, 39.952811762839], [-75.15034817877347, 39.952811762839], [-75.15034817877347, 39.952818649086254], [-75.15038411138484, 39.952818649086254]]}, "properties": {"confidence": "high"}}, {"type": "Feature", "geometry": {"type": "LineString", "coordinates": [[-75.15160582017124, 39.95286685279765], [-75.15160582017124, 39.95280487659105], [-75.1515968370184, 39.95280487659105], [-75.1515968370184, 39.95286685279765], [-75.15160582017124, 39.95286685279765]]}, "properties": {"confidence": "high"}}, {"type": "Feature", "geometry": {"type": "LineString", "coordinates": [[-75.15043801030188, 39.952811762839], [-75.15043801030188, 39.95280487659105], [-75.15038411138484, 39.95280487659105], [-75.15038411138484, 39.952811762839], [-75.15043801030188, 39.952811762839]]}, "properties": {"confidence": "high"}}, {"type": "Feature", "geometry": {"type": "LineString", "coordinates": [[-75.15034817877347, 39.952811762839], [-75.15034817877347, 39.95280487659105], [-75.15024936409222, 39.95280487659105], [-75.15024936409222, 39.952811762839], [-75.15034817877347, 39.952811762839]]}, "properties": {"confidence": "high"}}, {"type": "Feature", "geometry": {"type": "LineString", "coordinates": [[-75.14844375037114, 39.95288062528037], [-75.14844375037114, 39.952797990342404], [-75.14843476721829, 39.952797990342404], [-75.14843476721829, 39.95288062528037], [-75.14844375037114, 39.95288062528037]]}, "properties": {"confidence": "high"}}, {"type": "Feature", "geometry": {"type": "LineString", "coordinates": [[-75.14993495374279, 39.952818649086254], [-75.14993495374279, 39.952797990342404], [-75.14992597058993, 39.952797990342404], [-75.14992597058993, 39.952818649086254], [-75.14993495374279, 39.952818649086254]]}, "properties": {"confidence": "high"}}, {"type": "Feature", "geometry": {"type": "LineString", "coordinates": [[-75.15024936409222, 39.95280487659105], [-75.15024936409222, 39.952797990342404], [-75.1501595325638, 39.952797990342404], [-75.1501595325638, 39.95280487659105], [-75.15024936409222, 39.95280487659105]]}, "properties": {"confidence": "high"}}, {"type": "Feature", "geometry": {"type": "LineString", "coordinates": [[-75.1501595325638, 39.952797990342404], [-75.1501595325638, 39.952791104093066], [-75.1501146167996, 39.952791104093066], [-75.1501146167996, 39.952797990342404], [-75.1501595325638, 39.952797990342404]]}, "properties": {"confidence": "high"}}, {"type": "Feature", "geometry": {"type": "LineString", "coordinates": [[-75.1501146167996, 39.952791104093066], [-75.1501146167996, 39.95278421784303], [-75.15009665049392, 39.95278421784303], [-75.15009665049392, 39.952791104093066], [-75.1501146167996, 39.952791104093066]]}, "properties": {"confidence": "high"}}, {"type": "Feature", "geometry": {"type": "LineString", "coordinates": [[-75.14994393689562, 39.952797990342404], [-75.14994393689562, 39.952777331592316], [-75.14993495374279, 39.952777331592316], [-75.14993495374279, 39.952797990342404], [-75.14994393689562, 39.952797990342404]]}, "properties": {"confidence": "high"}}, {"type": "Feature", "geometry": {"type": "LineString", "coordinates": [[-75.15009665049392, 39.95278421784303], [-75.15009665049392, 39.952777331592316], [-75.15007868418823, 39.952777331592316], [-75.15007868418823, 39.95278421784303], [-75.15009665049392, 39.95278421784303]]}, "properties": {"confidence": "high"}}, {"type": "Feature", "geometry": {"type": "LineString", "coordinates": [[-75.156483672164, 39.952811762839], [-75.156483672164, 39.95277044534089], [-75.15647468901116, 39.95277044534089], [-75.15647468901116, 39.952811762839], [-75.156483672164, 39.952811762839]]}, "properties": {"confidence": "high"}}, {"type": "Feature", "geometry": {"type": "LineString", "coordinates": [[-75.15007868418823, 39.952777331592316], [-75.15007868418823, 39.95277044534089], [-75.15006970103539, 39.95277044534089], [-75.15006970103539, 39.952777331592316], [-75.15007868418823, 39.952777331592316]]}, "properties": {"confidence": "high"}}, {"type": "Feature", "geometry": {"type": "LineString", "coordinates": [[-75.15161480332408, 39.95280487659105], [-75.15161480332408, 39.95276355908879], [-75.15160582017124, 39.95276355908879], [-75.15160582017124, 39.95280487659105], [-75.15161480332408, 39.95280487659105]]}, "properties": {"confidence": "high"}}, {"type": "Feature", "geometry": {"type": "LineString", "coordinates": [[-75.14995292004846, 39.952777331592316], [-75.14995292004846, 39.95276355908879], [-75.14994393689562, 39.95276355908879], [-75.14994393689562, 39.952777331592316], [-75.14995292004846, 39.952777331592316]]}, "properties": {"confidence": "high"}}, {"type": "Feature", "geometry": {"type": "LineString", "coordinates": [[-75.15006970103539, 39.95277044534089], [-75.15006970103539, 39.95276355908879], [-75.15006071788255, 39.95276355908879], [-75.15006071788255, 39.95277044534089], [-75.15006970103539, 39.95277044534089]]}, "properties": {"confidence": "high"}}, {"type": "Feature", "geometry": {"type": "LineString", "coordinates": [[-75.14845273352398, 39.952797990342404], [-75.14845273352398, 39.95274978658248], [-75.14844375037114, 39.95274978658248], [-75.14844375037114, 39.952797990342404], [-75.14845273352398, 39.952797990342404]]}, "properties": {"confidence": "high"}}, {"type": "Feature", "geometry": {"type": "LineString", "coordinates": [[-75.1548936541111, 39.95283930782387], [-75.1548936541111, 39.95283242157869], [-75.15483975519406, 39.95283242157869], [-75.15483975519406, 39.952742900328296], [-75.15483077204122, 39.952742900328296], [-75.15483077204122, 39.95283930782387], [-75.1548936541111, 39.95283930782387]]}, "properties": {"confidence": "high"}}, {"type": "Feature", "geometry": {"type": "LineString", "coordinates": [[-75.14994393689562, 39.95274978658248], [-75.14994393689562, 39.952742900328296], [-75.14988105482574, 39.952742900328296], [-75.14988105482574, 39.95274978658248], [-75.14994393689562, 39.95274978658248]]}, "properties": {"confidence": "high"}}, {"type": "Feature", "geometry": {"type": "LineString", "coordinates": [[-75.15649265531685, 39.95277044534089], [-75.15649265531685, 39.95273601407341], [-75.156483672164, 39.95273601407341], [-75.156483672164, 39.95277044534089], [-75.15649265531685, 39.95277044534089]]}, "properties": {"confidence": "high"}}, {"type": "Feature", "geometry": {"type": "LineString", "coordinates": [[-75.14988105482574, 39.952742900328296], [-75.14988105482574, 39.95273601407341], [-75.14977325699164, 39.95273601407341], [-75.14977325699164, 39.952742900328296], [-75.14988105482574, 39.952742900328296]]}, "properties": {"confidence": "high"}}, {"type": "Feature", "geometry": {"type": "LineString", "coordinates": [[-75.14977325699164, 39.95273601407341], [-75.14977325699164, 39.95272912781783], [-75.14969240861606, 39.95272912781783], [-75.14969240861606, 39.95273601407341], [-75.14977325699164, 39.95273601407341]]}, "properties": {"confidence": "high"}}, {"type": "Feature", "geometry": {"type": "LineString", "coordinates": [[-75.15162378647693, 39.95276355908879], [-75.15162378647693, 39.95272224156157], [-75.15161480332408, 39.95272224156157], [-75.15161480332408, 39.95276355908879], [-75.15162378647693, 39.95276355908879]]}, "properties": {"confidence": "high"}}, {"type": "Feature", "geometry": {"type": "LineString", "coordinates": [[-75.14969240861606, 39.95272912781783], [-75.14969240861606, 39.95272224156157], [-75.14964749285186, 39.95272224156157], [-75.14964749285186, 39.95272912781783], [-75.14969240861606, 39.95272912781783]]}, "properties": {"confidence": "high"}}, {"type": "Feature", "geometry": {"type": "LineString", "coordinates": [[-75.14964749285186, 39.95272224156157], [-75.14964749285186, 39.9527153553046], [-75.14960257708765, 39.9527153553046], [-75.14960257708765, 39.95272224156157], [-75.14964749285186, 39.95272224156157]]}, "properties": {"confidence": "high"}}, {"type": "Feature", "geometry": {"type": "LineString", "coordinates": [[-75.14960257708765, 39.9527153553046], [-75.14960257708765, 39.95270846904695], [-75.14957562762913, 39.95270846904695], [-75.14957562762913, 39.9527153553046], [-75.14960257708765, 39.9527153553046]]}, "properties": {"confidence": "high"}}, {"type": "Feature", "geometry": {"type": "LineString", "coordinates": [[-75.1548487383469, 39.952742900328296], [-75.1548487383469, 39.95270158278859], [-75.15483975519406, 39.95270158278859], [-75.15483975519406, 39.952742900328296], [-75.1548487383469, 39.952742900328296]]}, "properties": {"confidence": "high"}}, {"type": "Feature", "geometry": {"type": "LineString", "coordinates": [[-75.15650163846969, 39.95273601407341], [-75.15650163846969, 39.95270158278859], [-75.15649265531685, 39.95270158278859], [-75.15649265531685, 39.95273601407341], [-75.15650163846969, 39.95273601407341]]}, "properties": {"confidence": "high"}}, {"type": "Feature", "geometry": {"type": "LineString", "coordinates": [[-75.14957562762913, 39.95270846904695], [-75.14957562762913, 39.95270158278859], [-75.1495486781706, 39.95270158278859], [-75.1495486781706, 39.95270846904695], [-75.14957562762913, 39.95270846904695]]}, "properties": {"confidence": "high"}}, {"type": "Feature", "geometry": {"type": "LineString", "coordinates": [[-75.1495486781706, 39.95270158278859], [-75.1495486781706, 39.95269469652955], [-75.14951274555924, 39.95269469652955], [-75.14951274555924, 39.95270158278859], [-75.1495486781706, 39.95270158278859]]}, "properties": {"confidence": "high"}}, {"type": "Feature", "geometry": {"type": "LineString", "coordinates": [[-75.14951274555924, 39.95269469652955], [-75.14951274555924, 39.952687810269815], [-75.14942291403084, 39.952687810269815], [-75.14942291403084, 39.95269469652955], [-75.14951274555924, 39.95269469652955]]}, "properties": {"confidence": "high"}}, {"type": "Feature", "geometry": {"type": "LineString", "coordinates": [[-75.15651062162253, 39.95270158278859], [-75.15651062162253, 39.95268092400938], [-75.15650163846969, 39.95268092400938], [-75.15650163846969, 39.95270158278859], [-75.15651062162253, 39.95270158278859]]}, "properties": {"confidence": "high"}}, {"type": "Feature", "geometry": {"type": "LineString", "coordinates": [[-75.14942291403084, 39.952687810269815], [-75.14942291403084, 39.95268092400938], [-75.14937799826663, 39.95268092400938], [-75.14937799826663, 39.952687810269815], [-75.14942291403084, 39.952687810269815]]}, "properties": {"confidence": "high"}}, {"type": "Feature", "geometry": {"type": "LineString", "coordinates": [[-75.14846171667682, 39.95274978658248], [-75.14846171667682, 39.95267403774826], [-75.14845273352398, 39.95267403774826], [-75.14845273352398, 39.95274978658248], [-75.14846171667682, 39.95274978658248]]}, "properties": {"confidence": "high"}}, {"type": "Feature", "geometry": {"type": "LineString", "coordinates": [[-75.15485772149975, 39.95270158278859], [-75.15485772149975, 39.95267403774826], [-75.1548487383469, 39.95267403774826], [-75.1548487383469, 39.95270158278859], [-75.15485772149975, 39.95270158278859]]}, "properties": {"confidence": "high"}}, {"type": "Feature", "geometry": {"type": "LineString", "coordinates": [[-75.14937799826663, 39.95268092400938], [-75.14937799826663, 39.95267403774826], [-75.14927020043254, 39.95267403774826], [-75.14927020043254, 39.95268092400938], [-75.14937799826663, 39.95268092400938]]}, "properties": {"confidence": "high"}}, {"type": "Feature", "geometry": {"type": "LineString", "coordinates": [[-75.15163276962977, 39.95272224156157], [-75.15163276962977, 39.95266715148644], [-75.15162378647693, 39.95266715148644], [-75.15162378647693, 39.95272224156157], [-75.15163276962977, 39.95272224156157]]}, "properties": {"confidence": "high"}}, {"type": "Feature", "geometry": {"type": "LineString", "coordinates": [[-75.14927020043254, 39.95267403774826], [-75.14927020043254, 39.95266715148644], [-75.14919833520979, 39.95266715148644], [-75.14919833520979, 39.95267403774826], [-75.14927020043254, 39.95267403774826]]}, "properties": {"confidence": "high"}}, {"type": "Feature", "geometry": {"type": "LineString", "coordinates": [[-75.14919833520979, 39.95266715148644], [-75.14919833520979, 39.952660265223926], [-75.14914443629274, 39.952660265223926], [-75.14914443629274, 39.95266715148644], [-75.14919833520979, 39.95266715148644]]}, "properties": {"confidence": "high"}}, {"type": "Feature", "geometry": {"type": "LineString", "coordinates": [[-75.14914443629274, 39.952660265223926], [-75.14914443629274, 39.952653378960726], [-75.1490905373757, 39.952653378960726], [-75.1490905373757, 39.952660265223926], [-75.14914443629274, 39.952660265223926]]}, "properties": {"confidence": "high"}}, {"type": "Feature", "geometry": {"type": "LineString", "coordinates": [[-75.15006071788255, 39.95276355908879], [-75.15006071788255, 39.95274978658248], [-75.14997088635414, 39.95274978658248], [-75.14997088635414, 39.95264649269683], [-75.1499619032013, 39.95264649269683], [-75.1499619032013, 39.95274978658248], [-75.14994393689562, 39.95274978658248], [-75.14994393689562, 39.952756672835974], [-75.14995292004846, 39.952756672835974], [-75.14995292004846, 39.95276355908879], [-75.1499619032013, 39.95276355908879], [-75.1499619032013, 39.952756672835974], [-75.15005173472971, 39.952756672835974], [-75.15005173472971, 39.95276355908879], [-75.15006071788255, 39.95276355908879]]}, "properties": {"confidence": "high"}}, {"type": "Feature", "geometry": {"type": "LineString", "coordinates": [[-75.15486670465259, 39.95267403774826], [-75.15486670465259, 39.95264649269683], [-75.15485772149975, 39.95264649269683], [-75.15485772149975, 39.95267403774826], [-75.15486670465259, 39.95267403774826]]}, "properties": {"confidence": "high"}}, {"type": "Feature", "geometry": {"type": "LineString", "coordinates": [[-75.1490905373757, 39.952653378960726], [-75.1490905373757, 39.95264649269683], [-75.14905460476434, 39.95264649269683], [-75.14905460476434, 39.952653378960726], [-75.1490905373757, 39.952653378960726]]}, "properties": {"confidence": "high"}}, {"type": "Feature", "geometry": {"type": "LineString", "coordinates": [[-75.14905460476434, 39.95264649269683], [-75.14905460476434, 39.952639606432236], [-75.14901867215298, 39.952639606432236], [-75.14901867215298, 39.95264649269683], [-75.14905460476434, 39.95264649269683]]}, "properties": {"confidence": "high"}}, {"type": "Feature", "geometry": {"type": "LineString", "coordinates": [[-75.15651960477537, 39.95268092400938], [-75.15651960477537, 39.95263272016695], [-75.15651062162253, 39.95263272016695], [-75.15651062162253, 39.95268092400938], [-75.15651960477537, 39.95268092400938]]}, "properties": {"confidence": "high"}}, {"type": "Feature", "geometry": {"type": "LineString", "coordinates": [[-75.14847069982966, 39.95267403774826], [-75.14847069982966, 39.95263272016695], [-75.14846171667682, 39.95263272016695], [-75.14846171667682, 39.95267403774826], [-75.14847069982966, 39.95267403774826]]}, "properties": {"confidence": "high"}}, {"type": "Feature", "geometry": {"type": "LineString", "coordinates": [[-75.14901867215298, 39.952639606432236], [-75.14901867215298, 39.95263272016695], [-75.14896477323593, 39.95263272016695], [-75.14896477323593, 39.952639606432236], [-75.14901867215298, 39.952639606432236]]}, "properties": {"confidence": "high"}}, {"type": "Feature", "geometry": {"type": "LineString", "coordinates": [[-75.14896477323593, 39.95263272016695], [-75.14896477323593, 39.952625833900974], [-75.14890189116605, 39.952625833900974], [-75.14890189116605, 39.95263272016695], [-75.14896477323593, 39.95263272016695]]}, "properties": {"confidence": "high"}}, {"type": "Feature", "geometry": {"type": "LineString", "coordinates": [[-75.15487568780543, 39.95264649269683], [-75.15487568780543, 39.952618947634306], [-75.15486670465259, 39.952618947634306], [-75.15486670465259, 39.95264649269683], [-75.15487568780543, 39.95264649269683]]}, "properties": {"confidence": "high"}}, {"type": "Feature", "geometry": {"type": "LineString", "coordinates": [[-75.14890189116605, 39.952625833900974], [-75.14890189116605, 39.952618947634306], [-75.14883900909615, 39.952618947634306], [-75.14883900909615, 39.952625833900974], [-75.14890189116605, 39.952625833900974]]}, "properties": {"confidence": "high"}}, {"type": "Feature", "geometry": {"type": "LineString", "coordinates": [[-75.15652858792821, 39.95263272016695], [-75.15652858792821, 39.952612061366935], [-75.15651960477537, 39.952612061366935], [-75.15651960477537, 39.95263272016695], [-75.15652858792821, 39.95263272016695]]}, "properties": {"confidence": "high"}}, {"type": "Feature", "geometry": {"type": "LineString", "coordinates": [[-75.1484796829825, 39.95263272016695], [-75.1484796829825, 39.952612061366935], [-75.14847069982966, 39.952612061366935], [-75.14847069982966, 39.95263272016695], [-75.1484796829825, 39.95263272016695]]}, "properties": {"confidence": "high"}}, {"type": "Feature", "geometry": {"type": "LineString", "coordinates": [[-75.14883900909615, 39.952618947634306], [-75.14883900909615, 39.952612061366935], [-75.14876714387343, 39.952612061366935], [-75.14876714387343, 39.952618947634306], [-75.14883900909615, 39.952618947634306]]}, "properties": {"confidence": "high"}}, {"type": "Feature", "geometry": {"type": "LineString", "coordinates": [[-75.14876714387343, 39.952612061366935], [-75.14876714387343, 39.95260517509888], [-75.14871324495638, 39.95260517509888], [-75.14871324495638, 39.952612061366935], [-75.14876714387343, 39.952612061366935]]}, "properties": {"confidence": "high"}}, {"type": "Feature", "geometry": {"type": "LineString", "coordinates": [[-75.15164175278261, 39.95266715148644], [-75.15164175278261, 39.95259828883013], [-75.15163276962977, 39.95259828883013], [-75.15163276962977, 39.95266715148644], [-75.15164175278261, 39.95266715148644]]}, "properties": {"confidence": "high"}}, {"type": "Feature", "geometry": {"type": "LineString", "coordinates": [[-75.14871324495638, 39.95260517509888], [-75.14871324495638, 39.95259828883013], [-75.14859646396944, 39.95259828883013], [-75.14859646396944, 39.95260517509888], [-75.14871324495638, 39.95260517509888]]}, "properties": {"confidence": "high"}}, {"type": "Feature", "geometry": {"type": "LineString", "coordinates": [[-75.14848866613534, 39.952612061366935], [-75.14848866613534, 39.952591402560685], [-75.1484796829825, 39.952591402560685], [-75.1484796829825, 39.952612061366935], [-75.14848866613534, 39.952612061366935]]}, "properties": {"confidence": "high"}}, {"type": "Feature", "geometry": {"type": "LineString", "coordinates": [[-75.14859646396944, 39.95259828883013], [-75.14859646396944, 39.952591402560685], [-75.14855154820523, 39.952591402560685], [-75.14855154820523, 39.95259828883013], [-75.14859646396944, 39.95259828883013]]}, "properties": {"confidence": "high"}}, {"type": "Feature", "geometry": {"type": "LineString", "coordinates": [[-75.14997986950699, 39.95264649269683], [-75.14997986950699, 39.95258451629055], [-75.14997088635414, 39.95258451629055], [-75.14997088635414, 39.95264649269683], [-75.14997986950699, 39.95264649269683]]}, "properties": {"confidence": "high"}}, {"type": "Feature", "geometry": {"type": "LineString", "coordinates": [[-75.15488467095827, 39.952618947634306], [-75.15488467095827, 39.95258451629055], [-75.15487568780543, 39.95258451629055], [-75.15487568780543, 39.952618947634306], [-75.15488467095827, 39.952618947634306]]}, "properties": {"confidence": "high"}}, {"type": "Feature", "geometry": {"type": "LineString", "coordinates": [[-75.15653757108105, 39.952612061366935], [-75.15653757108105, 39.95258451629055], [-75.15652858792821, 39.95258451629055], [-75.15652858792821, 39.952612061366935], [-75.15653757108105, 39.952612061366935]]}, "properties": {"confidence": "high"}}, {"type": "Feature", "geometry": {"type": "LineString", "coordinates": [[-75.14855154820523, 39.952591402560685], [-75.14855154820523, 39.95258451629055], [-75.1485245987467, 39.95258451629055], [-75.1485245987467, 39.952591402560685], [-75.14855154820523, 39.952591402560685]]}, "properties": {"confidence": "high"}}, {"type": "Feature", "geometry": {"type": "LineString", "coordinates": [[-75.14848866613534, 39.952577630019725], [-75.14848866613534, 39.952570743748204], [-75.14844375037114, 39.952570743748204], [-75.14844375037114, 39.952577630019725], [-75.14848866613534, 39.952577630019725]]}, "properties": {"confidence": "high"}}, {"type": "Feature", "geometry": {"type": "LineString", "coordinates": [[-75.14844375037114, 39.952570743748204], [-75.14844375037114, 39.95256385747598], [-75.14835391884273, 39.95256385747598], [-75.14835391884273, 39.952570743748204], [-75.14844375037114, 39.952570743748204]]}, "properties": {"confidence": "high"}}, {"type": "Feature", "geometry": {"type": "LineString", "coordinates": [[-75.1565465542339, 39.95258451629055], [-75.1565465542339, 39.95255697120307], [-75.15653757108105, 39.95255697120307], [-75.15653757108105, 39.95258451629055], [-75.1565465542339, 39.95258451629055]]}, "properties": {"confidence": "high"}}, {"type": "Feature", "geometry": {"type": "LineString", "coordinates": [[-75.1548936541111, 39.95258451629055], [-75.1548936541111, 39.95255697120307], [-75.15488467095827, 39.95255697120307], [-75.15488467095827, 39.95258451629055], [-75.1548936541111, 39.95258451629055]]}, "properties": {"confidence": "high"}}, {"type": "Feature", "geometry": {"type": "LineString", "coordinates": [[-75.14835391884273, 39.95256385747598], [-75.14835391884273, 39.95255697120307], [-75.14826408731432, 39.95255697120307], [-75.14826408731432, 39.95256385747598], [-75.14835391884273, 39.95256385747598]]}, "properties": {"confidence": "high"}}, {"type": "Feature", "geometry": {"type": "LineString", "coordinates": [[-75.14998885265983, 39.95258451629055], [-75.14998885265983, 39.95255008492947], [-75.14997986950699, 39.95255008492947], [-75.14997986950699, 39.95258451629055], [-75.14998885265983, 39.95258451629055]]}, "properties": {"confidence": "high"}}, {"type": "Feature", "geometry": {"type": "LineString", "coordinates": [[-75.14826408731432, 39.95255697120307], [-75.14826408731432, 39.95255008492947], [-75.14820120524443, 39.95255008492947], [-75.14820120524443, 39.95255697120307], [-75.14826408731432, 39.95255697120307]]}, "properties": {"confidence": "high"}}, {"type": "Feature", "geometry": {"type": "LineString", "coordinates": [[-75.15655553738674, 39.95255697120307], [-75.15655553738674, 39.95254319865518], [-75.1565465542339, 39.95254319865518], [-75.1565465542339, 39.95255697120307], [-75.15655553738674, 39.95255697120307]]}, "properties": {"confidence": "high"}}, {"type": "Feature", "geometry": {"type": "LineString", "coordinates": [[-75.14820120524443, 39.95255008492947], [-75.14820120524443, 39.95254319865518], [-75.14814730632739, 39.95254319865518], [-75.14814730632739, 39.95255008492947], [-75.14820120524443, 39.95255008492947]]}, "properties": {"confidence": "high"}}, {"type": "Feature", "geometry": {"type": "LineString", "coordinates": [[-75.15165073593545, 39.95259828883013], [-75.15165073593545, 39.95253631238018], [-75.15164175278261, 39.95253631238018], [-75.15164175278261, 39.95259828883013], [-75.15165073593545, 39.95259828883013]]}, "properties": {"confidence": "high"}}, {"type": "Feature", "geometry": {"type": "LineString", "coordinates": [[-75.14814730632739, 39.95254319865518], [-75.14814730632739, 39.95253631238018], [-75.14810239056318, 39.95253631238018], [-75.14810239056318, 39.95254319865518], [-75.14814730632739, 39.95254319865518]]}, "properties": {"confidence": "high"}}, {"type": "Feature", "geometry": {"type": "LineString", "coordinates": [[-75.15490263726396, 39.95255697120307], [-75.15490263726396, 39.9525294261045], [-75.1548936541111, 39.9525294261045], [-75.1548936541111, 39.95255697120307], [-75.15490263726396, 39.95255697120307]]}, "properties": {"confidence": "high"}}, {"type": "Feature", "geometry": {"type": "LineString", "coordinates": [[-75.15656452053958, 39.95254319865518], [-75.15656452053958, 39.9525294261045], [-75.15655553738674, 39.9525294261045], [-75.15655553738674, 39.95254319865518], [-75.15656452053958, 39.95254319865518]]}, "properties": {"confidence": "high"}}, {"type": "Feature", "geometry": {"type": "LineString", "coordinates": [[-75.14810239056318, 39.95253631238018], [-75.14810239056318, 39.9525294261045], [-75.14805747479896, 39.9525294261045], [-75.14805747479896, 39.95253631238018], [-75.14810239056318, 39.95253631238018]]}, "properties": {"confidence": "high"}}, {"type": "Feature", "geometry": {"type": "LineString", "coordinates": [[-75.14805747479896, 39.9525294261045], [-75.14805747479896, 39.952522539828124], [-75.14800357588192, 39.952522539828124], [-75.14800357588192, 39.9525294261045], [-75.14805747479896, 39.9525294261045]]}, "properties": {"confidence": "high"}}, {"type": "Feature", "geometry": {"type": "LineString", "coordinates": [[-75.15657350369241, 39.9525294261045], [-75.15657350369241, 39.95251565355105], [-75.15656452053958, 39.95251565355105], [-75.15656452053958, 39.9525294261045], [-75.15657350369241, 39.9525294261045]]}, "properties": {"confidence": "high"}}, {"type": "Feature", "geometry": {"type": "LineString", "coordinates": [[-75.14800357588192, 39.952522539828124], [-75.14800357588192, 39.95251565355105], [-75.14796764327055, 39.95251565355105], [-75.14796764327055, 39.952522539828124], [-75.14800357588192, 39.952522539828124]]}, "properties": {"confidence": "high"}}, {"type": "Feature", "geometry": {"type": "LineString", "coordinates": [[-75.14999783581267, 39.95255008492947], [-75.14999783581267, 39.952508767273294], [-75.14998885265983, 39.952508767273294], [-75.14998885265983, 39.95255008492947], [-75.14999783581267, 39.95255008492947]]}, "properties": {"confidence": "high"}}, {"type": "Feature", "geometry": {"type": "LineString", "coordinates": [[-75.15658248684525, 39.95251565355105], [-75.15658248684525, 39.952508767273294], [-75.15657350369241, 39.952508767273294], [-75.15657350369241, 39.95251565355105], [-75.15658248684525, 39.95251565355105]]}, "properties": {"confidence": "high"}}, {"type": "Feature", "geometry": {"type": "LineString", "coordinates": [[-75.14796764327055, 39.95251565355105], [-75.14796764327055, 39.952508767273294], [-75.1479137443535, 39.952508767273294], [-75.1479137443535, 39.95251565355105], [-75.14796764327055, 39.95251565355105]]}, "properties": {"confidence": "high"}}, {"type": "Feature", "geometry": {"type": "LineString", "coordinates": [[-75.15491162041681, 39.9525294261045], [-75.15491162041681, 39.95250188099483], [-75.15490263726396, 39.95250188099483], [-75.15490263726396, 39.9525294261045], [-75.15491162041681, 39.9525294261045]]}, "properties": {"confidence": "high"}}, {"type": "Feature", "geometry": {"type": "LineString", "coordinates": [[-75.1479137443535, 39.952508767273294], [-75.1479137443535, 39.95250188099483], [-75.14783289597794, 39.95250188099483], [-75.14783289597794, 39.952508767273294], [-75.1479137443535, 39.952508767273294]]}, "properties": {"confidence": "high"}}, {"type": "Feature", "geometry": {"type": "LineString", "coordinates": [[-75.15659146999809, 39.952508767273294], [-75.15659146999809, 39.952494994715686], [-75.15658248684525, 39.952494994715686], [-75.15658248684525, 39.952508767273294], [-75.15659146999809, 39.952508767273294]]}, "properties": {"confidence": "high"}}, {"type": "Feature", "geometry": {"type": "LineString", "coordinates": [[-75.14783289597794, 39.95250188099483], [-75.14783289597794, 39.952494994715686], [-75.1477610307552, 39.952494994715686], [-75.1477610307552, 39.95250188099483], [-75.14783289597794, 39.95250188099483]]}, "properties": {"confidence": "high"}}, {"type": "Feature", "geometry": {"type": "LineString", "coordinates": [[-75.15165971908829, 39.95253631238018], [-75.15165971908829, 39.95248810843584], [-75.15165073593545, 39.95248810843584], [-75.15165073593545, 39.95253631238018], [-75.15165971908829, 39.95253631238018]]}, "properties": {"confidence": "high"}}, {"type": "Feature", "geometry": {"type": "LineString", "coordinates": [[-75.1477610307552, 39.952494994715686], [-75.1477610307552, 39.95248810843584], [-75.147716114991, 39.95248810843584], [-75.147716114991, 39.952494994715686], [-75.1477610307552, 39.952494994715686]]}, "properties": {"confidence": "high"}}, {"type": "Feature", "geometry": {"type": "LineString", "coordinates": [[-75.147716114991, 39.95248810843584], [-75.147716114991, 39.952481222155306], [-75.14768916553248, 39.952481222155306], [-75.14768916553248, 39.95248810843584], [-75.147716114991, 39.95248810843584]]}, "properties": {"confidence": "high"}}, {"type": "Feature", "geometry": {"type": "LineString", "coordinates": [[-75.15000681896551, 39.952508767273294], [-75.15000681896551, 39.95247433587407], [-75.14999783581267, 39.95247433587407], [-75.14999783581267, 39.952508767273294], [-75.15000681896551, 39.952508767273294]]}, "properties": {"confidence": "high"}}, {"type": "Feature", "geometry": {"type": "LineString", "coordinates": [[-75.15492060356965, 39.95250188099483], [-75.15492060356965, 39.95247433587407], [-75.15491162041681, 39.95247433587407], [-75.15491162041681, 39.95250188099483], [-75.15492060356965, 39.95250188099483]]}, "properties": {"confidence": "high"}}, {"type": "Feature", "geometry": {"type": "LineString", "coordinates": [[-75.14768916553248, 39.952481222155306], [-75.14768916553248, 39.95247433587407], [-75.14764424976828, 39.95247433587407], [-75.14764424976828, 39.952481222155306], [-75.14768916553248, 39.952481222155306]]}, "properties": {"confidence": "high"}}, {"type": "Feature", "geometry": {"type": "LineString", "coordinates": [[-75.14764424976828, 39.95247433587407], [-75.14764424976828, 39.952467449592156], [-75.14759933400407, 39.952467449592156], [-75.14759933400407, 39.95247433587407], [-75.14764424976828, 39.95247433587407]]}, "properties": {"confidence": "high"}}, {"type": "Feature", "geometry": {"type": "LineString", "coordinates": [[-75.15001580211835, 39.95247433587407], [-75.15001580211835, 39.95245367702622], [-75.15000681896551, 39.95245367702622], [-75.15000681896551, 39.95247433587407], [-75.15001580211835, 39.95247433587407]]}, "properties": {"confidence": "high"}}, {"type": "Feature", "geometry": {"type": "LineString", "coordinates": [[-75.15660045315094, 39.952494994715686], [-75.15660045315094, 39.95244679074222], [-75.15659146999809, 39.95244679074222], [-75.15659146999809, 39.952494994715686], [-75.15660045315094, 39.952494994715686]]}, "properties": {"confidence": "high"}}, {"type": "Feature", "geometry": {"type": "LineString", "coordinates": [[-75.15166870224112, 39.95248810843584], [-75.15166870224112, 39.95244679074222], [-75.15165971908829, 39.95244679074222], [-75.15165971908829, 39.95248810843584], [-75.15166870224112, 39.95248810843584]]}, "properties": {"confidence": "high"}}, {"type": "Feature", "geometry": {"type": "LineString", "coordinates": [[-75.14849764928819, 39.952591402560685], [-75.14849764928819, 39.95258451629055], [-75.1485245987467, 39.95258451629055], [-75.1485245987467, 39.952577630019725], [-75.14851561559387, 39.952577630019725], [-75.14851561559387, 39.95242613188605], [-75.14850663244103, 39.95242613188605], [-75.14850663244103, 39.952577630019725], [-75.14848866613534, 39.952577630019725], [-75.14848866613534, 39.952591402560685], [-75.14849764928819, 39.952591402560685]]}, "properties": {"confidence": "high"}}, {"type": "Feature", "geometry": {"type": "LineString", "coordinates": [[-75.15002478527119, 39.95245367702622], [-75.15002478527119, 39.95242613188605], [-75.15001580211835, 39.95242613188605], [-75.15001580211835, 39.95245367702622], [-75.15002478527119, 39.95245367702622]]}, "properties": {"confidence": "high"}}, {"type": "Feature", "geometry": {"type": "LineString", "coordinates": [[-75.15167768539398, 39.95244679074222], [-75.15167768539398, 39.95241235931181], [-75.15166870224112, 39.95241235931181], [-75.15166870224112, 39.95244679074222], [-75.15167768539398, 39.95244679074222]]}, "properties": {"confidence": "high"}}, {"type": "Feature", "geometry": {"type": "LineString", "coordinates": [[-75.15003376842404, 39.95242613188605], [-75.15003376842404, 39.95238481415499], [-75.15002478527119, 39.95238481415499], [-75.15002478527119, 39.95242613188605], [-75.15003376842404, 39.95242613188605]]}, "properties": {"confidence": "high"}}, {"type": "Feature", "geometry": {"type": "LineString", "coordinates": [[-75.15168666854682, 39.95241235931181], [-75.15168666854682, 39.952377927864056], [-75.15167768539398, 39.952377927864056], [-75.15167768539398, 39.95241235931181], [-75.15168666854682, 39.95241235931181]]}, "properties": {"confidence": "high"}}, {"type": "Feature", "geometry": {"type": "LineString", "coordinates": [[-75.1485245987467, 39.95242613188605], [-75.1485245987467, 39.95237104157243], [-75.14851561559387, 39.95237104157243], [-75.14851561559387, 39.95242613188605], [-75.1485245987467, 39.95242613188605]]}, "properties": {"confidence": "high"}}, {"type": "Feature", "geometry": {"type": "LineString", "coordinates": [[-75.1566094363038, 39.95244679074222], [-75.1566094363038, 39.95235038269338], [-75.15660045315094, 39.95235038269338], [-75.15660045315094, 39.95244679074222], [-75.1566094363038, 39.95244679074222]]}, "properties": {"confidence": "high"}}, {"type": "Feature", "geometry": {"type": "LineString", "coordinates": [[-75.15169565169965, 39.952377927864056], [-75.15169565169965, 39.952343496398974], [-75.15168666854682, 39.952343496398974], [-75.15168666854682, 39.952377927864056], [-75.15169565169965, 39.952377927864056]]}, "properties": {"confidence": "high"}}, {"type": "Feature", "geometry": {"type": "LineString", "coordinates": [[-75.15004275157688, 39.95238481415499], [-75.15004275157688, 39.95232283751161], [-75.15003376842404, 39.95232283751161], [-75.15003376842404, 39.95238481415499], [-75.15004275157688, 39.95238481415499]]}, "properties": {"confidence": "high"}}, {"type": "Feature", "geometry": {"type": "LineString", "coordinates": [[-75.14853358189954, 39.95237104157243], [-75.14853358189954, 39.95232283751161], [-75.1485245987467, 39.95232283751161], [-75.1485245987467, 39.95237104157243], [-75.14853358189954, 39.95237104157243]]}, "properties": {"confidence": "high"}}, {"type": "Feature", "geometry": {"type": "LineString", "coordinates": [[-75.15170463485249, 39.952343496398974], [-75.15170463485249, 39.95230906491656], [-75.15169565169965, 39.95230906491656], [-75.15169565169965, 39.952343496398974], [-75.15170463485249, 39.952343496398974]]}, "properties": {"confidence": "high"}}, {"type": "Feature", "geometry": {"type": "LineString", "coordinates": [[-75.1485425650524, 39.95232283751161], [-75.1485425650524, 39.9522884060188], [-75.14853358189954, 39.9522884060188], [-75.14853358189954, 39.95232283751161], [-75.1485425650524, 39.95232283751161]]}, "properties": {"confidence": "high"}}, {"type": "Feature", "geometry": {"type": "LineString", "coordinates": [[-75.15661841945663, 39.95235038269338], [-75.15661841945663, 39.95226774711479], [-75.1566094363038, 39.95226774711479], [-75.1566094363038, 39.95235038269338], [-75.15661841945663, 39.95235038269338]]}, "properties": {"confidence": "high"}}, {"type": "Feature", "geometry": {"type": "LineString", "coordinates": [[-75.15005173472971, 39.95232283751161], [-75.15005173472971, 39.95225397450865], [-75.15004275157688, 39.95225397450865], [-75.15004275157688, 39.95232283751161], [-75.15005173472971, 39.95232283751161]]}, "properties": {"confidence": "high"}}, {"type": "Feature", "geometry": {"type": "LineString", "coordinates": [[-75.15171361800533, 39.95230906491656], [-75.15171361800533, 39.95223331559424], [-75.15170463485249, 39.95223331559424], [-75.15170463485249, 39.95230906491656], [-75.15171361800533, 39.95230906491656]]}, "properties": {"confidence": "high"}}, {"type": "Feature", "geometry": {"type": "LineString", "coordinates": [[-75.15662740260947, 39.95226774711479], [-75.15662740260947, 39.9522126566736], [-75.15661841945663, 39.9522126566736], [-75.15661841945663, 39.95226774711479], [-75.15662740260947, 39.95226774711479]]}, "properties": {"confidence": "high"}}, {"type": "Feature", "geometry": {"type": "LineString", "coordinates": [[-75.15006071788255, 39.95225397450865], [-75.15006071788255, 39.95220577036533], [-75.15005173472971, 39.95220577036533], [-75.15005173472971, 39.95225397450865], [-75.15006071788255, 39.95225397450865]]}, "properties": {"confidence": "high"}}, {"type": "Feature", "geometry": {"type": "LineString", "coordinates": [[-75.15172260115817, 39.95223331559424], [-75.15172260115817, 39.95220577036533], [-75.15171361800533, 39.95220577036533], [-75.15171361800533, 39.95223331559424], [-75.15172260115817, 39.95223331559424]]}, "properties": {"confidence": "high"}}, {"type": "Feature", "geometry": {"type": "LineString", "coordinates": [[-75.14855154820523, 39.9522884060188], [-75.14855154820523, 39.952191997746716], [-75.1485425650524, 39.952191997746716], [-75.1485425650524, 39.9522884060188], [-75.14855154820523, 39.9522884060188]]}, "properties": {"confidence": "high"}}, {"type": "Feature", "geometry": {"type": "LineString", "coordinates": [[-75.15663638576231, 39.9522126566736], [-75.15663638576231, 39.95217133881358], [-75.15662740260947, 39.95217133881358], [-75.15662740260947, 39.9522126566736], [-75.15663638576231, 39.9522126566736]]}, "properties": {"confidence": "high"}}, {"type": "Feature", "geometry": {"type": "LineString", "coordinates": [[-75.15173158431102, 39.95220577036533], [-75.15173158431102, 39.95216445250116], [-75.15172260115817, 39.95216445250116], [-75.15172260115817, 39.95220577036533], [-75.15173158431102, 39.95220577036533]]}, "properties": {"confidence": "high"}}, {"type": "Feature", "geometry": {"type": "LineString", "coordinates": [[-75.15006970103539, 39.95220577036533], [-75.15006970103539, 39.952157566188035], [-75.15006071788255, 39.952157566188035], [-75.15006071788255, 39.95220577036533], [-75.15006970103539, 39.95220577036533]]}, "properties": {"confidence": "high"}}, {"type": "Feature", "geometry": {"type": "LineString", "coordinates": [[-75.14856053135807, 39.952191997746716], [-75.14856053135807, 39.952157566188035], [-75.14855154820523, 39.952157566188035], [-75.14855154820523, 39.952191997746716], [-75.14856053135807, 39.952191997746716]]}, "properties": {"confidence": "high"}}, {"type": "Feature", "geometry": {"type": "LineString", "coordinates": [[-75.15664536891515, 39.95217133881358], [-75.15664536891515, 39.952143793559706], [-75.15663638576231, 39.952143793559706], [-75.15663638576231, 39.95217133881358], [-75.15664536891515, 39.95217133881358]]}, "properties": {"confidence": "high"}}, {"type": "Feature", "geometry": {"type": "LineString", "coordinates": [[-75.156654352068, 39.952143793559706], [-75.156654352068, 39.9521369072445], [-75.15664536891515, 39.9521369072445], [-75.15664536891515, 39.952143793559706], [-75.156654352068, 39.952143793559706]]}, "properties": {"confidence": "high"}}, {"type": "Feature", "geometry": {"type": "LineString", "coordinates": [[-75.15174056746386, 39.95216445250116], [-75.15174056746386, 39.95212313461202], [-75.15173158431102, 39.95212313461202], [-75.15173158431102, 39.95216445250116], [-75.15174056746386, 39.95216445250116]]}, "properties": {"confidence": "high"}}, {"type": "Feature", "geometry": {"type": "LineString", "coordinates": [[-75.14856951451091, 39.952157566188035], [-75.14856951451091, 39.95212313461202], [-75.14856053135807, 39.95212313461202], [-75.14856053135807, 39.952157566188035], [-75.14856951451091, 39.952157566188035]]}, "properties": {"confidence": "high"}}, {"type": "Feature", "geometry": {"type": "LineString", "coordinates": [[-75.1517495506167, 39.95212313461202], [-75.1517495506167, 39.95210247565809], [-75.15174056746386, 39.95210247565809], [-75.15174056746386, 39.95212313461202], [-75.1517495506167, 39.95212313461202]]}, "properties": {"confidence": "high"}}, {"type": "Feature", "geometry": {"type": "LineString", "coordinates": [[-75.15189328106216, 39.95210936197676], [-75.15189328106216, 39.95210247565809], [-75.15187531475647, 39.95210247565809], [-75.15187531475647, 39.95210936197676], [-75.15189328106216, 39.95210936197676]]}, "properties": {"confidence": "high"}}, {"type": "Feature", "geometry": {"type": "LineString", "coordinates": [[-75.15007868418823, 39.952157566188035], [-75.15007868418823, 39.95209558933873], [-75.15006970103539, 39.95209558933873], [-75.15006970103539, 39.952157566188035], [-75.15007868418823, 39.952157566188035]]}, "properties": {"confidence": "high"}}, {"type": "Feature", "geometry": {"type": "LineString", "coordinates": [[-75.14857849766375, 39.95212313461202], [-75.14857849766375, 39.95207493037649], [-75.14856951451091, 39.95207493037649], [-75.14856951451091, 39.95212313461202], [-75.14857849766375, 39.95212313461202]]}, "properties": {"confidence": "high"}}, {"type": "Feature", "geometry": {"type": "LineString", "coordinates": [[-75.15008766734108, 39.95209558933873], [-75.15008766734108, 39.95204738508379], [-75.15007868418823, 39.95204738508379], [-75.15007868418823, 39.95209558933873], [-75.15008766734108, 39.95209558933873]]}, "properties": {"confidence": "high"}}, {"type": "Feature", "geometry": {"type": "LineString", "coordinates": [[-75.14858748081659, 39.95207493037649], [-75.14858748081659, 39.952033612433276], [-75.14857849766375, 39.952033612433276], [-75.14857849766375, 39.95207493037649], [-75.14858748081659, 39.95207493037649]]}, "properties": {"confidence": "high"}}, {"type": "Feature", "geometry": {"type": "LineString", "coordinates": [[-75.15187531475647, 39.95210247565809], [-75.15187531475647, 39.95209558933873], [-75.15175853376954, 39.95209558933873], [-75.15175853376954, 39.95202672610698], [-75.1517495506167, 39.95202672610698], [-75.1517495506167, 39.95210247565809], [-75.15187531475647, 39.95210247565809]]}, "properties": {"confidence": "high"}}, {"type": "Feature", "geometry": {"type": "LineString", "coordinates": [[-75.15009665049392, 39.95204738508379], [-75.15009665049392, 39.95200606712394], [-75.15008766734108, 39.95200606712394], [-75.15008766734108, 39.95204738508379], [-75.15009665049392, 39.95204738508379]]}, "properties": {"confidence": "high"}}, {"type": "Feature", "geometry": {"type": "LineString", "coordinates": [[-75.14859646396944, 39.952033612433276], [-75.14859646396944, 39.951985408134654], [-75.14858748081659, 39.951985408134654], [-75.14858748081659, 39.952033612433276], [-75.14859646396944, 39.952033612433276]]}, "properties": {"confidence": "high"}}, {"type": "Feature", "geometry": {"type": "LineString", "coordinates": [[-75.15010563364676, 39.95200606712394], [-75.15010563364676, 39.95196474913913], [-75.15009665049392, 39.95196474913913], [-75.15009665049392, 39.95200606712394], [-75.15010563364676, 39.95200606712394]]}, "properties": {"confidence": "high"}}, {"type": "Feature", "geometry": {"type": "LineString", "coordinates": [[-75.15176751692238, 39.95202672610698], [-75.15176751692238, 39.95195097647198], [-75.15175853376954, 39.95195097647198], [-75.15175853376954, 39.95202672610698], [-75.15176751692238, 39.95202672610698]]}, "properties": {"confidence": "high"}}, {"type": "Feature", "geometry": {"type": "LineString", "coordinates": [[-75.14860544712228, 39.951985408134654], [-75.14860544712228, 39.95194409013736], [-75.14859646396944, 39.95194409013736], [-75.14859646396944, 39.951985408134654], [-75.14860544712228, 39.951985408134654]]}, "properties": {"confidence": "high"}}, {"type": "Feature", "geometry": {"type": "LineString", "coordinates": [[-75.1501146167996, 39.95196474913913], [-75.1501146167996, 39.95193720380205], [-75.15010563364676, 39.95193720380205], [-75.15010563364676, 39.95196474913913], [-75.1501146167996, 39.95196474913913]]}, "properties": {"confidence": "high"}}, {"type": "Feature", "geometry": {"type": "LineString", "coordinates": [[-75.15177650007523, 39.95195097647198], [-75.15177650007523, 39.95191654479197], [-75.15176751692238, 39.95191654479197], [-75.15176751692238, 39.95195097647198], [-75.15177650007523, 39.95195097647198]]}, "properties": {"confidence": "high"}}, {"type": "Feature", "geometry": {"type": "LineString", "coordinates": [[-75.14886595855468, 39.95192343112936], [-75.14886595855468, 39.951909658453886], [-75.14885697540184, 39.951909658453886], [-75.14885697540184, 39.95192343112936], [-75.14886595855468, 39.95192343112936]]}, "properties": {"confidence": "high"}}, {"type": "Feature", "geometry": {"type": "LineString", "coordinates": [[-75.14861443027512, 39.95194409013736], [-75.14861443027512, 39.95189588577564], [-75.14860544712228, 39.95189588577564], [-75.14860544712228, 39.95194409013736], [-75.14861443027512, 39.95194409013736]]}, "properties": {"confidence": "high"}}, {"type": "Feature", "geometry": {"type": "LineString", "coordinates": [[-75.15012359995244, 39.95193720380205], [-75.15012359995244, 39.95189588577564], [-75.1501146167996, 39.95189588577564], [-75.1501146167996, 39.95193720380205], [-75.15012359995244, 39.95193720380205]]}, "properties": {"confidence": "high"}}, {"type": "Feature", "geometry": {"type": "LineString", "coordinates": [[-75.14887494170752, 39.951909658453886], [-75.14887494170752, 39.95189588577564], [-75.14886595855468, 39.95189588577564], [-75.14886595855468, 39.951909658453886], [-75.14887494170752, 39.951909658453886]]}, "properties": {"confidence": "high"}}, {"type": "Feature", "geometry": {"type": "LineString", "coordinates": [[-75.15178548322807, 39.95191654479197], [-75.15178548322807, 39.95188211309463], [-75.15177650007523, 39.95188211309463], [-75.15177650007523, 39.95191654479197], [-75.15178548322807, 39.95191654479197]]}, "properties": {"confidence": "high"}}, {"type": "Feature", "geometry": {"type": "LineString", "coordinates": [[-75.14862341342796, 39.95189588577564], [-75.14862341342796, 39.95184768137996], [-75.14861443027512, 39.95184768137996], [-75.14861443027512, 39.95189588577564], [-75.14862341342796, 39.95189588577564]]}, "properties": {"confidence": "high"}}, {"type": "Feature", "geometry": {"type": "LineString", "coordinates": [[-75.15013258310529, 39.95189588577564], [-75.15013258310529, 39.95183390868924], [-75.15012359995244, 39.95183390868924], [-75.15012359995244, 39.95189588577564], [-75.15013258310529, 39.95189588577564]]}, "properties": {"confidence": "high"}}, {"type": "Feature", "geometry": {"type": "LineString", "coordinates": [[-75.1517944663809, 39.95188211309463], [-75.1517944663809, 39.95183390868924], [-75.15178548322807, 39.95183390868924], [-75.15178548322807, 39.95188211309463], [-75.1517944663809, 39.95188211309463]]}, "properties": {"confidence": "high"}}, {"type": "Feature", "geometry": {"type": "LineString", "coordinates": [[-75.1486323965808, 39.95184768137996], [-75.1486323965808, 39.951806363299475], [-75.14862341342796, 39.951806363299475], [-75.14862341342796, 39.95184768137996], [-75.1486323965808, 39.95184768137996]]}, "properties": {"confidence": "high"}}, {"type": "Feature", "geometry": {"type": "LineString", "coordinates": [[-75.15014156625813, 39.95183390868924], [-75.15014156625813, 39.951799476950306], [-75.15013258310529, 39.951799476950306], [-75.15013258310529, 39.95183390868924], [-75.15014156625813, 39.95183390868924]]}, "properties": {"confidence": "high"}}, {"type": "Feature", "geometry": {"type": "LineString", "coordinates": [[-75.15180344953374, 39.95183390868924], [-75.15180344953374, 39.951792590600434], [-75.1517944663809, 39.951792590600434], [-75.1517944663809, 39.95183390868924], [-75.15180344953374, 39.95183390868924]]}, "properties": {"confidence": "high"}}, {"type": "Feature", "geometry": {"type": "LineString", "coordinates": [[-75.14864137973363, 39.951806363299475], [-75.14864137973363, 39.95178570424987], [-75.1486323965808, 39.95178570424987], [-75.1486323965808, 39.951806363299475], [-75.14864137973363, 39.951806363299475]]}, "properties": {"confidence": "high"}}, {"type": "Feature", "geometry": {"type": "LineString", "coordinates": [[-75.15015054941097, 39.951799476950306], [-75.15015054941097, 39.95176504519403], [-75.15014156625813, 39.95176504519403], [-75.15014156625813, 39.951799476950306], [-75.15015054941097, 39.951799476950306]]}, "properties": {"confidence": "high"}}, {"type": "Feature", "geometry": {"type": "LineString", "coordinates": [[-75.15181243268658, 39.951792590600434], [-75.15181243268658, 39.95175127248667], [-75.15180344953374, 39.95175127248667], [-75.15180344953374, 39.951792590600434], [-75.15181243268658, 39.951792590600434]]}, "properties": {"confidence": "high"}}, {"type": "Feature", "geometry": {"type": "LineString", "coordinates": [[-75.14865036288649, 39.95178570424987], [-75.14865036288649, 39.951716840706126], [-75.14864137973363, 39.951716840706126], [-75.14864137973363, 39.95178570424987], [-75.14865036288649, 39.95178570424987]]}, "properties": {"confidence": "high"}}, {"type": "Feature", "geometry": {"type": "LineString", "coordinates": [[-75.1501595325638, 39.95176504519403], [-75.1501595325638, 39.951716840706126], [-75.15015054941097, 39.951716840706126], [-75.15015054941097, 39.95176504519403], [-75.1501595325638, 39.95176504519403]]}, "properties": {"confidence": "high"}}, {"type": "Feature", "geometry": {"type": "LineString", "coordinates": [[-75.15182141583942, 39.95175127248667], [-75.15182141583942, 39.95170995434794], [-75.15181243268658, 39.95170995434794], [-75.15181243268658, 39.95175127248667], [-75.15182141583942, 39.95175127248667]]}, "properties": {"confidence": "high"}}, {"type": "Feature", "geometry": {"type": "LineString", "coordinates": [[-75.14865934603932, 39.951716840706126], [-75.14865934603932, 39.95166863618426], [-75.14865036288649, 39.95166863618426], [-75.14865036288649, 39.951716840706126], [-75.14865934603932, 39.951716840706126]]}, "properties": {"confidence": "high"}}, {"type": "Feature", "geometry": {"type": "LineString", "coordinates": [[-75.15016851571664, 39.951716840706126], [-75.15016851571664, 39.95164797709306], [-75.1501595325638, 39.95164797709306], [-75.1501595325638, 39.951716840706126], [-75.15016851571664, 39.951716840706126]]}, "properties": {"confidence": "high"}}, {"type": "Feature", "geometry": {"type": "LineString", "coordinates": [[-75.15183039899227, 39.95170995434794], [-75.15183039899227, 39.95164797709306], [-75.15182141583942, 39.95164797709306], [-75.15182141583942, 39.95170995434794], [-75.15183039899227, 39.95170995434794]]}, "properties": {"confidence": "high"}}, {"type": "Feature", "geometry": {"type": "LineString", "coordinates": [[-75.14866832919218, 39.95166863618426], [-75.14866832919218, 39.95164109072794], [-75.14865934603932, 39.95164109072794], [-75.14865934603932, 39.95166863618426], [-75.14866832919218, 39.95166863618426]]}, "properties": {"confidence": "high"}}, {"type": "Feature", "geometry": {"type": "LineString", "coordinates": [[-75.14867731234501, 39.95164109072794], [-75.14867731234501, 39.95161354526052], [-75.14866832919218, 39.95161354526052], [-75.14866832919218, 39.95164109072794], [-75.14867731234501, 39.95164109072794]]}, "properties": {"confidence": "high"}}, {"type": "Feature", "geometry": {"type": "LineString", "coordinates": [[-75.15183938214511, 39.95164797709306], [-75.15183938214511, 39.95160665889194], [-75.15183039899227, 39.95160665889194], [-75.15183039899227, 39.95164797709306], [-75.15183938214511, 39.95164797709306]]}, "properties": {"confidence": "high"}}, {"type": "Feature", "geometry": {"type": "LineString", "coordinates": [[-75.14868629549785, 39.95161354526052], [-75.14868629549785, 39.95159288615268], [-75.14867731234501, 39.95159288615268], [-75.14867731234501, 39.95161354526052], [-75.14868629549785, 39.95161354526052]]}, "properties": {"confidence": "high"}}, {"type": "Feature", "geometry": {"type": "LineString", "coordinates": [[-75.15184836529795, 39.95160665889194], [-75.15184836529795, 39.95157911341066], [-75.15183938214511, 39.95157911341066], [-75.15183938214511, 39.95160665889194], [-75.15184836529795, 39.95160665889194]]}, "properties": {"confidence": "high"}}, {"type": "Feature", "geometry": {"type": "LineString", "coordinates": [[-75.14869527865069, 39.95159288615268], [-75.14869527865069, 39.951572227038604], [-75.14868629549785, 39.951572227038604], [-75.14868629549785, 39.95159288615268], [-75.14869527865069, 39.95159288615268]]}, "properties": {"confidence": "high"}}, {"type": "Feature", "geometry": {"type": "LineString", "coordinates": [[-75.15185734845079, 39.95157911341066], [-75.15185734845079, 39.95155156791828], [-75.15184836529795, 39.95155156791828], [-75.15184836529795, 39.95157911341066], [-75.15185734845079, 39.95157911341066]]}, "properties": {"confidence": "high"}}, {"type": "Feature", "geometry": {"type": "LineString", "coordinates": [[-75.14870426180354, 39.951572227038604], [-75.14870426180354, 39.95153779516794], [-75.14869527865069, 39.95153779516794], [-75.14869527865069, 39.951572227038604], [-75.14870426180354, 39.951572227038604]]}, "properties": {"confidence": "high"}}, {"type": "Feature", "geometry": {"type": "LineString", "coordinates": [[-75.15017749886948, 39.95164797709306], [-75.15017749886948, 39.95151713603722], [-75.15016851571664, 39.95151713603722], [-75.15016851571664, 39.95164797709306], [-75.15017749886948, 39.95164797709306]]}, "properties": {"confidence": "high"}}, {"type": "Feature", "geometry": {"type": "LineString", "coordinates": [[-75.15186633160363, 39.95155156791828], [-75.15186633160363, 39.95150336327993], [-75.15185734845079, 39.95150336327993], [-75.15185734845079, 39.95155156791828], [-75.15186633160363, 39.95155156791828]]}, "properties": {"confidence": "high"}}, {"type": "Feature", "geometry": {"type": "LineString", "coordinates": [[-75.14871324495638, 39.95153779516794], [-75.14871324495638, 39.95150336327993], [-75.14870426180354, 39.95150336327993], [-75.14870426180354, 39.95153779516794], [-75.14871324495638, 39.95153779516794]]}, "properties": {"confidence": "high"}}, {"type": "Feature", "geometry": {"type": "LineString", "coordinates": [[-75.15355516433777, 39.951530908791725], [-75.15355516433777, 39.95149647690025], [-75.15354618118494, 39.95149647690025], [-75.15354618118494, 39.951530908791725], [-75.15355516433777, 39.951530908791725]]}, "properties": {"confidence": "high"}}, {"type": "Feature", "geometry": {"type": "LineString", "coordinates": [[-75.15514518239067, 39.95151024965892], [-75.15514518239067, 39.95149647690025], [-75.15513619923783, 39.95149647690025], [-75.15513619923783, 39.95151024965892], [-75.15514518239067, 39.95151024965892]]}, "properties": {"confidence": "high"}}, {"type": "Feature", "geometry": {"type": "LineString", "coordinates": [[-75.14872222810922, 39.95150336327993], [-75.14872222810922, 39.95148270413881], [-75.14871324495638, 39.95148270413881], [-75.14871324495638, 39.95150336327993], [-75.14872222810922, 39.95150336327993]]}, "properties": {"confidence": "high"}}, {"type": "Feature", "geometry": {"type": "LineString", "coordinates": [[-75.15650163846969, 39.95148959051988], [-75.15650163846969, 39.95148270413881], [-75.15649265531685, 39.95148270413881], [-75.15649265531685, 39.95148959051988], [-75.15650163846969, 39.95148959051988]]}, "properties": {"confidence": "high"}}, {"type": "Feature", "geometry": {"type": "LineString", "coordinates": [[-75.15649265531685, 39.95148270413881], [-75.15649265531685, 39.95147581775706], [-75.15642977324696, 39.95147581775706], [-75.15642977324696, 39.95148270413881], [-75.15649265531685, 39.95148270413881]]}, "properties": {"confidence": "high"}}, {"type": "Feature", "geometry": {"type": "LineString", "coordinates": [[-75.15018648202233, 39.95151713603722], [-75.15018648202233, 39.9514689313746], [-75.15017749886948, 39.9514689313746], [-75.15017749886948, 39.95151713603722], [-75.15018648202233, 39.95151713603722]]}, "properties": {"confidence": "high"}}, {"type": "Feature", "geometry": {"type": "LineString", "coordinates": [[-75.15642977324696, 39.95147581775706], [-75.15642977324696, 39.9514689313746], [-75.1563489248714, 39.9514689313746], [-75.1563489248714, 39.95147581775706], [-75.15642977324696, 39.95147581775706]]}, "properties": {"confidence": "high"}}, {"type": "Feature", "geometry": {"type": "LineString", "coordinates": [[-75.1563489248714, 39.9514689313746], [-75.1563489248714, 39.95146204499146], [-75.15629502595435, 39.95146204499146], [-75.15629502595435, 39.9514689313746], [-75.1563489248714, 39.9514689313746]]}, "properties": {"confidence": "high"}}, {"type": "Feature", "geometry": {"type": "LineString", "coordinates": [[-75.15187531475647, 39.95150336327993], [-75.15187531475647, 39.95145515860762], [-75.15186633160363, 39.95145515860762], [-75.15186633160363, 39.95150336327993], [-75.15187531475647, 39.95150336327993]]}, "properties": {"confidence": "high"}}, {"type": "Feature", "geometry": {"type": "LineString", "coordinates": [[-75.15515416554351, 39.95149647690025], [-75.15515416554351, 39.95145515860762], [-75.15514518239067, 39.95145515860762], [-75.15514518239067, 39.95149647690025], [-75.15515416554351, 39.95149647690025]]}, "properties": {"confidence": "high"}}, {"type": "Feature", "geometry": {"type": "LineString", "coordinates": [[-75.15356414749061, 39.95149647690025], [-75.15356414749061, 39.95145515860762], [-75.15355516433777, 39.95145515860762], [-75.15355516433777, 39.95149647690025], [-75.15356414749061, 39.95149647690025]]}, "properties": {"confidence": "high"}}, {"type": "Feature", "geometry": {"type": "LineString", "coordinates": [[-75.15629502595435, 39.95146204499146], [-75.15629502595435, 39.95145515860762], [-75.15625011019014, 39.95145515860762], [-75.15625011019014, 39.95146204499146], [-75.15629502595435, 39.95146204499146]]}, "properties": {"confidence": "high"}}, {"type": "Feature", "geometry": {"type": "LineString", "coordinates": [[-75.14873121126206, 39.95148270413881], [-75.14873121126206, 39.95144827222309], [-75.14872222810922, 39.95144827222309], [-75.14872222810922, 39.95148270413881], [-75.14873121126206, 39.95148270413881]]}, "properties": {"confidence": "high"}}, {"type": "Feature", "geometry": {"type": "LineString", "coordinates": [[-75.15625011019014, 39.95145515860762], [-75.15625011019014, 39.95144827222309], [-75.15620519442594, 39.95144827222309], [-75.15620519442594, 39.95145515860762], [-75.15625011019014, 39.95145515860762]]}, "properties": {"confidence": "high"}}, {"type": "Feature", "geometry": {"type": "LineString", "coordinates": [[-75.15620519442594, 39.95144827222309], [-75.15620519442594, 39.95144138583786], [-75.15614231235605, 39.95144138583786], [-75.15614231235605, 39.95144827222309], [-75.15620519442594, 39.95144827222309]]}, "properties": {"confidence": "high"}}, {"type": "Feature", "geometry": {"type": "LineString", "coordinates": [[-75.15614231235605, 39.95144138583786], [-75.15614231235605, 39.951434499451935], [-75.15607943028616, 39.951434499451935], [-75.15607943028616, 39.95144138583786], [-75.15614231235605, 39.95144138583786]]}, "properties": {"confidence": "high"}}, {"type": "Feature", "geometry": {"type": "LineString", "coordinates": [[-75.15019546517517, 39.9514689313746], [-75.15019546517517, 39.95142761306533], [-75.15018648202233, 39.95142761306533], [-75.15018648202233, 39.9514689313746], [-75.15019546517517, 39.9514689313746]]}, "properties": {"confidence": "high"}}, {"type": "Feature", "geometry": {"type": "LineString", "coordinates": [[-75.15516314869636, 39.95145515860762], [-75.15516314869636, 39.95142761306533], [-75.15515416554351, 39.95142761306533], [-75.15515416554351, 39.95145515860762], [-75.15516314869636, 39.95145515860762]]}, "properties": {"confidence": "high"}}, {"type": "Feature", "geometry": {"type": "LineString", "coordinates": [[-75.15607943028616, 39.951434499451935], [-75.15607943028616, 39.95142761306533], [-75.1560255313691, 39.95142761306533], [-75.1560255313691, 39.951434499451935], [-75.15607943028616, 39.951434499451935]]}, "properties": {"confidence": "high"}}, {"type": "Feature", "geometry": {"type": "LineString", "coordinates": [[-75.15188429790932, 39.95145515860762], [-75.15188429790932, 39.951420726678016], [-75.15187531475647, 39.951420726678016], [-75.15187531475647, 39.95145515860762], [-75.15188429790932, 39.95145515860762]]}, "properties": {"confidence": "high"}}, {"type": "Feature", "geometry": {"type": "LineString", "coordinates": [[-75.1560255313691, 39.95142761306533], [-75.1560255313691, 39.951420726678016], [-75.15597163245205, 39.951420726678016], [-75.15597163245205, 39.95142761306533], [-75.1560255313691, 39.95142761306533]]}, "properties": {"confidence": "high"}}, {"type": "Feature", "geometry": {"type": "LineString", "coordinates": [[-75.15357313064347, 39.95145515860762], [-75.15357313064347, 39.95141384029002], [-75.15356414749061, 39.95141384029002], [-75.15356414749061, 39.95145515860762], [-75.15357313064347, 39.95145515860762]]}, "properties": {"confidence": "high"}}, {"type": "Feature", "geometry": {"type": "LineString", "coordinates": [[-75.1487401944149, 39.95144827222309], [-75.1487401944149, 39.95141384029002], [-75.14873121126206, 39.95141384029002], [-75.14873121126206, 39.95144827222309], [-75.1487401944149, 39.95144827222309]]}, "properties": {"confidence": "high"}}, {"type": "Feature", "geometry": {"type": "LineString", "coordinates": [[-75.15597163245205, 39.951420726678016], [-75.15597163245205, 39.95141384029002], [-75.15590875038217, 39.95141384029002], [-75.15590875038217, 39.951420726678016], [-75.15597163245205, 39.951420726678016]]}, "properties": {"confidence": "high"}}, {"type": "Feature", "geometry": {"type": "LineString", "coordinates": [[-75.15590875038217, 39.95141384029002], [-75.15590875038217, 39.951406953901326], [-75.15584586831228, 39.951406953901326], [-75.15584586831228, 39.95141384029002], [-75.15590875038217, 39.95141384029002]]}, "properties": {"confidence": "high"}}, {"type": "Feature", "geometry": {"type": "LineString", "coordinates": [[-75.15584586831228, 39.951406953901326], [-75.15584586831228, 39.95140006751194], [-75.15577400308955, 39.95140006751194], [-75.15577400308955, 39.951406953901326], [-75.15584586831228, 39.951406953901326]]}, "properties": {"confidence": "high"}}, {"type": "Feature", "geometry": {"type": "LineString", "coordinates": [[-75.15577400308955, 39.95140006751194], [-75.15577400308955, 39.95139318112186], [-75.15574705363103, 39.95139318112186], [-75.15574705363103, 39.95140006751194], [-75.15577400308955, 39.95140006751194]]}, "properties": {"confidence": "high"}}, {"type": "Feature", "geometry": {"type": "LineString", "coordinates": [[-75.15574705363103, 39.95139318112186], [-75.15574705363103, 39.951386294731094], [-75.1557380704782, 39.951386294731094], [-75.1557380704782, 39.95139318112186], [-75.15574705363103, 39.95139318112186]]}, "properties": {"confidence": "high"}}, {"type": "Feature", "geometry": {"type": "LineString", "coordinates": [[-75.1551721318492, 39.95142761306533], [-75.1551721318492, 39.95137940833962], [-75.15516314869636, 39.95137940833962], [-75.15516314869636, 39.95142761306533], [-75.1551721318492, 39.95142761306533]]}, "properties": {"confidence": "high"}}, {"type": "Feature", "geometry": {"type": "LineString", "coordinates": [[-75.15020444832801, 39.95142761306533], [-75.15020444832801, 39.95137940833962], [-75.15019546517517, 39.95137940833962], [-75.15019546517517, 39.95142761306533], [-75.15020444832801, 39.95142761306533]]}, "properties": {"confidence": "high"}}, {"type": "Feature", "geometry": {"type": "LineString", "coordinates": [[-75.14874917756775, 39.95141384029002], [-75.14874917756775, 39.95137940833962], [-75.1487401944149, 39.95137940833962], [-75.1487401944149, 39.95141384029002], [-75.14874917756775, 39.95141384029002]]}, "properties": {"confidence": "high"}}, {"type": "Feature", "geometry": {"type": "LineString", "coordinates": [[-75.1557380704782, 39.951386294731094], [-75.1557380704782, 39.95137940833962], [-75.15572908732535, 39.95137940833962], [-75.15572908732535, 39.951386294731094], [-75.1557380704782, 39.951386294731094]]}, "properties": {"confidence": "high"}}, {"type": "Feature", "geometry": {"type": "LineString", "coordinates": [[-75.15189328106216, 39.951420726678016], [-75.15189328106216, 39.95137252194746], [-75.15188429790932, 39.95137252194746], [-75.15188429790932, 39.951420726678016], [-75.15189328106216, 39.951420726678016]]}, "properties": {"confidence": "high"}}, {"type": "Feature", "geometry": {"type": "LineString", "coordinates": [[-75.15572908732535, 39.95137940833962], [-75.15572908732535, 39.95137252194746], [-75.15569315471399, 39.95137252194746], [-75.15569315471399, 39.95137940833962], [-75.15572908732535, 39.95137940833962]]}, "properties": {"confidence": "high"}}, {"type": "Feature", "geometry": {"type": "LineString", "coordinates": [[-75.15557637372706, 39.95137940833962], [-75.15557637372706, 39.95137252194746], [-75.15548654219864, 39.95137252194746], [-75.15548654219864, 39.95137940833962], [-75.15557637372706, 39.95137940833962]]}, "properties": {"confidence": "high"}}, {"type": "Feature", "geometry": {"type": "LineString", "coordinates": [[-75.1535821137963, 39.95141384029002], [-75.1535821137963, 39.95136563555461], [-75.15357313064347, 39.95136563555461], [-75.15357313064347, 39.95141384029002], [-75.1535821137963, 39.95141384029002]]}, "properties": {"confidence": "high"}}, {"type": "Feature", "geometry": {"type": "LineString", "coordinates": [[-75.15569315471399, 39.95137252194746], [-75.15569315471399, 39.95136563555461], [-75.15566620525546, 39.95136563555461], [-75.15566620525546, 39.95137252194746], [-75.15569315471399, 39.95137252194746]]}, "properties": {"confidence": "high"}}, {"type": "Feature", "geometry": {"type": "LineString", "coordinates": [[-75.15563925579694, 39.95137252194746], [-75.15563925579694, 39.95136563555461], [-75.15557637372706, 39.95136563555461], [-75.15557637372706, 39.95137252194746], [-75.15563925579694, 39.95137252194746]]}, "properties": {"confidence": "high"}}, {"type": "Feature", "geometry": {"type": "LineString", "coordinates": [[-75.15548654219864, 39.95137252194746], [-75.15548654219864, 39.95136563555461], [-75.15542366012875, 39.95136563555461], [-75.15542366012875, 39.95137252194746], [-75.15548654219864, 39.95137252194746]]}, "properties": {"confidence": "high"}}, {"type": "Feature", "geometry": {"type": "LineString", "coordinates": [[-75.15566620525546, 39.95136563555461], [-75.15566620525546, 39.951358749161066], [-75.15563925579694, 39.951358749161066], [-75.15563925579694, 39.95136563555461], [-75.15566620525546, 39.95136563555461]]}, "properties": {"confidence": "high"}}, {"type": "Feature", "geometry": {"type": "LineString", "coordinates": [[-75.15542366012875, 39.95136563555461], [-75.15542366012875, 39.951358749161066], [-75.15538772751738, 39.951358749161066], [-75.15538772751738, 39.95136563555461], [-75.15542366012875, 39.95136563555461]]}, "properties": {"confidence": "high"}}, {"type": "Feature", "geometry": {"type": "LineString", "coordinates": [[-75.15538772751738, 39.951358749161066], [-75.15538772751738, 39.95135186276683], [-75.15535179490601, 39.95135186276683], [-75.15535179490601, 39.951358749161066], [-75.15538772751738, 39.951358749161066]]}, "properties": {"confidence": "high"}}, {"type": "Feature", "geometry": {"type": "LineString", "coordinates": [[-75.15535179490601, 39.95135186276683], [-75.15535179490601, 39.95134497637189], [-75.15533382860033, 39.95134497637189], [-75.15533382860033, 39.95135186276683], [-75.15535179490601, 39.95135186276683]]}, "properties": {"confidence": "high"}}, {"type": "Feature", "geometry": {"type": "LineString", "coordinates": [[-75.15518111500204, 39.95137940833962], [-75.15518111500204, 39.95133808997626], [-75.1551721318492, 39.95133808997626], [-75.1551721318492, 39.95137940833962], [-75.15518111500204, 39.95137940833962]]}, "properties": {"confidence": "high"}}, {"type": "Feature", "geometry": {"type": "LineString", "coordinates": [[-75.151902264215, 39.95137252194746], [-75.151902264215, 39.95133808997626], [-75.15189328106216, 39.95133808997626], [-75.15189328106216, 39.95137252194746], [-75.151902264215, 39.95137252194746]]}, "properties": {"confidence": "high"}}, {"type": "Feature", "geometry": {"type": "LineString", "coordinates": [[-75.15533382860033, 39.95134497637189], [-75.15533382860033, 39.95133808997626], [-75.15531586229466, 39.95133808997626], [-75.15531586229466, 39.95134497637189], [-75.15533382860033, 39.95134497637189]]}, "properties": {"confidence": "high"}}, {"type": "Feature", "geometry": {"type": "LineString", "coordinates": [[-75.15359109694914, 39.95136563555461], [-75.15359109694914, 39.95133120357995], [-75.1535821137963, 39.95133120357995], [-75.1535821137963, 39.95136563555461], [-75.15359109694914, 39.95136563555461]]}, "properties": {"confidence": "high"}}, {"type": "Feature", "geometry": {"type": "LineString", "coordinates": [[-75.15531586229466, 39.95133808997626], [-75.15531586229466, 39.95133120357995], [-75.15529789598897, 39.95133120357995], [-75.15529789598897, 39.95133808997626], [-75.15531586229466, 39.95133808997626]]}, "properties": {"confidence": "high"}}, {"type": "Feature", "geometry": {"type": "LineString", "coordinates": [[-75.15519009815488, 39.95133808997626], [-75.15519009815488, 39.95132431718294], [-75.15518111500204, 39.95132431718294], [-75.15518111500204, 39.95133808997626], [-75.15519009815488, 39.95133808997626]]}, "properties": {"confidence": "high"}}, {"type": "Feature", "geometry": {"type": "LineString", "coordinates": [[-75.15529789598897, 39.95133120357995], [-75.15529789598897, 39.95132431718294], [-75.15527094653045, 39.95132431718294], [-75.15527094653045, 39.95133120357995], [-75.15529789598897, 39.95133120357995]]}, "properties": {"confidence": "high"}}, {"type": "Feature", "geometry": {"type": "LineString", "coordinates": [[-75.14875816072059, 39.95137940833962], [-75.14875816072059, 39.95131743078524], [-75.14874917756775, 39.95131743078524], [-75.14874917756775, 39.95137940833962], [-75.14875816072059, 39.95137940833962]]}, "properties": {"confidence": "high"}}, {"type": "Feature", "geometry": {"type": "LineString", "coordinates": [[-75.15527094653045, 39.95132431718294], [-75.15527094653045, 39.95131743078524], [-75.15524399707192, 39.95131743078524], [-75.15524399707192, 39.95132431718294], [-75.15527094653045, 39.95132431718294]]}, "properties": {"confidence": "high"}}, {"type": "Feature", "geometry": {"type": "LineString", "coordinates": [[-75.15021343148085, 39.95137940833962], [-75.15021343148085, 39.95130365798774], [-75.15020444832801, 39.95130365798774], [-75.15020444832801, 39.95137940833962], [-75.15021343148085, 39.95137940833962]]}, "properties": {"confidence": "high"}}, {"type": "Feature", "geometry": {"type": "LineString", "coordinates": [[-75.15519009815488, 39.951310544386835], [-75.15519009815488, 39.95130365798774], [-75.15516314869636, 39.95130365798774], [-75.15516314869636, 39.951310544386835], [-75.15519009815488, 39.951310544386835]]}, "properties": {"confidence": "high"}}, {"type": "Feature", "geometry": {"type": "LineString", "coordinates": [[-75.15519908130771, 39.95132431718294], [-75.15519908130771, 39.95131743078524], [-75.15524399707192, 39.95131743078524], [-75.15524399707192, 39.951310544386835], [-75.15522603076624, 39.951310544386835], [-75.15522603076624, 39.95129677158795], [-75.1552170476134, 39.95129677158795], [-75.1552170476134, 39.951310544386835], [-75.15519009815488, 39.951310544386835], [-75.15519009815488, 39.95132431718294], [-75.15519908130771, 39.95132431718294]]}, "properties": {"confidence": "high"}}, {"type": "Feature", "geometry": {"type": "LineString", "coordinates": [[-75.15516314869636, 39.95130365798774], [-75.15516314869636, 39.95129677158795], [-75.15506433401511, 39.95129677158795], [-75.15506433401511, 39.95130365798774], [-75.15516314869636, 39.95130365798774]]}, "properties": {"confidence": "high"}}, {"type": "Feature", "geometry": {"type": "LineString", "coordinates": [[-75.15191124736783, 39.95133808997626], [-75.15191124736783, 39.951289885187464], [-75.151902264215, 39.951289885187464], [-75.151902264215, 39.95133808997626], [-75.15191124736783, 39.95133808997626]]}, "properties": {"confidence": "high"}}, {"type": "Feature", "geometry": {"type": "LineString", "coordinates": [[-75.14876714387343, 39.95131743078524], [-75.14876714387343, 39.951289885187464], [-75.14875816072059, 39.951289885187464], [-75.14875816072059, 39.95131743078524], [-75.14876714387343, 39.95131743078524]]}, "properties": {"confidence": "high"}}, {"type": "Feature", "geometry": {"type": "LineString", "coordinates": [[-75.15506433401511, 39.95129677158795], [-75.15506433401511, 39.951289885187464], [-75.15491162041681, 39.951289885187464], [-75.15491162041681, 39.95129677158795], [-75.15506433401511, 39.95129677158795]]}, "properties": {"confidence": "high"}}, {"type": "Feature", "geometry": {"type": "LineString", "coordinates": [[-75.15595366614637, 39.95129677158795], [-75.15595366614637, 39.9512829987863], [-75.15594468299354, 39.9512829987863], [-75.15594468299354, 39.951289885187464], [-75.1559356998407, 39.951289885187464], [-75.1559356998407, 39.95129677158795], [-75.15595366614637, 39.95129677158795]]}, "properties": {"confidence": "high"}}, {"type": "Feature", "geometry": {"type": "LineString", "coordinates": [[-75.15491162041681, 39.951289885187464], [-75.15491162041681, 39.9512829987863], [-75.15483975519406, 39.9512829987863], [-75.15483975519406, 39.951289885187464], [-75.15491162041681, 39.951289885187464]]}, "properties": {"confidence": "high"}}, {"type": "Feature", "geometry": {"type": "LineString", "coordinates": [[-75.15483975519406, 39.9512829987863], [-75.15483975519406, 39.951276112384434], [-75.15477687312418, 39.951276112384434], [-75.15477687312418, 39.9512829987863], [-75.15483975519406, 39.9512829987863]]}, "properties": {"confidence": "high"}}, {"type": "Feature", "geometry": {"type": "LineString", "coordinates": [[-75.15360008010198, 39.95133120357995], [-75.15360008010198, 39.951269225981875], [-75.15359109694914, 39.951269225981875], [-75.15359109694914, 39.95133120357995], [-75.15360008010198, 39.95133120357995]]}, "properties": {"confidence": "high"}}, {"type": "Feature", "geometry": {"type": "LineString", "coordinates": [[-75.15477687312418, 39.951276112384434], [-75.15477687312418, 39.951269225981875], [-75.1546960247486, 39.951269225981875], [-75.1546960247486, 39.951276112384434], [-75.15477687312418, 39.951276112384434]]}, "properties": {"confidence": "high"}}, {"type": "Feature", "geometry": {"type": "LineString", "coordinates": [[-75.1546960247486, 39.951269225981875], [-75.1546960247486, 39.951262339578626], [-75.15461517637304, 39.951262339578626], [-75.15461517637304, 39.951269225981875], [-75.1546960247486, 39.951269225981875]]}, "properties": {"confidence": "high"}}, {"type": "Feature", "geometry": {"type": "LineString", "coordinates": [[-75.15022241463369, 39.95130365798774], [-75.15022241463369, 39.951255453174674], [-75.15021343148085, 39.951255453174674], [-75.15021343148085, 39.95130365798774], [-75.15022241463369, 39.95130365798774]]}, "properties": {"confidence": "high"}}, {"type": "Feature", "geometry": {"type": "LineString", "coordinates": [[-75.14877612702627, 39.951289885187464], [-75.14877612702627, 39.951255453174674], [-75.14876714387343, 39.951255453174674], [-75.14876714387343, 39.951289885187464], [-75.14877612702627, 39.951289885187464]]}, "properties": {"confidence": "high"}}, {"type": "Feature", "geometry": {"type": "LineString", "coordinates": [[-75.15461517637304, 39.951262339578626], [-75.15461517637304, 39.951255453174674], [-75.15452534484463, 39.951255453174674], [-75.15452534484463, 39.951262339578626], [-75.15461517637304, 39.951262339578626]]}, "properties": {"confidence": "high"}}, {"type": "Feature", "geometry": {"type": "LineString", "coordinates": [[-75.15596264929921, 39.9512829987863], [-75.15596264929921, 39.95124856677003], [-75.15595366614637, 39.95124856677003], [-75.15595366614637, 39.9512829987863], [-75.15596264929921, 39.9512829987863]]}, "properties": {"confidence": "high"}}, {"type": "Feature", "geometry": {"type": "LineString", "coordinates": [[-75.15452534484463, 39.951255453174674], [-75.15452534484463, 39.95124856677003], [-75.15439059755201, 39.95124856677003], [-75.15439059755201, 39.951255453174674], [-75.15452534484463, 39.951255453174674]]}, "properties": {"confidence": "high"}}, {"type": "Feature", "geometry": {"type": "LineString", "coordinates": [[-75.15192023052067, 39.951289885187464], [-75.15192023052067, 39.9512416803647], [-75.15191124736783, 39.9512416803647], [-75.15191124736783, 39.951289885187464], [-75.15192023052067, 39.951289885187464]]}, "properties": {"confidence": "high"}}, {"type": "Feature", "geometry": {"type": "LineString", "coordinates": [[-75.15439059755201, 39.95124856677003], [-75.15439059755201, 39.9512416803647], [-75.15437263124633, 39.9512416803647], [-75.15437263124633, 39.95124856677003], [-75.15439059755201, 39.95124856677003]]}, "properties": {"confidence": "high"}}, {"type": "Feature", "geometry": {"type": "LineString", "coordinates": [[-75.15437263124633, 39.9512416803647], [-75.15437263124633, 39.95123479395868], [-75.15434568178782, 39.95123479395868], [-75.15434568178782, 39.9512416803647], [-75.15437263124633, 39.9512416803647]]}, "properties": {"confidence": "high"}}, {"type": "Feature", "geometry": {"type": "LineString", "coordinates": [[-75.15523501391908, 39.95129677158795], [-75.15523501391908, 39.95122790755196], [-75.15522603076624, 39.95122790755196], [-75.15522603076624, 39.95129677158795], [-75.15523501391908, 39.95129677158795]]}, "properties": {"confidence": "high"}}, {"type": "Feature", "geometry": {"type": "LineString", "coordinates": [[-75.15434568178782, 39.95123479395868], [-75.15434568178782, 39.95122790755196], [-75.15430974917643, 39.95122790755196], [-75.15430974917643, 39.95123479395868], [-75.15434568178782, 39.95123479395868]]}, "properties": {"confidence": "high"}}, {"type": "Feature", "geometry": {"type": "LineString", "coordinates": [[-75.1487851101791, 39.951255453174674], [-75.1487851101791, 39.95122102114455], [-75.14877612702627, 39.95122102114455], [-75.14877612702627, 39.951255453174674], [-75.1487851101791, 39.951255453174674]]}, "properties": {"confidence": "high"}}, {"type": "Feature", "geometry": {"type": "LineString", "coordinates": [[-75.15430974917643, 39.95122790755196], [-75.15430974917643, 39.95122102114455], [-75.15427381656507, 39.95122102114455], [-75.15427381656507, 39.95122790755196], [-75.15430974917643, 39.95122790755196]]}, "properties": {"confidence": "high"}}, {"type": "Feature", "geometry": {"type": "LineString", "coordinates": [[-75.15023139778653, 39.951255453174674], [-75.15023139778653, 39.951214134736446], [-75.15022241463369, 39.951214134736446], [-75.15022241463369, 39.951255453174674], [-75.15023139778653, 39.951255453174674]]}, "properties": {"confidence": "high"}}, {"type": "Feature", "geometry": {"type": "LineString", "coordinates": [[-75.15597163245205, 39.95124856677003], [-75.15597163245205, 39.951214134736446], [-75.15596264929921, 39.951214134736446], [-75.15596264929921, 39.95124856677003], [-75.15597163245205, 39.95124856677003]]}, "properties": {"confidence": "high"}}, {"type": "Feature", "geometry": {"type": "LineString", "coordinates": [[-75.15192921367353, 39.9512416803647], [-75.15192921367353, 39.951214134736446], [-75.15192023052067, 39.951214134736446], [-75.15192023052067, 39.9512416803647], [-75.15192921367353, 39.9512416803647]]}, "properties": {"confidence": "high"}}, {"type": "Feature", "geometry": {"type": "LineString", "coordinates": [[-75.15427381656507, 39.95122102114455], [-75.15427381656507, 39.951214134736446], [-75.15420195134234, 39.951214134736446], [-75.15420195134234, 39.95122102114455], [-75.15427381656507, 39.95122102114455]]}, "properties": {"confidence": "high"}}, {"type": "Feature", "geometry": {"type": "LineString", "coordinates": [[-75.15420195134234, 39.951214134736446], [-75.15420195134234, 39.95120724832764], [-75.1541480524253, 39.95120724832764], [-75.1541480524253, 39.951214134736446], [-75.15420195134234, 39.951214134736446]]}, "properties": {"confidence": "high"}}, {"type": "Feature", "geometry": {"type": "LineString", "coordinates": [[-75.1541480524253, 39.95120724832764], [-75.1541480524253, 39.951200361918154], [-75.15409415350825, 39.951200361918154], [-75.15409415350825, 39.95120724832764], [-75.1541480524253, 39.95120724832764]]}, "properties": {"confidence": "high"}}, {"type": "Feature", "geometry": {"type": "LineString", "coordinates": [[-75.15409415350825, 39.951200361918154], [-75.15409415350825, 39.95119347550797], [-75.15404025459121, 39.95119347550797], [-75.15404025459121, 39.951200361918154], [-75.15409415350825, 39.951200361918154]]}, "properties": {"confidence": "high"}}, {"type": "Feature", "geometry": {"type": "LineString", "coordinates": [[-75.15404025459121, 39.95119347550797], [-75.15404025459121, 39.951186589097084], [-75.15398635567416, 39.951186589097084], [-75.15398635567416, 39.95119347550797], [-75.15404025459121, 39.95119347550797]]}, "properties": {"confidence": "high"}}, {"type": "Feature", "geometry": {"type": "LineString", "coordinates": [[-75.14879409333194, 39.95122102114455], [-75.14879409333194, 39.95117970268552], [-75.1487851101791, 39.95117970268552], [-75.1487851101791, 39.95122102114455], [-75.14879409333194, 39.95122102114455]]}, "properties": {"confidence": "high"}}, {"type": "Feature", "geometry": {"type": "LineString", "coordinates": [[-75.1559806156049, 39.951214134736446], [-75.1559806156049, 39.95117970268552], [-75.15597163245205, 39.95117970268552], [-75.15597163245205, 39.951214134736446], [-75.1559806156049, 39.951214134736446]]}, "properties": {"confidence": "high"}}, {"type": "Feature", "geometry": {"type": "LineString", "coordinates": [[-75.15398635567416, 39.951186589097084], [-75.15398635567416, 39.95117970268552], [-75.15392347360427, 39.95117970268552], [-75.15392347360427, 39.951186589097084], [-75.15398635567416, 39.951186589097084]]}, "properties": {"confidence": "high"}}, {"type": "Feature", "geometry": {"type": "LineString", "coordinates": [[-75.15024038093938, 39.951214134736446], [-75.15024038093938, 39.95117281627325], [-75.15023139778653, 39.95117281627325], [-75.15023139778653, 39.951214134736446], [-75.15024038093938, 39.951214134736446]]}, "properties": {"confidence": "high"}}, {"type": "Feature", "geometry": {"type": "LineString", "coordinates": [[-75.15392347360427, 39.95117970268552], [-75.15392347360427, 39.95117281627325], [-75.15387855784006, 39.95117281627325], [-75.15387855784006, 39.95117970268552], [-75.15392347360427, 39.95117970268552]]}, "properties": {"confidence": "high"}}, {"type": "Feature", "geometry": {"type": "LineString", "coordinates": [[-75.15193819682636, 39.951214134736446], [-75.15193819682636, 39.951165929860295], [-75.15192921367353, 39.951165929860295], [-75.15192921367353, 39.951214134736446], [-75.15193819682636, 39.951214134736446]]}, "properties": {"confidence": "high"}}, {"type": "Feature", "geometry": {"type": "LineString", "coordinates": [[-75.15387855784006, 39.95117281627325], [-75.15387855784006, 39.951165929860295], [-75.15383364207587, 39.951165929860295], [-75.15383364207587, 39.95117281627325], [-75.15387855784006, 39.95117281627325]]}, "properties": {"confidence": "high"}}, {"type": "Feature", "geometry": {"type": "LineString", "coordinates": [[-75.1488030764848, 39.95117970268552], [-75.1488030764848, 39.951159043446644], [-75.14879409333194, 39.951159043446644], [-75.14879409333194, 39.95117970268552], [-75.1488030764848, 39.95117970268552]]}, "properties": {"confidence": "high"}}, {"type": "Feature", "geometry": {"type": "LineString", "coordinates": [[-75.15383364207587, 39.951165929860295], [-75.15383364207587, 39.951159043446644], [-75.1537977094645, 39.951159043446644], [-75.1537977094645, 39.951165929860295], [-75.15383364207587, 39.951165929860295]]}, "properties": {"confidence": "high"}}, {"type": "Feature", "geometry": {"type": "LineString", "coordinates": [[-75.15360906325482, 39.951269225981875], [-75.15360906325482, 39.9511521570323], [-75.15360008010198, 39.9511521570323], [-75.15360008010198, 39.951269225981875], [-75.15360906325482, 39.951269225981875]]}, "properties": {"confidence": "high"}}, {"type": "Feature", "geometry": {"type": "LineString", "coordinates": [[-75.1537977094645, 39.951159043446644], [-75.1537977094645, 39.9511521570323], [-75.15376177685312, 39.9511521570323], [-75.15376177685312, 39.951159043446644], [-75.1537977094645, 39.951159043446644]]}, "properties": {"confidence": "high"}}, {"type": "Feature", "geometry": {"type": "LineString", "coordinates": [[-75.15376177685312, 39.9511521570323], [-75.15376177685312, 39.95114527061726], [-75.15366296217186, 39.95114527061726], [-75.15366296217186, 39.9511521570323], [-75.15376177685312, 39.9511521570323]]}, "properties": {"confidence": "high"}}, {"type": "Feature", "geometry": {"type": "LineString", "coordinates": [[-75.15598959875774, 39.95117970268552], [-75.15598959875774, 39.95113838420153], [-75.1559806156049, 39.95113838420153], [-75.1559806156049, 39.95117970268552], [-75.15598959875774, 39.95117970268552]]}, "properties": {"confidence": "high"}}, {"type": "Feature", "geometry": {"type": "LineString", "coordinates": [[-75.15361804640766, 39.9511521570323], [-75.15361804640766, 39.95114527061726], [-75.15366296217186, 39.95114527061726], [-75.15366296217186, 39.95113838420153], [-75.15361804640766, 39.95113838420153], [-75.15361804640766, 39.951131497785106], [-75.15360906325482, 39.951131497785106], [-75.15360906325482, 39.9511521570323], [-75.15361804640766, 39.9511521570323]]}, "properties": {"confidence": "high"}}, {"type": "Feature", "geometry": {"type": "LineString", "coordinates": [[-75.15024936409222, 39.95117281627325], [-75.15024936409222, 39.95112461136798], [-75.15024038093938, 39.95112461136798], [-75.15024038093938, 39.95117281627325], [-75.15024936409222, 39.95117281627325]]}, "properties": {"confidence": "high"}}, {"type": "Feature", "geometry": {"type": "LineString", "coordinates": [[-75.14881205963763, 39.951159043446644], [-75.14881205963763, 39.95112461136798], [-75.1488030764848, 39.95112461136798], [-75.1488030764848, 39.951159043446644], [-75.14881205963763, 39.951159043446644]]}, "properties": {"confidence": "high"}}, {"type": "Feature", "geometry": {"type": "LineString", "coordinates": [[-75.15524399707192, 39.95122790755196], [-75.15524399707192, 39.95111083853167], [-75.15523501391908, 39.95111083853167], [-75.15523501391908, 39.95122790755196], [-75.15524399707192, 39.95122790755196]]}, "properties": {"confidence": "high"}}, {"type": "Feature", "geometry": {"type": "LineString", "coordinates": [[-75.1535371980321, 39.95111772495017], [-75.1535371980321, 39.95111083853167], [-75.15342940019801, 39.95111083853167], [-75.15342940019801, 39.95111772495017], [-75.1535371980321, 39.95111772495017]]}, "properties": {"confidence": "high"}}, {"type": "Feature", "geometry": {"type": "LineString", "coordinates": [[-75.15599858191058, 39.95113838420153], [-75.15599858191058, 39.95110395211247], [-75.15598959875774, 39.95110395211247], [-75.15598959875774, 39.95113838420153], [-75.15599858191058, 39.95113838420153]]}, "properties": {"confidence": "high"}}, {"type": "Feature", "geometry": {"type": "LineString", "coordinates": [[-75.15342940019801, 39.95111083853167], [-75.15342940019801, 39.95110395211247], [-75.1533844844338, 39.95110395211247], [-75.1533844844338, 39.95111083853167], [-75.15342940019801, 39.95111083853167]]}, "properties": {"confidence": "high"}}, {"type": "Feature", "geometry": {"type": "LineString", "coordinates": [[-75.15360906325482, 39.951131497785106], [-75.15360906325482, 39.95112461136798], [-75.15361804640766, 39.95112461136798], [-75.15361804640766, 39.95109706569258], [-75.15360906325482, 39.95109706569258], [-75.15360906325482, 39.95111772495017], [-75.1535371980321, 39.95111772495017], [-75.1535371980321, 39.95112461136798], [-75.15360008010198, 39.95112461136798], [-75.15360008010198, 39.951131497785106], [-75.15360906325482, 39.951131497785106]]}, "properties": {"confidence": "high"}}, {"type": "Feature", "geometry": {"type": "LineString", "coordinates": [[-75.1533844844338, 39.95110395211247], [-75.1533844844338, 39.95109706569258], [-75.15328566975255, 39.95109706569258], [-75.15328566975255, 39.95110395211247], [-75.1533844844338, 39.95110395211247]]}, "properties": {"confidence": "high"}}, {"type": "Feature", "geometry": {"type": "LineString", "coordinates": [[-75.15328566975255, 39.95109706569258], [-75.15328566975255, 39.95109017927199], [-75.1532317708355, 39.95109017927199], [-75.1532317708355, 39.95109706569258], [-75.15328566975255, 39.95109706569258]]}, "properties": {"confidence": "high"}}, {"type": "Feature", "geometry": {"type": "LineString", "coordinates": [[-75.1519471799792, 39.951165929860295], [-75.1519471799792, 39.95108329285071], [-75.15193819682636, 39.95108329285071], [-75.15193819682636, 39.951165929860295], [-75.1519471799792, 39.951165929860295]]}, "properties": {"confidence": "high"}}, {"type": "Feature", "geometry": {"type": "LineString", "coordinates": [[-75.14882104279047, 39.95112461136798], [-75.14882104279047, 39.95108329285071], [-75.14881205963763, 39.95108329285071], [-75.14881205963763, 39.95112461136798], [-75.14882104279047, 39.95112461136798]]}, "properties": {"confidence": "high"}}, {"type": "Feature", "geometry": {"type": "LineString", "coordinates": [[-75.1532317708355, 39.95109017927199], [-75.1532317708355, 39.95108329285071], [-75.15318685507128, 39.95108329285071], [-75.15318685507128, 39.95109017927199], [-75.1532317708355, 39.95109017927199]]}, "properties": {"confidence": "high"}}, {"type": "Feature", "geometry": {"type": "LineString", "coordinates": [[-75.15025834724506, 39.95112461136798], [-75.15025834724506, 39.95107640642874], [-75.15024936409222, 39.95107640642874], [-75.15024936409222, 39.95112461136798], [-75.15025834724506, 39.95112461136798]]}, "properties": {"confidence": "high"}}, {"type": "Feature", "geometry": {"type": "LineString", "coordinates": [[-75.15318685507128, 39.95108329285071], [-75.15318685507128, 39.95107640642874], [-75.15315092245991, 39.95107640642874], [-75.15315092245991, 39.95108329285071], [-75.15318685507128, 39.95108329285071]]}, "properties": {"confidence": "high"}}, {"type": "Feature", "geometry": {"type": "LineString", "coordinates": [[-75.15525298022476, 39.95111083853167], [-75.15525298022476, 39.95106952000607], [-75.15524399707192, 39.95106952000607], [-75.15524399707192, 39.95111083853167], [-75.15525298022476, 39.95111083853167]]}, "properties": {"confidence": "high"}}, {"type": "Feature", "geometry": {"type": "LineString", "coordinates": [[-75.15362702956051, 39.95109706569258], [-75.15362702956051, 39.95106952000607], [-75.15361804640766, 39.95106952000607], [-75.15361804640766, 39.95109706569258], [-75.15362702956051, 39.95109706569258]]}, "properties": {"confidence": "high"}}, {"type": "Feature", "geometry": {"type": "LineString", "coordinates": [[-75.15315092245991, 39.95107640642874], [-75.15315092245991, 39.95106952000607], [-75.15311498984856, 39.95106952000607], [-75.15311498984856, 39.95107640642874], [-75.15315092245991, 39.95107640642874]]}, "properties": {"confidence": "high"}}, {"type": "Feature", "geometry": {"type": "LineString", "coordinates": [[-75.15311498984856, 39.95106952000607], [-75.15311498984856, 39.951062633582715], [-75.15307007408435, 39.951062633582715], [-75.15307007408435, 39.95106952000607], [-75.15311498984856, 39.95106952000607]]}, "properties": {"confidence": "high"}}, {"type": "Feature", "geometry": {"type": "LineString", "coordinates": [[-75.15600756506342, 39.95110395211247], [-75.15600756506342, 39.95105574715866], [-75.15599858191058, 39.95105574715866], [-75.15599858191058, 39.95110395211247], [-75.15600756506342, 39.95110395211247]]}, "properties": {"confidence": "high"}}, {"type": "Feature", "geometry": {"type": "LineString", "coordinates": [[-75.15307007408435, 39.951062633582715], [-75.15307007408435, 39.95105574715866], [-75.15302515832015, 39.95105574715866], [-75.15302515832015, 39.951062633582715], [-75.15307007408435, 39.951062633582715]]}, "properties": {"confidence": "high"}}, {"type": "Feature", "geometry": {"type": "LineString", "coordinates": [[-75.14883002594331, 39.95108329285071], [-75.14883002594331, 39.95104886073392], [-75.14882104279047, 39.95104886073392], [-75.14882104279047, 39.95108329285071], [-75.14883002594331, 39.95108329285071]]}, "properties": {"confidence": "high"}}, {"type": "Feature", "geometry": {"type": "LineString", "coordinates": [[-75.15302515832015, 39.95105574715866], [-75.15302515832015, 39.95104886073392], [-75.15298024255594, 39.95104886073392], [-75.15298024255594, 39.95105574715866], [-75.15302515832015, 39.95105574715866]]}, "properties": {"confidence": "high"}}, {"type": "Feature", "geometry": {"type": "LineString", "coordinates": [[-75.15298024255594, 39.95104886073392], [-75.15298024255594, 39.95104197430848], [-75.15289939418037, 39.95104197430848], [-75.15289939418037, 39.95104886073392], [-75.15298024255594, 39.95104886073392]]}, "properties": {"confidence": "high"}}, {"type": "Feature", "geometry": {"type": "LineString", "coordinates": [[-75.15289939418037, 39.95104197430848], [-75.15289939418037, 39.95103508788235], [-75.15285447841617, 39.95103508788235], [-75.15285447841617, 39.95104197430848], [-75.15289939418037, 39.95104197430848]]}, "properties": {"confidence": "high"}}, {"type": "Feature", "geometry": {"type": "LineString", "coordinates": [[-75.1502673303979, 39.95107640642874], [-75.1502673303979, 39.95102820145553], [-75.15025834724506, 39.95102820145553], [-75.15025834724506, 39.95107640642874], [-75.1502673303979, 39.95107640642874]]}, "properties": {"confidence": "high"}}, {"type": "Feature", "geometry": {"type": "LineString", "coordinates": [[-75.15285447841617, 39.95103508788235], [-75.15285447841617, 39.95102820145553], [-75.15280057949911, 39.95102820145553], [-75.15280057949911, 39.95103508788235], [-75.15285447841617, 39.95103508788235]]}, "properties": {"confidence": "high"}}, {"type": "Feature", "geometry": {"type": "LineString", "coordinates": [[-75.14883900909615, 39.95104886073392], [-75.14883900909615, 39.951021315028015], [-75.14883002594331, 39.951021315028015], [-75.14883002594331, 39.95104886073392], [-75.14883900909615, 39.95104886073392]]}, "properties": {"confidence": "high"}}, {"type": "Feature", "geometry": {"type": "LineString", "coordinates": [[-75.15280057949911, 39.95102820145553], [-75.15280057949911, 39.951021315028015], [-75.15274668058207, 39.951021315028015], [-75.15274668058207, 39.95102820145553], [-75.15280057949911, 39.95102820145553]]}, "properties": {"confidence": "high"}}, {"type": "Feature", "geometry": {"type": "LineString", "coordinates": [[-75.15601654821626, 39.95105574715866], [-75.15601654821626, 39.9510144285998], [-75.15600756506342, 39.9510144285998], [-75.15600756506342, 39.95105574715866], [-75.15601654821626, 39.95105574715866]]}, "properties": {"confidence": "high"}}, {"type": "Feature", "geometry": {"type": "LineString", "coordinates": [[-75.15274668058207, 39.951021315028015], [-75.15274668058207, 39.9510144285998], [-75.15270176481788, 39.9510144285998], [-75.15270176481788, 39.951021315028015], [-75.15274668058207, 39.951021315028015]]}, "properties": {"confidence": "high"}}, {"type": "Feature", "geometry": {"type": "LineString", "coordinates": [[-75.1552619633776, 39.95106952000607], [-75.1552619633776, 39.95100754217089], [-75.15525298022476, 39.95100754217089], [-75.15525298022476, 39.95106952000607], [-75.1552619633776, 39.95106952000607]]}, "properties": {"confidence": "high"}}, {"type": "Feature", "geometry": {"type": "LineString", "coordinates": [[-75.15270176481788, 39.9510144285998], [-75.15270176481788, 39.95100754217089], [-75.15267481535935, 39.95100754217089], [-75.15267481535935, 39.9510144285998], [-75.15270176481788, 39.9510144285998]]}, "properties": {"confidence": "high"}}, {"type": "Feature", "geometry": {"type": "LineString", "coordinates": [[-75.15363601271335, 39.95106952000607], [-75.15363601271335, 39.951000655741296], [-75.15362702956051, 39.951000655741296], [-75.15362702956051, 39.95106952000607], [-75.15363601271335, 39.95106952000607]]}, "properties": {"confidence": "high"}}, {"type": "Feature", "geometry": {"type": "LineString", "coordinates": [[-75.15267481535935, 39.95100754217089], [-75.15267481535935, 39.951000655741296], [-75.15264786590082, 39.951000655741296], [-75.15264786590082, 39.95100754217089], [-75.15267481535935, 39.95100754217089]]}, "properties": {"confidence": "high"}}, {"type": "Feature", "geometry": {"type": "LineString", "coordinates": [[-75.15264786590082, 39.951000655741296], [-75.15264786590082, 39.950993769311005], [-75.15262091644229, 39.950993769311005], [-75.15262091644229, 39.951000655741296], [-75.15264786590082, 39.951000655741296]]}, "properties": {"confidence": "high"}}, {"type": "Feature", "geometry": {"type": "LineString", "coordinates": [[-75.15027631355073, 39.95102820145553], [-75.15027631355073, 39.950986882880024], [-75.1502673303979, 39.950986882880024], [-75.1502673303979, 39.95102820145553], [-75.15027631355073, 39.95102820145553]]}, "properties": {"confidence": "high"}}, {"type": "Feature", "geometry": {"type": "LineString", "coordinates": [[-75.14884799224899, 39.951021315028015], [-75.14884799224899, 39.950986882880024], [-75.14883900909615, 39.950986882880024], [-75.14883900909615, 39.951021315028015], [-75.14884799224899, 39.951021315028015]]}, "properties": {"confidence": "high"}}, {"type": "Feature", "geometry": {"type": "LineString", "coordinates": [[-75.15262091644229, 39.950993769311005], [-75.15262091644229, 39.950986882880024], [-75.15257600067808, 39.950986882880024], [-75.15257600067808, 39.950993769311005], [-75.15262091644229, 39.950993769311005]]}, "properties": {"confidence": "high"}}, {"type": "Feature", "geometry": {"type": "LineString", "coordinates": [[-75.15257600067808, 39.950986882880024], [-75.15257600067808, 39.95097999644834], [-75.15250413545536, 39.95097999644834], [-75.15250413545536, 39.950986882880024], [-75.15257600067808, 39.950986882880024]]}, "properties": {"confidence": "high"}}, {"type": "Feature", "geometry": {"type": "LineString", "coordinates": [[-75.15250413545536, 39.95097999644834], [-75.15250413545536, 39.95097311001597], [-75.15245023653831, 39.95097311001597], [-75.15245023653831, 39.95097999644834], [-75.15250413545536, 39.95097999644834]]}, "properties": {"confidence": "high"}}, {"type": "Feature", "geometry": {"type": "LineString", "coordinates": [[-75.1560255313691, 39.9510144285998], [-75.1560255313691, 39.9509662235829], [-75.15601654821626, 39.9509662235829], [-75.15601654821626, 39.9510144285998], [-75.1560255313691, 39.9510144285998]]}, "properties": {"confidence": "high"}}, {"type": "Feature", "geometry": {"type": "LineString", "coordinates": [[-75.15245023653831, 39.95097311001597], [-75.15245023653831, 39.9509662235829], [-75.15236938816274, 39.9509662235829], [-75.15236938816274, 39.95097311001597], [-75.15245023653831, 39.95097311001597]]}, "properties": {"confidence": "high"}}, {"type": "Feature", "geometry": {"type": "LineString", "coordinates": [[-75.15527094653045, 39.95100754217089], [-75.15527094653045, 39.95095933714915], [-75.1552619633776, 39.95095933714915], [-75.1552619633776, 39.95100754217089], [-75.15527094653045, 39.95100754217089]]}, "properties": {"confidence": "high"}}, {"type": "Feature", "geometry": {"type": "LineString", "coordinates": [[-75.15236938816274, 39.9509662235829], [-75.15236938816274, 39.95095933714915], [-75.1523154892457, 39.95095933714915], [-75.1523154892457, 39.9509662235829], [-75.15236938816274, 39.9509662235829]]}, "properties": {"confidence": "high"}}, {"type": "Feature", "geometry": {"type": "LineString", "coordinates": [[-75.15364499586619, 39.951000655741296], [-75.15364499586619, 39.950952450714695], [-75.15363601271335, 39.950952450714695], [-75.15363601271335, 39.951000655741296], [-75.15364499586619, 39.951000655741296]]}, "properties": {"confidence": "high"}}, {"type": "Feature", "geometry": {"type": "LineString", "coordinates": [[-75.1523154892457, 39.95095933714915], [-75.1523154892457, 39.950952450714695], [-75.15221667456444, 39.950952450714695], [-75.15221667456444, 39.95095933714915], [-75.1523154892457, 39.95095933714915]]}, "properties": {"confidence": "high"}}, {"type": "Feature", "geometry": {"type": "LineString", "coordinates": [[-75.14885697540184, 39.950986882880024], [-75.14885697540184, 39.95094556427955], [-75.14884799224899, 39.95094556427955], [-75.14884799224899, 39.950986882880024], [-75.14885697540184, 39.950986882880024]]}, "properties": {"confidence": "high"}}, {"type": "Feature", "geometry": {"type": "LineString", "coordinates": [[-75.15221667456444, 39.950952450714695], [-75.15221667456444, 39.95094556427955], [-75.15212684303603, 39.95094556427955], [-75.15212684303603, 39.950952450714695], [-75.15221667456444, 39.950952450714695]]}, "properties": {"confidence": "high"}}, {"type": "Feature", "geometry": {"type": "LineString", "coordinates": [[-75.15212684303603, 39.95094556427955], [-75.15212684303603, 39.950938677843716], [-75.15202802835476, 39.950938677843716], [-75.15202802835476, 39.95094556427955], [-75.15212684303603, 39.95094556427955]]}, "properties": {"confidence": "high"}}, {"type": "Feature", "geometry": {"type": "LineString", "coordinates": [[-75.15028529670359, 39.950986882880024], [-75.15028529670359, 39.950931791407186], [-75.15027631355073, 39.950931791407186], [-75.15027631355073, 39.950986882880024], [-75.15028529670359, 39.950986882880024]]}, "properties": {"confidence": "high"}}, {"type": "Feature", "geometry": {"type": "LineString", "coordinates": [[-75.15527992968329, 39.95095933714915], [-75.15527992968329, 39.950931791407186], [-75.15527094653045, 39.950931791407186], [-75.15527094653045, 39.95095933714915], [-75.15527992968329, 39.95095933714915]]}, "properties": {"confidence": "high"}}, {"type": "Feature", "geometry": {"type": "LineString", "coordinates": [[-75.15195616313204, 39.95108329285071], [-75.15195616313204, 39.950938677843716], [-75.15202802835476, 39.950938677843716], [-75.15202802835476, 39.950931791407186], [-75.15192023052067, 39.950931791407186], [-75.15192023052067, 39.950938677843716], [-75.1519471799792, 39.950938677843716], [-75.1519471799792, 39.95108329285071], [-75.15195616313204, 39.95108329285071]]}, "properties": {"confidence": "high"}}, {"type": "Feature", "geometry": {"type": "LineString", "coordinates": [[-75.15203701150762, 39.950931791407186], [-75.15203701150762, 39.95092490496996], [-75.15202802835476, 39.95092490496996], [-75.15202802835476, 39.950931791407186], [-75.15203701150762, 39.950931791407186]]}, "properties": {"confidence": "high"}}, {"type": "Feature", "geometry": {"type": "LineString", "coordinates": [[-75.15192023052067, 39.950931791407186], [-75.15192023052067, 39.95092490496996], [-75.15181243268658, 39.95092490496996], [-75.15181243268658, 39.950931791407186], [-75.15192023052067, 39.950931791407186]]}, "properties": {"confidence": "high"}}, {"type": "Feature", "geometry": {"type": "LineString", "coordinates": [[-75.15603451452195, 39.9509662235829], [-75.15603451452195, 39.95091801853204], [-75.1560255313691, 39.95091801853204], [-75.1560255313691, 39.9509662235829], [-75.15603451452195, 39.9509662235829]]}, "properties": {"confidence": "high"}}, {"type": "Feature", "geometry": {"type": "LineString", "coordinates": [[-75.15204599466045, 39.95092490496996], [-75.15204599466045, 39.95091801853204], [-75.15203701150762, 39.95091801853204], [-75.15203701150762, 39.95092490496996], [-75.15204599466045, 39.95092490496996]]}, "properties": {"confidence": "high"}}, {"type": "Feature", "geometry": {"type": "LineString", "coordinates": [[-75.15181243268658, 39.95092490496996], [-75.15181243268658, 39.95091801853204], [-75.15176751692238, 39.95091801853204], [-75.15176751692238, 39.95092490496996], [-75.15181243268658, 39.95092490496996]]}, "properties": {"confidence": "high"}}, {"type": "Feature", "geometry": {"type": "LineString", "coordinates": [[-75.15365397901903, 39.950952450714695], [-75.15365397901903, 39.95091113209343], [-75.15364499586619, 39.95091113209343], [-75.15364499586619, 39.950952450714695], [-75.15365397901903, 39.950952450714695]]}, "properties": {"confidence": "high"}}, {"type": "Feature", "geometry": {"type": "LineString", "coordinates": [[-75.14886595855468, 39.95094556427955], [-75.14886595855468, 39.95091113209343], [-75.14885697540184, 39.95091113209343], [-75.14885697540184, 39.95094556427955], [-75.14886595855468, 39.95094556427955]]}, "properties": {"confidence": "high"}}, {"type": "Feature", "geometry": {"type": "LineString", "coordinates": [[-75.1520549778133, 39.95091801853204], [-75.1520549778133, 39.95091113209343], [-75.15204599466045, 39.95091113209343], [-75.15204599466045, 39.95091801853204], [-75.1520549778133, 39.95091801853204]]}, "properties": {"confidence": "high"}}, {"type": "Feature", "geometry": {"type": "LineString", "coordinates": [[-75.15176751692238, 39.95091801853204], [-75.15176751692238, 39.95090424565413], [-75.15175853376954, 39.95090424565413], [-75.15175853376954, 39.95091801853204], [-75.15176751692238, 39.95091801853204]]}, "properties": {"confidence": "high"}}, {"type": "Feature", "geometry": {"type": "LineString", "coordinates": [[-75.15528891283613, 39.950931791407186], [-75.15528891283613, 39.95089735921413], [-75.15527992968329, 39.95089735921413], [-75.15527992968329, 39.950931791407186], [-75.15528891283613, 39.950931791407186]]}, "properties": {"confidence": "high"}}, {"type": "Feature", "geometry": {"type": "LineString", "coordinates": [[-75.15175853376954, 39.95090424565413], [-75.15175853376954, 39.95089735921413], [-75.1517495506167, 39.95089735921413], [-75.1517495506167, 39.95090424565413], [-75.15175853376954, 39.95090424565413]]}, "properties": {"confidence": "high"}}, {"type": "Feature", "geometry": {"type": "LineString", "coordinates": [[-75.1517495506167, 39.95089735921413], [-75.1517495506167, 39.95089047277344], [-75.15174056746386, 39.95089047277344], [-75.15174056746386, 39.95089735921413], [-75.1517495506167, 39.95089735921413]]}, "properties": {"confidence": "high"}}, {"type": "Feature", "geometry": {"type": "LineString", "coordinates": [[-75.15206396096613, 39.95091113209343], [-75.15206396096613, 39.950883586332054], [-75.1520549778133, 39.950883586332054], [-75.1520549778133, 39.95091113209343], [-75.15206396096613, 39.95091113209343]]}, "properties": {"confidence": "high"}}, {"type": "Feature", "geometry": {"type": "LineString", "coordinates": [[-75.15174056746386, 39.95089047277344], [-75.15174056746386, 39.950883586332054], [-75.15173158431102, 39.950883586332054], [-75.15173158431102, 39.95089047277344], [-75.15174056746386, 39.95089047277344]]}, "properties": {"confidence": "high"}}, {"type": "Feature", "geometry": {"type": "LineString", "coordinates": [[-75.15029427985642, 39.950931791407186], [-75.15029427985642, 39.95087669988998], [-75.15028529670359, 39.95087669988998], [-75.15028529670359, 39.950931791407186], [-75.15029427985642, 39.950931791407186]]}, "properties": {"confidence": "high"}}, {"type": "Feature", "geometry": {"type": "LineString", "coordinates": [[-75.15173158431102, 39.950883586332054], [-75.15173158431102, 39.95087669988998], [-75.15170463485249, 39.95087669988998], [-75.15170463485249, 39.950883586332054], [-75.15173158431102, 39.950883586332054]]}, "properties": {"confidence": "high"}}, {"type": "Feature", "geometry": {"type": "LineString", "coordinates": [[-75.1560434976748, 39.95091801853204], [-75.1560434976748, 39.950869813447206], [-75.15603451452195, 39.950869813447206], [-75.15603451452195, 39.95091801853204], [-75.1560434976748, 39.95091801853204]]}, "properties": {"confidence": "high"}}, {"type": "Feature", "geometry": {"type": "LineString", "coordinates": [[-75.14887494170752, 39.95091113209343], [-75.14887494170752, 39.950869813447206], [-75.14886595855468, 39.950869813447206], [-75.14886595855468, 39.95091113209343], [-75.14887494170752, 39.95091113209343]]}, "properties": {"confidence": "high"}}, {"type": "Feature", "geometry": {"type": "LineString", "coordinates": [[-75.15170463485249, 39.95087669988998], [-75.15170463485249, 39.950869813447206], [-75.15164175278261, 39.950869813447206], [-75.15164175278261, 39.95087669988998], [-75.15170463485249, 39.95087669988998]]}, "properties": {"confidence": "high"}}, {"type": "Feature", "geometry": {"type": "LineString", "coordinates": [[-75.15529789598897, 39.95089735921413], [-75.15529789598897, 39.95086292700374], [-75.15528891283613, 39.95086292700374], [-75.15528891283613, 39.95089735921413], [-75.15529789598897, 39.95089735921413]]}, "properties": {"confidence": "high"}}, {"type": "Feature", "geometry": {"type": "LineString", "coordinates": [[-75.15164175278261, 39.950869813447206], [-75.15164175278261, 39.95086292700374], [-75.15157887071273, 39.95086292700374], [-75.15157887071273, 39.950869813447206], [-75.15164175278261, 39.950869813447206]]}, "properties": {"confidence": "high"}}, {"type": "Feature", "geometry": {"type": "LineString", "coordinates": [[-75.15207294411898, 39.950883586332054], [-75.15207294411898, 39.95085604055958], [-75.15206396096613, 39.95085604055958], [-75.15206396096613, 39.950883586332054], [-75.15207294411898, 39.950883586332054]]}, "properties": {"confidence": "high"}}, {"type": "Feature", "geometry": {"type": "LineString", "coordinates": [[-75.15157887071273, 39.95086292700374], [-75.15157887071273, 39.95085604055958], [-75.15146208972577, 39.95085604055958], [-75.15146208972577, 39.95086292700374], [-75.15157887071273, 39.95086292700374]]}, "properties": {"confidence": "high"}}, {"type": "Feature", "geometry": {"type": "LineString", "coordinates": [[-75.15146208972577, 39.95085604055958], [-75.15146208972577, 39.950849154114735], [-75.15137225819737, 39.950849154114735], [-75.15137225819737, 39.95085604055958], [-75.15146208972577, 39.95085604055958]]}, "properties": {"confidence": "high"}}, {"type": "Feature", "geometry": {"type": "LineString", "coordinates": [[-75.15366296217186, 39.95091113209343], [-75.15366296217186, 39.95084226766919], [-75.15365397901903, 39.95084226766919], [-75.15365397901903, 39.95091113209343], [-75.15366296217186, 39.95091113209343]]}, "properties": {"confidence": "high"}}, {"type": "Feature", "geometry": {"type": "LineString", "coordinates": [[-75.15605248082764, 39.950869813447206], [-75.15605248082764, 39.95084226766919], [-75.1560434976748, 39.95084226766919], [-75.1560434976748, 39.950869813447206], [-75.15605248082764, 39.950869813447206]]}, "properties": {"confidence": "high"}}, {"type": "Feature", "geometry": {"type": "LineString", "coordinates": [[-75.1553068791418, 39.95086292700374], [-75.1553068791418, 39.95084226766919], [-75.15529789598897, 39.95084226766919], [-75.15529789598897, 39.95086292700374], [-75.1553068791418, 39.95086292700374]]}, "properties": {"confidence": "high"}}, {"type": "Feature", "geometry": {"type": "LineString", "coordinates": [[-75.15137225819737, 39.950849154114735], [-75.15137225819737, 39.95084226766919], [-75.15132734243316, 39.95084226766919], [-75.15132734243316, 39.950849154114735], [-75.15137225819737, 39.950849154114735]]}, "properties": {"confidence": "high"}}, {"type": "Feature", "geometry": {"type": "LineString", "coordinates": [[-75.14888392486036, 39.950869813447206], [-75.14888392486036, 39.95083538122295], [-75.14887494170752, 39.95083538122295], [-75.14887494170752, 39.950869813447206], [-75.14888392486036, 39.950869813447206]]}, "properties": {"confidence": "high"}}, {"type": "Feature", "geometry": {"type": "LineString", "coordinates": [[-75.15132734243316, 39.95084226766919], [-75.15132734243316, 39.95083538122295], [-75.15126446036328, 39.95083538122295], [-75.15126446036328, 39.95084226766919], [-75.15132734243316, 39.95084226766919]]}, "properties": {"confidence": "high"}}, {"type": "Feature", "geometry": {"type": "LineString", "coordinates": [[-75.15030326300926, 39.95087669988998], [-75.15030326300926, 39.950828494776026], [-75.15029427985642, 39.950828494776026], [-75.15029427985642, 39.95087669988998], [-75.15030326300926, 39.95087669988998]]}, "properties": {"confidence": "high"}}, {"type": "Feature", "geometry": {"type": "LineString", "coordinates": [[-75.15531586229466, 39.95084226766919], [-75.15531586229466, 39.950828494776026], [-75.1553068791418, 39.950828494776026], [-75.1553068791418, 39.95084226766919], [-75.15531586229466, 39.95084226766919]]}, "properties": {"confidence": "high"}}, {"type": "Feature", "geometry": {"type": "LineString", "coordinates": [[-75.15126446036328, 39.95083538122295], [-75.15126446036328, 39.950828494776026], [-75.15121954459907, 39.950828494776026], [-75.15121954459907, 39.95083538122295], [-75.15126446036328, 39.95083538122295]]}, "properties": {"confidence": "high"}}, {"type": "Feature", "geometry": {"type": "LineString", "coordinates": [[-75.15121954459907, 39.950828494776026], [-75.15121954459907, 39.9508216083284], [-75.15115666252917, 39.9508216083284], [-75.15115666252917, 39.950828494776026], [-75.15121954459907, 39.950828494776026]]}, "properties": {"confidence": "high"}}, {"type": "Feature", "geometry": {"type": "LineString", "coordinates": [[-75.1503122461621, 39.950828494776026], [-75.1503122461621, 39.950814721880086], [-75.15030326300926, 39.950814721880086], [-75.15030326300926, 39.950828494776026], [-75.1503122461621, 39.950828494776026]]}, "properties": {"confidence": "high"}}, {"type": "Feature", "geometry": {"type": "LineString", "coordinates": [[-75.15115666252917, 39.9508216083284], [-75.15115666252917, 39.950814721880086], [-75.15110276361213, 39.950814721880086], [-75.15110276361213, 39.9508216083284], [-75.15115666252917, 39.9508216083284]]}, "properties": {"confidence": "high"}}, {"type": "Feature", "geometry": {"type": "LineString", "coordinates": [[-75.1553248454475, 39.950828494776026], [-75.1553248454475, 39.95080783543107], [-75.15531586229466, 39.95080783543107], [-75.15531586229466, 39.950828494776026], [-75.1553248454475, 39.950828494776026]]}, "properties": {"confidence": "high"}}, {"type": "Feature", "geometry": {"type": "LineString", "coordinates": [[-75.15110276361213, 39.950814721880086], [-75.15110276361213, 39.95080783543107], [-75.15101293208373, 39.95080783543107], [-75.15101293208373, 39.950814721880086], [-75.15110276361213, 39.950814721880086]]}, "properties": {"confidence": "high"}}, {"type": "Feature", "geometry": {"type": "LineString", "coordinates": [[-75.15606146398048, 39.95084226766919], [-75.15606146398048, 39.95080094898137], [-75.15605248082764, 39.95080094898137], [-75.15605248082764, 39.95084226766919], [-75.15606146398048, 39.95084226766919]]}, "properties": {"confidence": "high"}}, {"type": "Feature", "geometry": {"type": "LineString", "coordinates": [[-75.15367194532472, 39.95084226766919], [-75.15367194532472, 39.95080094898137], [-75.15366296217186, 39.95080094898137], [-75.15366296217186, 39.95084226766919], [-75.15367194532472, 39.95084226766919]]}, "properties": {"confidence": "high"}}, {"type": "Feature", "geometry": {"type": "LineString", "coordinates": [[-75.1488929080132, 39.95083538122295], [-75.1488929080132, 39.95080094898137], [-75.14888392486036, 39.95080094898137], [-75.14888392486036, 39.95083538122295], [-75.1488929080132, 39.95083538122295]]}, "properties": {"confidence": "high"}}, {"type": "Feature", "geometry": {"type": "LineString", "coordinates": [[-75.15101293208373, 39.95080783543107], [-75.15101293208373, 39.95080094898137], [-75.1509859826252, 39.95080094898137], [-75.1509859826252, 39.95080783543107], [-75.15101293208373, 39.95080783543107]]}, "properties": {"confidence": "high"}}, {"type": "Feature", "geometry": {"type": "LineString", "coordinates": [[-75.15533382860033, 39.95080783543107], [-75.15533382860033, 39.95079406253097], [-75.1553248454475, 39.95079406253097], [-75.1553248454475, 39.95080783543107], [-75.15533382860033, 39.95080783543107]]}, "properties": {"confidence": "high"}}, {"type": "Feature", "geometry": {"type": "LineString", "coordinates": [[-75.1509859826252, 39.95080094898137], [-75.1509859826252, 39.95079406253097], [-75.15091411740246, 39.95079406253097], [-75.15091411740246, 39.95080094898137], [-75.1509859826252, 39.95080094898137]]}, "properties": {"confidence": "high"}}, {"type": "Feature", "geometry": {"type": "LineString", "coordinates": [[-75.15534281175317, 39.95079406253097], [-75.15534281175317, 39.95078717607988], [-75.15533382860033, 39.95078717607988], [-75.15533382860033, 39.95079406253097], [-75.15534281175317, 39.95079406253097]]}, "properties": {"confidence": "high"}}, {"type": "Feature", "geometry": {"type": "LineString", "coordinates": [[-75.15091411740246, 39.95079406253097], [-75.15091411740246, 39.95078717607988], [-75.15086920163826, 39.95078717607988], [-75.15086920163826, 39.95079406253097], [-75.15091411740246, 39.95079406253097]]}, "properties": {"confidence": "high"}}, {"type": "Feature", "geometry": {"type": "LineString", "coordinates": [[-75.15030326300926, 39.950814721880086], [-75.15030326300926, 39.9507802896281], [-75.15029427985642, 39.9507802896281], [-75.15029427985642, 39.950814721880086], [-75.15030326300926, 39.950814721880086]]}, "properties": {"confidence": "high"}}, {"type": "Feature", "geometry": {"type": "LineString", "coordinates": [[-75.15086920163826, 39.95078717607988], [-75.15086920163826, 39.9507802896281], [-75.15083326902689, 39.9507802896281], [-75.15083326902689, 39.95078717607988], [-75.15086920163826, 39.95078717607988]]}, "properties": {"confidence": "high"}}, {"type": "Feature", "geometry": {"type": "LineString", "coordinates": [[-75.15535179490601, 39.95078717607988], [-75.15535179490601, 39.950773403175624], [-75.15534281175317, 39.950773403175624], [-75.15534281175317, 39.95078717607988], [-75.15535179490601, 39.95078717607988]]}, "properties": {"confidence": "high"}}, {"type": "Feature", "geometry": {"type": "LineString", "coordinates": [[-75.15083326902689, 39.9507802896281], [-75.15083326902689, 39.950773403175624], [-75.150770386957, 39.950773403175624], [-75.150770386957, 39.9507802896281], [-75.15083326902689, 39.9507802896281]]}, "properties": {"confidence": "high"}}, {"type": "Feature", "geometry": {"type": "LineString", "coordinates": [[-75.15029427985642, 39.9507802896281], [-75.15029427985642, 39.950773403175624], [-75.15028529670359, 39.950773403175624], [-75.15028529670359, 39.9507802896281], [-75.15029427985642, 39.9507802896281]]}, "properties": {"confidence": "high"}}, {"type": "Feature", "geometry": {"type": "LineString", "coordinates": [[-75.15368092847756, 39.95080094898137], [-75.15368092847756, 39.950766516722446], [-75.15367194532472, 39.950766516722446], [-75.15367194532472, 39.95080094898137], [-75.15368092847756, 39.95080094898137]]}, "properties": {"confidence": "high"}}, {"type": "Feature", "geometry": {"type": "LineString", "coordinates": [[-75.150770386957, 39.950773403175624], [-75.150770386957, 39.950766516722446], [-75.15071648803996, 39.950766516722446], [-75.15071648803996, 39.950773403175624], [-75.150770386957, 39.950773403175624]]}, "properties": {"confidence": "high"}}, {"type": "Feature", "geometry": {"type": "LineString", "coordinates": [[-75.15536077805885, 39.950773403175624], [-75.15536077805885, 39.950759630268585], [-75.15535179490601, 39.950759630268585], [-75.15535179490601, 39.950773403175624], [-75.15536077805885, 39.950773403175624]]}, "properties": {"confidence": "high"}}, {"type": "Feature", "geometry": {"type": "LineString", "coordinates": [[-75.15071648803996, 39.950766516722446], [-75.15071648803996, 39.950759630268585], [-75.15064462281723, 39.950759630268585], [-75.15064462281723, 39.950766516722446], [-75.15071648803996, 39.950766516722446]]}, "properties": {"confidence": "high"}}, {"type": "Feature", "geometry": {"type": "LineString", "coordinates": [[-75.15607044713332, 39.95080094898137], [-75.15607044713332, 39.95075274381403], [-75.15606146398048, 39.95075274381403], [-75.15606146398048, 39.95080094898137], [-75.15607044713332, 39.95080094898137]]}, "properties": {"confidence": "high"}}, {"type": "Feature", "geometry": {"type": "LineString", "coordinates": [[-75.15028529670359, 39.950773403175624], [-75.15028529670359, 39.95075274381403], [-75.15027631355073, 39.95075274381403], [-75.15027631355073, 39.950773403175624], [-75.15028529670359, 39.950773403175624]]}, "properties": {"confidence": "high"}}, {"type": "Feature", "geometry": {"type": "LineString", "coordinates": [[-75.15064462281723, 39.950759630268585], [-75.15064462281723, 39.95075274381403], [-75.15059072390018, 39.95075274381403], [-75.15059072390018, 39.950759630268585], [-75.15064462281723, 39.950759630268585]]}, "properties": {"confidence": "high"}}, {"type": "Feature", "geometry": {"type": "LineString", "coordinates": [[-75.15208192727182, 39.95085604055958], [-75.15208192727182, 39.950745857358775], [-75.15207294411898, 39.950745857358775], [-75.15207294411898, 39.95085604055958], [-75.15208192727182, 39.95085604055958]]}, "properties": {"confidence": "high"}}, {"type": "Feature", "geometry": {"type": "LineString", "coordinates": [[-75.1553697612117, 39.950759630268585], [-75.1553697612117, 39.950745857358775], [-75.15536077805885, 39.950745857358775], [-75.15536077805885, 39.950759630268585], [-75.1553697612117, 39.950759630268585]]}, "properties": {"confidence": "high"}}, {"type": "Feature", "geometry": {"type": "LineString", "coordinates": [[-75.15059072390018, 39.95075274381403], [-75.15059072390018, 39.950745857358775], [-75.1504200439962, 39.950745857358775], [-75.1504200439962, 39.95075274381403], [-75.15059072390018, 39.95075274381403]]}, "properties": {"confidence": "high"}}, {"type": "Feature", "geometry": {"type": "LineString", "coordinates": [[-75.15027631355073, 39.95075274381403], [-75.15027631355073, 39.950745857358775], [-75.1502673303979, 39.950745857358775], [-75.1502673303979, 39.95075274381403], [-75.15027631355073, 39.95075274381403]]}, "properties": {"confidence": "high"}}, {"type": "Feature", "geometry": {"type": "LineString", "coordinates": [[-75.1504200439962, 39.950745857358775], [-75.1504200439962, 39.95073897090283], [-75.150375128232, 39.95073897090283], [-75.150375128232, 39.950745857358775], [-75.1504200439962, 39.950745857358775]]}, "properties": {"confidence": "high"}}, {"type": "Feature", "geometry": {"type": "LineString", "coordinates": [[-75.1502673303979, 39.950745857358775], [-75.1502673303979, 39.95073897090283], [-75.15025834724506, 39.95073897090283], [-75.15025834724506, 39.950745857358775], [-75.1502673303979, 39.950745857358775]]}, "properties": {"confidence": "high"}}, {"type": "Feature", "geometry": {"type": "LineString", "coordinates": [[-75.150375128232, 39.95073897090283], [-75.150375128232, 39.950732084446194], [-75.15035716192631, 39.950732084446194], [-75.15035716192631, 39.95073897090283], [-75.150375128232, 39.95073897090283]]}, "properties": {"confidence": "high"}}, {"type": "Feature", "geometry": {"type": "LineString", "coordinates": [[-75.15025834724506, 39.95073897090283], [-75.15025834724506, 39.950732084446194], [-75.15024936409222, 39.950732084446194], [-75.15024936409222, 39.95073897090283], [-75.15025834724506, 39.95073897090283]]}, "properties": {"confidence": "high"}}, {"type": "Feature", "geometry": {"type": "LineString", "coordinates": [[-75.1536899116304, 39.950766516722446], [-75.1536899116304, 39.95072519798887], [-75.15368092847756, 39.95072519798887], [-75.15368092847756, 39.950766516722446], [-75.1536899116304, 39.950766516722446]]}, "properties": {"confidence": "high"}}, {"type": "Feature", "geometry": {"type": "LineString", "coordinates": [[-75.15035716192631, 39.950732084446194], [-75.15035716192631, 39.95072519798887], [-75.15033919562063, 39.95072519798887], [-75.15033919562063, 39.950732084446194], [-75.15035716192631, 39.950732084446194]]}, "properties": {"confidence": "high"}}, {"type": "Feature", "geometry": {"type": "LineString", "coordinates": [[-75.15607943028616, 39.95075274381403], [-75.15607943028616, 39.95071831153084], [-75.15607044713332, 39.95071831153084], [-75.15607044713332, 39.95075274381403], [-75.15607943028616, 39.95075274381403]]}, "properties": {"confidence": "high"}}, {"type": "Feature", "geometry": {"type": "LineString", "coordinates": [[-75.15537874436454, 39.950745857358775], [-75.15537874436454, 39.95071831153084], [-75.1553697612117, 39.95071831153084], [-75.1553697612117, 39.950745857358775], [-75.15537874436454, 39.950745857358775]]}, "properties": {"confidence": "high"}}, {"type": "Feature", "geometry": {"type": "LineString", "coordinates": [[-75.15024936409222, 39.950732084446194], [-75.15024936409222, 39.95071831153084], [-75.15016851571664, 39.95071831153084], [-75.15016851571664, 39.95072519798887], [-75.15024038093938, 39.95072519798887], [-75.15024038093938, 39.950732084446194], [-75.15024936409222, 39.950732084446194]]}, "properties": {"confidence": "high"}}, {"type": "Feature", "geometry": {"type": "LineString", "coordinates": [[-75.156654352068, 39.95072519798887], [-75.156654352068, 39.95071831153084], [-75.15664536891515, 39.95071831153084], [-75.15664536891515, 39.95072519798887], [-75.156654352068, 39.95072519798887]]}, "properties": {"confidence": "high"}}, {"type": "Feature", "geometry": {"type": "LineString", "coordinates": [[-75.15033919562063, 39.95072519798887], [-75.15033919562063, 39.95071831153084], [-75.15033021246778, 39.95071831153084], [-75.15033021246778, 39.95072519798887], [-75.15033919562063, 39.95072519798887]]}, "properties": {"confidence": "high"}}, {"type": "Feature", "geometry": {"type": "LineString", "coordinates": [[-75.14890189116605, 39.95080094898137], [-75.14890189116605, 39.95071142507213], [-75.1488929080132, 39.95071142507213], [-75.1488929080132, 39.95080094898137], [-75.14890189116605, 39.95080094898137]]}, "properties": {"confidence": "high"}}, {"type": "Feature", "geometry": {"type": "LineString", "coordinates": [[-75.15209091042468, 39.950745857358775], [-75.15209091042468, 39.95071142507213], [-75.15208192727182, 39.95071142507213], [-75.15208192727182, 39.950745857358775], [-75.15209091042468, 39.950745857358775]]}, "properties": {"confidence": "high"}}, {"type": "Feature", "geometry": {"type": "LineString", "coordinates": [[-75.15664536891515, 39.95071831153084], [-75.15664536891515, 39.95071142507213], [-75.15663638576231, 39.95071142507213], [-75.15663638576231, 39.95071831153084], [-75.15664536891515, 39.95071831153084]]}, "properties": {"confidence": "high"}}, {"type": "Feature", "geometry": {"type": "LineString", "coordinates": [[-75.15033021246778, 39.95071831153084], [-75.15033021246778, 39.95071142507213], [-75.15032122931494, 39.95071142507213], [-75.15032122931494, 39.95071831153084], [-75.15033021246778, 39.95071831153084]]}, "properties": {"confidence": "high"}}, {"type": "Feature", "geometry": {"type": "LineString", "coordinates": [[-75.15027631355073, 39.95071831153084], [-75.15027631355073, 39.95071142507213], [-75.15024936409222, 39.95071142507213], [-75.15024936409222, 39.95071831153084], [-75.15027631355073, 39.95071831153084]]}, "properties": {"confidence": "high"}}, {"type": "Feature", "geometry": {"type": "LineString", "coordinates": [[-75.15016851571664, 39.95071831153084], [-75.15016851571664, 39.95071142507213], [-75.15009665049392, 39.95071142507213], [-75.15009665049392, 39.95071831153084], [-75.15016851571664, 39.95071831153084]]}, "properties": {"confidence": "high"}}, {"type": "Feature", "geometry": {"type": "LineString", "coordinates": [[-75.15663638576231, 39.95071142507213], [-75.15663638576231, 39.95070453861272], [-75.15662740260947, 39.95070453861272], [-75.15662740260947, 39.95071142507213], [-75.15663638576231, 39.95071142507213]]}, "properties": {"confidence": "high"}}, {"type": "Feature", "geometry": {"type": "LineString", "coordinates": [[-75.15009665049392, 39.95071142507213], [-75.15009665049392, 39.95070453861272], [-75.14993495374279, 39.95070453861272], [-75.14993495374279, 39.95071142507213], [-75.15009665049392, 39.95071142507213]]}, "properties": {"confidence": "high"}}, {"type": "Feature", "geometry": {"type": "LineString", "coordinates": [[-75.15032122931494, 39.95071142507213], [-75.15032122931494, 39.95069765215261], [-75.1503122461621, 39.95069765215261], [-75.1503122461621, 39.95070453861272], [-75.15027631355073, 39.95070453861272], [-75.15027631355073, 39.95071142507213], [-75.15032122931494, 39.95071142507213]]}, "properties": {"confidence": "high"}}, {"type": "Feature", "geometry": {"type": "LineString", "coordinates": [[-75.15662740260947, 39.95070453861272], [-75.15662740260947, 39.95069765215261], [-75.15660045315094, 39.95069765215261], [-75.15660045315094, 39.95070453861272], [-75.15662740260947, 39.95070453861272]]}, "properties": {"confidence": "high"}}, {"type": "Feature", "geometry": {"type": "LineString", "coordinates": [[-75.14993495374279, 39.95070453861272], [-75.14993495374279, 39.95069765215261], [-75.14990800428426, 39.95069765215261], [-75.14990800428426, 39.95070453861272], [-75.14993495374279, 39.95070453861272]]}, "properties": {"confidence": "high"}}, {"type": "Feature", "geometry": {"type": "LineString", "coordinates": [[-75.15660045315094, 39.95069765215261], [-75.15660045315094, 39.95069076569182], [-75.15655553738674, 39.95069076569182], [-75.15655553738674, 39.95069765215261], [-75.15660045315094, 39.95069765215261]]}, "properties": {"confidence": "high"}}, {"type": "Feature", "geometry": {"type": "LineString", "coordinates": [[-75.15033021246778, 39.95069765215261], [-75.15033021246778, 39.95069076569182], [-75.15032122931494, 39.95069076569182], [-75.15032122931494, 39.95069765215261], [-75.15033021246778, 39.95069765215261]]}, "properties": {"confidence": "high"}}, {"type": "Feature", "geometry": {"type": "LineString", "coordinates": [[-75.14990800428426, 39.95069765215261], [-75.14990800428426, 39.95069076569182], [-75.14988105482574, 39.95069076569182], [-75.14988105482574, 39.95069765215261], [-75.14990800428426, 39.95069765215261]]}, "properties": {"confidence": "high"}}, {"type": "Feature", "geometry": {"type": "LineString", "coordinates": [[-75.15369889478323, 39.95072519798887], [-75.15369889478323, 39.950683879230326], [-75.1536899116304, 39.950683879230326], [-75.1536899116304, 39.95072519798887], [-75.15369889478323, 39.95072519798887]]}, "properties": {"confidence": "high"}}, {"type": "Feature", "geometry": {"type": "LineString", "coordinates": [[-75.15538772751738, 39.95071831153084], [-75.15538772751738, 39.950683879230326], [-75.15537874436454, 39.950683879230326], [-75.15537874436454, 39.95071831153084], [-75.15538772751738, 39.95071831153084]]}, "properties": {"confidence": "high"}}, {"type": "Feature", "geometry": {"type": "LineString", "coordinates": [[-75.15655553738674, 39.95069076569182], [-75.15655553738674, 39.950683879230326], [-75.15649265531685, 39.950683879230326], [-75.15649265531685, 39.95069076569182], [-75.15655553738674, 39.95069076569182]]}, "properties": {"confidence": "high"}}, {"type": "Feature", "geometry": {"type": "LineString", "coordinates": [[-75.15033919562063, 39.95069076569182], [-75.15033919562063, 39.950683879230326], [-75.15033021246778, 39.950683879230326], [-75.15033021246778, 39.95069076569182], [-75.15033919562063, 39.95069076569182]]}, "properties": {"confidence": "high"}}, {"type": "Feature", "geometry": {"type": "LineString", "coordinates": [[-75.14988105482574, 39.95069076569182], [-75.14988105482574, 39.950683879230326], [-75.14984512221437, 39.950683879230326], [-75.14984512221437, 39.95069076569182], [-75.14988105482574, 39.95069076569182]]}, "properties": {"confidence": "high"}}, {"type": "Feature", "geometry": {"type": "LineString", "coordinates": [[-75.15209989357751, 39.95071142507213], [-75.15209989357751, 39.95067699276815], [-75.15209091042468, 39.95067699276815], [-75.15209091042468, 39.95071142507213], [-75.15209989357751, 39.95071142507213]]}, "properties": {"confidence": "high"}}, {"type": "Feature", "geometry": {"type": "LineString", "coordinates": [[-75.15649265531685, 39.950683879230326], [-75.15649265531685, 39.95067699276815], [-75.15644773955265, 39.95067699276815], [-75.15644773955265, 39.950683879230326], [-75.15649265531685, 39.950683879230326]]}, "properties": {"confidence": "high"}}, {"type": "Feature", "geometry": {"type": "LineString", "coordinates": [[-75.15034817877347, 39.950683879230326], [-75.15034817877347, 39.95067699276815], [-75.15033919562063, 39.95067699276815], [-75.15033919562063, 39.950683879230326], [-75.15034817877347, 39.950683879230326]]}, "properties": {"confidence": "high"}}, {"type": "Feature", "geometry": {"type": "LineString", "coordinates": [[-75.14984512221437, 39.950683879230326], [-75.14984512221437, 39.95067699276815], [-75.14978224014448, 39.95067699276815], [-75.14978224014448, 39.950683879230326], [-75.14984512221437, 39.950683879230326]]}, "properties": {"confidence": "high"}}, {"type": "Feature", "geometry": {"type": "LineString", "coordinates": [[-75.15608841343901, 39.95071831153084], [-75.15608841343901, 39.95067010630527], [-75.15607943028616, 39.95067010630527], [-75.15607943028616, 39.95071831153084], [-75.15608841343901, 39.95071831153084]]}, "properties": {"confidence": "high"}}, {"type": "Feature", "geometry": {"type": "LineString", "coordinates": [[-75.15644773955265, 39.95067699276815], [-75.15644773955265, 39.95067010630527], [-75.15640282378844, 39.95067010630527], [-75.15640282378844, 39.95067699276815], [-75.15644773955265, 39.95067699276815]]}, "properties": {"confidence": "high"}}, {"type": "Feature", "geometry": {"type": "LineString", "coordinates": [[-75.14978224014448, 39.95067699276815], [-75.14978224014448, 39.95067010630527], [-75.1497463075331, 39.95067010630527], [-75.1497463075331, 39.95067699276815], [-75.14978224014448, 39.95067699276815]]}, "properties": {"confidence": "high"}}, {"type": "Feature", "geometry": {"type": "LineString", "coordinates": [[-75.15539671067022, 39.950683879230326], [-75.15539671067022, 39.95066321984171], [-75.15538772751738, 39.95066321984171], [-75.15538772751738, 39.950683879230326], [-75.15539671067022, 39.950683879230326]]}, "properties": {"confidence": "high"}}, {"type": "Feature", "geometry": {"type": "LineString", "coordinates": [[-75.15035716192631, 39.95067699276815], [-75.15035716192631, 39.95066321984171], [-75.15034817877347, 39.95066321984171], [-75.15034817877347, 39.95067699276815], [-75.15035716192631, 39.95067699276815]]}, "properties": {"confidence": "high"}}, {"type": "Feature", "geometry": {"type": "LineString", "coordinates": [[-75.15640282378844, 39.95067010630527], [-75.15640282378844, 39.95066321984171], [-75.1563489248714, 39.95066321984171], [-75.1563489248714, 39.95067010630527], [-75.15640282378844, 39.95067010630527]]}, "properties": {"confidence": "high"}}, {"type": "Feature", "geometry": {"type": "LineString", "coordinates": [[-75.1497463075331, 39.95067010630527], [-75.1497463075331, 39.95066321984171], [-75.1497013917689, 39.95066321984171], [-75.1497013917689, 39.95067010630527], [-75.1497463075331, 39.95067010630527]]}, "properties": {"confidence": "high"}}, {"type": "Feature", "geometry": {"type": "LineString", "coordinates": [[-75.1563489248714, 39.95066321984171], [-75.1563489248714, 39.95065633337744], [-75.15630400910719, 39.95065633337744], [-75.15630400910719, 39.95066321984171], [-75.1563489248714, 39.95066321984171]]}, "properties": {"confidence": "high"}}, {"type": "Feature", "geometry": {"type": "LineString", "coordinates": [[-75.1497013917689, 39.95066321984171], [-75.1497013917689, 39.95065633337744], [-75.14964749285186, 39.95065633337744], [-75.14964749285186, 39.95066321984171], [-75.1497013917689, 39.95066321984171]]}, "properties": {"confidence": "high"}}, {"type": "Feature", "geometry": {"type": "LineString", "coordinates": [[-75.14891087431889, 39.95071142507213], [-75.14891087431889, 39.95064944691248], [-75.14890189116605, 39.95064944691248], [-75.14890189116605, 39.95071142507213], [-75.14891087431889, 39.95071142507213]]}, "properties": {"confidence": "high"}}, {"type": "Feature", "geometry": {"type": "LineString", "coordinates": [[-75.15036614507916, 39.95066321984171], [-75.15036614507916, 39.95064944691248], [-75.15035716192631, 39.95064944691248], [-75.15035716192631, 39.95066321984171], [-75.15036614507916, 39.95066321984171]]}, "properties": {"confidence": "high"}}, {"type": "Feature", "geometry": {"type": "LineString", "coordinates": [[-75.15630400910719, 39.95065633337744], [-75.15630400910719, 39.95064944691248], [-75.15625909334298, 39.95064944691248], [-75.15625909334298, 39.95065633337744], [-75.15630400910719, 39.95065633337744]]}, "properties": {"confidence": "high"}}, {"type": "Feature", "geometry": {"type": "LineString", "coordinates": [[-75.14964749285186, 39.95065633337744], [-75.14964749285186, 39.95064944691248], [-75.14960257708765, 39.95064944691248], [-75.14960257708765, 39.95065633337744], [-75.14964749285186, 39.95065633337744]]}, "properties": {"confidence": "high"}}, {"type": "Feature", "geometry": {"type": "LineString", "coordinates": [[-75.15609739659185, 39.95067010630527], [-75.15609739659185, 39.95064256044683], [-75.15608841343901, 39.95064256044683], [-75.15608841343901, 39.95067010630527], [-75.15609739659185, 39.95067010630527]]}, "properties": {"confidence": "high"}}, {"type": "Feature", "geometry": {"type": "LineString", "coordinates": [[-75.15625909334298, 39.95064944691248], [-75.15625909334298, 39.95064256044683], [-75.1561782449674, 39.95064256044683], [-75.1561782449674, 39.95064944691248], [-75.15625909334298, 39.95064944691248]]}, "properties": {"confidence": "high"}}, {"type": "Feature", "geometry": {"type": "LineString", "coordinates": [[-75.14960257708765, 39.95064944691248], [-75.14960257708765, 39.95064256044683], [-75.14956664447628, 39.95064256044683], [-75.14956664447628, 39.95064944691248], [-75.14960257708765, 39.95064944691248]]}, "properties": {"confidence": "high"}}, {"type": "Feature", "geometry": {"type": "LineString", "coordinates": [[-75.15370787793607, 39.950683879230326], [-75.15370787793607, 39.950635673980486], [-75.15369889478323, 39.950635673980486], [-75.15369889478323, 39.950683879230326], [-75.15370787793607, 39.950683879230326]]}, "properties": {"confidence": "high"}}, {"type": "Feature", "geometry": {"type": "LineString", "coordinates": [[-75.14956664447628, 39.95064256044683], [-75.14956664447628, 39.950635673980486], [-75.14953969501776, 39.950635673980486], [-75.14953969501776, 39.95064256044683], [-75.14956664447628, 39.95064256044683]]}, "properties": {"confidence": "high"}}, {"type": "Feature", "geometry": {"type": "LineString", "coordinates": [[-75.15540569382306, 39.95066321984171], [-75.15540569382306, 39.950628787513445], [-75.15539671067022, 39.950628787513445], [-75.15539671067022, 39.95066321984171], [-75.15540569382306, 39.95066321984171]]}, "properties": {"confidence": "high"}}, {"type": "Feature", "geometry": {"type": "LineString", "coordinates": [[-75.150375128232, 39.95064944691248], [-75.150375128232, 39.950628787513445], [-75.15036614507916, 39.950628787513445], [-75.15036614507916, 39.95064944691248], [-75.150375128232, 39.95064944691248]]}, "properties": {"confidence": "high"}}, {"type": "Feature", "geometry": {"type": "LineString", "coordinates": [[-75.14891985747172, 39.95064944691248], [-75.14891985747172, 39.950628787513445], [-75.14891087431889, 39.950628787513445], [-75.14891087431889, 39.95064944691248], [-75.14891985747172, 39.95064944691248]]}, "properties": {"confidence": "high"}}, {"type": "Feature", "geometry": {"type": "LineString", "coordinates": [[-75.1561782449674, 39.95064256044683], [-75.1561782449674, 39.950635673980486], [-75.15611536289752, 39.950635673980486], [-75.15611536289752, 39.950628787513445], [-75.15610637974468, 39.950628787513445], [-75.15610637974468, 39.950635673980486], [-75.15609739659185, 39.950635673980486], [-75.15609739659185, 39.95064256044683], [-75.1561782449674, 39.95064256044683]]}, "properties": {"confidence": "high"}}, {"type": "Feature", "geometry": {"type": "LineString", "coordinates": [[-75.14953969501776, 39.950635673980486], [-75.14953969501776, 39.950628787513445], [-75.1495037624064, 39.950628787513445], [-75.1495037624064, 39.950635673980486], [-75.14953969501776, 39.950635673980486]]}, "properties": {"confidence": "high"}}, {"type": "Feature", "geometry": {"type": "LineString", "coordinates": [[-75.15210887673035, 39.95067699276815], [-75.15210887673035, 39.950621901045714], [-75.15209989357751, 39.950621901045714], [-75.15209989357751, 39.95067699276815], [-75.15210887673035, 39.95067699276815]]}, "properties": {"confidence": "high"}}, {"type": "Feature", "geometry": {"type": "LineString", "coordinates": [[-75.1495037624064, 39.950628787513445], [-75.1495037624064, 39.950621901045714], [-75.14948579610072, 39.950621901045714], [-75.14948579610072, 39.950628787513445], [-75.1495037624064, 39.950628787513445]]}, "properties": {"confidence": "high"}}, {"type": "Feature", "geometry": {"type": "LineString", "coordinates": [[-75.14892884062456, 39.950628787513445], [-75.14892884062456, 39.950615014577295], [-75.14891985747172, 39.950615014577295], [-75.14891985747172, 39.950628787513445], [-75.14892884062456, 39.950628787513445]]}, "properties": {"confidence": "high"}}, {"type": "Feature", "geometry": {"type": "LineString", "coordinates": [[-75.14948579610072, 39.950621901045714], [-75.14948579610072, 39.950615014577295], [-75.14944986348935, 39.950615014577295], [-75.14944986348935, 39.950621901045714], [-75.14948579610072, 39.950621901045714]]}, "properties": {"confidence": "high"}}, {"type": "Feature", "geometry": {"type": "LineString", "coordinates": [[-75.14944986348935, 39.950615014577295], [-75.14944986348935, 39.950608128108186], [-75.14942291403084, 39.950608128108186], [-75.14942291403084, 39.950615014577295], [-75.14944986348935, 39.950615014577295]]}, "properties": {"confidence": "high"}}, {"type": "Feature", "geometry": {"type": "LineString", "coordinates": [[-75.1489378237774, 39.950615014577295], [-75.1489378237774, 39.950601241638374], [-75.14892884062456, 39.950601241638374], [-75.14892884062456, 39.950615014577295], [-75.1489378237774, 39.950615014577295]]}, "properties": {"confidence": "high"}}, {"type": "Feature", "geometry": {"type": "LineString", "coordinates": [[-75.14942291403084, 39.950608128108186], [-75.14942291403084, 39.950601241638374], [-75.1493959645723, 39.950601241638374], [-75.1493959645723, 39.950608128108186], [-75.14942291403084, 39.950608128108186]]}, "properties": {"confidence": "high"}}, {"type": "Feature", "geometry": {"type": "LineString", "coordinates": [[-75.15541467697591, 39.950628787513445], [-75.15541467697591, 39.95059435516787], [-75.15540569382306, 39.95059435516787], [-75.15540569382306, 39.950628787513445], [-75.15541467697591, 39.950628787513445]]}, "properties": {"confidence": "high"}}, {"type": "Feature", "geometry": {"type": "LineString", "coordinates": [[-75.15038411138484, 39.950628787513445], [-75.15038411138484, 39.95059435516787], [-75.150375128232, 39.95059435516787], [-75.150375128232, 39.950628787513445], [-75.15038411138484, 39.950628787513445]]}, "properties": {"confidence": "high"}}, {"type": "Feature", "geometry": {"type": "LineString", "coordinates": [[-75.15211785988319, 39.950621901045714], [-75.15211785988319, 39.95059435516787], [-75.15210887673035, 39.95059435516787], [-75.15210887673035, 39.950621901045714], [-75.15211785988319, 39.950621901045714]]}, "properties": {"confidence": "high"}}, {"type": "Feature", "geometry": {"type": "LineString", "coordinates": [[-75.1493959645723, 39.950601241638374], [-75.1493959645723, 39.95059435516787], [-75.1493510488081, 39.95059435516787], [-75.1493510488081, 39.950601241638374], [-75.1493959645723, 39.950601241638374]]}, "properties": {"confidence": "high"}}, {"type": "Feature", "geometry": {"type": "LineString", "coordinates": [[-75.14894680693024, 39.950601241638374], [-75.14894680693024, 39.95059435516787], [-75.1489378237774, 39.95059435516787], [-75.1489378237774, 39.950601241638374], [-75.14894680693024, 39.950601241638374]]}, "properties": {"confidence": "high"}}, {"type": "Feature", "geometry": {"type": "LineString", "coordinates": [[-75.1493510488081, 39.95059435516787], [-75.1493510488081, 39.950587468696675], [-75.14932409934958, 39.950587468696675], [-75.14932409934958, 39.95059435516787], [-75.1493510488081, 39.95059435516787]]}, "properties": {"confidence": "high"}}, {"type": "Feature", "geometry": {"type": "LineString", "coordinates": [[-75.1489557900831, 39.95059435516787], [-75.1489557900831, 39.950587468696675], [-75.14894680693024, 39.950587468696675], [-75.14894680693024, 39.95059435516787], [-75.1489557900831, 39.95059435516787]]}, "properties": {"confidence": "high"}}, {"type": "Feature", "geometry": {"type": "LineString", "coordinates": [[-75.15371686108891, 39.950635673980486], [-75.15371686108891, 39.95058058222478], [-75.15370787793607, 39.95058058222478], [-75.15370787793607, 39.950635673980486], [-75.15371686108891, 39.950635673980486]]}, "properties": {"confidence": "high"}}, {"type": "Feature", "geometry": {"type": "LineString", "coordinates": [[-75.14932409934958, 39.950587468696675], [-75.14932409934958, 39.95058058222478], [-75.14925223412685, 39.95058058222478], [-75.14925223412685, 39.950587468696675], [-75.14932409934958, 39.950587468696675]]}, "properties": {"confidence": "high"}}, {"type": "Feature", "geometry": {"type": "LineString", "coordinates": [[-75.14925223412685, 39.95058058222478], [-75.14925223412685, 39.9505736957522], [-75.14922528466832, 39.9505736957522], [-75.14922528466832, 39.95058058222478], [-75.14925223412685, 39.95058058222478]]}, "properties": {"confidence": "high"}}, {"type": "Feature", "geometry": {"type": "LineString", "coordinates": [[-75.14896477323593, 39.950587468696675], [-75.14896477323593, 39.95058058222478], [-75.14900070584729, 39.95058058222478], [-75.14900070584729, 39.9505736957522], [-75.14896477323593, 39.9505736957522], [-75.14896477323593, 39.95056680927892], [-75.1489557900831, 39.95056680927892], [-75.1489557900831, 39.950587468696675], [-75.14896477323593, 39.950587468696675]]}, "properties": {"confidence": "high"}}, {"type": "Feature", "geometry": {"type": "LineString", "coordinates": [[-75.14922528466832, 39.9505736957522], [-75.14922528466832, 39.95056680927892], [-75.14917138575127, 39.95056680927892], [-75.14917138575127, 39.9505736957522], [-75.14922528466832, 39.9505736957522]]}, "properties": {"confidence": "high"}}, {"type": "Feature", "geometry": {"type": "LineString", "coordinates": [[-75.14903663845865, 39.9505736957522], [-75.14903663845865, 39.95056680927892], [-75.14900070584729, 39.95056680927892], [-75.14900070584729, 39.9505736957522], [-75.14903663845865, 39.9505736957522]]}, "properties": {"confidence": "high"}}, {"type": "Feature", "geometry": {"type": "LineString", "coordinates": [[-75.15542366012875, 39.95059435516787], [-75.15542366012875, 39.950559922804956], [-75.15541467697591, 39.950559922804956], [-75.15541467697591, 39.95059435516787], [-75.15542366012875, 39.95059435516787]]}, "properties": {"confidence": "high"}}, {"type": "Feature", "geometry": {"type": "LineString", "coordinates": [[-75.14917138575127, 39.95056680927892], [-75.14917138575127, 39.950559922804956], [-75.14907257107002, 39.950559922804956], [-75.14907257107002, 39.95056680927892], [-75.14917138575127, 39.95056680927892]]}, "properties": {"confidence": "high"}}, {"type": "Feature", "geometry": {"type": "LineString", "coordinates": [[-75.14904562161149, 39.95056680927892], [-75.14904562161149, 39.950559922804956], [-75.14903663845865, 39.950559922804956], [-75.14903663845865, 39.95056680927892], [-75.14904562161149, 39.95056680927892]]}, "properties": {"confidence": "high"}}, {"type": "Feature", "geometry": {"type": "LineString", "coordinates": [[-75.1489557900831, 39.95056680927892], [-75.1489557900831, 39.950559922804956], [-75.1489378237774, 39.950559922804956], [-75.1489378237774, 39.95056680927892], [-75.1489557900831, 39.95056680927892]]}, "properties": {"confidence": "high"}}, {"type": "Feature", "geometry": {"type": "LineString", "coordinates": [[-75.14907257107002, 39.950559922804956], [-75.14907257107002, 39.95055303633029], [-75.14904562161149, 39.95055303633029], [-75.14904562161149, 39.950559922804956], [-75.14907257107002, 39.950559922804956]]}, "properties": {"confidence": "high"}}, {"type": "Feature", "geometry": {"type": "LineString", "coordinates": [[-75.1489378237774, 39.950559922804956], [-75.1489378237774, 39.95055303633029], [-75.14888392486036, 39.95055303633029], [-75.14888392486036, 39.950559922804956], [-75.1489378237774, 39.950559922804956]]}, "properties": {"confidence": "high"}}, {"type": "Feature", "geometry": {"type": "LineString", "coordinates": [[-75.14904562161149, 39.95055303633029], [-75.14904562161149, 39.95054614985494], [-75.14903663845865, 39.95054614985494], [-75.14903663845865, 39.95055303633029], [-75.14904562161149, 39.95055303633029]]}, "properties": {"confidence": "high"}}, {"type": "Feature", "geometry": {"type": "LineString", "coordinates": [[-75.14888392486036, 39.95055303633029], [-75.14888392486036, 39.95054614985494], [-75.14879409333194, 39.95054614985494], [-75.14879409333194, 39.95055303633029], [-75.14888392486036, 39.95055303633029]]}, "properties": {"confidence": "high"}}, {"type": "Feature", "geometry": {"type": "LineString", "coordinates": [[-75.15039309453769, 39.95059435516787], [-75.15039309453769, 39.950539263378886], [-75.15038411138484, 39.950539263378886], [-75.15038411138484, 39.95059435516787], [-75.15039309453769, 39.95059435516787]]}, "properties": {"confidence": "high"}}, {"type": "Feature", "geometry": {"type": "LineString", "coordinates": [[-75.15372584424176, 39.95058058222478], [-75.15372584424176, 39.950539263378886], [-75.15371686108891, 39.950539263378886], [-75.15371686108891, 39.95058058222478], [-75.15372584424176, 39.95058058222478]]}, "properties": {"confidence": "high"}}, {"type": "Feature", "geometry": {"type": "LineString", "coordinates": [[-75.14903663845865, 39.95054614985494], [-75.14903663845865, 39.950539263378886], [-75.14902765530582, 39.950539263378886], [-75.14902765530582, 39.95054614985494], [-75.14903663845865, 39.95054614985494]]}, "properties": {"confidence": "high"}}, {"type": "Feature", "geometry": {"type": "LineString", "coordinates": [[-75.14879409333194, 39.95054614985494], [-75.14879409333194, 39.950539263378886], [-75.14872222810922, 39.950539263378886], [-75.14872222810922, 39.95054614985494], [-75.14879409333194, 39.95054614985494]]}, "properties": {"confidence": "high"}}, {"type": "Feature", "geometry": {"type": "LineString", "coordinates": [[-75.15543264328159, 39.950559922804956], [-75.15543264328159, 39.95053237690214], [-75.15542366012875, 39.95053237690214], [-75.15542366012875, 39.950559922804956], [-75.15543264328159, 39.950559922804956]]}, "properties": {"confidence": "high"}}, {"type": "Feature", "geometry": {"type": "LineString", "coordinates": [[-75.14872222810922, 39.950539263378886], [-75.14872222810922, 39.95053237690214], [-75.14868629549785, 39.95053237690214], [-75.14868629549785, 39.950539263378886], [-75.14872222810922, 39.950539263378886]]}, "properties": {"confidence": "high"}}, {"type": "Feature", "geometry": {"type": "LineString", "coordinates": [[-75.15610637974468, 39.950628787513445], [-75.15610637974468, 39.95052549042471], [-75.15609739659185, 39.95052549042471], [-75.15609739659185, 39.950628787513445], [-75.15610637974468, 39.950628787513445]]}, "properties": {"confidence": "high"}}, {"type": "Feature", "geometry": {"type": "LineString", "coordinates": [[-75.15212684303603, 39.95059435516787], [-75.15212684303603, 39.95052549042471], [-75.15211785988319, 39.95052549042471], [-75.15211785988319, 39.95059435516787], [-75.15212684303603, 39.95059435516787]]}, "properties": {"confidence": "high"}}, {"type": "Feature", "geometry": {"type": "LineString", "coordinates": [[-75.14902765530582, 39.950539263378886], [-75.14902765530582, 39.95052549042471], [-75.14901867215298, 39.95052549042471], [-75.14901867215298, 39.950539263378886], [-75.14902765530582, 39.950539263378886]]}, "properties": {"confidence": "high"}}, {"type": "Feature", "geometry": {"type": "LineString", "coordinates": [[-75.14868629549785, 39.95053237690214], [-75.14868629549785, 39.95052549042471], [-75.14865934603932, 39.95052549042471], [-75.14865934603932, 39.95053237690214], [-75.14868629549785, 39.95053237690214]]}, "properties": {"confidence": "high"}}, {"type": "Feature", "geometry": {"type": "LineString", "coordinates": [[-75.14901867215298, 39.95052549042471], [-75.14901867215298, 39.950518603946584], [-75.14900968900014, 39.950518603946584], [-75.14900968900014, 39.95052549042471], [-75.14901867215298, 39.95052549042471]]}, "properties": {"confidence": "high"}}, {"type": "Feature", "geometry": {"type": "LineString", "coordinates": [[-75.14865934603932, 39.95052549042471], [-75.14865934603932, 39.950518603946584], [-75.1486323965808, 39.950518603946584], [-75.1486323965808, 39.95052549042471], [-75.14865934603932, 39.95052549042471]]}, "properties": {"confidence": "high"}}, {"type": "Feature", "geometry": {"type": "LineString", "coordinates": [[-75.1537348273946, 39.950539263378886], [-75.1537348273946, 39.950511717467755], [-75.15372584424176, 39.950511717467755], [-75.15372584424176, 39.950539263378886], [-75.1537348273946, 39.950539263378886]]}, "properties": {"confidence": "high"}}, {"type": "Feature", "geometry": {"type": "LineString", "coordinates": [[-75.1486323965808, 39.950518603946584], [-75.1486323965808, 39.950511717467755], [-75.14858748081659, 39.950511717467755], [-75.14858748081659, 39.950518603946584], [-75.1486323965808, 39.950518603946584]]}, "properties": {"confidence": "high"}}, {"type": "Feature", "geometry": {"type": "LineString", "coordinates": [[-75.14900968900014, 39.950518603946584], [-75.14900968900014, 39.95050483098824], [-75.14900070584729, 39.95050483098824], [-75.14900070584729, 39.950518603946584], [-75.14900968900014, 39.950518603946584]]}, "properties": {"confidence": "high"}}, {"type": "Feature", "geometry": {"type": "LineString", "coordinates": [[-75.14858748081659, 39.950511717467755], [-75.14858748081659, 39.95050483098824], [-75.14853358189954, 39.95050483098824], [-75.14853358189954, 39.950511717467755], [-75.14858748081659, 39.950511717467755]]}, "properties": {"confidence": "high"}}, {"type": "Feature", "geometry": {"type": "LineString", "coordinates": [[-75.14853358189954, 39.95050483098824], [-75.14853358189954, 39.95049794450803], [-75.14850663244103, 39.95049794450803], [-75.14850663244103, 39.95050483098824], [-75.14853358189954, 39.95050483098824]]}, "properties": {"confidence": "high"}}, {"type": "Feature", "geometry": {"type": "LineString", "coordinates": [[-75.15040207769053, 39.950539263378886], [-75.15040207769053, 39.950491058027126], [-75.15039309453769, 39.950491058027126], [-75.15039309453769, 39.950539263378886], [-75.15040207769053, 39.950539263378886]]}, "properties": {"confidence": "high"}}, {"type": "Feature", "geometry": {"type": "LineString", "coordinates": [[-75.15544162643442, 39.95053237690214], [-75.15544162643442, 39.950491058027126], [-75.15543264328159, 39.950491058027126], [-75.15543264328159, 39.95053237690214], [-75.15544162643442, 39.95053237690214]]}, "properties": {"confidence": "high"}}, {"type": "Feature", "geometry": {"type": "LineString", "coordinates": [[-75.15611536289752, 39.95052549042471], [-75.15611536289752, 39.950491058027126], [-75.15610637974468, 39.950491058027126], [-75.15610637974468, 39.95052549042471], [-75.15611536289752, 39.95052549042471]]}, "properties": {"confidence": "high"}}, {"type": "Feature", "geometry": {"type": "LineString", "coordinates": [[-75.15213582618888, 39.95052549042471], [-75.15213582618888, 39.950491058027126], [-75.15212684303603, 39.950491058027126], [-75.15212684303603, 39.95052549042471], [-75.15213582618888, 39.95052549042471]]}, "properties": {"confidence": "high"}}, {"type": "Feature", "geometry": {"type": "LineString", "coordinates": [[-75.14900070584729, 39.95050483098824], [-75.14900070584729, 39.950491058027126], [-75.14899172269445, 39.950491058027126], [-75.14899172269445, 39.95050483098824], [-75.14900070584729, 39.95050483098824]]}, "properties": {"confidence": "high"}}, {"type": "Feature", "geometry": {"type": "LineString", "coordinates": [[-75.14850663244103, 39.95049794450803], [-75.14850663244103, 39.950491058027126], [-75.1484796829825, 39.950491058027126], [-75.1484796829825, 39.95049794450803], [-75.14850663244103, 39.95049794450803]]}, "properties": {"confidence": "high"}}, {"type": "Feature", "geometry": {"type": "LineString", "coordinates": [[-75.1484796829825, 39.950491058027126], [-75.1484796829825, 39.95048417154553], [-75.14838086830125, 39.95048417154553], [-75.14838086830125, 39.950491058027126], [-75.1484796829825, 39.950491058027126]]}, "properties": {"confidence": "high"}}, {"type": "Feature", "geometry": {"type": "LineString", "coordinates": [[-75.14899172269445, 39.950491058027126], [-75.14899172269445, 39.95047728506324], [-75.14898273954161, 39.95047728506324], [-75.14898273954161, 39.950491058027126], [-75.14899172269445, 39.950491058027126]]}, "properties": {"confidence": "high"}}, {"type": "Feature", "geometry": {"type": "LineString", "coordinates": [[-75.14838086830125, 39.95048417154553], [-75.14838086830125, 39.95047728506324], [-75.14830001992568, 39.95047728506324], [-75.14830001992568, 39.95048417154553], [-75.14838086830125, 39.95048417154553]]}, "properties": {"confidence": "high"}}, {"type": "Feature", "geometry": {"type": "LineString", "coordinates": [[-75.15374381054744, 39.950511717467755], [-75.15374381054744, 39.950470398580265], [-75.1537348273946, 39.950470398580265], [-75.1537348273946, 39.950511717467755], [-75.15374381054744, 39.950511717467755]]}, "properties": {"confidence": "high"}}, {"type": "Feature", "geometry": {"type": "LineString", "coordinates": [[-75.15612434605036, 39.950491058027126], [-75.15612434605036, 39.950470398580265], [-75.15611536289752, 39.950470398580265], [-75.15611536289752, 39.950491058027126], [-75.15612434605036, 39.950491058027126]]}, "properties": {"confidence": "high"}}, {"type": "Feature", "geometry": {"type": "LineString", "coordinates": [[-75.15041106084337, 39.950491058027126], [-75.15041106084337, 39.950470398580265], [-75.15040207769053, 39.950470398580265], [-75.15040207769053, 39.950491058027126], [-75.15041106084337, 39.950491058027126]]}, "properties": {"confidence": "high"}}, {"type": "Feature", "geometry": {"type": "LineString", "coordinates": [[-75.14830001992568, 39.95047728506324], [-75.14830001992568, 39.950470398580265], [-75.1481742557859, 39.950470398580265], [-75.1481742557859, 39.95047728506324], [-75.14830001992568, 39.95047728506324]]}, "properties": {"confidence": "high"}}, {"type": "Feature", "geometry": {"type": "LineString", "coordinates": [[-75.1481742557859, 39.950470398580265], [-75.1481742557859, 39.95046351209659], [-75.1481293400217, 39.95046351209659], [-75.1481293400217, 39.950470398580265], [-75.1481742557859, 39.950470398580265]]}, "properties": {"confidence": "high"}}, {"type": "Feature", "geometry": {"type": "LineString", "coordinates": [[-75.1481293400217, 39.95046351209659], [-75.1481293400217, 39.95045662561222], [-75.14807544110464, 39.95045662561222], [-75.14807544110464, 39.95046351209659], [-75.1481293400217, 39.95046351209659]]}, "properties": {"confidence": "high"}}, {"type": "Feature", "geometry": {"type": "LineString", "coordinates": [[-75.15545060958726, 39.950491058027126], [-75.15545060958726, 39.95044973912716], [-75.15544162643442, 39.95044973912716], [-75.15544162643442, 39.950491058027126], [-75.15545060958726, 39.950491058027126]]}, "properties": {"confidence": "high"}}, {"type": "Feature", "geometry": {"type": "LineString", "coordinates": [[-75.1561333292032, 39.950470398580265], [-75.1561333292032, 39.95044973912716], [-75.15612434605036, 39.95044973912716], [-75.15612434605036, 39.950470398580265], [-75.1561333292032, 39.950470398580265]]}, "properties": {"confidence": "high"}}, {"type": "Feature", "geometry": {"type": "LineString", "coordinates": [[-75.14807544110464, 39.95045662561222], [-75.14807544110464, 39.95044973912716], [-75.14800357588192, 39.95044973912716], [-75.14800357588192, 39.95045662561222], [-75.14807544110464, 39.95045662561222]]}, "properties": {"confidence": "high"}}, {"type": "Feature", "geometry": {"type": "LineString", "coordinates": [[-75.14800357588192, 39.95044973912716], [-75.14800357588192, 39.9504428526414], [-75.14795866011771, 39.9504428526414], [-75.14795866011771, 39.95044973912716], [-75.14800357588192, 39.95044973912716]]}, "properties": {"confidence": "high"}}, {"type": "Feature", "geometry": {"type": "LineString", "coordinates": [[-75.15375279370028, 39.950470398580265], [-75.15375279370028, 39.95043596615494], [-75.15374381054744, 39.95043596615494], [-75.15374381054744, 39.950470398580265], [-75.15375279370028, 39.950470398580265]]}, "properties": {"confidence": "high"}}, {"type": "Feature", "geometry": {"type": "LineString", "coordinates": [[-75.14795866011771, 39.9504428526414], [-75.14795866011771, 39.95043596615494], [-75.1478688285893, 39.95043596615494], [-75.1478688285893, 39.9504428526414], [-75.14795866011771, 39.9504428526414]]}, "properties": {"confidence": "high"}}, {"type": "Feature", "geometry": {"type": "LineString", "coordinates": [[-75.1504200439962, 39.950470398580265], [-75.1504200439962, 39.950429079667806], [-75.15041106084337, 39.950429079667806], [-75.15041106084337, 39.950470398580265], [-75.1504200439962, 39.950470398580265]]}, "properties": {"confidence": "high"}}, {"type": "Feature", "geometry": {"type": "LineString", "coordinates": [[-75.1478688285893, 39.95043596615494], [-75.1478688285893, 39.950429079667806], [-75.14778798021374, 39.950429079667806], [-75.14778798021374, 39.95043596615494], [-75.1478688285893, 39.95043596615494]]}, "properties": {"confidence": "high"}}, {"type": "Feature", "geometry": {"type": "LineString", "coordinates": [[-75.14778798021374, 39.950429079667806], [-75.14778798021374, 39.95042219317997], [-75.14772509814385, 39.95042219317997], [-75.14772509814385, 39.950429079667806], [-75.14778798021374, 39.950429079667806]]}, "properties": {"confidence": "high"}}, {"type": "Feature", "geometry": {"type": "LineString", "coordinates": [[-75.1554595927401, 39.95044973912716], [-75.1554595927401, 39.95041530669144], [-75.15545060958726, 39.95041530669144], [-75.15545060958726, 39.95044973912716], [-75.1554595927401, 39.95044973912716]]}, "properties": {"confidence": "high"}}, {"type": "Feature", "geometry": {"type": "LineString", "coordinates": [[-75.15376177685312, 39.95043596615494], [-75.15376177685312, 39.95041530669144], [-75.15375279370028, 39.95041530669144], [-75.15375279370028, 39.95043596615494], [-75.15376177685312, 39.95043596615494]]}, "properties": {"confidence": "high"}}, {"type": "Feature", "geometry": {"type": "LineString", "coordinates": [[-75.14772509814385, 39.95042219317997], [-75.14772509814385, 39.95041530669144], [-75.14764424976828, 39.95041530669144], [-75.14764424976828, 39.95042219317997], [-75.14772509814385, 39.95042219317997]]}, "properties": {"confidence": "high"}}, {"type": "Feature", "geometry": {"type": "LineString", "coordinates": [[-75.14898273954161, 39.95047728506324], [-75.14898273954161, 39.95040842020222], [-75.14897375638877, 39.95040842020222], [-75.14897375638877, 39.95047728506324], [-75.14898273954161, 39.95047728506324]]}, "properties": {"confidence": "high"}}, {"type": "Feature", "geometry": {"type": "LineString", "coordinates": [[-75.15614231235605, 39.95044973912716], [-75.15614231235605, 39.95040842020222], [-75.1561333292032, 39.95040842020222], [-75.1561333292032, 39.95044973912716], [-75.15614231235605, 39.95044973912716]]}, "properties": {"confidence": "high"}}, {"type": "Feature", "geometry": {"type": "LineString", "coordinates": [[-75.14764424976828, 39.95041530669144], [-75.14764424976828, 39.95040842020222], [-75.14759933400407, 39.95040842020222], [-75.14759933400407, 39.95041530669144], [-75.14764424976828, 39.95041530669144]]}, "properties": {"confidence": "high"}}, {"type": "Feature", "geometry": {"type": "LineString", "coordinates": [[-75.15042902714904, 39.950429079667806], [-75.15042902714904, 39.95040153371231], [-75.1504200439962, 39.95040153371231], [-75.1504200439962, 39.950429079667806], [-75.15042902714904, 39.950429079667806]]}, "properties": {"confidence": "high"}}, {"type": "Feature", "geometry": {"type": "LineString", "coordinates": [[-75.14759933400407, 39.95040842020222], [-75.14759933400407, 39.95040153371231], [-75.14759035085123, 39.95040153371231], [-75.14759035085123, 39.95040842020222], [-75.14759933400407, 39.95040842020222]]}, "properties": {"confidence": "high"}}, {"type": "Feature", "geometry": {"type": "LineString", "coordinates": [[-75.15214480934172, 39.950491058027126], [-75.15214480934172, 39.95038776073039], [-75.15213582618888, 39.95038776073039], [-75.15213582618888, 39.950491058027126], [-75.15214480934172, 39.950491058027126]]}, "properties": {"confidence": "high"}}, {"type": "Feature", "geometry": {"type": "LineString", "coordinates": [[-75.15546857589295, 39.95041530669144], [-75.15546857589295, 39.95038776073039], [-75.1554595927401, 39.95038776073039], [-75.1554595927401, 39.95041530669144], [-75.15546857589295, 39.95041530669144]]}, "properties": {"confidence": "high"}}, {"type": "Feature", "geometry": {"type": "LineString", "coordinates": [[-75.15377076000597, 39.95041530669144], [-75.15377076000597, 39.95038776073039], [-75.15376177685312, 39.95038776073039], [-75.15376177685312, 39.95041530669144], [-75.15377076000597, 39.95041530669144]]}, "properties": {"confidence": "high"}}, {"type": "Feature", "geometry": {"type": "LineString", "coordinates": [[-75.15043801030188, 39.95040153371231], [-75.15043801030188, 39.95038776073039], [-75.15042902714904, 39.95038776073039], [-75.15042902714904, 39.95040153371231], [-75.15043801030188, 39.95040153371231]]}, "properties": {"confidence": "high"}}, {"type": "Feature", "geometry": {"type": "LineString", "coordinates": [[-75.15615129550889, 39.95040842020222], [-75.15615129550889, 39.95038087423839], [-75.15614231235605, 39.95038087423839], [-75.15614231235605, 39.95040842020222], [-75.15615129550889, 39.95040842020222]]}, "properties": {"confidence": "high"}}, {"type": "Feature", "geometry": {"type": "LineString", "coordinates": [[-75.1554775590458, 39.95038776073039], [-75.1554775590458, 39.950360214758255], [-75.15546857589295, 39.950360214758255], [-75.15546857589295, 39.95038776073039], [-75.1554775590458, 39.95038776073039]]}, "properties": {"confidence": "high"}}, {"type": "Feature", "geometry": {"type": "LineString", "coordinates": [[-75.15044699345474, 39.95038776073039], [-75.15044699345474, 39.95035332826348], [-75.15043801030188, 39.95035332826348], [-75.15043801030188, 39.95038776073039], [-75.15044699345474, 39.95038776073039]]}, "properties": {"confidence": "high"}}, {"type": "Feature", "geometry": {"type": "LineString", "coordinates": [[-75.14899172269445, 39.95040842020222], [-75.14899172269445, 39.950346441768026], [-75.14898273954161, 39.950346441768026], [-75.14898273954161, 39.95040842020222], [-75.14899172269445, 39.95040842020222]]}, "properties": {"confidence": "high"}}, {"type": "Feature", "geometry": {"type": "LineString", "coordinates": [[-75.15215379249456, 39.95038776073039], [-75.15215379249456, 39.950346441768026], [-75.15214480934172, 39.950346441768026], [-75.15214480934172, 39.95038776073039], [-75.15215379249456, 39.95038776073039]]}, "properties": {"confidence": "high"}}, {"type": "Feature", "geometry": {"type": "LineString", "coordinates": [[-75.15377974315882, 39.95038776073039], [-75.15377974315882, 39.95033266877501], [-75.15377076000597, 39.95033266877501], [-75.15377076000597, 39.95038776073039], [-75.15377974315882, 39.95038776073039]]}, "properties": {"confidence": "high"}}, {"type": "Feature", "geometry": {"type": "LineString", "coordinates": [[-75.15616027866173, 39.95038087423839], [-75.15616027866173, 39.95033266877501], [-75.15615129550889, 39.95033266877501], [-75.15615129550889, 39.95038087423839], [-75.15616027866173, 39.95038087423839]]}, "properties": {"confidence": "high"}}, {"type": "Feature", "geometry": {"type": "LineString", "coordinates": [[-75.15548654219864, 39.950360214758255], [-75.15548654219864, 39.95031889577925], [-75.1554775590458, 39.95031889577925], [-75.1554775590458, 39.950360214758255], [-75.15548654219864, 39.950360214758255]]}, "properties": {"confidence": "high"}}, {"type": "Feature", "geometry": {"type": "LineString", "coordinates": [[-75.15045597660757, 39.95035332826348], [-75.15045597660757, 39.95031889577925], [-75.15044699345474, 39.95031889577925], [-75.15044699345474, 39.95035332826348], [-75.15045597660757, 39.95035332826348]]}, "properties": {"confidence": "high"}}, {"type": "Feature", "geometry": {"type": "LineString", "coordinates": [[-75.1521627756474, 39.950346441768026], [-75.1521627756474, 39.950298236280375], [-75.15215379249456, 39.950298236280375], [-75.15215379249456, 39.950346441768026], [-75.1521627756474, 39.950346441768026]]}, "properties": {"confidence": "high"}}, {"type": "Feature", "geometry": {"type": "LineString", "coordinates": [[-75.14900070584729, 39.950346441768026], [-75.14900070584729, 39.95029134977937], [-75.14899172269445, 39.95029134977937], [-75.14899172269445, 39.950346441768026], [-75.14900070584729, 39.950346441768026]]}, "properties": {"confidence": "high"}}, {"type": "Feature", "geometry": {"type": "LineString", "coordinates": [[-75.15616926181457, 39.95033266877501], [-75.15616926181457, 39.95029134977937], [-75.15616027866173, 39.95029134977937], [-75.15616027866173, 39.95033266877501], [-75.15616926181457, 39.95033266877501]]}, "properties": {"confidence": "high"}}, {"type": "Feature", "geometry": {"type": "LineString", "coordinates": [[-75.15378872631166, 39.95033266877501], [-75.15378872631166, 39.95029134977937], [-75.15377974315882, 39.95029134977937], [-75.15377974315882, 39.95033266877501], [-75.15378872631166, 39.95033266877501]]}, "properties": {"confidence": "high"}}, {"type": "Feature", "geometry": {"type": "LineString", "coordinates": [[-75.15046495976041, 39.95031889577925], [-75.15046495976041, 39.95028446327767], [-75.15045597660757, 39.95028446327767], [-75.15045597660757, 39.95031889577925], [-75.15046495976041, 39.95031889577925]]}, "properties": {"confidence": "high"}}, {"type": "Feature", "geometry": {"type": "LineString", "coordinates": [[-75.15549552535148, 39.95031889577925], [-75.15549552535148, 39.95027757677528], [-75.15548654219864, 39.95027757677528], [-75.15548654219864, 39.95031889577925], [-75.15549552535148, 39.95031889577925]]}, "properties": {"confidence": "high"}}, {"type": "Feature", "geometry": {"type": "LineString", "coordinates": [[-75.15217175880024, 39.950298236280375], [-75.15217175880024, 39.95025691726393], [-75.1521627756474, 39.95025691726393], [-75.1521627756474, 39.950298236280375], [-75.15217175880024, 39.950298236280375]]}, "properties": {"confidence": "high"}}, {"type": "Feature", "geometry": {"type": "LineString", "coordinates": [[-75.1561782449674, 39.95029134977937], [-75.1561782449674, 39.95025003075876], [-75.15616926181457, 39.95025003075876], [-75.15616926181457, 39.95029134977937], [-75.1561782449674, 39.95029134977937]]}, "properties": {"confidence": "high"}}, {"type": "Feature", "geometry": {"type": "LineString", "coordinates": [[-75.15047394291325, 39.95028446327767], [-75.15047394291325, 39.95025003075876], [-75.15046495976041, 39.95025003075876], [-75.15046495976041, 39.95028446327767], [-75.15047394291325, 39.95028446327767]]}, "properties": {"confidence": "high"}}, {"type": "Feature", "geometry": {"type": "LineString", "coordinates": [[-75.15550450850432, 39.95027757677528], [-75.15550450850432, 39.9502431442529], [-75.15549552535148, 39.9502431442529], [-75.15549552535148, 39.95027757677528], [-75.15550450850432, 39.95027757677528]]}, "properties": {"confidence": "high"}}, {"type": "Feature", "geometry": {"type": "LineString", "coordinates": [[-75.14900968900014, 39.95029134977937], [-75.14900968900014, 39.9502293712391], [-75.14900070584729, 39.9502293712391], [-75.14900070584729, 39.95029134977937], [-75.14900968900014, 39.95029134977937]]}, "properties": {"confidence": "high"}}, {"type": "Feature", "geometry": {"type": "LineString", "coordinates": [[-75.15618722812025, 39.95025003075876], [-75.15618722812025, 39.95021559822251], [-75.1561782449674, 39.95021559822251], [-75.1561782449674, 39.95025003075876], [-75.15618722812025, 39.95025003075876]]}, "properties": {"confidence": "high"}}, {"type": "Feature", "geometry": {"type": "LineString", "coordinates": [[-75.15218074195307, 39.95025691726393], [-75.15218074195307, 39.95020871171319], [-75.15217175880024, 39.95020871171319], [-75.15217175880024, 39.95025691726393], [-75.15218074195307, 39.95025691726393]]}, "properties": {"confidence": "high"}}, {"type": "Feature", "geometry": {"type": "LineString", "coordinates": [[-75.15048292606609, 39.95025003075876], [-75.15048292606609, 39.95020871171319], [-75.15047394291325, 39.95020871171319], [-75.15047394291325, 39.95025003075876], [-75.15048292606609, 39.95025003075876]]}, "properties": {"confidence": "high"}}, {"type": "Feature", "geometry": {"type": "LineString", "coordinates": [[-75.15551349165716, 39.9502431442529], [-75.15551349165716, 39.95020871171319], [-75.15550450850432, 39.95020871171319], [-75.15550450850432, 39.9502431442529], [-75.15551349165716, 39.9502431442529]]}, "properties": {"confidence": "high"}}, {"type": "Feature", "geometry": {"type": "LineString", "coordinates": [[-75.1561962112731, 39.95021559822251], [-75.1561962112731, 39.950194938692455], [-75.15618722812025, 39.950194938692455], [-75.15618722812025, 39.95021559822251], [-75.1561962112731, 39.95021559822251]]}, "properties": {"confidence": "high"}}, {"type": "Feature", "geometry": {"type": "LineString", "coordinates": [[-75.15378872631166, 39.95020182520317], [-75.15378872631166, 39.950194938692455], [-75.15377076000597, 39.950194938692455], [-75.15377076000597, 39.95020182520317], [-75.15378872631166, 39.95020182520317]]}, "properties": {"confidence": "high"}}, {"type": "Feature", "geometry": {"type": "LineString", "coordinates": [[-75.1537977094645, 39.95029134977937], [-75.1537977094645, 39.95020871171319], [-75.15380669261734, 39.95020871171319], [-75.15380669261734, 39.95018805218105], [-75.1537977094645, 39.95018805218105], [-75.1537977094645, 39.95020182520317], [-75.15378872631166, 39.95020182520317], [-75.15378872631166, 39.95029134977937], [-75.1537977094645, 39.95029134977937]]}, "properties": {"confidence": "high"}}, {"type": "Feature", "geometry": {"type": "LineString", "coordinates": [[-75.15377076000597, 39.950194938692455], [-75.15377076000597, 39.95018805218105], [-75.15371686108891, 39.95018805218105], [-75.15371686108891, 39.950194938692455], [-75.15377076000597, 39.950194938692455]]}, "properties": {"confidence": "high"}}, {"type": "Feature", "geometry": {"type": "LineString", "coordinates": [[-75.15371686108891, 39.95018805218105], [-75.15371686108891, 39.95018116566895], [-75.15365397901903, 39.95018116566895], [-75.15365397901903, 39.95018805218105], [-75.15371686108891, 39.95018805218105]]}, "properties": {"confidence": "high"}}, {"type": "Feature", "geometry": {"type": "LineString", "coordinates": [[-75.15552247481001, 39.95020871171319], [-75.15552247481001, 39.95017427915615], [-75.15551349165716, 39.95017427915615], [-75.15551349165716, 39.95020871171319], [-75.15552247481001, 39.95020871171319]]}, "properties": {"confidence": "high"}}, {"type": "Feature", "geometry": {"type": "LineString", "coordinates": [[-75.15218972510593, 39.95020871171319], [-75.15218972510593, 39.95017427915615], [-75.15218074195307, 39.95017427915615], [-75.15218074195307, 39.95020871171319], [-75.15218972510593, 39.95020871171319]]}, "properties": {"confidence": "high"}}, {"type": "Feature", "geometry": {"type": "LineString", "coordinates": [[-75.15365397901903, 39.95018116566895], [-75.15365397901903, 39.95017427915615], [-75.15361804640766, 39.95017427915615], [-75.15361804640766, 39.95018116566895], [-75.15365397901903, 39.95018116566895]]}, "properties": {"confidence": "high"}}, {"type": "Feature", "geometry": {"type": "LineString", "coordinates": [[-75.15620519442594, 39.950194938692455], [-75.15620519442594, 39.95016739264266], [-75.1561962112731, 39.95016739264266], [-75.1561962112731, 39.950194938692455], [-75.15620519442594, 39.950194938692455]]}, "properties": {"confidence": "high"}}, {"type": "Feature", "geometry": {"type": "LineString", "coordinates": [[-75.15361804640766, 39.95017427915615], [-75.15361804640766, 39.95016739264266], [-75.15355516433777, 39.95016739264266], [-75.15355516433777, 39.95017427915615], [-75.15361804640766, 39.95017427915615]]}, "properties": {"confidence": "high"}}, {"type": "Feature", "geometry": {"type": "LineString", "coordinates": [[-75.15355516433777, 39.95016739264266], [-75.15355516433777, 39.95016050612848], [-75.15350126542073, 39.95016050612848], [-75.15350126542073, 39.95016739264266], [-75.15355516433777, 39.95016739264266]]}, "properties": {"confidence": "high"}}, {"type": "Feature", "geometry": {"type": "LineString", "coordinates": [[-75.15049190921893, 39.95020871171319], [-75.15049190921893, 39.95015361961361], [-75.15048292606609, 39.95015361961361], [-75.15048292606609, 39.95020871171319], [-75.15049190921893, 39.95020871171319]]}, "properties": {"confidence": "high"}}, {"type": "Feature", "geometry": {"type": "LineString", "coordinates": [[-75.15350126542073, 39.95016050612848], [-75.15350126542073, 39.95015361961361], [-75.15346533280936, 39.95015361961361], [-75.15346533280936, 39.95016050612848], [-75.15350126542073, 39.95016050612848]]}, "properties": {"confidence": "high"}}, {"type": "Feature", "geometry": {"type": "LineString", "coordinates": [[-75.14901867215298, 39.9502293712391], [-75.14901867215298, 39.95014673309804], [-75.14900968900014, 39.95014673309804], [-75.14900968900014, 39.9502293712391], [-75.14901867215298, 39.9502293712391]]}, "properties": {"confidence": "high"}}, {"type": "Feature", "geometry": {"type": "LineString", "coordinates": [[-75.15219870825877, 39.95017427915615], [-75.15219870825877, 39.95014673309804], [-75.15218972510593, 39.95014673309804], [-75.15218972510593, 39.95017427915615], [-75.15219870825877, 39.95017427915615]]}, "properties": {"confidence": "high"}}, {"type": "Feature", "geometry": {"type": "LineString", "coordinates": [[-75.15346533280936, 39.95015361961361], [-75.15346533280936, 39.95014673309804], [-75.15340245073948, 39.95014673309804], [-75.15340245073948, 39.95015361961361], [-75.15346533280936, 39.95015361961361]]}, "properties": {"confidence": "high"}}, {"type": "Feature", "geometry": {"type": "LineString", "coordinates": [[-75.15381567577018, 39.95018805218105], [-75.15381567577018, 39.950139846581784], [-75.15380669261734, 39.950139846581784], [-75.15380669261734, 39.95018805218105], [-75.15381567577018, 39.95018805218105]]}, "properties": {"confidence": "high"}}, {"type": "Feature", "geometry": {"type": "LineString", "coordinates": [[-75.15553145796285, 39.95017427915615], [-75.15553145796285, 39.950139846581784], [-75.15552247481001, 39.950139846581784], [-75.15552247481001, 39.95017427915615], [-75.15553145796285, 39.95017427915615]]}, "properties": {"confidence": "high"}}, {"type": "Feature", "geometry": {"type": "LineString", "coordinates": [[-75.15621417757878, 39.95016739264266], [-75.15621417757878, 39.950139846581784], [-75.15620519442594, 39.950139846581784], [-75.15620519442594, 39.95016739264266], [-75.15621417757878, 39.95016739264266]]}, "properties": {"confidence": "high"}}, {"type": "Feature", "geometry": {"type": "LineString", "coordinates": [[-75.15340245073948, 39.95014673309804], [-75.15340245073948, 39.950139846581784], [-75.15334855182243, 39.950139846581784], [-75.15334855182243, 39.95014673309804], [-75.15340245073948, 39.95014673309804]]}, "properties": {"confidence": "high"}}, {"type": "Feature", "geometry": {"type": "LineString", "coordinates": [[-75.15334855182243, 39.950139846581784], [-75.15334855182243, 39.95013296006483], [-75.15331261921106, 39.95013296006483], [-75.15331261921106, 39.950139846581784], [-75.15334855182243, 39.950139846581784]]}, "properties": {"confidence": "high"}}, {"type": "Feature", "geometry": {"type": "LineString", "coordinates": [[-75.15331261921106, 39.95013296006483], [-75.15331261921106, 39.95012607354718], [-75.15325872029402, 39.95012607354718], [-75.15325872029402, 39.95013296006483], [-75.15331261921106, 39.95013296006483]]}, "properties": {"confidence": "high"}}, {"type": "Feature", "geometry": {"type": "LineString", "coordinates": [[-75.1522076914116, 39.95014673309804], [-75.1522076914116, 39.95011918702884], [-75.15219870825877, 39.95011918702884], [-75.15219870825877, 39.95014673309804], [-75.1522076914116, 39.95014673309804]]}, "properties": {"confidence": "high"}}, {"type": "Feature", "geometry": {"type": "LineString", "coordinates": [[-75.15325872029402, 39.95012607354718], [-75.15325872029402, 39.95011918702884], [-75.15319583822412, 39.95011918702884], [-75.15319583822412, 39.95012607354718], [-75.15325872029402, 39.95012607354718]]}, "properties": {"confidence": "high"}}, {"type": "Feature", "geometry": {"type": "LineString", "coordinates": [[-75.15050089237178, 39.95015361961361], [-75.15050089237178, 39.95011230050981], [-75.15049190921893, 39.95011230050981], [-75.15049190921893, 39.95015361961361], [-75.15050089237178, 39.95015361961361]]}, "properties": {"confidence": "high"}}, {"type": "Feature", "geometry": {"type": "LineString", "coordinates": [[-75.15319583822412, 39.95011918702884], [-75.15319583822412, 39.95011230050981], [-75.15314193930708, 39.95011230050981], [-75.15314193930708, 39.95011918702884], [-75.15319583822412, 39.95011918702884]]}, "properties": {"confidence": "high"}}, {"type": "Feature", "geometry": {"type": "LineString", "coordinates": [[-75.15554044111569, 39.950139846581784], [-75.15554044111569, 39.95010541399008], [-75.15553145796285, 39.95010541399008], [-75.15553145796285, 39.950139846581784], [-75.15554044111569, 39.950139846581784]]}, "properties": {"confidence": "high"}}, {"type": "Feature", "geometry": {"type": "LineString", "coordinates": [[-75.15314193930708, 39.95011230050981], [-75.15314193930708, 39.95010541399008], [-75.15307007408435, 39.95010541399008], [-75.15307007408435, 39.95011230050981], [-75.15314193930708, 39.95011230050981]]}, "properties": {"confidence": "high"}}, {"type": "Feature", "geometry": {"type": "LineString", "coordinates": [[-75.15622316073161, 39.950139846581784], [-75.15622316073161, 39.950098527469656], [-75.15621417757878, 39.950098527469656], [-75.15621417757878, 39.950139846581784], [-75.15622316073161, 39.950139846581784]]}, "properties": {"confidence": "high"}}, {"type": "Feature", "geometry": {"type": "LineString", "coordinates": [[-75.15382465892301, 39.950139846581784], [-75.15382465892301, 39.950098527469656], [-75.15381567577018, 39.950098527469656], [-75.15381567577018, 39.950139846581784], [-75.15382465892301, 39.950139846581784]]}, "properties": {"confidence": "high"}}, {"type": "Feature", "geometry": {"type": "LineString", "coordinates": [[-75.15307007408435, 39.95010541399008], [-75.15307007408435, 39.950098527469656], [-75.15300719201447, 39.950098527469656], [-75.15300719201447, 39.95010541399008], [-75.15307007408435, 39.95010541399008]]}, "properties": {"confidence": "high"}}, {"type": "Feature", "geometry": {"type": "LineString", "coordinates": [[-75.14902765530582, 39.95014673309804], [-75.14902765530582, 39.95009164094854], [-75.14901867215298, 39.95009164094854], [-75.14901867215298, 39.95014673309804], [-75.14902765530582, 39.95014673309804]]}, "properties": {"confidence": "high"}}, {"type": "Feature", "geometry": {"type": "LineString", "coordinates": [[-75.15300719201447, 39.950098527469656], [-75.15300719201447, 39.95009164094854], [-75.15295329309741, 39.95009164094854], [-75.15295329309741, 39.950098527469656], [-75.15300719201447, 39.950098527469656]]}, "properties": {"confidence": "high"}}, {"type": "Feature", "geometry": {"type": "LineString", "coordinates": [[-75.15295329309741, 39.95009164094854], [-75.15295329309741, 39.95008475442674], [-75.15289939418037, 39.95008475442674], [-75.15289939418037, 39.95009164094854], [-75.15295329309741, 39.95009164094854]]}, "properties": {"confidence": "high"}}, {"type": "Feature", "geometry": {"type": "LineString", "coordinates": [[-75.15221667456444, 39.95011918702884], [-75.15221667456444, 39.950077867904234], [-75.1522076914116, 39.950077867904234], [-75.1522076914116, 39.95011918702884], [-75.15221667456444, 39.95011918702884]]}, "properties": {"confidence": "high"}}, {"type": "Feature", "geometry": {"type": "LineString", "coordinates": [[-75.15050987552462, 39.95011230050981], [-75.15050987552462, 39.950077867904234], [-75.15050089237178, 39.950077867904234], [-75.15050089237178, 39.95011230050981], [-75.15050987552462, 39.95011230050981]]}, "properties": {"confidence": "high"}}, {"type": "Feature", "geometry": {"type": "LineString", "coordinates": [[-75.15554942426853, 39.95010541399008], [-75.15554942426853, 39.950077867904234], [-75.15554044111569, 39.950077867904234], [-75.15554044111569, 39.95010541399008], [-75.15554942426853, 39.95010541399008]]}, "properties": {"confidence": "high"}}, {"type": "Feature", "geometry": {"type": "LineString", "coordinates": [[-75.15623214388445, 39.950098527469656], [-75.15623214388445, 39.950077867904234], [-75.15622316073161, 39.950077867904234], [-75.15622316073161, 39.950098527469656], [-75.15623214388445, 39.950098527469656]]}, "properties": {"confidence": "high"}}, {"type": "Feature", "geometry": {"type": "LineString", "coordinates": [[-75.15289939418037, 39.95008475442674], [-75.15289939418037, 39.950077867904234], [-75.15284549526332, 39.950077867904234], [-75.15284549526332, 39.95008475442674], [-75.15289939418037, 39.95008475442674]]}, "properties": {"confidence": "high"}}, {"type": "Feature", "geometry": {"type": "LineString", "coordinates": [[-75.15284549526332, 39.950077867904234], [-75.15284549526332, 39.95007098138104], [-75.15280057949911, 39.95007098138104], [-75.15280057949911, 39.950077867904234], [-75.15284549526332, 39.950077867904234]]}, "properties": {"confidence": "high"}}, {"type": "Feature", "geometry": {"type": "LineString", "coordinates": [[-75.14903663845865, 39.95009164094854], [-75.14903663845865, 39.95006409485715], [-75.14902765530582, 39.95006409485715], [-75.14902765530582, 39.95009164094854], [-75.14903663845865, 39.95009164094854]]}, "properties": {"confidence": "high"}}, {"type": "Feature", "geometry": {"type": "LineString", "coordinates": [[-75.15280057949911, 39.95007098138104], [-75.15280057949911, 39.95006409485715], [-75.15276464688776, 39.95006409485715], [-75.15276464688776, 39.95007098138104], [-75.15280057949911, 39.95007098138104]]}, "properties": {"confidence": "high"}}, {"type": "Feature", "geometry": {"type": "LineString", "coordinates": [[-75.15383364207587, 39.950098527469656], [-75.15383364207587, 39.950057208332574], [-75.15382465892301, 39.950057208332574], [-75.15382465892301, 39.950098527469656], [-75.15383364207587, 39.950098527469656]]}, "properties": {"confidence": "high"}}, {"type": "Feature", "geometry": {"type": "LineString", "coordinates": [[-75.15222565771728, 39.950077867904234], [-75.15222565771728, 39.950057208332574], [-75.15221667456444, 39.950057208332574], [-75.15221667456444, 39.950077867904234], [-75.15222565771728, 39.950077867904234]]}, "properties": {"confidence": "high"}}, {"type": "Feature", "geometry": {"type": "LineString", "coordinates": [[-75.15276464688776, 39.95006409485715], [-75.15276464688776, 39.950057208332574], [-75.15271973112355, 39.950057208332574], [-75.15271973112355, 39.95006409485715], [-75.15276464688776, 39.95006409485715]]}, "properties": {"confidence": "high"}}, {"type": "Feature", "geometry": {"type": "LineString", "coordinates": [[-75.15271973112355, 39.950057208332574], [-75.15271973112355, 39.950050321807296], [-75.15264786590082, 39.950050321807296], [-75.15264786590082, 39.950057208332574], [-75.15271973112355, 39.950057208332574]]}, "properties": {"confidence": "high"}}, {"type": "Feature", "geometry": {"type": "LineString", "coordinates": [[-75.15555840742137, 39.950077867904234], [-75.15555840742137, 39.95004343528134], [-75.15554942426853, 39.95004343528134], [-75.15554942426853, 39.950077867904234], [-75.15555840742137, 39.950077867904234]]}, "properties": {"confidence": "high"}}, {"type": "Feature", "geometry": {"type": "LineString", "coordinates": [[-75.15223464087012, 39.950057208332574], [-75.15223464087012, 39.95004343528134], [-75.15222565771728, 39.95004343528134], [-75.15222565771728, 39.950057208332574], [-75.15223464087012, 39.950057208332574]]}, "properties": {"confidence": "high"}}, {"type": "Feature", "geometry": {"type": "LineString", "coordinates": [[-75.15264786590082, 39.950050321807296], [-75.15264786590082, 39.95004343528134], [-75.15257600067808, 39.95004343528134], [-75.15257600067808, 39.950050321807296], [-75.15264786590082, 39.950050321807296]]}, "properties": {"confidence": "high"}}, {"type": "Feature", "geometry": {"type": "LineString", "coordinates": [[-75.15051885867746, 39.950077867904234], [-75.15051885867746, 39.950036548754674], [-75.15050987552462, 39.950036548754674], [-75.15050987552462, 39.950077867904234], [-75.15051885867746, 39.950077867904234]]}, "properties": {"confidence": "high"}}, {"type": "Feature", "geometry": {"type": "LineString", "coordinates": [[-75.15257600067808, 39.95004343528134], [-75.15257600067808, 39.950036548754674], [-75.15250413545536, 39.950036548754674], [-75.15250413545536, 39.95004343528134], [-75.15257600067808, 39.95004343528134]]}, "properties": {"confidence": "high"}}, {"type": "Feature", "geometry": {"type": "LineString", "coordinates": [[-75.14904562161149, 39.95006409485715], [-75.14904562161149, 39.95002966222732], [-75.14903663845865, 39.95002966222732], [-75.14903663845865, 39.95006409485715], [-75.14904562161149, 39.95006409485715]]}, "properties": {"confidence": "high"}}, {"type": "Feature", "geometry": {"type": "LineString", "coordinates": [[-75.15224362402297, 39.95004343528134], [-75.15224362402297, 39.95002966222732], [-75.15223464087012, 39.95002966222732], [-75.15223464087012, 39.95004343528134], [-75.15224362402297, 39.95004343528134]]}, "properties": {"confidence": "high"}}, {"type": "Feature", "geometry": {"type": "LineString", "coordinates": [[-75.15250413545536, 39.950036548754674], [-75.15250413545536, 39.95002966222732], [-75.15243227023262, 39.95002966222732], [-75.15243227023262, 39.950036548754674], [-75.15250413545536, 39.950036548754674]]}, "properties": {"confidence": "high"}}, {"type": "Feature", "geometry": {"type": "LineString", "coordinates": [[-75.1538426252287, 39.950057208332574], [-75.1538426252287, 39.950022775699274], [-75.15383364207587, 39.950022775699274], [-75.15383364207587, 39.950057208332574], [-75.1538426252287, 39.950057208332574]]}, "properties": {"confidence": "high"}}, {"type": "Feature", "geometry": {"type": "LineString", "coordinates": [[-75.15243227023262, 39.95002966222732], [-75.15243227023262, 39.950022775699274], [-75.15238735446842, 39.950022775699274], [-75.15238735446842, 39.95002966222732], [-75.15243227023262, 39.95002966222732]]}, "properties": {"confidence": "high"}}, {"type": "Feature", "geometry": {"type": "LineString", "coordinates": [[-75.15238735446842, 39.950022775699274], [-75.15238735446842, 39.95001588917054], [-75.15235142185706, 39.95001588917054], [-75.15235142185706, 39.950022775699274], [-75.15238735446842, 39.950022775699274]]}, "properties": {"confidence": "high"}}, {"type": "Feature", "geometry": {"type": "LineString", "coordinates": [[-75.1555673905742, 39.95004343528134], [-75.1555673905742, 39.9500090026411], [-75.15555840742137, 39.9500090026411], [-75.15555840742137, 39.95004343528134], [-75.1555673905742, 39.95004343528134]]}, "properties": {"confidence": "high"}}, {"type": "Feature", "geometry": {"type": "LineString", "coordinates": [[-75.15225260717581, 39.95002966222732], [-75.15225260717581, 39.9500090026411], [-75.15224362402297, 39.9500090026411], [-75.15224362402297, 39.95002966222732], [-75.15225260717581, 39.95002966222732]]}, "properties": {"confidence": "high"}}, {"type": "Feature", "geometry": {"type": "LineString", "coordinates": [[-75.14905460476434, 39.95002966222732], [-75.14905460476434, 39.9500090026411], [-75.14904562161149, 39.9500090026411], [-75.14904562161149, 39.95002966222732], [-75.14905460476434, 39.95002966222732]]}, "properties": {"confidence": "high"}}, {"type": "Feature", "geometry": {"type": "LineString", "coordinates": [[-75.15235142185706, 39.95001588917054], [-75.15235142185706, 39.9500090026411], [-75.1523154892457, 39.9500090026411], [-75.1523154892457, 39.95001588917054], [-75.15235142185706, 39.95001588917054]]}, "properties": {"confidence": "high"}}, {"type": "Feature", "geometry": {"type": "LineString", "coordinates": [[-75.1562411270373, 39.950077867904234], [-75.1562411270373, 39.950002116110966], [-75.15623214388445, 39.950002116110966], [-75.15623214388445, 39.950077867904234], [-75.1562411270373, 39.950077867904234]]}, "properties": {"confidence": "high"}}, {"type": "Feature", "geometry": {"type": "LineString", "coordinates": [[-75.1505278418303, 39.950036548754674], [-75.1505278418303, 39.950002116110966], [-75.15051885867746, 39.950002116110966], [-75.15051885867746, 39.950036548754674], [-75.1505278418303, 39.950036548754674]]}, "properties": {"confidence": "high"}}, {"type": "Feature", "geometry": {"type": "LineString", "coordinates": [[-75.1523154892457, 39.9500090026411], [-75.1523154892457, 39.950002116110966], [-75.15229752294002, 39.950002116110966], [-75.15229752294002, 39.9500090026411], [-75.1523154892457, 39.9500090026411]]}, "properties": {"confidence": "high"}}, {"type": "Feature", "geometry": {"type": "LineString", "coordinates": [[-75.15226159032865, 39.9500090026411], [-75.15226159032865, 39.949995229580146], [-75.15225260717581, 39.949995229580146], [-75.15225260717581, 39.9500090026411], [-75.15226159032865, 39.9500090026411]]}, "properties": {"confidence": "high"}}, {"type": "Feature", "geometry": {"type": "LineString", "coordinates": [[-75.15229752294002, 39.950002116110966], [-75.15229752294002, 39.949995229580146], [-75.15228853978718, 39.949995229580146], [-75.15228853978718, 39.950002116110966], [-75.15229752294002, 39.950002116110966]]}, "properties": {"confidence": "high"}}, {"type": "Feature", "geometry": {"type": "LineString", "coordinates": [[-75.15385160838154, 39.950022775699274], [-75.15385160838154, 39.949981456516426], [-75.1538426252287, 39.949981456516426], [-75.1538426252287, 39.950022775699274], [-75.15385160838154, 39.950022775699274]]}, "properties": {"confidence": "high"}}, {"type": "Feature", "geometry": {"type": "LineString", "coordinates": [[-75.15228853978718, 39.949995229580146], [-75.15228853978718, 39.94998834304864], [-75.15227955663433, 39.94998834304864], [-75.15227955663433, 39.949981456516426], [-75.15227057348149, 39.949981456516426], [-75.15227057348149, 39.94998834304864], [-75.15226159032865, 39.94998834304864], [-75.15226159032865, 39.949995229580146], [-75.15228853978718, 39.949995229580146]]}, "properties": {"confidence": "high"}}, {"type": "Feature", "geometry": {"type": "LineString", "coordinates": [[-75.15625011019014, 39.950002116110966], [-75.15625011019014, 39.94997456998353], [-75.1562411270373, 39.94997456998353], [-75.1562411270373, 39.950002116110966], [-75.15625011019014, 39.950002116110966]]}, "properties": {"confidence": "high"}}, {"type": "Feature", "geometry": {"type": "LineString", "coordinates": [[-75.15053682498313, 39.950002116110966], [-75.15053682498313, 39.949967683449934], [-75.1505278418303, 39.949967683449934], [-75.1505278418303, 39.950002116110966], [-75.15053682498313, 39.950002116110966]]}, "properties": {"confidence": "high"}}, {"type": "Feature", "geometry": {"type": "LineString", "coordinates": [[-75.15652858792821, 39.94997456998353], [-75.15652858792821, 39.949967683449934], [-75.15646570585832, 39.949967683449934], [-75.15646570585832, 39.94997456998353], [-75.15652858792821, 39.94997456998353]]}, "properties": {"confidence": "high"}}, {"type": "Feature", "geometry": {"type": "LineString", "coordinates": [[-75.15625909334298, 39.94997456998353], [-75.15625909334298, 39.949967683449934], [-75.15625011019014, 39.949967683449934], [-75.15625011019014, 39.94997456998353], [-75.15625909334298, 39.94997456998353]]}, "properties": {"confidence": "high"}}, {"type": "Feature", "geometry": {"type": "LineString", "coordinates": [[-75.15646570585832, 39.949967683449934], [-75.15646570585832, 39.94996079691565], [-75.15637587432991, 39.94996079691565], [-75.15637587432991, 39.949967683449934], [-75.15646570585832, 39.949967683449934]]}, "properties": {"confidence": "high"}}, {"type": "Feature", "geometry": {"type": "LineString", "coordinates": [[-75.15626807649582, 39.949967683449934], [-75.15626807649582, 39.94996079691565], [-75.15625909334298, 39.94996079691565], [-75.15625909334298, 39.949967683449934], [-75.15626807649582, 39.949967683449934]]}, "properties": {"confidence": "high"}}, {"type": "Feature", "geometry": {"type": "LineString", "coordinates": [[-75.15557637372706, 39.9500090026411], [-75.15557637372706, 39.94995391038067], [-75.1555673905742, 39.94995391038067], [-75.1555673905742, 39.9500090026411], [-75.15557637372706, 39.9500090026411]]}, "properties": {"confidence": "high"}}, {"type": "Feature", "geometry": {"type": "LineString", "coordinates": [[-75.15637587432991, 39.94996079691565], [-75.15637587432991, 39.94995391038067], [-75.15627705964866, 39.94995391038067], [-75.15627705964866, 39.949947023845], [-75.15626807649582, 39.949947023845], [-75.15626807649582, 39.94996079691565], [-75.15637587432991, 39.94996079691565]]}, "properties": {"confidence": "high"}}, {"type": "Feature", "geometry": {"type": "LineString", "coordinates": [[-75.15386059153438, 39.949981456516426], [-75.15386059153438, 39.94994013730863], [-75.15385160838154, 39.94994013730863], [-75.15385160838154, 39.949981456516426], [-75.15386059153438, 39.949981456516426]]}, "properties": {"confidence": "high"}}, {"type": "Feature", "geometry": {"type": "LineString", "coordinates": [[-75.15228853978718, 39.949981456516426], [-75.15228853978718, 39.94994013730863], [-75.15227955663433, 39.94994013730863], [-75.15227955663433, 39.949981456516426], [-75.15228853978718, 39.949981456516426]]}, "properties": {"confidence": "high"}}, {"type": "Feature", "geometry": {"type": "LineString", "coordinates": [[-75.15626807649582, 39.949947023845], [-75.15626807649582, 39.94994013730863], [-75.15625011019014, 39.94994013730863], [-75.15625011019014, 39.949947023845], [-75.15626807649582, 39.949947023845]]}, "properties": {"confidence": "high"}}, {"type": "Feature", "geometry": {"type": "LineString", "coordinates": [[-75.14906358791718, 39.9500090026411], [-75.14906358791718, 39.94993325077157], [-75.14905460476434, 39.94993325077157], [-75.14905460476434, 39.9500090026411], [-75.14906358791718, 39.9500090026411]]}, "properties": {"confidence": "high"}}, {"type": "Feature", "geometry": {"type": "LineString", "coordinates": [[-75.15625011019014, 39.94994013730863], [-75.15625011019014, 39.94993325077157], [-75.15622316073161, 39.94993325077157], [-75.15622316073161, 39.94994013730863], [-75.15625011019014, 39.94994013730863]]}, "properties": {"confidence": "high"}}, {"type": "Feature", "geometry": {"type": "LineString", "coordinates": [[-75.15054580813599, 39.949967683449934], [-75.15054580813599, 39.94992636423382], [-75.15053682498313, 39.94992636423382], [-75.15053682498313, 39.949967683449934], [-75.15054580813599, 39.949967683449934]]}, "properties": {"confidence": "high"}}, {"type": "Feature", "geometry": {"type": "LineString", "coordinates": [[-75.15622316073161, 39.94993325077157], [-75.15622316073161, 39.94992636423382], [-75.15618722812025, 39.94992636423382], [-75.15618722812025, 39.94993325077157], [-75.15622316073161, 39.94993325077157]]}, "properties": {"confidence": "high"}}, {"type": "Feature", "geometry": {"type": "LineString", "coordinates": [[-75.14907257107002, 39.94993325077157], [-75.14907257107002, 39.94992636423382], [-75.14906358791718, 39.94992636423382], [-75.14906358791718, 39.94993325077157], [-75.14907257107002, 39.94993325077157]]}, "properties": {"confidence": "high"}}, {"type": "Feature", "geometry": {"type": "LineString", "coordinates": [[-75.15229752294002, 39.94994013730863], [-75.15229752294002, 39.94991947769537], [-75.15228853978718, 39.94991947769537], [-75.15228853978718, 39.94994013730863], [-75.15229752294002, 39.94994013730863]]}, "properties": {"confidence": "high"}}, {"type": "Feature", "geometry": {"type": "LineString", "coordinates": [[-75.15618722812025, 39.94992636423382], [-75.15618722812025, 39.94991947769537], [-75.1561333292032, 39.94991947769537], [-75.1561333292032, 39.94992636423382], [-75.15618722812025, 39.94992636423382]]}, "properties": {"confidence": "high"}}, {"type": "Feature", "geometry": {"type": "LineString", "coordinates": [[-75.1555853568799, 39.94995391038067], [-75.1555853568799, 39.94991259115623], [-75.15557637372706, 39.94991259115623], [-75.15557637372706, 39.94995391038067], [-75.1555853568799, 39.94995391038067]]}, "properties": {"confidence": "high"}}, {"type": "Feature", "geometry": {"type": "LineString", "coordinates": [[-75.1561333292032, 39.94991947769537], [-75.1561333292032, 39.94991259115623], [-75.15607943028616, 39.94991259115623], [-75.15607943028616, 39.94991947769537], [-75.1561333292032, 39.94991947769537]]}, "properties": {"confidence": "high"}}, {"type": "Feature", "geometry": {"type": "LineString", "coordinates": [[-75.15192023052067, 39.94991947769537], [-75.15192023052067, 39.94991259115623], [-75.15189328106216, 39.94991259115623], [-75.15189328106216, 39.94991947769537], [-75.15192023052067, 39.94991947769537]]}, "properties": {"confidence": "high"}}, {"type": "Feature", "geometry": {"type": "LineString", "coordinates": [[-75.15386957468722, 39.94994013730863], [-75.15386957468722, 39.9499057046164], [-75.15386059153438, 39.9499057046164], [-75.15386059153438, 39.94994013730863], [-75.15386957468722, 39.94994013730863]]}, "properties": {"confidence": "high"}}, {"type": "Feature", "geometry": {"type": "LineString", "coordinates": [[-75.15607943028616, 39.94991259115623], [-75.15607943028616, 39.9499057046164], [-75.15603451452195, 39.9499057046164], [-75.15603451452195, 39.94991259115623], [-75.15607943028616, 39.94991259115623]]}, "properties": {"confidence": "high"}}, {"type": "Feature", "geometry": {"type": "LineString", "coordinates": [[-75.15189328106216, 39.94991259115623], [-75.15189328106216, 39.9499057046164], [-75.15186633160363, 39.9499057046164], [-75.15186633160363, 39.94991259115623], [-75.15189328106216, 39.94991259115623]]}, "properties": {"confidence": "high"}}, {"type": "Feature", "geometry": {"type": "LineString", "coordinates": [[-75.15055479128883, 39.94992636423382], [-75.15055479128883, 39.94989881807587], [-75.15054580813599, 39.94989881807587], [-75.15054580813599, 39.94992636423382], [-75.15055479128883, 39.94992636423382]]}, "properties": {"confidence": "high"}}, {"type": "Feature", "geometry": {"type": "LineString", "coordinates": [[-75.15559434003274, 39.94991259115623], [-75.15559434003274, 39.94989881807587], [-75.1555853568799, 39.94989881807587], [-75.1555853568799, 39.94991259115623], [-75.15559434003274, 39.94991259115623]]}, "properties": {"confidence": "high"}}, {"type": "Feature", "geometry": {"type": "LineString", "coordinates": [[-75.15603451452195, 39.9499057046164], [-75.15603451452195, 39.94989881807587], [-75.15598959875774, 39.94989881807587], [-75.15598959875774, 39.9499057046164], [-75.15603451452195, 39.9499057046164]]}, "properties": {"confidence": "high"}}, {"type": "Feature", "geometry": {"type": "LineString", "coordinates": [[-75.15186633160363, 39.9499057046164], [-75.15186633160363, 39.94989881807587], [-75.15181243268658, 39.94989881807587], [-75.15181243268658, 39.9499057046164], [-75.15186633160363, 39.9499057046164]]}, "properties": {"confidence": "high"}}, {"type": "Feature", "geometry": {"type": "LineString", "coordinates": [[-75.14908155422286, 39.94992636423382], [-75.14908155422286, 39.94989193153465], [-75.14907257107002, 39.94989193153465], [-75.14907257107002, 39.94992636423382], [-75.14908155422286, 39.94992636423382]]}, "properties": {"confidence": "high"}}, {"type": "Feature", "geometry": {"type": "LineString", "coordinates": [[-75.15598959875774, 39.94989881807587], [-75.15598959875774, 39.94989193153465], [-75.1559356998407, 39.94989193153465], [-75.1559356998407, 39.94989881807587], [-75.15598959875774, 39.94989881807587]]}, "properties": {"confidence": "high"}}, {"type": "Feature", "geometry": {"type": "LineString", "coordinates": [[-75.15560332318557, 39.94989881807587], [-75.15560332318557, 39.94989193153465], [-75.15559434003274, 39.94989193153465], [-75.15559434003274, 39.94989881807587], [-75.15560332318557, 39.94989881807587]]}, "properties": {"confidence": "high"}}, {"type": "Feature", "geometry": {"type": "LineString", "coordinates": [[-75.15181243268658, 39.94989881807587], [-75.15181243268658, 39.94989193153465], [-75.15176751692238, 39.94989193153465], [-75.15176751692238, 39.94989881807587], [-75.15181243268658, 39.94989881807587]]}, "properties": {"confidence": "high"}}, {"type": "Feature", "geometry": {"type": "LineString", "coordinates": [[-75.1559356998407, 39.94989193153465], [-75.1559356998407, 39.94988504499273], [-75.15586383461796, 39.94988504499273], [-75.15586383461796, 39.94989193153465], [-75.1559356998407, 39.94989193153465]]}, "properties": {"confidence": "high"}}, {"type": "Feature", "geometry": {"type": "LineString", "coordinates": [[-75.15561230633841, 39.94989193153465], [-75.15561230633841, 39.94988504499273], [-75.15560332318557, 39.94988504499273], [-75.15560332318557, 39.94989193153465], [-75.15561230633841, 39.94989193153465]]}, "properties": {"confidence": "high"}}, {"type": "Feature", "geometry": {"type": "LineString", "coordinates": [[-75.15176751692238, 39.94989193153465], [-75.15176751692238, 39.94988504499273], [-75.15172260115817, 39.94988504499273], [-75.15172260115817, 39.94989193153465], [-75.15176751692238, 39.94989193153465]]}, "properties": {"confidence": "high"}}, {"type": "Feature", "geometry": {"type": "LineString", "coordinates": [[-75.15230650609286, 39.94991947769537], [-75.15230650609286, 39.94987815845013], [-75.15229752294002, 39.94987815845013], [-75.15229752294002, 39.94991947769537], [-75.15230650609286, 39.94991947769537]]}, "properties": {"confidence": "high"}}, {"type": "Feature", "geometry": {"type": "LineString", "coordinates": [[-75.15586383461796, 39.94988504499273], [-75.15586383461796, 39.94987815845013], [-75.15580993570092, 39.94987815845013], [-75.15580993570092, 39.94988504499273], [-75.15586383461796, 39.94988504499273]]}, "properties": {"confidence": "high"}}, {"type": "Feature", "geometry": {"type": "LineString", "coordinates": [[-75.15562128949125, 39.94988504499273], [-75.15562128949125, 39.94987815845013], [-75.15561230633841, 39.94987815845013], [-75.15561230633841, 39.94988504499273], [-75.15562128949125, 39.94988504499273]]}, "properties": {"confidence": "high"}}, {"type": "Feature", "geometry": {"type": "LineString", "coordinates": [[-75.15172260115817, 39.94988504499273], [-75.15172260115817, 39.94987815845013], [-75.15165971908829, 39.94987815845013], [-75.15165971908829, 39.94988504499273], [-75.15172260115817, 39.94988504499273]]}, "properties": {"confidence": "high"}}, {"type": "Feature", "geometry": {"type": "LineString", "coordinates": [[-75.15056377444166, 39.94989881807587], [-75.15056377444166, 39.94987127190683], [-75.15055479128883, 39.94987127190683], [-75.15055479128883, 39.94989881807587], [-75.15056377444166, 39.94989881807587]]}, "properties": {"confidence": "high"}}, {"type": "Feature", "geometry": {"type": "LineString", "coordinates": [[-75.15580993570092, 39.94987815845013], [-75.15580993570092, 39.94987127190683], [-75.15572908732535, 39.94987127190683], [-75.15572908732535, 39.94987815845013], [-75.15580993570092, 39.94987815845013]]}, "properties": {"confidence": "high"}}, {"type": "Feature", "geometry": {"type": "LineString", "coordinates": [[-75.15165971908829, 39.94987815845013], [-75.15165971908829, 39.94987127190683], [-75.1515968370184, 39.94987127190683], [-75.1515968370184, 39.94987815845013], [-75.15165971908829, 39.94987815845013]]}, "properties": {"confidence": "high"}}, {"type": "Feature", "geometry": {"type": "LineString", "coordinates": [[-75.15387855784006, 39.9499057046164], [-75.15387855784006, 39.94986438536284], [-75.15386957468722, 39.94986438536284], [-75.15386957468722, 39.9499057046164], [-75.15387855784006, 39.9499057046164]]}, "properties": {"confidence": "high"}}, {"type": "Feature", "geometry": {"type": "LineString", "coordinates": [[-75.1515968370184, 39.94987127190683], [-75.1515968370184, 39.94986438536284], [-75.1515519212542, 39.94986438536284], [-75.1515519212542, 39.94987127190683], [-75.1515968370184, 39.94987127190683]]}, "properties": {"confidence": "high"}}, {"type": "Feature", "geometry": {"type": "LineString", "coordinates": [[-75.1490905373757, 39.94989193153465], [-75.1490905373757, 39.949857498818155], [-75.14908155422286, 39.949857498818155], [-75.14908155422286, 39.94989193153465], [-75.1490905373757, 39.94989193153465]]}, "properties": {"confidence": "high"}}, {"type": "Feature", "geometry": {"type": "LineString", "coordinates": [[-75.1556302726441, 39.94987815845013], [-75.1556302726441, 39.94987127190683], [-75.15572908732535, 39.94987127190683], [-75.15572908732535, 39.94986438536284], [-75.1556302726441, 39.94986438536284], [-75.1556302726441, 39.949857498818155], [-75.15562128949125, 39.949857498818155], [-75.15562128949125, 39.94987815845013], [-75.1556302726441, 39.94987815845013]]}, "properties": {"confidence": "high"}}, {"type": "Feature", "geometry": {"type": "LineString", "coordinates": [[-75.1515519212542, 39.94986438536284], [-75.1515519212542, 39.949857498818155], [-75.15150700548999, 39.949857498818155], [-75.15150700548999, 39.94986438536284], [-75.1515519212542, 39.94986438536284]]}, "properties": {"confidence": "high"}}, {"type": "Feature", "geometry": {"type": "LineString", "coordinates": [[-75.1523154892457, 39.94987815845013], [-75.1523154892457, 39.949850612272776], [-75.15230650609286, 39.949850612272776], [-75.15230650609286, 39.94987815845013], [-75.1523154892457, 39.94987815845013]]}, "properties": {"confidence": "high"}}, {"type": "Feature", "geometry": {"type": "LineString", "coordinates": [[-75.15562128949125, 39.949857498818155], [-75.15562128949125, 39.949850612272776], [-75.15560332318557, 39.949850612272776], [-75.15560332318557, 39.949857498818155], [-75.15562128949125, 39.949857498818155]]}, "properties": {"confidence": "high"}}, {"type": "Feature", "geometry": {"type": "LineString", "coordinates": [[-75.15150700548999, 39.949857498818155], [-75.15150700548999, 39.949850612272776], [-75.15147107287862, 39.949850612272776], [-75.15147107287862, 39.949857498818155], [-75.15150700548999, 39.949857498818155]]}, "properties": {"confidence": "high"}}, {"type": "Feature", "geometry": {"type": "LineString", "coordinates": [[-75.15560332318557, 39.949850612272776], [-75.15560332318557, 39.9498437257267], [-75.15559434003274, 39.9498437257267], [-75.15559434003274, 39.949850612272776], [-75.15560332318557, 39.949850612272776]]}, "properties": {"confidence": "high"}}, {"type": "Feature", "geometry": {"type": "LineString", "coordinates": [[-75.15147107287862, 39.949850612272776], [-75.15147107287862, 39.9498437257267], [-75.15142615711441, 39.9498437257267], [-75.15142615711441, 39.949850612272776], [-75.15147107287862, 39.949850612272776]]}, "properties": {"confidence": "high"}}, {"type": "Feature", "geometry": {"type": "LineString", "coordinates": [[-75.1505727575945, 39.94987127190683], [-75.1505727575945, 39.94983683917994], [-75.15056377444166, 39.94983683917994], [-75.15056377444166, 39.94987127190683], [-75.1505727575945, 39.94987127190683]]}, "properties": {"confidence": "high"}}, {"type": "Feature", "geometry": {"type": "LineString", "coordinates": [[-75.15559434003274, 39.9498437257267], [-75.15559434003274, 39.94983683917994], [-75.15557637372706, 39.94983683917994], [-75.15557637372706, 39.9498437257267], [-75.15559434003274, 39.9498437257267]]}, "properties": {"confidence": "high"}}, {"type": "Feature", "geometry": {"type": "LineString", "coordinates": [[-75.15142615711441, 39.9498437257267], [-75.15142615711441, 39.94983683917994], [-75.15131835928032, 39.94983683917994], [-75.15131835928032, 39.9498437257267], [-75.15142615711441, 39.9498437257267]]}, "properties": {"confidence": "high"}}, {"type": "Feature", "geometry": {"type": "LineString", "coordinates": [[-75.15388754099291, 39.94986438536284], [-75.15388754099291, 39.94982995263248], [-75.15387855784006, 39.94982995263248], [-75.15387855784006, 39.94986438536284], [-75.15388754099291, 39.94986438536284]]}, "properties": {"confidence": "high"}}, {"type": "Feature", "geometry": {"type": "LineString", "coordinates": [[-75.15557637372706, 39.94983683917994], [-75.15557637372706, 39.94982995263248], [-75.15554942426853, 39.94982995263248], [-75.15554942426853, 39.94983683917994], [-75.15557637372706, 39.94983683917994]]}, "properties": {"confidence": "high"}}, {"type": "Feature", "geometry": {"type": "LineString", "coordinates": [[-75.15131835928032, 39.94983683917994], [-75.15131835928032, 39.94982995263248], [-75.15125547721043, 39.94982995263248], [-75.15125547721043, 39.94983683917994], [-75.15131835928032, 39.94983683917994]]}, "properties": {"confidence": "high"}}, {"type": "Feature", "geometry": {"type": "LineString", "coordinates": [[-75.15232447239853, 39.949850612272776], [-75.15232447239853, 39.94982306608432], [-75.1523154892457, 39.94982306608432], [-75.1523154892457, 39.949850612272776], [-75.15232447239853, 39.949850612272776]]}, "properties": {"confidence": "high"}}, {"type": "Feature", "geometry": {"type": "LineString", "coordinates": [[-75.15554942426853, 39.94982995263248], [-75.15554942426853, 39.94982306608432], [-75.15542366012875, 39.94982306608432], [-75.15542366012875, 39.94982995263248], [-75.15554942426853, 39.94982995263248]]}, "properties": {"confidence": "high"}}, {"type": "Feature", "geometry": {"type": "LineString", "coordinates": [[-75.15125547721043, 39.94982995263248], [-75.15125547721043, 39.94982306608432], [-75.15117462883487, 39.94982306608432], [-75.15117462883487, 39.94982995263248], [-75.15125547721043, 39.94982995263248]]}, "properties": {"confidence": "high"}}, {"type": "Feature", "geometry": {"type": "LineString", "coordinates": [[-75.15542366012875, 39.94982306608432], [-75.15542366012875, 39.949816179535475], [-75.15539671067022, 39.949816179535475], [-75.15539671067022, 39.94982306608432], [-75.15542366012875, 39.94982306608432]]}, "properties": {"confidence": "high"}}, {"type": "Feature", "geometry": {"type": "LineString", "coordinates": [[-75.15117462883487, 39.94982306608432], [-75.15117462883487, 39.949816179535475], [-75.15112072991782, 39.949816179535475], [-75.15112072991782, 39.94982306608432], [-75.15117462883487, 39.94982306608432]]}, "properties": {"confidence": "high"}}, {"type": "Feature", "geometry": {"type": "LineString", "coordinates": [[-75.15058174074734, 39.94983683917994], [-75.15058174074734, 39.94980929298594], [-75.1505727575945, 39.94980929298594], [-75.1505727575945, 39.94983683917994], [-75.15058174074734, 39.94983683917994]]}, "properties": {"confidence": "high"}}, {"type": "Feature", "geometry": {"type": "LineString", "coordinates": [[-75.15539671067022, 39.949816179535475], [-75.15539671067022, 39.94980929298594], [-75.15535179490601, 39.94980929298594], [-75.15535179490601, 39.949816179535475], [-75.15539671067022, 39.949816179535475]]}, "properties": {"confidence": "high"}}, {"type": "Feature", "geometry": {"type": "LineString", "coordinates": [[-75.15112072991782, 39.949816179535475], [-75.15112072991782, 39.94980929298594], [-75.15107581415361, 39.94980929298594], [-75.15107581415361, 39.949816179535475], [-75.15112072991782, 39.949816179535475]]}, "properties": {"confidence": "high"}}, {"type": "Feature", "geometry": {"type": "LineString", "coordinates": [[-75.15389652414575, 39.94982995263248], [-75.15389652414575, 39.94980240643571], [-75.15388754099291, 39.94980240643571], [-75.15388754099291, 39.94982995263248], [-75.15389652414575, 39.94982995263248]]}, "properties": {"confidence": "high"}}, {"type": "Feature", "geometry": {"type": "LineString", "coordinates": [[-75.15535179490601, 39.94980929298594], [-75.15535179490601, 39.94980240643571], [-75.1553068791418, 39.94980240643571], [-75.1553068791418, 39.94980929298594], [-75.15535179490601, 39.94980929298594]]}, "properties": {"confidence": "high"}}, {"type": "Feature", "geometry": {"type": "LineString", "coordinates": [[-75.15107581415361, 39.94980929298594], [-75.15107581415361, 39.94980240643571], [-75.15103089838941, 39.94980240643571], [-75.15103089838941, 39.94980929298594], [-75.15107581415361, 39.94980929298594]]}, "properties": {"confidence": "high"}}, {"type": "Feature", "geometry": {"type": "LineString", "coordinates": [[-75.14909952052854, 39.949857498818155], [-75.14909952052854, 39.94979551988478], [-75.1490905373757, 39.94979551988478], [-75.1490905373757, 39.949857498818155], [-75.14909952052854, 39.949857498818155]]}, "properties": {"confidence": "high"}}, {"type": "Feature", "geometry": {"type": "LineString", "coordinates": [[-75.1553068791418, 39.94980240643571], [-75.1553068791418, 39.94979551988478], [-75.15527094653045, 39.94979551988478], [-75.15527094653045, 39.94980240643571], [-75.1553068791418, 39.94980240643571]]}, "properties": {"confidence": "high"}}, {"type": "Feature", "geometry": {"type": "LineString", "coordinates": [[-75.15103089838941, 39.94980240643571], [-75.15103089838941, 39.94979551988478], [-75.1509231005553, 39.94979551988478], [-75.1509231005553, 39.94980240643571], [-75.15103089838941, 39.94980240643571]]}, "properties": {"confidence": "high"}}, {"type": "Feature", "geometry": {"type": "LineString", "coordinates": [[-75.15233345555137, 39.94982306608432], [-75.15233345555137, 39.949788633333156], [-75.15232447239853, 39.949788633333156], [-75.15232447239853, 39.94982306608432], [-75.15233345555137, 39.94982306608432]]}, "properties": {"confidence": "high"}}, {"type": "Feature", "geometry": {"type": "LineString", "coordinates": [[-75.15527094653045, 39.94979551988478], [-75.15527094653045, 39.949788633333156], [-75.15522603076624, 39.949788633333156], [-75.15522603076624, 39.94979551988478], [-75.15527094653045, 39.94979551988478]]}, "properties": {"confidence": "high"}}, {"type": "Feature", "geometry": {"type": "LineString", "coordinates": [[-75.1509231005553, 39.94979551988478], [-75.1509231005553, 39.949788633333156], [-75.15088716794394, 39.949788633333156], [-75.15088716794394, 39.94979551988478], [-75.1509231005553, 39.94979551988478]]}, "properties": {"confidence": "high"}}, {"type": "Feature", "geometry": {"type": "LineString", "coordinates": [[-75.15522603076624, 39.949788633333156], [-75.15522603076624, 39.94978174678084], [-75.15519009815488, 39.94978174678084], [-75.15519009815488, 39.949788633333156], [-75.15522603076624, 39.949788633333156]]}, "properties": {"confidence": "high"}}, {"type": "Feature", "geometry": {"type": "LineString", "coordinates": [[-75.15088716794394, 39.949788633333156], [-75.15088716794394, 39.94978174678084], [-75.15084225217973, 39.94978174678084], [-75.15084225217973, 39.949788633333156], [-75.15088716794394, 39.949788633333156]]}, "properties": {"confidence": "high"}}, {"type": "Feature", "geometry": {"type": "LineString", "coordinates": [[-75.15059072390018, 39.94980929298594], [-75.15059072390018, 39.94977486022783], [-75.15058174074734, 39.94977486022783], [-75.15058174074734, 39.94980929298594], [-75.15059072390018, 39.94980929298594]]}, "properties": {"confidence": "high"}}, {"type": "Feature", "geometry": {"type": "LineString", "coordinates": [[-75.15519009815488, 39.94978174678084], [-75.15519009815488, 39.94977486022783], [-75.15514518239067, 39.94977486022783], [-75.15514518239067, 39.94978174678084], [-75.15519009815488, 39.94978174678084]]}, "properties": {"confidence": "high"}}, {"type": "Feature", "geometry": {"type": "LineString", "coordinates": [[-75.15084225217973, 39.94978174678084], [-75.15084225217973, 39.94977486022783], [-75.15077937010984, 39.94977486022783], [-75.15077937010984, 39.94978174678084], [-75.15084225217973, 39.94978174678084]]}, "properties": {"confidence": "high"}}, {"type": "Feature", "geometry": {"type": "LineString", "coordinates": [[-75.15514518239067, 39.94977486022783], [-75.15514518239067, 39.949767973674135], [-75.1551092497793, 39.949767973674135], [-75.1551092497793, 39.94977486022783], [-75.15514518239067, 39.94977486022783]]}, "properties": {"confidence": "high"}}, {"type": "Feature", "geometry": {"type": "LineString", "coordinates": [[-75.15077937010984, 39.94977486022783], [-75.15077937010984, 39.949767973674135], [-75.15071648803996, 39.949767973674135], [-75.15071648803996, 39.94977486022783], [-75.15077937010984, 39.94977486022783]]}, "properties": {"confidence": "high"}}, {"type": "Feature", "geometry": {"type": "LineString", "coordinates": [[-75.15234243870422, 39.949788633333156], [-75.15234243870422, 39.94976108711975], [-75.15233345555137, 39.94976108711975], [-75.15233345555137, 39.949788633333156], [-75.15234243870422, 39.949788633333156]]}, "properties": {"confidence": "high"}}, {"type": "Feature", "geometry": {"type": "LineString", "coordinates": [[-75.15059970705303, 39.94977486022783], [-75.15059970705303, 39.94976108711975], [-75.15059072390018, 39.94976108711975], [-75.15059072390018, 39.94977486022783], [-75.15059970705303, 39.94977486022783]]}, "properties": {"confidence": "high"}}, {"type": "Feature", "geometry": {"type": "LineString", "coordinates": [[-75.1551092497793, 39.949767973674135], [-75.1551092497793, 39.94976108711975], [-75.15504636770942, 39.94976108711975], [-75.15504636770942, 39.949767973674135], [-75.1551092497793, 39.949767973674135]]}, "properties": {"confidence": "high"}}, {"type": "Feature", "geometry": {"type": "LineString", "coordinates": [[-75.15071648803996, 39.949767973674135], [-75.15071648803996, 39.94976108711975], [-75.15063563966439, 39.94976108711975], [-75.15063563966439, 39.949767973674135], [-75.15071648803996, 39.949767973674135]]}, "properties": {"confidence": "high"}}, {"type": "Feature", "geometry": {"type": "LineString", "coordinates": [[-75.15390550729859, 39.94980240643571], [-75.15390550729859, 39.94975420056466], [-75.15389652414575, 39.94975420056466], [-75.15389652414575, 39.94980240643571], [-75.15390550729859, 39.94980240643571]]}, "properties": {"confidence": "high"}}, {"type": "Feature", "geometry": {"type": "LineString", "coordinates": [[-75.15504636770942, 39.94976108711975], [-75.15504636770942, 39.94975420056466], [-75.15499246879237, 39.94975420056466], [-75.15499246879237, 39.94976108711975], [-75.15504636770942, 39.94976108711975]]}, "properties": {"confidence": "high"}}, {"type": "Feature", "geometry": {"type": "LineString", "coordinates": [[-75.15063563966439, 39.94976108711975], [-75.15063563966439, 39.94975420056466], [-75.15061767335871, 39.94975420056466], [-75.15061767335871, 39.94976108711975], [-75.15063563966439, 39.94976108711975]]}, "properties": {"confidence": "high"}}, {"type": "Feature", "geometry": {"type": "LineString", "coordinates": [[-75.15060869020587, 39.94976108711975], [-75.15060869020587, 39.94975420056466], [-75.15059970705303, 39.94975420056466], [-75.15059970705303, 39.94976108711975], [-75.15060869020587, 39.94976108711975]]}, "properties": {"confidence": "high"}}, {"type": "Feature", "geometry": {"type": "LineString", "coordinates": [[-75.15235142185706, 39.94976108711975], [-75.15235142185706, 39.94974731400888], [-75.15234243870422, 39.94974731400888], [-75.15234243870422, 39.94976108711975], [-75.15235142185706, 39.94976108711975]]}, "properties": {"confidence": "high"}}, {"type": "Feature", "geometry": {"type": "LineString", "coordinates": [[-75.15499246879237, 39.94975420056466], [-75.15499246879237, 39.94974731400888], [-75.15494755302817, 39.94974731400888], [-75.15494755302817, 39.94975420056466], [-75.15499246879237, 39.94975420056466]]}, "properties": {"confidence": "high"}}, {"type": "Feature", "geometry": {"type": "LineString", "coordinates": [[-75.14910850368139, 39.94979551988478], [-75.14910850368139, 39.949740427452404], [-75.14909952052854, 39.949740427452404], [-75.14909952052854, 39.94979551988478], [-75.14910850368139, 39.94979551988478]]}, "properties": {"confidence": "high"}}, {"type": "Feature", "geometry": {"type": "LineString", "coordinates": [[-75.15494755302817, 39.94974731400888], [-75.15494755302817, 39.949740427452404], [-75.1548936541111, 39.949740427452404], [-75.1548936541111, 39.94974731400888], [-75.15494755302817, 39.94974731400888]]}, "properties": {"confidence": "high"}}, {"type": "Feature", "geometry": {"type": "LineString", "coordinates": [[-75.1548936541111, 39.949740427452404], [-75.1548936541111, 39.949733540895245], [-75.15485772149975, 39.949733540895245], [-75.15485772149975, 39.949740427452404], [-75.1548936541111, 39.949740427452404]]}, "properties": {"confidence": "high"}}, {"type": "Feature", "geometry": {"type": "LineString", "coordinates": [[-75.15485772149975, 39.949733540895245], [-75.15485772149975, 39.94972665433738], [-75.15482178888838, 39.94972665433738], [-75.15482178888838, 39.949733540895245], [-75.15485772149975, 39.949733540895245]]}, "properties": {"confidence": "high"}}, {"type": "Feature", "geometry": {"type": "LineString", "coordinates": [[-75.15391449045143, 39.94975420056466], [-75.15391449045143, 39.94971976777883], [-75.15390550729859, 39.94971976777883], [-75.15390550729859, 39.94975420056466], [-75.15391449045143, 39.94975420056466]]}, "properties": {"confidence": "high"}}, {"type": "Feature", "geometry": {"type": "LineString", "coordinates": [[-75.15482178888838, 39.94972665433738], [-75.15482178888838, 39.94971976777883], [-75.15478585627702, 39.94971976777883], [-75.15478585627702, 39.94972665433738], [-75.15482178888838, 39.94972665433738]]}, "properties": {"confidence": "high"}}, {"type": "Feature", "geometry": {"type": "LineString", "coordinates": [[-75.1523604050099, 39.94974731400888], [-75.1523604050099, 39.94971288121959], [-75.15235142185706, 39.94971288121959], [-75.15235142185706, 39.94974731400888], [-75.1523604050099, 39.94974731400888]]}, "properties": {"confidence": "high"}}, {"type": "Feature", "geometry": {"type": "LineString", "coordinates": [[-75.15478585627702, 39.94971976777883], [-75.15478585627702, 39.94971288121959], [-75.15474094051281, 39.94971288121959], [-75.15474094051281, 39.94971976777883], [-75.15478585627702, 39.94971976777883]]}, "properties": {"confidence": "high"}}, {"type": "Feature", "geometry": {"type": "LineString", "coordinates": [[-75.15474094051281, 39.94971288121959], [-75.15474094051281, 39.94970599465965], [-75.15468704159576, 39.94970599465965], [-75.15468704159576, 39.94971288121959], [-75.15474094051281, 39.94971288121959]]}, "properties": {"confidence": "high"}}, {"type": "Feature", "geometry": {"type": "LineString", "coordinates": [[-75.15468704159576, 39.94970599465965], [-75.15468704159576, 39.94969910809901], [-75.15464212583156, 39.94969910809901], [-75.15464212583156, 39.94970599465965], [-75.15468704159576, 39.94970599465965]]}, "properties": {"confidence": "high"}}, {"type": "Feature", "geometry": {"type": "LineString", "coordinates": [[-75.15464212583156, 39.94969910809901], [-75.15464212583156, 39.949692221537696], [-75.15459721006737, 39.949692221537696], [-75.15459721006737, 39.94969910809901], [-75.15464212583156, 39.94969910809901]]}, "properties": {"confidence": "high"}}, {"type": "Feature", "geometry": {"type": "LineString", "coordinates": [[-75.15236938816274, 39.94971288121959], [-75.15236938816274, 39.949685334975676], [-75.1523604050099, 39.949685334975676], [-75.1523604050099, 39.94971288121959], [-75.15236938816274, 39.94971288121959]]}, "properties": {"confidence": "high"}}, {"type": "Feature", "geometry": {"type": "LineString", "coordinates": [[-75.15459721006737, 39.949692221537696], [-75.15459721006737, 39.949685334975676], [-75.15455229430316, 39.949685334975676], [-75.15455229430316, 39.949692221537696], [-75.15459721006737, 39.949692221537696]]}, "properties": {"confidence": "high"}}, {"type": "Feature", "geometry": {"type": "LineString", "coordinates": [[-75.15061767335871, 39.94975420056466], [-75.15061767335871, 39.94967844841296], [-75.15060869020587, 39.94967844841296], [-75.15060869020587, 39.94975420056466], [-75.15061767335871, 39.94975420056466]]}, "properties": {"confidence": "high"}}, {"type": "Feature", "geometry": {"type": "LineString", "coordinates": [[-75.15455229430316, 39.949685334975676], [-75.15455229430316, 39.94967844841296], [-75.15450737853895, 39.94967844841296], [-75.15450737853895, 39.949685334975676], [-75.15455229430316, 39.949685334975676]]}, "properties": {"confidence": "high"}}, {"type": "Feature", "geometry": {"type": "LineString", "coordinates": [[-75.15450737853895, 39.94967844841296], [-75.15450737853895, 39.949671561849556], [-75.1544534796219, 39.949671561849556], [-75.1544534796219, 39.94967844841296], [-75.15450737853895, 39.94967844841296]]}, "properties": {"confidence": "high"}}, {"type": "Feature", "geometry": {"type": "LineString", "coordinates": [[-75.1544534796219, 39.949671561849556], [-75.1544534796219, 39.949664675285455], [-75.1544085638577, 39.949664675285455], [-75.1544085638577, 39.949671561849556], [-75.1544534796219, 39.949671561849556]]}, "properties": {"confidence": "high"}}, {"type": "Feature", "geometry": {"type": "LineString", "coordinates": [[-75.15392347360427, 39.94971976777883], [-75.15392347360427, 39.949657788720664], [-75.15391449045143, 39.949657788720664], [-75.15391449045143, 39.94971976777883], [-75.15392347360427, 39.94971976777883]]}, "properties": {"confidence": "high"}}, {"type": "Feature", "geometry": {"type": "LineString", "coordinates": [[-75.1544085638577, 39.949664675285455], [-75.1544085638577, 39.949657788720664], [-75.15435466494066, 39.949657788720664], [-75.15435466494066, 39.949664675285455], [-75.1544085638577, 39.949664675285455]]}, "properties": {"confidence": "high"}}, {"type": "Feature", "geometry": {"type": "LineString", "coordinates": [[-75.15435466494066, 39.949657788720664], [-75.15435466494066, 39.94965090215518], [-75.15430974917643, 39.94965090215518], [-75.15430974917643, 39.949657788720664], [-75.15435466494066, 39.949657788720664]]}, "properties": {"confidence": "high"}}, {"type": "Feature", "geometry": {"type": "LineString", "coordinates": [[-75.15430974917643, 39.94965090215518], [-75.15430974917643, 39.949644015589], [-75.15426483341223, 39.949644015589], [-75.15426483341223, 39.94965090215518], [-75.15430974917643, 39.94965090215518]]}, "properties": {"confidence": "high"}}, {"type": "Feature", "geometry": {"type": "LineString", "coordinates": [[-75.15426483341223, 39.949644015589], [-75.15426483341223, 39.94963712902213], [-75.15421093449518, 39.94963712902213], [-75.15421093449518, 39.949644015589], [-75.15426483341223, 39.949644015589]]}, "properties": {"confidence": "high"}}, {"type": "Feature", "geometry": {"type": "LineString", "coordinates": [[-75.15421093449518, 39.94963712902213], [-75.15421093449518, 39.94963024245456], [-75.15415703557814, 39.94963024245456], [-75.15415703557814, 39.94963712902213], [-75.15421093449518, 39.94963712902213]]}, "properties": {"confidence": "high"}}, {"type": "Feature", "geometry": {"type": "LineString", "coordinates": [[-75.15415703557814, 39.94963024245456], [-75.15415703557814, 39.94962335588631], [-75.15404025459121, 39.94962335588631], [-75.15404025459121, 39.94963024245456], [-75.15415703557814, 39.94963024245456]]}, "properties": {"confidence": "high"}}, {"type": "Feature", "geometry": {"type": "LineString", "coordinates": [[-75.15062665651155, 39.94967844841296], [-75.15062665651155, 39.949616469317355], [-75.15061767335871, 39.949616469317355], [-75.15061767335871, 39.94967844841296], [-75.15062665651155, 39.94967844841296]]}, "properties": {"confidence": "high"}}, {"type": "Feature", "geometry": {"type": "LineString", "coordinates": [[-75.15404025459121, 39.94962335588631], [-75.15404025459121, 39.949616469317355], [-75.15396838936847, 39.949616469317355], [-75.15396838936847, 39.94962335588631], [-75.15404025459121, 39.94962335588631]]}, "properties": {"confidence": "high"}}, {"type": "Feature", "geometry": {"type": "LineString", "coordinates": [[-75.15237837131558, 39.949685334975676], [-75.15237837131558, 39.949609582747705], [-75.15236938816274, 39.949609582747705], [-75.15236938816274, 39.949685334975676], [-75.15237837131558, 39.949685334975676]]}, "properties": {"confidence": "high"}}, {"type": "Feature", "geometry": {"type": "LineString", "coordinates": [[-75.14905460476434, 39.949616469317355], [-75.14905460476434, 39.949609582747705], [-75.14896477323593, 39.949609582747705], [-75.14896477323593, 39.949616469317355], [-75.14905460476434, 39.949616469317355]]}, "properties": {"confidence": "high"}}, {"type": "Feature", "geometry": {"type": "LineString", "coordinates": [[-75.14911748683423, 39.949740427452404], [-75.14911748683423, 39.94962335588631], [-75.14912646998707, 39.94962335588631], [-75.14912646998707, 39.94960269617737], [-75.14911748683423, 39.94960269617737], [-75.14911748683423, 39.949616469317355], [-75.14905460476434, 39.949616469317355], [-75.14905460476434, 39.94962335588631], [-75.14910850368139, 39.94962335588631], [-75.14910850368139, 39.949740427452404], [-75.14911748683423, 39.949740427452404]]}, "properties": {"confidence": "high"}}, {"type": "Feature", "geometry": {"type": "LineString", "coordinates": [[-75.15391449045143, 39.949609582747705], [-75.15391449045143, 39.94960269617737], [-75.15383364207587, 39.94960269617737], [-75.15383364207587, 39.949609582747705], [-75.15391449045143, 39.949609582747705]]}, "properties": {"confidence": "high"}}, {"type": "Feature", "geometry": {"type": "LineString", "coordinates": [[-75.14896477323593, 39.949609582747705], [-75.14896477323593, 39.94960269617737], [-75.14890189116605, 39.94960269617737], [-75.14890189116605, 39.949609582747705], [-75.14896477323593, 39.949609582747705]]}, "properties": {"confidence": "high"}}, {"type": "Feature", "geometry": {"type": "LineString", "coordinates": [[-75.15393245675712, 39.949657788720664], [-75.15393245675712, 39.949616469317355], [-75.15396838936847, 39.949616469317355], [-75.15396838936847, 39.949609582747705], [-75.15395940621563, 39.949609582747705], [-75.15395940621563, 39.949595809606336], [-75.1539504230628, 39.949595809606336], [-75.1539504230628, 39.949609582747705], [-75.15391449045143, 39.949609582747705], [-75.15391449045143, 39.949616469317355], [-75.15392347360427, 39.949616469317355], [-75.15392347360427, 39.949657788720664], [-75.15393245675712, 39.949657788720664]]}, "properties": {"confidence": "high"}}, {"type": "Feature", "geometry": {"type": "LineString", "coordinates": [[-75.15383364207587, 39.94960269617737], [-75.15383364207587, 39.949595809606336], [-75.15372584424176, 39.949595809606336], [-75.15372584424176, 39.94960269617737], [-75.15383364207587, 39.94960269617737]]}, "properties": {"confidence": "high"}}, {"type": "Feature", "geometry": {"type": "LineString", "coordinates": [[-75.14890189116605, 39.94960269617737], [-75.14890189116605, 39.949595809606336], [-75.14884799224899, 39.949595809606336], [-75.14884799224899, 39.94960269617737], [-75.14890189116605, 39.94960269617737]]}, "properties": {"confidence": "high"}}, {"type": "Feature", "geometry": {"type": "LineString", "coordinates": [[-75.15372584424176, 39.949595809606336], [-75.15372584424176, 39.94958892303462], [-75.15366296217186, 39.94958892303462], [-75.15366296217186, 39.949595809606336], [-75.15372584424176, 39.949595809606336]]}, "properties": {"confidence": "high"}}, {"type": "Feature", "geometry": {"type": "LineString", "coordinates": [[-75.14884799224899, 39.949595809606336], [-75.14884799224899, 39.94958892303462], [-75.14879409333194, 39.94958892303462], [-75.14879409333194, 39.949595809606336], [-75.14884799224899, 39.949595809606336]]}, "properties": {"confidence": "high"}}, {"type": "Feature", "geometry": {"type": "LineString", "coordinates": [[-75.15366296217186, 39.94958892303462], [-75.15366296217186, 39.9495820364622], [-75.15361804640766, 39.9495820364622], [-75.15361804640766, 39.94958892303462], [-75.15366296217186, 39.94958892303462]]}, "properties": {"confidence": "high"}}, {"type": "Feature", "geometry": {"type": "LineString", "coordinates": [[-75.14879409333194, 39.94958892303462], [-75.14879409333194, 39.9495820364622], [-75.14874917756775, 39.9495820364622], [-75.14874917756775, 39.94958892303462], [-75.14879409333194, 39.94958892303462]]}, "properties": {"confidence": "high"}}, {"type": "Feature", "geometry": {"type": "LineString", "coordinates": [[-75.15238735446842, 39.949609582747705], [-75.15238735446842, 39.949575149889085], [-75.15237837131558, 39.949575149889085], [-75.15237837131558, 39.949609582747705], [-75.15238735446842, 39.949609582747705]]}, "properties": {"confidence": "high"}}, {"type": "Feature", "geometry": {"type": "LineString", "coordinates": [[-75.15361804640766, 39.9495820364622], [-75.15361804640766, 39.949575149889085], [-75.15357313064347, 39.949575149889085], [-75.15357313064347, 39.9495820364622], [-75.15361804640766, 39.9495820364622]]}, "properties": {"confidence": "high"}}, {"type": "Feature", "geometry": {"type": "LineString", "coordinates": [[-75.14874917756775, 39.9495820364622], [-75.14874917756775, 39.949575149889085], [-75.14870426180354, 39.949575149889085], [-75.14870426180354, 39.9495820364622], [-75.14874917756775, 39.9495820364622]]}, "properties": {"confidence": "high"}}, {"type": "Feature", "geometry": {"type": "LineString", "coordinates": [[-75.15396838936847, 39.949595809606336], [-75.15396838936847, 39.94956826331528], [-75.15395940621563, 39.94956826331528], [-75.15395940621563, 39.949595809606336], [-75.15396838936847, 39.949595809606336]]}, "properties": {"confidence": "high"}}, {"type": "Feature", "geometry": {"type": "LineString", "coordinates": [[-75.15357313064347, 39.949575149889085], [-75.15357313064347, 39.94956826331528], [-75.15352821487926, 39.94956826331528], [-75.15352821487926, 39.949575149889085], [-75.15357313064347, 39.949575149889085]]}, "properties": {"confidence": "high"}}, {"type": "Feature", "geometry": {"type": "LineString", "coordinates": [[-75.14870426180354, 39.949575149889085], [-75.14870426180354, 39.94956826331528], [-75.14865934603932, 39.94956826331528], [-75.14865934603932, 39.949575149889085], [-75.14870426180354, 39.949575149889085]]}, "properties": {"confidence": "high"}}, {"type": "Feature", "geometry": {"type": "LineString", "coordinates": [[-75.15352821487926, 39.94956826331528], [-75.15352821487926, 39.949561376740775], [-75.15347431596221, 39.949561376740775], [-75.15347431596221, 39.94956826331528], [-75.15352821487926, 39.94956826331528]]}, "properties": {"confidence": "high"}}, {"type": "Feature", "geometry": {"type": "LineString", "coordinates": [[-75.14865934603932, 39.94956826331528], [-75.14865934603932, 39.949561376740775], [-75.1486323965808, 39.949561376740775], [-75.1486323965808, 39.94956826331528], [-75.14865934603932, 39.94956826331528]]}, "properties": {"confidence": "high"}}, {"type": "Feature", "geometry": {"type": "LineString", "coordinates": [[-75.15063563966439, 39.949616469317355], [-75.15063563966439, 39.94955449016559], [-75.15062665651155, 39.94955449016559], [-75.15062665651155, 39.949616469317355], [-75.15063563966439, 39.949616469317355]]}, "properties": {"confidence": "high"}}, {"type": "Feature", "geometry": {"type": "LineString", "coordinates": [[-75.15347431596221, 39.949561376740775], [-75.15347431596221, 39.94955449016559], [-75.15342940019801, 39.94955449016559], [-75.15342940019801, 39.949561376740775], [-75.15347431596221, 39.949561376740775]]}, "properties": {"confidence": "high"}}, {"type": "Feature", "geometry": {"type": "LineString", "coordinates": [[-75.1486323965808, 39.949561376740775], [-75.1486323965808, 39.94955449016559], [-75.14856053135807, 39.94955449016559], [-75.14856053135807, 39.949561376740775], [-75.1486323965808, 39.949561376740775]]}, "properties": {"confidence": "high"}}, {"type": "Feature", "geometry": {"type": "LineString", "coordinates": [[-75.15342940019801, 39.94955449016559], [-75.15342940019801, 39.9495476035897], [-75.15337550128096, 39.9495476035897], [-75.15337550128096, 39.94955449016559], [-75.15342940019801, 39.94955449016559]]}, "properties": {"confidence": "high"}}, {"type": "Feature", "geometry": {"type": "LineString", "coordinates": [[-75.14856053135807, 39.94955449016559], [-75.14856053135807, 39.9495476035897], [-75.1484796829825, 39.9495476035897], [-75.1484796829825, 39.94955449016559], [-75.14856053135807, 39.94955449016559]]}, "properties": {"confidence": "high"}}, {"type": "Feature", "geometry": {"type": "LineString", "coordinates": [[-75.15337550128096, 39.9495476035897], [-75.15337550128096, 39.94954071701312], [-75.15333058551676, 39.94954071701312], [-75.15333058551676, 39.9495476035897], [-75.15337550128096, 39.9495476035897]]}, "properties": {"confidence": "high"}}, {"type": "Feature", "geometry": {"type": "LineString", "coordinates": [[-75.1484796829825, 39.9495476035897], [-75.1484796829825, 39.94954071701312], [-75.14842578406545, 39.94954071701312], [-75.14842578406545, 39.9495476035897], [-75.1484796829825, 39.9495476035897]]}, "properties": {"confidence": "high"}}, {"type": "Feature", "geometry": {"type": "LineString", "coordinates": [[-75.1491354531399, 39.94960269617737], [-75.1491354531399, 39.94953383043585], [-75.14912646998707, 39.94953383043585], [-75.14912646998707, 39.94960269617737], [-75.1491354531399, 39.94960269617737]]}, "properties": {"confidence": "high"}}, {"type": "Feature", "geometry": {"type": "LineString", "coordinates": [[-75.15239633762127, 39.949575149889085], [-75.15239633762127, 39.94953383043585], [-75.15238735446842, 39.94953383043585], [-75.15238735446842, 39.949575149889085], [-75.15239633762127, 39.949575149889085]]}, "properties": {"confidence": "high"}}, {"type": "Feature", "geometry": {"type": "LineString", "coordinates": [[-75.15333058551676, 39.94954071701312], [-75.15333058551676, 39.94953383043585], [-75.15328566975255, 39.94953383043585], [-75.15328566975255, 39.94954071701312], [-75.15333058551676, 39.94954071701312]]}, "properties": {"confidence": "high"}}, {"type": "Feature", "geometry": {"type": "LineString", "coordinates": [[-75.14842578406545, 39.94954071701312], [-75.14842578406545, 39.94953383043585], [-75.1483718851484, 39.94953383043585], [-75.1483718851484, 39.94954071701312], [-75.14842578406545, 39.94954071701312]]}, "properties": {"confidence": "high"}}, {"type": "Feature", "geometry": {"type": "LineString", "coordinates": [[-75.15328566975255, 39.94953383043585], [-75.15328566975255, 39.94952694385789], [-75.15324075398834, 39.94952694385789], [-75.15324075398834, 39.94953383043585], [-75.15328566975255, 39.94953383043585]]}, "properties": {"confidence": "high"}}, {"type": "Feature", "geometry": {"type": "LineString", "coordinates": [[-75.1483718851484, 39.94953383043585], [-75.1483718851484, 39.94952694385789], [-75.14830900307852, 39.94952694385789], [-75.14830900307852, 39.94953383043585], [-75.1483718851484, 39.94953383043585]]}, "properties": {"confidence": "high"}}, {"type": "Feature", "geometry": {"type": "LineString", "coordinates": [[-75.15064462281723, 39.94955449016559], [-75.15064462281723, 39.94952005727923], [-75.15063563966439, 39.94952005727923], [-75.15063563966439, 39.94955449016559], [-75.15064462281723, 39.94955449016559]]}, "properties": {"confidence": "high"}}, {"type": "Feature", "geometry": {"type": "LineString", "coordinates": [[-75.15324075398834, 39.94952694385789], [-75.15324075398834, 39.94952005727923], [-75.15318685507128, 39.94952005727923], [-75.15318685507128, 39.94952694385789], [-75.15324075398834, 39.94952694385789]]}, "properties": {"confidence": "high"}}, {"type": "Feature", "geometry": {"type": "LineString", "coordinates": [[-75.14830900307852, 39.94952694385789], [-75.14830900307852, 39.94952005727923], [-75.14825510416148, 39.94952005727923], [-75.14825510416148, 39.94952694385789], [-75.14830900307852, 39.94952694385789]]}, "properties": {"confidence": "high"}}, {"type": "Feature", "geometry": {"type": "LineString", "coordinates": [[-75.15318685507128, 39.94952005727923], [-75.15318685507128, 39.94951317069988], [-75.15314193930708, 39.94951317069988], [-75.15314193930708, 39.94952005727923], [-75.15318685507128, 39.94952005727923]]}, "properties": {"confidence": "high"}}, {"type": "Feature", "geometry": {"type": "LineString", "coordinates": [[-75.14825510416148, 39.94952005727923], [-75.14825510416148, 39.94951317069988], [-75.1481922220916, 39.94951317069988], [-75.1481922220916, 39.94952005727923], [-75.14825510416148, 39.94952005727923]]}, "properties": {"confidence": "high"}}, {"type": "Feature", "geometry": {"type": "LineString", "coordinates": [[-75.14748255301713, 39.9495476035897], [-75.14748255301713, 39.949506284119835], [-75.14747356986429, 39.949506284119835], [-75.14747356986429, 39.9495476035897], [-75.14748255301713, 39.9495476035897]]}, "properties": {"confidence": "high"}}, {"type": "Feature", "geometry": {"type": "LineString", "coordinates": [[-75.15314193930708, 39.94951317069988], [-75.15314193930708, 39.949506284119835], [-75.15309702354287, 39.949506284119835], [-75.15309702354287, 39.94951317069988], [-75.15314193930708, 39.94951317069988]]}, "properties": {"confidence": "high"}}, {"type": "Feature", "geometry": {"type": "LineString", "coordinates": [[-75.1481922220916, 39.94951317069988], [-75.1481922220916, 39.949506284119835], [-75.14813832317455, 39.949506284119835], [-75.14813832317455, 39.94951317069988], [-75.1481922220916, 39.94951317069988]]}, "properties": {"confidence": "high"}}, {"type": "Feature", "geometry": {"type": "LineString", "coordinates": [[-75.15309702354287, 39.949506284119835], [-75.15309702354287, 39.94949939753909], [-75.15304312462582, 39.94949939753909], [-75.15304312462582, 39.949506284119835], [-75.15309702354287, 39.949506284119835]]}, "properties": {"confidence": "high"}}, {"type": "Feature", "geometry": {"type": "LineString", "coordinates": [[-75.14813832317455, 39.949506284119835], [-75.14813832317455, 39.94949939753909], [-75.14807544110464, 39.94949939753909], [-75.14807544110464, 39.949506284119835], [-75.14813832317455, 39.949506284119835]]}, "properties": {"confidence": "high"}}, {"type": "Feature", "geometry": {"type": "LineString", "coordinates": [[-75.15065360597008, 39.94952005727923], [-75.15065360597008, 39.94949251095767], [-75.15064462281723, 39.94949251095767], [-75.15064462281723, 39.94952005727923], [-75.15065360597008, 39.94952005727923]]}, "properties": {"confidence": "high"}}, {"type": "Feature", "geometry": {"type": "LineString", "coordinates": [[-75.15304312462582, 39.94949939753909], [-75.15304312462582, 39.94949251095767], [-75.15298922570878, 39.94949251095767], [-75.15298922570878, 39.94949939753909], [-75.15304312462582, 39.94949939753909]]}, "properties": {"confidence": "high"}}, {"type": "Feature", "geometry": {"type": "LineString", "coordinates": [[-75.14807544110464, 39.94949939753909], [-75.14807544110464, 39.94949251095767], [-75.14802154218759, 39.94949251095767], [-75.14802154218759, 39.94949939753909], [-75.14807544110464, 39.94949939753909]]}, "properties": {"confidence": "high"}}, {"type": "Feature", "geometry": {"type": "LineString", "coordinates": [[-75.15397737252131, 39.94956826331528], [-75.15397737252131, 39.94948562437554], [-75.15396838936847, 39.94948562437554], [-75.15396838936847, 39.94956826331528], [-75.15397737252131, 39.94956826331528]]}, "properties": {"confidence": "high"}}, {"type": "Feature", "geometry": {"type": "LineString", "coordinates": [[-75.15298922570878, 39.94949251095767], [-75.15298922570878, 39.94948562437554], [-75.1529263436389, 39.94948562437554], [-75.1529263436389, 39.94949251095767], [-75.15298922570878, 39.94949251095767]]}, "properties": {"confidence": "high"}}, {"type": "Feature", "geometry": {"type": "LineString", "coordinates": [[-75.14802154218759, 39.94949251095767], [-75.14802154218759, 39.94948562437554], [-75.14798560957624, 39.94948562437554], [-75.14798560957624, 39.94949251095767], [-75.14802154218759, 39.94949251095767]]}, "properties": {"confidence": "high"}}, {"type": "Feature", "geometry": {"type": "LineString", "coordinates": [[-75.14914443629274, 39.94953383043585], [-75.14914443629274, 39.949478737792724], [-75.1491354531399, 39.949478737792724], [-75.1491354531399, 39.94953383043585], [-75.14914443629274, 39.94953383043585]]}, "properties": {"confidence": "high"}}, {"type": "Feature", "geometry": {"type": "LineString", "coordinates": [[-75.1529263436389, 39.94948562437554], [-75.1529263436389, 39.949478737792724], [-75.15287244472185, 39.949478737792724], [-75.15287244472185, 39.94948562437554], [-75.1529263436389, 39.94948562437554]]}, "properties": {"confidence": "high"}}, {"type": "Feature", "geometry": {"type": "LineString", "coordinates": [[-75.14798560957624, 39.94948562437554], [-75.14798560957624, 39.949478737792724], [-75.14794069381203, 39.949478737792724], [-75.14794069381203, 39.94948562437554], [-75.14798560957624, 39.94948562437554]]}, "properties": {"confidence": "high"}}, {"type": "Feature", "geometry": {"type": "LineString", "coordinates": [[-75.15240532077411, 39.94953383043585], [-75.15240532077411, 39.94947185120921], [-75.15239633762127, 39.94947185120921], [-75.15239633762127, 39.94953383043585], [-75.15240532077411, 39.94953383043585]]}, "properties": {"confidence": "high"}}, {"type": "Feature", "geometry": {"type": "LineString", "coordinates": [[-75.15066258912292, 39.94949251095767], [-75.15066258912292, 39.94947185120921], [-75.15065360597008, 39.94947185120921], [-75.15065360597008, 39.94949251095767], [-75.15066258912292, 39.94949251095767]]}, "properties": {"confidence": "high"}}, {"type": "Feature", "geometry": {"type": "LineString", "coordinates": [[-75.15287244472185, 39.949478737792724], [-75.15287244472185, 39.94947185120921], [-75.1528185458048, 39.94947185120921], [-75.1528185458048, 39.949478737792724], [-75.15287244472185, 39.949478737792724]]}, "properties": {"confidence": "high"}}, {"type": "Feature", "geometry": {"type": "LineString", "coordinates": [[-75.14794069381203, 39.949478737792724], [-75.14794069381203, 39.94947185120921], [-75.14789577804783, 39.94947185120921], [-75.14789577804783, 39.949478737792724], [-75.14794069381203, 39.949478737792724]]}, "properties": {"confidence": "high"}}, {"type": "Feature", "geometry": {"type": "LineString", "coordinates": [[-75.1528185458048, 39.94947185120921], [-75.1528185458048, 39.94946496462501], [-75.1527736300406, 39.94946496462501], [-75.1527736300406, 39.94947185120921], [-75.1528185458048, 39.94947185120921]]}, "properties": {"confidence": "high"}}, {"type": "Feature", "geometry": {"type": "LineString", "coordinates": [[-75.14789577804783, 39.94947185120921], [-75.14789577804783, 39.94946496462501], [-75.14783289597794, 39.94946496462501], [-75.14783289597794, 39.94947185120921], [-75.14789577804783, 39.94947185120921]]}, "properties": {"confidence": "high"}}, {"type": "Feature", "geometry": {"type": "LineString", "coordinates": [[-75.15241430392695, 39.94947185120921], [-75.15241430392695, 39.94945807804011], [-75.15240532077411, 39.94945807804011], [-75.15240532077411, 39.94947185120921], [-75.15241430392695, 39.94947185120921]]}, "properties": {"confidence": "high"}}, {"type": "Feature", "geometry": {"type": "LineString", "coordinates": [[-75.1527736300406, 39.94946496462501], [-75.1527736300406, 39.94945807804011], [-75.15272871427639, 39.94945807804011], [-75.15272871427639, 39.94946496462501], [-75.1527736300406, 39.94946496462501]]}, "properties": {"confidence": "high"}}, {"type": "Feature", "geometry": {"type": "LineString", "coordinates": [[-75.14783289597794, 39.94946496462501], [-75.14783289597794, 39.94945807804011], [-75.1477789970609, 39.94945807804011], [-75.1477789970609, 39.94946496462501], [-75.14783289597794, 39.94946496462501]]}, "properties": {"confidence": "high"}}, {"type": "Feature", "geometry": {"type": "LineString", "coordinates": [[-75.15272871427639, 39.94945807804011], [-75.15272871427639, 39.94945119145452], [-75.15268379851219, 39.94945119145452], [-75.15268379851219, 39.94945807804011], [-75.15272871427639, 39.94945807804011]]}, "properties": {"confidence": "high"}}, {"type": "Feature", "geometry": {"type": "LineString", "coordinates": [[-75.1477789970609, 39.94945807804011], [-75.1477789970609, 39.94945119145452], [-75.14774306444953, 39.94945119145452], [-75.14774306444953, 39.94945807804011], [-75.1477789970609, 39.94945807804011]]}, "properties": {"confidence": "high"}}, {"type": "Feature", "geometry": {"type": "LineString", "coordinates": [[-75.14749153616997, 39.949506284119835], [-75.14749153616997, 39.94944430486824], [-75.14748255301713, 39.94944430486824], [-75.14748255301713, 39.949506284119835], [-75.14749153616997, 39.949506284119835]]}, "properties": {"confidence": "high"}}, {"type": "Feature", "geometry": {"type": "LineString", "coordinates": [[-75.15398635567416, 39.94948562437554], [-75.15398635567416, 39.94944430486824], [-75.15397737252131, 39.94944430486824], [-75.15397737252131, 39.94948562437554], [-75.15398635567416, 39.94948562437554]]}, "properties": {"confidence": "high"}}, {"type": "Feature", "geometry": {"type": "LineString", "coordinates": [[-75.15067157227575, 39.94947185120921], [-75.15067157227575, 39.94944430486824], [-75.15066258912292, 39.94944430486824], [-75.15066258912292, 39.94947185120921], [-75.15067157227575, 39.94947185120921]]}, "properties": {"confidence": "high"}}, {"type": "Feature", "geometry": {"type": "LineString", "coordinates": [[-75.15242328707978, 39.94945807804011], [-75.15242328707978, 39.94944430486824], [-75.15241430392695, 39.94944430486824], [-75.15241430392695, 39.94945807804011], [-75.15242328707978, 39.94945807804011]]}, "properties": {"confidence": "high"}}, {"type": "Feature", "geometry": {"type": "LineString", "coordinates": [[-75.15268379851219, 39.94945119145452], [-75.15268379851219, 39.94944430486824], [-75.15262989959513, 39.94944430486824], [-75.15262989959513, 39.94945119145452], [-75.15268379851219, 39.94945119145452]]}, "properties": {"confidence": "high"}}, {"type": "Feature", "geometry": {"type": "LineString", "coordinates": [[-75.14774306444953, 39.94945119145452], [-75.14774306444953, 39.94944430486824], [-75.14769814868532, 39.94944430486824], [-75.14769814868532, 39.94945119145452], [-75.14774306444953, 39.94945119145452]]}, "properties": {"confidence": "high"}}, {"type": "Feature", "geometry": {"type": "LineString", "coordinates": [[-75.15262989959513, 39.94944430486824], [-75.15262989959513, 39.94943741828126], [-75.15253108491387, 39.94943741828126], [-75.15253108491387, 39.94944430486824], [-75.15262989959513, 39.94944430486824]]}, "properties": {"confidence": "high"}}, {"type": "Feature", "geometry": {"type": "LineString", "coordinates": [[-75.15243227023262, 39.94944430486824], [-75.15243227023262, 39.94943741828126], [-75.15242328707978, 39.94943741828126], [-75.15242328707978, 39.94944430486824], [-75.15243227023262, 39.94944430486824]]}, "properties": {"confidence": "high"}}, {"type": "Feature", "geometry": {"type": "LineString", "coordinates": [[-75.14769814868532, 39.94944430486824], [-75.14769814868532, 39.94943741828126], [-75.14766221607395, 39.94943741828126], [-75.14766221607395, 39.94944430486824], [-75.14769814868532, 39.94944430486824]]}, "properties": {"confidence": "high"}}, {"type": "Feature", "geometry": {"type": "LineString", "coordinates": [[-75.14915341944558, 39.949478737792724], [-75.14915341944558, 39.94943053169359], [-75.14914443629274, 39.94943053169359], [-75.14914443629274, 39.949478737792724], [-75.14915341944558, 39.949478737792724]]}, "properties": {"confidence": "high"}}, {"type": "Feature", "geometry": {"type": "LineString", "coordinates": [[-75.15253108491387, 39.94943741828126], [-75.15253108491387, 39.94943053169359], [-75.15245023653831, 39.94943053169359], [-75.15245023653831, 39.94943741828126], [-75.15253108491387, 39.94943741828126]]}, "properties": {"confidence": "high"}}, {"type": "Feature", "geometry": {"type": "LineString", "coordinates": [[-75.14766221607395, 39.94943741828126], [-75.14766221607395, 39.94943053169359], [-75.1476262834626, 39.94943053169359], [-75.1476262834626, 39.94943741828126], [-75.14766221607395, 39.94943741828126]]}, "properties": {"confidence": "high"}}, {"type": "Feature", "geometry": {"type": "LineString", "coordinates": [[-75.1506805554286, 39.94944430486824], [-75.1506805554286, 39.94942364510523], [-75.15067157227575, 39.94942364510523], [-75.15067157227575, 39.94944430486824], [-75.1506805554286, 39.94944430486824]]}, "properties": {"confidence": "high"}}, {"type": "Feature", "geometry": {"type": "LineString", "coordinates": [[-75.1475005193228, 39.94944430486824], [-75.1475005193228, 39.94942364510523], [-75.14749153616997, 39.94942364510523], [-75.14749153616997, 39.94944430486824], [-75.1475005193228, 39.94944430486824]]}, "properties": {"confidence": "high"}}, {"type": "Feature", "geometry": {"type": "LineString", "coordinates": [[-75.1476262834626, 39.94943053169359], [-75.1476262834626, 39.94942364510523], [-75.14757238454555, 39.94942364510523], [-75.14757238454555, 39.94943053169359], [-75.1476262834626, 39.94943053169359]]}, "properties": {"confidence": "high"}}, {"type": "Feature", "geometry": {"type": "LineString", "coordinates": [[-75.14757238454555, 39.94942364510523], [-75.14757238454555, 39.94941675851617], [-75.14752746878133, 39.94941675851617], [-75.14752746878133, 39.94942364510523], [-75.14757238454555, 39.94942364510523]]}, "properties": {"confidence": "high"}}, {"type": "Feature", "geometry": {"type": "LineString", "coordinates": [[-75.14750950247564, 39.94942364510523], [-75.14750950247564, 39.94941675851617], [-75.1475005193228, 39.94941675851617], [-75.1475005193228, 39.94942364510523], [-75.14750950247564, 39.94942364510523]]}, "properties": {"confidence": "high"}}, {"type": "Feature", "geometry": {"type": "LineString", "coordinates": [[-75.153995338827, 39.94944430486824], [-75.153995338827, 39.94940987192641], [-75.15398635567416, 39.94940987192641], [-75.15398635567416, 39.94944430486824], [-75.153995338827, 39.94944430486824]]}, "properties": {"confidence": "high"}}, {"type": "Feature", "geometry": {"type": "LineString", "coordinates": [[-75.15241430392695, 39.94940987192641], [-75.15241430392695, 39.94940298533597], [-75.15235142185706, 39.94940298533597], [-75.15235142185706, 39.94940987192641], [-75.15241430392695, 39.94940987192641]]}, "properties": {"confidence": "high"}}, {"type": "Feature", "geometry": {"type": "LineString", "coordinates": [[-75.15235142185706, 39.94940298533597], [-75.15235142185706, 39.949396098744835], [-75.15229752294002, 39.949396098744835], [-75.15229752294002, 39.94940298533597], [-75.15235142185706, 39.94940298533597]]}, "properties": {"confidence": "high"}}, {"type": "Feature", "geometry": {"type": "LineString", "coordinates": [[-75.15244125338548, 39.94943741828126], [-75.15244125338548, 39.94943053169359], [-75.15245023653831, 39.94943053169359], [-75.15245023653831, 39.94942364510523], [-75.15244125338548, 39.94942364510523], [-75.15244125338548, 39.94938921215301], [-75.15243227023262, 39.94938921215301], [-75.15243227023262, 39.94940987192641], [-75.15241430392695, 39.94940987192641], [-75.15241430392695, 39.94941675851617], [-75.15243227023262, 39.94941675851617], [-75.15243227023262, 39.94943741828126], [-75.15244125338548, 39.94943741828126]]}, "properties": {"confidence": "high"}}, {"type": "Feature", "geometry": {"type": "LineString", "coordinates": [[-75.15068953858143, 39.94942364510523], [-75.15068953858143, 39.94938921215301], [-75.1506805554286, 39.94938921215301], [-75.1506805554286, 39.94942364510523], [-75.15068953858143, 39.94942364510523]]}, "properties": {"confidence": "high"}}, {"type": "Feature", "geometry": {"type": "LineString", "coordinates": [[-75.15229752294002, 39.949396098744835], [-75.15229752294002, 39.94938921215301], [-75.15224362402297, 39.94938921215301], [-75.15224362402297, 39.949396098744835], [-75.15229752294002, 39.949396098744835]]}, "properties": {"confidence": "high"}}, {"type": "Feature", "geometry": {"type": "LineString", "coordinates": [[-75.15224362402297, 39.94938921215301], [-75.15224362402297, 39.949382325560485], [-75.15215379249456, 39.949382325560485], [-75.15215379249456, 39.94938921215301], [-75.15224362402297, 39.94938921215301]]}, "properties": {"confidence": "high"}}, {"type": "Feature", "geometry": {"type": "LineString", "coordinates": [[-75.15215379249456, 39.949382325560485], [-75.15215379249456, 39.94937543896726], [-75.15209989357751, 39.94937543896726], [-75.15209989357751, 39.949382325560485], [-75.15215379249456, 39.949382325560485]]}, "properties": {"confidence": "high"}}, {"type": "Feature", "geometry": {"type": "LineString", "coordinates": [[-75.15200107889625, 39.949382325560485], [-75.15200107889625, 39.94937543896726], [-75.15191124736783, 39.94937543896726], [-75.15191124736783, 39.949382325560485], [-75.15200107889625, 39.949382325560485]]}, "properties": {"confidence": "high"}}, {"type": "Feature", "geometry": {"type": "LineString", "coordinates": [[-75.15400432197984, 39.94940987192641], [-75.15400432197984, 39.94936855237335], [-75.153995338827, 39.94936855237335], [-75.153995338827, 39.94940987192641], [-75.15400432197984, 39.94940987192641]]}, "properties": {"confidence": "high"}}, {"type": "Feature", "geometry": {"type": "LineString", "coordinates": [[-75.15069852173428, 39.94938921215301], [-75.15069852173428, 39.94936855237335], [-75.15068953858143, 39.94936855237335], [-75.15068953858143, 39.94938921215301], [-75.15069852173428, 39.94938921215301]]}, "properties": {"confidence": "high"}}, {"type": "Feature", "geometry": {"type": "LineString", "coordinates": [[-75.15209989357751, 39.94937543896726], [-75.15209989357751, 39.94936855237335], [-75.15200107889625, 39.94936855237335], [-75.15200107889625, 39.94937543896726], [-75.15209989357751, 39.94937543896726]]}, "properties": {"confidence": "high"}}, {"type": "Feature", "geometry": {"type": "LineString", "coordinates": [[-75.15191124736783, 39.94937543896726], [-75.15191124736783, 39.94936855237335], [-75.15185734845079, 39.94936855237335], [-75.15185734845079, 39.94937543896726], [-75.15191124736783, 39.94937543896726]]}, "properties": {"confidence": "high"}}, {"type": "Feature", "geometry": {"type": "LineString", "coordinates": [[-75.14916240259844, 39.94943053169359], [-75.14916240259844, 39.94936166577875], [-75.14915341944558, 39.94936166577875], [-75.14915341944558, 39.94943053169359], [-75.14916240259844, 39.94943053169359]]}, "properties": {"confidence": "high"}}, {"type": "Feature", "geometry": {"type": "LineString", "coordinates": [[-75.15185734845079, 39.94936855237335], [-75.15185734845079, 39.94936166577875], [-75.1517944663809, 39.94936166577875], [-75.1517944663809, 39.94936855237335], [-75.15185734845079, 39.94936855237335]]}, "properties": {"confidence": "high"}}, {"type": "Feature", "geometry": {"type": "LineString", "coordinates": [[-75.1517944663809, 39.94936166577875], [-75.1517944663809, 39.94935477918345], [-75.15175853376954, 39.94935477918345], [-75.15175853376954, 39.94936166577875], [-75.1517944663809, 39.94936166577875]]}, "properties": {"confidence": "high"}}, {"type": "Feature", "geometry": {"type": "LineString", "coordinates": [[-75.15175853376954, 39.94935477918345], [-75.15175853376954, 39.94934789258746], [-75.15169565169965, 39.94934789258746], [-75.15169565169965, 39.94935477918345], [-75.15175853376954, 39.94935477918345]]}, "properties": {"confidence": "high"}}, {"type": "Feature", "geometry": {"type": "LineString", "coordinates": [[-75.15169565169965, 39.94934789258746], [-75.15169565169965, 39.94934100599077], [-75.15161480332408, 39.94934100599077], [-75.15161480332408, 39.94934789258746], [-75.15169565169965, 39.94934789258746]]}, "properties": {"confidence": "high"}}, {"type": "Feature", "geometry": {"type": "LineString", "coordinates": [[-75.15401330513268, 39.94936855237335], [-75.15401330513268, 39.9493341193934], [-75.15400432197984, 39.9493341193934], [-75.15400432197984, 39.94936855237335], [-75.15401330513268, 39.94936855237335]]}, "properties": {"confidence": "high"}}, {"type": "Feature", "geometry": {"type": "LineString", "coordinates": [[-75.15161480332408, 39.94934100599077], [-75.15161480332408, 39.9493341193934], [-75.15156090440703, 39.9493341193934], [-75.15156090440703, 39.94934100599077], [-75.15161480332408, 39.94934100599077]]}, "properties": {"confidence": "high"}}, {"type": "Feature", "geometry": {"type": "LineString", "coordinates": [[-75.15070750488712, 39.94936855237335], [-75.15070750488712, 39.949327232795326], [-75.15069852173428, 39.949327232795326], [-75.15069852173428, 39.94936855237335], [-75.15070750488712, 39.94936855237335]]}, "properties": {"confidence": "high"}}, {"type": "Feature", "geometry": {"type": "LineString", "coordinates": [[-75.15156090440703, 39.9493341193934], [-75.15156090440703, 39.949327232795326], [-75.15152497179568, 39.949327232795326], [-75.15152497179568, 39.9493341193934], [-75.15156090440703, 39.9493341193934]]}, "properties": {"confidence": "high"}}, {"type": "Feature", "geometry": {"type": "LineString", "coordinates": [[-75.15245023653831, 39.94938921215301], [-75.15245023653831, 39.949320346196565], [-75.15244125338548, 39.949320346196565], [-75.15244125338548, 39.94938921215301], [-75.15245023653831, 39.94938921215301]]}, "properties": {"confidence": "high"}}, {"type": "Feature", "geometry": {"type": "LineString", "coordinates": [[-75.14917138575127, 39.94936166577875], [-75.14917138575127, 39.949320346196565], [-75.14916240259844, 39.949320346196565], [-75.14916240259844, 39.94936166577875], [-75.14917138575127, 39.94936166577875]]}, "properties": {"confidence": "high"}}, {"type": "Feature", "geometry": {"type": "LineString", "coordinates": [[-75.15152497179568, 39.949327232795326], [-75.15152497179568, 39.949320346196565], [-75.1514890391843, 39.949320346196565], [-75.1514890391843, 39.949327232795326], [-75.15152497179568, 39.949327232795326]]}, "properties": {"confidence": "high"}}, {"type": "Feature", "geometry": {"type": "LineString", "coordinates": [[-75.1514890391843, 39.949320346196565], [-75.1514890391843, 39.94931345959711], [-75.15146208972577, 39.94931345959711], [-75.15146208972577, 39.949320346196565], [-75.1514890391843, 39.949320346196565]]}, "properties": {"confidence": "high"}}, {"type": "Feature", "geometry": {"type": "LineString", "coordinates": [[-75.15146208972577, 39.94931345959711], [-75.15146208972577, 39.94930657299696], [-75.15143514026725, 39.94930657299696], [-75.15143514026725, 39.94931345959711], [-75.15146208972577, 39.94931345959711]]}, "properties": {"confidence": "high"}}, {"type": "Feature", "geometry": {"type": "LineString", "coordinates": [[-75.15143514026725, 39.94930657299696], [-75.15143514026725, 39.94929968639612], [-75.15141717396158, 39.94929968639612], [-75.15141717396158, 39.94930657299696], [-75.15143514026725, 39.94930657299696]]}, "properties": {"confidence": "high"}}, {"type": "Feature", "geometry": {"type": "LineString", "coordinates": [[-75.15141717396158, 39.94929968639612], [-75.15141717396158, 39.94929279979458], [-75.15137225819737, 39.94929279979458], [-75.15137225819737, 39.94929968639612], [-75.15141717396158, 39.94929968639612]]}, "properties": {"confidence": "high"}}, {"type": "Feature", "geometry": {"type": "LineString", "coordinates": [[-75.15402228828552, 39.9493341193934], [-75.15402228828552, 39.94928591319235], [-75.15401330513268, 39.94928591319235], [-75.15401330513268, 39.9493341193934], [-75.15402228828552, 39.9493341193934]]}, "properties": {"confidence": "high"}}, {"type": "Feature", "geometry": {"type": "LineString", "coordinates": [[-75.15071648803996, 39.949327232795326], [-75.15071648803996, 39.94928591319235], [-75.15070750488712, 39.94928591319235], [-75.15070750488712, 39.949327232795326], [-75.15071648803996, 39.949327232795326]]}, "properties": {"confidence": "high"}}, {"type": "Feature", "geometry": {"type": "LineString", "coordinates": [[-75.15137225819737, 39.94929279979458], [-75.15137225819737, 39.94928591319235], [-75.15128242666896, 39.94928591319235], [-75.15128242666896, 39.94929279979458], [-75.15137225819737, 39.94929279979458]]}, "properties": {"confidence": "high"}}, {"type": "Feature", "geometry": {"type": "LineString", "coordinates": [[-75.14918036890411, 39.949320346196565], [-75.14918036890411, 39.94927902658942], [-75.14917138575127, 39.94927902658942], [-75.14917138575127, 39.949320346196565], [-75.14918036890411, 39.949320346196565]]}, "properties": {"confidence": "high"}}, {"type": "Feature", "geometry": {"type": "LineString", "coordinates": [[-75.15128242666896, 39.94928591319235], [-75.15128242666896, 39.94927902658942], [-75.15121954459907, 39.94927902658942], [-75.15121954459907, 39.94928591319235], [-75.15128242666896, 39.94928591319235]]}, "properties": {"confidence": "high"}}, {"type": "Feature", "geometry": {"type": "LineString", "coordinates": [[-75.15121954459907, 39.94927902658942], [-75.15121954459907, 39.9492721399858], [-75.15114767937634, 39.9492721399858], [-75.15114767937634, 39.94927902658942], [-75.15121954459907, 39.94927902658942]]}, "properties": {"confidence": "high"}}, {"type": "Feature", "geometry": {"type": "LineString", "coordinates": [[-75.15114767937634, 39.9492721399858], [-75.15114767937634, 39.9492652533815], [-75.15109378045929, 39.9492652533815], [-75.15109378045929, 39.9492721399858], [-75.15114767937634, 39.9492721399858]]}, "properties": {"confidence": "high"}}, {"type": "Feature", "geometry": {"type": "LineString", "coordinates": [[-75.15109378045929, 39.9492652533815], [-75.15109378045929, 39.94925836677649], [-75.15100394893088, 39.94925836677649], [-75.15100394893088, 39.9492652533815], [-75.15109378045929, 39.9492652533815]]}, "properties": {"confidence": "high"}}, {"type": "Feature", "geometry": {"type": "LineString", "coordinates": [[-75.1507254711928, 39.94928591319235], [-75.1507254711928, 39.9492514801708], [-75.15071648803996, 39.9492514801708], [-75.15071648803996, 39.94928591319235], [-75.1507254711928, 39.94928591319235]]}, "properties": {"confidence": "high"}}, {"type": "Feature", "geometry": {"type": "LineString", "coordinates": [[-75.15100394893088, 39.94925836677649], [-75.15100394893088, 39.9492514801708], [-75.15095005001383, 39.9492514801708], [-75.15095005001383, 39.94925836677649], [-75.15100394893088, 39.94925836677649]]}, "properties": {"confidence": "high"}}, {"type": "Feature", "geometry": {"type": "LineString", "coordinates": [[-75.15403127143836, 39.94928591319235], [-75.15403127143836, 39.94924459356441], [-75.15402228828552, 39.94924459356441], [-75.15402228828552, 39.94928591319235], [-75.15403127143836, 39.94928591319235]]}, "properties": {"confidence": "high"}}, {"type": "Feature", "geometry": {"type": "LineString", "coordinates": [[-75.15095005001383, 39.9492514801708], [-75.15095005001383, 39.94924459356441], [-75.15086920163826, 39.94924459356441], [-75.15086920163826, 39.9492514801708], [-75.15095005001383, 39.9492514801708]]}, "properties": {"confidence": "high"}}, {"type": "Feature", "geometry": {"type": "LineString", "coordinates": [[-75.15245921969115, 39.949320346196565], [-75.15245921969115, 39.94923770695732], [-75.15245023653831, 39.94923770695732], [-75.15245023653831, 39.949320346196565], [-75.15245921969115, 39.949320346196565]]}, "properties": {"confidence": "high"}}, {"type": "Feature", "geometry": {"type": "LineString", "coordinates": [[-75.14918935205695, 39.94927902658942], [-75.14918935205695, 39.94923770695732], [-75.14918036890411, 39.94923770695732], [-75.14918036890411, 39.94927902658942], [-75.14918935205695, 39.94927902658942]]}, "properties": {"confidence": "high"}}, {"type": "Feature", "geometry": {"type": "LineString", "coordinates": [[-75.15073445434564, 39.9492514801708], [-75.15073445434564, 39.94923770695732], [-75.1507254711928, 39.94923770695732], [-75.1507254711928, 39.9492514801708], [-75.15073445434564, 39.9492514801708]]}, "properties": {"confidence": "high"}}, {"type": "Feature", "geometry": {"type": "LineString", "coordinates": [[-75.15086920163826, 39.94924459356441], [-75.15086920163826, 39.94923770695732], [-75.15083326902689, 39.94923770695732], [-75.15083326902689, 39.94924459356441], [-75.15086920163826, 39.94924459356441]]}, "properties": {"confidence": "high"}}, {"type": "Feature", "geometry": {"type": "LineString", "coordinates": [[-75.15083326902689, 39.94923770695732], [-75.15083326902689, 39.94923082034955], [-75.15082428587405, 39.94923082034955], [-75.15082428587405, 39.94923770695732], [-75.15083326902689, 39.94923770695732]]}, "properties": {"confidence": "high"}}, {"type": "Feature", "geometry": {"type": "LineString", "coordinates": [[-75.15080631956837, 39.94923770695732], [-75.15080631956837, 39.94923082034955], [-75.15073445434564, 39.94923082034955], [-75.15073445434564, 39.94923770695732], [-75.15080631956837, 39.94923770695732]]}, "properties": {"confidence": "high"}}, {"type": "Feature", "geometry": {"type": "LineString", "coordinates": [[-75.14752746878133, 39.94941675851617], [-75.14752746878133, 39.94940987192641], [-75.1475184856285, 39.94940987192641], [-75.1475184856285, 39.949223933741074], [-75.14750950247564, 39.949223933741074], [-75.14750950247564, 39.94941675851617], [-75.14752746878133, 39.94941675851617]]}, "properties": {"confidence": "high"}}, {"type": "Feature", "geometry": {"type": "LineString", "coordinates": [[-75.15073445434564, 39.94923082034955], [-75.15073445434564, 39.949223933741074], [-75.15071648803996, 39.949223933741074], [-75.15071648803996, 39.94923082034955], [-75.15073445434564, 39.94923082034955]]}, "properties": {"confidence": "high"}}, {"type": "Feature", "geometry": {"type": "LineString", "coordinates": [[-75.15071648803996, 39.949223933741074], [-75.15071648803996, 39.94921704713191], [-75.15069852173428, 39.94921704713191], [-75.15069852173428, 39.949223933741074], [-75.15071648803996, 39.949223933741074]]}, "properties": {"confidence": "high"}}, {"type": "Feature", "geometry": {"type": "LineString", "coordinates": [[-75.14752746878133, 39.949223933741074], [-75.14752746878133, 39.949210160522064], [-75.1475184856285, 39.949210160522064], [-75.1475184856285, 39.949223933741074], [-75.14752746878133, 39.949223933741074]]}, "properties": {"confidence": "high"}}, {"type": "Feature", "geometry": {"type": "LineString", "coordinates": [[-75.15069852173428, 39.94921704713191], [-75.15069852173428, 39.949210160522064], [-75.15064462281723, 39.949210160522064], [-75.15064462281723, 39.94921704713191], [-75.15069852173428, 39.94921704713191]]}, "properties": {"confidence": "high"}}, {"type": "Feature", "geometry": {"type": "LineString", "coordinates": [[-75.15082428587405, 39.94923082034955], [-75.15082428587405, 39.94920327391151], [-75.15081530272121, 39.94920327391151], [-75.15081530272121, 39.949223933741074], [-75.15080631956837, 39.949223933741074], [-75.15080631956837, 39.94923082034955], [-75.15082428587405, 39.94923082034955]]}, "properties": {"confidence": "high"}}, {"type": "Feature", "geometry": {"type": "LineString", "coordinates": [[-75.15064462281723, 39.949210160522064], [-75.15064462281723, 39.94920327391151], [-75.15058174074734, 39.94920327391151], [-75.15058174074734, 39.949210160522064], [-75.15064462281723, 39.949210160522064]]}, "properties": {"confidence": "high"}}, {"type": "Feature", "geometry": {"type": "LineString", "coordinates": [[-75.15246820284399, 39.94923770695732], [-75.15246820284399, 39.94919638730027], [-75.15245921969115, 39.94919638730027], [-75.15245921969115, 39.94923770695732], [-75.15246820284399, 39.94923770695732]]}, "properties": {"confidence": "high"}}, {"type": "Feature", "geometry": {"type": "LineString", "coordinates": [[-75.14753645193419, 39.949210160522064], [-75.14753645193419, 39.94919638730027], [-75.14752746878133, 39.94919638730027], [-75.14752746878133, 39.949210160522064], [-75.14753645193419, 39.949210160522064]]}, "properties": {"confidence": "high"}}, {"type": "Feature", "geometry": {"type": "LineString", "coordinates": [[-75.15058174074734, 39.94920327391151], [-75.15058174074734, 39.94919638730027], [-75.15051885867746, 39.94919638730027], [-75.15051885867746, 39.94920327391151], [-75.15058174074734, 39.94920327391151]]}, "properties": {"confidence": "high"}}, {"type": "Feature", "geometry": {"type": "LineString", "coordinates": [[-75.15404025459121, 39.94924459356441], [-75.15404025459121, 39.949189500688334], [-75.15403127143836, 39.949189500688334], [-75.15403127143836, 39.94924459356441], [-75.15404025459121, 39.94924459356441]]}, "properties": {"confidence": "high"}}, {"type": "Feature", "geometry": {"type": "LineString", "coordinates": [[-75.15051885867746, 39.94919638730027], [-75.15051885867746, 39.949189500688334], [-75.15048292606609, 39.949189500688334], [-75.15048292606609, 39.94919638730027], [-75.15051885867746, 39.94919638730027]]}, "properties": {"confidence": "high"}}, {"type": "Feature", "geometry": {"type": "LineString", "coordinates": [[-75.15048292606609, 39.949189500688334], [-75.15048292606609, 39.9491826140757], [-75.15044699345474, 39.9491826140757], [-75.15044699345474, 39.949189500688334], [-75.15048292606609, 39.949189500688334]]}, "properties": {"confidence": "high"}}, {"type": "Feature", "geometry": {"type": "LineString", "coordinates": [[-75.14919833520979, 39.94923770695732], [-75.14919833520979, 39.94917572746238], [-75.14918935205695, 39.94917572746238], [-75.14918935205695, 39.94923770695732], [-75.14919833520979, 39.94923770695732]]}, "properties": {"confidence": "high"}}, {"type": "Feature", "geometry": {"type": "LineString", "coordinates": [[-75.15044699345474, 39.9491826140757], [-75.15044699345474, 39.94917572746238], [-75.15041106084337, 39.94917572746238], [-75.15041106084337, 39.9491826140757], [-75.15044699345474, 39.9491826140757]]}, "properties": {"confidence": "high"}}, {"type": "Feature", "geometry": {"type": "LineString", "coordinates": [[-75.14754543508703, 39.94919638730027], [-75.14754543508703, 39.949168840848365], [-75.14753645193419, 39.949168840848365], [-75.14753645193419, 39.94919638730027], [-75.14754543508703, 39.94919638730027]]}, "properties": {"confidence": "high"}}, {"type": "Feature", "geometry": {"type": "LineString", "coordinates": [[-75.15041106084337, 39.94917572746238], [-75.15041106084337, 39.949168840848365], [-75.150375128232, 39.949168840848365], [-75.150375128232, 39.94917572746238], [-75.15041106084337, 39.94917572746238]]}, "properties": {"confidence": "high"}}, {"type": "Feature", "geometry": {"type": "LineString", "coordinates": [[-75.15247718599683, 39.94919638730027], [-75.15247718599683, 39.94916195423365], [-75.15246820284399, 39.94916195423365], [-75.15246820284399, 39.94919638730027], [-75.15247718599683, 39.94919638730027]]}, "properties": {"confidence": "high"}}, {"type": "Feature", "geometry": {"type": "LineString", "coordinates": [[-75.150375128232, 39.949168840848365], [-75.150375128232, 39.94916195423365], [-75.15032122931494, 39.94916195423365], [-75.15032122931494, 39.949168840848365], [-75.150375128232, 39.949168840848365]]}, "properties": {"confidence": "high"}}, {"type": "Feature", "geometry": {"type": "LineString", "coordinates": [[-75.15032122931494, 39.94916195423365], [-75.15032122931494, 39.94915506761825], [-75.15025834724506, 39.94915506761825], [-75.15025834724506, 39.94916195423365], [-75.15032122931494, 39.94916195423365]]}, "properties": {"confidence": "high"}}, {"type": "Feature", "geometry": {"type": "LineString", "coordinates": [[-75.15083326902689, 39.94920327391151], [-75.15083326902689, 39.94914818100215], [-75.15082428587405, 39.94914818100215], [-75.15082428587405, 39.94920327391151], [-75.15083326902689, 39.94920327391151]]}, "properties": {"confidence": "high"}}, {"type": "Feature", "geometry": {"type": "LineString", "coordinates": [[-75.15651960477537, 39.94915506761825], [-75.15651960477537, 39.94914818100215], [-75.156483672164, 39.94914818100215], [-75.156483672164, 39.94915506761825], [-75.15651960477537, 39.94915506761825]]}, "properties": {"confidence": "high"}}, {"type": "Feature", "geometry": {"type": "LineString", "coordinates": [[-75.15025834724506, 39.94915506761825], [-75.15025834724506, 39.94914818100215], [-75.15019546517517, 39.94914818100215], [-75.15019546517517, 39.94915506761825], [-75.15025834724506, 39.94915506761825]]}, "properties": {"confidence": "high"}}, {"type": "Feature", "geometry": {"type": "LineString", "coordinates": [[-75.14755441823986, 39.949168840848365], [-75.14755441823986, 39.94914129438536], [-75.14754543508703, 39.94914129438536], [-75.14754543508703, 39.949168840848365], [-75.14755441823986, 39.949168840848365]]}, "properties": {"confidence": "high"}}, {"type": "Feature", "geometry": {"type": "LineString", "coordinates": [[-75.156483672164, 39.94914818100215], [-75.156483672164, 39.94914129438536], [-75.1564387563998, 39.94914129438536], [-75.1564387563998, 39.94914818100215], [-75.156483672164, 39.94914818100215]]}, "properties": {"confidence": "high"}}, {"type": "Feature", "geometry": {"type": "LineString", "coordinates": [[-75.15019546517517, 39.94914818100215], [-75.15019546517517, 39.94914129438536], [-75.15012359995244, 39.94914129438536], [-75.15012359995244, 39.94914818100215], [-75.15019546517517, 39.94914818100215]]}, "properties": {"confidence": "high"}}, {"type": "Feature", "geometry": {"type": "LineString", "coordinates": [[-75.15404923774405, 39.949189500688334], [-75.15404923774405, 39.949134407767886], [-75.15404025459121, 39.949134407767886], [-75.15404025459121, 39.949189500688334], [-75.15404923774405, 39.949189500688334]]}, "properties": {"confidence": "high"}}, {"type": "Feature", "geometry": {"type": "LineString", "coordinates": [[-75.1564387563998, 39.94914129438536], [-75.1564387563998, 39.949134407767886], [-75.1563938406356, 39.949134407767886], [-75.1563938406356, 39.94914129438536], [-75.1564387563998, 39.94914129438536]]}, "properties": {"confidence": "high"}}, {"type": "Feature", "geometry": {"type": "LineString", "coordinates": [[-75.15012359995244, 39.94914129438536], [-75.15012359995244, 39.949134407767886], [-75.15006071788255, 39.949134407767886], [-75.15006071788255, 39.94914129438536], [-75.15012359995244, 39.94914129438536]]}, "properties": {"confidence": "high"}}, {"type": "Feature", "geometry": {"type": "LineString", "coordinates": [[-75.14920731836264, 39.94917572746238], [-75.14920731836264, 39.949127521149705], [-75.14919833520979, 39.949127521149705], [-75.14919833520979, 39.94917572746238], [-75.14920731836264, 39.94917572746238]]}, "properties": {"confidence": "high"}}, {"type": "Feature", "geometry": {"type": "LineString", "coordinates": [[-75.1563938406356, 39.949134407767886], [-75.1563938406356, 39.949127521149705], [-75.1563489248714, 39.949127521149705], [-75.1563489248714, 39.949134407767886], [-75.1563938406356, 39.949134407767886]]}, "properties": {"confidence": "high"}}, {"type": "Feature", "geometry": {"type": "LineString", "coordinates": [[-75.15006071788255, 39.949134407767886], [-75.15006071788255, 39.949127521149705], [-75.14999783581267, 39.949127521149705], [-75.14999783581267, 39.949134407767886], [-75.15006071788255, 39.949134407767886]]}, "properties": {"confidence": "high"}}, {"type": "Feature", "geometry": {"type": "LineString", "coordinates": [[-75.1563489248714, 39.949127521149705], [-75.1563489248714, 39.949120634530836], [-75.15629502595435, 39.949120634530836], [-75.15629502595435, 39.949127521149705], [-75.1563489248714, 39.949127521149705]]}, "properties": {"confidence": "high"}}, {"type": "Feature", "geometry": {"type": "LineString", "coordinates": [[-75.14999783581267, 39.949127521149705], [-75.14999783581267, 39.949120634530836], [-75.14994393689562, 39.949120634530836], [-75.14994393689562, 39.949127521149705], [-75.14999783581267, 39.949127521149705]]}, "properties": {"confidence": "high"}}, {"type": "Feature", "geometry": {"type": "LineString", "coordinates": [[-75.15629502595435, 39.949120634530836], [-75.15629502595435, 39.94911374791127], [-75.15621417757878, 39.94911374791127], [-75.15621417757878, 39.949120634530836], [-75.15629502595435, 39.949120634530836]]}, "properties": {"confidence": "high"}}, {"type": "Feature", "geometry": {"type": "LineString", "coordinates": [[-75.14994393689562, 39.949120634530836], [-75.14994393689562, 39.94911374791127], [-75.14989003797858, 39.94911374791127], [-75.14989003797858, 39.949120634530836], [-75.14994393689562, 39.949120634530836]]}, "properties": {"confidence": "high"}}, {"type": "Feature", "geometry": {"type": "LineString", "coordinates": [[-75.15248616914967, 39.94916195423365], [-75.15248616914967, 39.949106861291014], [-75.15247718599683, 39.949106861291014], [-75.15247718599683, 39.94916195423365], [-75.15248616914967, 39.94916195423365]]}, "properties": {"confidence": "high"}}, {"type": "Feature", "geometry": {"type": "LineString", "coordinates": [[-75.15621417757878, 39.94911374791127], [-75.15621417757878, 39.949106861291014], [-75.15616027866173, 39.949106861291014], [-75.15616027866173, 39.94911374791127], [-75.15621417757878, 39.94911374791127]]}, "properties": {"confidence": "high"}}, {"type": "Feature", "geometry": {"type": "LineString", "coordinates": [[-75.14989003797858, 39.94911374791127], [-75.14989003797858, 39.949106861291014], [-75.14983613906153, 39.949106861291014], [-75.14983613906153, 39.94911374791127], [-75.14989003797858, 39.94911374791127]]}, "properties": {"confidence": "high"}}, {"type": "Feature", "geometry": {"type": "LineString", "coordinates": [[-75.15616027866173, 39.949106861291014], [-75.15616027866173, 39.94909997467007], [-75.15610637974468, 39.94909997467007], [-75.15610637974468, 39.949106861291014], [-75.15616027866173, 39.949106861291014]]}, "properties": {"confidence": "high"}}, {"type": "Feature", "geometry": {"type": "LineString", "coordinates": [[-75.14983613906153, 39.949106861291014], [-75.14983613906153, 39.94909997467007], [-75.14978224014448, 39.94909997467007], [-75.14978224014448, 39.949106861291014], [-75.14983613906153, 39.949106861291014]]}, "properties": {"confidence": "high"}}, {"type": "Feature", "geometry": {"type": "LineString", "coordinates": [[-75.15405822089689, 39.949134407767886], [-75.15405822089689, 39.94909308804842], [-75.15404923774405, 39.94909308804842], [-75.15404923774405, 39.949134407767886], [-75.15405822089689, 39.949134407767886]]}, "properties": {"confidence": "high"}}, {"type": "Feature", "geometry": {"type": "LineString", "coordinates": [[-75.15610637974468, 39.94909997467007], [-75.15610637974468, 39.94909308804842], [-75.15607044713332, 39.94909308804842], [-75.15607044713332, 39.94909997467007], [-75.15610637974468, 39.94909997467007]]}, "properties": {"confidence": "high"}}, {"type": "Feature", "geometry": {"type": "LineString", "coordinates": [[-75.14978224014448, 39.94909997467007], [-75.14978224014448, 39.94909308804842], [-75.14972834122743, 39.94909308804842], [-75.14972834122743, 39.94909997467007], [-75.14978224014448, 39.94909997467007]]}, "properties": {"confidence": "high"}}, {"type": "Feature", "geometry": {"type": "LineString", "coordinates": [[-75.1475634013927, 39.94914129438536], [-75.1475634013927, 39.94908620142609], [-75.14755441823986, 39.94908620142609], [-75.14755441823986, 39.94914129438536], [-75.1475634013927, 39.94914129438536]]}, "properties": {"confidence": "high"}}, {"type": "Feature", "geometry": {"type": "LineString", "coordinates": [[-75.15607044713332, 39.94909308804842], [-75.15607044713332, 39.94908620142609], [-75.15603451452195, 39.94908620142609], [-75.15603451452195, 39.94909308804842], [-75.15607044713332, 39.94909308804842]]}, "properties": {"confidence": "high"}}, {"type": "Feature", "geometry": {"type": "LineString", "coordinates": [[-75.14972834122743, 39.94909308804842], [-75.14972834122743, 39.94908620142609], [-75.14969240861606, 39.94908620142609], [-75.14969240861606, 39.94909308804842], [-75.14972834122743, 39.94909308804842]]}, "properties": {"confidence": "high"}}, {"type": "Feature", "geometry": {"type": "LineString", "coordinates": [[-75.15603451452195, 39.94908620142609], [-75.15603451452195, 39.94907931480306], [-75.15597163245205, 39.94907931480306], [-75.15597163245205, 39.94908620142609], [-75.15603451452195, 39.94908620142609]]}, "properties": {"confidence": "high"}}, {"type": "Feature", "geometry": {"type": "LineString", "coordinates": [[-75.14969240861606, 39.94908620142609], [-75.14969240861606, 39.94907931480306], [-75.14963850969902, 39.94907931480306], [-75.14963850969902, 39.94908620142609], [-75.14969240861606, 39.94908620142609]]}, "properties": {"confidence": "high"}}, {"type": "Feature", "geometry": {"type": "LineString", "coordinates": [[-75.15084225217973, 39.94914818100215], [-75.15084225217973, 39.949072428179335], [-75.15083326902689, 39.949072428179335], [-75.15083326902689, 39.94914818100215], [-75.15084225217973, 39.94914818100215]]}, "properties": {"confidence": "high"}}, {"type": "Feature", "geometry": {"type": "LineString", "coordinates": [[-75.15597163245205, 39.94907931480306], [-75.15597163245205, 39.949072428179335], [-75.15590875038217, 39.949072428179335], [-75.15590875038217, 39.94907931480306], [-75.15597163245205, 39.94907931480306]]}, "properties": {"confidence": "high"}}, {"type": "Feature", "geometry": {"type": "LineString", "coordinates": [[-75.14963850969902, 39.94907931480306], [-75.14963850969902, 39.949072428179335], [-75.14960257708765, 39.949072428179335], [-75.14960257708765, 39.94907931480306], [-75.14963850969902, 39.94907931480306]]}, "properties": {"confidence": "high"}}, {"type": "Feature", "geometry": {"type": "LineString", "coordinates": [[-75.15590875038217, 39.949072428179335], [-75.15590875038217, 39.94906554155492], [-75.15583688515945, 39.94906554155492], [-75.15583688515945, 39.949072428179335], [-75.15590875038217, 39.949072428179335]]}, "properties": {"confidence": "high"}}, {"type": "Feature", "geometry": {"type": "LineString", "coordinates": [[-75.14960257708765, 39.949072428179335], [-75.14960257708765, 39.94906554155492], [-75.14955766132344, 39.94906554155492], [-75.14955766132344, 39.949072428179335], [-75.14960257708765, 39.949072428179335]]}, "properties": {"confidence": "high"}}, {"type": "Feature", "geometry": {"type": "LineString", "coordinates": [[-75.14921630151548, 39.949127521149705], [-75.14921630151548, 39.949058654929814], [-75.14920731836264, 39.949058654929814], [-75.14920731836264, 39.949127521149705], [-75.14921630151548, 39.949127521149705]]}, "properties": {"confidence": "high"}}, {"type": "Feature", "geometry": {"type": "LineString", "coordinates": [[-75.15583688515945, 39.94906554155492], [-75.15583688515945, 39.949058654929814], [-75.15579196939524, 39.949058654929814], [-75.15579196939524, 39.94906554155492], [-75.15583688515945, 39.94906554155492]]}, "properties": {"confidence": "high"}}, {"type": "Feature", "geometry": {"type": "LineString", "coordinates": [[-75.14955766132344, 39.94906554155492], [-75.14955766132344, 39.949058654929814], [-75.1495037624064, 39.949058654929814], [-75.1495037624064, 39.94906554155492], [-75.14955766132344, 39.94906554155492]]}, "properties": {"confidence": "high"}}, {"type": "Feature", "geometry": {"type": "LineString", "coordinates": [[-75.15579196939524, 39.949058654929814], [-75.15579196939524, 39.94905176830401], [-75.15574705363103, 39.94905176830401], [-75.15574705363103, 39.949058654929814], [-75.15579196939524, 39.949058654929814]]}, "properties": {"confidence": "high"}}, {"type": "Feature", "geometry": {"type": "LineString", "coordinates": [[-75.1495037624064, 39.949058654929814], [-75.1495037624064, 39.94905176830401], [-75.14944088033651, 39.94905176830401], [-75.14944088033651, 39.949058654929814], [-75.1495037624064, 39.949058654929814]]}, "properties": {"confidence": "high"}}, {"type": "Feature", "geometry": {"type": "LineString", "coordinates": [[-75.15085123533258, 39.949072428179335], [-75.15085123533258, 39.94904488167751], [-75.15084225217973, 39.94904488167751], [-75.15084225217973, 39.949072428179335], [-75.15085123533258, 39.949072428179335]]}, "properties": {"confidence": "high"}}, {"type": "Feature", "geometry": {"type": "LineString", "coordinates": [[-75.15574705363103, 39.94905176830401], [-75.15574705363103, 39.94904488167751], [-75.15571112101966, 39.94904488167751], [-75.15571112101966, 39.94905176830401], [-75.15574705363103, 39.94905176830401]]}, "properties": {"confidence": "high"}}, {"type": "Feature", "geometry": {"type": "LineString", "coordinates": [[-75.14944088033651, 39.94905176830401], [-75.14944088033651, 39.94904488167751], [-75.1493510488081, 39.94904488167751], [-75.1493510488081, 39.94905176830401], [-75.14944088033651, 39.94905176830401]]}, "properties": {"confidence": "high"}}, {"type": "Feature", "geometry": {"type": "LineString", "coordinates": [[-75.15571112101966, 39.94904488167751], [-75.15571112101966, 39.949037995050325], [-75.15565722210262, 39.949037995050325], [-75.15565722210262, 39.94904488167751], [-75.15571112101966, 39.94904488167751]]}, "properties": {"confidence": "high"}}, {"type": "Feature", "geometry": {"type": "LineString", "coordinates": [[-75.1493510488081, 39.94904488167751], [-75.1493510488081, 39.949037995050325], [-75.14925223412685, 39.949037995050325], [-75.14925223412685, 39.94904488167751], [-75.1493510488081, 39.94904488167751]]}, "properties": {"confidence": "high"}}, {"type": "Feature", "geometry": {"type": "LineString", "coordinates": [[-75.15565722210262, 39.949037995050325], [-75.15565722210262, 39.949031108422446], [-75.1555853568799, 39.949031108422446], [-75.1555853568799, 39.949037995050325], [-75.15565722210262, 39.949037995050325]]}, "properties": {"confidence": "high"}}, {"type": "Feature", "geometry": {"type": "LineString", "coordinates": [[-75.15249515230252, 39.949106861291014], [-75.15249515230252, 39.94902422179387], [-75.15248616914967, 39.94902422179387], [-75.15248616914967, 39.949106861291014], [-75.15249515230252, 39.949106861291014]]}, "properties": {"confidence": "high"}}, {"type": "Feature", "geometry": {"type": "LineString", "coordinates": [[-75.15406720404972, 39.94909308804842], [-75.15406720404972, 39.94902422179387], [-75.15405822089689, 39.94902422179387], [-75.15405822089689, 39.94909308804842], [-75.15406720404972, 39.94909308804842]]}, "properties": {"confidence": "high"}}, {"type": "Feature", "geometry": {"type": "LineString", "coordinates": [[-75.14757238454555, 39.94908620142609], [-75.14757238454555, 39.94902422179387], [-75.1475634013927, 39.94902422179387], [-75.1475634013927, 39.94908620142609], [-75.14757238454555, 39.94908620142609]]}, "properties": {"confidence": "high"}}, {"type": "Feature", "geometry": {"type": "LineString", "coordinates": [[-75.1555853568799, 39.949031108422446], [-75.1555853568799, 39.94902422179387], [-75.15553145796285, 39.94902422179387], [-75.15553145796285, 39.949031108422446], [-75.1555853568799, 39.949031108422446]]}, "properties": {"confidence": "high"}}, {"type": "Feature", "geometry": {"type": "LineString", "coordinates": [[-75.15553145796285, 39.94902422179387], [-75.15553145796285, 39.9490173351646], [-75.15544162643442, 39.9490173351646], [-75.15544162643442, 39.94902422179387], [-75.15553145796285, 39.94902422179387]]}, "properties": {"confidence": "high"}}, {"type": "Feature", "geometry": {"type": "LineString", "coordinates": [[-75.14922528466832, 39.949058654929814], [-75.14922528466832, 39.949037995050325], [-75.14925223412685, 39.949037995050325], [-75.14925223412685, 39.949031108422446], [-75.14922528466832, 39.949031108422446], [-75.14922528466832, 39.94901044853464], [-75.14921630151548, 39.94901044853464], [-75.14921630151548, 39.9490173351646], [-75.1491354531399, 39.9490173351646], [-75.1491354531399, 39.94902422179387], [-75.14921630151548, 39.94902422179387], [-75.14921630151548, 39.949058654929814], [-75.14922528466832, 39.949058654929814]]}, "properties": {"confidence": "high"}}, {"type": "Feature", "geometry": {"type": "LineString", "coordinates": [[-75.15544162643442, 39.9490173351646], [-75.15544162643442, 39.94901044853464], [-75.15536077805885, 39.94901044853464], [-75.15536077805885, 39.9490173351646], [-75.15544162643442, 39.9490173351646]]}, "properties": {"confidence": "high"}}, {"type": "Feature", "geometry": {"type": "LineString", "coordinates": [[-75.1491354531399, 39.9490173351646], [-75.1491354531399, 39.94901044853464], [-75.14904562161149, 39.94901044853464], [-75.14904562161149, 39.9490173351646], [-75.1491354531399, 39.9490173351646]]}, "properties": {"confidence": "high"}}, {"type": "Feature", "geometry": {"type": "LineString", "coordinates": [[-75.15086021848542, 39.94904488167751], [-75.15086021848542, 39.949003561903986], [-75.15085123533258, 39.949003561903986], [-75.15085123533258, 39.94904488167751], [-75.15086021848542, 39.94904488167751]]}, "properties": {"confidence": "high"}}, {"type": "Feature", "geometry": {"type": "LineString", "coordinates": [[-75.15536077805885, 39.94901044853464], [-75.15536077805885, 39.949003561903986], [-75.15527992968329, 39.949003561903986], [-75.15527992968329, 39.94901044853464], [-75.15536077805885, 39.94901044853464]]}, "properties": {"confidence": "high"}}, {"type": "Feature", "geometry": {"type": "LineString", "coordinates": [[-75.14904562161149, 39.94901044853464], [-75.14904562161149, 39.949003561903986], [-75.14900968900014, 39.949003561903986], [-75.14900968900014, 39.94901044853464], [-75.14904562161149, 39.94901044853464]]}, "properties": {"confidence": "high"}}, {"type": "Feature", "geometry": {"type": "LineString", "coordinates": [[-75.15527992968329, 39.949003561903986], [-75.15527992968329, 39.94899667527264], [-75.15522603076624, 39.94899667527264], [-75.15522603076624, 39.949003561903986], [-75.15527992968329, 39.949003561903986]]}, "properties": {"confidence": "high"}}, {"type": "Feature", "geometry": {"type": "LineString", "coordinates": [[-75.14900968900014, 39.949003561903986], [-75.14900968900014, 39.94899667527264], [-75.1489557900831, 39.94899667527264], [-75.1489557900831, 39.949003561903986], [-75.14900968900014, 39.949003561903986]]}, "properties": {"confidence": "high"}}, {"type": "Feature", "geometry": {"type": "LineString", "coordinates": [[-75.15522603076624, 39.94899667527264], [-75.15522603076624, 39.948989788640596], [-75.15516314869636, 39.948989788640596], [-75.15516314869636, 39.94899667527264], [-75.15522603076624, 39.94899667527264]]}, "properties": {"confidence": "high"}}, {"type": "Feature", "geometry": {"type": "LineString", "coordinates": [[-75.1489557900831, 39.94899667527264], [-75.1489557900831, 39.948989788640596], [-75.1488929080132, 39.948989788640596], [-75.1488929080132, 39.94899667527264], [-75.1489557900831, 39.94899667527264]]}, "properties": {"confidence": "high"}}, {"type": "Feature", "geometry": {"type": "LineString", "coordinates": [[-75.15516314869636, 39.948989788640596], [-75.15516314869636, 39.948982902007856], [-75.15510026662646, 39.948982902007856], [-75.15510026662646, 39.948989788640596], [-75.15516314869636, 39.948989788640596]]}, "properties": {"confidence": "high"}}, {"type": "Feature", "geometry": {"type": "LineString", "coordinates": [[-75.1488929080132, 39.948989788640596], [-75.1488929080132, 39.948982902007856], [-75.14883900909615, 39.948982902007856], [-75.14883900909615, 39.948989788640596], [-75.1488929080132, 39.948989788640596]]}, "properties": {"confidence": "high"}}, {"type": "Feature", "geometry": {"type": "LineString", "coordinates": [[-75.15407618720256, 39.94902422179387], [-75.15407618720256, 39.94897601537443], [-75.15406720404972, 39.94897601537443], [-75.15406720404972, 39.94902422179387], [-75.15407618720256, 39.94902422179387]]}, "properties": {"confidence": "high"}}, {"type": "Feature", "geometry": {"type": "LineString", "coordinates": [[-75.15510026662646, 39.948982902007856], [-75.15510026662646, 39.94897601537443], [-75.15505535086226, 39.94897601537443], [-75.15505535086226, 39.948982902007856], [-75.15510026662646, 39.948982902007856]]}, "properties": {"confidence": "high"}}, {"type": "Feature", "geometry": {"type": "LineString", "coordinates": [[-75.14883900909615, 39.948982902007856], [-75.14883900909615, 39.94897601537443], [-75.14876714387343, 39.94897601537443], [-75.14876714387343, 39.948982902007856], [-75.14883900909615, 39.948982902007856]]}, "properties": {"confidence": "high"}}, {"type": "Feature", "geometry": {"type": "LineString", "coordinates": [[-75.15505535086226, 39.94897601537443], [-75.15505535086226, 39.94896912874031], [-75.15500145194521, 39.94896912874031], [-75.15500145194521, 39.94897601537443], [-75.15505535086226, 39.94897601537443]]}, "properties": {"confidence": "high"}}, {"type": "Feature", "geometry": {"type": "LineString", "coordinates": [[-75.14876714387343, 39.94897601537443], [-75.14876714387343, 39.94896912874031], [-75.14871324495638, 39.94896912874031], [-75.14871324495638, 39.94897601537443], [-75.14876714387343, 39.94897601537443]]}, "properties": {"confidence": "high"}}, {"type": "Feature", "geometry": {"type": "LineString", "coordinates": [[-75.15086920163826, 39.949003561903986], [-75.15086920163826, 39.94896224210549], [-75.15086021848542, 39.94896224210549], [-75.15086021848542, 39.949003561903986], [-75.15086920163826, 39.949003561903986]]}, "properties": {"confidence": "high"}}, {"type": "Feature", "geometry": {"type": "LineString", "coordinates": [[-75.15500145194521, 39.94896912874031], [-75.15500145194521, 39.94896224210549], [-75.154956536181, 39.94896224210549], [-75.154956536181, 39.94896912874031], [-75.15500145194521, 39.94896912874031]]}, "properties": {"confidence": "high"}}, {"type": "Feature", "geometry": {"type": "LineString", "coordinates": [[-75.14871324495638, 39.94896912874031], [-75.14871324495638, 39.94896224210549], [-75.1486323965808, 39.94896224210549], [-75.1486323965808, 39.94896912874031], [-75.14871324495638, 39.94896912874031]]}, "properties": {"confidence": "high"}}, {"type": "Feature", "geometry": {"type": "LineString", "coordinates": [[-75.15250413545536, 39.94902422179387], [-75.15250413545536, 39.948955355469984], [-75.15249515230252, 39.948955355469984], [-75.15249515230252, 39.94902422179387], [-75.15250413545536, 39.94902422179387]]}, "properties": {"confidence": "high"}}, {"type": "Feature", "geometry": {"type": "LineString", "coordinates": [[-75.154956536181, 39.94896224210549], [-75.154956536181, 39.948955355469984], [-75.15491162041681, 39.948955355469984], [-75.15491162041681, 39.94896224210549], [-75.154956536181, 39.94896224210549]]}, "properties": {"confidence": "high"}}, {"type": "Feature", "geometry": {"type": "LineString", "coordinates": [[-75.1486323965808, 39.94896224210549], [-75.1486323965808, 39.948955355469984], [-75.14858748081659, 39.948955355469984], [-75.14858748081659, 39.94896224210549], [-75.1486323965808, 39.94896224210549]]}, "properties": {"confidence": "high"}}, {"type": "Feature", "geometry": {"type": "LineString", "coordinates": [[-75.15491162041681, 39.948955355469984], [-75.15491162041681, 39.948948468833784], [-75.15485772149975, 39.948948468833784], [-75.15485772149975, 39.948955355469984], [-75.15491162041681, 39.948955355469984]]}, "properties": {"confidence": "high"}}, {"type": "Feature", "geometry": {"type": "LineString", "coordinates": [[-75.14858748081659, 39.948955355469984], [-75.14858748081659, 39.948948468833784], [-75.14856053135807, 39.948948468833784], [-75.14856053135807, 39.948955355469984], [-75.14858748081659, 39.948955355469984]]}, "properties": {"confidence": "high"}}, {"type": "Feature", "geometry": {"type": "LineString", "coordinates": [[-75.14923426782117, 39.94901044853464], [-75.14923426782117, 39.94894158219689], [-75.14922528466832, 39.94894158219689], [-75.14922528466832, 39.94901044853464], [-75.14923426782117, 39.94901044853464]]}, "properties": {"confidence": "high"}}, {"type": "Feature", "geometry": {"type": "LineString", "coordinates": [[-75.15485772149975, 39.948948468833784], [-75.15485772149975, 39.94894158219689], [-75.15479483942985, 39.94894158219689], [-75.15479483942985, 39.948948468833784], [-75.15485772149975, 39.948948468833784]]}, "properties": {"confidence": "high"}}, {"type": "Feature", "geometry": {"type": "LineString", "coordinates": [[-75.14856053135807, 39.948948468833784], [-75.14856053135807, 39.94894158219689], [-75.14851561559387, 39.94894158219689], [-75.14851561559387, 39.948948468833784], [-75.14856053135807, 39.948948468833784]]}, "properties": {"confidence": "high"}}, {"type": "Feature", "geometry": {"type": "LineString", "coordinates": [[-75.15408517035542, 39.94897601537443], [-75.15408517035542, 39.9489346955593], [-75.15407618720256, 39.9489346955593], [-75.15407618720256, 39.94897601537443], [-75.15408517035542, 39.94897601537443]]}, "properties": {"confidence": "high"}}, {"type": "Feature", "geometry": {"type": "LineString", "coordinates": [[-75.15479483942985, 39.94894158219689], [-75.15479483942985, 39.9489346955593], [-75.15473195735997, 39.9489346955593], [-75.15473195735997, 39.94894158219689], [-75.15479483942985, 39.94894158219689]]}, "properties": {"confidence": "high"}}, {"type": "Feature", "geometry": {"type": "LineString", "coordinates": [[-75.14851561559387, 39.94894158219689], [-75.14851561559387, 39.9489346955593], [-75.14847069982966, 39.9489346955593], [-75.14847069982966, 39.94894158219689], [-75.14851561559387, 39.94894158219689]]}, "properties": {"confidence": "high"}}, {"type": "Feature", "geometry": {"type": "LineString", "coordinates": [[-75.15473195735997, 39.9489346955593], [-75.15473195735997, 39.94892780892102], [-75.15467805844293, 39.94892780892102], [-75.15467805844293, 39.9489346955593], [-75.15473195735997, 39.9489346955593]]}, "properties": {"confidence": "high"}}, {"type": "Feature", "geometry": {"type": "LineString", "coordinates": [[-75.14847069982966, 39.9489346955593], [-75.14847069982966, 39.94892780892102], [-75.14842578406545, 39.94892780892102], [-75.14842578406545, 39.9489346955593], [-75.14847069982966, 39.9489346955593]]}, "properties": {"confidence": "high"}}, {"type": "Feature", "geometry": {"type": "LineString", "coordinates": [[-75.1475813676984, 39.94902422179387], [-75.1475813676984, 39.94892092228204], [-75.14757238454555, 39.94892092228204], [-75.14757238454555, 39.94902422179387], [-75.1475813676984, 39.94902422179387]]}, "properties": {"confidence": "high"}}, {"type": "Feature", "geometry": {"type": "LineString", "coordinates": [[-75.15467805844293, 39.94892780892102], [-75.15467805844293, 39.94892092228204], [-75.15463314267872, 39.94892092228204], [-75.15463314267872, 39.94892780892102], [-75.15467805844293, 39.94892780892102]]}, "properties": {"confidence": "high"}}, {"type": "Feature", "geometry": {"type": "LineString", "coordinates": [[-75.14842578406545, 39.94892780892102], [-75.14842578406545, 39.94892092228204], [-75.14835391884273, 39.94892092228204], [-75.14835391884273, 39.94892780892102], [-75.14842578406545, 39.94892780892102]]}, "properties": {"confidence": "high"}}, {"type": "Feature", "geometry": {"type": "LineString", "coordinates": [[-75.1508781847911, 39.94896224210549], [-75.1508781847911, 39.948914035642375], [-75.15086920163826, 39.948914035642375], [-75.15086920163826, 39.94896224210549], [-75.1508781847911, 39.94896224210549]]}, "properties": {"confidence": "high"}}, {"type": "Feature", "geometry": {"type": "LineString", "coordinates": [[-75.15463314267872, 39.94892092228204], [-75.15463314267872, 39.948914035642375], [-75.15457924376167, 39.948914035642375], [-75.15457924376167, 39.94892092228204], [-75.15463314267872, 39.94892092228204]]}, "properties": {"confidence": "high"}}, {"type": "Feature", "geometry": {"type": "LineString", "coordinates": [[-75.14835391884273, 39.94892092228204], [-75.14835391884273, 39.948914035642375], [-75.14828205362, 39.948914035642375], [-75.14828205362, 39.94892092228204], [-75.14835391884273, 39.94892092228204]]}, "properties": {"confidence": "high"}}, {"type": "Feature", "geometry": {"type": "LineString", "coordinates": [[-75.15457924376167, 39.948914035642375], [-75.15457924376167, 39.94890714900201], [-75.15453432799747, 39.94890714900201], [-75.15453432799747, 39.948914035642375], [-75.15457924376167, 39.948914035642375]]}, "properties": {"confidence": "high"}}, {"type": "Feature", "geometry": {"type": "LineString", "coordinates": [[-75.14828205362, 39.948914035642375], [-75.14828205362, 39.94890714900201], [-75.14822815470295, 39.94890714900201], [-75.14822815470295, 39.948914035642375], [-75.14828205362, 39.948914035642375]]}, "properties": {"confidence": "high"}}, {"type": "Feature", "geometry": {"type": "LineString", "coordinates": [[-75.15453432799747, 39.94890714900201], [-75.15453432799747, 39.94890026236095], [-75.15448941223326, 39.94890026236095], [-75.15448941223326, 39.94890714900201], [-75.15453432799747, 39.94890714900201]]}, "properties": {"confidence": "high"}}, {"type": "Feature", "geometry": {"type": "LineString", "coordinates": [[-75.14822815470295, 39.94890714900201], [-75.14822815470295, 39.94890026236095], [-75.14816527263307, 39.94890026236095], [-75.14816527263307, 39.94890714900201], [-75.14822815470295, 39.94890714900201]]}, "properties": {"confidence": "high"}}, {"type": "Feature", "geometry": {"type": "LineString", "coordinates": [[-75.1525131186082, 39.948955355469984], [-75.1525131186082, 39.94889337571921], [-75.15250413545536, 39.94889337571921], [-75.15250413545536, 39.948955355469984], [-75.1525131186082, 39.948955355469984]]}, "properties": {"confidence": "high"}}, {"type": "Feature", "geometry": {"type": "LineString", "coordinates": [[-75.15448941223326, 39.94890026236095], [-75.15448941223326, 39.94889337571921], [-75.15443551331622, 39.94889337571921], [-75.15443551331622, 39.94890026236095], [-75.15448941223326, 39.94890026236095]]}, "properties": {"confidence": "high"}}, {"type": "Feature", "geometry": {"type": "LineString", "coordinates": [[-75.14816527263307, 39.94890026236095], [-75.14816527263307, 39.94889337571921], [-75.14811137371602, 39.94889337571921], [-75.14811137371602, 39.94890026236095], [-75.14816527263307, 39.94890026236095]]}, "properties": {"confidence": "high"}}, {"type": "Feature", "geometry": {"type": "LineString", "coordinates": [[-75.15443551331622, 39.94889337571921], [-75.15443551331622, 39.94888648907677], [-75.15439059755201, 39.94888648907677], [-75.15439059755201, 39.94889337571921], [-75.15443551331622, 39.94889337571921]]}, "properties": {"confidence": "high"}}, {"type": "Feature", "geometry": {"type": "LineString", "coordinates": [[-75.14811137371602, 39.94889337571921], [-75.14811137371602, 39.94888648907677], [-75.1480664579518, 39.94888648907677], [-75.1480664579518, 39.94889337571921], [-75.14811137371602, 39.94889337571921]]}, "properties": {"confidence": "high"}}, {"type": "Feature", "geometry": {"type": "LineString", "coordinates": [[-75.15439059755201, 39.94888648907677], [-75.15439059755201, 39.94887960243363], [-75.15431873232927, 39.94887960243363], [-75.15431873232927, 39.94888648907677], [-75.15439059755201, 39.94888648907677]]}, "properties": {"confidence": "high"}}, {"type": "Feature", "geometry": {"type": "LineString", "coordinates": [[-75.1480664579518, 39.94888648907677], [-75.1480664579518, 39.94887960243363], [-75.14796764327055, 39.94887960243363], [-75.14796764327055, 39.94888648907677], [-75.1480664579518, 39.94888648907677]]}, "properties": {"confidence": "high"}}, {"type": "Feature", "geometry": {"type": "LineString", "coordinates": [[-75.15088716794394, 39.948914035642375], [-75.15088716794394, 39.9488727157898], [-75.1508781847911, 39.9488727157898], [-75.1508781847911, 39.948914035642375], [-75.15088716794394, 39.948914035642375]]}, "properties": {"confidence": "high"}}, {"type": "Feature", "geometry": {"type": "LineString", "coordinates": [[-75.15431873232927, 39.94887960243363], [-75.15431873232927, 39.9488727157898], [-75.15426483341223, 39.9488727157898], [-75.15426483341223, 39.94887960243363], [-75.15431873232927, 39.94887960243363]]}, "properties": {"confidence": "high"}}, {"type": "Feature", "geometry": {"type": "LineString", "coordinates": [[-75.14796764327055, 39.94887960243363], [-75.14796764327055, 39.9488727157898], [-75.14792272750634, 39.9488727157898], [-75.14792272750634, 39.94887960243363], [-75.14796764327055, 39.94887960243363]]}, "properties": {"confidence": "high"}}, {"type": "Feature", "geometry": {"type": "LineString", "coordinates": [[-75.15409415350825, 39.9489346955593], [-75.15409415350825, 39.948865829145284], [-75.15408517035542, 39.948865829145284], [-75.15408517035542, 39.9489346955593], [-75.15409415350825, 39.9489346955593]]}, "properties": {"confidence": "high"}}, {"type": "Feature", "geometry": {"type": "LineString", "coordinates": [[-75.14759035085123, 39.94892092228204], [-75.14759035085123, 39.948865829145284], [-75.1475813676984, 39.948865829145284], [-75.1475813676984, 39.94892092228204], [-75.14759035085123, 39.94892092228204]]}, "properties": {"confidence": "high"}}, {"type": "Feature", "geometry": {"type": "LineString", "coordinates": [[-75.15426483341223, 39.9488727157898], [-75.15426483341223, 39.948865829145284], [-75.15417500188381, 39.948865829145284], [-75.15417500188381, 39.9488727157898], [-75.15426483341223, 39.9488727157898]]}, "properties": {"confidence": "high"}}, {"type": "Feature", "geometry": {"type": "LineString", "coordinates": [[-75.14792272750634, 39.9488727157898], [-75.14792272750634, 39.948865829145284], [-75.14787781174215, 39.948865829145284], [-75.14787781174215, 39.9488727157898], [-75.14792272750634, 39.9488727157898]]}, "properties": {"confidence": "high"}}, {"type": "Feature", "geometry": {"type": "LineString", "coordinates": [[-75.15417500188381, 39.948865829145284], [-75.15417500188381, 39.94885894250007], [-75.15413906927246, 39.94885894250007], [-75.15413906927246, 39.948865829145284], [-75.15417500188381, 39.948865829145284]]}, "properties": {"confidence": "high"}}, {"type": "Feature", "geometry": {"type": "LineString", "coordinates": [[-75.14787781174215, 39.948865829145284], [-75.14787781174215, 39.94885894250007], [-75.14781492967225, 39.94885894250007], [-75.14781492967225, 39.948865829145284], [-75.14787781174215, 39.948865829145284]]}, "properties": {"confidence": "high"}}, {"type": "Feature", "geometry": {"type": "LineString", "coordinates": [[-75.14924325097401, 39.94894158219689], [-75.14924325097401, 39.94885205585416], [-75.14923426782117, 39.94885205585416], [-75.14923426782117, 39.94894158219689], [-75.14924325097401, 39.94894158219689]]}, "properties": {"confidence": "high"}}, {"type": "Feature", "geometry": {"type": "LineString", "coordinates": [[-75.15410313666109, 39.948865829145284], [-75.15410313666109, 39.94885205585416], [-75.15409415350825, 39.94885205585416], [-75.15409415350825, 39.948865829145284], [-75.15410313666109, 39.948865829145284]]}, "properties": {"confidence": "high"}}, {"type": "Feature", "geometry": {"type": "LineString", "coordinates": [[-75.14759933400407, 39.948865829145284], [-75.14759933400407, 39.94885205585416], [-75.14759035085123, 39.94885205585416], [-75.14759035085123, 39.948865829145284], [-75.14759933400407, 39.948865829145284]]}, "properties": {"confidence": "high"}}, {"type": "Feature", "geometry": {"type": "LineString", "coordinates": [[-75.15413906927246, 39.94885894250007], [-75.15413906927246, 39.94885205585416], [-75.15411211981393, 39.94885205585416], [-75.15411211981393, 39.94885894250007], [-75.15413906927246, 39.94885894250007]]}, "properties": {"confidence": "high"}}, {"type": "Feature", "geometry": {"type": "LineString", "coordinates": [[-75.14781492967225, 39.94885894250007], [-75.14781492967225, 39.94885205585416], [-75.147716114991, 39.94885205585416], [-75.147716114991, 39.94885894250007], [-75.14781492967225, 39.94885894250007]]}, "properties": {"confidence": "high"}}, {"type": "Feature", "geometry": {"type": "LineString", "coordinates": [[-75.15089615109677, 39.9488727157898], [-75.15089615109677, 39.94883828256026], [-75.15088716794394, 39.94883828256026], [-75.15088716794394, 39.9488727157898], [-75.15089615109677, 39.9488727157898]]}, "properties": {"confidence": "high"}}, {"type": "Feature", "geometry": {"type": "LineString", "coordinates": [[-75.147716114991, 39.94885205585416], [-75.147716114991, 39.94884516920756], [-75.14761730030975, 39.94884516920756], [-75.14761730030975, 39.94883828256026], [-75.14760831715691, 39.94883828256026], [-75.14760831715691, 39.94884516920756], [-75.14759933400407, 39.94884516920756], [-75.14759933400407, 39.94885205585416], [-75.147716114991, 39.94885205585416]]}, "properties": {"confidence": "high"}}, {"type": "Feature", "geometry": {"type": "LineString", "coordinates": [[-75.14925223412685, 39.94885205585416], [-75.14925223412685, 39.9488245092636], [-75.14924325097401, 39.9488245092636], [-75.14924325097401, 39.94885205585416], [-75.14925223412685, 39.94885205585416]]}, "properties": {"confidence": "high"}}, {"type": "Feature", "geometry": {"type": "LineString", "coordinates": [[-75.14760831715691, 39.94883828256026], [-75.14760831715691, 39.9488245092636], [-75.14759933400407, 39.9488245092636], [-75.14759933400407, 39.94883828256026], [-75.14760831715691, 39.94883828256026]]}, "properties": {"confidence": "high"}}, {"type": "Feature", "geometry": {"type": "LineString", "coordinates": [[-75.15252210176104, 39.94889337571921], [-75.15252210176104, 39.94880384931339], [-75.1525131186082, 39.94880384931339], [-75.1525131186082, 39.94889337571921], [-75.15252210176104, 39.94889337571921]]}, "properties": {"confidence": "high"}}, {"type": "Feature", "geometry": {"type": "LineString", "coordinates": [[-75.15090513424963, 39.94883828256026], [-75.15090513424963, 39.94880384931339], [-75.15089615109677, 39.94880384931339], [-75.15089615109677, 39.94883828256026], [-75.15090513424963, 39.94883828256026]]}, "properties": {"confidence": "high"}}, {"type": "Feature", "geometry": {"type": "LineString", "coordinates": [[-75.14926121727969, 39.9488245092636], [-75.14926121727969, 39.948776302703415], [-75.14925223412685, 39.948776302703415], [-75.14925223412685, 39.9488245092636], [-75.14926121727969, 39.9488245092636]]}, "properties": {"confidence": "high"}}, {"type": "Feature", "geometry": {"type": "LineString", "coordinates": [[-75.15091411740246, 39.94880384931339], [-75.15091411740246, 39.948776302703415], [-75.15090513424963, 39.948776302703415], [-75.15090513424963, 39.94880384931339], [-75.15091411740246, 39.94880384931339]]}, "properties": {"confidence": "high"}}, {"type": "Feature", "geometry": {"type": "LineString", "coordinates": [[-75.15411211981393, 39.94885205585416], [-75.15411211981393, 39.948769416049196], [-75.15410313666109, 39.948769416049196], [-75.15410313666109, 39.948776302703415], [-75.15409415350825, 39.948776302703415], [-75.15409415350825, 39.94878318935695], [-75.15410313666109, 39.94878318935695], [-75.15410313666109, 39.94885205585416], [-75.15411211981393, 39.94885205585416]]}, "properties": {"confidence": "high"}}, {"type": "Feature", "geometry": {"type": "LineString", "coordinates": [[-75.15409415350825, 39.948776302703415], [-75.15409415350825, 39.948769416049196], [-75.15406720404972, 39.948769416049196], [-75.15406720404972, 39.948776302703415], [-75.15409415350825, 39.948776302703415]]}, "properties": {"confidence": "high"}}, {"type": "Feature", "geometry": {"type": "LineString", "coordinates": [[-75.15406720404972, 39.948769416049196], [-75.15406720404972, 39.94876252939427], [-75.15398635567416, 39.94876252939427], [-75.15398635567416, 39.948769416049196], [-75.15406720404972, 39.948769416049196]]}, "properties": {"confidence": "high"}}, {"type": "Feature", "geometry": {"type": "LineString", "coordinates": [[-75.15412110296677, 39.948769416049196], [-75.15412110296677, 39.948755642738654], [-75.15411211981393, 39.948755642738654], [-75.15411211981393, 39.948769416049196], [-75.15412110296677, 39.948769416049196]]}, "properties": {"confidence": "high"}}, {"type": "Feature", "geometry": {"type": "LineString", "coordinates": [[-75.15398635567416, 39.94876252939427], [-75.15398635567416, 39.948755642738654], [-75.15392347360427, 39.948755642738654], [-75.15392347360427, 39.94876252939427], [-75.15398635567416, 39.94876252939427]]}, "properties": {"confidence": "high"}}, {"type": "Feature", "geometry": {"type": "LineString", "coordinates": [[-75.15392347360427, 39.948755642738654], [-75.15392347360427, 39.94874875608235], [-75.15386059153438, 39.94874875608235], [-75.15386059153438, 39.948755642738654], [-75.15392347360427, 39.948755642738654]]}, "properties": {"confidence": "high"}}, {"type": "Feature", "geometry": {"type": "LineString", "coordinates": [[-75.1509231005553, 39.948776302703415], [-75.1509231005553, 39.94874186942535], [-75.15091411740246, 39.94874186942535], [-75.15091411740246, 39.948776302703415], [-75.1509231005553, 39.948776302703415]]}, "properties": {"confidence": "high"}}, {"type": "Feature", "geometry": {"type": "LineString", "coordinates": [[-75.15386059153438, 39.94874875608235], [-75.15386059153438, 39.94874186942535], [-75.15381567577018, 39.94874186942535], [-75.15381567577018, 39.94874875608235], [-75.15386059153438, 39.94874875608235]]}, "properties": {"confidence": "high"}}, {"type": "Feature", "geometry": {"type": "LineString", "coordinates": [[-75.15413008611961, 39.948755642738654], [-75.15413008611961, 39.948734982767654], [-75.15412110296677, 39.948734982767654], [-75.15412110296677, 39.948755642738654], [-75.15413008611961, 39.948755642738654]]}, "properties": {"confidence": "high"}}, {"type": "Feature", "geometry": {"type": "LineString", "coordinates": [[-75.15381567577018, 39.94874186942535], [-75.15381567577018, 39.948734982767654], [-75.15377076000597, 39.948734982767654], [-75.15377076000597, 39.94874186942535], [-75.15381567577018, 39.94874186942535]]}, "properties": {"confidence": "high"}}, {"type": "Feature", "geometry": {"type": "LineString", "coordinates": [[-75.14761730030975, 39.9488245092636], [-75.14761730030975, 39.94872809610927], [-75.14760831715691, 39.94872809610927], [-75.14760831715691, 39.9488245092636], [-75.14761730030975, 39.9488245092636]]}, "properties": {"confidence": "high"}}, {"type": "Feature", "geometry": {"type": "LineString", "coordinates": [[-75.15253108491387, 39.94880384931339], [-75.15253108491387, 39.94872809610927], [-75.15252210176104, 39.94872809610927], [-75.15252210176104, 39.94880384931339], [-75.15253108491387, 39.94880384931339]]}, "properties": {"confidence": "high"}}, {"type": "Feature", "geometry": {"type": "LineString", "coordinates": [[-75.15377076000597, 39.948734982767654], [-75.15377076000597, 39.94872809610927], [-75.15372584424176, 39.94872809610927], [-75.15372584424176, 39.948734982767654], [-75.15377076000597, 39.948734982767654]]}, "properties": {"confidence": "high"}}, {"type": "Feature", "geometry": {"type": "LineString", "coordinates": [[-75.15372584424176, 39.94872809610927], [-75.15372584424176, 39.94872120945019], [-75.15368092847756, 39.94872120945019], [-75.15368092847756, 39.94872809610927], [-75.15372584424176, 39.94872809610927]]}, "properties": {"confidence": "high"}}, {"type": "Feature", "geometry": {"type": "LineString", "coordinates": [[-75.15368092847756, 39.94872120945019], [-75.15368092847756, 39.948714322790416], [-75.15362702956051, 39.948714322790416], [-75.15362702956051, 39.94872120945019], [-75.15368092847756, 39.94872120945019]]}, "properties": {"confidence": "high"}}, {"type": "Feature", "geometry": {"type": "LineString", "coordinates": [[-75.14927020043254, 39.948776302703415], [-75.14927020043254, 39.94870743612994], [-75.14926121727969, 39.94870743612994], [-75.14926121727969, 39.948776302703415], [-75.14927020043254, 39.948776302703415]]}, "properties": {"confidence": "high"}}, {"type": "Feature", "geometry": {"type": "LineString", "coordinates": [[-75.15093208370814, 39.94874186942535], [-75.15093208370814, 39.94870743612994], [-75.1509231005553, 39.94870743612994], [-75.1509231005553, 39.94874186942535], [-75.15093208370814, 39.94874186942535]]}, "properties": {"confidence": "high"}}, {"type": "Feature", "geometry": {"type": "LineString", "coordinates": [[-75.15362702956051, 39.948714322790416], [-75.15362702956051, 39.94870743612994], [-75.15356414749061, 39.94870743612994], [-75.15356414749061, 39.948714322790416], [-75.15362702956051, 39.948714322790416]]}, "properties": {"confidence": "high"}}, {"type": "Feature", "geometry": {"type": "LineString", "coordinates": [[-75.15413906927246, 39.948734982767654], [-75.15413906927246, 39.94870054946879], [-75.15413008611961, 39.94870054946879], [-75.15413008611961, 39.948734982767654], [-75.15413906927246, 39.948734982767654]]}, "properties": {"confidence": "high"}}, {"type": "Feature", "geometry": {"type": "LineString", "coordinates": [[-75.15356414749061, 39.94870743612994], [-75.15356414749061, 39.94870054946879], [-75.15351024857357, 39.94870054946879], [-75.15351024857357, 39.94870743612994], [-75.15356414749061, 39.94870743612994]]}, "properties": {"confidence": "high"}}, {"type": "Feature", "geometry": {"type": "LineString", "coordinates": [[-75.15351024857357, 39.94870054946879], [-75.15351024857357, 39.948693662806924], [-75.15343838335085, 39.948693662806924], [-75.15343838335085, 39.94870054946879], [-75.15351024857357, 39.94870054946879]]}, "properties": {"confidence": "high"}}, {"type": "Feature", "geometry": {"type": "LineString", "coordinates": [[-75.15343838335085, 39.948693662806924], [-75.15343838335085, 39.948686776144385], [-75.15337550128096, 39.948686776144385], [-75.15337550128096, 39.948693662806924], [-75.15343838335085, 39.948693662806924]]}, "properties": {"confidence": "high"}}, {"type": "Feature", "geometry": {"type": "LineString", "coordinates": [[-75.15337550128096, 39.948686776144385], [-75.15337550128096, 39.94867988948114], [-75.15331261921106, 39.94867988948114], [-75.15331261921106, 39.948686776144385], [-75.15337550128096, 39.948686776144385]]}, "properties": {"confidence": "high"}}, {"type": "Feature", "geometry": {"type": "LineString", "coordinates": [[-75.15331261921106, 39.94867988948114], [-75.15331261921106, 39.94867300281721], [-75.15325872029402, 39.94867300281721], [-75.15325872029402, 39.94867988948114], [-75.15331261921106, 39.94867988948114]]}, "properties": {"confidence": "high"}}, {"type": "Feature", "geometry": {"type": "LineString", "coordinates": [[-75.1476262834626, 39.94872809610927], [-75.1476262834626, 39.94866611615258], [-75.14761730030975, 39.94866611615258], [-75.14761730030975, 39.94872809610927], [-75.1476262834626, 39.94872809610927]]}, "properties": {"confidence": "high"}}, {"type": "Feature", "geometry": {"type": "LineString", "coordinates": [[-75.150941066861, 39.94870743612994], [-75.150941066861, 39.94866611615258], [-75.15093208370814, 39.94866611615258], [-75.15093208370814, 39.94870743612994], [-75.150941066861, 39.94870743612994]]}, "properties": {"confidence": "high"}}, {"type": "Feature", "geometry": {"type": "LineString", "coordinates": [[-75.15325872029402, 39.94867300281721], [-75.15325872029402, 39.94866611615258], [-75.15319583822412, 39.94866611615258], [-75.15319583822412, 39.94867300281721], [-75.15325872029402, 39.94867300281721]]}, "properties": {"confidence": "high"}}, {"type": "Feature", "geometry": {"type": "LineString", "coordinates": [[-75.15319583822412, 39.94866611615258], [-75.15319583822412, 39.94865922948726], [-75.15308804039003, 39.94865922948726], [-75.15308804039003, 39.94866611615258], [-75.15319583822412, 39.94866611615258]]}, "properties": {"confidence": "high"}}, {"type": "Feature", "geometry": {"type": "LineString", "coordinates": [[-75.14927918358538, 39.94870743612994], [-75.14927918358538, 39.94865234282125], [-75.14927020043254, 39.94865234282125], [-75.14927020043254, 39.94870743612994], [-75.14927918358538, 39.94870743612994]]}, "properties": {"confidence": "high"}}, {"type": "Feature", "geometry": {"type": "LineString", "coordinates": [[-75.1541480524253, 39.94870054946879], [-75.1541480524253, 39.94865234282125], [-75.15413906927246, 39.94865234282125], [-75.15413906927246, 39.94870054946879], [-75.1541480524253, 39.94870054946879]]}, "properties": {"confidence": "high"}}, {"type": "Feature", "geometry": {"type": "LineString", "coordinates": [[-75.15308804039003, 39.94865922948726], [-75.15308804039003, 39.94865234282125], [-75.15295329309741, 39.94865234282125], [-75.15295329309741, 39.94865922948726], [-75.15308804039003, 39.94865922948726]]}, "properties": {"confidence": "high"}}, {"type": "Feature", "geometry": {"type": "LineString", "coordinates": [[-75.15295329309741, 39.94865234282125], [-75.15295329309741, 39.948645456154544], [-75.15287244472185, 39.948645456154544], [-75.15287244472185, 39.94865234282125], [-75.15295329309741, 39.94865234282125]]}, "properties": {"confidence": "high"}}, {"type": "Feature", "geometry": {"type": "LineString", "coordinates": [[-75.15254006806671, 39.94872809610927], [-75.15254006806671, 39.948638569487144], [-75.15253108491387, 39.948638569487144], [-75.15253108491387, 39.94872809610927], [-75.15254006806671, 39.94872809610927]]}, "properties": {"confidence": "high"}}, {"type": "Feature", "geometry": {"type": "LineString", "coordinates": [[-75.15287244472185, 39.948645456154544], [-75.15287244472185, 39.948638569487144], [-75.1528185458048, 39.948638569487144], [-75.1528185458048, 39.948645456154544], [-75.15287244472185, 39.948645456154544]]}, "properties": {"confidence": "high"}}, {"type": "Feature", "geometry": {"type": "LineString", "coordinates": [[-75.1528185458048, 39.948638569487144], [-75.1528185458048, 39.94863168281905], [-75.15275566373492, 39.94863168281905], [-75.15275566373492, 39.948638569487144], [-75.1528185458048, 39.948638569487144]]}, "properties": {"confidence": "high"}}, {"type": "Feature", "geometry": {"type": "LineString", "coordinates": [[-75.15257600067808, 39.948638569487144], [-75.15257600067808, 39.94863168281905], [-75.15254006806671, 39.94863168281905], [-75.15254006806671, 39.948638569487144], [-75.15257600067808, 39.948638569487144]]}, "properties": {"confidence": "high"}}, {"type": "Feature", "geometry": {"type": "LineString", "coordinates": [[-75.15253108491387, 39.948638569487144], [-75.15253108491387, 39.94863168281905], [-75.15250413545536, 39.94863168281905], [-75.15250413545536, 39.948638569487144], [-75.15253108491387, 39.948638569487144]]}, "properties": {"confidence": "high"}}, {"type": "Feature", "geometry": {"type": "LineString", "coordinates": [[-75.15095005001383, 39.94866611615258], [-75.15095005001383, 39.948624796150256], [-75.150941066861, 39.948624796150256], [-75.150941066861, 39.94866611615258], [-75.15095005001383, 39.94866611615258]]}, "properties": {"confidence": "high"}}, {"type": "Feature", "geometry": {"type": "LineString", "coordinates": [[-75.15275566373492, 39.94863168281905], [-75.15275566373492, 39.948624796150256], [-75.15264786590082, 39.948624796150256], [-75.15264786590082, 39.94863168281905], [-75.15275566373492, 39.94863168281905]]}, "properties": {"confidence": "high"}}, {"type": "Feature", "geometry": {"type": "LineString", "coordinates": [[-75.15260295013661, 39.94863168281905], [-75.15260295013661, 39.948624796150256], [-75.15257600067808, 39.948624796150256], [-75.15257600067808, 39.94863168281905], [-75.15260295013661, 39.94863168281905]]}, "properties": {"confidence": "high"}}, {"type": "Feature", "geometry": {"type": "LineString", "coordinates": [[-75.15250413545536, 39.94863168281905], [-75.15250413545536, 39.948624796150256], [-75.15239633762127, 39.948624796150256], [-75.15239633762127, 39.94863168281905], [-75.15250413545536, 39.94863168281905]]}, "properties": {"confidence": "high"}}, {"type": "Feature", "geometry": {"type": "LineString", "coordinates": [[-75.15239633762127, 39.948624796150256], [-75.15239633762127, 39.94861790948079], [-75.15233345555137, 39.94861790948079], [-75.15233345555137, 39.948624796150256], [-75.15239633762127, 39.948624796150256]]}, "properties": {"confidence": "high"}}, {"type": "Feature", "geometry": {"type": "LineString", "coordinates": [[-75.15415703557814, 39.94865234282125], [-75.15415703557814, 39.94861102281061], [-75.1541480524253, 39.94861102281061], [-75.1541480524253, 39.94865234282125], [-75.15415703557814, 39.94865234282125]]}, "properties": {"confidence": "high"}}, {"type": "Feature", "geometry": {"type": "LineString", "coordinates": [[-75.15233345555137, 39.94861790948079], [-75.15233345555137, 39.94861102281061], [-75.15227057348149, 39.94861102281061], [-75.15227057348149, 39.94861790948079], [-75.15233345555137, 39.94861790948079]]}, "properties": {"confidence": "high"}}, {"type": "Feature", "geometry": {"type": "LineString", "coordinates": [[-75.14928816673822, 39.94865234282125], [-75.14928816673822, 39.94860413613974], [-75.14927918358538, 39.94860413613974], [-75.14927918358538, 39.94865234282125], [-75.14928816673822, 39.94865234282125]]}, "properties": {"confidence": "high"}}, {"type": "Feature", "geometry": {"type": "LineString", "coordinates": [[-75.15227057348149, 39.94861102281061], [-75.15227057348149, 39.94860413613974], [-75.1522076914116, 39.94860413613974], [-75.1522076914116, 39.94861102281061], [-75.15227057348149, 39.94861102281061]]}, "properties": {"confidence": "high"}}, {"type": "Feature", "geometry": {"type": "LineString", "coordinates": [[-75.1522076914116, 39.94860413613974], [-75.1522076914116, 39.94859724946818], [-75.15214480934172, 39.94859724946818], [-75.15214480934172, 39.94860413613974], [-75.1522076914116, 39.94860413613974]]}, "properties": {"confidence": "high"}}, {"type": "Feature", "geometry": {"type": "LineString", "coordinates": [[-75.14763526661544, 39.94866611615258], [-75.14763526661544, 39.948590362795926], [-75.1476262834626, 39.948590362795926], [-75.1476262834626, 39.94866611615258], [-75.14763526661544, 39.94866611615258]]}, "properties": {"confidence": "high"}}, {"type": "Feature", "geometry": {"type": "LineString", "coordinates": [[-75.15214480934172, 39.94859724946818], [-75.15214480934172, 39.948590362795926], [-75.15208192727182, 39.948590362795926], [-75.15208192727182, 39.94859724946818], [-75.15214480934172, 39.94859724946818]]}, "properties": {"confidence": "high"}}, {"type": "Feature", "geometry": {"type": "LineString", "coordinates": [[-75.15208192727182, 39.948590362795926], [-75.15208192727182, 39.948583476122984], [-75.15201904520192, 39.948583476122984], [-75.15201904520192, 39.948590362795926], [-75.15208192727182, 39.948590362795926]]}, "properties": {"confidence": "high"}}, {"type": "Feature", "geometry": {"type": "LineString", "coordinates": [[-75.15264786590082, 39.948624796150256], [-75.15264786590082, 39.94861790948079], [-75.15262091644229, 39.94861790948079], [-75.15262091644229, 39.948576589449345], [-75.15261193328945, 39.948576589449345], [-75.15261193328945, 39.94861790948079], [-75.15260295013661, 39.94861790948079], [-75.15260295013661, 39.948624796150256], [-75.15264786590082, 39.948624796150256]]}, "properties": {"confidence": "high"}}, {"type": "Feature", "geometry": {"type": "LineString", "coordinates": [[-75.15095903316669, 39.948624796150256], [-75.15095903316669, 39.948576589449345], [-75.15095005001383, 39.948576589449345], [-75.15095005001383, 39.948624796150256], [-75.15095903316669, 39.948624796150256]]}, "properties": {"confidence": "high"}}, {"type": "Feature", "geometry": {"type": "LineString", "coordinates": [[-75.15201904520192, 39.948583476122984], [-75.15201904520192, 39.948576589449345], [-75.15195616313204, 39.948576589449345], [-75.15195616313204, 39.948583476122984], [-75.15201904520192, 39.948583476122984]]}, "properties": {"confidence": "high"}}, {"type": "Feature", "geometry": {"type": "LineString", "coordinates": [[-75.15416601873098, 39.94861102281061], [-75.15416601873098, 39.94856970277501], [-75.15415703557814, 39.94856970277501], [-75.15415703557814, 39.94861102281061], [-75.15416601873098, 39.94861102281061]]}, "properties": {"confidence": "high"}}, {"type": "Feature", "geometry": {"type": "LineString", "coordinates": [[-75.15195616313204, 39.948576589449345], [-75.15195616313204, 39.94856970277501], [-75.15189328106216, 39.94856970277501], [-75.15189328106216, 39.948576589449345], [-75.15195616313204, 39.948576589449345]]}, "properties": {"confidence": "high"}}, {"type": "Feature", "geometry": {"type": "LineString", "coordinates": [[-75.14929714989105, 39.94860413613974], [-75.14929714989105, 39.94856281609999], [-75.14928816673822, 39.94856281609999], [-75.14928816673822, 39.94860413613974], [-75.14929714989105, 39.94860413613974]]}, "properties": {"confidence": "high"}}, {"type": "Feature", "geometry": {"type": "LineString", "coordinates": [[-75.15189328106216, 39.94856970277501], [-75.15189328106216, 39.94856281609999], [-75.15183039899227, 39.94856281609999], [-75.15183039899227, 39.94856970277501], [-75.15189328106216, 39.94856970277501]]}, "properties": {"confidence": "high"}}, {"type": "Feature", "geometry": {"type": "LineString", "coordinates": [[-75.15183039899227, 39.94856281609999], [-75.15183039899227, 39.948555929424266], [-75.15176751692238, 39.948555929424266], [-75.15176751692238, 39.94856281609999], [-75.15183039899227, 39.94856281609999]]}, "properties": {"confidence": "high"}}, {"type": "Feature", "geometry": {"type": "LineString", "coordinates": [[-75.14764424976828, 39.948590362795926], [-75.14764424976828, 39.94854904274786], [-75.14763526661544, 39.94854904274786], [-75.14763526661544, 39.948590362795926], [-75.14764424976828, 39.948590362795926]]}, "properties": {"confidence": "high"}}, {"type": "Feature", "geometry": {"type": "LineString", "coordinates": [[-75.15176751692238, 39.948555929424266], [-75.15176751692238, 39.94854904274786], [-75.15171361800533, 39.94854904274786], [-75.15171361800533, 39.948555929424266], [-75.15176751692238, 39.948555929424266]]}, "properties": {"confidence": "high"}}, {"type": "Feature", "geometry": {"type": "LineString", "coordinates": [[-75.15096801631952, 39.948576589449345], [-75.15096801631952, 39.94854215607075], [-75.15095903316669, 39.94854215607075], [-75.15095903316669, 39.948576589449345], [-75.15096801631952, 39.948576589449345]]}, "properties": {"confidence": "high"}}, {"type": "Feature", "geometry": {"type": "LineString", "coordinates": [[-75.15171361800533, 39.94854904274786], [-75.15171361800533, 39.94854215607075], [-75.15165073593545, 39.94854215607075], [-75.15165073593545, 39.94854904274786], [-75.15171361800533, 39.94854904274786]]}, "properties": {"confidence": "high"}}, {"type": "Feature", "geometry": {"type": "LineString", "coordinates": [[-75.15417500188381, 39.94856970277501], [-75.15417500188381, 39.94853526939295], [-75.15416601873098, 39.94853526939295], [-75.15416601873098, 39.94856970277501], [-75.15417500188381, 39.94856970277501]]}, "properties": {"confidence": "high"}}, {"type": "Feature", "geometry": {"type": "LineString", "coordinates": [[-75.15165073593545, 39.94854215607075], [-75.15165073593545, 39.94853526939295], [-75.1515968370184, 39.94853526939295], [-75.1515968370184, 39.94854215607075], [-75.15165073593545, 39.94854215607075]]}, "properties": {"confidence": "high"}}, {"type": "Feature", "geometry": {"type": "LineString", "coordinates": [[-75.1515968370184, 39.94853526939295], [-75.1515968370184, 39.94852838271446], [-75.15153395494852, 39.94852838271446], [-75.15153395494852, 39.94853526939295], [-75.1515968370184, 39.94853526939295]]}, "properties": {"confidence": "high"}}, {"type": "Feature", "geometry": {"type": "LineString", "coordinates": [[-75.15153395494852, 39.94852838271446], [-75.15153395494852, 39.94852149603527], [-75.15147107287862, 39.94852149603527], [-75.15147107287862, 39.94852838271446], [-75.15153395494852, 39.94852838271446]]}, "properties": {"confidence": "high"}}, {"type": "Feature", "geometry": {"type": "LineString", "coordinates": [[-75.15147107287862, 39.94852149603527], [-75.15147107287862, 39.94851460935539], [-75.15140819080872, 39.94851460935539], [-75.15140819080872, 39.94852149603527], [-75.15147107287862, 39.94852149603527]]}, "properties": {"confidence": "high"}}, {"type": "Feature", "geometry": {"type": "LineString", "coordinates": [[-75.1493061330439, 39.94856281609999], [-75.1493061330439, 39.94850772267482], [-75.14929714989105, 39.94850772267482], [-75.14929714989105, 39.94856281609999], [-75.1493061330439, 39.94856281609999]]}, "properties": {"confidence": "high"}}, {"type": "Feature", "geometry": {"type": "LineString", "coordinates": [[-75.15140819080872, 39.94851460935539], [-75.15140819080872, 39.94850772267482], [-75.15135429189168, 39.94850772267482], [-75.15135429189168, 39.94851460935539], [-75.15140819080872, 39.94851460935539]]}, "properties": {"confidence": "high"}}, {"type": "Feature", "geometry": {"type": "LineString", "coordinates": [[-75.14765323292112, 39.94854904274786], [-75.14765323292112, 39.94850083599355], [-75.14764424976828, 39.94850083599355], [-75.14764424976828, 39.94854904274786], [-75.14765323292112, 39.94854904274786]]}, "properties": {"confidence": "high"}}, {"type": "Feature", "geometry": {"type": "LineString", "coordinates": [[-75.15135429189168, 39.94850772267482], [-75.15135429189168, 39.94850083599355], [-75.1512914098218, 39.94850083599355], [-75.1512914098218, 39.94850772267482], [-75.15135429189168, 39.94850772267482]]}, "properties": {"confidence": "high"}}, {"type": "Feature", "geometry": {"type": "LineString", "coordinates": [[-75.15097699947236, 39.94854215607075], [-75.15097699947236, 39.94849394931159], [-75.15096801631952, 39.94849394931159], [-75.15096801631952, 39.94854215607075], [-75.15097699947236, 39.94854215607075]]}, "properties": {"confidence": "high"}}, {"type": "Feature", "geometry": {"type": "LineString", "coordinates": [[-75.1512914098218, 39.94850083599355], [-75.1512914098218, 39.94849394931159], [-75.15122852775191, 39.94849394931159], [-75.15122852775191, 39.94850083599355], [-75.1512914098218, 39.94850083599355]]}, "properties": {"confidence": "high"}}, {"type": "Feature", "geometry": {"type": "LineString", "coordinates": [[-75.15262989959513, 39.948576589449345], [-75.15262989959513, 39.948487062628935], [-75.15262091644229, 39.948487062628935], [-75.15262091644229, 39.948576589449345], [-75.15262989959513, 39.948576589449345]]}, "properties": {"confidence": "high"}}, {"type": "Feature", "geometry": {"type": "LineString", "coordinates": [[-75.15122852775191, 39.94849394931159], [-75.15122852775191, 39.948487062628935], [-75.1511386962235, 39.948487062628935], [-75.1511386962235, 39.94849394931159], [-75.15122852775191, 39.94849394931159]]}, "properties": {"confidence": "high"}}, {"type": "Feature", "geometry": {"type": "LineString", "coordinates": [[-75.1509859826252, 39.94849394931159], [-75.1509859826252, 39.94848017594559], [-75.15097699947236, 39.94848017594559], [-75.15097699947236, 39.94849394931159], [-75.1509859826252, 39.94849394931159]]}, "properties": {"confidence": "high"}}, {"type": "Feature", "geometry": {"type": "LineString", "coordinates": [[-75.1511386962235, 39.948487062628935], [-75.1511386962235, 39.94848017594559], [-75.15104886469508, 39.94848017594559], [-75.15104886469508, 39.948487062628935], [-75.1511386962235, 39.948487062628935]]}, "properties": {"confidence": "high"}}, {"type": "Feature", "geometry": {"type": "LineString", "coordinates": [[-75.15418398503665, 39.94853526939295], [-75.15418398503665, 39.94847328926155], [-75.15417500188381, 39.94847328926155], [-75.15417500188381, 39.94853526939295], [-75.15418398503665, 39.94853526939295]]}, "properties": {"confidence": "high"}}, {"type": "Feature", "geometry": {"type": "LineString", "coordinates": [[-75.15104886469508, 39.94848017594559], [-75.15104886469508, 39.94847328926155], [-75.15102191523657, 39.94847328926155], [-75.15102191523657, 39.94848017594559], [-75.15104886469508, 39.94848017594559]]}, "properties": {"confidence": "high"}}, {"type": "Feature", "geometry": {"type": "LineString", "coordinates": [[-75.14931511619675, 39.94850772267482], [-75.14931511619675, 39.94846640257682], [-75.1493061330439, 39.94846640257682], [-75.1493061330439, 39.94850772267482], [-75.14931511619675, 39.94850772267482]]}, "properties": {"confidence": "high"}}, {"type": "Feature", "geometry": {"type": "LineString", "coordinates": [[-75.14766221607395, 39.94850083599355], [-75.14766221607395, 39.94846640257682], [-75.14765323292112, 39.94846640257682], [-75.14765323292112, 39.94850083599355], [-75.14766221607395, 39.94850083599355]]}, "properties": {"confidence": "high"}}, {"type": "Feature", "geometry": {"type": "LineString", "coordinates": [[-75.15099496577804, 39.94848017594559], [-75.15099496577804, 39.94846640257682], [-75.1509859826252, 39.94846640257682], [-75.1509859826252, 39.94848017594559], [-75.15099496577804, 39.94848017594559]]}, "properties": {"confidence": "high"}}, {"type": "Feature", "geometry": {"type": "LineString", "coordinates": [[-75.15102191523657, 39.94847328926155], [-75.15102191523657, 39.94846640257682], [-75.15100394893088, 39.94846640257682], [-75.15100394893088, 39.94847328926155], [-75.15102191523657, 39.94847328926155]]}, "properties": {"confidence": "high"}}, {"type": "Feature", "geometry": {"type": "LineString", "coordinates": [[-75.15263888274798, 39.948487062628935], [-75.15263888274798, 39.94843885583096], [-75.15262989959513, 39.94843885583096], [-75.15262989959513, 39.948487062628935], [-75.15263888274798, 39.948487062628935]]}, "properties": {"confidence": "high"}}, {"type": "Feature", "geometry": {"type": "LineString", "coordinates": [[-75.14932409934958, 39.94846640257682], [-75.14932409934958, 39.94843196914276], [-75.14931511619675, 39.94843196914276], [-75.14931511619675, 39.94846640257682], [-75.14932409934958, 39.94846640257682]]}, "properties": {"confidence": "high"}}, {"type": "Feature", "geometry": {"type": "LineString", "coordinates": [[-75.1476711992268, 39.94846640257682], [-75.1476711992268, 39.94843196914276], [-75.14766221607395, 39.94843196914276], [-75.14766221607395, 39.94846640257682], [-75.1476711992268, 39.94846640257682]]}, "properties": {"confidence": "high"}}, {"type": "Feature", "geometry": {"type": "LineString", "coordinates": [[-75.15100394893088, 39.94846640257682], [-75.15100394893088, 39.948418195764276], [-75.15099496577804, 39.948418195764276], [-75.15099496577804, 39.94846640257682], [-75.15100394893088, 39.94846640257682]]}, "properties": {"confidence": "high"}}, {"type": "Feature", "geometry": {"type": "LineString", "coordinates": [[-75.15264786590082, 39.94843885583096], [-75.15264786590082, 39.94840442238303], [-75.15263888274798, 39.94840442238303], [-75.15263888274798, 39.94843885583096], [-75.15264786590082, 39.94843885583096]]}, "properties": {"confidence": "high"}}, {"type": "Feature", "geometry": {"type": "LineString", "coordinates": [[-75.1541929681895, 39.94847328926155], [-75.1541929681895, 39.94839753569136], [-75.15418398503665, 39.94839753569136], [-75.15418398503665, 39.94847328926155], [-75.1541929681895, 39.94847328926155]]}, "properties": {"confidence": "high"}}, {"type": "Feature", "geometry": {"type": "LineString", "coordinates": [[-75.15265684905367, 39.94840442238303], [-75.15265684905367, 39.94837687561221], [-75.15264786590082, 39.94837687561221], [-75.15264786590082, 39.94840442238303], [-75.15265684905367, 39.94840442238303]]}, "properties": {"confidence": "high"}}, {"type": "Feature", "geometry": {"type": "LineString", "coordinates": [[-75.14768018237964, 39.94843196914276], [-75.14768018237964, 39.948363102222636], [-75.1476711992268, 39.948363102222636], [-75.1476711992268, 39.94843196914276], [-75.14768018237964, 39.94843196914276]]}, "properties": {"confidence": "high"}}, {"type": "Feature", "geometry": {"type": "LineString", "coordinates": [[-75.15652858792821, 39.94836998891777], [-75.15652858792821, 39.948363102222636], [-75.15647468901116, 39.948363102222636], [-75.15647468901116, 39.94836998891777], [-75.15652858792821, 39.94836998891777]]}, "properties": {"confidence": "high"}}, {"type": "Feature", "geometry": {"type": "LineString", "coordinates": [[-75.15420195134234, 39.94839753569136], [-75.15420195134234, 39.948356215526815], [-75.1541929681895, 39.948356215526815], [-75.1541929681895, 39.94839753569136], [-75.15420195134234, 39.94839753569136]]}, "properties": {"confidence": "high"}}, {"type": "Feature", "geometry": {"type": "LineString", "coordinates": [[-75.15647468901116, 39.948363102222636], [-75.15647468901116, 39.948356215526815], [-75.15641180694128, 39.948356215526815], [-75.15641180694128, 39.948363102222636], [-75.15647468901116, 39.948363102222636]]}, "properties": {"confidence": "high"}}, {"type": "Feature", "geometry": {"type": "LineString", "coordinates": [[-75.15641180694128, 39.948356215526815], [-75.15641180694128, 39.9483493288303], [-75.15636689117707, 39.9483493288303], [-75.15636689117707, 39.948356215526815], [-75.15641180694128, 39.948356215526815]]}, "properties": {"confidence": "high"}}, {"type": "Feature", "geometry": {"type": "LineString", "coordinates": [[-75.15636689117707, 39.9483493288303], [-75.15636689117707, 39.94834244213308], [-75.15631299226003, 39.94834244213308], [-75.15631299226003, 39.9483493288303], [-75.15636689117707, 39.9483493288303]]}, "properties": {"confidence": "high"}}, {"type": "Feature", "geometry": {"type": "LineString", "coordinates": [[-75.15101293208373, 39.948418195764276], [-75.15101293208373, 39.94833555543518], [-75.15100394893088, 39.94833555543518], [-75.15100394893088, 39.948418195764276], [-75.15101293208373, 39.948418195764276]]}, "properties": {"confidence": "high"}}, {"type": "Feature", "geometry": {"type": "LineString", "coordinates": [[-75.15631299226003, 39.94834244213308], [-75.15631299226003, 39.94833555543518], [-75.15625909334298, 39.94833555543518], [-75.15625909334298, 39.94834244213308], [-75.15631299226003, 39.94834244213308]]}, "properties": {"confidence": "high"}}, {"type": "Feature", "geometry": {"type": "LineString", "coordinates": [[-75.14933308250242, 39.94843196914276], [-75.14933308250242, 39.948328668736586], [-75.14932409934958, 39.948328668736586], [-75.14932409934958, 39.94843196914276], [-75.14933308250242, 39.94843196914276]]}, "properties": {"confidence": "high"}}, {"type": "Feature", "geometry": {"type": "LineString", "coordinates": [[-75.15421093449518, 39.948356215526815], [-75.15421093449518, 39.948328668736586], [-75.15420195134234, 39.948328668736586], [-75.15420195134234, 39.948356215526815], [-75.15421093449518, 39.948356215526815]]}, "properties": {"confidence": "high"}}, {"type": "Feature", "geometry": {"type": "LineString", "coordinates": [[-75.15625909334298, 39.94833555543518], [-75.15625909334298, 39.948328668736586], [-75.15621417757878, 39.948328668736586], [-75.15621417757878, 39.94833555543518], [-75.15625909334298, 39.94833555543518]]}, "properties": {"confidence": "high"}}, {"type": "Feature", "geometry": {"type": "LineString", "coordinates": [[-75.15266583220651, 39.94837687561221], [-75.15266583220651, 39.94832178203729], [-75.15265684905367, 39.94832178203729], [-75.15265684905367, 39.94837687561221], [-75.15266583220651, 39.94837687561221]]}, "properties": {"confidence": "high"}}, {"type": "Feature", "geometry": {"type": "LineString", "coordinates": [[-75.14768916553248, 39.948363102222636], [-75.14768916553248, 39.94832178203729], [-75.14768018237964, 39.94832178203729], [-75.14768018237964, 39.948363102222636], [-75.14768916553248, 39.948363102222636]]}, "properties": {"confidence": "high"}}, {"type": "Feature", "geometry": {"type": "LineString", "coordinates": [[-75.15621417757878, 39.948328668736586], [-75.15621417757878, 39.94832178203729], [-75.15615129550889, 39.94832178203729], [-75.15615129550889, 39.948328668736586], [-75.15621417757878, 39.948328668736586]]}, "properties": {"confidence": "high"}}, {"type": "Feature", "geometry": {"type": "LineString", "coordinates": [[-75.15615129550889, 39.94832178203729], [-75.15615129550889, 39.948314895337305], [-75.15609739659185, 39.948314895337305], [-75.15609739659185, 39.94832178203729], [-75.15615129550889, 39.94832178203729]]}, "properties": {"confidence": "high"}}, {"type": "Feature", "geometry": {"type": "LineString", "coordinates": [[-75.15102191523657, 39.94833555543518], [-75.15102191523657, 39.94830800863663], [-75.15101293208373, 39.94830800863663], [-75.15101293208373, 39.94833555543518], [-75.15102191523657, 39.94833555543518]]}, "properties": {"confidence": "high"}}, {"type": "Feature", "geometry": {"type": "LineString", "coordinates": [[-75.15609739659185, 39.948314895337305], [-75.15609739659185, 39.94830800863663], [-75.15606146398048, 39.94830800863663], [-75.15606146398048, 39.948314895337305], [-75.15609739659185, 39.948314895337305]]}, "properties": {"confidence": "high"}}, {"type": "Feature", "geometry": {"type": "LineString", "coordinates": [[-75.15606146398048, 39.94830800863663], [-75.15606146398048, 39.94830112193525], [-75.15601654821626, 39.94830112193525], [-75.15601654821626, 39.94830800863663], [-75.15606146398048, 39.94830800863663]]}, "properties": {"confidence": "high"}}, {"type": "Feature", "geometry": {"type": "LineString", "coordinates": [[-75.14934206565526, 39.948328668736586], [-75.14934206565526, 39.94830800863663], [-75.1493510488081, 39.94830800863663], [-75.1493510488081, 39.94830112193525], [-75.1493061330439, 39.94830112193525], [-75.1493061330439, 39.94830800863663], [-75.14933308250242, 39.94830800863663], [-75.14933308250242, 39.948328668736586], [-75.14934206565526, 39.948328668736586]]}, "properties": {"confidence": "high"}}, {"type": "Feature", "geometry": {"type": "LineString", "coordinates": [[-75.15601654821626, 39.94830112193525], [-75.15601654821626, 39.94829423523319], [-75.15597163245205, 39.94829423523319], [-75.15597163245205, 39.94830112193525], [-75.15601654821626, 39.94830112193525]]}, "properties": {"confidence": "high"}}, {"type": "Feature", "geometry": {"type": "LineString", "coordinates": [[-75.1493061330439, 39.94830112193525], [-75.1493061330439, 39.94829423523319], [-75.14925223412685, 39.94829423523319], [-75.14925223412685, 39.94830112193525], [-75.1493061330439, 39.94830112193525]]}, "properties": {"confidence": "high"}}, {"type": "Feature", "geometry": {"type": "LineString", "coordinates": [[-75.15421991764802, 39.948328668736586], [-75.15421991764802, 39.948287348530435], [-75.15421093449518, 39.948287348530435], [-75.15421093449518, 39.948328668736586], [-75.15421991764802, 39.948328668736586]]}, "properties": {"confidence": "high"}}, {"type": "Feature", "geometry": {"type": "LineString", "coordinates": [[-75.15267481535935, 39.94832178203729], [-75.15267481535935, 39.948287348530435], [-75.15266583220651, 39.948287348530435], [-75.15266583220651, 39.94832178203729], [-75.15267481535935, 39.94832178203729]]}, "properties": {"confidence": "high"}}, {"type": "Feature", "geometry": {"type": "LineString", "coordinates": [[-75.14769814868532, 39.94832178203729], [-75.14769814868532, 39.948287348530435], [-75.14768916553248, 39.948287348530435], [-75.14768916553248, 39.94832178203729], [-75.14769814868532, 39.94832178203729]]}, "properties": {"confidence": "high"}}, {"type": "Feature", "geometry": {"type": "LineString", "coordinates": [[-75.15597163245205, 39.94829423523319], [-75.15597163245205, 39.948287348530435], [-75.1559356998407, 39.948287348530435], [-75.1559356998407, 39.94829423523319], [-75.15597163245205, 39.94829423523319]]}, "properties": {"confidence": "high"}}, {"type": "Feature", "geometry": {"type": "LineString", "coordinates": [[-75.14925223412685, 39.94829423523319], [-75.14925223412685, 39.948287348530435], [-75.14918036890411, 39.948287348530435], [-75.14918036890411, 39.94829423523319], [-75.14925223412685, 39.94829423523319]]}, "properties": {"confidence": "high"}}, {"type": "Feature", "geometry": {"type": "LineString", "coordinates": [[-75.1559356998407, 39.948287348530435], [-75.1559356998407, 39.94828046182698], [-75.15589976722933, 39.94828046182698], [-75.15589976722933, 39.948287348530435], [-75.1559356998407, 39.948287348530435]]}, "properties": {"confidence": "high"}}, {"type": "Feature", "geometry": {"type": "LineString", "coordinates": [[-75.14918036890411, 39.948287348530435], [-75.14918036890411, 39.94828046182698], [-75.14910850368139, 39.94828046182698], [-75.14910850368139, 39.948287348530435], [-75.14918036890411, 39.948287348530435]]}, "properties": {"confidence": "high"}}, {"type": "Feature", "geometry": {"type": "LineString", "coordinates": [[-75.15103089838941, 39.94830800863663], [-75.15103089838941, 39.94827357512284], [-75.15102191523657, 39.94827357512284], [-75.15102191523657, 39.94830800863663], [-75.15103089838941, 39.94830800863663]]}, "properties": {"confidence": "high"}}, {"type": "Feature", "geometry": {"type": "LineString", "coordinates": [[-75.14936003196094, 39.94830112193525], [-75.14936003196094, 39.94827357512284], [-75.1493510488081, 39.94827357512284], [-75.1493510488081, 39.94830112193525], [-75.14936003196094, 39.94830112193525]]}, "properties": {"confidence": "high"}}, {"type": "Feature", "geometry": {"type": "LineString", "coordinates": [[-75.15589976722933, 39.94828046182698], [-75.15589976722933, 39.94827357512284], [-75.15584586831228, 39.94827357512284], [-75.15584586831228, 39.94828046182698], [-75.15589976722933, 39.94828046182698]]}, "properties": {"confidence": "high"}}, {"type": "Feature", "geometry": {"type": "LineString", "coordinates": [[-75.14910850368139, 39.94828046182698], [-75.14910850368139, 39.94827357512284], [-75.14900968900014, 39.94827357512284], [-75.14900968900014, 39.94828046182698], [-75.14910850368139, 39.94828046182698]]}, "properties": {"confidence": "high"}}, {"type": "Feature", "geometry": {"type": "LineString", "coordinates": [[-75.15584586831228, 39.94827357512284], [-75.15584586831228, 39.948266688417995], [-75.1558279020066, 39.948266688417995], [-75.1558279020066, 39.94827357512284], [-75.15584586831228, 39.94827357512284]]}, "properties": {"confidence": "high"}}, {"type": "Feature", "geometry": {"type": "LineString", "coordinates": [[-75.14900968900014, 39.94827357512284], [-75.14900968900014, 39.948266688417995], [-75.1489557900831, 39.948266688417995], [-75.1489557900831, 39.94827357512284], [-75.14900968900014, 39.94827357512284]]}, "properties": {"confidence": "high"}}, {"type": "Feature", "geometry": {"type": "LineString", "coordinates": [[-75.1558279020066, 39.948266688417995], [-75.1558279020066, 39.94825980171247], [-75.15580993570092, 39.94825980171247], [-75.15580993570092, 39.948266688417995], [-75.1558279020066, 39.948266688417995]]}, "properties": {"confidence": "high"}}, {"type": "Feature", "geometry": {"type": "LineString", "coordinates": [[-75.1489557900831, 39.948266688417995], [-75.1489557900831, 39.94825980171247], [-75.14886595855468, 39.94825980171247], [-75.14886595855468, 39.948266688417995], [-75.1489557900831, 39.948266688417995]]}, "properties": {"confidence": "high"}}, {"type": "Feature", "geometry": {"type": "LineString", "coordinates": [[-75.14770713183816, 39.948287348530435], [-75.14770713183816, 39.948252915006236], [-75.14769814868532, 39.948252915006236], [-75.14769814868532, 39.948287348530435], [-75.14770713183816, 39.948287348530435]]}, "properties": {"confidence": "high"}}, {"type": "Feature", "geometry": {"type": "LineString", "coordinates": [[-75.14886595855468, 39.94825980171247], [-75.14886595855468, 39.948252915006236], [-75.14860544712228, 39.948252915006236], [-75.14860544712228, 39.94825980171247], [-75.14886595855468, 39.94825980171247]]}, "properties": {"confidence": "high"}}, {"type": "Feature", "geometry": {"type": "LineString", "coordinates": [[-75.15268379851219, 39.948287348530435], [-75.15268379851219, 39.94824602829932], [-75.15267481535935, 39.94824602829932], [-75.15267481535935, 39.948287348530435], [-75.15268379851219, 39.948287348530435]]}, "properties": {"confidence": "high"}}, {"type": "Feature", "geometry": {"type": "LineString", "coordinates": [[-75.15580993570092, 39.94825980171247], [-75.15580993570092, 39.948252915006236], [-75.15581891885375, 39.948252915006236], [-75.15581891885375, 39.94824602829932], [-75.15570213786683, 39.94824602829932], [-75.15570213786683, 39.948252915006236], [-75.15580095254808, 39.948252915006236], [-75.15580095254808, 39.94825980171247], [-75.15580993570092, 39.94825980171247]]}, "properties": {"confidence": "high"}}, {"type": "Feature", "geometry": {"type": "LineString", "coordinates": [[-75.14860544712228, 39.948252915006236], [-75.14860544712228, 39.94824602829932], [-75.14856951451091, 39.94824602829932], [-75.14856951451091, 39.948252915006236], [-75.14860544712228, 39.948252915006236]]}, "properties": {"confidence": "high"}}, {"type": "Feature", "geometry": {"type": "LineString", "coordinates": [[-75.15570213786683, 39.94824602829932], [-75.15570213786683, 39.948239141591706], [-75.15560332318557, 39.948239141591706], [-75.15560332318557, 39.94824602829932], [-75.15570213786683, 39.94824602829932]]}, "properties": {"confidence": "high"}}, {"type": "Feature", "geometry": {"type": "LineString", "coordinates": [[-75.14856951451091, 39.94824602829932], [-75.14856951451091, 39.948239141591706], [-75.14850663244103, 39.948239141591706], [-75.14850663244103, 39.94824602829932], [-75.14856951451091, 39.94824602829932]]}, "properties": {"confidence": "high"}}, {"type": "Feature", "geometry": {"type": "LineString", "coordinates": [[-75.15422890080086, 39.948287348530435], [-75.15422890080086, 39.94823225488341], [-75.15421991764802, 39.94823225488341], [-75.15421991764802, 39.948287348530435], [-75.15422890080086, 39.948287348530435]]}, "properties": {"confidence": "high"}}, {"type": "Feature", "geometry": {"type": "LineString", "coordinates": [[-75.15560332318557, 39.948239141591706], [-75.15560332318557, 39.94823225488341], [-75.15554942426853, 39.94823225488341], [-75.15554942426853, 39.948239141591706], [-75.15560332318557, 39.948239141591706]]}, "properties": {"confidence": "high"}}, {"type": "Feature", "geometry": {"type": "LineString", "coordinates": [[-75.15103988154225, 39.94827357512284], [-75.15103988154225, 39.948225368174406], [-75.15103089838941, 39.948225368174406], [-75.15103089838941, 39.94827357512284], [-75.15103988154225, 39.94827357512284]]}, "properties": {"confidence": "high"}}, {"type": "Feature", "geometry": {"type": "LineString", "coordinates": [[-75.1558279020066, 39.94824602829932], [-75.1558279020066, 39.948225368174406], [-75.15581891885375, 39.948225368174406], [-75.15581891885375, 39.94824602829932], [-75.1558279020066, 39.94824602829932]]}, "properties": {"confidence": "high"}}, {"type": "Feature", "geometry": {"type": "LineString", "coordinates": [[-75.15554942426853, 39.94823225488341], [-75.15554942426853, 39.948225368174406], [-75.15549552535148, 39.948225368174406], [-75.15549552535148, 39.94823225488341], [-75.15554942426853, 39.94823225488341]]}, "properties": {"confidence": "high"}}, {"type": "Feature", "geometry": {"type": "LineString", "coordinates": [[-75.14936901511379, 39.94827357512284], [-75.14936901511379, 39.948218481464714], [-75.14936003196094, 39.948218481464714], [-75.14936003196094, 39.94827357512284], [-75.14936901511379, 39.94827357512284]]}, "properties": {"confidence": "high"}}, {"type": "Feature", "geometry": {"type": "LineString", "coordinates": [[-75.147716114991, 39.948252915006236], [-75.147716114991, 39.948218481464714], [-75.14770713183816, 39.948218481464714], [-75.14770713183816, 39.948252915006236], [-75.147716114991, 39.948252915006236]]}, "properties": {"confidence": "high"}}, {"type": "Feature", "geometry": {"type": "LineString", "coordinates": [[-75.15583688515945, 39.948225368174406], [-75.15583688515945, 39.948218481464714], [-75.1558279020066, 39.948218481464714], [-75.1558279020066, 39.948225368174406], [-75.15583688515945, 39.948225368174406]]}, "properties": {"confidence": "high"}}, {"type": "Feature", "geometry": {"type": "LineString", "coordinates": [[-75.15549552535148, 39.948225368174406], [-75.15549552535148, 39.948218481464714], [-75.15542366012875, 39.948218481464714], [-75.15542366012875, 39.948225368174406], [-75.15549552535148, 39.948225368174406]]}, "properties": {"confidence": "high"}}, {"type": "Feature", "geometry": {"type": "LineString", "coordinates": [[-75.15542366012875, 39.948218481464714], [-75.15542366012875, 39.94821159475433], [-75.15537874436454, 39.94821159475433], [-75.15537874436454, 39.948218481464714], [-75.15542366012875, 39.948218481464714]]}, "properties": {"confidence": "high"}}, {"type": "Feature", "geometry": {"type": "LineString", "coordinates": [[-75.15537874436454, 39.94821159475433], [-75.15537874436454, 39.94820470804326], [-75.15533382860033, 39.94820470804326], [-75.15533382860033, 39.94821159475433], [-75.15537874436454, 39.94821159475433]]}, "properties": {"confidence": "high"}}, {"type": "Feature", "geometry": {"type": "LineString", "coordinates": [[-75.15269278166502, 39.94824602829932], [-75.15269278166502, 39.94819782133148], [-75.15268379851219, 39.94819782133148], [-75.15268379851219, 39.94824602829932], [-75.15269278166502, 39.94824602829932]]}, "properties": {"confidence": "high"}}, {"type": "Feature", "geometry": {"type": "LineString", "coordinates": [[-75.15533382860033, 39.94820470804326], [-75.15533382860033, 39.94819782133148], [-75.15527992968329, 39.94819782133148], [-75.15527992968329, 39.94820470804326], [-75.15533382860033, 39.94820470804326]]}, "properties": {"confidence": "high"}}, {"type": "Feature", "geometry": {"type": "LineString", "coordinates": [[-75.15423788395371, 39.94823225488341], [-75.15423788395371, 39.94819093461902], [-75.15422890080086, 39.94819093461902], [-75.15422890080086, 39.94823225488341], [-75.15423788395371, 39.94823225488341]]}, "properties": {"confidence": "high"}}, {"type": "Feature", "geometry": {"type": "LineString", "coordinates": [[-75.15527992968329, 39.94819782133148], [-75.15527992968329, 39.94819093461902], [-75.15520806446055, 39.94819093461902], [-75.15520806446055, 39.94819782133148], [-75.15527992968329, 39.94819782133148]]}, "properties": {"confidence": "high"}}, {"type": "Feature", "geometry": {"type": "LineString", "coordinates": [[-75.15520806446055, 39.94819093461902], [-75.15520806446055, 39.94818404790586], [-75.15515416554351, 39.94818404790586], [-75.15515416554351, 39.94819093461902], [-75.15520806446055, 39.94819093461902]]}, "properties": {"confidence": "high"}}, {"type": "Feature", "geometry": {"type": "LineString", "coordinates": [[-75.15515416554351, 39.94818404790586], [-75.15515416554351, 39.948177161192014], [-75.15513619923783, 39.948177161192014], [-75.15513619923783, 39.94818404790586], [-75.15515416554351, 39.94818404790586]]}, "properties": {"confidence": "high"}}, {"type": "Feature", "geometry": {"type": "LineString", "coordinates": [[-75.15513619923783, 39.948177161192014], [-75.15513619923783, 39.94817027447747], [-75.15507331716795, 39.94817027447747], [-75.15507331716795, 39.948177161192014], [-75.15513619923783, 39.948177161192014]]}, "properties": {"confidence": "high"}}, {"type": "Feature", "geometry": {"type": "LineString", "coordinates": [[-75.15507331716795, 39.94817027447747], [-75.15507331716795, 39.94816338776223], [-75.15498348563953, 39.94816338776223], [-75.15498348563953, 39.94817027447747], [-75.15507331716795, 39.94817027447747]]}, "properties": {"confidence": "high"}}, {"type": "Feature", "geometry": {"type": "LineString", "coordinates": [[-75.15498348563953, 39.94816338776223], [-75.15498348563953, 39.948156501046306], [-75.15486670465259, 39.948156501046306], [-75.15486670465259, 39.94816338776223], [-75.15498348563953, 39.94816338776223]]}, "properties": {"confidence": "high"}}, {"type": "Feature", "geometry": {"type": "LineString", "coordinates": [[-75.15486670465259, 39.948156501046306], [-75.15486670465259, 39.94814961432967], [-75.15472297420713, 39.94814961432967], [-75.15472297420713, 39.948156501046306], [-75.15486670465259, 39.948156501046306]]}, "properties": {"confidence": "high"}}, {"type": "Feature", "geometry": {"type": "LineString", "coordinates": [[-75.15424686710655, 39.94819093461902], [-75.15424686710655, 39.948156501046306], [-75.15425585025939, 39.948156501046306], [-75.15425585025939, 39.94814961432967], [-75.15423788395371, 39.94814961432967], [-75.15423788395371, 39.94819093461902], [-75.15424686710655, 39.94819093461902]]}, "properties": {"confidence": "high"}}, {"type": "Feature", "geometry": {"type": "LineString", "coordinates": [[-75.15472297420713, 39.94814961432967], [-75.15472297420713, 39.948142727612364], [-75.15459721006737, 39.948142727612364], [-75.15459721006737, 39.94814961432967], [-75.15472297420713, 39.94814961432967]]}, "properties": {"confidence": "high"}}, {"type": "Feature", "geometry": {"type": "LineString", "coordinates": [[-75.15427381656507, 39.94814961432967], [-75.15427381656507, 39.948142727612364], [-75.15425585025939, 39.948142727612364], [-75.15425585025939, 39.94814961432967], [-75.15427381656507, 39.94814961432967]]}, "properties": {"confidence": "high"}}, {"type": "Feature", "geometry": {"type": "LineString", "coordinates": [[-75.15459721006737, 39.948142727612364], [-75.15459721006737, 39.94813584089435], [-75.15446246277475, 39.94813584089435], [-75.15446246277475, 39.948142727612364], [-75.15459721006737, 39.948142727612364]]}, "properties": {"confidence": "high"}}, {"type": "Feature", "geometry": {"type": "LineString", "coordinates": [[-75.15431873232927, 39.948142727612364], [-75.15431873232927, 39.94813584089435], [-75.15427381656507, 39.94813584089435], [-75.15427381656507, 39.948142727612364], [-75.15431873232927, 39.948142727612364]]}, "properties": {"confidence": "high"}}, {"type": "Feature", "geometry": {"type": "LineString", "coordinates": [[-75.15446246277475, 39.94813584089435], [-75.15446246277475, 39.948128954175644], [-75.15431873232927, 39.948128954175644], [-75.15431873232927, 39.94813584089435], [-75.15446246277475, 39.94813584089435]]}, "properties": {"confidence": "high"}}]}