{"type": "FeatureCollection", "features": [{"type": "Feature", "geometry": {"type": "LineString", "coordinates": [[-98.4877820979524, 29.43600191997875], [-98.4877820979524, 29.435994096504118], [-98.48777311479957, 29.435994096504118], [-98.48777311479957, 29.43600191997875], [-98.4877820979524, 29.43600191997875]]}, "properties": {"confidence": "high"}}, {"type": "Feature", "geometry": {"type": "LineString", "coordinates": [[-98.48738683922741, 29.43600191997875], [-98.48738683922741, 29.435994096504118], [-98.48735090661604, 29.435994096504118], [-98.48735090661604, 29.43600191997875], [-98.48738683922741, 29.43600191997875]]}, "properties": {"confidence": "high"}}, {"type": "Feature", "geometry": {"type": "LineString", "coordinates": [[-98.48519494993415, 29.43600191997875], [-98.48519494993415, 29.435994096504118], [-98.48515901732279, 29.435994096504118], [-98.48515901732279, 29.43600191997875], [-98.48519494993415, 29.43600191997875]]}, "properties": {"confidence": "high"}}, {"type": "Feature", "geometry": {"type": "LineString", "coordinates": [[-98.48110761539141, 29.43600191997875], [-98.48110761539141, 29.435994096504118], [-98.48109863223857, 29.435994096504118], [-98.48109863223857, 29.43600191997875], [-98.48110761539141, 29.43600191997875]]}, "properties": {"confidence": "high"}}, {"type": "Feature", "geometry": {"type": "LineString", "coordinates": [[-98.4807572724306, 29.43600191997875], [-98.4807572724306, 29.435994096504118], [-98.48074828927776, 29.435994096504118], [-98.48074828927776, 29.43600191997875], [-98.4807572724306, 29.43600191997875]]}, "properties": {"confidence": "high"}}, {"type": "Feature", "geometry": {"type": "LineString", "coordinates": [[-98.48044286208116, 29.43600191997875], [-98.48044286208116, 29.435994096504118], [-98.48043387892832, 29.435994096504118], [-98.48043387892832, 29.43600191997875], [-98.48044286208116, 29.43600191997875]]}, "properties": {"confidence": "high"}}, {"type": "Feature", "geometry": {"type": "LineString", "coordinates": [[-98.48927330132405, 29.435994096504118], [-98.48927330132405, 29.43598627302889], [-98.48926431817121, 29.43598627302889], [-98.48926431817121, 29.435994096504118], [-98.48927330132405, 29.435994096504118]]}, "properties": {"confidence": "high"}}, {"type": "Feature", "geometry": {"type": "LineString", "coordinates": [[-98.48777311479957, 29.435994096504118], [-98.48777311479957, 29.43598627302889], [-98.48775514849389, 29.43598627302889], [-98.48775514849389, 29.435994096504118], [-98.48777311479957, 29.435994096504118]]}, "properties": {"confidence": "high"}}, {"type": "Feature", "geometry": {"type": "LineString", "coordinates": [[-98.48742277183877, 29.435994096504118], [-98.48742277183877, 29.43598627302889], [-98.48738683922741, 29.43598627302889], [-98.48738683922741, 29.435994096504118], [-98.48742277183877, 29.435994096504118]]}, "properties": {"confidence": "high"}}, {"type": "Feature", "geometry": {"type": "LineString", "coordinates": [[-98.48523088254552, 29.435994096504118], [-98.48523088254552, 29.43598627302889], [-98.48519494993415, 29.43598627302889], [-98.48519494993415, 29.435994096504118], [-98.48523088254552, 29.435994096504118]]}, "properties": {"confidence": "high"}}, {"type": "Feature", "geometry": {"type": "LineString", "coordinates": [[-98.48462901130516, 29.435994096504118], [-98.48462901130516, 29.43598627302889], [-98.48461104499947, 29.43598627302889], [-98.48461104499947, 29.435994096504118], [-98.48462901130516, 29.435994096504118]]}, "properties": {"confidence": "high"}}, {"type": "Feature", "geometry": {"type": "LineString", "coordinates": [[-98.4811255816971, 29.435994096504118], [-98.4811255816971, 29.43598627302889], [-98.48110761539141, 29.43598627302889], [-98.48110761539141, 29.435994096504118], [-98.4811255816971, 29.435994096504118]]}, "properties": {"confidence": "high"}}, {"type": "Feature", "geometry": {"type": "LineString", "coordinates": [[-98.48074828927776, 29.435994096504118], [-98.48074828927776, 29.43598627302889], [-98.48072133981924, 29.43598627302889], [-98.48072133981924, 29.435994096504118], [-98.48074828927776, 29.435994096504118]]}, "properties": {"confidence": "high"}}, {"type": "Feature", "geometry": {"type": "LineString", "coordinates": [[-98.480451845234, 29.435994096504118], [-98.480451845234, 29.43598627302889], [-98.48044286208116, 29.43598627302889], [-98.48044286208116, 29.435994096504118], [-98.480451845234, 29.435994096504118]]}, "properties": {"confidence": "high"}}, {"type": "Feature", "geometry": {"type": "LineString", "coordinates": [[-98.48926431817121, 29.43598627302889], [-98.48926431817121, 29.435978449553048], [-98.48924635186553, 29.435978449553048], [-98.48924635186553, 29.43598627302889], [-98.48926431817121, 29.43598627302889]]}, "properties": {"confidence": "high"}}, {"type": "Feature", "geometry": {"type": "LineString", "coordinates": [[-98.48775514849389, 29.43598627302889], [-98.48775514849389, 29.435978449553048], [-98.4877371821882, 29.435978449553048], [-98.4877371821882, 29.43598627302889], [-98.48775514849389, 29.43598627302889]]}, "properties": {"confidence": "high"}}, {"type": "Feature", "geometry": {"type": "LineString", "coordinates": [[-98.48745870445013, 29.43598627302889], [-98.48745870445013, 29.435978449553048], [-98.48742277183877, 29.435978449553048], [-98.48742277183877, 29.43598627302889], [-98.48745870445013, 29.43598627302889]]}, "properties": {"confidence": "high"}}, {"type": "Feature", "geometry": {"type": "LineString", "coordinates": [[-98.48525783200404, 29.43598627302889], [-98.48525783200404, 29.435978449553048], [-98.48523088254552, 29.435978449553048], [-98.48523088254552, 29.43598627302889], [-98.48525783200404, 29.43598627302889]]}, "properties": {"confidence": "high"}}, {"type": "Feature", "geometry": {"type": "LineString", "coordinates": [[-98.484637994458, 29.43598627302889], [-98.484637994458, 29.435978449553048], [-98.48462901130516, 29.435978449553048], [-98.48462901130516, 29.43598627302889], [-98.484637994458, 29.43598627302889]]}, "properties": {"confidence": "high"}}, {"type": "Feature", "geometry": {"type": "LineString", "coordinates": [[-98.48114354800278, 29.43598627302889], [-98.48114354800278, 29.435978449553048], [-98.4811255816971, 29.435978449553048], [-98.4811255816971, 29.43598627302889], [-98.48114354800278, 29.43598627302889]]}, "properties": {"confidence": "high"}}, {"type": "Feature", "geometry": {"type": "LineString", "coordinates": [[-98.48072133981924, 29.43598627302889], [-98.48072133981924, 29.435978449553048], [-98.48068540720787, 29.435978449553048], [-98.48068540720787, 29.43598627302889], [-98.48072133981924, 29.43598627302889]]}, "properties": {"confidence": "high"}}, {"type": "Feature", "geometry": {"type": "LineString", "coordinates": [[-98.48046082838685, 29.43598627302889], [-98.48046082838685, 29.435978449553048], [-98.480451845234, 29.435978449553048], [-98.480451845234, 29.43598627302889], [-98.48046082838685, 29.43598627302889]]}, "properties": {"confidence": "high"}}, {"type": "Feature", "geometry": {"type": "LineString", "coordinates": [[-98.48924635186553, 29.435978449553048], [-98.48924635186553, 29.435970626076607], [-98.48922838555984, 29.435970626076607], [-98.48922838555984, 29.435978449553048], [-98.48924635186553, 29.435978449553048]]}, "properties": {"confidence": "high"}}, {"type": "Feature", "geometry": {"type": "LineString", "coordinates": [[-98.4877371821882, 29.435978449553048], [-98.4877371821882, 29.435970626076607], [-98.48771921588252, 29.435970626076607], [-98.48771921588252, 29.435978449553048], [-98.4877371821882, 29.435978449553048]]}, "properties": {"confidence": "high"}}, {"type": "Feature", "geometry": {"type": "LineString", "coordinates": [[-98.4874946370615, 29.435978449553048], [-98.4874946370615, 29.435970626076607], [-98.48745870445013, 29.435970626076607], [-98.48745870445013, 29.435978449553048], [-98.4874946370615, 29.435978449553048]]}, "properties": {"confidence": "high"}}, {"type": "Feature", "geometry": {"type": "LineString", "coordinates": [[-98.4852937646154, 29.435978449553048], [-98.4852937646154, 29.435970626076607], [-98.48525783200404, 29.435970626076607], [-98.48525783200404, 29.435978449553048], [-98.4852937646154, 29.435978449553048]]}, "properties": {"confidence": "high"}}, {"type": "Feature", "geometry": {"type": "LineString", "coordinates": [[-98.48464697761084, 29.435978449553048], [-98.48464697761084, 29.435970626076607], [-98.484637994458, 29.435970626076607], [-98.484637994458, 29.435978449553048], [-98.48464697761084, 29.435978449553048]]}, "properties": {"confidence": "high"}}, {"type": "Feature", "geometry": {"type": "LineString", "coordinates": [[-98.48389239277218, 29.435978449553048], [-98.48389239277218, 29.435970626076607], [-98.4838744264665, 29.435970626076607], [-98.4838744264665, 29.435978449553048], [-98.48389239277218, 29.435978449553048]]}, "properties": {"confidence": "high"}}, {"type": "Feature", "geometry": {"type": "LineString", "coordinates": [[-98.48115253115562, 29.435978449553048], [-98.48115253115562, 29.435970626076607], [-98.48114354800278, 29.435970626076607], [-98.48114354800278, 29.435978449553048], [-98.48115253115562, 29.435978449553048]]}, "properties": {"confidence": "high"}}, {"type": "Feature", "geometry": {"type": "LineString", "coordinates": [[-98.48068540720787, 29.435978449553048], [-98.48068540720787, 29.435970626076607], [-98.48065845774934, 29.435970626076607], [-98.48065845774934, 29.435978449553048], [-98.48068540720787, 29.435978449553048]]}, "properties": {"confidence": "high"}}, {"type": "Feature", "geometry": {"type": "LineString", "coordinates": [[-98.48046981153969, 29.435978449553048], [-98.48046981153969, 29.435970626076607], [-98.48046082838685, 29.435970626076607], [-98.48046082838685, 29.435978449553048], [-98.48046981153969, 29.435978449553048]]}, "properties": {"confidence": "high"}}, {"type": "Feature", "geometry": {"type": "LineString", "coordinates": [[-98.48922838555984, 29.435970626076607], [-98.48922838555984, 29.435962802599565], [-98.48920143610133, 29.435962802599565], [-98.48920143610133, 29.435970626076607], [-98.48922838555984, 29.435970626076607]]}, "properties": {"confidence": "high"}}, {"type": "Feature", "geometry": {"type": "LineString", "coordinates": [[-98.48771921588252, 29.435970626076607], [-98.48771921588252, 29.435962802599565], [-98.48770124957684, 29.435962802599565], [-98.48770124957684, 29.435970626076607], [-98.48771921588252, 29.435970626076607]]}, "properties": {"confidence": "high"}}, {"type": "Feature", "geometry": {"type": "LineString", "coordinates": [[-98.48753056967286, 29.435970626076607], [-98.48753056967286, 29.435962802599565], [-98.4874946370615, 29.435962802599565], [-98.4874946370615, 29.435970626076607], [-98.48753056967286, 29.435970626076607]]}, "properties": {"confidence": "high"}}, {"type": "Feature", "geometry": {"type": "LineString", "coordinates": [[-98.48532969722676, 29.435970626076607], [-98.48532969722676, 29.435962802599565], [-98.4852937646154, 29.435962802599565], [-98.4852937646154, 29.435970626076607], [-98.48532969722676, 29.435970626076607]]}, "properties": {"confidence": "high"}}, {"type": "Feature", "geometry": {"type": "LineString", "coordinates": [[-98.48465596076367, 29.435970626076607], [-98.48465596076367, 29.435962802599565], [-98.48464697761084, 29.435962802599565], [-98.48464697761084, 29.435970626076607], [-98.48465596076367, 29.435970626076607]]}, "properties": {"confidence": "high"}}, {"type": "Feature", "geometry": {"type": "LineString", "coordinates": [[-98.48390137592503, 29.435970626076607], [-98.48390137592503, 29.435962802599565], [-98.48389239277218, 29.435962802599565], [-98.48389239277218, 29.435970626076607], [-98.48390137592503, 29.435970626076607]]}, "properties": {"confidence": "high"}}, {"type": "Feature", "geometry": {"type": "LineString", "coordinates": [[-98.48116151430845, 29.435970626076607], [-98.48116151430845, 29.435962802599565], [-98.48115253115562, 29.435962802599565], [-98.48115253115562, 29.435970626076607], [-98.48116151430845, 29.435970626076607]]}, "properties": {"confidence": "high"}}, {"type": "Feature", "geometry": {"type": "LineString", "coordinates": [[-98.48065845774934, 29.435970626076607], [-98.48065845774934, 29.435962802599565], [-98.48063150829083, 29.435962802599565], [-98.48063150829083, 29.435970626076607], [-98.48065845774934, 29.435970626076607]]}, "properties": {"confidence": "high"}}, {"type": "Feature", "geometry": {"type": "LineString", "coordinates": [[-98.48047879469253, 29.435970626076607], [-98.48047879469253, 29.435962802599565], [-98.48046981153969, 29.435962802599565], [-98.48046981153969, 29.435970626076607], [-98.48047879469253, 29.435970626076607]]}, "properties": {"confidence": "high"}}, {"type": "Feature", "geometry": {"type": "LineString", "coordinates": [[-98.48920143610133, 29.435962802599565], [-98.48920143610133, 29.43595497912191], [-98.4891744866428, 29.43595497912191], [-98.4891744866428, 29.435962802599565], [-98.48920143610133, 29.435962802599565]]}, "properties": {"confidence": "high"}}, {"type": "Feature", "geometry": {"type": "LineString", "coordinates": [[-98.48770124957684, 29.435962802599565], [-98.48770124957684, 29.43595497912191], [-98.487692266424, 29.43595497912191], [-98.487692266424, 29.435962802599565], [-98.48770124957684, 29.435962802599565]]}, "properties": {"confidence": "high"}}, {"type": "Feature", "geometry": {"type": "LineString", "coordinates": [[-98.48757548543706, 29.435962802599565], [-98.48757548543706, 29.43595497912191], [-98.48753056967286, 29.43595497912191], [-98.48753056967286, 29.435962802599565], [-98.48757548543706, 29.435962802599565]]}, "properties": {"confidence": "high"}}, {"type": "Feature", "geometry": {"type": "LineString", "coordinates": [[-98.48536562983813, 29.435962802599565], [-98.48536562983813, 29.43595497912191], [-98.48532969722676, 29.43595497912191], [-98.48532969722676, 29.435962802599565], [-98.48536562983813, 29.435962802599565]]}, "properties": {"confidence": "high"}}, {"type": "Feature", "geometry": {"type": "LineString", "coordinates": [[-98.48466494391653, 29.435962802599565], [-98.48466494391653, 29.43595497912191], [-98.48465596076367, 29.43595497912191], [-98.48465596076367, 29.435962802599565], [-98.48466494391653, 29.435962802599565]]}, "properties": {"confidence": "high"}}, {"type": "Feature", "geometry": {"type": "LineString", "coordinates": [[-98.48117049746129, 29.435962802599565], [-98.48117049746129, 29.43595497912191], [-98.48116151430845, 29.43595497912191], [-98.48116151430845, 29.435962802599565], [-98.48117049746129, 29.435962802599565]]}, "properties": {"confidence": "high"}}, {"type": "Feature", "geometry": {"type": "LineString", "coordinates": [[-98.48063150829083, 29.435962802599565], [-98.48063150829083, 29.43595497912191], [-98.48061354198515, 29.43595497912191], [-98.48061354198515, 29.435962802599565], [-98.48063150829083, 29.435962802599565]]}, "properties": {"confidence": "high"}}, {"type": "Feature", "geometry": {"type": "LineString", "coordinates": [[-98.48048777784537, 29.435962802599565], [-98.48048777784537, 29.43595497912191], [-98.48047879469253, 29.43595497912191], [-98.48047879469253, 29.435962802599565], [-98.48048777784537, 29.435962802599565]]}, "properties": {"confidence": "high"}}, {"type": "Feature", "geometry": {"type": "LineString", "coordinates": [[-98.4891744866428, 29.43595497912191], [-98.4891744866428, 29.43594715564366], [-98.48916550348996, 29.43594715564366], [-98.48916550348996, 29.43595497912191], [-98.4891744866428, 29.43595497912191]]}, "properties": {"confidence": "high"}}, {"type": "Feature", "geometry": {"type": "LineString", "coordinates": [[-98.487692266424, 29.43595497912191], [-98.487692266424, 29.43594715564366], [-98.48768328327115, 29.43594715564366], [-98.48768328327115, 29.43595497912191], [-98.487692266424, 29.43595497912191]]}, "properties": {"confidence": "high"}}, {"type": "Feature", "geometry": {"type": "LineString", "coordinates": [[-98.48759345174275, 29.43595497912191], [-98.48759345174275, 29.43594715564366], [-98.48757548543706, 29.43594715564366], [-98.48757548543706, 29.43595497912191], [-98.48759345174275, 29.43595497912191]]}, "properties": {"confidence": "high"}}, {"type": "Feature", "geometry": {"type": "LineString", "coordinates": [[-98.48537461299097, 29.43595497912191], [-98.48537461299097, 29.43594715564366], [-98.48536562983813, 29.43594715564366], [-98.48536562983813, 29.43595497912191], [-98.48537461299097, 29.43595497912191]]}, "properties": {"confidence": "high"}}, {"type": "Feature", "geometry": {"type": "LineString", "coordinates": [[-98.48467392706937, 29.43595497912191], [-98.48467392706937, 29.43594715564366], [-98.48466494391653, 29.43594715564366], [-98.48466494391653, 29.43595497912191], [-98.48467392706937, 29.43595497912191]]}, "properties": {"confidence": "high"}}, {"type": "Feature", "geometry": {"type": "LineString", "coordinates": [[-98.48061354198515, 29.43595497912191], [-98.48061354198515, 29.43594715564366], [-98.4806045588323, 29.43594715564366], [-98.4806045588323, 29.43595497912191], [-98.48061354198515, 29.43595497912191]]}, "properties": {"confidence": "high"}}, {"type": "Feature", "geometry": {"type": "LineString", "coordinates": [[-98.48049676099821, 29.43595497912191], [-98.48049676099821, 29.43594715564366], [-98.48048777784537, 29.43594715564366], [-98.48048777784537, 29.43595497912191], [-98.48049676099821, 29.43595497912191]]}, "properties": {"confidence": "high"}}, {"type": "Feature", "geometry": {"type": "LineString", "coordinates": [[-98.48117948061414, 29.43595497912191], [-98.48117948061414, 29.435939332164807], [-98.48117049746129, 29.435939332164807], [-98.48117049746129, 29.43595497912191], [-98.48117948061414, 29.43595497912191]]}, "properties": {"confidence": "high"}}, {"type": "Feature", "geometry": {"type": "LineString", "coordinates": [[-98.48768328327115, 29.43594715564366], [-98.48768328327115, 29.435939332164807], [-98.48767430011831, 29.435939332164807], [-98.48767430011831, 29.43594715564366], [-98.48768328327115, 29.43594715564366]]}, "properties": {"confidence": "high"}}, {"type": "Feature", "geometry": {"type": "LineString", "coordinates": [[-98.48760243489559, 29.43594715564366], [-98.48760243489559, 29.435939332164807], [-98.48759345174275, 29.435939332164807], [-98.48759345174275, 29.43594715564366], [-98.48760243489559, 29.43594715564366]]}, "properties": {"confidence": "high"}}, {"type": "Feature", "geometry": {"type": "LineString", "coordinates": [[-98.48538359614382, 29.43594715564366], [-98.48538359614382, 29.435939332164807], [-98.48537461299097, 29.435939332164807], [-98.48537461299097, 29.43594715564366], [-98.48538359614382, 29.43594715564366]]}, "properties": {"confidence": "high"}}, {"type": "Feature", "geometry": {"type": "LineString", "coordinates": [[-98.4806045588323, 29.43594715564366], [-98.4806045588323, 29.435939332164807], [-98.48059557567946, 29.435939332164807], [-98.48059557567946, 29.43594715564366], [-98.4806045588323, 29.43594715564366]]}, "properties": {"confidence": "high"}}, {"type": "Feature", "geometry": {"type": "LineString", "coordinates": [[-98.48050574415105, 29.43594715564366], [-98.48050574415105, 29.435939332164807], [-98.48049676099821, 29.435939332164807], [-98.48049676099821, 29.43594715564366], [-98.48050574415105, 29.43594715564366]]}, "properties": {"confidence": "high"}}, {"type": "Feature", "geometry": {"type": "LineString", "coordinates": [[-98.48916550348996, 29.43594715564366], [-98.48916550348996, 29.435931508685357], [-98.48915652033712, 29.435931508685357], [-98.48915652033712, 29.43594715564366], [-98.48916550348996, 29.43594715564366]]}, "properties": {"confidence": "high"}}, {"type": "Feature", "geometry": {"type": "LineString", "coordinates": [[-98.48767430011831, 29.435939332164807], [-98.48767430011831, 29.435931508685357], [-98.48766531696548, 29.435931508685357], [-98.48766531696548, 29.435939332164807], [-98.48767430011831, 29.435939332164807]]}, "properties": {"confidence": "high"}}, {"type": "Feature", "geometry": {"type": "LineString", "coordinates": [[-98.48761141804843, 29.435939332164807], [-98.48761141804843, 29.435931508685357], [-98.48760243489559, 29.435931508685357], [-98.48760243489559, 29.435939332164807], [-98.48761141804843, 29.435939332164807]]}, "properties": {"confidence": "high"}}, {"type": "Feature", "geometry": {"type": "LineString", "coordinates": [[-98.48539257929666, 29.435939332164807], [-98.48539257929666, 29.435931508685357], [-98.48538359614382, 29.435931508685357], [-98.48538359614382, 29.435939332164807], [-98.48539257929666, 29.435939332164807]]}, "properties": {"confidence": "high"}}, {"type": "Feature", "geometry": {"type": "LineString", "coordinates": [[-98.48118846376698, 29.435939332164807], [-98.48118846376698, 29.435931508685357], [-98.48117948061414, 29.435931508685357], [-98.48117948061414, 29.435939332164807], [-98.48118846376698, 29.435939332164807]]}, "properties": {"confidence": "high"}}, {"type": "Feature", "geometry": {"type": "LineString", "coordinates": [[-98.48059557567946, 29.435939332164807], [-98.48059557567946, 29.435931508685357], [-98.48058659252662, 29.435931508685357], [-98.48058659252662, 29.435939332164807], [-98.48059557567946, 29.435939332164807]]}, "properties": {"confidence": "high"}}, {"type": "Feature", "geometry": {"type": "LineString", "coordinates": [[-98.4805147273039, 29.435939332164807], [-98.4805147273039, 29.435931508685357], [-98.48050574415105, 29.435931508685357], [-98.48050574415105, 29.435939332164807], [-98.4805147273039, 29.435939332164807]]}, "properties": {"confidence": "high"}}, {"type": "Feature", "geometry": {"type": "LineString", "coordinates": [[-98.4846829102222, 29.43594715564366], [-98.4846829102222, 29.435923685205296], [-98.48467392706937, 29.435923685205296], [-98.48467392706937, 29.43594715564366], [-98.4846829102222, 29.43594715564366]]}, "properties": {"confidence": "high"}}, {"type": "Feature", "geometry": {"type": "LineString", "coordinates": [[-98.48766531696548, 29.435931508685357], [-98.48766531696548, 29.435923685205296], [-98.48765633381264, 29.435923685205296], [-98.48765633381264, 29.435931508685357], [-98.48766531696548, 29.435931508685357]]}, "properties": {"confidence": "high"}}, {"type": "Feature", "geometry": {"type": "LineString", "coordinates": [[-98.48762040120127, 29.435931508685357], [-98.48762040120127, 29.435923685205296], [-98.48761141804843, 29.435923685205296], [-98.48761141804843, 29.435931508685357], [-98.48762040120127, 29.435931508685357]]}, "properties": {"confidence": "high"}}, {"type": "Feature", "geometry": {"type": "LineString", "coordinates": [[-98.4854015624495, 29.435931508685357], [-98.4854015624495, 29.435923685205296], [-98.48539257929666, 29.435923685205296], [-98.48539257929666, 29.435931508685357], [-98.4854015624495, 29.435931508685357]]}, "properties": {"confidence": "high"}}, {"type": "Feature", "geometry": {"type": "LineString", "coordinates": [[-98.48120643007266, 29.435931508685357], [-98.48120643007266, 29.435923685205296], [-98.48118846376698, 29.435923685205296], [-98.48118846376698, 29.435931508685357], [-98.48120643007266, 29.435931508685357]]}, "properties": {"confidence": "high"}}, {"type": "Feature", "geometry": {"type": "LineString", "coordinates": [[-98.48058659252662, 29.435931508685357], [-98.48058659252662, 29.435923685205296], [-98.48057760937378, 29.435923685205296], [-98.48057760937378, 29.435931508685357], [-98.48058659252662, 29.435931508685357]]}, "properties": {"confidence": "high"}}, {"type": "Feature", "geometry": {"type": "LineString", "coordinates": [[-98.48052371045674, 29.435931508685357], [-98.48052371045674, 29.435923685205296], [-98.4805147273039, 29.435923685205296], [-98.4805147273039, 29.435931508685357], [-98.48052371045674, 29.435931508685357]]}, "properties": {"confidence": "high"}}, {"type": "Feature", "geometry": {"type": "LineString", "coordinates": [[-98.48915652033712, 29.435931508685357], [-98.48915652033712, 29.435915861724638], [-98.48914753718428, 29.435915861724638], [-98.48914753718428, 29.435931508685357], [-98.48915652033712, 29.435931508685357]]}, "properties": {"confidence": "high"}}, {"type": "Feature", "geometry": {"type": "LineString", "coordinates": [[-98.48765633381264, 29.435923685205296], [-98.48765633381264, 29.435915861724638], [-98.4876473506598, 29.435915861724638], [-98.4876473506598, 29.435923685205296], [-98.48765633381264, 29.435923685205296]]}, "properties": {"confidence": "high"}}, {"type": "Feature", "geometry": {"type": "LineString", "coordinates": [[-98.48762938435411, 29.435923685205296], [-98.48762938435411, 29.435915861724638], [-98.48762040120127, 29.435915861724638], [-98.48762040120127, 29.435923685205296], [-98.48762938435411, 29.435923685205296]]}, "properties": {"confidence": "high"}}, {"type": "Feature", "geometry": {"type": "LineString", "coordinates": [[-98.48541952875517, 29.435923685205296], [-98.48541952875517, 29.435915861724638], [-98.4854015624495, 29.435915861724638], [-98.4854015624495, 29.435923685205296], [-98.48541952875517, 29.435923685205296]]}, "properties": {"confidence": "high"}}, {"type": "Feature", "geometry": {"type": "LineString", "coordinates": [[-98.4812154132255, 29.435923685205296], [-98.4812154132255, 29.435915861724638], [-98.48120643007266, 29.435915861724638], [-98.48120643007266, 29.435923685205296], [-98.4812154132255, 29.435923685205296]]}, "properties": {"confidence": "high"}}, {"type": "Feature", "geometry": {"type": "LineString", "coordinates": [[-98.48057760937378, 29.435923685205296], [-98.48057760937378, 29.435915861724638], [-98.48056862622094, 29.435915861724638], [-98.48056862622094, 29.435923685205296], [-98.48057760937378, 29.435923685205296]]}, "properties": {"confidence": "high"}}, {"type": "Feature", "geometry": {"type": "LineString", "coordinates": [[-98.48053269360958, 29.435923685205296], [-98.48053269360958, 29.435915861724638], [-98.48052371045674, 29.435915861724638], [-98.48052371045674, 29.435923685205296], [-98.48053269360958, 29.435923685205296]]}, "properties": {"confidence": "high"}}, {"type": "Feature", "geometry": {"type": "LineString", "coordinates": [[-98.48543749506086, 29.435915861724638], [-98.48543749506086, 29.43590803824337], [-98.48541952875517, 29.43590803824337], [-98.48541952875517, 29.435915861724638], [-98.48543749506086, 29.435915861724638]]}, "properties": {"confidence": "high"}}, {"type": "Feature", "geometry": {"type": "LineString", "coordinates": [[-98.48122439637834, 29.435915861724638], [-98.48122439637834, 29.43590803824337], [-98.4812154132255, 29.43590803824337], [-98.4812154132255, 29.435915861724638], [-98.48122439637834, 29.435915861724638]]}, "properties": {"confidence": "high"}}, {"type": "Feature", "geometry": {"type": "LineString", "coordinates": [[-98.48056862622094, 29.435915861724638], [-98.48056862622094, 29.43590803824337], [-98.48054167676241, 29.43590803824337], [-98.48054167676241, 29.435900214761507], [-98.48053269360958, 29.435900214761507], [-98.48053269360958, 29.435915861724638], [-98.48056862622094, 29.435915861724638]]}, "properties": {"confidence": "high"}}, {"type": "Feature", "geometry": {"type": "LineString", "coordinates": [[-98.4854464782137, 29.43590803824337], [-98.4854464782137, 29.435900214761507], [-98.48543749506086, 29.435900214761507], [-98.48543749506086, 29.43590803824337], [-98.4854464782137, 29.43590803824337]]}, "properties": {"confidence": "high"}}, {"type": "Feature", "geometry": {"type": "LineString", "coordinates": [[-98.48123337953119, 29.43590803824337], [-98.48123337953119, 29.435900214761507], [-98.48122439637834, 29.435900214761507], [-98.48122439637834, 29.43590803824337], [-98.48123337953119, 29.43590803824337]]}, "properties": {"confidence": "high"}}, {"type": "Feature", "geometry": {"type": "LineString", "coordinates": [[-98.48057760937378, 29.43590803824337], [-98.48057760937378, 29.435900214761507], [-98.48056862622094, 29.435900214761507], [-98.48056862622094, 29.43590803824337], [-98.48057760937378, 29.43590803824337]]}, "properties": {"confidence": "high"}}, {"type": "Feature", "geometry": {"type": "LineString", "coordinates": [[-98.4876473506598, 29.435915861724638], [-98.4876473506598, 29.435900214761507], [-98.48765633381264, 29.435900214761507], [-98.48765633381264, 29.43589239127904], [-98.48762938435411, 29.43589239127904], [-98.48762938435411, 29.435900214761507], [-98.48763836750695, 29.435900214761507], [-98.48763836750695, 29.43590803824337], [-98.48762938435411, 29.43590803824337], [-98.48762938435411, 29.435915861724638], [-98.4876473506598, 29.435915861724638]]}, "properties": {"confidence": "high"}}, {"type": "Feature", "geometry": {"type": "LineString", "coordinates": [[-98.48545546136654, 29.435900214761507], [-98.48545546136654, 29.43589239127904], [-98.4854464782137, 29.43589239127904], [-98.4854464782137, 29.435900214761507], [-98.48545546136654, 29.435900214761507]]}, "properties": {"confidence": "high"}}, {"type": "Feature", "geometry": {"type": "LineString", "coordinates": [[-98.48124236268403, 29.435900214761507], [-98.48124236268403, 29.43589239127904], [-98.48123337953119, 29.43589239127904], [-98.48123337953119, 29.435900214761507], [-98.48124236268403, 29.435900214761507]]}, "properties": {"confidence": "high"}}, {"type": "Feature", "geometry": {"type": "LineString", "coordinates": [[-98.48058659252662, 29.435900214761507], [-98.48058659252662, 29.43589239127904], [-98.48057760937378, 29.43589239127904], [-98.48057760937378, 29.435900214761507], [-98.48058659252662, 29.435900214761507]]}, "properties": {"confidence": "high"}}, {"type": "Feature", "geometry": {"type": "LineString", "coordinates": [[-98.48053269360958, 29.435900214761507], [-98.48053269360958, 29.43589239127904], [-98.48052371045674, 29.43589239127904], [-98.48052371045674, 29.435900214761507], [-98.48053269360958, 29.435900214761507]]}, "properties": {"confidence": "high"}}, {"type": "Feature", "geometry": {"type": "LineString", "coordinates": [[-98.48914753718428, 29.435915861724638], [-98.48914753718428, 29.435884567795966], [-98.48913855403144, 29.435884567795966], [-98.48913855403144, 29.435915861724638], [-98.48914753718428, 29.435915861724638]]}, "properties": {"confidence": "high"}}, {"type": "Feature", "geometry": {"type": "LineString", "coordinates": [[-98.48766531696548, 29.43589239127904], [-98.48766531696548, 29.435884567795966], [-98.48765633381264, 29.435884567795966], [-98.48765633381264, 29.43589239127904], [-98.48766531696548, 29.43589239127904]]}, "properties": {"confidence": "high"}}, {"type": "Feature", "geometry": {"type": "LineString", "coordinates": [[-98.48762938435411, 29.43589239127904], [-98.48762938435411, 29.435884567795966], [-98.48762040120127, 29.435884567795966], [-98.48762040120127, 29.43589239127904], [-98.48762938435411, 29.43589239127904]]}, "properties": {"confidence": "high"}}, {"type": "Feature", "geometry": {"type": "LineString", "coordinates": [[-98.48547342767222, 29.43589239127904], [-98.48547342767222, 29.435884567795966], [-98.48545546136654, 29.435884567795966], [-98.48545546136654, 29.43589239127904], [-98.48547342767222, 29.43589239127904]]}, "properties": {"confidence": "high"}}, {"type": "Feature", "geometry": {"type": "LineString", "coordinates": [[-98.48059557567946, 29.43589239127904], [-98.48059557567946, 29.435884567795966], [-98.48058659252662, 29.435884567795966], [-98.48058659252662, 29.43589239127904], [-98.48059557567946, 29.43589239127904]]}, "properties": {"confidence": "high"}}, {"type": "Feature", "geometry": {"type": "LineString", "coordinates": [[-98.48052371045674, 29.43589239127904], [-98.48052371045674, 29.435884567795966], [-98.4805147273039, 29.435884567795966], [-98.4805147273039, 29.43589239127904], [-98.48052371045674, 29.43589239127904]]}, "properties": {"confidence": "high"}}, {"type": "Feature", "geometry": {"type": "LineString", "coordinates": [[-98.48767430011831, 29.435884567795966], [-98.48767430011831, 29.435876744312292], [-98.48766531696548, 29.435876744312292], [-98.48766531696548, 29.435884567795966], [-98.48767430011831, 29.435884567795966]]}, "properties": {"confidence": "high"}}, {"type": "Feature", "geometry": {"type": "LineString", "coordinates": [[-98.48762040120127, 29.435884567795966], [-98.48762040120127, 29.435876744312292], [-98.48761141804843, 29.435876744312292], [-98.48761141804843, 29.435884567795966], [-98.48762040120127, 29.435884567795966]]}, "properties": {"confidence": "high"}}, {"type": "Feature", "geometry": {"type": "LineString", "coordinates": [[-98.48548241082506, 29.435884567795966], [-98.48548241082506, 29.435876744312292], [-98.48547342767222, 29.435876744312292], [-98.48547342767222, 29.435884567795966], [-98.48548241082506, 29.435884567795966]]}, "properties": {"confidence": "high"}}, {"type": "Feature", "geometry": {"type": "LineString", "coordinates": [[-98.4806045588323, 29.435884567795966], [-98.4806045588323, 29.435876744312292], [-98.48059557567946, 29.435876744312292], [-98.48059557567946, 29.435884567795966], [-98.4806045588323, 29.435884567795966]]}, "properties": {"confidence": "high"}}, {"type": "Feature", "geometry": {"type": "LineString", "coordinates": [[-98.4805147273039, 29.435884567795966], [-98.4805147273039, 29.435876744312292], [-98.48050574415105, 29.435876744312292], [-98.48050574415105, 29.435884567795966], [-98.4805147273039, 29.435884567795966]]}, "properties": {"confidence": "high"}}, {"type": "Feature", "geometry": {"type": "LineString", "coordinates": [[-98.48768328327115, 29.435876744312292], [-98.48768328327115, 29.435868920828014], [-98.48767430011831, 29.435868920828014], [-98.48767430011831, 29.435876744312292], [-98.48768328327115, 29.435876744312292]]}, "properties": {"confidence": "high"}}, {"type": "Feature", "geometry": {"type": "LineString", "coordinates": [[-98.48761141804843, 29.435876744312292], [-98.48761141804843, 29.435868920828014], [-98.48760243489559, 29.435868920828014], [-98.48760243489559, 29.435876744312292], [-98.48761141804843, 29.435876744312292]]}, "properties": {"confidence": "high"}}, {"type": "Feature", "geometry": {"type": "LineString", "coordinates": [[-98.48549139397791, 29.435876744312292], [-98.48549139397791, 29.435868920828014], [-98.48548241082506, 29.435868920828014], [-98.48548241082506, 29.435876744312292], [-98.48549139397791, 29.435876744312292]]}, "properties": {"confidence": "high"}}, {"type": "Feature", "geometry": {"type": "LineString", "coordinates": [[-98.48061354198515, 29.435876744312292], [-98.48061354198515, 29.435868920828014], [-98.4806045588323, 29.435868920828014], [-98.4806045588323, 29.435876744312292], [-98.48061354198515, 29.435876744312292]]}, "properties": {"confidence": "high"}}, {"type": "Feature", "geometry": {"type": "LineString", "coordinates": [[-98.48050574415105, 29.435876744312292], [-98.48050574415105, 29.435868920828014], [-98.48048777784537, 29.435868920828014], [-98.48048777784537, 29.435876744312292], [-98.48050574415105, 29.435876744312292]]}, "properties": {"confidence": "high"}}, {"type": "Feature", "geometry": {"type": "LineString", "coordinates": [[-98.487692266424, 29.435868920828014], [-98.487692266424, 29.435861097343135], [-98.48768328327115, 29.435861097343135], [-98.48768328327115, 29.435868920828014], [-98.487692266424, 29.435868920828014]]}, "properties": {"confidence": "high"}}, {"type": "Feature", "geometry": {"type": "LineString", "coordinates": [[-98.48550936028359, 29.435868920828014], [-98.48550936028359, 29.435861097343135], [-98.48549139397791, 29.435861097343135], [-98.48549139397791, 29.435868920828014], [-98.48550936028359, 29.435868920828014]]}, "properties": {"confidence": "high"}}, {"type": "Feature", "geometry": {"type": "LineString", "coordinates": [[-98.48048777784537, 29.435868920828014], [-98.48048777784537, 29.435861097343135], [-98.48046981153969, 29.435861097343135], [-98.48046981153969, 29.435868920828014], [-98.48048777784537, 29.435868920828014]]}, "properties": {"confidence": "high"}}, {"type": "Feature", "geometry": {"type": "LineString", "coordinates": [[-98.48469189337504, 29.435923685205296], [-98.48469189337504, 29.43585327385765], [-98.4846829102222, 29.43585327385765], [-98.4846829102222, 29.435923685205296], [-98.48469189337504, 29.435923685205296]]}, "properties": {"confidence": "high"}}, {"type": "Feature", "geometry": {"type": "LineString", "coordinates": [[-98.48913855403144, 29.435884567795966], [-98.48913855403144, 29.43585327385765], [-98.4891295708786, 29.43585327385765], [-98.4891295708786, 29.435884567795966], [-98.48913855403144, 29.435884567795966]]}, "properties": {"confidence": "high"}}, {"type": "Feature", "geometry": {"type": "LineString", "coordinates": [[-98.48760243489559, 29.435868920828014], [-98.48760243489559, 29.43585327385765], [-98.48759345174275, 29.43585327385765], [-98.48759345174275, 29.435868920828014], [-98.48760243489559, 29.435868920828014]]}, "properties": {"confidence": "high"}}, {"type": "Feature", "geometry": {"type": "LineString", "coordinates": [[-98.48062252513799, 29.435868920828014], [-98.48062252513799, 29.43585327385765], [-98.48061354198515, 29.43585327385765], [-98.48061354198515, 29.435868920828014], [-98.48062252513799, 29.435868920828014]]}, "properties": {"confidence": "high"}}, {"type": "Feature", "geometry": {"type": "LineString", "coordinates": [[-98.48770124957684, 29.435861097343135], [-98.48770124957684, 29.43585327385765], [-98.487692266424, 29.43585327385765], [-98.487692266424, 29.435861097343135], [-98.48770124957684, 29.435861097343135]]}, "properties": {"confidence": "high"}}, {"type": "Feature", "geometry": {"type": "LineString", "coordinates": [[-98.48551834343642, 29.435861097343135], [-98.48551834343642, 29.43585327385765], [-98.48550936028359, 29.43585327385765], [-98.48550936028359, 29.435861097343135], [-98.48551834343642, 29.435861097343135]]}, "properties": {"confidence": "high"}}, {"type": "Feature", "geometry": {"type": "LineString", "coordinates": [[-98.48046981153969, 29.435861097343135], [-98.48046981153969, 29.43585327385765], [-98.48046082838685, 29.43585327385765], [-98.48046082838685, 29.435861097343135], [-98.48046981153969, 29.435861097343135]]}, "properties": {"confidence": "high"}}, {"type": "Feature", "geometry": {"type": "LineString", "coordinates": [[-98.48771921588252, 29.43585327385765], [-98.48771921588252, 29.435845450371563], [-98.48770124957684, 29.435845450371563], [-98.48770124957684, 29.43585327385765], [-98.48771921588252, 29.43585327385765]]}, "properties": {"confidence": "high"}}, {"type": "Feature", "geometry": {"type": "LineString", "coordinates": [[-98.48553630974212, 29.43585327385765], [-98.48553630974212, 29.435845450371563], [-98.48551834343642, 29.435845450371563], [-98.48551834343642, 29.43585327385765], [-98.48553630974212, 29.43585327385765]]}, "properties": {"confidence": "high"}}, {"type": "Feature", "geometry": {"type": "LineString", "coordinates": [[-98.48046082838685, 29.43585327385765], [-98.48046082838685, 29.435845450371563], [-98.480451845234, 29.435845450371563], [-98.480451845234, 29.43585327385765], [-98.48046082838685, 29.43585327385765]]}, "properties": {"confidence": "high"}}, {"type": "Feature", "geometry": {"type": "LineString", "coordinates": [[-98.48759345174275, 29.43585327385765], [-98.48759345174275, 29.435837626884876], [-98.4875844685899, 29.435837626884876], [-98.4875844685899, 29.43585327385765], [-98.48759345174275, 29.43585327385765]]}, "properties": {"confidence": "high"}}, {"type": "Feature", "geometry": {"type": "LineString", "coordinates": [[-98.48063150829083, 29.43585327385765], [-98.48063150829083, 29.435837626884876], [-98.48062252513799, 29.435837626884876], [-98.48062252513799, 29.43585327385765], [-98.48063150829083, 29.43585327385765]]}, "properties": {"confidence": "high"}}, {"type": "Feature", "geometry": {"type": "LineString", "coordinates": [[-98.4877371821882, 29.435845450371563], [-98.4877371821882, 29.435837626884876], [-98.48771921588252, 29.435837626884876], [-98.48771921588252, 29.435845450371563], [-98.4877371821882, 29.435845450371563]]}, "properties": {"confidence": "high"}}, {"type": "Feature", "geometry": {"type": "LineString", "coordinates": [[-98.48555427604781, 29.435845450371563], [-98.48555427604781, 29.435837626884876], [-98.48553630974212, 29.435837626884876], [-98.48553630974212, 29.435845450371563], [-98.48555427604781, 29.435845450371563]]}, "properties": {"confidence": "high"}}, {"type": "Feature", "geometry": {"type": "LineString", "coordinates": [[-98.480451845234, 29.435845450371563], [-98.480451845234, 29.43582980339759], [-98.48044286208116, 29.43582980339759], [-98.48044286208116, 29.435845450371563], [-98.480451845234, 29.435845450371563]]}, "properties": {"confidence": "high"}}, {"type": "Feature", "geometry": {"type": "LineString", "coordinates": [[-98.4891295708786, 29.43585327385765], [-98.4891295708786, 29.435837626884876], [-98.48913855403144, 29.435837626884876], [-98.48913855403144, 29.43582980339759], [-98.48910262142007, 29.43582980339759], [-98.48910262142007, 29.435837626884876], [-98.48912058772575, 29.435837626884876], [-98.48912058772575, 29.43585327385765], [-98.4891295708786, 29.43585327385765]]}, "properties": {"confidence": "high"}}, {"type": "Feature", "geometry": {"type": "LineString", "coordinates": [[-98.48775514849389, 29.435837626884876], [-98.48775514849389, 29.43582980339759], [-98.4877371821882, 29.43582980339759], [-98.4877371821882, 29.435837626884876], [-98.48775514849389, 29.435837626884876]]}, "properties": {"confidence": "high"}}, {"type": "Feature", "geometry": {"type": "LineString", "coordinates": [[-98.48556325920065, 29.435837626884876], [-98.48556325920065, 29.43582980339759], [-98.48555427604781, 29.43582980339759], [-98.48555427604781, 29.435837626884876], [-98.48556325920065, 29.435837626884876]]}, "properties": {"confidence": "high"}}, {"type": "Feature", "geometry": {"type": "LineString", "coordinates": [[-98.48064049144367, 29.435837626884876], [-98.48064049144367, 29.43582980339759], [-98.48063150829083, 29.43582980339759], [-98.48063150829083, 29.435837626884876], [-98.48064049144367, 29.435837626884876]]}, "properties": {"confidence": "high"}}, {"type": "Feature", "geometry": {"type": "LineString", "coordinates": [[-98.48914753718428, 29.43582980339759], [-98.48914753718428, 29.43582197990969], [-98.48913855403144, 29.43582197990969], [-98.48913855403144, 29.43582980339759], [-98.48914753718428, 29.43582980339759]]}, "properties": {"confidence": "high"}}, {"type": "Feature", "geometry": {"type": "LineString", "coordinates": [[-98.48910262142007, 29.43582980339759], [-98.48910262142007, 29.43582197990969], [-98.48907567196154, 29.43582197990969], [-98.48907567196154, 29.43582980339759], [-98.48910262142007, 29.43582980339759]]}, "properties": {"confidence": "high"}}, {"type": "Feature", "geometry": {"type": "LineString", "coordinates": [[-98.48776413164673, 29.43582980339759], [-98.48776413164673, 29.43582197990969], [-98.48775514849389, 29.43582197990969], [-98.48775514849389, 29.43582980339759], [-98.48776413164673, 29.43582980339759]]}, "properties": {"confidence": "high"}}, {"type": "Feature", "geometry": {"type": "LineString", "coordinates": [[-98.48558122550632, 29.43582980339759], [-98.48558122550632, 29.43582197990969], [-98.48556325920065, 29.43582197990969], [-98.48556325920065, 29.43582980339759], [-98.48558122550632, 29.43582980339759]]}, "properties": {"confidence": "high"}}, {"type": "Feature", "geometry": {"type": "LineString", "coordinates": [[-98.48470087652788, 29.43585327385765], [-98.48470087652788, 29.435814156421195], [-98.48469189337504, 29.435814156421195], [-98.48469189337504, 29.43585327385765], [-98.48470087652788, 29.43585327385765]]}, "properties": {"confidence": "high"}}, {"type": "Feature", "geometry": {"type": "LineString", "coordinates": [[-98.4875844685899, 29.435837626884876], [-98.4875844685899, 29.435814156421195], [-98.48757548543706, 29.435814156421195], [-98.48757548543706, 29.435837626884876], [-98.4875844685899, 29.435837626884876]]}, "properties": {"confidence": "high"}}, {"type": "Feature", "geometry": {"type": "LineString", "coordinates": [[-98.4806494745965, 29.43582980339759], [-98.4806494745965, 29.435814156421195], [-98.48064049144367, 29.435814156421195], [-98.48064049144367, 29.43582980339759], [-98.4806494745965, 29.43582980339759]]}, "properties": {"confidence": "high"}}, {"type": "Feature", "geometry": {"type": "LineString", "coordinates": [[-98.48915652033712, 29.43582197990969], [-98.48915652033712, 29.435814156421195], [-98.48914753718428, 29.435814156421195], [-98.48914753718428, 29.43582197990969], [-98.48915652033712, 29.43582197990969]]}, "properties": {"confidence": "high"}}, {"type": "Feature", "geometry": {"type": "LineString", "coordinates": [[-98.48907567196154, 29.43582197990969], [-98.48907567196154, 29.435814156421195], [-98.4890666888087, 29.435814156421195], [-98.4890666888087, 29.43582197990969], [-98.48907567196154, 29.43582197990969]]}, "properties": {"confidence": "high"}}, {"type": "Feature", "geometry": {"type": "LineString", "coordinates": [[-98.4877820979524, 29.43582197990969], [-98.4877820979524, 29.435814156421195], [-98.48776413164673, 29.435814156421195], [-98.48776413164673, 29.43582197990969], [-98.4877820979524, 29.43582197990969]]}, "properties": {"confidence": "high"}}, {"type": "Feature", "geometry": {"type": "LineString", "coordinates": [[-98.48559020865918, 29.43582197990969], [-98.48559020865918, 29.435814156421195], [-98.48558122550632, 29.435814156421195], [-98.48558122550632, 29.43582197990969], [-98.48559020865918, 29.43582197990969]]}, "properties": {"confidence": "high"}}, {"type": "Feature", "geometry": {"type": "LineString", "coordinates": [[-98.48044286208116, 29.43582980339759], [-98.48044286208116, 29.435806332932096], [-98.48043387892832, 29.435806332932096], [-98.48043387892832, 29.43582980339759], [-98.48044286208116, 29.43582980339759]]}, "properties": {"confidence": "high"}}, {"type": "Feature", "geometry": {"type": "LineString", "coordinates": [[-98.48916550348996, 29.435814156421195], [-98.48916550348996, 29.435806332932096], [-98.48915652033712, 29.435806332932096], [-98.48915652033712, 29.435814156421195], [-98.48916550348996, 29.435814156421195]]}, "properties": {"confidence": "high"}}, {"type": "Feature", "geometry": {"type": "LineString", "coordinates": [[-98.4890666888087, 29.435814156421195], [-98.4890666888087, 29.435806332932096], [-98.48905770565587, 29.435806332932096], [-98.48905770565587, 29.435814156421195], [-98.4890666888087, 29.435814156421195]]}, "properties": {"confidence": "high"}}, {"type": "Feature", "geometry": {"type": "LineString", "coordinates": [[-98.48779108110524, 29.435814156421195], [-98.48779108110524, 29.435806332932096], [-98.4877820979524, 29.435806332932096], [-98.4877820979524, 29.435814156421195], [-98.48779108110524, 29.435814156421195]]}, "properties": {"confidence": "high"}}, {"type": "Feature", "geometry": {"type": "LineString", "coordinates": [[-98.48559919181201, 29.435814156421195], [-98.48559919181201, 29.435806332932096], [-98.48559020865918, 29.435806332932096], [-98.48559020865918, 29.435814156421195], [-98.48559919181201, 29.435814156421195]]}, "properties": {"confidence": "high"}}, {"type": "Feature", "geometry": {"type": "LineString", "coordinates": [[-98.48065845774934, 29.435814156421195], [-98.48065845774934, 29.435806332932096], [-98.4806494745965, 29.435806332932096], [-98.4806494745965, 29.435814156421195], [-98.48065845774934, 29.435814156421195]]}, "properties": {"confidence": "high"}}, {"type": "Feature", "geometry": {"type": "LineString", "coordinates": [[-98.48757548543706, 29.435814156421195], [-98.48757548543706, 29.43579850944239], [-98.48756650228422, 29.43579850944239], [-98.48756650228422, 29.435814156421195], [-98.48757548543706, 29.435814156421195]]}, "properties": {"confidence": "high"}}, {"type": "Feature", "geometry": {"type": "LineString", "coordinates": [[-98.4891744866428, 29.435806332932096], [-98.4891744866428, 29.43579850944239], [-98.48916550348996, 29.43579850944239], [-98.48916550348996, 29.435806332932096], [-98.4891744866428, 29.435806332932096]]}, "properties": {"confidence": "high"}}, {"type": "Feature", "geometry": {"type": "LineString", "coordinates": [[-98.48780904741095, 29.435806332932096], [-98.48780904741095, 29.43579850944239], [-98.48779108110524, 29.43579850944239], [-98.48779108110524, 29.435806332932096], [-98.48780904741095, 29.435806332932096]]}, "properties": {"confidence": "high"}}, {"type": "Feature", "geometry": {"type": "LineString", "coordinates": [[-98.48560817496485, 29.435806332932096], [-98.48560817496485, 29.43579850944239], [-98.48559919181201, 29.43579850944239], [-98.48559919181201, 29.435806332932096], [-98.48560817496485, 29.435806332932096]]}, "properties": {"confidence": "high"}}, {"type": "Feature", "geometry": {"type": "LineString", "coordinates": [[-98.4806674409022, 29.435806332932096], [-98.4806674409022, 29.43579850944239], [-98.48065845774934, 29.43579850944239], [-98.48065845774934, 29.435806332932096], [-98.4806674409022, 29.435806332932096]]}, "properties": {"confidence": "high"}}, {"type": "Feature", "geometry": {"type": "LineString", "coordinates": [[-98.48905770565587, 29.435806332932096], [-98.48905770565587, 29.43579068595209], [-98.48904872250303, 29.43579068595209], [-98.48904872250303, 29.435806332932096], [-98.48905770565587, 29.435806332932096]]}, "properties": {"confidence": "high"}}, {"type": "Feature", "geometry": {"type": "LineString", "coordinates": [[-98.48918346979565, 29.43579850944239], [-98.48918346979565, 29.43579068595209], [-98.4891744866428, 29.43579068595209], [-98.4891744866428, 29.43579850944239], [-98.48918346979565, 29.43579850944239]]}, "properties": {"confidence": "high"}}, {"type": "Feature", "geometry": {"type": "LineString", "coordinates": [[-98.48782701371663, 29.43579850944239], [-98.48782701371663, 29.43579068595209], [-98.48780904741095, 29.43579068595209], [-98.48780904741095, 29.43579850944239], [-98.48782701371663, 29.43579850944239]]}, "properties": {"confidence": "high"}}, {"type": "Feature", "geometry": {"type": "LineString", "coordinates": [[-98.48756650228422, 29.43579850944239], [-98.48756650228422, 29.43579068595209], [-98.48755751913139, 29.43579068595209], [-98.48755751913139, 29.43579850944239], [-98.48756650228422, 29.43579850944239]]}, "properties": {"confidence": "high"}}, {"type": "Feature", "geometry": {"type": "LineString", "coordinates": [[-98.48562614127053, 29.43579850944239], [-98.48562614127053, 29.43579068595209], [-98.48560817496485, 29.43579068595209], [-98.48560817496485, 29.43579850944239], [-98.48562614127053, 29.43579850944239]]}, "properties": {"confidence": "high"}}, {"type": "Feature", "geometry": {"type": "LineString", "coordinates": [[-98.48067642405503, 29.43579850944239], [-98.48067642405503, 29.43579068595209], [-98.4806674409022, 29.43579068595209], [-98.4806674409022, 29.43579850944239], [-98.48067642405503, 29.43579850944239]]}, "properties": {"confidence": "high"}}, {"type": "Feature", "geometry": {"type": "LineString", "coordinates": [[-98.48920143610133, 29.43579068595209], [-98.48920143610133, 29.435782862461174], [-98.48918346979565, 29.435782862461174], [-98.48918346979565, 29.43579068595209], [-98.48920143610133, 29.43579068595209]]}, "properties": {"confidence": "high"}}, {"type": "Feature", "geometry": {"type": "LineString", "coordinates": [[-98.48904872250303, 29.43579068595209], [-98.48904872250303, 29.435782862461174], [-98.48903973935019, 29.435782862461174], [-98.48903973935019, 29.43579068595209], [-98.48904872250303, 29.43579068595209]]}, "properties": {"confidence": "high"}}, {"type": "Feature", "geometry": {"type": "LineString", "coordinates": [[-98.4878449800223, 29.43579068595209], [-98.4878449800223, 29.435782862461174], [-98.48782701371663, 29.435782862461174], [-98.48782701371663, 29.43579068595209], [-98.4878449800223, 29.43579068595209]]}, "properties": {"confidence": "high"}}, {"type": "Feature", "geometry": {"type": "LineString", "coordinates": [[-98.48755751913139, 29.43579068595209], [-98.48755751913139, 29.435782862461174], [-98.48754853597855, 29.435782862461174], [-98.48754853597855, 29.43579068595209], [-98.48755751913139, 29.43579068595209]]}, "properties": {"confidence": "high"}}, {"type": "Feature", "geometry": {"type": "LineString", "coordinates": [[-98.48563512442337, 29.43579068595209], [-98.48563512442337, 29.435782862461174], [-98.48562614127053, 29.435782862461174], [-98.48562614127053, 29.43579068595209], [-98.48563512442337, 29.43579068595209]]}, "properties": {"confidence": "high"}}, {"type": "Feature", "geometry": {"type": "LineString", "coordinates": [[-98.48068540720787, 29.43579068595209], [-98.48068540720787, 29.435782862461174], [-98.48067642405503, 29.435782862461174], [-98.48067642405503, 29.43579068595209], [-98.48068540720787, 29.43579068595209]]}, "properties": {"confidence": "high"}}, {"type": "Feature", "geometry": {"type": "LineString", "coordinates": [[-98.48043387892832, 29.435806332932096], [-98.48043387892832, 29.435775038969663], [-98.48042489577549, 29.435775038969663], [-98.48042489577549, 29.435806332932096], [-98.48043387892832, 29.435806332932096]]}, "properties": {"confidence": "high"}}, {"type": "Feature", "geometry": {"type": "LineString", "coordinates": [[-98.489219402407, 29.435782862461174], [-98.489219402407, 29.435775038969663], [-98.48920143610133, 29.435775038969663], [-98.48920143610133, 29.435782862461174], [-98.489219402407, 29.435782862461174]]}, "properties": {"confidence": "high"}}, {"type": "Feature", "geometry": {"type": "LineString", "coordinates": [[-98.48785396317516, 29.435782862461174], [-98.48785396317516, 29.435775038969663], [-98.4878449800223, 29.435775038969663], [-98.4878449800223, 29.435782862461174], [-98.48785396317516, 29.435782862461174]]}, "properties": {"confidence": "high"}}, {"type": "Feature", "geometry": {"type": "LineString", "coordinates": [[-98.48565309072906, 29.435782862461174], [-98.48565309072906, 29.435775038969663], [-98.48563512442337, 29.435775038969663], [-98.48563512442337, 29.435782862461174], [-98.48565309072906, 29.435782862461174]]}, "properties": {"confidence": "high"}}, {"type": "Feature", "geometry": {"type": "LineString", "coordinates": [[-98.48069439036071, 29.435782862461174], [-98.48069439036071, 29.435775038969663], [-98.48068540720787, 29.435775038969663], [-98.48068540720787, 29.435782862461174], [-98.48069439036071, 29.435782862461174]]}, "properties": {"confidence": "high"}}, {"type": "Feature", "geometry": {"type": "LineString", "coordinates": [[-98.48470985968072, 29.435814156421195], [-98.48470985968072, 29.435767215477554], [-98.48470087652788, 29.435767215477554], [-98.48470087652788, 29.435814156421195], [-98.48470985968072, 29.435814156421195]]}, "properties": {"confidence": "high"}}, {"type": "Feature", "geometry": {"type": "LineString", "coordinates": [[-98.48903973935019, 29.435782862461174], [-98.48903973935019, 29.435767215477554], [-98.48903075619735, 29.435767215477554], [-98.48903075619735, 29.435782862461174], [-98.48903973935019, 29.435782862461174]]}, "properties": {"confidence": "high"}}, {"type": "Feature", "geometry": {"type": "LineString", "coordinates": [[-98.48754853597855, 29.435782862461174], [-98.48754853597855, 29.435767215477554], [-98.48753955282571, 29.435767215477554], [-98.48753955282571, 29.435782862461174], [-98.48754853597855, 29.435782862461174]]}, "properties": {"confidence": "high"}}, {"type": "Feature", "geometry": {"type": "LineString", "coordinates": [[-98.48922838555984, 29.435775038969663], [-98.48922838555984, 29.435767215477554], [-98.489219402407, 29.435767215477554], [-98.489219402407, 29.435775038969663], [-98.48922838555984, 29.435775038969663]]}, "properties": {"confidence": "high"}}, {"type": "Feature", "geometry": {"type": "LineString", "coordinates": [[-98.487862946328, 29.435775038969663], [-98.487862946328, 29.435767215477554], [-98.48785396317516, 29.435767215477554], [-98.48785396317516, 29.435775038969663], [-98.487862946328, 29.435775038969663]]}, "properties": {"confidence": "high"}}, {"type": "Feature", "geometry": {"type": "LineString", "coordinates": [[-98.4856620738819, 29.435775038969663], [-98.4856620738819, 29.435767215477554], [-98.48565309072906, 29.435767215477554], [-98.48565309072906, 29.435775038969663], [-98.4856620738819, 29.435775038969663]]}, "properties": {"confidence": "high"}}, {"type": "Feature", "geometry": {"type": "LineString", "coordinates": [[-98.48070337351355, 29.435775038969663], [-98.48070337351355, 29.435759391984835], [-98.48069439036071, 29.435759391984835], [-98.48069439036071, 29.435775038969663], [-98.48070337351355, 29.435775038969663]]}, "properties": {"confidence": "high"}}, {"type": "Feature", "geometry": {"type": "LineString", "coordinates": [[-98.48924635186553, 29.435767215477554], [-98.48924635186553, 29.435759391984835], [-98.48922838555984, 29.435759391984835], [-98.48922838555984, 29.435767215477554], [-98.48924635186553, 29.435767215477554]]}, "properties": {"confidence": "high"}}, {"type": "Feature", "geometry": {"type": "LineString", "coordinates": [[-98.48903075619735, 29.435767215477554], [-98.48903075619735, 29.435759391984835], [-98.4890217730445, 29.435759391984835], [-98.4890217730445, 29.435767215477554], [-98.48903075619735, 29.435767215477554]]}, "properties": {"confidence": "high"}}, {"type": "Feature", "geometry": {"type": "LineString", "coordinates": [[-98.48788091263367, 29.435767215477554], [-98.48788091263367, 29.435759391984835], [-98.487862946328, 29.435759391984835], [-98.487862946328, 29.435767215477554], [-98.48788091263367, 29.435767215477554]]}, "properties": {"confidence": "high"}}, {"type": "Feature", "geometry": {"type": "LineString", "coordinates": [[-98.48753955282571, 29.435767215477554], [-98.48753955282571, 29.435759391984835], [-98.48753056967286, 29.435759391984835], [-98.48753056967286, 29.435767215477554], [-98.48753955282571, 29.435767215477554]]}, "properties": {"confidence": "high"}}, {"type": "Feature", "geometry": {"type": "LineString", "coordinates": [[-98.48568004018757, 29.435767215477554], [-98.48568004018757, 29.435759391984835], [-98.4856620738819, 29.435759391984835], [-98.4856620738819, 29.435767215477554], [-98.48568004018757, 29.435767215477554]]}, "properties": {"confidence": "high"}}, {"type": "Feature", "geometry": {"type": "LineString", "coordinates": [[-98.48042489577549, 29.435775038969663], [-98.48042489577549, 29.435751568491515], [-98.48041591262263, 29.435751568491515], [-98.48041591262263, 29.435775038969663], [-98.48042489577549, 29.435775038969663]]}, "properties": {"confidence": "high"}}, {"type": "Feature", "geometry": {"type": "LineString", "coordinates": [[-98.48925533501837, 29.435759391984835], [-98.48925533501837, 29.435751568491515], [-98.48924635186553, 29.435751568491515], [-98.48924635186553, 29.435759391984835], [-98.48925533501837, 29.435759391984835]]}, "properties": {"confidence": "high"}}, {"type": "Feature", "geometry": {"type": "LineString", "coordinates": [[-98.48788989578651, 29.435759391984835], [-98.48788989578651, 29.435751568491515], [-98.48788091263367, 29.435751568491515], [-98.48788091263367, 29.435759391984835], [-98.48788989578651, 29.435759391984835]]}, "properties": {"confidence": "high"}}, {"type": "Feature", "geometry": {"type": "LineString", "coordinates": [[-98.48568902334041, 29.435759391984835], [-98.48568902334041, 29.435751568491515], [-98.48568004018757, 29.435751568491515], [-98.48568004018757, 29.435759391984835], [-98.48568902334041, 29.435759391984835]]}, "properties": {"confidence": "high"}}, {"type": "Feature", "geometry": {"type": "LineString", "coordinates": [[-98.48071235666639, 29.435759391984835], [-98.48071235666639, 29.435751568491515], [-98.48070337351355, 29.435751568491515], [-98.48070337351355, 29.435759391984835], [-98.48071235666639, 29.435759391984835]]}, "properties": {"confidence": "high"}}, {"type": "Feature", "geometry": {"type": "LineString", "coordinates": [[-98.4890217730445, 29.435759391984835], [-98.4890217730445, 29.435743744997595], [-98.48901278989166, 29.435743744997595], [-98.48901278989166, 29.435759391984835], [-98.4890217730445, 29.435759391984835]]}, "properties": {"confidence": "high"}}, {"type": "Feature", "geometry": {"type": "LineString", "coordinates": [[-98.48753056967286, 29.435759391984835], [-98.48753056967286, 29.435743744997595], [-98.48752158652002, 29.435743744997595], [-98.48752158652002, 29.435759391984835], [-98.48753056967286, 29.435759391984835]]}, "properties": {"confidence": "high"}}, {"type": "Feature", "geometry": {"type": "LineString", "coordinates": [[-98.48926431817121, 29.435751568491515], [-98.48926431817121, 29.435743744997595], [-98.48925533501837, 29.435743744997595], [-98.48925533501837, 29.435751568491515], [-98.48926431817121, 29.435751568491515]]}, "properties": {"confidence": "high"}}, {"type": "Feature", "geometry": {"type": "LineString", "coordinates": [[-98.4879078620922, 29.435751568491515], [-98.4879078620922, 29.435743744997595], [-98.48788989578651, 29.435743744997595], [-98.48788989578651, 29.435751568491515], [-98.4879078620922, 29.435751568491515]]}, "properties": {"confidence": "high"}}, {"type": "Feature", "geometry": {"type": "LineString", "coordinates": [[-98.4857069896461, 29.435751568491515], [-98.4857069896461, 29.435743744997595], [-98.48568902334041, 29.435743744997595], [-98.48568902334041, 29.435751568491515], [-98.4857069896461, 29.435751568491515]]}, "properties": {"confidence": "high"}}, {"type": "Feature", "geometry": {"type": "LineString", "coordinates": [[-98.48072133981924, 29.435751568491515], [-98.48072133981924, 29.435743744997595], [-98.48071235666639, 29.435743744997595], [-98.48071235666639, 29.435751568491515], [-98.48072133981924, 29.435751568491515]]}, "properties": {"confidence": "high"}}, {"type": "Feature", "geometry": {"type": "LineString", "coordinates": [[-98.48927330132405, 29.435743744997595], [-98.48927330132405, 29.435735921503067], [-98.48926431817121, 29.435735921503067], [-98.48926431817121, 29.435743744997595], [-98.48927330132405, 29.435743744997595]]}, "properties": {"confidence": "high"}}, {"type": "Feature", "geometry": {"type": "LineString", "coordinates": [[-98.48901278989166, 29.435743744997595], [-98.48901278989166, 29.435735921503067], [-98.48900380673882, 29.435735921503067], [-98.48900380673882, 29.435743744997595], [-98.48901278989166, 29.435743744997595]]}, "properties": {"confidence": "high"}}, {"type": "Feature", "geometry": {"type": "LineString", "coordinates": [[-98.48791684524504, 29.435743744997595], [-98.48791684524504, 29.435735921503067], [-98.4879078620922, 29.435735921503067], [-98.4879078620922, 29.435743744997595], [-98.48791684524504, 29.435743744997595]]}, "properties": {"confidence": "high"}}, {"type": "Feature", "geometry": {"type": "LineString", "coordinates": [[-98.48752158652002, 29.435743744997595], [-98.48752158652002, 29.435735921503067], [-98.48751260336718, 29.435735921503067], [-98.48751260336718, 29.435743744997595], [-98.48752158652002, 29.435743744997595]]}, "properties": {"confidence": "high"}}, {"type": "Feature", "geometry": {"type": "LineString", "coordinates": [[-98.48571597279894, 29.435743744997595], [-98.48571597279894, 29.435735921503067], [-98.4857069896461, 29.435735921503067], [-98.4857069896461, 29.435743744997595], [-98.48571597279894, 29.435743744997595]]}, "properties": {"confidence": "high"}}, {"type": "Feature", "geometry": {"type": "LineString", "coordinates": [[-98.48073032297208, 29.435743744997595], [-98.48073032297208, 29.435735921503067], [-98.48072133981924, 29.435735921503067], [-98.48072133981924, 29.435743744997595], [-98.48073032297208, 29.435743744997595]]}, "properties": {"confidence": "high"}}, {"type": "Feature", "geometry": {"type": "LineString", "coordinates": [[-98.48471884283357, 29.435767215477554], [-98.48471884283357, 29.43572809800794], [-98.48470985968072, 29.43572809800794], [-98.48470985968072, 29.435767215477554], [-98.48471884283357, 29.435767215477554]]}, "properties": {"confidence": "high"}}, {"type": "Feature", "geometry": {"type": "LineString", "coordinates": [[-98.48041591262263, 29.435751568491515], [-98.48041591262263, 29.43572809800794], [-98.4804069294698, 29.43572809800794], [-98.4804069294698, 29.435751568491515], [-98.48041591262263, 29.435751568491515]]}, "properties": {"confidence": "high"}}, {"type": "Feature", "geometry": {"type": "LineString", "coordinates": [[-98.4892822844769, 29.435735921503067], [-98.4892822844769, 29.43572809800794], [-98.48927330132405, 29.43572809800794], [-98.48927330132405, 29.435735921503067], [-98.4892822844769, 29.435735921503067]]}, "properties": {"confidence": "high"}}, {"type": "Feature", "geometry": {"type": "LineString", "coordinates": [[-98.48792582839788, 29.435735921503067], [-98.48792582839788, 29.43572809800794], [-98.48791684524504, 29.43572809800794], [-98.48791684524504, 29.435735921503067], [-98.48792582839788, 29.435735921503067]]}, "properties": {"confidence": "high"}}, {"type": "Feature", "geometry": {"type": "LineString", "coordinates": [[-98.48572495595178, 29.435735921503067], [-98.48572495595178, 29.43572809800794], [-98.48571597279894, 29.43572809800794], [-98.48571597279894, 29.435735921503067], [-98.48572495595178, 29.435735921503067]]}, "properties": {"confidence": "high"}}, {"type": "Feature", "geometry": {"type": "LineString", "coordinates": [[-98.48900380673882, 29.435735921503067], [-98.48900380673882, 29.43572027451221], [-98.48899482358598, 29.43572027451221], [-98.48899482358598, 29.435735921503067], [-98.48900380673882, 29.435735921503067]]}, "properties": {"confidence": "high"}}, {"type": "Feature", "geometry": {"type": "LineString", "coordinates": [[-98.48751260336718, 29.435735921503067], [-98.48751260336718, 29.43572027451221], [-98.48750362021434, 29.43572027451221], [-98.48750362021434, 29.435735921503067], [-98.48751260336718, 29.435735921503067]]}, "properties": {"confidence": "high"}}, {"type": "Feature", "geometry": {"type": "LineString", "coordinates": [[-98.48073930612492, 29.435735921503067], [-98.48073930612492, 29.43572027451221], [-98.48073032297208, 29.43572027451221], [-98.48073032297208, 29.435735921503067], [-98.48073930612492, 29.435735921503067]]}, "properties": {"confidence": "high"}}, {"type": "Feature", "geometry": {"type": "LineString", "coordinates": [[-98.48930025078258, 29.43572809800794], [-98.48930025078258, 29.43572027451221], [-98.4892822844769, 29.43572027451221], [-98.4892822844769, 29.43572809800794], [-98.48930025078258, 29.43572809800794]]}, "properties": {"confidence": "high"}}, {"type": "Feature", "geometry": {"type": "LineString", "coordinates": [[-98.48794379470355, 29.43572809800794], [-98.48794379470355, 29.43572027451221], [-98.48792582839788, 29.43572027451221], [-98.48792582839788, 29.43572809800794], [-98.48794379470355, 29.43572809800794]]}, "properties": {"confidence": "high"}}, {"type": "Feature", "geometry": {"type": "LineString", "coordinates": [[-98.48574292225747, 29.43572809800794], [-98.48574292225747, 29.43572027451221], [-98.48572495595178, 29.43572027451221], [-98.48572495595178, 29.43572809800794], [-98.48574292225747, 29.43572809800794]]}, "properties": {"confidence": "high"}}, {"type": "Feature", "geometry": {"type": "LineString", "coordinates": [[-98.4804069294698, 29.43572809800794], [-98.4804069294698, 29.43572027451221], [-98.48039794631694, 29.43572027451221], [-98.48039794631694, 29.43572809800794], [-98.4804069294698, 29.43572809800794]]}, "properties": {"confidence": "high"}}, {"type": "Feature", "geometry": {"type": "LineString", "coordinates": [[-98.48930923393542, 29.43572027451221], [-98.48930923393542, 29.435712451015878], [-98.48930025078258, 29.435712451015878], [-98.48930025078258, 29.43572027451221], [-98.48930923393542, 29.43572027451221]]}, "properties": {"confidence": "high"}}, {"type": "Feature", "geometry": {"type": "LineString", "coordinates": [[-98.48899482358598, 29.43572027451221], [-98.48899482358598, 29.435712451015878], [-98.48898584043314, 29.435712451015878], [-98.48898584043314, 29.43572027451221], [-98.48899482358598, 29.43572027451221]]}, "properties": {"confidence": "high"}}, {"type": "Feature", "geometry": {"type": "LineString", "coordinates": [[-98.4879527778564, 29.43572027451221], [-98.4879527778564, 29.435712451015878], [-98.48794379470355, 29.435712451015878], [-98.48794379470355, 29.43572027451221], [-98.4879527778564, 29.43572027451221]]}, "properties": {"confidence": "high"}}, {"type": "Feature", "geometry": {"type": "LineString", "coordinates": [[-98.48575190541031, 29.43572027451221], [-98.48575190541031, 29.435712451015878], [-98.48574292225747, 29.435712451015878], [-98.48574292225747, 29.43572027451221], [-98.48575190541031, 29.43572027451221]]}, "properties": {"confidence": "high"}}, {"type": "Feature", "geometry": {"type": "LineString", "coordinates": [[-98.4807572724306, 29.43572027451221], [-98.4807572724306, 29.435712451015878], [-98.48073930612492, 29.435712451015878], [-98.48073930612492, 29.43572027451221], [-98.4807572724306, 29.43572027451221]]}, "properties": {"confidence": "high"}}, {"type": "Feature", "geometry": {"type": "LineString", "coordinates": [[-98.48750362021434, 29.43572027451221], [-98.48750362021434, 29.435704627518934], [-98.4874946370615, 29.435704627518934], [-98.4874946370615, 29.43572027451221], [-98.48750362021434, 29.43572027451221]]}, "properties": {"confidence": "high"}}, {"type": "Feature", "geometry": {"type": "LineString", "coordinates": [[-98.48931821708825, 29.435712451015878], [-98.48931821708825, 29.435704627518934], [-98.48930923393542, 29.435704627518934], [-98.48930923393542, 29.435712451015878], [-98.48931821708825, 29.435712451015878]]}, "properties": {"confidence": "high"}}, {"type": "Feature", "geometry": {"type": "LineString", "coordinates": [[-98.48797074416208, 29.435712451015878], [-98.48797074416208, 29.435704627518934], [-98.4879527778564, 29.435704627518934], [-98.4879527778564, 29.435712451015878], [-98.48797074416208, 29.435712451015878]]}, "properties": {"confidence": "high"}}, {"type": "Feature", "geometry": {"type": "LineString", "coordinates": [[-98.48576987171599, 29.435712451015878], [-98.48576987171599, 29.435704627518934], [-98.48575190541031, 29.435704627518934], [-98.48575190541031, 29.435712451015878], [-98.48576987171599, 29.435712451015878]]}, "properties": {"confidence": "high"}}, {"type": "Feature", "geometry": {"type": "LineString", "coordinates": [[-98.48076625558345, 29.435712451015878], [-98.48076625558345, 29.435704627518934], [-98.4807572724306, 29.435704627518934], [-98.4807572724306, 29.435712451015878], [-98.48076625558345, 29.435712451015878]]}, "properties": {"confidence": "high"}}, {"type": "Feature", "geometry": {"type": "LineString", "coordinates": [[-98.48472782598641, 29.43572809800794], [-98.48472782598641, 29.435696804021394], [-98.48471884283357, 29.435696804021394], [-98.48471884283357, 29.43572809800794], [-98.48472782598641, 29.43572809800794]]}, "properties": {"confidence": "high"}}, {"type": "Feature", "geometry": {"type": "LineString", "coordinates": [[-98.48898584043314, 29.435712451015878], [-98.48898584043314, 29.435696804021394], [-98.4889768572803, 29.435696804021394], [-98.4889768572803, 29.435712451015878], [-98.48898584043314, 29.435712451015878]]}, "properties": {"confidence": "high"}}, {"type": "Feature", "geometry": {"type": "LineString", "coordinates": [[-98.48933618339395, 29.435704627518934], [-98.48933618339395, 29.435696804021394], [-98.48931821708825, 29.435696804021394], [-98.48931821708825, 29.435704627518934], [-98.48933618339395, 29.435704627518934]]}, "properties": {"confidence": "high"}}, {"type": "Feature", "geometry": {"type": "LineString", "coordinates": [[-98.48797972731492, 29.435704627518934], [-98.48797972731492, 29.435696804021394], [-98.48797074416208, 29.435696804021394], [-98.48797074416208, 29.435704627518934], [-98.48797972731492, 29.435704627518934]]}, "properties": {"confidence": "high"}}, {"type": "Feature", "geometry": {"type": "LineString", "coordinates": [[-98.4874946370615, 29.435704627518934], [-98.4874946370615, 29.435696804021394], [-98.48748565390865, 29.435696804021394], [-98.48748565390865, 29.435704627518934], [-98.4874946370615, 29.435704627518934]]}, "properties": {"confidence": "high"}}, {"type": "Feature", "geometry": {"type": "LineString", "coordinates": [[-98.48577885486883, 29.435704627518934], [-98.48577885486883, 29.435696804021394], [-98.48576987171599, 29.435696804021394], [-98.48576987171599, 29.435704627518934], [-98.48577885486883, 29.435704627518934]]}, "properties": {"confidence": "high"}}, {"type": "Feature", "geometry": {"type": "LineString", "coordinates": [[-98.48077523873629, 29.435704627518934], [-98.48077523873629, 29.435696804021394], [-98.48076625558345, 29.435696804021394], [-98.48076625558345, 29.435704627518934], [-98.48077523873629, 29.435704627518934]]}, "properties": {"confidence": "high"}}, {"type": "Feature", "geometry": {"type": "LineString", "coordinates": [[-98.48934516654678, 29.435696804021394], [-98.48934516654678, 29.435688980523246], [-98.48933618339395, 29.435688980523246], [-98.48933618339395, 29.435696804021394], [-98.48934516654678, 29.435696804021394]]}, "properties": {"confidence": "high"}}, {"type": "Feature", "geometry": {"type": "LineString", "coordinates": [[-98.48798871046776, 29.435696804021394], [-98.48798871046776, 29.435688980523246], [-98.48797972731492, 29.435688980523246], [-98.48797972731492, 29.435696804021394], [-98.48798871046776, 29.435696804021394]]}, "properties": {"confidence": "high"}}, {"type": "Feature", "geometry": {"type": "LineString", "coordinates": [[-98.48579682117452, 29.435696804021394], [-98.48579682117452, 29.435688980523246], [-98.48577885486883, 29.435688980523246], [-98.48577885486883, 29.435696804021394], [-98.48579682117452, 29.435696804021394]]}, "properties": {"confidence": "high"}}, {"type": "Feature", "geometry": {"type": "LineString", "coordinates": [[-98.48078422188912, 29.435696804021394], [-98.48078422188912, 29.435688980523246], [-98.48077523873629, 29.435688980523246], [-98.48077523873629, 29.435696804021394], [-98.48078422188912, 29.435696804021394]]}, "properties": {"confidence": "high"}}, {"type": "Feature", "geometry": {"type": "LineString", "coordinates": [[-98.4889768572803, 29.435696804021394], [-98.4889768572803, 29.435681157024508], [-98.48896787412745, 29.435681157024508], [-98.48896787412745, 29.435696804021394], [-98.4889768572803, 29.435696804021394]]}, "properties": {"confidence": "high"}}, {"type": "Feature", "geometry": {"type": "LineString", "coordinates": [[-98.48748565390865, 29.435696804021394], [-98.48748565390865, 29.435681157024508], [-98.48747667075581, 29.435681157024508], [-98.48747667075581, 29.435696804021394], [-98.48748565390865, 29.435696804021394]]}, "properties": {"confidence": "high"}}, {"type": "Feature", "geometry": {"type": "LineString", "coordinates": [[-98.48935414969962, 29.435688980523246], [-98.48935414969962, 29.435681157024508], [-98.48934516654678, 29.435681157024508], [-98.48934516654678, 29.435688980523246], [-98.48935414969962, 29.435688980523246]]}, "properties": {"confidence": "high"}}, {"type": "Feature", "geometry": {"type": "LineString", "coordinates": [[-98.48800667677345, 29.435688980523246], [-98.48800667677345, 29.435681157024508], [-98.48798871046776, 29.435681157024508], [-98.48798871046776, 29.435688980523246], [-98.48800667677345, 29.435688980523246]]}, "properties": {"confidence": "high"}}, {"type": "Feature", "geometry": {"type": "LineString", "coordinates": [[-98.4858147874802, 29.435688980523246], [-98.4858147874802, 29.435681157024508], [-98.48579682117452, 29.435681157024508], [-98.48579682117452, 29.435688980523246], [-98.4858147874802, 29.435688980523246]]}, "properties": {"confidence": "high"}}, {"type": "Feature", "geometry": {"type": "LineString", "coordinates": [[-98.4808021881948, 29.435688980523246], [-98.4808021881948, 29.435681157024508], [-98.48078422188912, 29.435681157024508], [-98.48078422188912, 29.435688980523246], [-98.4808021881948, 29.435688980523246]]}, "properties": {"confidence": "high"}}, {"type": "Feature", "geometry": {"type": "LineString", "coordinates": [[-98.4893721160053, 29.435681157024508], [-98.4893721160053, 29.435673333525155], [-98.48935414969962, 29.435673333525155], [-98.48935414969962, 29.435681157024508], [-98.4893721160053, 29.435681157024508]]}, "properties": {"confidence": "high"}}, {"type": "Feature", "geometry": {"type": "LineString", "coordinates": [[-98.48802464307913, 29.435681157024508], [-98.48802464307913, 29.435673333525155], [-98.48800667677345, 29.435673333525155], [-98.48800667677345, 29.435681157024508], [-98.48802464307913, 29.435681157024508]]}, "properties": {"confidence": "high"}}, {"type": "Feature", "geometry": {"type": "LineString", "coordinates": [[-98.48582377063303, 29.435681157024508], [-98.48582377063303, 29.435673333525155], [-98.4858147874802, 29.435673333525155], [-98.4858147874802, 29.435681157024508], [-98.48582377063303, 29.435681157024508]]}, "properties": {"confidence": "high"}}, {"type": "Feature", "geometry": {"type": "LineString", "coordinates": [[-98.48081117134764, 29.435681157024508], [-98.48081117134764, 29.435673333525155], [-98.4808021881948, 29.435673333525155], [-98.4808021881948, 29.435681157024508], [-98.48081117134764, 29.435681157024508]]}, "properties": {"confidence": "high"}}, {"type": "Feature", "geometry": {"type": "LineString", "coordinates": [[-98.48473680913925, 29.435696804021394], [-98.48473680913925, 29.435665510025203], [-98.48472782598641, 29.435665510025203], [-98.48472782598641, 29.435696804021394], [-98.48473680913925, 29.435696804021394]]}, "properties": {"confidence": "high"}}, {"type": "Feature", "geometry": {"type": "LineString", "coordinates": [[-98.48896787412745, 29.435681157024508], [-98.48896787412745, 29.435665510025203], [-98.48895889097462, 29.435665510025203], [-98.48895889097462, 29.435681157024508], [-98.48896787412745, 29.435681157024508]]}, "properties": {"confidence": "high"}}, {"type": "Feature", "geometry": {"type": "LineString", "coordinates": [[-98.48747667075581, 29.435681157024508], [-98.48747667075581, 29.435665510025203], [-98.48746768760297, 29.435665510025203], [-98.48746768760297, 29.435681157024508], [-98.48747667075581, 29.435681157024508]]}, "properties": {"confidence": "high"}}, {"type": "Feature", "geometry": {"type": "LineString", "coordinates": [[-98.48939008231099, 29.435673333525155], [-98.48939008231099, 29.435665510025203], [-98.4893721160053, 29.435665510025203], [-98.4893721160053, 29.435673333525155], [-98.48939008231099, 29.435673333525155]]}, "properties": {"confidence": "high"}}, {"type": "Feature", "geometry": {"type": "LineString", "coordinates": [[-98.48803362623197, 29.435673333525155], [-98.48803362623197, 29.435665510025203], [-98.48802464307913, 29.435665510025203], [-98.48802464307913, 29.435673333525155], [-98.48803362623197, 29.435673333525155]]}, "properties": {"confidence": "high"}}, {"type": "Feature", "geometry": {"type": "LineString", "coordinates": [[-98.48583275378587, 29.435673333525155], [-98.48583275378587, 29.435665510025203], [-98.48582377063303, 29.435665510025203], [-98.48582377063303, 29.435673333525155], [-98.48583275378587, 29.435673333525155]]}, "properties": {"confidence": "high"}}, {"type": "Feature", "geometry": {"type": "LineString", "coordinates": [[-98.48082015450049, 29.435673333525155], [-98.48082015450049, 29.435665510025203], [-98.48081117134764, 29.435665510025203], [-98.48081117134764, 29.435673333525155], [-98.48082015450049, 29.435673333525155]]}, "properties": {"confidence": "high"}}, {"type": "Feature", "geometry": {"type": "LineString", "coordinates": [[-98.48939906546383, 29.435665510025203], [-98.48939906546383, 29.435657686524653], [-98.48939008231099, 29.435657686524653], [-98.48939008231099, 29.435665510025203], [-98.48939906546383, 29.435665510025203]]}, "properties": {"confidence": "high"}}, {"type": "Feature", "geometry": {"type": "LineString", "coordinates": [[-98.48805159253766, 29.435665510025203], [-98.48805159253766, 29.435657686524653], [-98.48803362623197, 29.435657686524653], [-98.48803362623197, 29.435665510025203], [-98.48805159253766, 29.435665510025203]]}, "properties": {"confidence": "high"}}, {"type": "Feature", "geometry": {"type": "LineString", "coordinates": [[-98.48746768760297, 29.435665510025203], [-98.48746768760297, 29.435657686524653], [-98.48745870445013, 29.435657686524653], [-98.48745870445013, 29.435665510025203], [-98.48746768760297, 29.435665510025203]]}, "properties": {"confidence": "high"}}, {"type": "Feature", "geometry": {"type": "LineString", "coordinates": [[-98.48585072009156, 29.435665510025203], [-98.48585072009156, 29.435657686524653], [-98.48583275378587, 29.435657686524653], [-98.48583275378587, 29.435665510025203], [-98.48585072009156, 29.435665510025203]]}, "properties": {"confidence": "high"}}, {"type": "Feature", "geometry": {"type": "LineString", "coordinates": [[-98.48082913765333, 29.435665510025203], [-98.48082913765333, 29.435657686524653], [-98.48082015450049, 29.435657686524653], [-98.48082015450049, 29.435665510025203], [-98.48082913765333, 29.435665510025203]]}, "properties": {"confidence": "high"}}, {"type": "Feature", "geometry": {"type": "LineString", "coordinates": [[-98.48895889097462, 29.435665510025203], [-98.48895889097462, 29.4356498630235], [-98.48894990782178, 29.4356498630235], [-98.48894990782178, 29.435665510025203], [-98.48895889097462, 29.435665510025203]]}, "properties": {"confidence": "high"}}, {"type": "Feature", "geometry": {"type": "LineString", "coordinates": [[-98.4894170317695, 29.435657686524653], [-98.4894170317695, 29.4356498630235], [-98.48939906546383, 29.4356498630235], [-98.48939906546383, 29.435657686524653], [-98.4894170317695, 29.435657686524653]]}, "properties": {"confidence": "high"}}, {"type": "Feature", "geometry": {"type": "LineString", "coordinates": [[-98.4880605756905, 29.435657686524653], [-98.4880605756905, 29.4356498630235], [-98.48805159253766, 29.4356498630235], [-98.48805159253766, 29.435657686524653], [-98.4880605756905, 29.435657686524653]]}, "properties": {"confidence": "high"}}, {"type": "Feature", "geometry": {"type": "LineString", "coordinates": [[-98.48586868639724, 29.435657686524653], [-98.48586868639724, 29.4356498630235], [-98.48585072009156, 29.4356498630235], [-98.48585072009156, 29.435657686524653], [-98.48586868639724, 29.435657686524653]]}, "properties": {"confidence": "high"}}, {"type": "Feature", "geometry": {"type": "LineString", "coordinates": [[-98.48083812080617, 29.435657686524653], [-98.48083812080617, 29.4356498630235], [-98.48082913765333, 29.4356498630235], [-98.48082913765333, 29.435657686524653], [-98.48083812080617, 29.435657686524653]]}, "properties": {"confidence": "high"}}, {"type": "Feature", "geometry": {"type": "LineString", "coordinates": [[-98.48745870445013, 29.435657686524653], [-98.48745870445013, 29.43564203952174], [-98.4874497212973, 29.43564203952174], [-98.4874497212973, 29.435657686524653], [-98.48745870445013, 29.435657686524653]]}, "properties": {"confidence": "high"}}, {"type": "Feature", "geometry": {"type": "LineString", "coordinates": [[-98.48942601492234, 29.4356498630235], [-98.48942601492234, 29.43564203952174], [-98.4894170317695, 29.43564203952174], [-98.4894170317695, 29.4356498630235], [-98.48942601492234, 29.4356498630235]]}, "properties": {"confidence": "high"}}, {"type": "Feature", "geometry": {"type": "LineString", "coordinates": [[-98.48807854199617, 29.4356498630235], [-98.48807854199617, 29.43564203952174], [-98.4880605756905, 29.43564203952174], [-98.4880605756905, 29.4356498630235], [-98.48807854199617, 29.4356498630235]]}, "properties": {"confidence": "high"}}, {"type": "Feature", "geometry": {"type": "LineString", "coordinates": [[-98.48587766955008, 29.4356498630235], [-98.48587766955008, 29.43564203952174], [-98.48586868639724, 29.43564203952174], [-98.48586868639724, 29.4356498630235], [-98.48587766955008, 29.4356498630235]]}, "properties": {"confidence": "high"}}, {"type": "Feature", "geometry": {"type": "LineString", "coordinates": [[-98.48084710395901, 29.4356498630235], [-98.48084710395901, 29.43564203952174], [-98.48083812080617, 29.43564203952174], [-98.48083812080617, 29.4356498630235], [-98.48084710395901, 29.4356498630235]]}, "properties": {"confidence": "high"}}, {"type": "Feature", "geometry": {"type": "LineString", "coordinates": [[-98.48894990782178, 29.4356498630235], [-98.48894990782178, 29.435634216019377], [-98.48894092466894, 29.435634216019377], [-98.48894092466894, 29.4356498630235], [-98.48894990782178, 29.4356498630235]]}, "properties": {"confidence": "high"}}, {"type": "Feature", "geometry": {"type": "LineString", "coordinates": [[-98.48945296438087, 29.43564203952174], [-98.48945296438087, 29.435634216019377], [-98.48942601492234, 29.435634216019377], [-98.48942601492234, 29.43564203952174], [-98.48945296438087, 29.43564203952174]]}, "properties": {"confidence": "high"}}, {"type": "Feature", "geometry": {"type": "LineString", "coordinates": [[-98.48809650830185, 29.43564203952174], [-98.48809650830185, 29.435634216019377], [-98.48807854199617, 29.435634216019377], [-98.48807854199617, 29.43564203952174], [-98.48809650830185, 29.43564203952174]]}, "properties": {"confidence": "high"}}, {"type": "Feature", "geometry": {"type": "LineString", "coordinates": [[-98.4874497212973, 29.43564203952174], [-98.4874497212973, 29.435634216019377], [-98.48744073814446, 29.435634216019377], [-98.48744073814446, 29.43564203952174], [-98.4874497212973, 29.43564203952174]]}, "properties": {"confidence": "high"}}, {"type": "Feature", "geometry": {"type": "LineString", "coordinates": [[-98.48589563585577, 29.43564203952174], [-98.48589563585577, 29.435634216019377], [-98.48587766955008, 29.435634216019377], [-98.48587766955008, 29.43564203952174], [-98.48589563585577, 29.43564203952174]]}, "properties": {"confidence": "high"}}, {"type": "Feature", "geometry": {"type": "LineString", "coordinates": [[-98.48085608711185, 29.43564203952174], [-98.48085608711185, 29.435634216019377], [-98.48084710395901, 29.435634216019377], [-98.48084710395901, 29.43564203952174], [-98.48085608711185, 29.43564203952174]]}, "properties": {"confidence": "high"}}, {"type": "Feature", "geometry": {"type": "LineString", "coordinates": [[-98.48947093068655, 29.435634216019377], [-98.48947093068655, 29.435626392516408], [-98.48945296438087, 29.435626392516408], [-98.48945296438087, 29.435634216019377], [-98.48947093068655, 29.435634216019377]]}, "properties": {"confidence": "high"}}, {"type": "Feature", "geometry": {"type": "LineString", "coordinates": [[-98.48894092466894, 29.435634216019377], [-98.48894092466894, 29.435626392516408], [-98.48893194151609, 29.435626392516408], [-98.48893194151609, 29.435634216019377], [-98.48894092466894, 29.435634216019377]]}, "properties": {"confidence": "high"}}, {"type": "Feature", "geometry": {"type": "LineString", "coordinates": [[-98.48811447460754, 29.435634216019377], [-98.48811447460754, 29.435626392516408], [-98.48809650830185, 29.435626392516408], [-98.48809650830185, 29.435634216019377], [-98.48811447460754, 29.435634216019377]]}, "properties": {"confidence": "high"}}, {"type": "Feature", "geometry": {"type": "LineString", "coordinates": [[-98.48590461900861, 29.435634216019377], [-98.48590461900861, 29.435626392516408], [-98.48589563585577, 29.435626392516408], [-98.48589563585577, 29.435634216019377], [-98.48590461900861, 29.435634216019377]]}, "properties": {"confidence": "high"}}, {"type": "Feature", "geometry": {"type": "LineString", "coordinates": [[-98.48086507026468, 29.435634216019377], [-98.48086507026468, 29.435626392516408], [-98.48085608711185, 29.435626392516408], [-98.48085608711185, 29.435634216019377], [-98.48086507026468, 29.435634216019377]]}, "properties": {"confidence": "high"}}, {"type": "Feature", "geometry": {"type": "LineString", "coordinates": [[-98.48474579229209, 29.435665510025203], [-98.48474579229209, 29.435618569012842], [-98.48473680913925, 29.435618569012842], [-98.48473680913925, 29.435665510025203], [-98.48474579229209, 29.435665510025203]]}, "properties": {"confidence": "high"}}, {"type": "Feature", "geometry": {"type": "LineString", "coordinates": [[-98.48744073814446, 29.435634216019377], [-98.48744073814446, 29.435618569012842], [-98.4874317549916, 29.435618569012842], [-98.4874317549916, 29.435634216019377], [-98.48744073814446, 29.435634216019377]]}, "properties": {"confidence": "high"}}, {"type": "Feature", "geometry": {"type": "LineString", "coordinates": [[-98.48947991383939, 29.435626392516408], [-98.48947991383939, 29.435618569012842], [-98.48947093068655, 29.435618569012842], [-98.48947093068655, 29.435626392516408], [-98.48947991383939, 29.435626392516408]]}, "properties": {"confidence": "high"}}, {"type": "Feature", "geometry": {"type": "LineString", "coordinates": [[-98.48893194151609, 29.435626392516408], [-98.48893194151609, 29.435618569012842], [-98.48892295836325, 29.435618569012842], [-98.48892295836325, 29.435626392516408], [-98.48893194151609, 29.435626392516408]]}, "properties": {"confidence": "high"}}, {"type": "Feature", "geometry": {"type": "LineString", "coordinates": [[-98.48812345776038, 29.435626392516408], [-98.48812345776038, 29.435618569012842], [-98.48811447460754, 29.435618569012842], [-98.48811447460754, 29.435626392516408], [-98.48812345776038, 29.435626392516408]]}, "properties": {"confidence": "high"}}, {"type": "Feature", "geometry": {"type": "LineString", "coordinates": [[-98.48591360216145, 29.435626392516408], [-98.48591360216145, 29.435618569012842], [-98.48590461900861, 29.435618569012842], [-98.48590461900861, 29.435626392516408], [-98.48591360216145, 29.435626392516408]]}, "properties": {"confidence": "high"}}, {"type": "Feature", "geometry": {"type": "LineString", "coordinates": [[-98.48087405341754, 29.435626392516408], [-98.48087405341754, 29.435618569012842], [-98.48086507026468, 29.435618569012842], [-98.48086507026468, 29.435626392516408], [-98.48087405341754, 29.435626392516408]]}, "properties": {"confidence": "high"}}, {"type": "Feature", "geometry": {"type": "LineString", "coordinates": [[-98.48949788014508, 29.435618569012842], [-98.48949788014508, 29.435610745508672], [-98.48947991383939, 29.435610745508672], [-98.48947991383939, 29.435618569012842], [-98.48949788014508, 29.435618569012842]]}, "properties": {"confidence": "high"}}, {"type": "Feature", "geometry": {"type": "LineString", "coordinates": [[-98.48814142406606, 29.435618569012842], [-98.48814142406606, 29.435610745508672], [-98.48812345776038, 29.435610745508672], [-98.48812345776038, 29.435618569012842], [-98.48814142406606, 29.435618569012842]]}, "properties": {"confidence": "high"}}, {"type": "Feature", "geometry": {"type": "LineString", "coordinates": [[-98.4874317549916, 29.435618569012842], [-98.4874317549916, 29.435610745508672], [-98.48742277183877, 29.435610745508672], [-98.48742277183877, 29.435618569012842], [-98.4874317549916, 29.435618569012842]]}, "properties": {"confidence": "high"}}, {"type": "Feature", "geometry": {"type": "LineString", "coordinates": [[-98.48593156846712, 29.435618569012842], [-98.48593156846712, 29.435610745508672], [-98.48591360216145, 29.435610745508672], [-98.48591360216145, 29.435618569012842], [-98.48593156846712, 29.435618569012842]]}, "properties": {"confidence": "high"}}, {"type": "Feature", "geometry": {"type": "LineString", "coordinates": [[-98.48088303657038, 29.435618569012842], [-98.48088303657038, 29.435610745508672], [-98.48087405341754, 29.435610745508672], [-98.48087405341754, 29.435618569012842], [-98.48088303657038, 29.435618569012842]]}, "properties": {"confidence": "high"}}, {"type": "Feature", "geometry": {"type": "LineString", "coordinates": [[-98.48892295836325, 29.435618569012842], [-98.48892295836325, 29.4356029220039], [-98.4889139752104, 29.4356029220039], [-98.4889139752104, 29.435618569012842], [-98.48892295836325, 29.435618569012842]]}, "properties": {"confidence": "high"}}, {"type": "Feature", "geometry": {"type": "LineString", "coordinates": [[-98.48951584645077, 29.435610745508672], [-98.48951584645077, 29.4356029220039], [-98.48949788014508, 29.4356029220039], [-98.48949788014508, 29.435610745508672], [-98.48951584645077, 29.435610745508672]]}, "properties": {"confidence": "high"}}, {"type": "Feature", "geometry": {"type": "LineString", "coordinates": [[-98.4881504072189, 29.435610745508672], [-98.4881504072189, 29.4356029220039], [-98.48814142406606, 29.4356029220039], [-98.48814142406606, 29.435610745508672], [-98.4881504072189, 29.435610745508672]]}, "properties": {"confidence": "high"}}, {"type": "Feature", "geometry": {"type": "LineString", "coordinates": [[-98.48742277183877, 29.435610745508672], [-98.48742277183877, 29.4356029220039], [-98.48741378868593, 29.4356029220039], [-98.48741378868593, 29.435610745508672], [-98.48742277183877, 29.435610745508672]]}, "properties": {"confidence": "high"}}, {"type": "Feature", "geometry": {"type": "LineString", "coordinates": [[-98.48594055161996, 29.435610745508672], [-98.48594055161996, 29.4356029220039], [-98.48593156846712, 29.4356029220039], [-98.48593156846712, 29.435610745508672], [-98.48594055161996, 29.435610745508672]]}, "properties": {"confidence": "high"}}, {"type": "Feature", "geometry": {"type": "LineString", "coordinates": [[-98.48089201972321, 29.435610745508672], [-98.48089201972321, 29.4356029220039], [-98.48088303657038, 29.4356029220039], [-98.48088303657038, 29.435610745508672], [-98.48089201972321, 29.435610745508672]]}, "properties": {"confidence": "high"}}, {"type": "Feature", "geometry": {"type": "LineString", "coordinates": [[-98.48953381275645, 29.4356029220039], [-98.48953381275645, 29.43559509849852], [-98.48951584645077, 29.43559509849852], [-98.48951584645077, 29.4356029220039], [-98.48953381275645, 29.4356029220039]]}, "properties": {"confidence": "high"}}, {"type": "Feature", "geometry": {"type": "LineString", "coordinates": [[-98.4889139752104, 29.4356029220039], [-98.4889139752104, 29.43559509849852], [-98.48890499205756, 29.43559509849852], [-98.48890499205756, 29.4356029220039], [-98.4889139752104, 29.4356029220039]]}, "properties": {"confidence": "high"}}, {"type": "Feature", "geometry": {"type": "LineString", "coordinates": [[-98.48815939037175, 29.4356029220039], [-98.48815939037175, 29.43559509849852], [-98.4881504072189, 29.43559509849852], [-98.4881504072189, 29.4356029220039], [-98.48815939037175, 29.4356029220039]]}, "properties": {"confidence": "high"}}, {"type": "Feature", "geometry": {"type": "LineString", "coordinates": [[-98.48595851792565, 29.4356029220039], [-98.48595851792565, 29.43559509849852], [-98.48594055161996, 29.43559509849852], [-98.48594055161996, 29.4356029220039], [-98.48595851792565, 29.4356029220039]]}, "properties": {"confidence": "high"}}, {"type": "Feature", "geometry": {"type": "LineString", "coordinates": [[-98.48090100287605, 29.4356029220039], [-98.48090100287605, 29.43559509849852], [-98.48089201972321, 29.43559509849852], [-98.48089201972321, 29.4356029220039], [-98.48090100287605, 29.4356029220039]]}, "properties": {"confidence": "high"}}, {"type": "Feature", "geometry": {"type": "LineString", "coordinates": [[-98.48391035907787, 29.435962802599565], [-98.48391035907787, 29.435587274992546], [-98.48390137592503, 29.435587274992546], [-98.48390137592503, 29.435962802599565], [-98.48391035907787, 29.435962802599565]]}, "properties": {"confidence": "high"}}, {"type": "Feature", "geometry": {"type": "LineString", "coordinates": [[-98.48475477544493, 29.435618569012842], [-98.48475477544493, 29.435587274992546], [-98.48474579229209, 29.435587274992546], [-98.48474579229209, 29.435618569012842], [-98.48475477544493, 29.435618569012842]]}, "properties": {"confidence": "high"}}, {"type": "Feature", "geometry": {"type": "LineString", "coordinates": [[-98.48741378868593, 29.4356029220039], [-98.48741378868593, 29.435587274992546], [-98.48740480553309, 29.435587274992546], [-98.48740480553309, 29.4356029220039], [-98.48741378868593, 29.4356029220039]]}, "properties": {"confidence": "high"}}, {"type": "Feature", "geometry": {"type": "LineString", "coordinates": [[-98.48955177906214, 29.43559509849852], [-98.48955177906214, 29.435587274992546], [-98.48953381275645, 29.435587274992546], [-98.48953381275645, 29.43559509849852], [-98.48955177906214, 29.43559509849852]]}, "properties": {"confidence": "high"}}, {"type": "Feature", "geometry": {"type": "LineString", "coordinates": [[-98.48890499205756, 29.43559509849852], [-98.48890499205756, 29.435587274992546], [-98.48889600890472, 29.435587274992546], [-98.48889600890472, 29.43559509849852], [-98.48890499205756, 29.43559509849852]]}, "properties": {"confidence": "high"}}, {"type": "Feature", "geometry": {"type": "LineString", "coordinates": [[-98.48817735667743, 29.43559509849852], [-98.48817735667743, 29.435587274992546], [-98.48815939037175, 29.435587274992546], [-98.48815939037175, 29.43559509849852], [-98.48817735667743, 29.43559509849852]]}, "properties": {"confidence": "high"}}, {"type": "Feature", "geometry": {"type": "LineString", "coordinates": [[-98.48596750107849, 29.43559509849852], [-98.48596750107849, 29.435587274992546], [-98.48595851792565, 29.435587274992546], [-98.48595851792565, 29.43559509849852], [-98.48596750107849, 29.43559509849852]]}, "properties": {"confidence": "high"}}, {"type": "Feature", "geometry": {"type": "LineString", "coordinates": [[-98.48090998602889, 29.43559509849852], [-98.48090998602889, 29.435587274992546], [-98.48090100287605, 29.435587274992546], [-98.48090100287605, 29.43559509849852], [-98.48090998602889, 29.43559509849852]]}, "properties": {"confidence": "high"}}, {"type": "Feature", "geometry": {"type": "LineString", "coordinates": [[-98.48956076221498, 29.435587274992546], [-98.48956076221498, 29.435579451485964], [-98.48955177906214, 29.435579451485964], [-98.48955177906214, 29.435587274992546], [-98.48956076221498, 29.435587274992546]]}, "properties": {"confidence": "high"}}, {"type": "Feature", "geometry": {"type": "LineString", "coordinates": [[-98.48818633983026, 29.435587274992546], [-98.48818633983026, 29.435579451485964], [-98.48817735667743, 29.435579451485964], [-98.48817735667743, 29.435587274992546], [-98.48818633983026, 29.435587274992546]]}, "properties": {"confidence": "high"}}, {"type": "Feature", "geometry": {"type": "LineString", "coordinates": [[-98.48740480553309, 29.435587274992546], [-98.48740480553309, 29.435579451485964], [-98.48739582238025, 29.435579451485964], [-98.48739582238025, 29.435587274992546], [-98.48740480553309, 29.435587274992546]]}, "properties": {"confidence": "high"}}, {"type": "Feature", "geometry": {"type": "LineString", "coordinates": [[-98.48598546738417, 29.435587274992546], [-98.48598546738417, 29.435579451485964], [-98.48596750107849, 29.435579451485964], [-98.48596750107849, 29.435587274992546], [-98.48598546738417, 29.435587274992546]]}, "properties": {"confidence": "high"}}, {"type": "Feature", "geometry": {"type": "LineString", "coordinates": [[-98.48091896918174, 29.435587274992546], [-98.48091896918174, 29.435579451485964], [-98.48090998602889, 29.435579451485964], [-98.48090998602889, 29.435587274992546], [-98.48091896918174, 29.435587274992546]]}, "properties": {"confidence": "high"}}, {"type": "Feature", "geometry": {"type": "LineString", "coordinates": [[-98.48889600890472, 29.435587274992546], [-98.48889600890472, 29.43557162797878], [-98.48888702575188, 29.43557162797878], [-98.48888702575188, 29.435587274992546], [-98.48889600890472, 29.435587274992546]]}, "properties": {"confidence": "high"}}, {"type": "Feature", "geometry": {"type": "LineString", "coordinates": [[-98.48956974536782, 29.435579451485964], [-98.48956974536782, 29.43557162797878], [-98.48956076221498, 29.43557162797878], [-98.48956076221498, 29.435579451485964], [-98.48956974536782, 29.435579451485964]]}, "properties": {"confidence": "high"}}, {"type": "Feature", "geometry": {"type": "LineString", "coordinates": [[-98.48820430613596, 29.435579451485964], [-98.48820430613596, 29.43557162797878], [-98.48818633983026, 29.43557162797878], [-98.48818633983026, 29.435579451485964], [-98.48820430613596, 29.435579451485964]]}, "properties": {"confidence": "high"}}, {"type": "Feature", "geometry": {"type": "LineString", "coordinates": [[-98.485994450537, 29.435579451485964], [-98.485994450537, 29.43557162797878], [-98.48598546738417, 29.43557162797878], [-98.48598546738417, 29.435579451485964], [-98.485994450537, 29.435579451485964]]}, "properties": {"confidence": "high"}}, {"type": "Feature", "geometry": {"type": "LineString", "coordinates": [[-98.48092795233458, 29.435579451485964], [-98.48092795233458, 29.43557162797878], [-98.48091896918174, 29.43557162797878], [-98.48091896918174, 29.435579451485964], [-98.48092795233458, 29.435579451485964]]}, "properties": {"confidence": "high"}}, {"type": "Feature", "geometry": {"type": "LineString", "coordinates": [[-98.48739582238025, 29.435579451485964], [-98.48739582238025, 29.43556380447099], [-98.48738683922741, 29.43556380447099], [-98.48738683922741, 29.435579451485964], [-98.48739582238025, 29.435579451485964]]}, "properties": {"confidence": "high"}}, {"type": "Feature", "geometry": {"type": "LineString", "coordinates": [[-98.4882132892888, 29.43557162797878], [-98.4882132892888, 29.43556380447099], [-98.48820430613596, 29.43556380447099], [-98.48820430613596, 29.43557162797878], [-98.4882132892888, 29.43557162797878]]}, "properties": {"confidence": "high"}}, {"type": "Feature", "geometry": {"type": "LineString", "coordinates": [[-98.4860124168427, 29.43557162797878], [-98.4860124168427, 29.43556380447099], [-98.485994450537, 29.43556380447099], [-98.485994450537, 29.43557162797878], [-98.4860124168427, 29.43557162797878]]}, "properties": {"confidence": "high"}}, {"type": "Feature", "geometry": {"type": "LineString", "coordinates": [[-98.48093693548742, 29.43557162797878], [-98.48093693548742, 29.43556380447099], [-98.48092795233458, 29.43556380447099], [-98.48092795233458, 29.43557162797878], [-98.48093693548742, 29.43557162797878]]}, "properties": {"confidence": "high"}}, {"type": "Feature", "geometry": {"type": "LineString", "coordinates": [[-98.48957872852066, 29.43557162797878], [-98.48957872852066, 29.435555980962604], [-98.48956974536782, 29.435555980962604], [-98.48956974536782, 29.43557162797878], [-98.48957872852066, 29.43557162797878]]}, "properties": {"confidence": "high"}}, {"type": "Feature", "geometry": {"type": "LineString", "coordinates": [[-98.48888702575188, 29.43557162797878], [-98.48888702575188, 29.435555980962604], [-98.48887804259904, 29.435555980962604], [-98.48887804259904, 29.43557162797878], [-98.48888702575188, 29.43557162797878]]}, "properties": {"confidence": "high"}}, {"type": "Feature", "geometry": {"type": "LineString", "coordinates": [[-98.48823125559447, 29.43556380447099], [-98.48823125559447, 29.435555980962604], [-98.4882132892888, 29.435555980962604], [-98.4882132892888, 29.43556380447099], [-98.48823125559447, 29.43556380447099]]}, "properties": {"confidence": "high"}}, {"type": "Feature", "geometry": {"type": "LineString", "coordinates": [[-98.48738683922741, 29.43556380447099], [-98.48738683922741, 29.435555980962604], [-98.48737785607456, 29.435555980962604], [-98.48737785607456, 29.43556380447099], [-98.48738683922741, 29.43556380447099]]}, "properties": {"confidence": "high"}}, {"type": "Feature", "geometry": {"type": "LineString", "coordinates": [[-98.48602139999554, 29.43556380447099], [-98.48602139999554, 29.435555980962604], [-98.4860124168427, 29.435555980962604], [-98.4860124168427, 29.43556380447099], [-98.48602139999554, 29.43556380447099]]}, "properties": {"confidence": "high"}}, {"type": "Feature", "geometry": {"type": "LineString", "coordinates": [[-98.48094591864026, 29.43556380447099], [-98.48094591864026, 29.435555980962604], [-98.48093693548742, 29.435555980962604], [-98.48093693548742, 29.43556380447099], [-98.48094591864026, 29.43556380447099]]}, "properties": {"confidence": "high"}}, {"type": "Feature", "geometry": {"type": "LineString", "coordinates": [[-98.4895877116735, 29.435555980962604], [-98.4895877116735, 29.435548157453606], [-98.48957872852066, 29.435548157453606], [-98.48957872852066, 29.435555980962604], [-98.4895877116735, 29.435555980962604]]}, "properties": {"confidence": "high"}}, {"type": "Feature", "geometry": {"type": "LineString", "coordinates": [[-98.48824023874731, 29.435555980962604], [-98.48824023874731, 29.435548157453606], [-98.48823125559447, 29.435548157453606], [-98.48823125559447, 29.435555980962604], [-98.48824023874731, 29.435555980962604]]}, "properties": {"confidence": "high"}}, {"type": "Feature", "geometry": {"type": "LineString", "coordinates": [[-98.48603936630121, 29.435555980962604], [-98.48603936630121, 29.435548157453606], [-98.48602139999554, 29.435548157453606], [-98.48602139999554, 29.435555980962604], [-98.48603936630121, 29.435555980962604]]}, "properties": {"confidence": "high"}}, {"type": "Feature", "geometry": {"type": "LineString", "coordinates": [[-98.4809549017931, 29.435555980962604], [-98.4809549017931, 29.435548157453606], [-98.48094591864026, 29.435548157453606], [-98.48094591864026, 29.435555980962604], [-98.4809549017931, 29.435555980962604]]}, "properties": {"confidence": "high"}}, {"type": "Feature", "geometry": {"type": "LineString", "coordinates": [[-98.48887804259904, 29.435555980962604], [-98.48887804259904, 29.43554033394401], [-98.48886905944619, 29.43554033394401], [-98.48886905944619, 29.435555980962604], [-98.48887804259904, 29.435555980962604]]}, "properties": {"confidence": "high"}}, {"type": "Feature", "geometry": {"type": "LineString", "coordinates": [[-98.48737785607456, 29.435555980962604], [-98.48737785607456, 29.43554033394401], [-98.48736887292172, 29.43554033394401], [-98.48736887292172, 29.435555980962604], [-98.48737785607456, 29.435555980962604]]}, "properties": {"confidence": "high"}}, {"type": "Feature", "geometry": {"type": "LineString", "coordinates": [[-98.488258205053, 29.435548157453606], [-98.488258205053, 29.43554033394401], [-98.48824023874731, 29.43554033394401], [-98.48824023874731, 29.435548157453606], [-98.488258205053, 29.435548157453606]]}, "properties": {"confidence": "high"}}, {"type": "Feature", "geometry": {"type": "LineString", "coordinates": [[-98.48604834945407, 29.435548157453606], [-98.48604834945407, 29.43554033394401], [-98.48603936630121, 29.43554033394401], [-98.48603936630121, 29.435548157453606], [-98.48604834945407, 29.435548157453606]]}, "properties": {"confidence": "high"}}, {"type": "Feature", "geometry": {"type": "LineString", "coordinates": [[-98.48096388494594, 29.435548157453606], [-98.48096388494594, 29.43554033394401], [-98.4809549017931, 29.43554033394401], [-98.4809549017931, 29.435548157453606], [-98.48096388494594, 29.435548157453606]]}, "properties": {"confidence": "high"}}, {"type": "Feature", "geometry": {"type": "LineString", "coordinates": [[-98.48886905944619, 29.43554033394401], [-98.48886905944619, 29.435532510433816], [-98.48886007629335, 29.435532510433816], [-98.48886007629335, 29.43554033394401], [-98.48886905944619, 29.43554033394401]]}, "properties": {"confidence": "high"}}, {"type": "Feature", "geometry": {"type": "LineString", "coordinates": [[-98.48826718820584, 29.43554033394401], [-98.48826718820584, 29.435532510433816], [-98.488258205053, 29.435532510433816], [-98.488258205053, 29.43554033394401], [-98.48826718820584, 29.43554033394401]]}, "properties": {"confidence": "high"}}, {"type": "Feature", "geometry": {"type": "LineString", "coordinates": [[-98.48606631575974, 29.43554033394401], [-98.48606631575974, 29.435532510433816], [-98.48604834945407, 29.435532510433816], [-98.48604834945407, 29.43554033394401], [-98.48606631575974, 29.43554033394401]]}, "properties": {"confidence": "high"}}, {"type": "Feature", "geometry": {"type": "LineString", "coordinates": [[-98.48097286809879, 29.43554033394401], [-98.48097286809879, 29.435532510433816], [-98.48096388494594, 29.435532510433816], [-98.48096388494594, 29.43554033394401], [-98.48097286809879, 29.43554033394401]]}, "properties": {"confidence": "high"}}, {"type": "Feature", "geometry": {"type": "LineString", "coordinates": [[-98.48476375859777, 29.435587274992546], [-98.48476375859777, 29.435524686923014], [-98.48475477544493, 29.435524686923014], [-98.48475477544493, 29.435587274992546], [-98.48476375859777, 29.435587274992546]]}, "properties": {"confidence": "high"}}, {"type": "Feature", "geometry": {"type": "LineString", "coordinates": [[-98.48736887292172, 29.43554033394401], [-98.48736887292172, 29.435524686923014], [-98.48735988976888, 29.435524686923014], [-98.48735988976888, 29.43554033394401], [-98.48736887292172, 29.43554033394401]]}, "properties": {"confidence": "high"}}, {"type": "Feature", "geometry": {"type": "LineString", "coordinates": [[-98.48828515451152, 29.435532510433816], [-98.48828515451152, 29.435524686923014], [-98.48826718820584, 29.435524686923014], [-98.48826718820584, 29.435532510433816], [-98.48828515451152, 29.435532510433816]]}, "properties": {"confidence": "high"}}, {"type": "Feature", "geometry": {"type": "LineString", "coordinates": [[-98.48607529891258, 29.435532510433816], [-98.48607529891258, 29.435524686923014], [-98.48606631575974, 29.435524686923014], [-98.48606631575974, 29.435532510433816], [-98.48607529891258, 29.435532510433816]]}, "properties": {"confidence": "high"}}, {"type": "Feature", "geometry": {"type": "LineString", "coordinates": [[-98.48886007629335, 29.435532510433816], [-98.48886007629335, 29.43551686341161], [-98.48885109314051, 29.43551686341161], [-98.48885109314051, 29.435532510433816], [-98.48886007629335, 29.435532510433816]]}, "properties": {"confidence": "high"}}, {"type": "Feature", "geometry": {"type": "LineString", "coordinates": [[-98.48098185125163, 29.435532510433816], [-98.48098185125163, 29.43551686341161], [-98.48097286809879, 29.43551686341161], [-98.48097286809879, 29.435532510433816], [-98.48098185125163, 29.435532510433816]]}, "properties": {"confidence": "high"}}, {"type": "Feature", "geometry": {"type": "LineString", "coordinates": [[-98.48830312081719, 29.435524686923014], [-98.48830312081719, 29.43551686341161], [-98.48828515451152, 29.43551686341161], [-98.48828515451152, 29.435524686923014], [-98.48830312081719, 29.435524686923014]]}, "properties": {"confidence": "high"}}, {"type": "Feature", "geometry": {"type": "LineString", "coordinates": [[-98.48735988976888, 29.435524686923014], [-98.48735988976888, 29.43551686341161], [-98.48735090661604, 29.43551686341161], [-98.48735090661604, 29.435524686923014], [-98.48735988976888, 29.435524686923014]]}, "properties": {"confidence": "high"}}, {"type": "Feature", "geometry": {"type": "LineString", "coordinates": [[-98.48608428206542, 29.435524686923014], [-98.48608428206542, 29.43551686341161], [-98.48607529891258, 29.43551686341161], [-98.48607529891258, 29.435524686923014], [-98.48608428206542, 29.435524686923014]]}, "properties": {"confidence": "high"}}, {"type": "Feature", "geometry": {"type": "LineString", "coordinates": [[-98.48831210397005, 29.43551686341161], [-98.48831210397005, 29.435509039899603], [-98.48830312081719, 29.435509039899603], [-98.48830312081719, 29.43551686341161], [-98.48831210397005, 29.43551686341161]]}, "properties": {"confidence": "high"}}, {"type": "Feature", "geometry": {"type": "LineString", "coordinates": [[-98.48735090661604, 29.43551686341161], [-98.48735090661604, 29.435509039899603], [-98.4873419234632, 29.435509039899603], [-98.4873419234632, 29.43551686341161], [-98.48735090661604, 29.43551686341161]]}, "properties": {"confidence": "high"}}, {"type": "Feature", "geometry": {"type": "LineString", "coordinates": [[-98.48610224837111, 29.43551686341161], [-98.48610224837111, 29.435509039899603], [-98.48608428206542, 29.435509039899603], [-98.48608428206542, 29.43551686341161], [-98.48610224837111, 29.43551686341161]]}, "properties": {"confidence": "high"}}, {"type": "Feature", "geometry": {"type": "LineString", "coordinates": [[-98.48099083440448, 29.43551686341161], [-98.48099083440448, 29.435509039899603], [-98.48098185125163, 29.435509039899603], [-98.48098185125163, 29.43551686341161], [-98.48099083440448, 29.43551686341161]]}, "properties": {"confidence": "high"}}, {"type": "Feature", "geometry": {"type": "LineString", "coordinates": [[-98.48885109314051, 29.43551686341161], [-98.48885109314051, 29.435501216386992], [-98.48884210998767, 29.435501216386992], [-98.48884210998767, 29.43551686341161], [-98.48885109314051, 29.43551686341161]]}, "properties": {"confidence": "high"}}, {"type": "Feature", "geometry": {"type": "LineString", "coordinates": [[-98.48833007027572, 29.435509039899603], [-98.48833007027572, 29.435501216386992], [-98.48831210397005, 29.435501216386992], [-98.48831210397005, 29.435509039899603], [-98.48833007027572, 29.435509039899603]]}, "properties": {"confidence": "high"}}, {"type": "Feature", "geometry": {"type": "LineString", "coordinates": [[-98.48611123152396, 29.435509039899603], [-98.48611123152396, 29.435501216386992], [-98.48610224837111, 29.435501216386992], [-98.48610224837111, 29.435509039899603], [-98.48611123152396, 29.435509039899603]]}, "properties": {"confidence": "high"}}, {"type": "Feature", "geometry": {"type": "LineString", "coordinates": [[-98.48099981755732, 29.435509039899603], [-98.48099981755732, 29.435501216386992], [-98.48099083440448, 29.435501216386992], [-98.48099083440448, 29.435509039899603], [-98.48099981755732, 29.435509039899603]]}, "properties": {"confidence": "high"}}, {"type": "Feature", "geometry": {"type": "LineString", "coordinates": [[-98.4873419234632, 29.435509039899603], [-98.4873419234632, 29.435493392873784], [-98.48733294031035, 29.435493392873784], [-98.48733294031035, 29.435509039899603], [-98.4873419234632, 29.435509039899603]]}, "properties": {"confidence": "high"}}, {"type": "Feature", "geometry": {"type": "LineString", "coordinates": [[-98.48884210998767, 29.435501216386992], [-98.48884210998767, 29.435493392873784], [-98.48883312683483, 29.435493392873784], [-98.48883312683483, 29.435501216386992], [-98.48884210998767, 29.435501216386992]]}, "properties": {"confidence": "high"}}, {"type": "Feature", "geometry": {"type": "LineString", "coordinates": [[-98.4883480365814, 29.435501216386992], [-98.4883480365814, 29.435493392873784], [-98.48833007027572, 29.435493392873784], [-98.48833007027572, 29.435501216386992], [-98.4883480365814, 29.435501216386992]]}, "properties": {"confidence": "high"}}, {"type": "Feature", "geometry": {"type": "LineString", "coordinates": [[-98.4861202146768, 29.435501216386992], [-98.4861202146768, 29.435493392873784], [-98.48611123152396, 29.435493392873784], [-98.48611123152396, 29.435501216386992], [-98.4861202146768, 29.435501216386992]]}, "properties": {"confidence": "high"}}, {"type": "Feature", "geometry": {"type": "LineString", "coordinates": [[-98.48100880071016, 29.435501216386992], [-98.48100880071016, 29.435493392873784], [-98.48099981755732, 29.435493392873784], [-98.48099981755732, 29.435501216386992], [-98.48100880071016, 29.435501216386992]]}, "properties": {"confidence": "high"}}, {"type": "Feature", "geometry": {"type": "LineString", "coordinates": [[-98.48477274175062, 29.435524686923014], [-98.48477274175062, 29.435485569359965], [-98.48476375859777, 29.435485569359965], [-98.48476375859777, 29.435524686923014], [-98.48477274175062, 29.435524686923014]]}, "properties": {"confidence": "high"}}, {"type": "Feature", "geometry": {"type": "LineString", "coordinates": [[-98.48836600288709, 29.435493392873784], [-98.48836600288709, 29.435485569359965], [-98.4883480365814, 29.435485569359965], [-98.4883480365814, 29.435493392873784], [-98.48836600288709, 29.435493392873784]]}, "properties": {"confidence": "high"}}, {"type": "Feature", "geometry": {"type": "LineString", "coordinates": [[-98.48612919782964, 29.435493392873784], [-98.48612919782964, 29.435485569359965], [-98.4861202146768, 29.435485569359965], [-98.4861202146768, 29.435493392873784], [-98.48612919782964, 29.435493392873784]]}, "properties": {"confidence": "high"}}, {"type": "Feature", "geometry": {"type": "LineString", "coordinates": [[-98.481017783863, 29.435493392873784], [-98.481017783863, 29.435485569359965], [-98.48100880071016, 29.435485569359965], [-98.48100880071016, 29.435493392873784], [-98.481017783863, 29.435493392873784]]}, "properties": {"confidence": "high"}}, {"type": "Feature", "geometry": {"type": "LineString", "coordinates": [[-98.48883312683483, 29.435493392873784], [-98.48883312683483, 29.435477745845546], [-98.488824143682, 29.435477745845546], [-98.488824143682, 29.435493392873784], [-98.48883312683483, 29.435493392873784]]}, "properties": {"confidence": "high"}}, {"type": "Feature", "geometry": {"type": "LineString", "coordinates": [[-98.48733294031035, 29.435493392873784], [-98.48733294031035, 29.435477745845546], [-98.48732395715751, 29.435477745845546], [-98.48732395715751, 29.435493392873784], [-98.48733294031035, 29.435493392873784]]}, "properties": {"confidence": "high"}}, {"type": "Feature", "geometry": {"type": "LineString", "coordinates": [[-98.48837498603994, 29.435485569359965], [-98.48837498603994, 29.435477745845546], [-98.48836600288709, 29.435477745845546], [-98.48836600288709, 29.435485569359965], [-98.48837498603994, 29.435485569359965]]}, "properties": {"confidence": "high"}}, {"type": "Feature", "geometry": {"type": "LineString", "coordinates": [[-98.48614716413532, 29.435485569359965], [-98.48614716413532, 29.435477745845546], [-98.48612919782964, 29.435477745845546], [-98.48612919782964, 29.435485569359965], [-98.48614716413532, 29.435485569359965]]}, "properties": {"confidence": "high"}}, {"type": "Feature", "geometry": {"type": "LineString", "coordinates": [[-98.48102676701585, 29.435485569359965], [-98.48102676701585, 29.435477745845546], [-98.481017783863, 29.435477745845546], [-98.481017783863, 29.435485569359965], [-98.48102676701585, 29.435485569359965]]}, "properties": {"confidence": "high"}}, {"type": "Feature", "geometry": {"type": "LineString", "coordinates": [[-98.488824143682, 29.435477745845546], [-98.488824143682, 29.435469922330533], [-98.48881516052914, 29.435469922330533], [-98.48881516052914, 29.435477745845546], [-98.488824143682, 29.435477745845546]]}, "properties": {"confidence": "high"}}, {"type": "Feature", "geometry": {"type": "LineString", "coordinates": [[-98.48838396919278, 29.435477745845546], [-98.48838396919278, 29.435469922330533], [-98.48837498603994, 29.435469922330533], [-98.48837498603994, 29.435477745845546], [-98.48838396919278, 29.435477745845546]]}, "properties": {"confidence": "high"}}, {"type": "Feature", "geometry": {"type": "LineString", "coordinates": [[-98.48732395715751, 29.435477745845546], [-98.48732395715751, 29.435469922330533], [-98.48731497400468, 29.435469922330533], [-98.48731497400468, 29.435477745845546], [-98.48732395715751, 29.435477745845546]]}, "properties": {"confidence": "high"}}, {"type": "Feature", "geometry": {"type": "LineString", "coordinates": [[-98.48615614728817, 29.435477745845546], [-98.48615614728817, 29.435469922330533], [-98.48614716413532, 29.435469922330533], [-98.48614716413532, 29.435477745845546], [-98.48615614728817, 29.435477745845546]]}, "properties": {"confidence": "high"}}, {"type": "Feature", "geometry": {"type": "LineString", "coordinates": [[-98.48103575016869, 29.435477745845546], [-98.48103575016869, 29.435469922330533], [-98.48102676701585, 29.435469922330533], [-98.48102676701585, 29.435477745845546], [-98.48103575016869, 29.435477745845546]]}, "properties": {"confidence": "high"}}, {"type": "Feature", "geometry": {"type": "LineString", "coordinates": [[-98.48840193549846, 29.435469922330533], [-98.48840193549846, 29.435462098814906], [-98.48838396919278, 29.435462098814906], [-98.48838396919278, 29.435469922330533], [-98.48840193549846, 29.435469922330533]]}, "properties": {"confidence": "high"}}, {"type": "Feature", "geometry": {"type": "LineString", "coordinates": [[-98.48617411359385, 29.435469922330533], [-98.48617411359385, 29.435462098814906], [-98.48615614728817, 29.435462098814906], [-98.48615614728817, 29.435469922330533], [-98.48617411359385, 29.435469922330533]]}, "properties": {"confidence": "high"}}, {"type": "Feature", "geometry": {"type": "LineString", "coordinates": [[-98.48104473332153, 29.435469922330533], [-98.48104473332153, 29.435462098814906], [-98.48103575016869, 29.435462098814906], [-98.48103575016869, 29.435469922330533], [-98.48104473332153, 29.435469922330533]]}, "properties": {"confidence": "high"}}, {"type": "Feature", "geometry": {"type": "LineString", "coordinates": [[-98.48478172490346, 29.435485569359965], [-98.48478172490346, 29.43545427529867], [-98.48477274175062, 29.43545427529867], [-98.48477274175062, 29.435485569359965], [-98.48478172490346, 29.435485569359965]]}, "properties": {"confidence": "high"}}, {"type": "Feature", "geometry": {"type": "LineString", "coordinates": [[-98.48881516052914, 29.435469922330533], [-98.48881516052914, 29.43545427529867], [-98.4888061773763, 29.43545427529867], [-98.4888061773763, 29.435469922330533], [-98.48881516052914, 29.435469922330533]]}, "properties": {"confidence": "high"}}, {"type": "Feature", "geometry": {"type": "LineString", "coordinates": [[-98.48731497400468, 29.435469922330533], [-98.48731497400468, 29.43545427529867], [-98.48730599085184, 29.43545427529867], [-98.48730599085184, 29.435469922330533], [-98.48731497400468, 29.435469922330533]]}, "properties": {"confidence": "high"}}, {"type": "Feature", "geometry": {"type": "LineString", "coordinates": [[-98.48618309674669, 29.435462098814906], [-98.48618309674669, 29.43545427529867], [-98.48617411359385, 29.43545427529867], [-98.48617411359385, 29.435462098814906], [-98.48618309674669, 29.435462098814906]]}, "properties": {"confidence": "high"}}, {"type": "Feature", "geometry": {"type": "LineString", "coordinates": [[-98.48105371647436, 29.435462098814906], [-98.48105371647436, 29.43545427529867], [-98.48104473332153, 29.43545427529867], [-98.48104473332153, 29.435462098814906], [-98.48105371647436, 29.435462098814906]]}, "properties": {"confidence": "high"}}, {"type": "Feature", "geometry": {"type": "LineString", "coordinates": [[-98.4884109186513, 29.435462098814906], [-98.4884109186513, 29.435446451781843], [-98.48840193549846, 29.435446451781843], [-98.48840193549846, 29.435462098814906], [-98.4884109186513, 29.435462098814906]]}, "properties": {"confidence": "high"}}, {"type": "Feature", "geometry": {"type": "LineString", "coordinates": [[-98.48730599085184, 29.43545427529867], [-98.48730599085184, 29.435446451781843], [-98.487297007699, 29.435446451781843], [-98.487297007699, 29.43545427529867], [-98.48730599085184, 29.43545427529867]]}, "properties": {"confidence": "high"}}, {"type": "Feature", "geometry": {"type": "LineString", "coordinates": [[-98.48620106305236, 29.43545427529867], [-98.48620106305236, 29.435446451781843], [-98.48618309674669, 29.435446451781843], [-98.48618309674669, 29.43545427529867], [-98.48620106305236, 29.43545427529867]]}, "properties": {"confidence": "high"}}, {"type": "Feature", "geometry": {"type": "LineString", "coordinates": [[-98.4810626996272, 29.43545427529867], [-98.4810626996272, 29.435446451781843], [-98.48105371647436, 29.435446451781843], [-98.48105371647436, 29.43545427529867], [-98.4810626996272, 29.43545427529867]]}, "properties": {"confidence": "high"}}, {"type": "Feature", "geometry": {"type": "LineString", "coordinates": [[-98.4888061773763, 29.43545427529867], [-98.4888061773763, 29.435438628264407], [-98.48879719422347, 29.435438628264407], [-98.48879719422347, 29.43545427529867], [-98.4888061773763, 29.43545427529867]]}, "properties": {"confidence": "high"}}, {"type": "Feature", "geometry": {"type": "LineString", "coordinates": [[-98.48842888495699, 29.435446451781843], [-98.48842888495699, 29.435438628264407], [-98.4884109186513, 29.435438628264407], [-98.4884109186513, 29.435446451781843], [-98.48842888495699, 29.435446451781843]]}, "properties": {"confidence": "high"}}, {"type": "Feature", "geometry": {"type": "LineString", "coordinates": [[-98.487297007699, 29.435446451781843], [-98.487297007699, 29.435438628264407], [-98.48728802454616, 29.435438628264407], [-98.48728802454616, 29.435446451781843], [-98.487297007699, 29.435446451781843]]}, "properties": {"confidence": "high"}}, {"type": "Feature", "geometry": {"type": "LineString", "coordinates": [[-98.48621902935805, 29.435446451781843], [-98.48621902935805, 29.435438628264407], [-98.48620106305236, 29.435438628264407], [-98.48620106305236, 29.435446451781843], [-98.48621902935805, 29.435446451781843]]}, "properties": {"confidence": "high"}}, {"type": "Feature", "geometry": {"type": "LineString", "coordinates": [[-98.48107168278004, 29.435446451781843], [-98.48107168278004, 29.435438628264407], [-98.4810626996272, 29.435438628264407], [-98.4810626996272, 29.435446451781843], [-98.48107168278004, 29.435446451781843]]}, "properties": {"confidence": "high"}}, {"type": "Feature", "geometry": {"type": "LineString", "coordinates": [[-98.48879719422347, 29.435438628264407], [-98.48879719422347, 29.435430804746378], [-98.48878821107063, 29.435430804746378], [-98.48878821107063, 29.435438628264407], [-98.48879719422347, 29.435438628264407]]}, "properties": {"confidence": "high"}}, {"type": "Feature", "geometry": {"type": "LineString", "coordinates": [[-98.48843786810983, 29.435438628264407], [-98.48843786810983, 29.435430804746378], [-98.48842888495699, 29.435430804746378], [-98.48842888495699, 29.435438628264407], [-98.48843786810983, 29.435438628264407]]}, "properties": {"confidence": "high"}}, {"type": "Feature", "geometry": {"type": "LineString", "coordinates": [[-98.48622801251089, 29.435438628264407], [-98.48622801251089, 29.435430804746378], [-98.48621902935805, 29.435430804746378], [-98.48621902935805, 29.435438628264407], [-98.48622801251089, 29.435438628264407]]}, "properties": {"confidence": "high"}}, {"type": "Feature", "geometry": {"type": "LineString", "coordinates": [[-98.4810806659329, 29.435438628264407], [-98.4810806659329, 29.435430804746378], [-98.48107168278004, 29.435430804746378], [-98.48107168278004, 29.435438628264407], [-98.4810806659329, 29.435438628264407]]}, "properties": {"confidence": "high"}}, {"type": "Feature", "geometry": {"type": "LineString", "coordinates": [[-98.48390137592503, 29.435587274992546], [-98.48390137592503, 29.435422981227738], [-98.48389239277218, 29.435422981227738], [-98.48389239277218, 29.435587274992546], [-98.48390137592503, 29.435587274992546]]}, "properties": {"confidence": "high"}}, {"type": "Feature", "geometry": {"type": "LineString", "coordinates": [[-98.4847907080563, 29.43545427529867], [-98.4847907080563, 29.435422981227738], [-98.48478172490346, 29.435422981227738], [-98.48478172490346, 29.43545427529867], [-98.4847907080563, 29.43545427529867]]}, "properties": {"confidence": "high"}}, {"type": "Feature", "geometry": {"type": "LineString", "coordinates": [[-98.48728802454616, 29.435438628264407], [-98.48728802454616, 29.435422981227738], [-98.48727904139331, 29.435422981227738], [-98.48727904139331, 29.435438628264407], [-98.48728802454616, 29.435438628264407]]}, "properties": {"confidence": "high"}}, {"type": "Feature", "geometry": {"type": "LineString", "coordinates": [[-98.4884558344155, 29.435430804746378], [-98.4884558344155, 29.435422981227738], [-98.48843786810983, 29.435422981227738], [-98.48843786810983, 29.435430804746378], [-98.4884558344155, 29.435430804746378]]}, "properties": {"confidence": "high"}}, {"type": "Feature", "geometry": {"type": "LineString", "coordinates": [[-98.48624597881657, 29.435430804746378], [-98.48624597881657, 29.435422981227738], [-98.48622801251089, 29.435422981227738], [-98.48622801251089, 29.435430804746378], [-98.48624597881657, 29.435430804746378]]}, "properties": {"confidence": "high"}}, {"type": "Feature", "geometry": {"type": "LineString", "coordinates": [[-98.48108964908573, 29.435430804746378], [-98.48108964908573, 29.435422981227738], [-98.4810806659329, 29.435422981227738], [-98.4810806659329, 29.435430804746378], [-98.48108964908573, 29.435430804746378]]}, "properties": {"confidence": "high"}}, {"type": "Feature", "geometry": {"type": "LineString", "coordinates": [[-98.48878821107063, 29.435430804746378], [-98.48878821107063, 29.435415157708498], [-98.48877922791779, 29.435415157708498], [-98.48877922791779, 29.435430804746378], [-98.48878821107063, 29.435430804746378]]}, "properties": {"confidence": "high"}}, {"type": "Feature", "geometry": {"type": "LineString", "coordinates": [[-98.48846481756836, 29.435422981227738], [-98.48846481756836, 29.435415157708498], [-98.4884558344155, 29.435415157708498], [-98.4884558344155, 29.435422981227738], [-98.48846481756836, 29.435422981227738]]}, "properties": {"confidence": "high"}}, {"type": "Feature", "geometry": {"type": "LineString", "coordinates": [[-98.48727904139331, 29.435422981227738], [-98.48727904139331, 29.435415157708498], [-98.48727005824047, 29.435415157708498], [-98.48727005824047, 29.435422981227738], [-98.48727904139331, 29.435422981227738]]}, "properties": {"confidence": "high"}}, {"type": "Feature", "geometry": {"type": "LineString", "coordinates": [[-98.48625496196941, 29.435422981227738], [-98.48625496196941, 29.435415157708498], [-98.48624597881657, 29.435415157708498], [-98.48624597881657, 29.435422981227738], [-98.48625496196941, 29.435422981227738]]}, "properties": {"confidence": "high"}}, {"type": "Feature", "geometry": {"type": "LineString", "coordinates": [[-98.48109863223857, 29.435422981227738], [-98.48109863223857, 29.435415157708498], [-98.48108964908573, 29.435415157708498], [-98.48108964908573, 29.435422981227738], [-98.48109863223857, 29.435422981227738]]}, "properties": {"confidence": "high"}}, {"type": "Feature", "geometry": {"type": "LineString", "coordinates": [[-98.48877922791779, 29.435415157708498], [-98.48877922791779, 29.435407334188653], [-98.48877024476495, 29.435407334188653], [-98.48877024476495, 29.435415157708498], [-98.48877922791779, 29.435415157708498]]}, "properties": {"confidence": "high"}}, {"type": "Feature", "geometry": {"type": "LineString", "coordinates": [[-98.48848278387403, 29.435415157708498], [-98.48848278387403, 29.435407334188653], [-98.48846481756836, 29.435407334188653], [-98.48846481756836, 29.435415157708498], [-98.48848278387403, 29.435415157708498]]}, "properties": {"confidence": "high"}}, {"type": "Feature", "geometry": {"type": "LineString", "coordinates": [[-98.4862729282751, 29.435415157708498], [-98.4862729282751, 29.435407334188653], [-98.48625496196941, 29.435407334188653], [-98.48625496196941, 29.435415157708498], [-98.4862729282751, 29.435415157708498]]}, "properties": {"confidence": "high"}}, {"type": "Feature", "geometry": {"type": "LineString", "coordinates": [[-98.48110761539141, 29.435415157708498], [-98.48110761539141, 29.435407334188653], [-98.48109863223857, 29.435407334188653], [-98.48109863223857, 29.435415157708498], [-98.48110761539141, 29.435415157708498]]}, "properties": {"confidence": "high"}}, {"type": "Feature", "geometry": {"type": "LineString", "coordinates": [[-98.48479969120913, 29.435422981227738], [-98.48479969120913, 29.43539951066821], [-98.4847907080563, 29.43539951066821], [-98.4847907080563, 29.435422981227738], [-98.48479969120913, 29.435422981227738]]}, "properties": {"confidence": "high"}}, {"type": "Feature", "geometry": {"type": "LineString", "coordinates": [[-98.48727005824047, 29.435415157708498], [-98.48727005824047, 29.43539951066821], [-98.48726107508763, 29.43539951066821], [-98.48726107508763, 29.435415157708498], [-98.48727005824047, 29.435415157708498]]}, "properties": {"confidence": "high"}}, {"type": "Feature", "geometry": {"type": "LineString", "coordinates": [[-98.48849176702687, 29.435407334188653], [-98.48849176702687, 29.43539951066821], [-98.48848278387403, 29.43539951066821], [-98.48848278387403, 29.435407334188653], [-98.48849176702687, 29.435407334188653]]}, "properties": {"confidence": "high"}}, {"type": "Feature", "geometry": {"type": "LineString", "coordinates": [[-98.48629089458078, 29.435407334188653], [-98.48629089458078, 29.43539951066821], [-98.4862729282751, 29.43539951066821], [-98.4862729282751, 29.435407334188653], [-98.48629089458078, 29.435407334188653]]}, "properties": {"confidence": "high"}}, {"type": "Feature", "geometry": {"type": "LineString", "coordinates": [[-98.48111659854425, 29.435407334188653], [-98.48111659854425, 29.43539951066821], [-98.48110761539141, 29.43539951066821], [-98.48110761539141, 29.435407334188653], [-98.48111659854425, 29.435407334188653]]}, "properties": {"confidence": "high"}}, {"type": "Feature", "geometry": {"type": "LineString", "coordinates": [[-98.48850973333255, 29.43539951066821], [-98.48850973333255, 29.43539168714716], [-98.48849176702687, 29.43539168714716], [-98.48849176702687, 29.43539951066821], [-98.48850973333255, 29.43539951066821]]}, "properties": {"confidence": "high"}}, {"type": "Feature", "geometry": {"type": "LineString", "coordinates": [[-98.48726107508763, 29.43539951066821], [-98.48726107508763, 29.43539168714716], [-98.48725209193479, 29.43539168714716], [-98.48725209193479, 29.43539951066821], [-98.48726107508763, 29.43539951066821]]}, "properties": {"confidence": "high"}}, {"type": "Feature", "geometry": {"type": "LineString", "coordinates": [[-98.48629987773361, 29.43539951066821], [-98.48629987773361, 29.43539168714716], [-98.48629089458078, 29.43539168714716], [-98.48629089458078, 29.43539951066821], [-98.48629987773361, 29.43539951066821]]}, "properties": {"confidence": "high"}}, {"type": "Feature", "geometry": {"type": "LineString", "coordinates": [[-98.48113456484994, 29.43539951066821], [-98.48113456484994, 29.43539168714716], [-98.48111659854425, 29.43539168714716], [-98.48111659854425, 29.43539951066821], [-98.48113456484994, 29.43539951066821]]}, "properties": {"confidence": "high"}}, {"type": "Feature", "geometry": {"type": "LineString", "coordinates": [[-98.48877024476495, 29.435407334188653], [-98.48877024476495, 29.435383863625503], [-98.4887612616121, 29.435383863625503], [-98.4887612616121, 29.435407334188653], [-98.48877024476495, 29.435407334188653]]}, "properties": {"confidence": "high"}}, {"type": "Feature", "geometry": {"type": "LineString", "coordinates": [[-98.4885187164854, 29.43539168714716], [-98.4885187164854, 29.435383863625503], [-98.48850973333255, 29.435383863625503], [-98.48850973333255, 29.43539168714716], [-98.4885187164854, 29.43539168714716]]}, "properties": {"confidence": "high"}}, {"type": "Feature", "geometry": {"type": "LineString", "coordinates": [[-98.4863178440393, 29.43539168714716], [-98.4863178440393, 29.435383863625503], [-98.48629987773361, 29.435383863625503], [-98.48629987773361, 29.43539168714716], [-98.4863178440393, 29.43539168714716]]}, "properties": {"confidence": "high"}}, {"type": "Feature", "geometry": {"type": "LineString", "coordinates": [[-98.48114354800278, 29.43539168714716], [-98.48114354800278, 29.435383863625503], [-98.48113456484994, 29.435383863625503], [-98.48113456484994, 29.43539168714716], [-98.48114354800278, 29.43539168714716]]}, "properties": {"confidence": "high"}}, {"type": "Feature", "geometry": {"type": "LineString", "coordinates": [[-98.48725209193479, 29.43539168714716], [-98.48725209193479, 29.43537604010325], [-98.48724310878195, 29.43537604010325], [-98.48724310878195, 29.43539168714716], [-98.48725209193479, 29.43539168714716]]}, "properties": {"confidence": "high"}}, {"type": "Feature", "geometry": {"type": "LineString", "coordinates": [[-98.48852769963824, 29.435383863625503], [-98.48852769963824, 29.43537604010325], [-98.4885187164854, 29.43537604010325], [-98.4885187164854, 29.435383863625503], [-98.48852769963824, 29.435383863625503]]}, "properties": {"confidence": "high"}}, {"type": "Feature", "geometry": {"type": "LineString", "coordinates": [[-98.48633581034498, 29.435383863625503], [-98.48633581034498, 29.43537604010325], [-98.4863178440393, 29.43537604010325], [-98.4863178440393, 29.435383863625503], [-98.48633581034498, 29.435383863625503]]}, "properties": {"confidence": "high"}}, {"type": "Feature", "geometry": {"type": "LineString", "coordinates": [[-98.48115253115562, 29.435383863625503], [-98.48115253115562, 29.43537604010325], [-98.48114354800278, 29.43537604010325], [-98.48114354800278, 29.435383863625503], [-98.48115253115562, 29.435383863625503]]}, "properties": {"confidence": "high"}}, {"type": "Feature", "geometry": {"type": "LineString", "coordinates": [[-98.4887612616121, 29.435383863625503], [-98.4887612616121, 29.435368216580393], [-98.48875227845926, 29.435368216580393], [-98.48875227845926, 29.435383863625503], [-98.4887612616121, 29.435383863625503]]}, "properties": {"confidence": "high"}}, {"type": "Feature", "geometry": {"type": "LineString", "coordinates": [[-98.48853668279108, 29.43537604010325], [-98.48853668279108, 29.435368216580393], [-98.48852769963824, 29.435368216580393], [-98.48852769963824, 29.43537604010325], [-98.48853668279108, 29.43537604010325]]}, "properties": {"confidence": "high"}}, {"type": "Feature", "geometry": {"type": "LineString", "coordinates": [[-98.48724310878195, 29.43537604010325], [-98.48724310878195, 29.435368216580393], [-98.48723412562912, 29.435368216580393], [-98.48723412562912, 29.43537604010325], [-98.48724310878195, 29.43537604010325]]}, "properties": {"confidence": "high"}}, {"type": "Feature", "geometry": {"type": "LineString", "coordinates": [[-98.48634479349782, 29.43537604010325], [-98.48634479349782, 29.435368216580393], [-98.48633581034498, 29.435368216580393], [-98.48633581034498, 29.43537604010325], [-98.48634479349782, 29.43537604010325]]}, "properties": {"confidence": "high"}}, {"type": "Feature", "geometry": {"type": "LineString", "coordinates": [[-98.48116151430845, 29.43537604010325], [-98.48116151430845, 29.435368216580393], [-98.48115253115562, 29.435368216580393], [-98.48115253115562, 29.43537604010325], [-98.48116151430845, 29.43537604010325]]}, "properties": {"confidence": "high"}}, {"type": "Feature", "geometry": {"type": "LineString", "coordinates": [[-98.48480867436197, 29.43539951066821], [-98.48480867436197, 29.435360393056936], [-98.48479969120913, 29.435360393056936], [-98.48479969120913, 29.43539951066821], [-98.48480867436197, 29.43539951066821]]}, "properties": {"confidence": "high"}}, {"type": "Feature", "geometry": {"type": "LineString", "coordinates": [[-98.48854566594392, 29.435368216580393], [-98.48854566594392, 29.435360393056936], [-98.48853668279108, 29.435360393056936], [-98.48853668279108, 29.435368216580393], [-98.48854566594392, 29.435368216580393]]}, "properties": {"confidence": "high"}}, {"type": "Feature", "geometry": {"type": "LineString", "coordinates": [[-98.48636275980351, 29.435368216580393], [-98.48636275980351, 29.435360393056936], [-98.48634479349782, 29.435360393056936], [-98.48634479349782, 29.435368216580393], [-98.48636275980351, 29.435368216580393]]}, "properties": {"confidence": "high"}}, {"type": "Feature", "geometry": {"type": "LineString", "coordinates": [[-98.48196101491132, 29.435368216580393], [-98.48196101491132, 29.435360393056936], [-98.48193406545279, 29.435360393056936], [-98.48193406545279, 29.435368216580393], [-98.48196101491132, 29.435368216580393]]}, "properties": {"confidence": "high"}}, {"type": "Feature", "geometry": {"type": "LineString", "coordinates": [[-98.48117049746129, 29.435368216580393], [-98.48117049746129, 29.435360393056936], [-98.48116151430845, 29.435360393056936], [-98.48116151430845, 29.435368216580393], [-98.48117049746129, 29.435368216580393]]}, "properties": {"confidence": "high"}}, {"type": "Feature", "geometry": {"type": "LineString", "coordinates": [[-98.48723412562912, 29.435368216580393], [-98.48723412562912, 29.435352569532867], [-98.48722514247625, 29.435352569532867], [-98.48722514247625, 29.435368216580393], [-98.48723412562912, 29.435368216580393]]}, "properties": {"confidence": "high"}}, {"type": "Feature", "geometry": {"type": "LineString", "coordinates": [[-98.4885636322496, 29.435360393056936], [-98.4885636322496, 29.435352569532867], [-98.48854566594392, 29.435352569532867], [-98.48854566594392, 29.435360393056936], [-98.4885636322496, 29.435360393056936]]}, "properties": {"confidence": "high"}}, {"type": "Feature", "geometry": {"type": "LineString", "coordinates": [[-98.48637174295635, 29.435360393056936], [-98.48637174295635, 29.435352569532867], [-98.48636275980351, 29.435352569532867], [-98.48636275980351, 29.435360393056936], [-98.48637174295635, 29.435360393056936]]}, "properties": {"confidence": "high"}}, {"type": "Feature", "geometry": {"type": "LineString", "coordinates": [[-98.48199694752269, 29.435360393056936], [-98.48199694752269, 29.435352569532867], [-98.48196101491132, 29.435352569532867], [-98.48196101491132, 29.435360393056936], [-98.48199694752269, 29.435360393056936]]}, "properties": {"confidence": "high"}}, {"type": "Feature", "geometry": {"type": "LineString", "coordinates": [[-98.48193406545279, 29.435360393056936], [-98.48193406545279, 29.435352569532867], [-98.48190711599428, 29.435352569532867], [-98.48190711599428, 29.435360393056936], [-98.48193406545279, 29.435360393056936]]}, "properties": {"confidence": "high"}}, {"type": "Feature", "geometry": {"type": "LineString", "coordinates": [[-98.48118846376698, 29.435360393056936], [-98.48118846376698, 29.435352569532867], [-98.48117049746129, 29.435352569532867], [-98.48117049746129, 29.435360393056936], [-98.48118846376698, 29.435360393056936]]}, "properties": {"confidence": "high"}}, {"type": "Feature", "geometry": {"type": "LineString", "coordinates": [[-98.48858159855529, 29.435352569532867], [-98.48858159855529, 29.43534474600821], [-98.4885636322496, 29.43534474600821], [-98.4885636322496, 29.435352569532867], [-98.48858159855529, 29.435352569532867]]}, "properties": {"confidence": "high"}}, {"type": "Feature", "geometry": {"type": "LineString", "coordinates": [[-98.48638970926203, 29.435352569532867], [-98.48638970926203, 29.43534474600821], [-98.48637174295635, 29.43534474600821], [-98.48637174295635, 29.435352569532867], [-98.48638970926203, 29.435352569532867]]}, "properties": {"confidence": "high"}}, {"type": "Feature", "geometry": {"type": "LineString", "coordinates": [[-98.48200593067553, 29.435352569532867], [-98.48200593067553, 29.43534474600821], [-98.48199694752269, 29.43534474600821], [-98.48199694752269, 29.435352569532867], [-98.48200593067553, 29.435352569532867]]}, "properties": {"confidence": "high"}}, {"type": "Feature", "geometry": {"type": "LineString", "coordinates": [[-98.48190711599428, 29.435352569532867], [-98.48190711599428, 29.43534474600821], [-98.48188016653575, 29.43534474600821], [-98.48188016653575, 29.435352569532867], [-98.48190711599428, 29.435352569532867]]}, "properties": {"confidence": "high"}}, {"type": "Feature", "geometry": {"type": "LineString", "coordinates": [[-98.48119744691982, 29.435352569532867], [-98.48119744691982, 29.43534474600821], [-98.48118846376698, 29.43534474600821], [-98.48118846376698, 29.435352569532867], [-98.48119744691982, 29.435352569532867]]}, "properties": {"confidence": "high"}}, {"type": "Feature", "geometry": {"type": "LineString", "coordinates": [[-98.48875227845926, 29.435368216580393], [-98.48875227845926, 29.435336922482932], [-98.48874329530642, 29.435336922482932], [-98.48874329530642, 29.435368216580393], [-98.48875227845926, 29.435368216580393]]}, "properties": {"confidence": "high"}}, {"type": "Feature", "geometry": {"type": "LineString", "coordinates": [[-98.48481765751482, 29.435360393056936], [-98.48481765751482, 29.435336922482932], [-98.48480867436197, 29.435336922482932], [-98.48480867436197, 29.435360393056936], [-98.48481765751482, 29.435360393056936]]}, "properties": {"confidence": "high"}}, {"type": "Feature", "geometry": {"type": "LineString", "coordinates": [[-98.48722514247625, 29.435352569532867], [-98.48722514247625, 29.435336922482932], [-98.48721615932341, 29.435336922482932], [-98.48721615932341, 29.435352569532867], [-98.48722514247625, 29.435352569532867]]}, "properties": {"confidence": "high"}}, {"type": "Feature", "geometry": {"type": "LineString", "coordinates": [[-98.4886085480138, 29.43534474600821], [-98.4886085480138, 29.435336922482932], [-98.48858159855529, 29.435336922482932], [-98.48858159855529, 29.43534474600821], [-98.4886085480138, 29.43534474600821]]}, "properties": {"confidence": "high"}}, {"type": "Feature", "geometry": {"type": "LineString", "coordinates": [[-98.4864076755677, 29.43534474600821], [-98.4864076755677, 29.435336922482932], [-98.48638970926203, 29.435336922482932], [-98.48638970926203, 29.43534474600821], [-98.4864076755677, 29.43534474600821]]}, "properties": {"confidence": "high"}}, {"type": "Feature", "geometry": {"type": "LineString", "coordinates": [[-98.48201491382837, 29.43534474600821], [-98.48201491382837, 29.435336922482932], [-98.48200593067553, 29.435336922482932], [-98.48200593067553, 29.43534474600821], [-98.48201491382837, 29.43534474600821]]}, "properties": {"confidence": "high"}}, {"type": "Feature", "geometry": {"type": "LineString", "coordinates": [[-98.48188016653575, 29.43534474600821], [-98.48188016653575, 29.435336922482932], [-98.4818711833829, 29.435336922482932], [-98.4818711833829, 29.43534474600821], [-98.48188016653575, 29.43534474600821]]}, "properties": {"confidence": "high"}}, {"type": "Feature", "geometry": {"type": "LineString", "coordinates": [[-98.48120643007266, 29.43534474600821], [-98.48120643007266, 29.43532909895706], [-98.48119744691982, 29.43532909895706], [-98.48119744691982, 29.43534474600821], [-98.48120643007266, 29.43534474600821]]}, "properties": {"confidence": "high"}}, {"type": "Feature", "geometry": {"type": "LineString", "coordinates": [[-98.48863549747233, 29.435336922482932], [-98.48863549747233, 29.43532909895706], [-98.4886085480138, 29.43532909895706], [-98.4886085480138, 29.435336922482932], [-98.48863549747233, 29.435336922482932]]}, "properties": {"confidence": "high"}}, {"type": "Feature", "geometry": {"type": "LineString", "coordinates": [[-98.48721615932341, 29.435336922482932], [-98.48721615932341, 29.43532909895706], [-98.48720717617057, 29.43532909895706], [-98.48720717617057, 29.435336922482932], [-98.48721615932341, 29.435336922482932]]}, "properties": {"confidence": "high"}}, {"type": "Feature", "geometry": {"type": "LineString", "coordinates": [[-98.48641665872056, 29.435336922482932], [-98.48641665872056, 29.43532909895706], [-98.4864076755677, 29.43532909895706], [-98.4864076755677, 29.435336922482932], [-98.48641665872056, 29.435336922482932]]}, "properties": {"confidence": "high"}}, {"type": "Feature", "geometry": {"type": "LineString", "coordinates": [[-98.4820238969812, 29.435336922482932], [-98.4820238969812, 29.43532909895706], [-98.48201491382837, 29.43532909895706], [-98.48201491382837, 29.435336922482932], [-98.4820238969812, 29.435336922482932]]}, "properties": {"confidence": "high"}}, {"type": "Feature", "geometry": {"type": "LineString", "coordinates": [[-98.4818711833829, 29.435336922482932], [-98.4818711833829, 29.43532909895706], [-98.48185321707723, 29.43532909895706], [-98.48185321707723, 29.435336922482932], [-98.4818711833829, 29.435336922482932]]}, "properties": {"confidence": "high"}}, {"type": "Feature", "geometry": {"type": "LineString", "coordinates": [[-98.48866244693085, 29.43532909895706], [-98.48866244693085, 29.435321275430596], [-98.48863549747233, 29.435321275430596], [-98.48863549747233, 29.43532909895706], [-98.48866244693085, 29.43532909895706]]}, "properties": {"confidence": "high"}}, {"type": "Feature", "geometry": {"type": "LineString", "coordinates": [[-98.48643462502623, 29.43532909895706], [-98.48643462502623, 29.435321275430596], [-98.48641665872056, 29.435321275430596], [-98.48641665872056, 29.43532909895706], [-98.48643462502623, 29.43532909895706]]}, "properties": {"confidence": "high"}}, {"type": "Feature", "geometry": {"type": "LineString", "coordinates": [[-98.48204186328688, 29.43532909895706], [-98.48204186328688, 29.435321275430596], [-98.4820238969812, 29.435321275430596], [-98.4820238969812, 29.43532909895706], [-98.48204186328688, 29.43532909895706]]}, "properties": {"confidence": "high"}}, {"type": "Feature", "geometry": {"type": "LineString", "coordinates": [[-98.48185321707723, 29.43532909895706], [-98.48185321707723, 29.435321275430596], [-98.48184423392439, 29.435321275430596], [-98.48184423392439, 29.43532909895706], [-98.48185321707723, 29.43532909895706]]}, "properties": {"confidence": "high"}}, {"type": "Feature", "geometry": {"type": "LineString", "coordinates": [[-98.4812154132255, 29.43532909895706], [-98.4812154132255, 29.435321275430596], [-98.48120643007266, 29.435321275430596], [-98.48120643007266, 29.43532909895706], [-98.4812154132255, 29.43532909895706]]}, "properties": {"confidence": "high"}}, {"type": "Feature", "geometry": {"type": "LineString", "coordinates": [[-98.48874329530642, 29.435336922482932], [-98.48874329530642, 29.43531345190351], [-98.48866244693085, 29.43531345190351], [-98.48866244693085, 29.435321275430596], [-98.48873431215358, 29.435321275430596], [-98.48873431215358, 29.435336922482932], [-98.48874329530642, 29.435336922482932]]}, "properties": {"confidence": "high"}}, {"type": "Feature", "geometry": {"type": "LineString", "coordinates": [[-98.48482664066766, 29.435336922482932], [-98.48482664066766, 29.43531345190351], [-98.48481765751482, 29.43531345190351], [-98.48481765751482, 29.435336922482932], [-98.48482664066766, 29.435336922482932]]}, "properties": {"confidence": "high"}}, {"type": "Feature", "geometry": {"type": "LineString", "coordinates": [[-98.48720717617057, 29.43532909895706], [-98.48720717617057, 29.43531345190351], [-98.48719819301773, 29.43531345190351], [-98.48719819301773, 29.43532909895706], [-98.48720717617057, 29.43532909895706]]}, "properties": {"confidence": "high"}}, {"type": "Feature", "geometry": {"type": "LineString", "coordinates": [[-98.48644360817907, 29.435321275430596], [-98.48644360817907, 29.43531345190351], [-98.48643462502623, 29.43531345190351], [-98.48643462502623, 29.435321275430596], [-98.48644360817907, 29.435321275430596]]}, "properties": {"confidence": "high"}}, {"type": "Feature", "geometry": {"type": "LineString", "coordinates": [[-98.48205084643973, 29.435321275430596], [-98.48205084643973, 29.43531345190351], [-98.48204186328688, 29.43531345190351], [-98.48204186328688, 29.435321275430596], [-98.48205084643973, 29.435321275430596]]}, "properties": {"confidence": "high"}}, {"type": "Feature", "geometry": {"type": "LineString", "coordinates": [[-98.48184423392439, 29.435321275430596], [-98.48184423392439, 29.43531345190351], [-98.48183525077154, 29.43531345190351], [-98.48183525077154, 29.435321275430596], [-98.48184423392439, 29.435321275430596]]}, "properties": {"confidence": "high"}}, {"type": "Feature", "geometry": {"type": "LineString", "coordinates": [[-98.48122439637834, 29.435321275430596], [-98.48122439637834, 29.43531345190351], [-98.4812154132255, 29.43531345190351], [-98.4812154132255, 29.435321275430596], [-98.48122439637834, 29.435321275430596]]}, "properties": {"confidence": "high"}}, {"type": "Feature", "geometry": {"type": "LineString", "coordinates": [[-98.48875227845926, 29.43531345190351], [-98.48875227845926, 29.435305628375833], [-98.48874329530642, 29.435305628375833], [-98.48874329530642, 29.43531345190351], [-98.48875227845926, 29.43531345190351]]}, "properties": {"confidence": "high"}}, {"type": "Feature", "geometry": {"type": "LineString", "coordinates": [[-98.48719819301773, 29.43531345190351], [-98.48719819301773, 29.435305628375833], [-98.4871892098649, 29.435305628375833], [-98.4871892098649, 29.43531345190351], [-98.48719819301773, 29.43531345190351]]}, "properties": {"confidence": "high"}}, {"type": "Feature", "geometry": {"type": "LineString", "coordinates": [[-98.48646157448476, 29.43531345190351], [-98.48646157448476, 29.435305628375833], [-98.48644360817907, 29.435305628375833], [-98.48644360817907, 29.43531345190351], [-98.48646157448476, 29.43531345190351]]}, "properties": {"confidence": "high"}}, {"type": "Feature", "geometry": {"type": "LineString", "coordinates": [[-98.48205982959257, 29.43531345190351], [-98.48205982959257, 29.435305628375833], [-98.48205084643973, 29.435305628375833], [-98.48205084643973, 29.43531345190351], [-98.48205982959257, 29.43531345190351]]}, "properties": {"confidence": "high"}}, {"type": "Feature", "geometry": {"type": "LineString", "coordinates": [[-98.48183525077154, 29.43531345190351], [-98.48183525077154, 29.435305628375833], [-98.4818262676187, 29.435305628375833], [-98.4818262676187, 29.43531345190351], [-98.48183525077154, 29.43531345190351]]}, "properties": {"confidence": "high"}}, {"type": "Feature", "geometry": {"type": "LineString", "coordinates": [[-98.48123337953119, 29.43531345190351], [-98.48123337953119, 29.435305628375833], [-98.48122439637834, 29.435305628375833], [-98.48122439637834, 29.43531345190351], [-98.48123337953119, 29.43531345190351]]}, "properties": {"confidence": "high"}}, {"type": "Feature", "geometry": {"type": "LineString", "coordinates": [[-98.4887612616121, 29.435305628375833], [-98.4887612616121, 29.435297804847547], [-98.48875227845926, 29.435297804847547], [-98.48875227845926, 29.435305628375833], [-98.4887612616121, 29.435305628375833]]}, "properties": {"confidence": "high"}}, {"type": "Feature", "geometry": {"type": "LineString", "coordinates": [[-98.4871892098649, 29.435305628375833], [-98.4871892098649, 29.435297804847547], [-98.48718022671206, 29.435297804847547], [-98.48718022671206, 29.435305628375833], [-98.4871892098649, 29.435305628375833]]}, "properties": {"confidence": "high"}}, {"type": "Feature", "geometry": {"type": "LineString", "coordinates": [[-98.4864705576376, 29.435305628375833], [-98.4864705576376, 29.435297804847547], [-98.48646157448476, 29.435297804847547], [-98.48646157448476, 29.435305628375833], [-98.4864705576376, 29.435305628375833]]}, "properties": {"confidence": "high"}}, {"type": "Feature", "geometry": {"type": "LineString", "coordinates": [[-98.48208677905109, 29.435305628375833], [-98.48208677905109, 29.435297804847547], [-98.48205982959257, 29.435297804847547], [-98.48205982959257, 29.435305628375833], [-98.48208677905109, 29.435305628375833]]}, "properties": {"confidence": "high"}}, {"type": "Feature", "geometry": {"type": "LineString", "coordinates": [[-98.4818262676187, 29.435305628375833], [-98.4818262676187, 29.435297804847547], [-98.48180830131302, 29.435297804847547], [-98.48180830131302, 29.435305628375833], [-98.4818262676187, 29.435305628375833]]}, "properties": {"confidence": "high"}}, {"type": "Feature", "geometry": {"type": "LineString", "coordinates": [[-98.48124236268403, 29.435305628375833], [-98.48124236268403, 29.435297804847547], [-98.48123337953119, 29.435297804847547], [-98.48123337953119, 29.435305628375833], [-98.48124236268403, 29.435305628375833]]}, "properties": {"confidence": "high"}}, {"type": "Feature", "geometry": {"type": "LineString", "coordinates": [[-98.48877024476495, 29.435297804847547], [-98.48877024476495, 29.435289981318665], [-98.4887612616121, 29.435289981318665], [-98.4887612616121, 29.435297804847547], [-98.48877024476495, 29.435297804847547]]}, "properties": {"confidence": "high"}}, {"type": "Feature", "geometry": {"type": "LineString", "coordinates": [[-98.48718022671206, 29.435297804847547], [-98.48718022671206, 29.435289981318665], [-98.4871712435592, 29.435289981318665], [-98.4871712435592, 29.435297804847547], [-98.48718022671206, 29.435297804847547]]}, "properties": {"confidence": "high"}}, {"type": "Feature", "geometry": {"type": "LineString", "coordinates": [[-98.48648852394328, 29.435297804847547], [-98.48648852394328, 29.435289981318665], [-98.4864705576376, 29.435289981318665], [-98.4864705576376, 29.435297804847547], [-98.48648852394328, 29.435297804847547]]}, "properties": {"confidence": "high"}}, {"type": "Feature", "geometry": {"type": "LineString", "coordinates": [[-98.48214966112099, 29.435297804847547], [-98.48214966112099, 29.435289981318665], [-98.48208677905109, 29.435289981318665], [-98.48208677905109, 29.435297804847547], [-98.48214966112099, 29.435297804847547]]}, "properties": {"confidence": "high"}}, {"type": "Feature", "geometry": {"type": "LineString", "coordinates": [[-98.48180830131302, 29.435297804847547], [-98.48180830131302, 29.435289981318665], [-98.48179931816018, 29.435289981318665], [-98.48179931816018, 29.435297804847547], [-98.48180830131302, 29.435297804847547]]}, "properties": {"confidence": "high"}}, {"type": "Feature", "geometry": {"type": "LineString", "coordinates": [[-98.48125134583687, 29.435297804847547], [-98.48125134583687, 29.435289981318665], [-98.48124236268403, 29.435289981318665], [-98.48124236268403, 29.435297804847547], [-98.48125134583687, 29.435297804847547]]}, "properties": {"confidence": "high"}}, {"type": "Feature", "geometry": {"type": "LineString", "coordinates": [[-98.48877922791779, 29.435289981318665], [-98.48877922791779, 29.43528215778917], [-98.48877024476495, 29.43528215778917], [-98.48877024476495, 29.435289981318665], [-98.48877922791779, 29.435289981318665]]}, "properties": {"confidence": "high"}}, {"type": "Feature", "geometry": {"type": "LineString", "coordinates": [[-98.4871712435592, 29.435289981318665], [-98.4871712435592, 29.43528215778917], [-98.48716226040636, 29.43528215778917], [-98.48716226040636, 29.435289981318665], [-98.4871712435592, 29.435289981318665]]}, "properties": {"confidence": "high"}}, {"type": "Feature", "geometry": {"type": "LineString", "coordinates": [[-98.48650649024896, 29.435289981318665], [-98.48650649024896, 29.43528215778917], [-98.48648852394328, 29.43528215778917], [-98.48648852394328, 29.435289981318665], [-98.48650649024896, 29.435289981318665]]}, "properties": {"confidence": "high"}}, {"type": "Feature", "geometry": {"type": "LineString", "coordinates": [[-98.48219457688519, 29.435289981318665], [-98.48219457688519, 29.43528215778917], [-98.48214966112099, 29.43528215778917], [-98.48214966112099, 29.435289981318665], [-98.48219457688519, 29.435289981318665]]}, "properties": {"confidence": "high"}}, {"type": "Feature", "geometry": {"type": "LineString", "coordinates": [[-98.48179931816018, 29.435289981318665], [-98.48179931816018, 29.43528215778917], [-98.48179033500733, 29.43528215778917], [-98.48179033500733, 29.435289981318665], [-98.48179931816018, 29.435289981318665]]}, "properties": {"confidence": "high"}}, {"type": "Feature", "geometry": {"type": "LineString", "coordinates": [[-98.4812603289897, 29.435289981318665], [-98.4812603289897, 29.43528215778917], [-98.48125134583687, 29.43528215778917], [-98.48125134583687, 29.435289981318665], [-98.4812603289897, 29.435289981318665]]}, "properties": {"confidence": "high"}}, {"type": "Feature", "geometry": {"type": "LineString", "coordinates": [[-98.48878821107063, 29.43528215778917], [-98.48878821107063, 29.435274334259088], [-98.48877922791779, 29.435274334259088], [-98.48877922791779, 29.43528215778917], [-98.48878821107063, 29.43528215778917]]}, "properties": {"confidence": "high"}}, {"type": "Feature", "geometry": {"type": "LineString", "coordinates": [[-98.48716226040636, 29.43528215778917], [-98.48716226040636, 29.435274334259088], [-98.48715327725353, 29.435274334259088], [-98.48715327725353, 29.43528215778917], [-98.48716226040636, 29.43528215778917]]}, "properties": {"confidence": "high"}}, {"type": "Feature", "geometry": {"type": "LineString", "coordinates": [[-98.48651547340181, 29.43528215778917], [-98.48651547340181, 29.435274334259088], [-98.48650649024896, 29.435274334259088], [-98.48650649024896, 29.43528215778917], [-98.48651547340181, 29.43528215778917]]}, "properties": {"confidence": "high"}}, {"type": "Feature", "geometry": {"type": "LineString", "coordinates": [[-98.4848356238205, 29.43531345190351], [-98.4848356238205, 29.43528215778917], [-98.48485359012618, 29.43528215778917], [-98.48485359012618, 29.435274334259088], [-98.48482664066766, 29.435274334259088], [-98.48482664066766, 29.43531345190351], [-98.4848356238205, 29.43531345190351]]}, "properties": {"confidence": "high"}}, {"type": "Feature", "geometry": {"type": "LineString", "coordinates": [[-98.48223050949656, 29.43528215778917], [-98.48223050949656, 29.435274334259088], [-98.48219457688519, 29.435274334259088], [-98.48219457688519, 29.43528215778917], [-98.48223050949656, 29.43528215778917]]}, "properties": {"confidence": "high"}}, {"type": "Feature", "geometry": {"type": "LineString", "coordinates": [[-98.48179033500733, 29.43528215778917], [-98.48179033500733, 29.435274334259088], [-98.48177236870166, 29.435274334259088], [-98.48177236870166, 29.43528215778917], [-98.48179033500733, 29.43528215778917]]}, "properties": {"confidence": "high"}}, {"type": "Feature", "geometry": {"type": "LineString", "coordinates": [[-98.48126931214254, 29.43528215778917], [-98.48126931214254, 29.435274334259088], [-98.4812603289897, 29.435274334259088], [-98.4812603289897, 29.43528215778917], [-98.48126931214254, 29.43528215778917]]}, "properties": {"confidence": "high"}}, {"type": "Feature", "geometry": {"type": "LineString", "coordinates": [[-98.4888061773763, 29.435274334259088], [-98.4888061773763, 29.43526651072839], [-98.48878821107063, 29.43526651072839], [-98.48878821107063, 29.435274334259088], [-98.4888061773763, 29.435274334259088]]}, "properties": {"confidence": "high"}}, {"type": "Feature", "geometry": {"type": "LineString", "coordinates": [[-98.48715327725353, 29.435274334259088], [-98.48715327725353, 29.43526651072839], [-98.48713531094785, 29.43526651072839], [-98.48713531094785, 29.435274334259088], [-98.48715327725353, 29.435274334259088]]}, "properties": {"confidence": "high"}}, {"type": "Feature", "geometry": {"type": "LineString", "coordinates": [[-98.48657835547169, 29.435274334259088], [-98.48657835547169, 29.43526651072839], [-98.48651547340181, 29.43526651072839], [-98.48651547340181, 29.435274334259088], [-98.48657835547169, 29.435274334259088]]}, "properties": {"confidence": "high"}}, {"type": "Feature", "geometry": {"type": "LineString", "coordinates": [[-98.48487155643187, 29.435274334259088], [-98.48487155643187, 29.43526651072839], [-98.48485359012618, 29.43526651072839], [-98.48485359012618, 29.435274334259088], [-98.48487155643187, 29.435274334259088]]}, "properties": {"confidence": "high"}}, {"type": "Feature", "geometry": {"type": "LineString", "coordinates": [[-98.48482664066766, 29.435274334259088], [-98.48482664066766, 29.43526651072839], [-98.48481765751482, 29.43526651072839], [-98.48481765751482, 29.435274334259088], [-98.48482664066766, 29.435274334259088]]}, "properties": {"confidence": "high"}}, {"type": "Feature", "geometry": {"type": "LineString", "coordinates": [[-98.48391035907787, 29.435422981227738], [-98.48391035907787, 29.435274334259088], [-98.4839193422307, 29.435274334259088], [-98.4839193422307, 29.43526651072839], [-98.48390137592503, 29.43526651072839], [-98.48390137592503, 29.435422981227738], [-98.48391035907787, 29.435422981227738]]}, "properties": {"confidence": "high"}}, {"type": "Feature", "geometry": {"type": "LineString", "coordinates": [[-98.48225745895509, 29.435274334259088], [-98.48225745895509, 29.43526651072839], [-98.48223050949656, 29.43526651072839], [-98.48223050949656, 29.435274334259088], [-98.48225745895509, 29.435274334259088]]}, "properties": {"confidence": "high"}}, {"type": "Feature", "geometry": {"type": "LineString", "coordinates": [[-98.48177236870166, 29.435274334259088], [-98.48177236870166, 29.43526651072839], [-98.48176338554882, 29.43526651072839], [-98.48176338554882, 29.435274334259088], [-98.48177236870166, 29.435274334259088]]}, "properties": {"confidence": "high"}}, {"type": "Feature", "geometry": {"type": "LineString", "coordinates": [[-98.4812782952954, 29.435274334259088], [-98.4812782952954, 29.43526651072839], [-98.48126931214254, 29.43526651072839], [-98.48126931214254, 29.435274334259088], [-98.4812782952954, 29.435274334259088]]}, "properties": {"confidence": "high"}}, {"type": "Feature", "geometry": {"type": "LineString", "coordinates": [[-98.48883312683483, 29.43526651072839], [-98.48883312683483, 29.43525868719709], [-98.4888061773763, 29.43525868719709], [-98.4888061773763, 29.43526651072839], [-98.48883312683483, 29.43526651072839]]}, "properties": {"confidence": "high"}}, {"type": "Feature", "geometry": {"type": "LineString", "coordinates": [[-98.48713531094785, 29.43526651072839], [-98.48713531094785, 29.43525868719709], [-98.48711734464216, 29.43525868719709], [-98.48711734464216, 29.43526651072839], [-98.48713531094785, 29.43526651072839]]}, "properties": {"confidence": "high"}}, {"type": "Feature", "geometry": {"type": "LineString", "coordinates": [[-98.48661428808306, 29.43526651072839], [-98.48661428808306, 29.43525868719709], [-98.48657835547169, 29.43525868719709], [-98.48657835547169, 29.43526651072839], [-98.48661428808306, 29.43526651072839]]}, "properties": {"confidence": "high"}}, {"type": "Feature", "geometry": {"type": "LineString", "coordinates": [[-98.48488952273755, 29.43526651072839], [-98.48488952273755, 29.43525868719709], [-98.48487155643187, 29.43525868719709], [-98.48487155643187, 29.43526651072839], [-98.48488952273755, 29.43526651072839]]}, "properties": {"confidence": "high"}}, {"type": "Feature", "geometry": {"type": "LineString", "coordinates": [[-98.48481765751482, 29.43526651072839], [-98.48481765751482, 29.43525868719709], [-98.48480867436197, 29.43525868719709], [-98.48480867436197, 29.43526651072839], [-98.48481765751482, 29.43526651072839]]}, "properties": {"confidence": "high"}}, {"type": "Feature", "geometry": {"type": "LineString", "coordinates": [[-98.48392832538354, 29.43526651072839], [-98.48392832538354, 29.43525868719709], [-98.4839193422307, 29.43525868719709], [-98.4839193422307, 29.43526651072839], [-98.48392832538354, 29.43526651072839]]}, "properties": {"confidence": "high"}}, {"type": "Feature", "geometry": {"type": "LineString", "coordinates": [[-98.48390137592503, 29.43526651072839], [-98.48390137592503, 29.43525868719709], [-98.48389239277218, 29.43525868719709], [-98.48389239277218, 29.43526651072839], [-98.48390137592503, 29.43526651072839]]}, "properties": {"confidence": "high"}}, {"type": "Feature", "geometry": {"type": "LineString", "coordinates": [[-98.48227542526077, 29.43526651072839], [-98.48227542526077, 29.43525868719709], [-98.48225745895509, 29.43525868719709], [-98.48225745895509, 29.43526651072839], [-98.48227542526077, 29.43526651072839]]}, "properties": {"confidence": "high"}}, {"type": "Feature", "geometry": {"type": "LineString", "coordinates": [[-98.48176338554882, 29.43526651072839], [-98.48176338554882, 29.43525868719709], [-98.48175440239598, 29.43525868719709], [-98.48175440239598, 29.43526651072839], [-98.48176338554882, 29.43526651072839]]}, "properties": {"confidence": "high"}}, {"type": "Feature", "geometry": {"type": "LineString", "coordinates": [[-98.48128727844824, 29.43526651072839], [-98.48128727844824, 29.43525868719709], [-98.4812782952954, 29.43525868719709], [-98.4812782952954, 29.43526651072839], [-98.48128727844824, 29.43526651072839]]}, "properties": {"confidence": "high"}}, {"type": "Feature", "geometry": {"type": "LineString", "coordinates": [[-98.48884210998767, 29.43525868719709], [-98.48884210998767, 29.435250863665193], [-98.48883312683483, 29.435250863665193], [-98.48883312683483, 29.43525868719709], [-98.48884210998767, 29.43525868719709]]}, "properties": {"confidence": "high"}}, {"type": "Feature", "geometry": {"type": "LineString", "coordinates": [[-98.48711734464216, 29.43525868719709], [-98.48711734464216, 29.435250863665193], [-98.48709039518364, 29.435250863665193], [-98.48709039518364, 29.43525868719709], [-98.48711734464216, 29.43525868719709]]}, "properties": {"confidence": "high"}}, {"type": "Feature", "geometry": {"type": "LineString", "coordinates": [[-98.48663225438874, 29.43525868719709], [-98.48663225438874, 29.435250863665193], [-98.48661428808306, 29.435250863665193], [-98.48661428808306, 29.43525868719709], [-98.48663225438874, 29.43525868719709]]}, "properties": {"confidence": "high"}}, {"type": "Feature", "geometry": {"type": "LineString", "coordinates": [[-98.48490748904322, 29.43525868719709], [-98.48490748904322, 29.435250863665193], [-98.48488952273755, 29.435250863665193], [-98.48488952273755, 29.43525868719709], [-98.48490748904322, 29.43525868719709]]}, "properties": {"confidence": "high"}}, {"type": "Feature", "geometry": {"type": "LineString", "coordinates": [[-98.48480867436197, 29.43525868719709], [-98.48480867436197, 29.435250863665193], [-98.48479969120913, 29.435250863665193], [-98.48479969120913, 29.43525868719709], [-98.48480867436197, 29.43525868719709]]}, "properties": {"confidence": "high"}}, {"type": "Feature", "geometry": {"type": "LineString", "coordinates": [[-98.48393730853638, 29.43525868719709], [-98.48393730853638, 29.435250863665193], [-98.48392832538354, 29.435250863665193], [-98.48392832538354, 29.43525868719709], [-98.48393730853638, 29.43525868719709]]}, "properties": {"confidence": "high"}}, {"type": "Feature", "geometry": {"type": "LineString", "coordinates": [[-98.48389239277218, 29.43525868719709], [-98.48389239277218, 29.435250863665193], [-98.48388340961934, 29.435250863665193], [-98.48388340961934, 29.43525868719709], [-98.48389239277218, 29.43525868719709]]}, "properties": {"confidence": "high"}}, {"type": "Feature", "geometry": {"type": "LineString", "coordinates": [[-98.48229339156644, 29.43525868719709], [-98.48229339156644, 29.435250863665193], [-98.48227542526077, 29.435250863665193], [-98.48227542526077, 29.43525868719709], [-98.48229339156644, 29.43525868719709]]}, "properties": {"confidence": "high"}}, {"type": "Feature", "geometry": {"type": "LineString", "coordinates": [[-98.48175440239598, 29.43525868719709], [-98.48175440239598, 29.435250863665193], [-98.48174541924314, 29.435250863665193], [-98.48174541924314, 29.43525868719709], [-98.48175440239598, 29.43525868719709]]}, "properties": {"confidence": "high"}}, {"type": "Feature", "geometry": {"type": "LineString", "coordinates": [[-98.48130524475391, 29.43525868719709], [-98.48130524475391, 29.435250863665193], [-98.48128727844824, 29.435250863665193], [-98.48128727844824, 29.43525868719709], [-98.48130524475391, 29.43525868719709]]}, "properties": {"confidence": "high"}}, {"type": "Feature", "geometry": {"type": "LineString", "coordinates": [[-98.48665920384725, 29.435250863665193], [-98.48665920384725, 29.435243040132693], [-98.48663225438874, 29.435243040132693], [-98.48663225438874, 29.435250863665193], [-98.48665920384725, 29.435250863665193]]}, "properties": {"confidence": "high"}}, {"type": "Feature", "geometry": {"type": "LineString", "coordinates": [[-98.48479969120913, 29.435250863665193], [-98.48479969120913, 29.435243040132693], [-98.48478172490346, 29.435243040132693], [-98.48478172490346, 29.435250863665193], [-98.48479969120913, 29.435250863665193]]}, "properties": {"confidence": "high"}}, {"type": "Feature", "geometry": {"type": "LineString", "coordinates": [[-98.48394629168922, 29.435250863665193], [-98.48394629168922, 29.435243040132693], [-98.48393730853638, 29.435243040132693], [-98.48393730853638, 29.435250863665193], [-98.48394629168922, 29.435250863665193]]}, "properties": {"confidence": "high"}}, {"type": "Feature", "geometry": {"type": "LineString", "coordinates": [[-98.48388340961934, 29.435250863665193], [-98.48388340961934, 29.435243040132693], [-98.48386544331366, 29.435243040132693], [-98.48386544331366, 29.435250863665193], [-98.48388340961934, 29.435250863665193]]}, "properties": {"confidence": "high"}}, {"type": "Feature", "geometry": {"type": "LineString", "coordinates": [[-98.48232932417781, 29.435250863665193], [-98.48232932417781, 29.435243040132693], [-98.48229339156644, 29.435243040132693], [-98.48229339156644, 29.435250863665193], [-98.48232932417781, 29.435250863665193]]}, "properties": {"confidence": "high"}}, {"type": "Feature", "geometry": {"type": "LineString", "coordinates": [[-98.48174541924314, 29.435250863665193], [-98.48174541924314, 29.435243040132693], [-98.48171846978461, 29.435243040132693], [-98.48171846978461, 29.435250863665193], [-98.48174541924314, 29.435250863665193]]}, "properties": {"confidence": "high"}}, {"type": "Feature", "geometry": {"type": "LineString", "coordinates": [[-98.48134117736528, 29.435250863665193], [-98.48134117736528, 29.435243040132693], [-98.48130524475391, 29.435243040132693], [-98.48130524475391, 29.435250863665193], [-98.48134117736528, 29.435250863665193]]}, "properties": {"confidence": "high"}}, {"type": "Feature", "geometry": {"type": "LineString", "coordinates": [[-98.48396425799491, 29.435243040132693], [-98.48396425799491, 29.435235216599587], [-98.48394629168922, 29.435235216599587], [-98.48394629168922, 29.435243040132693], [-98.48396425799491, 29.435243040132693]]}, "properties": {"confidence": "high"}}, {"type": "Feature", "geometry": {"type": "LineString", "coordinates": [[-98.48236525678918, 29.435243040132693], [-98.48236525678918, 29.435235216599587], [-98.48232932417781, 29.435235216599587], [-98.48232932417781, 29.435243040132693], [-98.48236525678918, 29.435243040132693]]}, "properties": {"confidence": "high"}}, {"type": "Feature", "geometry": {"type": "LineString", "coordinates": [[-98.48171846978461, 29.435243040132693], [-98.48171846978461, 29.435235216599587], [-98.48170050347893, 29.435235216599587], [-98.48170050347893, 29.435243040132693], [-98.48171846978461, 29.435243040132693]]}, "properties": {"confidence": "high"}}, {"type": "Feature", "geometry": {"type": "LineString", "coordinates": [[-98.48137710997663, 29.435243040132693], [-98.48137710997663, 29.435235216599587], [-98.48134117736528, 29.435235216599587], [-98.48134117736528, 29.435243040132693], [-98.48137710997663, 29.435243040132693]]}, "properties": {"confidence": "high"}}, {"type": "Feature", "geometry": {"type": "LineString", "coordinates": [[-98.48240118940053, 29.435235216599587], [-98.48240118940053, 29.43522739306588], [-98.48236525678918, 29.43522739306588], [-98.48236525678918, 29.435235216599587], [-98.48240118940053, 29.435235216599587]]}, "properties": {"confidence": "high"}}, {"type": "Feature", "geometry": {"type": "LineString", "coordinates": [[-98.48170050347893, 29.435235216599587], [-98.48170050347893, 29.43522739306588], [-98.48168253717324, 29.43522739306588], [-98.48168253717324, 29.435235216599587], [-98.48170050347893, 29.435235216599587]]}, "properties": {"confidence": "high"}}, {"type": "Feature", "geometry": {"type": "LineString", "coordinates": [[-98.48142202574084, 29.435235216599587], [-98.48142202574084, 29.43522739306588], [-98.48137710997663, 29.43522739306588], [-98.48137710997663, 29.435235216599587], [-98.48142202574084, 29.435235216599587]]}, "properties": {"confidence": "high"}}]}