{"type": "FeatureCollection", "features": [{"type": "Feature", "geometry": {"type": "LineString", "coordinates": [[-112.03698346531183, 33.45376117441103], [-112.03698346531183, 33.45375367948804], [-112.036974482159, 33.45375367948804], [-112.036974482159, 33.45376117441103], [-112.03698346531183, 33.45376117441103]]}, "properties": {"confidence": "high"}}, {"type": "Feature", "geometry": {"type": "LineString", "coordinates": [[-112.03630074569591, 33.45376117441103], [-112.03630074569591, 33.45375367948804], [-112.03629176254307, 33.45375367948804], [-112.03629176254307, 33.45376117441103], [-112.03630074569591, 33.45376117441103]]}, "properties": {"confidence": "high"}}, {"type": "Feature", "geometry": {"type": "LineString", "coordinates": [[-112.03699244846467, 33.45375367948804], [-112.03699244846467, 33.4537461845644], [-112.03698346531183, 33.4537461845644], [-112.03698346531183, 33.45375367948804], [-112.03699244846467, 33.45375367948804]]}, "properties": {"confidence": "high"}}, {"type": "Feature", "geometry": {"type": "LineString", "coordinates": [[-112.03629176254307, 33.45375367948804], [-112.03629176254307, 33.4537461845644], [-112.03628277939022, 33.4537461845644], [-112.03628277939022, 33.45375367948804], [-112.03629176254307, 33.45375367948804]]}, "properties": {"confidence": "high"}}, {"type": "Feature", "geometry": {"type": "LineString", "coordinates": [[-112.03700143161751, 33.4537461845644], [-112.03700143161751, 33.45373868964011], [-112.03699244846467, 33.45373868964011], [-112.03699244846467, 33.4537461845644], [-112.03700143161751, 33.4537461845644]]}, "properties": {"confidence": "high"}}, {"type": "Feature", "geometry": {"type": "LineString", "coordinates": [[-112.03628277939022, 33.4537461845644], [-112.03628277939022, 33.45373868964011], [-112.03627379623738, 33.45373868964011], [-112.03627379623738, 33.4537461845644], [-112.03628277939022, 33.4537461845644]]}, "properties": {"confidence": "high"}}, {"type": "Feature", "geometry": {"type": "LineString", "coordinates": [[-112.03701041477036, 33.45373868964011], [-112.03701041477036, 33.45373119471519], [-112.03700143161751, 33.45373119471519], [-112.03700143161751, 33.45373868964011], [-112.03701041477036, 33.45373868964011]]}, "properties": {"confidence": "high"}}, {"type": "Feature", "geometry": {"type": "LineString", "coordinates": [[-112.03627379623738, 33.45373868964011], [-112.03627379623738, 33.453723699789606], [-112.03626481308454, 33.453723699789606], [-112.03626481308454, 33.45373868964011], [-112.03627379623738, 33.45373868964011]]}, "properties": {"confidence": "high"}}, {"type": "Feature", "geometry": {"type": "LineString", "coordinates": [[-112.0370193979232, 33.45373119471519], [-112.0370193979232, 33.453723699789606], [-112.03701041477036, 33.453723699789606], [-112.03701041477036, 33.45373119471519], [-112.0370193979232, 33.45373119471519]]}, "properties": {"confidence": "high"}}, {"type": "Feature", "geometry": {"type": "LineString", "coordinates": [[-112.03702838107604, 33.453723699789606], [-112.03702838107604, 33.453716204863376], [-112.0370193979232, 33.453716204863376], [-112.0370193979232, 33.453723699789606], [-112.03702838107604, 33.453723699789606]]}, "properties": {"confidence": "high"}}, {"type": "Feature", "geometry": {"type": "LineString", "coordinates": [[-112.03703736422888, 33.453716204863376], [-112.03703736422888, 33.4537087099365], [-112.03702838107604, 33.4537087099365], [-112.03702838107604, 33.453716204863376], [-112.03703736422888, 33.453716204863376]]}, "properties": {"confidence": "high"}}, {"type": "Feature", "geometry": {"type": "LineString", "coordinates": [[-112.03626481308454, 33.453723699789606], [-112.03626481308454, 33.45370121500898], [-112.0362558299317, 33.45370121500898], [-112.0362558299317, 33.453723699789606], [-112.03626481308454, 33.453723699789606]]}, "properties": {"confidence": "high"}}, {"type": "Feature", "geometry": {"type": "LineString", "coordinates": [[-112.03704634738172, 33.4537087099365], [-112.03704634738172, 33.45370121500898], [-112.03703736422888, 33.45370121500898], [-112.03703736422888, 33.4537087099365], [-112.03704634738172, 33.4537087099365]]}, "properties": {"confidence": "high"}}, {"type": "Feature", "geometry": {"type": "LineString", "coordinates": [[-112.03705533053457, 33.45370121500898], [-112.03705533053457, 33.45369372008081], [-112.03704634738172, 33.45369372008081], [-112.03704634738172, 33.45370121500898], [-112.03705533053457, 33.45370121500898]]}, "properties": {"confidence": "high"}}, {"type": "Feature", "geometry": {"type": "LineString", "coordinates": [[-112.03706431368741, 33.45369372008081], [-112.03706431368741, 33.45367123529242], [-112.03705533053457, 33.45367123529242], [-112.03705533053457, 33.45369372008081], [-112.03706431368741, 33.45369372008081]]}, "properties": {"confidence": "high"}}, {"type": "Feature", "geometry": {"type": "LineString", "coordinates": [[-112.03677685279649, 33.45367123529242], [-112.03677685279649, 33.45365624543024], [-112.03676786964365, 33.45365624543024], [-112.03676786964365, 33.45367123529242], [-112.03677685279649, 33.45367123529242]]}, "properties": {"confidence": "high"}}, {"type": "Feature", "geometry": {"type": "LineString", "coordinates": [[-112.0362558299317, 33.45370121500898], [-112.0362558299317, 33.45362626569813], [-112.03624684677887, 33.45362626569813], [-112.03624684677887, 33.45370121500898], [-112.0362558299317, 33.45370121500898]]}, "properties": {"confidence": "high"}}, {"type": "Feature", "geometry": {"type": "LineString", "coordinates": [[-112.03707329684025, 33.45367123529242], [-112.03707329684025, 33.45362626569813], [-112.03706431368741, 33.45362626569813], [-112.03706431368741, 33.45367123529242], [-112.03707329684025, 33.45367123529242]]}, "properties": {"confidence": "high"}}, {"type": "Feature", "geometry": {"type": "LineString", "coordinates": [[-112.03676786964365, 33.45365624543024], [-112.03676786964365, 33.45361127582818], [-112.03675888649082, 33.45361127582818], [-112.03675888649082, 33.45365624543024], [-112.03676786964365, 33.45365624543024]]}, "properties": {"confidence": "high"}}, {"type": "Feature", "geometry": {"type": "LineString", "coordinates": [[-112.03708227999309, 33.45362626569813], [-112.03708227999309, 33.45360378089224], [-112.03707329684025, 33.45360378089224], [-112.03707329684025, 33.45362626569813], [-112.03708227999309, 33.45362626569813]]}, "properties": {"confidence": "high"}}, {"type": "Feature", "geometry": {"type": "LineString", "coordinates": [[-112.03675888649082, 33.45361127582818], [-112.03675888649082, 33.45358129608052], [-112.03674990333798, 33.45358129608052], [-112.03674990333798, 33.45361127582818], [-112.03675888649082, 33.45361127582818]]}, "properties": {"confidence": "high"}}, {"type": "Feature", "geometry": {"type": "LineString", "coordinates": [[-112.03709126314592, 33.45360378089224], [-112.03709126314592, 33.45358129608052], [-112.03708227999309, 33.45358129608052], [-112.03708227999309, 33.45360378089224], [-112.03709126314592, 33.45360378089224]]}, "properties": {"confidence": "high"}}, {"type": "Feature", "geometry": {"type": "LineString", "coordinates": [[-112.03624684677887, 33.45362626569813], [-112.03624684677887, 33.4535663062028], [-112.03623786362603, 33.4535663062028], [-112.03623786362603, 33.45362626569813], [-112.03624684677887, 33.45362626569813]]}, "properties": {"confidence": "high"}}, {"type": "Feature", "geometry": {"type": "LineString", "coordinates": [[-112.03898670839543, 33.45361127582818], [-112.03898670839543, 33.453543821381366], [-112.03897772524257, 33.453543821381366], [-112.03897772524257, 33.45361127582818], [-112.03898670839543, 33.45361127582818]]}, "properties": {"confidence": "high"}}, {"type": "Feature", "geometry": {"type": "LineString", "coordinates": [[-112.03710024629876, 33.45358129608052], [-112.03710024629876, 33.453543821381366], [-112.03709126314592, 33.453543821381366], [-112.03709126314592, 33.45358129608052], [-112.03710024629876, 33.45358129608052]]}, "properties": {"confidence": "high"}}, {"type": "Feature", "geometry": {"type": "LineString", "coordinates": [[-112.03674990333798, 33.45358129608052], [-112.03674990333798, 33.453543821381366], [-112.03674092018512, 33.453543821381366], [-112.03674092018512, 33.45358129608052], [-112.03674990333798, 33.45358129608052]]}, "properties": {"confidence": "high"}}, {"type": "Feature", "geometry": {"type": "LineString", "coordinates": [[-112.04120554714719, 33.45361877076348], [-112.04120554714719, 33.453528831497174], [-112.04119656399435, 33.453528831497174], [-112.04119656399435, 33.45361877076348], [-112.04120554714719, 33.45361877076348]]}, "properties": {"confidence": "high"}}, {"type": "Feature", "geometry": {"type": "LineString", "coordinates": [[-112.03600430165214, 33.45360378089224], [-112.03600430165214, 33.453528831497174], [-112.0359953184993, 33.453528831497174], [-112.0359953184993, 33.45360378089224], [-112.03600430165214, 33.45360378089224]]}, "properties": {"confidence": "high"}}, {"type": "Feature", "geometry": {"type": "LineString", "coordinates": [[-112.03710922945162, 33.453543821381366], [-112.03710922945162, 33.45351384161039], [-112.03710024629876, 33.45351384161039], [-112.03710024629876, 33.453543821381366], [-112.03710922945162, 33.453543821381366]]}, "properties": {"confidence": "high"}}, {"type": "Feature", "geometry": {"type": "LineString", "coordinates": [[-112.03674092018512, 33.453543821381366], [-112.03674092018512, 33.453506346666025], [-112.03673193703229, 33.453506346666025], [-112.03673193703229, 33.453543821381366], [-112.03674092018512, 33.453543821381366]]}, "properties": {"confidence": "high"}}, {"type": "Feature", "geometry": {"type": "LineString", "coordinates": [[-112.03648939190558, 33.45361877076348], [-112.03648939190558, 33.45349885172101], [-112.03648040875272, 33.45349885172101], [-112.03648040875272, 33.45361877076348], [-112.03648939190558, 33.45361877076348]]}, "properties": {"confidence": "high"}}, {"type": "Feature", "geometry": {"type": "LineString", "coordinates": [[-112.0353395483419, 33.453491356775345], [-112.0353395483419, 33.453483861829035], [-112.03465682872597, 33.453483861829035], [-112.03465682872597, 33.453491356775345], [-112.0353395483419, 33.453491356775345]]}, "properties": {"confidence": "high"}}, {"type": "Feature", "geometry": {"type": "LineString", "coordinates": [[-112.03711821260445, 33.45351384161039], [-112.03711821260445, 33.45347636688208], [-112.03710922945162, 33.45347636688208], [-112.03710922945162, 33.45351384161039], [-112.03711821260445, 33.45351384161039]]}, "properties": {"confidence": "high"}}, {"type": "Feature", "geometry": {"type": "LineString", "coordinates": [[-112.03673193703229, 33.453506346666025], [-112.03673193703229, 33.45347636688208], [-112.03672295387945, 33.45347636688208], [-112.03672295387945, 33.453506346666025], [-112.03673193703229, 33.453506346666025]]}, "properties": {"confidence": "high"}}, {"type": "Feature", "geometry": {"type": "LineString", "coordinates": [[-112.03561802607997, 33.453483861829035], [-112.03561802607997, 33.45347636688208], [-112.0353395483419, 33.45347636688208], [-112.0353395483419, 33.453483861829035], [-112.03561802607997, 33.453483861829035]]}, "properties": {"confidence": "high"}}, {"type": "Feature", "geometry": {"type": "LineString", "coordinates": [[-112.03465682872597, 33.453483861829035], [-112.03465682872597, 33.45347636688208], [-112.03452208143335, 33.45347636688208], [-112.03452208143335, 33.453483861829035], [-112.03465682872597, 33.453483861829035]]}, "properties": {"confidence": "high"}}, {"type": "Feature", "geometry": {"type": "LineString", "coordinates": [[-112.0359953184993, 33.453528831497174], [-112.0359953184993, 33.453468871934476], [-112.03598633534646, 33.453468871934476], [-112.03598633534646, 33.453483861829035], [-112.03561802607997, 33.453483861829035], [-112.03561802607997, 33.453491356775345], [-112.03598633534646, 33.453491356775345], [-112.03598633534646, 33.453528831497174], [-112.0359953184993, 33.453528831497174]]}, "properties": {"confidence": "high"}}, {"type": "Feature", "geometry": {"type": "LineString", "coordinates": [[-112.03623786362603, 33.4535663062028], [-112.03623786362603, 33.453461376986226], [-112.03622888047317, 33.453461376986226], [-112.03622888047317, 33.4535663062028], [-112.03623786362603, 33.4535663062028]]}, "properties": {"confidence": "high"}}, {"type": "Feature", "geometry": {"type": "LineString", "coordinates": [[-112.04035214762729, 33.45362626569813], [-112.04035214762729, 33.45343139718674], [-112.04034316447445, 33.45343139718674], [-112.04034316447445, 33.45362626569813], [-112.04035214762729, 33.45362626569813]]}, "properties": {"confidence": "high"}}, {"type": "Feature", "geometry": {"type": "LineString", "coordinates": [[-112.0371271957573, 33.45347636688208], [-112.0371271957573, 33.45341640728311], [-112.03711821260445, 33.45341640728311], [-112.03711821260445, 33.45347636688208], [-112.0371271957573, 33.45347636688208]]}, "properties": {"confidence": "high"}}, {"type": "Feature", "geometry": {"type": "LineString", "coordinates": [[-112.04036113078013, 33.45343139718674], [-112.04036113078013, 33.45341640728311], [-112.04035214762729, 33.45341640728311], [-112.04035214762729, 33.45343139718674], [-112.04036113078013, 33.45343139718674]]}, "properties": {"confidence": "high"}}, {"type": "Feature", "geometry": {"type": "LineString", "coordinates": [[-112.03649837505841, 33.45349885172101], [-112.03649837505841, 33.453408912330325], [-112.03648939190558, 33.453408912330325], [-112.03648939190558, 33.45349885172101], [-112.03649837505841, 33.45349885172101]]}, "properties": {"confidence": "high"}}, {"type": "Feature", "geometry": {"type": "LineString", "coordinates": [[-112.03672295387945, 33.45347636688208], [-112.03672295387945, 33.453408912330325], [-112.03671397072661, 33.453408912330325], [-112.03671397072661, 33.45347636688208], [-112.03672295387945, 33.45347636688208]]}, "properties": {"confidence": "high"}}, {"type": "Feature", "geometry": {"type": "LineString", "coordinates": [[-112.03897772524257, 33.453543821381366], [-112.03897772524257, 33.453401417376895], [-112.03896874208974, 33.453401417376895], [-112.03896874208974, 33.453543821381366], [-112.03897772524257, 33.453543821381366]]}, "properties": {"confidence": "high"}}, {"type": "Feature", "geometry": {"type": "LineString", "coordinates": [[-112.03622888047317, 33.453461376986226], [-112.03622888047317, 33.453401417376895], [-112.03621989732034, 33.453401417376895], [-112.03621989732034, 33.453461376986226], [-112.03622888047317, 33.453461376986226]]}, "properties": {"confidence": "high"}}, {"type": "Feature", "geometry": {"type": "LineString", "coordinates": [[-112.03671397072661, 33.453408912330325], [-112.03671397072661, 33.453378932512706], [-112.03670498757376, 33.453378932512706], [-112.03670498757376, 33.453408912330325], [-112.03671397072661, 33.453408912330325]]}, "properties": {"confidence": "high"}}, {"type": "Feature", "geometry": {"type": "LineString", "coordinates": [[-112.03713617891013, 33.45341640728311], [-112.03713617891013, 33.45335644764268], [-112.0371271957573, 33.45335644764268], [-112.0371271957573, 33.45341640728311], [-112.03713617891013, 33.45341640728311]]}, "properties": {"confidence": "high"}}, {"type": "Feature", "geometry": {"type": "LineString", "coordinates": [[-112.03670498757376, 33.453378932512706], [-112.03670498757376, 33.45335644764268], [-112.03669600442092, 33.45335644764268], [-112.03669600442092, 33.453378932512706], [-112.03670498757376, 33.453378932512706]]}, "properties": {"confidence": "high"}}, {"type": "Feature", "geometry": {"type": "LineString", "coordinates": [[-112.03669600442092, 33.45335644764268], [-112.03669600442092, 33.45331897284636], [-112.03668702126807, 33.45331897284636], [-112.03668702126807, 33.45335644764268], [-112.03669600442092, 33.45335644764268]]}, "properties": {"confidence": "high"}}, {"type": "Feature", "geometry": {"type": "LineString", "coordinates": [[-112.03600430165214, 33.453468871934476], [-112.03600430165214, 33.45331147788515], [-112.0359953184993, 33.45331147788515], [-112.0359953184993, 33.453468871934476], [-112.03600430165214, 33.453468871934476]]}, "properties": {"confidence": "high"}}, {"type": "Feature", "geometry": {"type": "LineString", "coordinates": [[-112.03668702126807, 33.45331897284636], [-112.03668702126807, 33.4533039829233], [-112.03667803811523, 33.4533039829233], [-112.03667803811523, 33.45331897284636], [-112.03668702126807, 33.45331897284636]]}, "properties": {"confidence": "high"}}, {"type": "Feature", "geometry": {"type": "LineString", "coordinates": [[-112.03714516206297, 33.45335644764268], [-112.03714516206297, 33.45328899299765], [-112.03713617891013, 33.45328899299765], [-112.03713617891013, 33.45335644764268], [-112.03714516206297, 33.45335644764268]]}, "properties": {"confidence": "high"}}, {"type": "Feature", "geometry": {"type": "LineString", "coordinates": [[-112.03898670839543, 33.453401417376895], [-112.03898670839543, 33.45327400306941], [-112.03897772524257, 33.45327400306941], [-112.03897772524257, 33.453401417376895], [-112.03898670839543, 33.453401417376895]]}, "properties": {"confidence": "high"}}, {"type": "Feature", "geometry": {"type": "LineString", "coordinates": [[-112.03650735821125, 33.453408912330325], [-112.03650735821125, 33.45325151817217], [-112.03649837505841, 33.45325151817217], [-112.03649837505841, 33.453408912330325], [-112.03650735821125, 33.453408912330325]]}, "properties": {"confidence": "high"}}, {"type": "Feature", "geometry": {"type": "LineString", "coordinates": [[-112.03899569154827, 33.45327400306941], [-112.03899569154827, 33.453236528237454], [-112.03898670839543, 33.453236528237454], [-112.03898670839543, 33.45327400306941], [-112.03899569154827, 33.45327400306941]]}, "properties": {"confidence": "high"}}, {"type": "Feature", "geometry": {"type": "LineString", "coordinates": [[-112.03715414521581, 33.45328899299765], [-112.03715414521581, 33.453206548360235], [-112.03714516206297, 33.453206548360235], [-112.03714516206297, 33.45328899299765], [-112.03715414521581, 33.45328899299765]]}, "properties": {"confidence": "high"}}, {"type": "Feature", "geometry": {"type": "LineString", "coordinates": [[-112.03714516206297, 33.453206548360235], [-112.03714516206297, 33.453199053389305], [-112.03713617891013, 33.453199053389305], [-112.03713617891013, 33.453206548360235], [-112.03714516206297, 33.453206548360235]]}, "properties": {"confidence": "high"}}, {"type": "Feature", "geometry": {"type": "LineString", "coordinates": [[-112.03753143763515, 33.45361127582818], [-112.03753143763515, 33.45318406344551], [-112.03752245448231, 33.45318406344551], [-112.03752245448231, 33.45361127582818], [-112.03753143763515, 33.45361127582818]]}, "properties": {"confidence": "high"}}, {"type": "Feature", "geometry": {"type": "LineString", "coordinates": [[-112.03651634136409, 33.45325151817217], [-112.03651634136409, 33.45313159862184], [-112.03650735821125, 33.45313159862184], [-112.03650735821125, 33.45325151817217], [-112.03651634136409, 33.45325151817217]]}, "properties": {"confidence": "high"}}, {"type": "Feature", "geometry": {"type": "LineString", "coordinates": [[-112.03713617891013, 33.453199053389305], [-112.03713617891013, 33.453124103644434], [-112.0371271957573, 33.453124103644434], [-112.0371271957573, 33.453199053389305], [-112.03713617891013, 33.453199053389305]]}, "properties": {"confidence": "high"}}, {"type": "Feature", "geometry": {"type": "LineString", "coordinates": [[-112.03652532451693, 33.45313159862184], [-112.03652532451693, 33.45304165885027], [-112.03651634136409, 33.45304165885027], [-112.03651634136409, 33.45313159862184], [-112.03652532451693, 33.45313159862184]]}, "properties": {"confidence": "high"}}, {"type": "Feature", "geometry": {"type": "LineString", "coordinates": [[-112.03898670839543, 33.453236528237454], [-112.03898670839543, 33.45303416386509], [-112.03897772524257, 33.45303416386509], [-112.03897772524257, 33.453236528237454], [-112.03898670839543, 33.453236528237454]]}, "properties": {"confidence": "high"}}, {"type": "Feature", "geometry": {"type": "LineString", "coordinates": [[-112.03899569154827, 33.45303416386509], [-112.03899569154827, 33.452996688929495], [-112.03898670839543, 33.452996688929495], [-112.03898670839543, 33.45303416386509], [-112.03899569154827, 33.45303416386509]]}, "properties": {"confidence": "high"}}, {"type": "Feature", "geometry": {"type": "LineString", "coordinates": [[-112.0359953184993, 33.45331147788515], [-112.0359953184993, 33.45297420396036], [-112.03598633534646, 33.45297420396036], [-112.03598633534646, 33.45331147788515], [-112.0359953184993, 33.45331147788515]]}, "properties": {"confidence": "high"}}, {"type": "Feature", "geometry": {"type": "LineString", "coordinates": [[-112.0371271957573, 33.453124103644434], [-112.0371271957573, 33.4529592139777], [-112.03711821260445, 33.4529592139777], [-112.03711821260445, 33.453124103644434], [-112.0371271957573, 33.453124103644434]]}, "properties": {"confidence": "high"}}, {"type": "Feature", "geometry": {"type": "LineString", "coordinates": [[-112.04119656399435, 33.453528831497174], [-112.04119656399435, 33.45294422399245], [-112.04118758084151, 33.45294422399245], [-112.04118758084151, 33.453528831497174], [-112.04119656399435, 33.453528831497174]]}, "properties": {"confidence": "high"}}, {"type": "Feature", "geometry": {"type": "LineString", "coordinates": [[-112.04035214762729, 33.45341640728311], [-112.04035214762729, 33.45294422399245], [-112.0403341813216, 33.45294422399245], [-112.0403341813216, 33.452951718985396], [-112.04034316447445, 33.452951718985396], [-112.04034316447445, 33.45341640728311], [-112.04035214762729, 33.45341640728311]]}, "properties": {"confidence": "high"}}, {"type": "Feature", "geometry": {"type": "LineString", "coordinates": [[-112.03600430165214, 33.45297420396036], [-112.03600430165214, 33.45294422399245], [-112.0359953184993, 33.45294422399245], [-112.0359953184993, 33.45297420396036], [-112.03600430165214, 33.45297420396036]]}, "properties": {"confidence": "high"}}, {"type": "Feature", "geometry": {"type": "LineString", "coordinates": [[-112.03970536062272, 33.452951718985396], [-112.03970536062272, 33.45294422399245], [-112.03968739431704, 33.45294422399245], [-112.03968739431704, 33.452951718985396], [-112.03970536062272, 33.452951718985396]]}, "properties": {"confidence": "high"}}, {"type": "Feature", "geometry": {"type": "LineString", "coordinates": [[-112.03913942199372, 33.452951718985396], [-112.03913942199372, 33.45294422399245], [-112.03905857361816, 33.45294422399245], [-112.03905857361816, 33.452951718985396], [-112.03913942199372, 33.452951718985396]]}, "properties": {"confidence": "high"}}, {"type": "Feature", "geometry": {"type": "LineString", "coordinates": [[-112.03882501164428, 33.452951718985396], [-112.03882501164428, 33.45294422399245], [-112.03866331489314, 33.45294422399245], [-112.03866331489314, 33.452951718985396], [-112.03882501164428, 33.452951718985396]]}, "properties": {"confidence": "high"}}, {"type": "Feature", "geometry": {"type": "LineString", "coordinates": [[-112.04118758084151, 33.45294422399245], [-112.04118758084151, 33.45293672899886], [-112.04035214762729, 33.45293672899886], [-112.04035214762729, 33.45294422399245], [-112.04118758084151, 33.45294422399245]]}, "properties": {"confidence": "high"}}, {"type": "Feature", "geometry": {"type": "LineString", "coordinates": [[-112.0403341813216, 33.45294422399245], [-112.0403341813216, 33.45293672899886], [-112.03970536062272, 33.45293672899886], [-112.03970536062272, 33.45294422399245], [-112.0403341813216, 33.45294422399245]]}, "properties": {"confidence": "high"}}, {"type": "Feature", "geometry": {"type": "LineString", "coordinates": [[-112.03968739431704, 33.45294422399245], [-112.03968739431704, 33.45293672899886], [-112.03913942199372, 33.45293672899886], [-112.03913942199372, 33.45294422399245], [-112.03968739431704, 33.45294422399245]]}, "properties": {"confidence": "high"}}, {"type": "Feature", "geometry": {"type": "LineString", "coordinates": [[-112.0359504027351, 33.45292173900972], [-112.0359504027351, 33.45291424401418], [-112.03470174449018, 33.45291424401418], [-112.03470174449018, 33.45292173900972], [-112.0359504027351, 33.45292173900972]]}, "properties": {"confidence": "high"}}, {"type": "Feature", "geometry": {"type": "LineString", "coordinates": [[-112.03462987926744, 33.45292173900972], [-112.03462987926744, 33.45291424401418], [-112.03456699719756, 33.45291424401418], [-112.03456699719756, 33.45292173900972], [-112.03462987926744, 33.45292173900972]]}, "properties": {"confidence": "high"}}, {"type": "Feature", "geometry": {"type": "LineString", "coordinates": [[-112.03470174449018, 33.45291424401418], [-112.03470174449018, 33.452906749018], [-112.03462987926744, 33.452906749018], [-112.03462987926744, 33.45291424401418], [-112.03470174449018, 33.45291424401418]]}, "properties": {"confidence": "high"}}, {"type": "Feature", "geometry": {"type": "LineString", "coordinates": [[-112.03653430766977, 33.45304165885027], [-112.03653430766977, 33.452899254021155], [-112.03652532451693, 33.452899254021155], [-112.03652532451693, 33.45304165885027], [-112.03653430766977, 33.45304165885027]]}, "properties": {"confidence": "high"}}, {"type": "Feature", "geometry": {"type": "LineString", "coordinates": [[-112.0359953184993, 33.45294422399245], [-112.0359953184993, 33.452899254021155], [-112.03598633534646, 33.452899254021155], [-112.03598633534646, 33.45292173900972], [-112.0359504027351, 33.45292173900972], [-112.0359504027351, 33.452929234004614], [-112.03598633534646, 33.452929234004614], [-112.03598633534646, 33.45294422399245], [-112.0359953184993, 33.45294422399245]]}, "properties": {"confidence": "high"}}, {"type": "Feature", "geometry": {"type": "LineString", "coordinates": [[-112.03711821260445, 33.4529592139777], [-112.03711821260445, 33.452869274027336], [-112.0371271957573, 33.452869274027336], [-112.0371271957573, 33.45286177902726], [-112.03710922945162, 33.45286177902726], [-112.03710922945162, 33.4529592139777], [-112.03711821260445, 33.4529592139777]]}, "properties": {"confidence": "high"}}, {"type": "Feature", "geometry": {"type": "LineString", "coordinates": [[-112.03713617891013, 33.45286177902726], [-112.03713617891013, 33.45285428402654], [-112.0371271957573, 33.45285428402654], [-112.0371271957573, 33.45286177902726], [-112.03713617891013, 33.45286177902726]]}, "properties": {"confidence": "high"}}, {"type": "Feature", "geometry": {"type": "LineString", "coordinates": [[-112.03710922945162, 33.45286177902726], [-112.03710922945162, 33.45285428402654], [-112.03710024629876, 33.45285428402654], [-112.03710024629876, 33.45286177902726], [-112.03710922945162, 33.45286177902726]]}, "properties": {"confidence": "high"}}, {"type": "Feature", "geometry": {"type": "LineString", "coordinates": [[-112.03715414521581, 33.45285428402654], [-112.03715414521581, 33.45284678902517], [-112.03713617891013, 33.45284678902517], [-112.03713617891013, 33.45285428402654], [-112.03715414521581, 33.45285428402654]]}, "properties": {"confidence": "high"}}, {"type": "Feature", "geometry": {"type": "LineString", "coordinates": [[-112.03710024629876, 33.45285428402654], [-112.03710024629876, 33.45284678902517], [-112.03709126314592, 33.45284678902517], [-112.03709126314592, 33.45285428402654], [-112.03710024629876, 33.45285428402654]]}, "properties": {"confidence": "high"}}, {"type": "Feature", "geometry": {"type": "LineString", "coordinates": [[-112.03716312836866, 33.45284678902517], [-112.03716312836866, 33.45283929402315], [-112.03715414521581, 33.45283929402315], [-112.03715414521581, 33.45284678902517], [-112.03716312836866, 33.45284678902517]]}, "properties": {"confidence": "high"}}, {"type": "Feature", "geometry": {"type": "LineString", "coordinates": [[-112.0371721115215, 33.45283929402315], [-112.0371721115215, 33.452831799020494], [-112.03716312836866, 33.452831799020494], [-112.03716312836866, 33.45283929402315], [-112.0371721115215, 33.45283929402315]]}, "properties": {"confidence": "high"}}, {"type": "Feature", "geometry": {"type": "LineString", "coordinates": [[-112.03718109467434, 33.452831799020494], [-112.03718109467434, 33.45282430401718], [-112.0371721115215, 33.45282430401718], [-112.0371721115215, 33.452831799020494], [-112.03718109467434, 33.452831799020494]]}, "properties": {"confidence": "high"}}, {"type": "Feature", "geometry": {"type": "LineString", "coordinates": [[-112.03654329082262, 33.452899254021155], [-112.03654329082262, 33.452809314008604], [-112.03653430766977, 33.452809314008604], [-112.03653430766977, 33.452899254021155], [-112.03654329082262, 33.452899254021155]]}, "properties": {"confidence": "high"}}, {"type": "Feature", "geometry": {"type": "LineString", "coordinates": [[-112.03600430165214, 33.452899254021155], [-112.03600430165214, 33.452809314008604], [-112.0359953184993, 33.452809314008604], [-112.0359953184993, 33.452899254021155], [-112.03600430165214, 33.452899254021155]]}, "properties": {"confidence": "high"}}, {"type": "Feature", "geometry": {"type": "LineString", "coordinates": [[-112.03655227397546, 33.452809314008604], [-112.03655227397546, 33.45274935394841], [-112.03654329082262, 33.45274935394841], [-112.03654329082262, 33.452809314008604], [-112.03655227397546, 33.452809314008604]]}, "properties": {"confidence": "high"}}, {"type": "Feature", "geometry": {"type": "LineString", "coordinates": [[-112.03709126314592, 33.45284678902517], [-112.03709126314592, 33.452734363926886], [-112.03708227999309, 33.452734363926886], [-112.03708227999309, 33.45284678902517], [-112.03709126314592, 33.45284678902517]]}, "properties": {"confidence": "high"}}, {"type": "Feature", "geometry": {"type": "LineString", "coordinates": [[-112.04337947013477, 33.45361127582818], [-112.04337947013477, 33.45270438387607], [-112.04337048698193, 33.45270438387607], [-112.04337048698193, 33.45361127582818], [-112.04337947013477, 33.45361127582818]]}, "properties": {"confidence": "high"}}, {"type": "Feature", "geometry": {"type": "LineString", "coordinates": [[-112.04325370599499, 33.45268939384677], [-112.04325370599499, 33.452681898831145], [-112.04196013198586, 33.452681898831145], [-112.04196013198586, 33.45268939384677], [-112.04325370599499, 33.45268939384677]]}, "properties": {"confidence": "high"}}, {"type": "Feature", "geometry": {"type": "LineString", "coordinates": [[-112.04337048698193, 33.45270438387607], [-112.04337048698193, 33.452674403814875], [-112.04336150382908, 33.452674403814875], [-112.04336150382908, 33.45268939384677], [-112.04325370599499, 33.45268939384677], [-112.04325370599499, 33.45269688886173], [-112.04336150382908, 33.45269688886173], [-112.04336150382908, 33.45270438387607], [-112.04337048698193, 33.45270438387607]]}, "properties": {"confidence": "high"}}, {"type": "Feature", "geometry": {"type": "LineString", "coordinates": [[-112.0365612571283, 33.45274935394841], [-112.0365612571283, 33.45266690879796], [-112.03655227397546, 33.45266690879796], [-112.03655227397546, 33.45274935394841], [-112.0365612571283, 33.45274935394841]]}, "properties": {"confidence": "high"}}, {"type": "Feature", "geometry": {"type": "LineString", "coordinates": [[-112.0362109141675, 33.45272686891515], [-112.0362109141675, 33.452659413780395], [-112.03620193101466, 33.452659413780395], [-112.03620193101466, 33.45272686891515], [-112.0362109141675, 33.45272686891515]]}, "properties": {"confidence": "high"}}, {"type": "Feature", "geometry": {"type": "LineString", "coordinates": [[-112.03621989732034, 33.452659413780395], [-112.03621989732034, 33.45264442374332], [-112.0362109141675, 33.45264442374332], [-112.0362109141675, 33.452659413780395], [-112.03621989732034, 33.452659413780395]]}, "properties": {"confidence": "high"}}, {"type": "Feature", "geometry": {"type": "LineString", "coordinates": [[-112.0359953184993, 33.452809314008604], [-112.0359953184993, 33.45262943370366], [-112.03598633534646, 33.45262943370366], [-112.03598633534646, 33.452809314008604], [-112.0359953184993, 33.452809314008604]]}, "properties": {"confidence": "high"}}, {"type": "Feature", "geometry": {"type": "LineString", "coordinates": [[-112.03898670839543, 33.452996688929495], [-112.03898670839543, 33.45294422399245], [-112.03905857361816, 33.45294422399245], [-112.03905857361816, 33.45293672899886], [-112.03899569154827, 33.45293672899886], [-112.03899569154827, 33.4526144436614], [-112.03898670839543, 33.4526144436614], [-112.03898670839543, 33.45293672899886], [-112.03882501164428, 33.45293672899886], [-112.03882501164428, 33.45294422399245], [-112.03897772524257, 33.45294422399245], [-112.03897772524257, 33.452996688929495], [-112.03898670839543, 33.452996688929495]]}, "properties": {"confidence": "high"}}, {"type": "Feature", "geometry": {"type": "LineString", "coordinates": [[-112.03657024028114, 33.45266690879796], [-112.03657024028114, 33.45260694863931], [-112.0365612571283, 33.45260694863931], [-112.0365612571283, 33.45266690879796], [-112.03657024028114, 33.45266690879796]]}, "properties": {"confidence": "high"}}, {"type": "Feature", "geometry": {"type": "LineString", "coordinates": [[-112.0362109141675, 33.45264442374332], [-112.0362109141675, 33.45259195859317], [-112.03620193101466, 33.45259195859317], [-112.03620193101466, 33.45264442374332], [-112.0362109141675, 33.45264442374332]]}, "properties": {"confidence": "high"}}, {"type": "Feature", "geometry": {"type": "LineString", "coordinates": [[-112.03708227999309, 33.452734363926886], [-112.03708227999309, 33.452576968544435], [-112.03707329684025, 33.452576968544435], [-112.03707329684025, 33.452734363926886], [-112.03708227999309, 33.452734363926886]]}, "properties": {"confidence": "high"}}, {"type": "Feature", "geometry": {"type": "LineString", "coordinates": [[-112.03657922343398, 33.45260694863931], [-112.03657922343398, 33.45247203813076], [-112.03657024028114, 33.45247203813076], [-112.03657024028114, 33.45260694863931], [-112.03657922343398, 33.45260694863931]]}, "properties": {"confidence": "high"}}, {"type": "Feature", "geometry": {"type": "LineString", "coordinates": [[-112.03898670839543, 33.4526144436614], [-112.03898670839543, 33.45246454309635], [-112.03897772524257, 33.45246454309635], [-112.03897772524257, 33.4526144436614], [-112.03898670839543, 33.4526144436614]]}, "properties": {"confidence": "high"}}, {"type": "Feature", "geometry": {"type": "LineString", "coordinates": [[-112.03621989732034, 33.45259195859317], [-112.03621989732034, 33.45245704806129], [-112.0362109141675, 33.45245704806129], [-112.0362109141675, 33.45259195859317], [-112.03621989732034, 33.45259195859317]]}, "properties": {"confidence": "high"}}, {"type": "Feature", "geometry": {"type": "LineString", "coordinates": [[-112.03600430165214, 33.45262943370366], [-112.03600430165214, 33.45243456295225], [-112.0359953184993, 33.45243456295225], [-112.0359953184993, 33.45262943370366], [-112.03600430165214, 33.45262943370366]]}, "properties": {"confidence": "high"}}, {"type": "Feature", "geometry": {"type": "LineString", "coordinates": [[-112.03754042078799, 33.45318406344551], [-112.03754042078799, 33.4524195728763], [-112.03753143763515, 33.4524195728763], [-112.03753143763515, 33.45318406344551], [-112.03754042078799, 33.45318406344551]]}, "properties": {"confidence": "high"}}, {"type": "Feature", "geometry": {"type": "LineString", "coordinates": [[-112.03658820658681, 33.45247203813076], [-112.03658820658681, 33.4524195728763], [-112.03657922343398, 33.4524195728763], [-112.03657922343398, 33.45247203813076], [-112.03658820658681, 33.45247203813076]]}, "properties": {"confidence": "high"}}, {"type": "Feature", "geometry": {"type": "LineString", "coordinates": [[-112.03899569154827, 33.45246454309635], [-112.03899569154827, 33.4524195728763], [-112.03898670839543, 33.4524195728763], [-112.03898670839543, 33.45246454309635], [-112.03899569154827, 33.45246454309635]]}, "properties": {"confidence": "high"}}, {"type": "Feature", "geometry": {"type": "LineString", "coordinates": [[-112.04337947013477, 33.452674403814875], [-112.04337947013477, 33.452389592716656], [-112.04337048698193, 33.452389592716656], [-112.04337048698193, 33.452674403814875], [-112.04337947013477, 33.452674403814875]]}, "properties": {"confidence": "high"}}, {"type": "Feature", "geometry": {"type": "LineString", "coordinates": [[-112.03753143763515, 33.4524195728763], [-112.03753143763515, 33.45237460263295], [-112.03752245448231, 33.45237460263295], [-112.03752245448231, 33.4524195728763], [-112.03753143763515, 33.4524195728763]]}, "properties": {"confidence": "high"}}, {"type": "Feature", "geometry": {"type": "LineString", "coordinates": [[-112.03659718973967, 33.4524195728763], [-112.03659718973967, 33.45236710759012], [-112.03658820658681, 33.45236710759012], [-112.03658820658681, 33.4524195728763], [-112.03659718973967, 33.4524195728763]]}, "properties": {"confidence": "high"}}, {"type": "Feature", "geometry": {"type": "LineString", "coordinates": [[-112.03622888047317, 33.45245704806129], [-112.03622888047317, 33.45235211750252], [-112.03621989732034, 33.45235211750252], [-112.03621989732034, 33.45245704806129], [-112.03622888047317, 33.45245704806129]]}, "properties": {"confidence": "high"}}, {"type": "Feature", "geometry": {"type": "LineString", "coordinates": [[-112.0366061728925, 33.45236710759012], [-112.0366061728925, 33.452307147224175], [-112.03659718973967, 33.452307147224175], [-112.03659718973967, 33.45236710759012], [-112.0366061728925, 33.45236710759012]]}, "properties": {"confidence": "high"}}, {"type": "Feature", "geometry": {"type": "LineString", "coordinates": [[-112.03623786362603, 33.45235211750252], [-112.03623786362603, 33.45229965217552], [-112.03622888047317, 33.45229965217552], [-112.03622888047317, 33.45235211750252], [-112.03623786362603, 33.45235211750252]]}, "properties": {"confidence": "high"}}, {"type": "Feature", "geometry": {"type": "LineString", "coordinates": [[-112.04337048698193, 33.452389592716656], [-112.04337048698193, 33.45229215712621], [-112.04336150382908, 33.45229215712621], [-112.04336150382908, 33.452389592716656], [-112.04337048698193, 33.452389592716656]]}, "properties": {"confidence": "high"}}, {"type": "Feature", "geometry": {"type": "LineString", "coordinates": [[-112.03754042078799, 33.45237460263295], [-112.03754042078799, 33.45226217692252], [-112.03753143763515, 33.45226217692252], [-112.03753143763515, 33.45237460263295], [-112.03754042078799, 33.45237460263295]]}, "properties": {"confidence": "high"}}, {"type": "Feature", "geometry": {"type": "LineString", "coordinates": [[-112.03624684677887, 33.45229965217552], [-112.03624684677887, 33.452254681869974], [-112.03623786362603, 33.452254681869974], [-112.03623786362603, 33.45229965217552], [-112.03624684677887, 33.45229965217552]]}, "properties": {"confidence": "high"}}, {"type": "Feature", "geometry": {"type": "LineString", "coordinates": [[-112.03661515604534, 33.452307147224175], [-112.03661515604534, 33.45223969176294], [-112.0366061728925, 33.45223969176294], [-112.0366061728925, 33.452307147224175], [-112.03661515604534, 33.452307147224175]]}, "properties": {"confidence": "high"}}, {"type": "Feature", "geometry": {"type": "LineString", "coordinates": [[-112.03753143763515, 33.45226217692252], [-112.03753143763515, 33.45223219670845], [-112.03752245448231, 33.45223219670845], [-112.03752245448231, 33.45226217692252], [-112.03753143763515, 33.45226217692252]]}, "properties": {"confidence": "high"}}, {"type": "Feature", "geometry": {"type": "LineString", "coordinates": [[-112.03709126314592, 33.452576968544435], [-112.03709126314592, 33.45220221648402], [-112.03708227999309, 33.45220221648402], [-112.03708227999309, 33.452576968544435], [-112.03709126314592, 33.452576968544435]]}, "properties": {"confidence": "high"}}, {"type": "Feature", "geometry": {"type": "LineString", "coordinates": [[-112.03752245448231, 33.45223219670845], [-112.03752245448231, 33.45220221648402], [-112.03751347132946, 33.45220221648402], [-112.03751347132946, 33.45223219670845], [-112.03752245448231, 33.45223219670845]]}, "properties": {"confidence": "high"}}, {"type": "Feature", "geometry": {"type": "LineString", "coordinates": [[-112.03751347132946, 33.45220221648402], [-112.03751347132946, 33.452194721426295], [-112.03750448817662, 33.452194721426295], [-112.03750448817662, 33.45220221648402], [-112.03751347132946, 33.45220221648402]]}, "properties": {"confidence": "high"}}, {"type": "Feature", "geometry": {"type": "LineString", "coordinates": [[-112.03750448817662, 33.452194721426295], [-112.03750448817662, 33.452157246127946], [-112.03749550502378, 33.452157246127946], [-112.03749550502378, 33.452194721426295], [-112.03750448817662, 33.452194721426295]]}, "properties": {"confidence": "high"}}, {"type": "Feature", "geometry": {"type": "LineString", "coordinates": [[-112.0362558299317, 33.452254681869974], [-112.0362558299317, 33.45214975106633], [-112.03624684677887, 33.45214975106633], [-112.03624684677887, 33.452254681869974], [-112.0362558299317, 33.452254681869974]]}, "properties": {"confidence": "high"}}, {"type": "Feature", "geometry": {"type": "LineString", "coordinates": [[-112.03662413919818, 33.45223969176294], [-112.03662413919818, 33.45214975106633], [-112.03661515604534, 33.45214975106633], [-112.03661515604534, 33.45223969176294], [-112.03662413919818, 33.45223969176294]]}, "properties": {"confidence": "high"}}, {"type": "Feature", "geometry": {"type": "LineString", "coordinates": [[-112.03898670839543, 33.4524195728763], [-112.03898670839543, 33.45210478068305], [-112.03897772524257, 33.45210478068305], [-112.03897772524257, 33.4524195728763], [-112.03898670839543, 33.4524195728763]]}, "properties": {"confidence": "high"}}, {"type": "Feature", "geometry": {"type": "LineString", "coordinates": [[-112.03749550502378, 33.452157246127946], [-112.03749550502378, 33.45210478068305], [-112.03748652187095, 33.45210478068305], [-112.03748652187095, 33.452157246127946], [-112.03749550502378, 33.452157246127946]]}, "properties": {"confidence": "high"}}, {"type": "Feature", "geometry": {"type": "LineString", "coordinates": [[-112.03663312235102, 33.45214975106633], [-112.03663312235102, 33.45210478068305], [-112.03662413919818, 33.45210478068305], [-112.03662413919818, 33.45214975106633], [-112.03663312235102, 33.45214975106633]]}, "properties": {"confidence": "high"}}, {"type": "Feature", "geometry": {"type": "LineString", "coordinates": [[-112.03626481308454, 33.45214975106633], [-112.03626481308454, 33.45209728561691], [-112.0362558299317, 33.45209728561691], [-112.0362558299317, 33.45214975106633], [-112.03626481308454, 33.45214975106633]]}, "properties": {"confidence": "high"}}, {"type": "Feature", "geometry": {"type": "LineString", "coordinates": [[-112.03627379623738, 33.45209728561691], [-112.03627379623738, 33.45206730534583], [-112.03626481308454, 33.45206730534583], [-112.03626481308454, 33.45209728561691], [-112.03627379623738, 33.45209728561691]]}, "properties": {"confidence": "high"}}, {"type": "Feature", "geometry": {"type": "LineString", "coordinates": [[-112.03628277939022, 33.45206730534583], [-112.03628277939022, 33.452052315206416], [-112.03627379623738, 33.452052315206416], [-112.03627379623738, 33.45206730534583], [-112.03628277939022, 33.45206730534583]]}, "properties": {"confidence": "high"}}, {"type": "Feature", "geometry": {"type": "LineString", "coordinates": [[-112.03664210550387, 33.45210478068305], [-112.03664210550387, 33.45204482013573], [-112.03663312235102, 33.45204482013573], [-112.03663312235102, 33.45210478068305], [-112.03664210550387, 33.45210478068305]]}, "properties": {"confidence": "high"}}, {"type": "Feature", "geometry": {"type": "LineString", "coordinates": [[-112.03629176254307, 33.452052315206416], [-112.03629176254307, 33.452029829992426], [-112.03628277939022, 33.452029829992426], [-112.03628277939022, 33.452052315206416], [-112.03629176254307, 33.452052315206416]]}, "properties": {"confidence": "high"}}, {"type": "Feature", "geometry": {"type": "LineString", "coordinates": [[-112.03630074569591, 33.452029829992426], [-112.03630074569591, 33.45199984969804], [-112.03629176254307, 33.45199984969804], [-112.03629176254307, 33.452029829992426], [-112.03630074569591, 33.452029829992426]]}, "properties": {"confidence": "high"}}, {"type": "Feature", "geometry": {"type": "LineString", "coordinates": [[-112.03748652187095, 33.45210478068305], [-112.03748652187095, 33.451992354622824], [-112.03749550502378, 33.451992354622824], [-112.03749550502378, 33.45198485954696], [-112.03747753871811, 33.45198485954696], [-112.03747753871811, 33.45210478068305], [-112.03748652187095, 33.45210478068305]]}, "properties": {"confidence": "high"}}, {"type": "Feature", "geometry": {"type": "LineString", "coordinates": [[-112.03750448817662, 33.45198485954696], [-112.03750448817662, 33.451977364470444], [-112.03749550502378, 33.451977364470444], [-112.03749550502378, 33.45198485954696], [-112.03750448817662, 33.45198485954696]]}, "properties": {"confidence": "high"}}, {"type": "Feature", "geometry": {"type": "LineString", "coordinates": [[-112.03747753871811, 33.45198485954696], [-112.03747753871811, 33.451977364470444], [-112.03746855556527, 33.451977364470444], [-112.03746855556527, 33.45198485954696], [-112.03747753871811, 33.45198485954696]]}, "properties": {"confidence": "high"}}, {"type": "Feature", "geometry": {"type": "LineString", "coordinates": [[-112.03751347132946, 33.451977364470444], [-112.03751347132946, 33.45196986939329], [-112.03750448817662, 33.45196986939329], [-112.03750448817662, 33.451977364470444], [-112.03751347132946, 33.451977364470444]]}, "properties": {"confidence": "high"}}, {"type": "Feature", "geometry": {"type": "LineString", "coordinates": [[-112.03746855556527, 33.451977364470444], [-112.03746855556527, 33.45196986939329], [-112.03745058925958, 33.45196986939329], [-112.03745058925958, 33.451977364470444], [-112.03746855556527, 33.451977364470444]]}, "properties": {"confidence": "high"}}, {"type": "Feature", "geometry": {"type": "LineString", "coordinates": [[-112.04337947013477, 33.45229215712621], [-112.04337947013477, 33.451962374315485], [-112.04337048698193, 33.451962374315485], [-112.04337048698193, 33.45229215712621], [-112.04337947013477, 33.45229215712621]]}, "properties": {"confidence": "high"}}, {"type": "Feature", "geometry": {"type": "LineString", "coordinates": [[-112.03665108865671, 33.45204482013573], [-112.03665108865671, 33.451962374315485], [-112.03664210550387, 33.451962374315485], [-112.03664210550387, 33.45204482013573], [-112.03665108865671, 33.45204482013573]]}, "properties": {"confidence": "high"}}, {"type": "Feature", "geometry": {"type": "LineString", "coordinates": [[-112.03752245448231, 33.45196986939329], [-112.03752245448231, 33.451962374315485], [-112.03751347132946, 33.451962374315485], [-112.03751347132946, 33.45196986939329], [-112.03752245448231, 33.45196986939329]]}, "properties": {"confidence": "high"}}, {"type": "Feature", "geometry": {"type": "LineString", "coordinates": [[-112.03745058925958, 33.45196986939329], [-112.03745058925958, 33.451962374315485], [-112.0374326229539, 33.451962374315485], [-112.0374326229539, 33.45196986939329], [-112.03745058925958, 33.45196986939329]]}, "properties": {"confidence": "high"}}, {"type": "Feature", "geometry": {"type": "LineString", "coordinates": [[-112.03630972884875, 33.45199984969804], [-112.03630972884875, 33.45195487923702], [-112.03630074569591, 33.45195487923702], [-112.03630074569591, 33.45199984969804], [-112.03630972884875, 33.45199984969804]]}, "properties": {"confidence": "high"}}, {"type": "Feature", "geometry": {"type": "LineString", "coordinates": [[-112.03753143763515, 33.451962374315485], [-112.03753143763515, 33.45195487923702], [-112.03752245448231, 33.45195487923702], [-112.03752245448231, 33.451962374315485], [-112.03753143763515, 33.451962374315485]]}, "properties": {"confidence": "high"}}, {"type": "Feature", "geometry": {"type": "LineString", "coordinates": [[-112.0374326229539, 33.451962374315485], [-112.0374326229539, 33.45195487923702], [-112.03741465664821, 33.45195487923702], [-112.03741465664821, 33.451962374315485], [-112.0374326229539, 33.451962374315485]]}, "properties": {"confidence": "high"}}, {"type": "Feature", "geometry": {"type": "LineString", "coordinates": [[-112.03741465664821, 33.45195487923702], [-112.03741465664821, 33.451947384157926], [-112.03739669034253, 33.451947384157926], [-112.03739669034253, 33.45195487923702], [-112.03741465664821, 33.45195487923702]]}, "properties": {"confidence": "high"}}, {"type": "Feature", "geometry": {"type": "LineString", "coordinates": [[-112.03754042078799, 33.45195487923702], [-112.03754042078799, 33.451939889078176], [-112.03753143763515, 33.451939889078176], [-112.03753143763515, 33.45195487923702], [-112.03754042078799, 33.45195487923702]]}, "properties": {"confidence": "high"}}, {"type": "Feature", "geometry": {"type": "LineString", "coordinates": [[-112.03739669034253, 33.451947384157926], [-112.03739669034253, 33.451939889078176], [-112.03737872403686, 33.451939889078176], [-112.03737872403686, 33.451947384157926], [-112.03739669034253, 33.451947384157926]]}, "properties": {"confidence": "high"}}, {"type": "Feature", "geometry": {"type": "LineString", "coordinates": [[-112.03899569154827, 33.45210478068305], [-112.03899569154827, 33.45193239399777], [-112.03898670839543, 33.45193239399777], [-112.03898670839543, 33.45210478068305], [-112.03899569154827, 33.45210478068305]]}, "properties": {"confidence": "high"}}, {"type": "Feature", "geometry": {"type": "LineString", "coordinates": [[-112.03737872403686, 33.451939889078176], [-112.03737872403686, 33.45193239399777], [-112.03736075773116, 33.45193239399777], [-112.03736075773116, 33.451939889078176], [-112.03737872403686, 33.451939889078176]]}, "properties": {"confidence": "high"}}, {"type": "Feature", "geometry": {"type": "LineString", "coordinates": [[-112.03708227999309, 33.45220221648402], [-112.03708227999309, 33.45192489891673], [-112.03707329684025, 33.45192489891673], [-112.03707329684025, 33.45220221648402], [-112.03708227999309, 33.45220221648402]]}, "properties": {"confidence": "high"}}, {"type": "Feature", "geometry": {"type": "LineString", "coordinates": [[-112.03631871200159, 33.45195487923702], [-112.03631871200159, 33.45192489891673], [-112.03630972884875, 33.45192489891673], [-112.03630972884875, 33.45195487923702], [-112.03631871200159, 33.45195487923702]]}, "properties": {"confidence": "high"}}, {"type": "Feature", "geometry": {"type": "LineString", "coordinates": [[-112.03736075773116, 33.45193239399777], [-112.03736075773116, 33.45192489891673], [-112.03732482511981, 33.45192489891673], [-112.03732482511981, 33.45193239399777], [-112.03736075773116, 33.45193239399777]]}, "properties": {"confidence": "high"}}, {"type": "Feature", "geometry": {"type": "LineString", "coordinates": [[-112.03732482511981, 33.45192489891673], [-112.03732482511981, 33.45191740383504], [-112.0372799093556, 33.45191740383504], [-112.0372799093556, 33.45192489891673], [-112.03732482511981, 33.45192489891673]]}, "properties": {"confidence": "high"}}, {"type": "Feature", "geometry": {"type": "LineString", "coordinates": [[-112.0372799093556, 33.45191740383504], [-112.0372799093556, 33.45190990875269], [-112.03726194304991, 33.45190990875269], [-112.03726194304991, 33.45191740383504], [-112.0372799093556, 33.45191740383504]]}, "properties": {"confidence": "high"}}, {"type": "Feature", "geometry": {"type": "LineString", "coordinates": [[-112.03709126314592, 33.45192489891673], [-112.03709126314592, 33.45190241366971], [-112.03708227999309, 33.45190241366971], [-112.03708227999309, 33.45192489891673], [-112.03709126314592, 33.45192489891673]]}, "properties": {"confidence": "high"}}, {"type": "Feature", "geometry": {"type": "LineString", "coordinates": [[-112.03726194304991, 33.45190990875269], [-112.03726194304991, 33.45190241366971], [-112.03725295989706, 33.45190241366971], [-112.03725295989706, 33.45190990875269], [-112.03726194304991, 33.45190990875269]]}, "properties": {"confidence": "high"}}, {"type": "Feature", "geometry": {"type": "LineString", "coordinates": [[-112.03725295989706, 33.45190241366971], [-112.03725295989706, 33.45189491858607], [-112.03724397674422, 33.45189491858607], [-112.03724397674422, 33.45190241366971], [-112.03725295989706, 33.45190241366971]]}, "properties": {"confidence": "high"}}, {"type": "Feature", "geometry": {"type": "LineString", "coordinates": [[-112.03710024629876, 33.45190241366971], [-112.03710024629876, 33.45189491858607], [-112.03709126314592, 33.45189491858607], [-112.03709126314592, 33.45190241366971], [-112.03710024629876, 33.45190241366971]]}, "properties": {"confidence": "high"}}, {"type": "Feature", "geometry": {"type": "LineString", "coordinates": [[-112.03724397674422, 33.45189491858607], [-112.03724397674422, 33.45188742350178], [-112.03722601043854, 33.45188742350178], [-112.03722601043854, 33.45189491858607], [-112.03724397674422, 33.45189491858607]]}, "properties": {"confidence": "high"}}, {"type": "Feature", "geometry": {"type": "LineString", "coordinates": [[-112.03710922945162, 33.45189491858607], [-112.03710922945162, 33.45188742350178], [-112.03710024629876, 33.45188742350178], [-112.03710024629876, 33.45189491858607], [-112.03710922945162, 33.45189491858607]]}, "properties": {"confidence": "high"}}, {"type": "Feature", "geometry": {"type": "LineString", "coordinates": [[-112.03722601043854, 33.45188742350178], [-112.03722601043854, 33.45187992841685], [-112.0372170272857, 33.45187992841685], [-112.0372170272857, 33.45188742350178], [-112.03722601043854, 33.45188742350178]]}, "properties": {"confidence": "high"}}, {"type": "Feature", "geometry": {"type": "LineString", "coordinates": [[-112.03711821260445, 33.45188742350178], [-112.03711821260445, 33.45187992841685], [-112.03710922945162, 33.45187992841685], [-112.03710922945162, 33.45188742350178], [-112.03711821260445, 33.45188742350178]]}, "properties": {"confidence": "high"}}, {"type": "Feature", "geometry": {"type": "LineString", "coordinates": [[-112.03666007180955, 33.451962374315485], [-112.03666007180955, 33.45187243333127], [-112.03665108865671, 33.45187243333127], [-112.03665108865671, 33.451962374315485], [-112.03666007180955, 33.451962374315485]]}, "properties": {"confidence": "high"}}, {"type": "Feature", "geometry": {"type": "LineString", "coordinates": [[-112.03632769515443, 33.45192489891673], [-112.03632769515443, 33.45187243333127], [-112.03631871200159, 33.45187243333127], [-112.03631871200159, 33.45192489891673], [-112.03632769515443, 33.45192489891673]]}, "properties": {"confidence": "high"}}, {"type": "Feature", "geometry": {"type": "LineString", "coordinates": [[-112.0372170272857, 33.45187992841685], [-112.0372170272857, 33.45187243333127], [-112.03720804413287, 33.45187243333127], [-112.03720804413287, 33.45187992841685], [-112.0372170272857, 33.45187992841685]]}, "properties": {"confidence": "high"}}, {"type": "Feature", "geometry": {"type": "LineString", "coordinates": [[-112.0371271957573, 33.45187992841685], [-112.0371271957573, 33.45187243333127], [-112.03711821260445, 33.45187243333127], [-112.03711821260445, 33.45187992841685], [-112.0371271957573, 33.45187992841685]]}, "properties": {"confidence": "high"}}, {"type": "Feature", "geometry": {"type": "LineString", "coordinates": [[-112.03720804413287, 33.45187243333127], [-112.03720804413287, 33.45186493824504], [-112.03719906098002, 33.45186493824504], [-112.03719906098002, 33.45187243333127], [-112.03720804413287, 33.45187243333127]]}, "properties": {"confidence": "high"}}, {"type": "Feature", "geometry": {"type": "LineString", "coordinates": [[-112.03713617891013, 33.45187243333127], [-112.03713617891013, 33.45186493824504], [-112.0371271957573, 33.45186493824504], [-112.0371271957573, 33.45187243333127], [-112.03713617891013, 33.45187243333127]]}, "properties": {"confidence": "high"}}, {"type": "Feature", "geometry": {"type": "LineString", "coordinates": [[-112.03719906098002, 33.45186493824504], [-112.03719906098002, 33.45185744315816], [-112.03719007782718, 33.45185744315816], [-112.03719007782718, 33.45186493824504], [-112.03719906098002, 33.45186493824504]]}, "properties": {"confidence": "high"}}, {"type": "Feature", "geometry": {"type": "LineString", "coordinates": [[-112.03714516206297, 33.45186493824504], [-112.03714516206297, 33.45185744315816], [-112.03713617891013, 33.45185744315816], [-112.03713617891013, 33.45186493824504], [-112.03714516206297, 33.45186493824504]]}, "properties": {"confidence": "high"}}, {"type": "Feature", "geometry": {"type": "LineString", "coordinates": [[-112.03719007782718, 33.45185744315816], [-112.03719007782718, 33.45184994807064], [-112.03718109467434, 33.45184994807064], [-112.03718109467434, 33.45185744315816], [-112.03719007782718, 33.45185744315816]]}, "properties": {"confidence": "high"}}, {"type": "Feature", "geometry": {"type": "LineString", "coordinates": [[-112.03715414521581, 33.45185744315816], [-112.03715414521581, 33.45184994807064], [-112.03714516206297, 33.45184994807064], [-112.03714516206297, 33.45185744315816], [-112.03715414521581, 33.45185744315816]]}, "properties": {"confidence": "high"}}, {"type": "Feature", "geometry": {"type": "LineString", "coordinates": [[-112.03718109467434, 33.45184994807064], [-112.03718109467434, 33.45184245298247], [-112.0371721115215, 33.45184245298247], [-112.0371721115215, 33.45184994807064], [-112.03718109467434, 33.45184994807064]]}, "properties": {"confidence": "high"}}, {"type": "Feature", "geometry": {"type": "LineString", "coordinates": [[-112.03716312836866, 33.45184994807064], [-112.03716312836866, 33.45184245298247], [-112.03715414521581, 33.45184245298247], [-112.03715414521581, 33.45184994807064], [-112.03716312836866, 33.45184994807064]]}, "properties": {"confidence": "high"}}, {"type": "Feature", "geometry": {"type": "LineString", "coordinates": [[-112.03633667830726, 33.45187243333127], [-112.03633667830726, 33.451827462804175], [-112.03632769515443, 33.451827462804175], [-112.03632769515443, 33.45187243333127], [-112.03633667830726, 33.45187243333127]]}, "properties": {"confidence": "high"}}, {"type": "Feature", "geometry": {"type": "LineString", "coordinates": [[-112.03666905496239, 33.45187243333127], [-112.03666905496239, 33.45178998734713], [-112.03666007180955, 33.45178998734713], [-112.03666007180955, 33.45187243333127], [-112.03666905496239, 33.45187243333127]]}, "properties": {"confidence": "high"}}, {"type": "Feature", "geometry": {"type": "LineString", "coordinates": [[-112.03667803811523, 33.45178998734713], [-112.03667803811523, 33.45172253148362], [-112.03666905496239, 33.45172253148362], [-112.03666905496239, 33.45178998734713], [-112.03667803811523, 33.45178998734713]]}, "properties": {"confidence": "high"}}, {"type": "Feature", "geometry": {"type": "LineString", "coordinates": [[-112.03754940394083, 33.451939889078176], [-112.03754940394083, 33.45170004618413], [-112.03754042078799, 33.45170004618413], [-112.03754042078799, 33.451939889078176], [-112.03754940394083, 33.451939889078176]]}, "properties": {"confidence": "high"}}, {"type": "Feature", "geometry": {"type": "LineString", "coordinates": [[-112.03634566146012, 33.451827462804175], [-112.03634566146012, 33.45168505598122], [-112.03633667830726, 33.45168505598122], [-112.03633667830726, 33.451827462804175], [-112.03634566146012, 33.451827462804175]]}, "properties": {"confidence": "high"}}, {"type": "Feature", "geometry": {"type": "LineString", "coordinates": [[-112.03668702126807, 33.45172253148362], [-112.03668702126807, 33.45167006577574], [-112.03667803811523, 33.45167006577574], [-112.03667803811523, 33.45172253148362], [-112.03668702126807, 33.45172253148362]]}, "properties": {"confidence": "high"}}, {"type": "Feature", "geometry": {"type": "LineString", "coordinates": [[-112.03755838709367, 33.45170004618413], [-112.03755838709367, 33.451647580462634], [-112.03754940394083, 33.451647580462634], [-112.03754940394083, 33.45170004618413], [-112.03755838709367, 33.45170004618413]]}, "properties": {"confidence": "high"}}, {"type": "Feature", "geometry": {"type": "LineString", "coordinates": [[-112.0371721115215, 33.45184245298247], [-112.0371721115215, 33.45165507556765], [-112.03736974088402, 33.45165507556765], [-112.03736974088402, 33.451647580462634], [-112.03716312836866, 33.451647580462634], [-112.03716312836866, 33.45184245298247], [-112.0371721115215, 33.45184245298247]]}, "properties": {"confidence": "high"}}, {"type": "Feature", "geometry": {"type": "LineString", "coordinates": [[-112.0359953184993, 33.45243456295225], [-112.0359953184993, 33.45164008535698], [-112.03598633534646, 33.45164008535698], [-112.03598633534646, 33.45243456295225], [-112.0359953184993, 33.45243456295225]]}, "properties": {"confidence": "high"}}, {"type": "Feature", "geometry": {"type": "LineString", "coordinates": [[-112.03635464461296, 33.45168505598122], [-112.03635464461296, 33.45162509514371], [-112.03634566146012, 33.45162509514371], [-112.03634566146012, 33.45168505598122], [-112.03635464461296, 33.45168505598122]]}, "properties": {"confidence": "high"}}, {"type": "Feature", "geometry": {"type": "LineString", "coordinates": [[-112.03669600442092, 33.45167006577574], [-112.03669600442092, 33.45161010492785], [-112.03668702126807, 33.45161010492785], [-112.03668702126807, 33.45167006577574], [-112.03669600442092, 33.45167006577574]]}, "properties": {"confidence": "high"}}, {"type": "Feature", "geometry": {"type": "LineString", "coordinates": [[-112.0363636277658, 33.45162509514371], [-112.0363636277658, 33.45158012448836], [-112.03635464461296, 33.45158012448836], [-112.03635464461296, 33.45162509514371], [-112.0363636277658, 33.45162509514371]]}, "properties": {"confidence": "high"}}, {"type": "Feature", "geometry": {"type": "LineString", "coordinates": [[-112.03670498757376, 33.45161010492785], [-112.03670498757376, 33.45155763915194], [-112.03669600442092, 33.45155763915194], [-112.03669600442092, 33.45161010492785], [-112.03670498757376, 33.45161010492785]]}, "properties": {"confidence": "high"}}, {"type": "Feature", "geometry": {"type": "LineString", "coordinates": [[-112.03600430165214, 33.45164008535698], [-112.03600430165214, 33.45154264892442], [-112.0359953184993, 33.45154264892442], [-112.0359953184993, 33.45164008535698], [-112.03600430165214, 33.45164008535698]]}, "properties": {"confidence": "high"}}, {"type": "Feature", "geometry": {"type": "LineString", "coordinates": [[-112.03754940394083, 33.451647580462634], [-112.03754940394083, 33.45148268798845], [-112.03754042078799, 33.45148268798845], [-112.03754042078799, 33.45164008535698], [-112.03736974088402, 33.45164008535698], [-112.03736974088402, 33.451647580462634], [-112.03754940394083, 33.451647580462634]]}, "properties": {"confidence": "high"}}, {"type": "Feature", "geometry": {"type": "LineString", "coordinates": [[-112.03637261091863, 33.45158012448836], [-112.03637261091863, 33.45143022213546], [-112.0363636277658, 33.45143022213546], [-112.0363636277658, 33.45158012448836], [-112.03637261091863, 33.45158012448836]]}, "properties": {"confidence": "high"}}, {"type": "Feature", "geometry": {"type": "LineString", "coordinates": [[-112.04333455437056, 33.45143022213546], [-112.04333455437056, 33.451422727011014], [-112.04313692500806, 33.451422727011014], [-112.04313692500806, 33.45143022213546], [-112.04333455437056, 33.45143022213546]]}, "properties": {"confidence": "high"}}, {"type": "Feature", "geometry": {"type": "LineString", "coordinates": [[-112.0419691151387, 33.45143022213546], [-112.0419691151387, 33.451422727011014], [-112.04171758685914, 33.451422727011014], [-112.04171758685914, 33.45143022213546], [-112.0419691151387, 33.45143022213546]]}, "properties": {"confidence": "high"}}, {"type": "Feature", "geometry": {"type": "LineString", "coordinates": [[-112.04116961453583, 33.45143022213546], [-112.04116961453583, 33.451422727011014], [-112.04107978300742, 33.451422727011014], [-112.04107978300742, 33.45143022213546], [-112.04116961453583, 33.45143022213546]]}, "properties": {"confidence": "high"}}, {"type": "Feature", "geometry": {"type": "LineString", "coordinates": [[-112.0363636277658, 33.45143022213546], [-112.0363636277658, 33.451415231885925], [-112.03635464461296, 33.451415231885925], [-112.03635464461296, 33.45143022213546], [-112.0363636277658, 33.45143022213546]]}, "properties": {"confidence": "high"}}, {"type": "Feature", "geometry": {"type": "LineString", "coordinates": [[-112.04313692500806, 33.451422727011014], [-112.04313692500806, 33.451415231885925], [-112.0419691151387, 33.451415231885925], [-112.0419691151387, 33.451422727011014], [-112.04313692500806, 33.451422727011014]]}, "properties": {"confidence": "high"}}, {"type": "Feature", "geometry": {"type": "LineString", "coordinates": [[-112.04107978300742, 33.451422727011014], [-112.04107978300742, 33.451415231885925], [-112.03898670839543, 33.451415231885925], [-112.03898670839543, 33.451422727011014], [-112.04107978300742, 33.451422727011014]]}, "properties": {"confidence": "high"}}, {"type": "Feature", "geometry": {"type": "LineString", "coordinates": [[-112.03895077578406, 33.451422727011014], [-112.03895077578406, 33.451415231885925], [-112.03827703932096, 33.451415231885925], [-112.03827703932096, 33.451422727011014], [-112.03895077578406, 33.451422727011014]]}, "properties": {"confidence": "high"}}, {"type": "Feature", "geometry": {"type": "LineString", "coordinates": [[-112.03671397072661, 33.45155763915194], [-112.03671397072661, 33.451422727011014], [-112.03672295387945, 33.451422727011014], [-112.03672295387945, 33.451415231885925], [-112.03670498757376, 33.451415231885925], [-112.03670498757376, 33.45155763915194], [-112.03671397072661, 33.45155763915194]]}, "properties": {"confidence": "high"}}, {"type": "Feature", "geometry": {"type": "LineString", "coordinates": [[-112.03827703932096, 33.451415231885925], [-112.03827703932096, 33.451407736760174], [-112.03761228601071, 33.451407736760174], [-112.03761228601071, 33.451415231885925], [-112.03827703932096, 33.451415231885925]]}, "properties": {"confidence": "high"}}, {"type": "Feature", "geometry": {"type": "LineString", "coordinates": [[-112.03670498757376, 33.451415231885925], [-112.03670498757376, 33.451407736760174], [-112.03666905496239, 33.451407736760174], [-112.03666905496239, 33.451415231885925], [-112.03670498757376, 33.451415231885925]]}, "properties": {"confidence": "high"}}, {"type": "Feature", "geometry": {"type": "LineString", "coordinates": [[-112.03635464461296, 33.451415231885925], [-112.03635464461296, 33.451407736760174], [-112.03626481308454, 33.451407736760174], [-112.03626481308454, 33.451415231885925], [-112.03635464461296, 33.451415231885925]]}, "properties": {"confidence": "high"}}, {"type": "Feature", "geometry": {"type": "LineString", "coordinates": [[-112.0359953184993, 33.45154264892442], [-112.0359953184993, 33.451415231885925], [-112.03600430165214, 33.451415231885925], [-112.03600430165214, 33.451407736760174], [-112.03597735219363, 33.451407736760174], [-112.03597735219363, 33.451415231885925], [-112.03598633534646, 33.451415231885925], [-112.03598633534646, 33.45154264892442], [-112.0359953184993, 33.45154264892442]]}, "properties": {"confidence": "high"}}, {"type": "Feature", "geometry": {"type": "LineString", "coordinates": [[-112.04337048698193, 33.451962374315485], [-112.04337048698193, 33.45143022213546], [-112.04337947013477, 33.45143022213546], [-112.04337947013477, 33.451422727011014], [-112.04336150382908, 33.451422727011014], [-112.04336150382908, 33.45140024163379], [-112.04335252067624, 33.45140024163379], [-112.04335252067624, 33.451415231885925], [-112.04333455437056, 33.451415231885925], [-112.04333455437056, 33.451422727011014], [-112.04335252067624, 33.451422727011014], [-112.04335252067624, 33.45143022213546], [-112.04336150382908, 33.45143022213546], [-112.04336150382908, 33.451962374315485], [-112.04337048698193, 33.451962374315485]]}, "properties": {"confidence": "high"}}, {"type": "Feature", "geometry": {"type": "LineString", "coordinates": [[-112.03626481308454, 33.451407736760174], [-112.03626481308454, 33.45140024163379], [-112.03600430165214, 33.45140024163379], [-112.03600430165214, 33.451407736760174], [-112.03626481308454, 33.451407736760174]]}, "properties": {"confidence": "high"}}, {"type": "Feature", "geometry": {"type": "LineString", "coordinates": [[-112.03597735219363, 33.451407736760174], [-112.03597735219363, 33.45140024163379], [-112.03586057120668, 33.45140024163379], [-112.03586057120668, 33.451407736760174], [-112.03597735219363, 33.451407736760174]]}, "properties": {"confidence": "high"}}, {"type": "Feature", "geometry": {"type": "LineString", "coordinates": [[-112.03666905496239, 33.451407736760174], [-112.03666905496239, 33.45140024163379], [-112.03638159407147, 33.45140024163379], [-112.03638159407147, 33.45139274650675], [-112.03637261091863, 33.45139274650675], [-112.03637261091863, 33.45140024163379], [-112.03635464461296, 33.45140024163379], [-112.03635464461296, 33.451407736760174], [-112.03666905496239, 33.451407736760174]]}, "properties": {"confidence": "high"}}, {"type": "Feature", "geometry": {"type": "LineString", "coordinates": [[-112.03586057120668, 33.45140024163379], [-112.03586057120668, 33.45139274650675], [-112.03563599238566, 33.45139274650675], [-112.03563599238566, 33.45140024163379], [-112.03586057120668, 33.45140024163379]]}, "properties": {"confidence": "high"}}, {"type": "Feature", "geometry": {"type": "LineString", "coordinates": [[-112.04119656399435, 33.45293672899886], [-112.04119656399435, 33.45269688886173], [-112.04196013198586, 33.45269688886173], [-112.04196013198586, 33.45268939384677], [-112.04119656399435, 33.45268939384677], [-112.04119656399435, 33.451422727011014], [-112.04171758685914, 33.451422727011014], [-112.04171758685914, 33.451415231885925], [-112.04119656399435, 33.451415231885925], [-112.04119656399435, 33.451385251379065], [-112.04118758084151, 33.451385251379065], [-112.04118758084151, 33.451415231885925], [-112.04116961453583, 33.451415231885925], [-112.04116961453583, 33.451422727011014], [-112.04118758084151, 33.451422727011014], [-112.04118758084151, 33.45293672899886], [-112.04119656399435, 33.45293672899886]]}, "properties": {"confidence": "high"}}, {"type": "Feature", "geometry": {"type": "LineString", "coordinates": [[-112.03563599238566, 33.45139274650675], [-112.03563599238566, 33.451385251379065], [-112.0351868347436, 33.451385251379065], [-112.0351868347436, 33.45139274650675], [-112.03563599238566, 33.45139274650675]]}, "properties": {"confidence": "high"}}, {"type": "Feature", "geometry": {"type": "LineString", "coordinates": [[-112.03752245448231, 33.451377756250736], [-112.03752245448231, 33.451370261121745], [-112.03726194304991, 33.451370261121745], [-112.03726194304991, 33.451377756250736], [-112.03752245448231, 33.451377756250736]]}, "properties": {"confidence": "high"}}, {"type": "Feature", "geometry": {"type": "LineString", "coordinates": [[-112.03639057722432, 33.45139274650675], [-112.03639057722432, 33.45136276599212], [-112.03638159407147, 33.45136276599212], [-112.03638159407147, 33.45139274650675], [-112.03639057722432, 33.45139274650675]]}, "properties": {"confidence": "high"}}, {"type": "Feature", "geometry": {"type": "LineString", "coordinates": [[-112.03726194304991, 33.451370261121745], [-112.03726194304991, 33.45136276599212], [-112.03723499359138, 33.45136276599212], [-112.03723499359138, 33.451370261121745], [-112.03726194304991, 33.451370261121745]]}, "properties": {"confidence": "high"}}, {"type": "Feature", "geometry": {"type": "LineString", "coordinates": [[-112.03673193703229, 33.451415231885925], [-112.03673193703229, 33.451355270861846], [-112.03672295387945, 33.451355270861846], [-112.03672295387945, 33.451415231885925], [-112.03673193703229, 33.451415231885925]]}, "properties": {"confidence": "high"}}, {"type": "Feature", "geometry": {"type": "LineString", "coordinates": [[-112.04337048698193, 33.45140024163379], [-112.04337048698193, 33.451355270861846], [-112.04336150382908, 33.451355270861846], [-112.04336150382908, 33.45140024163379], [-112.04337048698193, 33.45140024163379]]}, "properties": {"confidence": "high"}}, {"type": "Feature", "geometry": {"type": "LineString", "coordinates": [[-112.03723499359138, 33.45136276599212], [-112.03723499359138, 33.451355270861846], [-112.03722601043854, 33.451355270861846], [-112.03722601043854, 33.45136276599212], [-112.03723499359138, 33.45136276599212]]}, "properties": {"confidence": "high"}}, {"type": "Feature", "geometry": {"type": "LineString", "coordinates": [[-112.03722601043854, 33.451355270861846], [-112.03722601043854, 33.451347775730916], [-112.0372170272857, 33.451347775730916], [-112.0372170272857, 33.451355270861846], [-112.03722601043854, 33.451355270861846]]}, "properties": {"confidence": "high"}}, {"type": "Feature", "geometry": {"type": "LineString", "coordinates": [[-112.0372170272857, 33.451347775730916], [-112.0372170272857, 33.45134028059935], [-112.03720804413287, 33.45134028059935], [-112.03720804413287, 33.451347775730916], [-112.0372170272857, 33.451347775730916]]}, "properties": {"confidence": "high"}}, {"type": "Feature", "geometry": {"type": "LineString", "coordinates": [[-112.03898670839543, 33.45193239399777], [-112.03898670839543, 33.451422727011014], [-112.03897772524257, 33.451422727011014], [-112.03897772524257, 33.45133278546712], [-112.03896874208974, 33.45133278546712], [-112.03896874208974, 33.451422727011014], [-112.03895077578406, 33.451422727011014], [-112.03895077578406, 33.45143022213546], [-112.03897772524257, 33.45143022213546], [-112.03897772524257, 33.45193239399777], [-112.03898670839543, 33.45193239399777]]}, "properties": {"confidence": "high"}}, {"type": "Feature", "geometry": {"type": "LineString", "coordinates": [[-112.03720804413287, 33.45134028059935], [-112.03720804413287, 33.45133278546712], [-112.03719906098002, 33.45133278546712], [-112.03719906098002, 33.45134028059935], [-112.03720804413287, 33.45134028059935]]}, "properties": {"confidence": "high"}}, {"type": "Feature", "geometry": {"type": "LineString", "coordinates": [[-112.03719906098002, 33.45133278546712], [-112.03719906098002, 33.45132529033426], [-112.03719007782718, 33.45132529033426], [-112.03719007782718, 33.45133278546712], [-112.03719906098002, 33.45133278546712]]}, "properties": {"confidence": "high"}}, {"type": "Feature", "geometry": {"type": "LineString", "coordinates": [[-112.03719007782718, 33.45132529033426], [-112.03719007782718, 33.451317795200744], [-112.03718109467434, 33.451317795200744], [-112.03718109467434, 33.45132529033426], [-112.03719007782718, 33.45132529033426]]}, "properties": {"confidence": "high"}}, {"type": "Feature", "geometry": {"type": "LineString", "coordinates": [[-112.03716312836866, 33.451647580462634], [-112.03716312836866, 33.45131030006658], [-112.03715414521581, 33.45131030006658], [-112.03715414521581, 33.451647580462634], [-112.03716312836866, 33.451647580462634]]}, "properties": {"confidence": "high"}}, {"type": "Feature", "geometry": {"type": "LineString", "coordinates": [[-112.03718109467434, 33.451317795200744], [-112.03718109467434, 33.45131030006658], [-112.0371721115215, 33.45131030006658], [-112.0371721115215, 33.451317795200744], [-112.03718109467434, 33.451317795200744]]}, "properties": {"confidence": "high"}}, {"type": "Feature", "geometry": {"type": "LineString", "coordinates": [[-112.03674092018512, 33.451355270861846], [-112.03674092018512, 33.45127282438605], [-112.03673193703229, 33.45127282438605], [-112.03673193703229, 33.451355270861846], [-112.03674092018512, 33.451355270861846]]}, "properties": {"confidence": "high"}}, {"type": "Feature", "geometry": {"type": "LineString", "coordinates": [[-112.03639956037716, 33.45136276599212], [-112.03639956037716, 33.4512203584061], [-112.03639057722432, 33.4512203584061], [-112.03639057722432, 33.45136276599212], [-112.03639956037716, 33.45136276599212]]}, "properties": {"confidence": "high"}}, {"type": "Feature", "geometry": {"type": "LineString", "coordinates": [[-112.03898670839543, 33.45133278546712], [-112.03898670839543, 33.4511978729764], [-112.03897772524257, 33.4511978729764], [-112.03897772524257, 33.45133278546712], [-112.03898670839543, 33.45133278546712]]}, "properties": {"confidence": "high"}}, {"type": "Feature", "geometry": {"type": "LineString", "coordinates": [[-112.03674990333798, 33.45127282438605], [-112.03674990333798, 33.45115290209952], [-112.03674092018512, 33.45115290209952], [-112.03674092018512, 33.45127282438605], [-112.03674990333798, 33.45127282438605]]}, "properties": {"confidence": "high"}}, {"type": "Feature", "geometry": {"type": "LineString", "coordinates": [[-112.03755838709367, 33.45148268798845], [-112.03755838709367, 33.451422727011014], [-112.03761228601071, 33.451422727011014], [-112.03761228601071, 33.451415231885925], [-112.03755838709367, 33.451415231885925], [-112.03755838709367, 33.45113791180205], [-112.03754940394083, 33.45113791180205], [-112.03754940394083, 33.451377756250736], [-112.03752245448231, 33.451377756250736], [-112.03752245448231, 33.451385251379065], [-112.03754940394083, 33.451385251379065], [-112.03754940394083, 33.45148268798845], [-112.03755838709367, 33.45148268798845]]}, "properties": {"confidence": "high"}}, {"type": "Feature", "geometry": {"type": "LineString", "coordinates": [[-112.03640854353, 33.4512203584061], [-112.03640854353, 33.45112292150198], [-112.03639956037716, 33.45112292150198], [-112.03639956037716, 33.4512203584061], [-112.03640854353, 33.4512203584061]]}, "properties": {"confidence": "high"}}, {"type": "Feature", "geometry": {"type": "LineString", "coordinates": [[-112.03754940394083, 33.45113791180205], [-112.03754940394083, 33.45112292150198], [-112.03754042078799, 33.45112292150198], [-112.03754042078799, 33.45113791180205], [-112.03754940394083, 33.45113791180205]]}, "properties": {"confidence": "high"}}, {"type": "Feature", "geometry": {"type": "LineString", "coordinates": [[-112.03754042078799, 33.45112292150198], [-112.03754042078799, 33.45111542635097], [-112.03753143763515, 33.45111542635097], [-112.03753143763515, 33.45112292150198], [-112.03754042078799, 33.45112292150198]]}, "properties": {"confidence": "high"}}, {"type": "Feature", "geometry": {"type": "LineString", "coordinates": [[-112.03675888649082, 33.45115290209952], [-112.03675888649082, 33.45110793119932], [-112.03674990333798, 33.45110793119932], [-112.03674990333798, 33.45115290209952], [-112.03675888649082, 33.45115290209952]]}, "properties": {"confidence": "high"}}, {"type": "Feature", "geometry": {"type": "LineString", "coordinates": [[-112.03753143763515, 33.45111542635097], [-112.03753143763515, 33.45110793119932], [-112.03752245448231, 33.45110793119932], [-112.03752245448231, 33.45111542635097], [-112.03753143763515, 33.45111542635097]]}, "properties": {"confidence": "high"}}, {"type": "Feature", "geometry": {"type": "LineString", "coordinates": [[-112.03752245448231, 33.45110793119932], [-112.03752245448231, 33.451100436047014], [-112.03751347132946, 33.451100436047014], [-112.03751347132946, 33.45110793119932], [-112.03752245448231, 33.45110793119932]]}, "properties": {"confidence": "high"}}, {"type": "Feature", "geometry": {"type": "LineString", "coordinates": [[-112.03751347132946, 33.451100436047014], [-112.03751347132946, 33.45109294089407], [-112.03750448817662, 33.45109294089407], [-112.03750448817662, 33.451100436047014], [-112.03751347132946, 33.451100436047014]]}, "properties": {"confidence": "high"}}, {"type": "Feature", "geometry": {"type": "LineString", "coordinates": [[-112.0371721115215, 33.45131030006658], [-112.0371721115215, 33.451085445740475], [-112.03716312836866, 33.451085445740475], [-112.03716312836866, 33.45131030006658], [-112.0371721115215, 33.45131030006658]]}, "properties": {"confidence": "high"}}, {"type": "Feature", "geometry": {"type": "LineString", "coordinates": [[-112.03750448817662, 33.45109294089407], [-112.03750448817662, 33.451085445740475], [-112.03749550502378, 33.451085445740475], [-112.03749550502378, 33.45109294089407], [-112.03750448817662, 33.45109294089407]]}, "properties": {"confidence": "high"}}, {"type": "Feature", "geometry": {"type": "LineString", "coordinates": [[-112.03749550502378, 33.451085445740475], [-112.03749550502378, 33.45107795058623], [-112.03748652187095, 33.45107795058623], [-112.03748652187095, 33.451085445740475], [-112.03749550502378, 33.451085445740475]]}, "properties": {"confidence": "high"}}, {"type": "Feature", "geometry": {"type": "LineString", "coordinates": [[-112.03748652187095, 33.45107795058623], [-112.03748652187095, 33.45107045543134], [-112.03747753871811, 33.45107045543134], [-112.03747753871811, 33.45107795058623], [-112.03748652187095, 33.45107795058623]]}, "properties": {"confidence": "high"}}, {"type": "Feature", "geometry": {"type": "LineString", "coordinates": [[-112.03718109467434, 33.451085445740475], [-112.03718109467434, 33.451062960275806], [-112.0371721115215, 33.451062960275806], [-112.0371721115215, 33.451085445740475], [-112.03718109467434, 33.451085445740475]]}, "properties": {"confidence": "high"}}, {"type": "Feature", "geometry": {"type": "LineString", "coordinates": [[-112.03747753871811, 33.45107045543134], [-112.03747753871811, 33.451062960275806], [-112.03746855556527, 33.451062960275806], [-112.03746855556527, 33.45107045543134], [-112.03747753871811, 33.45107045543134]]}, "properties": {"confidence": "high"}}, {"type": "Feature", "geometry": {"type": "LineString", "coordinates": [[-112.03641752668284, 33.45112292150198], [-112.03641752668284, 33.451055465119616], [-112.03640854353, 33.451055465119616], [-112.03640854353, 33.45112292150198], [-112.03641752668284, 33.45112292150198]]}, "properties": {"confidence": "high"}}, {"type": "Feature", "geometry": {"type": "LineString", "coordinates": [[-112.03746855556527, 33.451062960275806], [-112.03746855556527, 33.451055465119616], [-112.03745957241242, 33.451055465119616], [-112.03745957241242, 33.451062960275806], [-112.03746855556527, 33.451062960275806]]}, "properties": {"confidence": "high"}}, {"type": "Feature", "geometry": {"type": "LineString", "coordinates": [[-112.03719007782718, 33.451062960275806], [-112.03719007782718, 33.451055465119616], [-112.03718109467434, 33.451055465119616], [-112.03718109467434, 33.451062960275806], [-112.03719007782718, 33.451062960275806]]}, "properties": {"confidence": "high"}}, {"type": "Feature", "geometry": {"type": "LineString", "coordinates": [[-112.03745957241242, 33.451055465119616], [-112.03745957241242, 33.45104796996278], [-112.03745058925958, 33.45104796996278], [-112.03745058925958, 33.451055465119616], [-112.03745957241242, 33.451055465119616]]}, "properties": {"confidence": "high"}}, {"type": "Feature", "geometry": {"type": "LineString", "coordinates": [[-112.03719906098002, 33.451055465119616], [-112.03719906098002, 33.45104796996278], [-112.03719007782718, 33.45104796996278], [-112.03719007782718, 33.451055465119616], [-112.03719906098002, 33.451055465119616]]}, "properties": {"confidence": "high"}}, {"type": "Feature", "geometry": {"type": "LineString", "coordinates": [[-112.03745058925958, 33.45104796996278], [-112.03745058925958, 33.451040474805296], [-112.03744160610674, 33.451040474805296], [-112.03744160610674, 33.45104796996278], [-112.03745058925958, 33.45104796996278]]}, "properties": {"confidence": "high"}}, {"type": "Feature", "geometry": {"type": "LineString", "coordinates": [[-112.03720804413287, 33.45104796996278], [-112.03720804413287, 33.451040474805296], [-112.03719906098002, 33.451040474805296], [-112.03719906098002, 33.45104796996278], [-112.03720804413287, 33.45104796996278]]}, "properties": {"confidence": "high"}}, {"type": "Feature", "geometry": {"type": "LineString", "coordinates": [[-112.03676786964365, 33.45110793119932], [-112.03676786964365, 33.45103297964717], [-112.03675888649082, 33.45103297964717], [-112.03675888649082, 33.45110793119932], [-112.03676786964365, 33.45110793119932]]}, "properties": {"confidence": "high"}}, {"type": "Feature", "geometry": {"type": "LineString", "coordinates": [[-112.03744160610674, 33.451040474805296], [-112.03744160610674, 33.45103297964717], [-112.0374326229539, 33.45103297964717], [-112.0374326229539, 33.451040474805296], [-112.03744160610674, 33.451040474805296]]}, "properties": {"confidence": "high"}}, {"type": "Feature", "geometry": {"type": "LineString", "coordinates": [[-112.0372170272857, 33.451040474805296], [-112.0372170272857, 33.45103297964717], [-112.03720804413287, 33.45103297964717], [-112.03720804413287, 33.451040474805296], [-112.0372170272857, 33.451040474805296]]}, "properties": {"confidence": "high"}}, {"type": "Feature", "geometry": {"type": "LineString", "coordinates": [[-112.0374326229539, 33.45103297964717], [-112.0374326229539, 33.45102548448839], [-112.03742363980106, 33.45102548448839], [-112.03742363980106, 33.45103297964717], [-112.0374326229539, 33.45103297964717]]}, "properties": {"confidence": "high"}}, {"type": "Feature", "geometry": {"type": "LineString", "coordinates": [[-112.03722601043854, 33.45103297964717], [-112.03722601043854, 33.45102548448839], [-112.0372170272857, 33.45102548448839], [-112.0372170272857, 33.45103297964717], [-112.03722601043854, 33.45103297964717]]}, "properties": {"confidence": "high"}}, {"type": "Feature", "geometry": {"type": "LineString", "coordinates": [[-112.03742363980106, 33.45102548448839], [-112.03742363980106, 33.45101798932896], [-112.03741465664821, 33.45101798932896], [-112.03741465664821, 33.45102548448839], [-112.03742363980106, 33.45102548448839]]}, "properties": {"confidence": "high"}}, {"type": "Feature", "geometry": {"type": "LineString", "coordinates": [[-112.03723499359138, 33.45102548448839], [-112.03723499359138, 33.45101798932896], [-112.03722601043854, 33.45101798932896], [-112.03722601043854, 33.45102548448839], [-112.03723499359138, 33.45102548448839]]}, "properties": {"confidence": "high"}}, {"type": "Feature", "geometry": {"type": "LineString", "coordinates": [[-112.03741465664821, 33.45101798932896], [-112.03741465664821, 33.45101049416889], [-112.03740567349537, 33.45101049416889], [-112.03740567349537, 33.45101798932896], [-112.03741465664821, 33.45101798932896]]}, "properties": {"confidence": "high"}}, {"type": "Feature", "geometry": {"type": "LineString", "coordinates": [[-112.03724397674422, 33.45101798932896], [-112.03724397674422, 33.45101049416889], [-112.03723499359138, 33.45101049416889], [-112.03723499359138, 33.45101798932896], [-112.03724397674422, 33.45101798932896]]}, "properties": {"confidence": "high"}}, {"type": "Feature", "geometry": {"type": "LineString", "coordinates": [[-112.03642650983568, 33.451055465119616], [-112.03642650983568, 33.451002999008175], [-112.03641752668284, 33.451002999008175], [-112.03641752668284, 33.451055465119616], [-112.03642650983568, 33.451055465119616]]}, "properties": {"confidence": "high"}}, {"type": "Feature", "geometry": {"type": "LineString", "coordinates": [[-112.03740567349537, 33.45101049416889], [-112.03740567349537, 33.451002999008175], [-112.03739669034253, 33.451002999008175], [-112.03739669034253, 33.45101049416889], [-112.03740567349537, 33.45101049416889]]}, "properties": {"confidence": "high"}}, {"type": "Feature", "geometry": {"type": "LineString", "coordinates": [[-112.03725295989706, 33.45101049416889], [-112.03725295989706, 33.451002999008175], [-112.03724397674422, 33.451002999008175], [-112.03724397674422, 33.45101049416889], [-112.03725295989706, 33.45101049416889]]}, "properties": {"confidence": "high"}}, {"type": "Feature", "geometry": {"type": "LineString", "coordinates": [[-112.03739669034253, 33.451002999008175], [-112.03739669034253, 33.4509955038468], [-112.0373877071897, 33.4509955038468], [-112.0373877071897, 33.451002999008175], [-112.03739669034253, 33.451002999008175]]}, "properties": {"confidence": "high"}}, {"type": "Feature", "geometry": {"type": "LineString", "coordinates": [[-112.03726194304991, 33.451002999008175], [-112.03726194304991, 33.4509955038468], [-112.03725295989706, 33.4509955038468], [-112.03725295989706, 33.451002999008175], [-112.03726194304991, 33.451002999008175]]}, "properties": {"confidence": "high"}}, {"type": "Feature", "geometry": {"type": "LineString", "coordinates": [[-112.0373877071897, 33.4509955038468], [-112.0373877071897, 33.45098800868478], [-112.03737872403686, 33.45098800868478], [-112.03737872403686, 33.4509955038468], [-112.0373877071897, 33.4509955038468]]}, "properties": {"confidence": "high"}}, {"type": "Feature", "geometry": {"type": "LineString", "coordinates": [[-112.03727092620275, 33.4509955038468], [-112.03727092620275, 33.45098800868478], [-112.03726194304991, 33.45098800868478], [-112.03726194304991, 33.4509955038468], [-112.03727092620275, 33.4509955038468]]}, "properties": {"confidence": "high"}}, {"type": "Feature", "geometry": {"type": "LineString", "coordinates": [[-112.03897772524257, 33.4511978729764], [-112.03897772524257, 33.45098051352212], [-112.03896874208974, 33.45098051352212], [-112.03896874208974, 33.4511978729764], [-112.03897772524257, 33.4511978729764]]}, "properties": {"confidence": "high"}}, {"type": "Feature", "geometry": {"type": "LineString", "coordinates": [[-112.03737872403686, 33.45098800868478], [-112.03737872403686, 33.45098051352212], [-112.03736974088402, 33.45098051352212], [-112.03736974088402, 33.45098800868478], [-112.03737872403686, 33.45098800868478]]}, "properties": {"confidence": "high"}}, {"type": "Feature", "geometry": {"type": "LineString", "coordinates": [[-112.0372799093556, 33.45098800868478], [-112.0372799093556, 33.45098051352212], [-112.03727092620275, 33.45098051352212], [-112.03727092620275, 33.45098800868478], [-112.0372799093556, 33.45098800868478]]}, "properties": {"confidence": "high"}}, {"type": "Feature", "geometry": {"type": "LineString", "coordinates": [[-112.03736974088402, 33.45098051352212], [-112.03736974088402, 33.4509730183588], [-112.03736075773116, 33.4509730183588], [-112.03736075773116, 33.45098051352212], [-112.03736974088402, 33.45098051352212]]}, "properties": {"confidence": "high"}}, {"type": "Feature", "geometry": {"type": "LineString", "coordinates": [[-112.03728889250844, 33.45098051352212], [-112.03728889250844, 33.4509730183588], [-112.0372799093556, 33.4509730183588], [-112.0372799093556, 33.45098051352212], [-112.03728889250844, 33.45098051352212]]}, "properties": {"confidence": "high"}}, {"type": "Feature", "geometry": {"type": "LineString", "coordinates": [[-112.03677685279649, 33.45103297964717], [-112.03677685279649, 33.450965523194846], [-112.03676786964365, 33.450965523194846], [-112.03676786964365, 33.45103297964717], [-112.03677685279649, 33.45103297964717]]}, "properties": {"confidence": "high"}}, {"type": "Feature", "geometry": {"type": "LineString", "coordinates": [[-112.03736075773116, 33.4509730183588], [-112.03736075773116, 33.450965523194846], [-112.03735177457833, 33.450965523194846], [-112.03735177457833, 33.4509730183588], [-112.03736075773116, 33.4509730183588]]}, "properties": {"confidence": "high"}}, {"type": "Feature", "geometry": {"type": "LineString", "coordinates": [[-112.03729787566128, 33.4509730183588], [-112.03729787566128, 33.450965523194846], [-112.03728889250844, 33.450965523194846], [-112.03728889250844, 33.4509730183588], [-112.03729787566128, 33.4509730183588]]}, "properties": {"confidence": "high"}}, {"type": "Feature", "geometry": {"type": "LineString", "coordinates": [[-112.03643549298852, 33.451002999008175], [-112.03643549298852, 33.450958028030236], [-112.03642650983568, 33.450958028030236], [-112.03642650983568, 33.451002999008175], [-112.03643549298852, 33.451002999008175]]}, "properties": {"confidence": "high"}}, {"type": "Feature", "geometry": {"type": "LineString", "coordinates": [[-112.03735177457833, 33.450965523194846], [-112.03735177457833, 33.450958028030236], [-112.03734279142549, 33.450958028030236], [-112.03734279142549, 33.450965523194846], [-112.03735177457833, 33.450965523194846]]}, "properties": {"confidence": "high"}}, {"type": "Feature", "geometry": {"type": "LineString", "coordinates": [[-112.03730685881412, 33.450965523194846], [-112.03730685881412, 33.450958028030236], [-112.03729787566128, 33.450958028030236], [-112.03729787566128, 33.450965523194846], [-112.03730685881412, 33.450965523194846]]}, "properties": {"confidence": "high"}}, {"type": "Feature", "geometry": {"type": "LineString", "coordinates": [[-112.03734279142549, 33.450958028030236], [-112.03734279142549, 33.45095053286498], [-112.03733380827265, 33.45095053286498], [-112.03733380827265, 33.450958028030236], [-112.03734279142549, 33.450958028030236]]}, "properties": {"confidence": "high"}}, {"type": "Feature", "geometry": {"type": "LineString", "coordinates": [[-112.03731584196697, 33.450958028030236], [-112.03731584196697, 33.45095053286498], [-112.03730685881412, 33.45095053286498], [-112.03730685881412, 33.450958028030236], [-112.03731584196697, 33.450958028030236]]}, "properties": {"confidence": "high"}}, {"type": "Feature", "geometry": {"type": "LineString", "coordinates": [[-112.03644447614137, 33.450958028030236], [-112.03644447614137, 33.45090556185985], [-112.03643549298852, 33.45090556185985], [-112.03643549298852, 33.450958028030236], [-112.03644447614137, 33.450958028030236]]}, "properties": {"confidence": "high"}}, {"type": "Feature", "geometry": {"type": "LineString", "coordinates": [[-112.03733380827265, 33.45095053286498], [-112.03733380827265, 33.45094303769908], [-112.03732482511981, 33.45094303769908], [-112.03732482511981, 33.45089806669005], [-112.03733380827265, 33.45089806669005], [-112.03733380827265, 33.45089057151961], [-112.03731584196697, 33.45089057151961], [-112.03731584196697, 33.45095053286498], [-112.03733380827265, 33.45095053286498]]}, "properties": {"confidence": "high"}}, {"type": "Feature", "geometry": {"type": "LineString", "coordinates": [[-112.03734279142549, 33.45089057151961], [-112.03734279142549, 33.450883076348525], [-112.03733380827265, 33.450883076348525], [-112.03733380827265, 33.45089057151961], [-112.03734279142549, 33.45089057151961]]}, "properties": {"confidence": "high"}}, {"type": "Feature", "geometry": {"type": "LineString", "coordinates": [[-112.03731584196697, 33.45089057151961], [-112.03731584196697, 33.450883076348525], [-112.03730685881412, 33.450883076348525], [-112.03730685881412, 33.45089057151961], [-112.03731584196697, 33.45089057151961]]}, "properties": {"confidence": "high"}}, {"type": "Feature", "geometry": {"type": "LineString", "coordinates": [[-112.03678583594933, 33.450965523194846], [-112.03678583594933, 33.450875581176795], [-112.03677685279649, 33.450875581176795], [-112.03677685279649, 33.450965523194846], [-112.03678583594933, 33.450965523194846]]}, "properties": {"confidence": "high"}}, {"type": "Feature", "geometry": {"type": "LineString", "coordinates": [[-112.03735177457833, 33.450883076348525], [-112.03735177457833, 33.450875581176795], [-112.03734279142549, 33.450875581176795], [-112.03734279142549, 33.450883076348525], [-112.03735177457833, 33.450883076348525]]}, "properties": {"confidence": "high"}}, {"type": "Feature", "geometry": {"type": "LineString", "coordinates": [[-112.03730685881412, 33.450883076348525], [-112.03730685881412, 33.450875581176795], [-112.03729787566128, 33.450875581176795], [-112.03729787566128, 33.450883076348525], [-112.03730685881412, 33.450883076348525]]}, "properties": {"confidence": "high"}}, {"type": "Feature", "geometry": {"type": "LineString", "coordinates": [[-112.03736075773116, 33.450875581176795], [-112.03736075773116, 33.45086808600441], [-112.03735177457833, 33.45086808600441], [-112.03735177457833, 33.450875581176795], [-112.03736075773116, 33.450875581176795]]}, "properties": {"confidence": "high"}}, {"type": "Feature", "geometry": {"type": "LineString", "coordinates": [[-112.03729787566128, 33.450875581176795], [-112.03729787566128, 33.45086808600441], [-112.03728889250844, 33.45086808600441], [-112.03728889250844, 33.450875581176795], [-112.03729787566128, 33.450875581176795]]}, "properties": {"confidence": "high"}}, {"type": "Feature", "geometry": {"type": "LineString", "coordinates": [[-112.03736974088402, 33.45086808600441], [-112.03736974088402, 33.45086059083139], [-112.03736075773116, 33.45086059083139], [-112.03736075773116, 33.45086808600441], [-112.03736974088402, 33.45086808600441]]}, "properties": {"confidence": "high"}}, {"type": "Feature", "geometry": {"type": "LineString", "coordinates": [[-112.03728889250844, 33.45086808600441], [-112.03728889250844, 33.45086059083139], [-112.0372799093556, 33.45086059083139], [-112.0372799093556, 33.45086808600441], [-112.03728889250844, 33.45086808600441]]}, "properties": {"confidence": "high"}}, {"type": "Feature", "geometry": {"type": "LineString", "coordinates": [[-112.03737872403686, 33.45086059083139], [-112.03737872403686, 33.450853095657706], [-112.03736974088402, 33.450853095657706], [-112.03736974088402, 33.45086059083139], [-112.03737872403686, 33.45086059083139]]}, "properties": {"confidence": "high"}}, {"type": "Feature", "geometry": {"type": "LineString", "coordinates": [[-112.0372799093556, 33.45086059083139], [-112.0372799093556, 33.450853095657706], [-112.03727092620275, 33.450853095657706], [-112.03727092620275, 33.45086059083139], [-112.0372799093556, 33.45086059083139]]}, "properties": {"confidence": "high"}}, {"type": "Feature", "geometry": {"type": "LineString", "coordinates": [[-112.0373877071897, 33.450853095657706], [-112.0373877071897, 33.45084560048338], [-112.03737872403686, 33.45084560048338], [-112.03737872403686, 33.450853095657706], [-112.0373877071897, 33.450853095657706]]}, "properties": {"confidence": "high"}}, {"type": "Feature", "geometry": {"type": "LineString", "coordinates": [[-112.03727092620275, 33.450853095657706], [-112.03727092620275, 33.45084560048338], [-112.03726194304991, 33.45084560048338], [-112.03726194304991, 33.450853095657706], [-112.03727092620275, 33.450853095657706]]}, "properties": {"confidence": "high"}}, {"type": "Feature", "geometry": {"type": "LineString", "coordinates": [[-112.03739669034253, 33.45084560048338], [-112.03739669034253, 33.450838105308414], [-112.0373877071897, 33.450838105308414], [-112.0373877071897, 33.45084560048338], [-112.03739669034253, 33.45084560048338]]}, "properties": {"confidence": "high"}}, {"type": "Feature", "geometry": {"type": "LineString", "coordinates": [[-112.03726194304991, 33.45084560048338], [-112.03726194304991, 33.450838105308414], [-112.03725295989706, 33.450838105308414], [-112.03725295989706, 33.45084560048338], [-112.03726194304991, 33.45084560048338]]}, "properties": {"confidence": "high"}}, {"type": "Feature", "geometry": {"type": "LineString", "coordinates": [[-112.03740567349537, 33.450838105308414], [-112.03740567349537, 33.45083061013279], [-112.03739669034253, 33.45083061013279], [-112.03739669034253, 33.450838105308414], [-112.03740567349537, 33.450838105308414]]}, "properties": {"confidence": "high"}}, {"type": "Feature", "geometry": {"type": "LineString", "coordinates": [[-112.03725295989706, 33.450838105308414], [-112.03725295989706, 33.45083061013279], [-112.03724397674422, 33.45083061013279], [-112.03724397674422, 33.450838105308414], [-112.03725295989706, 33.450838105308414]]}, "properties": {"confidence": "high"}}, {"type": "Feature", "geometry": {"type": "LineString", "coordinates": [[-112.03741465664821, 33.45083061013279], [-112.03741465664821, 33.45082311495652], [-112.03740567349537, 33.45082311495652], [-112.03740567349537, 33.45083061013279], [-112.03741465664821, 33.45083061013279]]}, "properties": {"confidence": "high"}}, {"type": "Feature", "geometry": {"type": "LineString", "coordinates": [[-112.03724397674422, 33.45083061013279], [-112.03724397674422, 33.45082311495652], [-112.03723499359138, 33.45082311495652], [-112.03723499359138, 33.45083061013279], [-112.03724397674422, 33.45083061013279]]}, "properties": {"confidence": "high"}}, {"type": "Feature", "geometry": {"type": "LineString", "coordinates": [[-112.03645345929421, 33.45090556185985], [-112.03645345929421, 33.450815619779604], [-112.03644447614137, 33.450815619779604], [-112.03644447614137, 33.45090556185985], [-112.03645345929421, 33.45090556185985]]}, "properties": {"confidence": "high"}}, {"type": "Feature", "geometry": {"type": "LineString", "coordinates": [[-112.03742363980106, 33.45082311495652], [-112.03742363980106, 33.450815619779604], [-112.03741465664821, 33.450815619779604], [-112.03741465664821, 33.45082311495652], [-112.03742363980106, 33.45082311495652]]}, "properties": {"confidence": "high"}}, {"type": "Feature", "geometry": {"type": "LineString", "coordinates": [[-112.03723499359138, 33.45082311495652], [-112.03723499359138, 33.450815619779604], [-112.03722601043854, 33.450815619779604], [-112.03722601043854, 33.45082311495652], [-112.03723499359138, 33.45082311495652]]}, "properties": {"confidence": "high"}}, {"type": "Feature", "geometry": {"type": "LineString", "coordinates": [[-112.0374326229539, 33.450815619779604], [-112.0374326229539, 33.45080812460205], [-112.03742363980106, 33.45080812460205], [-112.03742363980106, 33.450815619779604], [-112.0374326229539, 33.450815619779604]]}, "properties": {"confidence": "high"}}, {"type": "Feature", "geometry": {"type": "LineString", "coordinates": [[-112.03722601043854, 33.450815619779604], [-112.03722601043854, 33.45080812460205], [-112.0372170272857, 33.45080812460205], [-112.0372170272857, 33.450815619779604], [-112.03722601043854, 33.450815619779604]]}, "properties": {"confidence": "high"}}, {"type": "Feature", "geometry": {"type": "LineString", "coordinates": [[-112.03679481910217, 33.450875581176795], [-112.03679481910217, 33.45080062942384], [-112.03678583594933, 33.45080062942384], [-112.03678583594933, 33.450875581176795], [-112.03679481910217, 33.450875581176795]]}, "properties": {"confidence": "high"}}, {"type": "Feature", "geometry": {"type": "LineString", "coordinates": [[-112.03744160610674, 33.45080812460205], [-112.03744160610674, 33.45080062942384], [-112.0374326229539, 33.45080062942384], [-112.0374326229539, 33.45080812460205], [-112.03744160610674, 33.45080812460205]]}, "properties": {"confidence": "high"}}, {"type": "Feature", "geometry": {"type": "LineString", "coordinates": [[-112.0372170272857, 33.45080812460205], [-112.0372170272857, 33.45080062942384], [-112.03720804413287, 33.45080062942384], [-112.03720804413287, 33.45080812460205], [-112.0372170272857, 33.45080812460205]]}, "properties": {"confidence": "high"}}, {"type": "Feature", "geometry": {"type": "LineString", "coordinates": [[-112.03745058925958, 33.45080062942384], [-112.03745058925958, 33.450793134244975], [-112.03744160610674, 33.450793134244975], [-112.03744160610674, 33.45080062942384], [-112.03745058925958, 33.45080062942384]]}, "properties": {"confidence": "high"}}, {"type": "Feature", "geometry": {"type": "LineString", "coordinates": [[-112.03720804413287, 33.45080062942384], [-112.03720804413287, 33.450793134244975], [-112.03719906098002, 33.450793134244975], [-112.03719906098002, 33.45080062942384], [-112.03720804413287, 33.45080062942384]]}, "properties": {"confidence": "high"}}, {"type": "Feature", "geometry": {"type": "LineString", "coordinates": [[-112.03745957241242, 33.450793134244975], [-112.03745957241242, 33.45078563906547], [-112.03745058925958, 33.45078563906547], [-112.03745058925958, 33.450793134244975], [-112.03745957241242, 33.450793134244975]]}, "properties": {"confidence": "high"}}, {"type": "Feature", "geometry": {"type": "LineString", "coordinates": [[-112.03719906098002, 33.450793134244975], [-112.03719906098002, 33.45078563906547], [-112.03719007782718, 33.45078563906547], [-112.03719007782718, 33.450793134244975], [-112.03719906098002, 33.450793134244975]]}, "properties": {"confidence": "high"}}, {"type": "Feature", "geometry": {"type": "LineString", "coordinates": [[-112.03719007782718, 33.45078563906547], [-112.03719007782718, 33.450778143885316], [-112.03718109467434, 33.450778143885316], [-112.03718109467434, 33.45078563906547], [-112.03719007782718, 33.45078563906547]]}, "properties": {"confidence": "high"}}, {"type": "Feature", "geometry": {"type": "LineString", "coordinates": [[-112.03718109467434, 33.450778143885316], [-112.03718109467434, 33.45077064870452], [-112.0371721115215, 33.45077064870452], [-112.0371721115215, 33.450778143885316], [-112.03718109467434, 33.450778143885316]]}, "properties": {"confidence": "high"}}, {"type": "Feature", "geometry": {"type": "LineString", "coordinates": [[-112.03746855556527, 33.45078563906547], [-112.03746855556527, 33.45076315352307], [-112.03745957241242, 33.45076315352307], [-112.03745957241242, 33.45078563906547], [-112.03746855556527, 33.45078563906547]]}, "properties": {"confidence": "high"}}, {"type": "Feature", "geometry": {"type": "LineString", "coordinates": [[-112.0371721115215, 33.45077064870452], [-112.0371721115215, 33.45076315352307], [-112.03716312836866, 33.45076315352307], [-112.03716312836866, 33.45077064870452], [-112.0371721115215, 33.45077064870452]]}, "properties": {"confidence": "high"}}, {"type": "Feature", "geometry": {"type": "LineString", "coordinates": [[-112.03716312836866, 33.45076315352307], [-112.03716312836866, 33.450755658340974], [-112.03715414521581, 33.450755658340974], [-112.03715414521581, 33.45076315352307], [-112.03716312836866, 33.45076315352307]]}, "properties": {"confidence": "high"}}, {"type": "Feature", "geometry": {"type": "LineString", "coordinates": [[-112.03715414521581, 33.450755658340974], [-112.03715414521581, 33.450748163158224], [-112.03714516206297, 33.450748163158224], [-112.03714516206297, 33.450755658340974], [-112.03715414521581, 33.450755658340974]]}, "properties": {"confidence": "high"}}, {"type": "Feature", "geometry": {"type": "LineString", "coordinates": [[-112.03646244244705, 33.450815619779604], [-112.03646244244705, 33.45074066797483], [-112.03645345929421, 33.45074066797483], [-112.03645345929421, 33.450815619779604], [-112.03646244244705, 33.450815619779604]]}, "properties": {"confidence": "high"}}, {"type": "Feature", "geometry": {"type": "LineString", "coordinates": [[-112.03714516206297, 33.450748163158224], [-112.03714516206297, 33.45074066797483], [-112.03713617891013, 33.45074066797483], [-112.03713617891013, 33.450748163158224], [-112.03714516206297, 33.450748163158224]]}, "properties": {"confidence": "high"}}, {"type": "Feature", "geometry": {"type": "LineString", "coordinates": [[-112.03680380225502, 33.45080062942384], [-112.03680380225502, 33.450733172790784], [-112.03679481910217, 33.450733172790784], [-112.03679481910217, 33.45080062942384], [-112.03680380225502, 33.45080062942384]]}, "properties": {"confidence": "high"}}, {"type": "Feature", "geometry": {"type": "LineString", "coordinates": [[-112.03713617891013, 33.45074066797483], [-112.03713617891013, 33.450733172790784], [-112.03711821260445, 33.450733172790784], [-112.03711821260445, 33.45074066797483], [-112.03713617891013, 33.45074066797483]]}, "properties": {"confidence": "high"}}, {"type": "Feature", "geometry": {"type": "LineString", "coordinates": [[-112.03711821260445, 33.450733172790784], [-112.03711821260445, 33.4507256776061], [-112.03710922945162, 33.4507256776061], [-112.03710922945162, 33.450733172790784], [-112.03711821260445, 33.450733172790784]]}, "properties": {"confidence": "high"}}, {"type": "Feature", "geometry": {"type": "LineString", "coordinates": [[-112.03710922945162, 33.4507256776061], [-112.03710922945162, 33.450718182420765], [-112.03710024629876, 33.450718182420765], [-112.03710024629876, 33.4507256776061], [-112.03710922945162, 33.4507256776061]]}, "properties": {"confidence": "high"}}, {"type": "Feature", "geometry": {"type": "LineString", "coordinates": [[-112.03710024629876, 33.450718182420765], [-112.03710024629876, 33.45071068723479], [-112.03709126314592, 33.45071068723479], [-112.03709126314592, 33.450718182420765], [-112.03710024629876, 33.450718182420765]]}, "properties": {"confidence": "high"}}, {"type": "Feature", "geometry": {"type": "LineString", "coordinates": [[-112.03709126314592, 33.45071068723479], [-112.03709126314592, 33.45070319204815], [-112.03708227999309, 33.45070319204815], [-112.03708227999309, 33.45071068723479], [-112.03709126314592, 33.45071068723479]]}, "properties": {"confidence": "high"}}, {"type": "Feature", "geometry": {"type": "LineString", "coordinates": [[-112.03647142559988, 33.45074066797483], [-112.03647142559988, 33.45068820167294], [-112.03646244244705, 33.45068820167294], [-112.03646244244705, 33.45074066797483], [-112.03647142559988, 33.45074066797483]]}, "properties": {"confidence": "high"}}, {"type": "Feature", "geometry": {"type": "LineString", "coordinates": [[-112.03898670839543, 33.45098051352212], [-112.03898670839543, 33.450650725723584], [-112.03897772524257, 33.450650725723584], [-112.03897772524257, 33.45098051352212], [-112.03898670839543, 33.45098051352212]]}, "properties": {"confidence": "high"}}, {"type": "Feature", "geometry": {"type": "LineString", "coordinates": [[-112.03681278540786, 33.450733172790784], [-112.03681278540786, 33.450643230531774], [-112.03680380225502, 33.450643230531774], [-112.03680380225502, 33.450733172790784], [-112.03681278540786, 33.450733172790784]]}, "properties": {"confidence": "high"}}, {"type": "Feature", "geometry": {"type": "LineString", "coordinates": [[-112.03747753871811, 33.45076315352307], [-112.03747753871811, 33.450643230531774], [-112.03755838709367, 33.450643230531774], [-112.03755838709367, 33.45063573533931], [-112.03746855556527, 33.45063573533931], [-112.03746855556527, 33.45076315352307], [-112.03747753871811, 33.45076315352307]]}, "properties": {"confidence": "high"}}, {"type": "Feature", "geometry": {"type": "LineString", "coordinates": [[-112.03757635339936, 33.45063573533931], [-112.03757635339936, 33.4506282401462], [-112.03755838709367, 33.4506282401462], [-112.03755838709367, 33.45063573533931], [-112.03757635339936, 33.45063573533931]]}, "properties": {"confidence": "high"}}, {"type": "Feature", "geometry": {"type": "LineString", "coordinates": [[-112.0375853365522, 33.4506282401462], [-112.0375853365522, 33.450620744952445], [-112.03757635339936, 33.450620744952445], [-112.03757635339936, 33.4506282401462], [-112.0375853365522, 33.4506282401462]]}, "properties": {"confidence": "high"}}, {"type": "Feature", "geometry": {"type": "LineString", "coordinates": [[-112.03648040875272, 33.45068820167294], [-112.03648040875272, 33.45061324975804], [-112.03647142559988, 33.45061324975804], [-112.03647142559988, 33.45068820167294], [-112.03648040875272, 33.45068820167294]]}, "properties": {"confidence": "high"}}, {"type": "Feature", "geometry": {"type": "LineString", "coordinates": [[-112.03759431970504, 33.450620744952445], [-112.03759431970504, 33.45061324975804], [-112.0375853365522, 33.45061324975804], [-112.0375853365522, 33.450620744952445], [-112.03759431970504, 33.450620744952445]]}, "properties": {"confidence": "high"}}, {"type": "Feature", "geometry": {"type": "LineString", "coordinates": [[-112.03760330285787, 33.45061324975804], [-112.03760330285787, 33.450605754562986], [-112.03759431970504, 33.450605754562986], [-112.03759431970504, 33.45061324975804], [-112.03760330285787, 33.45061324975804]]}, "properties": {"confidence": "high"}}, {"type": "Feature", "geometry": {"type": "LineString", "coordinates": [[-112.03761228601071, 33.450605754562986], [-112.03761228601071, 33.45059825936728], [-112.03760330285787, 33.45059825936728], [-112.03760330285787, 33.450605754562986], [-112.03761228601071, 33.450605754562986]]}, "properties": {"confidence": "high"}}, {"type": "Feature", "geometry": {"type": "LineString", "coordinates": [[-112.0368217685607, 33.450643230531774], [-112.0368217685607, 33.45059076417094], [-112.03681278540786, 33.45059076417094], [-112.03681278540786, 33.450643230531774], [-112.0368217685607, 33.450643230531774]]}, "properties": {"confidence": "high"}}, {"type": "Feature", "geometry": {"type": "LineString", "coordinates": [[-112.03762126916357, 33.45059825936728], [-112.03762126916357, 33.45059076417094], [-112.03761228601071, 33.45059076417094], [-112.03761228601071, 33.45059825936728], [-112.03762126916357, 33.45059825936728]]}, "properties": {"confidence": "high"}}, {"type": "Feature", "geometry": {"type": "LineString", "coordinates": [[-112.0376302523164, 33.45059076417094], [-112.0376302523164, 33.45058326897394], [-112.03762126916357, 33.45058326897394], [-112.03762126916357, 33.45059076417094], [-112.0376302523164, 33.45059076417094]]}, "properties": {"confidence": "high"}}, {"type": "Feature", "geometry": {"type": "LineString", "coordinates": [[-112.03763923546924, 33.45058326897394], [-112.03763923546924, 33.4505757737763], [-112.0376302523164, 33.4505757737763], [-112.0376302523164, 33.45058326897394], [-112.03763923546924, 33.45058326897394]]}, "properties": {"confidence": "high"}}, {"type": "Feature", "geometry": {"type": "LineString", "coordinates": [[-112.03764821862208, 33.4505757737763], [-112.03764821862208, 33.45056827857801], [-112.03763923546924, 33.45056827857801], [-112.03763923546924, 33.4505757737763], [-112.03764821862208, 33.4505757737763]]}, "properties": {"confidence": "high"}}, {"type": "Feature", "geometry": {"type": "LineString", "coordinates": [[-112.03767516808061, 33.45056827857801], [-112.03767516808061, 33.450560783379075], [-112.03764821862208, 33.450560783379075], [-112.03764821862208, 33.45056827857801], [-112.03767516808061, 33.45056827857801]]}, "properties": {"confidence": "high"}}, {"type": "Feature", "geometry": {"type": "LineString", "coordinates": [[-112.03648939190558, 33.45061324975804], [-112.03648939190558, 33.450553288179485], [-112.03648040875272, 33.450553288179485], [-112.03648040875272, 33.45061324975804], [-112.03648939190558, 33.45061324975804]]}, "properties": {"confidence": "high"}}, {"type": "Feature", "geometry": {"type": "LineString", "coordinates": [[-112.03770211753913, 33.450560783379075], [-112.03770211753913, 33.450553288179485], [-112.03767516808061, 33.450553288179485], [-112.03767516808061, 33.450560783379075], [-112.03770211753913, 33.450560783379075]]}, "properties": {"confidence": "high"}}, {"type": "Feature", "geometry": {"type": "LineString", "coordinates": [[-112.03774703330333, 33.450553288179485], [-112.03774703330333, 33.45054579297925], [-112.03770211753913, 33.45054579297925], [-112.03770211753913, 33.450553288179485], [-112.03774703330333, 33.450553288179485]]}, "properties": {"confidence": "high"}}, {"type": "Feature", "geometry": {"type": "LineString", "coordinates": [[-112.03683075171354, 33.45059076417094], [-112.03683075171354, 33.450538297778365], [-112.0368217685607, 33.450538297778365], [-112.0368217685607, 33.45059076417094], [-112.03683075171354, 33.45059076417094]]}, "properties": {"confidence": "high"}}, {"type": "Feature", "geometry": {"type": "LineString", "coordinates": [[-112.03775601645617, 33.45054579297925], [-112.03775601645617, 33.450538297778365], [-112.03774703330333, 33.450538297778365], [-112.03774703330333, 33.45054579297925], [-112.03775601645617, 33.45054579297925]]}, "properties": {"confidence": "high"}}, {"type": "Feature", "geometry": {"type": "LineString", "coordinates": [[-112.03776499960901, 33.450538297778365], [-112.03776499960901, 33.45050831696836], [-112.03775601645617, 33.45050831696836], [-112.03775601645617, 33.450538297778365], [-112.03776499960901, 33.450538297778365]]}, "properties": {"confidence": "high"}}, {"type": "Feature", "geometry": {"type": "LineString", "coordinates": [[-112.03649837505841, 33.450553288179485], [-112.03649837505841, 33.45050082176424], [-112.03648939190558, 33.45050082176424], [-112.03648939190558, 33.450553288179485], [-112.03649837505841, 33.450553288179485]]}, "properties": {"confidence": "high"}}, {"type": "Feature", "geometry": {"type": "LineString", "coordinates": [[-112.04204098036143, 33.45054579297925], [-112.04204098036143, 33.45050082176424], [-112.0420319972086, 33.45050082176424], [-112.0420319972086, 33.45054579297925], [-112.04204098036143, 33.45054579297925]]}, "properties": {"confidence": "high"}}, {"type": "Feature", "geometry": {"type": "LineString", "coordinates": [[-112.03746855556527, 33.45063573533931], [-112.03746855556527, 33.45050082176424], [-112.03747753871811, 33.45050082176424], [-112.03747753871811, 33.45049332655947], [-112.03745957241242, 33.45049332655947], [-112.03745957241242, 33.45063573533931], [-112.03746855556527, 33.45063573533931]]}, "properties": {"confidence": "high"}}, {"type": "Feature", "geometry": {"type": "LineString", "coordinates": [[-112.03748652187095, 33.45049332655947], [-112.03748652187095, 33.45048583135405], [-112.03747753871811, 33.45048583135405], [-112.03747753871811, 33.45049332655947], [-112.03748652187095, 33.45049332655947]]}, "properties": {"confidence": "high"}}, {"type": "Feature", "geometry": {"type": "LineString", "coordinates": [[-112.03745957241242, 33.45049332655947], [-112.03745957241242, 33.45048583135405], [-112.03745058925958, 33.45048583135405], [-112.03745058925958, 33.45049332655947], [-112.03745957241242, 33.45049332655947]]}, "properties": {"confidence": "high"}}, {"type": "Feature", "geometry": {"type": "LineString", "coordinates": [[-112.03749550502378, 33.45048583135405], [-112.03749550502378, 33.45047833614799], [-112.03748652187095, 33.45047833614799], [-112.03748652187095, 33.45048583135405], [-112.03749550502378, 33.45048583135405]]}, "properties": {"confidence": "high"}}, {"type": "Feature", "geometry": {"type": "LineString", "coordinates": [[-112.03745058925958, 33.45048583135405], [-112.03745058925958, 33.45047833614799], [-112.03744160610674, 33.45047833614799], [-112.03744160610674, 33.45048583135405], [-112.03745058925958, 33.45048583135405]]}, "properties": {"confidence": "high"}}, {"type": "Feature", "geometry": {"type": "LineString", "coordinates": [[-112.03777398276186, 33.45050831696836], [-112.03777398276186, 33.45047084094128], [-112.03776499960901, 33.45047084094128], [-112.03776499960901, 33.45050831696836], [-112.03777398276186, 33.45050831696836]]}, "properties": {"confidence": "high"}}, {"type": "Feature", "geometry": {"type": "LineString", "coordinates": [[-112.03750448817662, 33.45047833614799], [-112.03750448817662, 33.45047084094128], [-112.03749550502378, 33.45047084094128], [-112.03749550502378, 33.45047833614799], [-112.03750448817662, 33.45047833614799]]}, "properties": {"confidence": "high"}}, {"type": "Feature", "geometry": {"type": "LineString", "coordinates": [[-112.03744160610674, 33.45047833614799], [-112.03744160610674, 33.45047084094128], [-112.0374326229539, 33.45047084094128], [-112.0374326229539, 33.45047833614799], [-112.03744160610674, 33.45047833614799]]}, "properties": {"confidence": "high"}}, {"type": "Feature", "geometry": {"type": "LineString", "coordinates": [[-112.03897772524257, 33.450650725723584], [-112.03897772524257, 33.45046334573392], [-112.03896874208974, 33.45046334573392], [-112.03896874208974, 33.450650725723584], [-112.03897772524257, 33.450650725723584]]}, "properties": {"confidence": "high"}}, {"type": "Feature", "geometry": {"type": "LineString", "coordinates": [[-112.03683973486638, 33.450538297778365], [-112.03683973486638, 33.45046334573392], [-112.03683075171354, 33.45046334573392], [-112.03683075171354, 33.450538297778365], [-112.03683973486638, 33.450538297778365]]}, "properties": {"confidence": "high"}}, {"type": "Feature", "geometry": {"type": "LineString", "coordinates": [[-112.03751347132946, 33.45047084094128], [-112.03751347132946, 33.45046334573392], [-112.03750448817662, 33.45046334573392], [-112.03750448817662, 33.45047084094128], [-112.03751347132946, 33.45047084094128]]}, "properties": {"confidence": "high"}}, {"type": "Feature", "geometry": {"type": "LineString", "coordinates": [[-112.0374326229539, 33.45047084094128], [-112.0374326229539, 33.45046334573392], [-112.03742363980106, 33.45046334573392], [-112.03742363980106, 33.45047084094128], [-112.0374326229539, 33.45047084094128]]}, "properties": {"confidence": "high"}}, {"type": "Feature", "geometry": {"type": "LineString", "coordinates": [[-112.03752245448231, 33.45046334573392], [-112.03752245448231, 33.45045585052591], [-112.03751347132946, 33.45045585052591], [-112.03751347132946, 33.45046334573392], [-112.03752245448231, 33.45046334573392]]}, "properties": {"confidence": "high"}}, {"type": "Feature", "geometry": {"type": "LineString", "coordinates": [[-112.03742363980106, 33.45046334573392], [-112.03742363980106, 33.45045585052591], [-112.03741465664821, 33.45045585052591], [-112.03741465664821, 33.45046334573392], [-112.03742363980106, 33.45046334573392]]}, "properties": {"confidence": "high"}}, {"type": "Feature", "geometry": {"type": "LineString", "coordinates": [[-112.03753143763515, 33.45045585052591], [-112.03753143763515, 33.45044835531725], [-112.03752245448231, 33.45044835531725], [-112.03752245448231, 33.45045585052591], [-112.03753143763515, 33.45045585052591]]}, "properties": {"confidence": "high"}}, {"type": "Feature", "geometry": {"type": "LineString", "coordinates": [[-112.03741465664821, 33.45045585052591], [-112.03741465664821, 33.45044835531725], [-112.03740567349537, 33.45044835531725], [-112.03740567349537, 33.45045585052591], [-112.03741465664821, 33.45045585052591]]}, "properties": {"confidence": "high"}}, {"type": "Feature", "geometry": {"type": "LineString", "coordinates": [[-112.03877111272723, 33.45044835531725], [-112.03877111272723, 33.45044086010795], [-112.038501618142, 33.45044086010795], [-112.038501618142, 33.45044835531725], [-112.03877111272723, 33.45044835531725]]}, "properties": {"confidence": "high"}}, {"type": "Feature", "geometry": {"type": "LineString", "coordinates": [[-112.03836687084937, 33.45044835531725], [-112.03836687084937, 33.45044086010795], [-112.03833992139086, 33.45044086010795], [-112.03833992139086, 33.45044835531725], [-112.03836687084937, 33.45044835531725]]}, "properties": {"confidence": "high"}}, {"type": "Feature", "geometry": {"type": "LineString", "coordinates": [[-112.03754042078799, 33.45044835531725], [-112.03754042078799, 33.45044086010795], [-112.03753143763515, 33.45044086010795], [-112.03753143763515, 33.45044835531725], [-112.03754042078799, 33.45044835531725]]}, "properties": {"confidence": "high"}}, {"type": "Feature", "geometry": {"type": "LineString", "coordinates": [[-112.03740567349537, 33.45044835531725], [-112.03740567349537, 33.45044086010795], [-112.03739669034253, 33.45044086010795], [-112.03739669034253, 33.45044835531725], [-112.03740567349537, 33.45044835531725]]}, "properties": {"confidence": "high"}}, {"type": "Feature", "geometry": {"type": "LineString", "coordinates": [[-112.04204996351427, 33.45050082176424], [-112.04204996351427, 33.450433364898], [-112.04204098036143, 33.450433364898], [-112.04204098036143, 33.45044086010795], [-112.04124147975855, 33.45044086010795], [-112.04124147975855, 33.45044835531725], [-112.04204098036143, 33.45044835531725], [-112.04204098036143, 33.45050082176424], [-112.04204996351427, 33.45050082176424]]}, "properties": {"confidence": "high"}}, {"type": "Feature", "geometry": {"type": "LineString", "coordinates": [[-112.0377829659147, 33.45047084094128], [-112.0377829659147, 33.450433364898], [-112.03777398276186, 33.450433364898], [-112.03777398276186, 33.45047084094128], [-112.0377829659147, 33.45047084094128]]}, "properties": {"confidence": "high"}}, {"type": "Feature", "geometry": {"type": "LineString", "coordinates": [[-112.03684871801921, 33.45046334573392], [-112.03684871801921, 33.450433364898], [-112.03683973486638, 33.450433364898], [-112.03683973486638, 33.45046334573392], [-112.03684871801921, 33.45046334573392]]}, "properties": {"confidence": "high"}}, {"type": "Feature", "geometry": {"type": "LineString", "coordinates": [[-112.038501618142, 33.45044086010795], [-112.038501618142, 33.450433364898], [-112.03836687084937, 33.450433364898], [-112.03836687084937, 33.45044086010795], [-112.038501618142, 33.45044086010795]]}, "properties": {"confidence": "high"}}, {"type": "Feature", "geometry": {"type": "LineString", "coordinates": [[-112.03833992139086, 33.45044086010795], [-112.03833992139086, 33.450433364898], [-112.03831297193233, 33.450433364898], [-112.03831297193233, 33.45044086010795], [-112.03833992139086, 33.45044086010795]]}, "properties": {"confidence": "high"}}, {"type": "Feature", "geometry": {"type": "LineString", "coordinates": [[-112.03754940394083, 33.45044086010795], [-112.03754940394083, 33.450433364898], [-112.03754042078799, 33.450433364898], [-112.03754042078799, 33.45044086010795], [-112.03754940394083, 33.45044086010795]]}, "properties": {"confidence": "high"}}, {"type": "Feature", "geometry": {"type": "LineString", "coordinates": [[-112.03739669034253, 33.45044086010795], [-112.03739669034253, 33.450433364898], [-112.0373877071897, 33.450433364898], [-112.0373877071897, 33.45044086010795], [-112.03739669034253, 33.45044086010795]]}, "properties": {"confidence": "high"}}, {"type": "Feature", "geometry": {"type": "LineString", "coordinates": [[-112.03650735821125, 33.45050082176424], [-112.03650735821125, 33.4504258696874], [-112.03649837505841, 33.4504258696874], [-112.03649837505841, 33.45050082176424], [-112.03650735821125, 33.45050082176424]]}, "properties": {"confidence": "high"}}, {"type": "Feature", "geometry": {"type": "LineString", "coordinates": [[-112.0373877071897, 33.450433364898], [-112.0373877071897, 33.4504258696874], [-112.03737872403686, 33.4504258696874], [-112.03737872403686, 33.450433364898], [-112.0373877071897, 33.450433364898]]}, "properties": {"confidence": "high"}}, {"type": "Feature", "geometry": {"type": "LineString", "coordinates": [[-112.03708227999309, 33.45070319204815], [-112.03708227999309, 33.450433364898], [-112.03713617891013, 33.450433364898], [-112.03713617891013, 33.4504258696874], [-112.03707329684025, 33.4504258696874], [-112.03707329684025, 33.45070319204815], [-112.03708227999309, 33.45070319204815]]}, "properties": {"confidence": "high"}}, {"type": "Feature", "geometry": {"type": "LineString", "coordinates": [[-112.03685770117207, 33.450433364898], [-112.03685770117207, 33.4504258696874], [-112.03684871801921, 33.4504258696874], [-112.03684871801921, 33.450433364898], [-112.03685770117207, 33.450433364898]]}, "properties": {"confidence": "high"}}, {"type": "Feature", "geometry": {"type": "LineString", "coordinates": [[-112.0357527733726, 33.450433364898], [-112.0357527733726, 33.4504258696874], [-112.0356449755385, 33.4504258696874], [-112.0356449755385, 33.450433364898], [-112.0357527733726, 33.450433364898]]}, "properties": {"confidence": "high"}}, {"type": "Feature", "geometry": {"type": "LineString", "coordinates": [[-112.03755838709367, 33.450433364898], [-112.03755838709367, 33.45041837447614], [-112.03754940394083, 33.45041837447614], [-112.03754940394083, 33.450433364898], [-112.03755838709367, 33.450433364898]]}, "properties": {"confidence": "high"}}, {"type": "Feature", "geometry": {"type": "LineString", "coordinates": [[-112.03707329684025, 33.4504258696874], [-112.03707329684025, 33.45041837447614], [-112.03706431368741, 33.45041837447614], [-112.03706431368741, 33.4504258696874], [-112.03707329684025, 33.4504258696874]]}, "properties": {"confidence": "high"}}, {"type": "Feature", "geometry": {"type": "LineString", "coordinates": [[-112.0368666843249, 33.4504258696874], [-112.0368666843249, 33.45041837447614], [-112.03685770117207, 33.45041837447614], [-112.03685770117207, 33.4504258696874], [-112.0368666843249, 33.4504258696874]]}, "properties": {"confidence": "high"}}, {"type": "Feature", "geometry": {"type": "LineString", "coordinates": [[-112.03618396470897, 33.4504258696874], [-112.03618396470897, 33.45041837447614], [-112.0357527733726, 33.45041837447614], [-112.0357527733726, 33.4504258696874], [-112.03618396470897, 33.4504258696874]]}, "properties": {"confidence": "high"}}, {"type": "Feature", "geometry": {"type": "LineString", "coordinates": [[-112.0356449755385, 33.4504258696874], [-112.0356449755385, 33.45041837447614], [-112.03480954232427, 33.45041837447614], [-112.03480954232427, 33.4504258696874], [-112.0356449755385, 33.4504258696874]]}, "properties": {"confidence": "high"}}, {"type": "Feature", "geometry": {"type": "LineString", "coordinates": [[-112.03737872403686, 33.4504258696874], [-112.03737872403686, 33.45041837447614], [-112.03736075773116, 33.45041837447614], [-112.03736075773116, 33.450410879264254], [-112.03735177457833, 33.450410879264254], [-112.03735177457833, 33.45041837447614], [-112.03713617891013, 33.45041837447614], [-112.03713617891013, 33.4504258696874], [-112.03737872403686, 33.4504258696874]]}, "properties": {"confidence": "high"}}, {"type": "Feature", "geometry": {"type": "LineString", "coordinates": [[-112.03687566747774, 33.45041837447614], [-112.03687566747774, 33.450410879264254], [-112.0368666843249, 33.450410879264254], [-112.0368666843249, 33.45041837447614], [-112.03687566747774, 33.45041837447614]]}, "properties": {"confidence": "high"}}, {"type": "Feature", "geometry": {"type": "LineString", "coordinates": [[-112.03480954232427, 33.45041837447614], [-112.03480954232427, 33.450410879264254], [-112.03465682872597, 33.450410879264254], [-112.03465682872597, 33.45041837447614], [-112.03480954232427, 33.45041837447614]]}, "properties": {"confidence": "high"}}, {"type": "Feature", "geometry": {"type": "LineString", "coordinates": [[-112.03779194906754, 33.450433364898], [-112.03779194906754, 33.45040338405171], [-112.0377829659147, 33.45040338405171], [-112.0377829659147, 33.450433364898], [-112.03779194906754, 33.450433364898]]}, "properties": {"confidence": "high"}}, {"type": "Feature", "geometry": {"type": "LineString", "coordinates": [[-112.03735177457833, 33.450410879264254], [-112.03735177457833, 33.45040338405171], [-112.03734279142549, 33.45040338405171], [-112.03734279142549, 33.450410879264254], [-112.03735177457833, 33.450410879264254]]}, "properties": {"confidence": "high"}}, {"type": "Feature", "geometry": {"type": "LineString", "coordinates": [[-112.03689363378342, 33.450410879264254], [-112.03689363378342, 33.45040338405171], [-112.03687566747774, 33.45040338405171], [-112.03687566747774, 33.450410879264254], [-112.03689363378342, 33.450410879264254]]}, "properties": {"confidence": "high"}}, {"type": "Feature", "geometry": {"type": "LineString", "coordinates": [[-112.04205894666711, 33.450433364898], [-112.04205894666711, 33.45039588883852], [-112.04204996351427, 33.45039588883852], [-112.04204996351427, 33.450433364898], [-112.04205894666711, 33.450433364898]]}, "properties": {"confidence": "high"}}, {"type": "Feature", "geometry": {"type": "LineString", "coordinates": [[-112.03734279142549, 33.45040338405171], [-112.03734279142549, 33.45039588883852], [-112.03733380827265, 33.45039588883852], [-112.03733380827265, 33.45040338405171], [-112.03734279142549, 33.45040338405171]]}, "properties": {"confidence": "high"}}, {"type": "Feature", "geometry": {"type": "LineString", "coordinates": [[-112.03690261693627, 33.45040338405171], [-112.03690261693627, 33.45039588883852], [-112.03689363378342, 33.45039588883852], [-112.03689363378342, 33.45040338405171], [-112.03690261693627, 33.45040338405171]]}, "properties": {"confidence": "high"}}, {"type": "Feature", "geometry": {"type": "LineString", "coordinates": [[-112.03733380827265, 33.45039588883852], [-112.03733380827265, 33.450388393624685], [-112.03732482511981, 33.450388393624685], [-112.03732482511981, 33.45039588883852], [-112.03733380827265, 33.45039588883852]]}, "properties": {"confidence": "high"}}, {"type": "Feature", "geometry": {"type": "LineString", "coordinates": [[-112.03692058324195, 33.45039588883852], [-112.03692058324195, 33.450388393624685], [-112.03690261693627, 33.450388393624685], [-112.03690261693627, 33.45039588883852], [-112.03692058324195, 33.45039588883852]]}, "properties": {"confidence": "high"}}, {"type": "Feature", "geometry": {"type": "LineString", "coordinates": [[-112.03692956639479, 33.450388393624685], [-112.03692956639479, 33.4503808984102], [-112.03692058324195, 33.4503808984102], [-112.03692058324195, 33.450388393624685], [-112.03692956639479, 33.450388393624685]]}, "properties": {"confidence": "high"}}, {"type": "Feature", "geometry": {"type": "LineString", "coordinates": [[-112.03706431368741, 33.45041837447614], [-112.03706431368741, 33.450373403195066], [-112.03705533053457, 33.450373403195066], [-112.03705533053457, 33.45041837447614], [-112.03706431368741, 33.45041837447614]]}, "properties": {"confidence": "high"}}, {"type": "Feature", "geometry": {"type": "LineString", "coordinates": [[-112.03780093222038, 33.45040338405171], [-112.03780093222038, 33.450373403195066], [-112.03779194906754, 33.450373403195066], [-112.03779194906754, 33.45040338405171], [-112.03780093222038, 33.45040338405171]]}, "properties": {"confidence": "high"}}, {"type": "Feature", "geometry": {"type": "LineString", "coordinates": [[-112.03694753270047, 33.4503808984102], [-112.03694753270047, 33.450373403195066], [-112.03692956639479, 33.450373403195066], [-112.03692956639479, 33.4503808984102], [-112.03694753270047, 33.4503808984102]]}, "properties": {"confidence": "high"}}, {"type": "Feature", "geometry": {"type": "LineString", "coordinates": [[-112.03651634136409, 33.4504258696874], [-112.03651634136409, 33.45036590797928], [-112.03650735821125, 33.45036590797928], [-112.03650735821125, 33.4504258696874], [-112.03651634136409, 33.4504258696874]]}, "properties": {"confidence": "high"}}, {"type": "Feature", "geometry": {"type": "LineString", "coordinates": [[-112.03696549900616, 33.450373403195066], [-112.03696549900616, 33.45036590797928], [-112.03694753270047, 33.45036590797928], [-112.03694753270047, 33.450373403195066], [-112.03696549900616, 33.450373403195066]]}, "properties": {"confidence": "high"}}, {"type": "Feature", "geometry": {"type": "LineString", "coordinates": [[-112.03705533053457, 33.450373403195066], [-112.03705533053457, 33.45035841276286], [-112.03704634738172, 33.45035841276286], [-112.03704634738172, 33.450373403195066], [-112.03705533053457, 33.450373403195066]]}, "properties": {"confidence": "high"}}, {"type": "Feature", "geometry": {"type": "LineString", "coordinates": [[-112.03698346531183, 33.45036590797928], [-112.03698346531183, 33.45035841276286], [-112.03696549900616, 33.45035841276286], [-112.03696549900616, 33.45036590797928], [-112.03698346531183, 33.45036590797928]]}, "properties": {"confidence": "high"}}, {"type": "Feature", "geometry": {"type": "LineString", "coordinates": [[-112.03704634738172, 33.45035841276286], [-112.03704634738172, 33.450350917545784], [-112.03703736422888, 33.450350917545784], [-112.03703736422888, 33.45035841276286], [-112.03704634738172, 33.45035841276286]]}, "properties": {"confidence": "high"}}, {"type": "Feature", "geometry": {"type": "LineString", "coordinates": [[-112.03700143161751, 33.45035841276286], [-112.03700143161751, 33.450350917545784], [-112.03698346531183, 33.450350917545784], [-112.03698346531183, 33.45035841276286], [-112.03700143161751, 33.45035841276286]]}, "properties": {"confidence": "high"}}, {"type": "Feature", "geometry": {"type": "LineString", "coordinates": [[-112.04206792981995, 33.45039588883852], [-112.04206792981995, 33.45034342232806], [-112.04205894666711, 33.45034342232806], [-112.04205894666711, 33.45039588883852], [-112.04206792981995, 33.45039588883852]]}, "properties": {"confidence": "high"}}, {"type": "Feature", "geometry": {"type": "LineString", "coordinates": [[-112.03703736422888, 33.450350917545784], [-112.03703736422888, 33.45034342232806], [-112.03702838107604, 33.45034342232806], [-112.03702838107604, 33.450350917545784], [-112.03703736422888, 33.450350917545784]]}, "properties": {"confidence": "high"}}, {"type": "Feature", "geometry": {"type": "LineString", "coordinates": [[-112.03701041477036, 33.450350917545784], [-112.03701041477036, 33.45034342232806], [-112.03700143161751, 33.45034342232806], [-112.03700143161751, 33.450350917545784], [-112.03701041477036, 33.450350917545784]]}, "properties": {"confidence": "high"}}, {"type": "Feature", "geometry": {"type": "LineString", "coordinates": [[-112.03780991537322, 33.450373403195066], [-112.03780991537322, 33.45032843189067], [-112.03780093222038, 33.45032843189067], [-112.03780093222038, 33.450373403195066], [-112.03780991537322, 33.450373403195066]]}, "properties": {"confidence": "high"}}, {"type": "Feature", "geometry": {"type": "LineString", "coordinates": [[-112.03652532451693, 33.45036590797928], [-112.03652532451693, 33.45031344145069], [-112.03651634136409, 33.45031344145069], [-112.03651634136409, 33.45036590797928], [-112.03652532451693, 33.45036590797928]]}, "properties": {"confidence": "high"}}, {"type": "Feature", "geometry": {"type": "LineString", "coordinates": [[-112.03781889852606, 33.45032843189067], [-112.03781889852606, 33.45028346056295], [-112.03780991537322, 33.45028346056295], [-112.03780991537322, 33.45032843189067], [-112.03781889852606, 33.45032843189067]]}, "properties": {"confidence": "high"}}, {"type": "Feature", "geometry": {"type": "LineString", "coordinates": [[-112.04337947013477, 33.451355270861846], [-112.04337947013477, 33.4502684701152], [-112.04337048698193, 33.4502684701152], [-112.04337048698193, 33.451355270861846], [-112.04337947013477, 33.451355270861846]]}, "properties": {"confidence": "high"}}, {"type": "Feature", "geometry": {"type": "LineString", "coordinates": [[-112.03702838107604, 33.45034342232806], [-112.03702838107604, 33.4502459844387], [-112.0370193979232, 33.4502459844387], [-112.0370193979232, 33.450335927109684], [-112.03701041477036, 33.450335927109684], [-112.03701041477036, 33.45034342232806], [-112.03702838107604, 33.45034342232806]]}, "properties": {"confidence": "high"}}, {"type": "Feature", "geometry": {"type": "LineString", "coordinates": [[-112.03782788167891, 33.45028346056295], [-112.03782788167891, 33.45023848921191], [-112.03781889852606, 33.45023848921191], [-112.03781889852606, 33.45028346056295], [-112.03782788167891, 33.45028346056295]]}, "properties": {"confidence": "high"}}, {"type": "Feature", "geometry": {"type": "LineString", "coordinates": [[-112.03653430766977, 33.45031344145069], [-112.03653430766977, 33.45023099398447], [-112.03652532451693, 33.45023099398447], [-112.03652532451693, 33.45031344145069], [-112.03653430766977, 33.45031344145069]]}, "properties": {"confidence": "high"}}, {"type": "Feature", "geometry": {"type": "LineString", "coordinates": [[-112.03732482511981, 33.450388393624685], [-112.03732482511981, 33.45021600352764], [-112.03731584196697, 33.45021600352764], [-112.03731584196697, 33.450388393624685], [-112.03732482511981, 33.450388393624685]]}, "properties": {"confidence": "high"}}, {"type": "Feature", "geometry": {"type": "LineString", "coordinates": [[-112.04207691297279, 33.45034342232806], [-112.04207691297279, 33.45020850829826], [-112.04206792981995, 33.45020850829826], [-112.04206792981995, 33.45034342232806], [-112.04207691297279, 33.45034342232806]]}, "properties": {"confidence": "high"}}, {"type": "Feature", "geometry": {"type": "LineString", "coordinates": [[-112.03756737024652, 33.45041837447614], [-112.03756737024652, 33.45020101306823], [-112.03755838709367, 33.45020101306823], [-112.03755838709367, 33.45041837447614], [-112.03756737024652, 33.45041837447614]]}, "properties": {"confidence": "high"}}, {"type": "Feature", "geometry": {"type": "LineString", "coordinates": [[-112.03783686483175, 33.45023848921191], [-112.03783686483175, 33.45020101306823], [-112.03782788167891, 33.45020101306823], [-112.03782788167891, 33.45023848921191], [-112.03783686483175, 33.45023848921191]]}, "properties": {"confidence": "high"}}, {"type": "Feature", "geometry": {"type": "LineString", "coordinates": [[-112.03733380827265, 33.45021600352764], [-112.03733380827265, 33.45020101306823], [-112.03732482511981, 33.45020101306823], [-112.03732482511981, 33.45021600352764], [-112.03733380827265, 33.45021600352764]]}, "properties": {"confidence": "high"}}, {"type": "Feature", "geometry": {"type": "LineString", "coordinates": [[-112.03734279142549, 33.45020101306823], [-112.03734279142549, 33.45019351783755], [-112.03733380827265, 33.45019351783755], [-112.03733380827265, 33.45020101306823], [-112.03734279142549, 33.45020101306823]]}, "properties": {"confidence": "high"}}, {"type": "Feature", "geometry": {"type": "LineString", "coordinates": [[-112.03735177457833, 33.45019351783755], [-112.03735177457833, 33.45018602260622], [-112.03734279142549, 33.45018602260622], [-112.03734279142549, 33.45019351783755], [-112.03735177457833, 33.45019351783755]]}, "properties": {"confidence": "high"}}, {"type": "Feature", "geometry": {"type": "LineString", "coordinates": [[-112.03755838709367, 33.45020101306823], [-112.03755838709367, 33.45017852737424], [-112.03754940394083, 33.45017852737424], [-112.03754940394083, 33.45020101306823], [-112.03755838709367, 33.45020101306823]]}, "properties": {"confidence": "high"}}, {"type": "Feature", "geometry": {"type": "LineString", "coordinates": [[-112.03703736422888, 33.4502459844387], [-112.03703736422888, 33.45016353690835], [-112.03702838107604, 33.45016353690835], [-112.03702838107604, 33.4502459844387], [-112.03703736422888, 33.4502459844387]]}, "properties": {"confidence": "high"}}, {"type": "Feature", "geometry": {"type": "LineString", "coordinates": [[-112.0378458479846, 33.45020101306823], [-112.0378458479846, 33.45016353690835], [-112.03783686483175, 33.45016353690835], [-112.03783686483175, 33.45020101306823], [-112.0378458479846, 33.45020101306823]]}, "properties": {"confidence": "high"}}, {"type": "Feature", "geometry": {"type": "LineString", "coordinates": [[-112.03754940394083, 33.45017852737424], [-112.03754940394083, 33.45016353690835], [-112.03754042078799, 33.45016353690835], [-112.03754042078799, 33.45017852737424], [-112.03754940394083, 33.45017852737424]]}, "properties": {"confidence": "high"}}, {"type": "Feature", "geometry": {"type": "LineString", "coordinates": [[-112.03736075773116, 33.45018602260622], [-112.03736075773116, 33.450171032141625], [-112.03737872403686, 33.450171032141625], [-112.03737872403686, 33.45016353690835], [-112.03727092620275, 33.45016353690835], [-112.03727092620275, 33.450171032141625], [-112.03735177457833, 33.450171032141625], [-112.03735177457833, 33.45018602260622], [-112.03736075773116, 33.45018602260622]]}, "properties": {"confidence": "high"}}, {"type": "Feature", "geometry": {"type": "LineString", "coordinates": [[-112.03754042078799, 33.45016353690835], [-112.03754042078799, 33.45015604167443], [-112.03753143763515, 33.45015604167443], [-112.03753143763515, 33.45016353690835], [-112.03754042078799, 33.45016353690835]]}, "properties": {"confidence": "high"}}, {"type": "Feature", "geometry": {"type": "LineString", "coordinates": [[-112.0373877071897, 33.45016353690835], [-112.0373877071897, 33.45015604167443], [-112.03737872403686, 33.45015604167443], [-112.03737872403686, 33.45016353690835], [-112.0373877071897, 33.45016353690835]]}, "properties": {"confidence": "high"}}, {"type": "Feature", "geometry": {"type": "LineString", "coordinates": [[-112.03753143763515, 33.45015604167443], [-112.03753143763515, 33.45014854643987], [-112.03739669034253, 33.45014854643987], [-112.03739669034253, 33.45014105120465], [-112.0373877071897, 33.45014105120465], [-112.0373877071897, 33.45015604167443], [-112.03753143763515, 33.45015604167443]]}, "properties": {"confidence": "high"}}, {"type": "Feature", "geometry": {"type": "LineString", "coordinates": [[-112.03754042078799, 33.45014854643987], [-112.03754042078799, 33.45014105120465], [-112.03753143763515, 33.45014105120465], [-112.03753143763515, 33.45014854643987], [-112.03754042078799, 33.45014854643987]]}, "properties": {"confidence": "high"}}, {"type": "Feature", "geometry": {"type": "LineString", "coordinates": [[-112.03785483113744, 33.45016353690835], [-112.03785483113744, 33.45013355596879], [-112.0378458479846, 33.45013355596879], [-112.0378458479846, 33.45016353690835], [-112.03785483113744, 33.45016353690835]]}, "properties": {"confidence": "high"}}, {"type": "Feature", "geometry": {"type": "LineString", "coordinates": [[-112.03754940394083, 33.45014105120465], [-112.03754940394083, 33.45013355596879], [-112.03754042078799, 33.45013355596879], [-112.03754042078799, 33.45014105120465], [-112.03754940394083, 33.45014105120465]]}, "properties": {"confidence": "high"}}, {"type": "Feature", "geometry": {"type": "LineString", "coordinates": [[-112.0373877071897, 33.45014105120465], [-112.0373877071897, 33.45013355596879], [-112.03737872403686, 33.45013355596879], [-112.03737872403686, 33.45014105120465], [-112.0373877071897, 33.45014105120465]]}, "properties": {"confidence": "high"}}, {"type": "Feature", "geometry": {"type": "LineString", "coordinates": [[-112.03737872403686, 33.45013355596879], [-112.03737872403686, 33.45012606073229], [-112.03736974088402, 33.45012606073229], [-112.03736974088402, 33.45013355596879], [-112.03737872403686, 33.45013355596879]]}, "properties": {"confidence": "high"}}, {"type": "Feature", "geometry": {"type": "LineString", "coordinates": [[-112.03736974088402, 33.45012606073229], [-112.03736974088402, 33.45011856549513], [-112.03736075773116, 33.45011856549513], [-112.03736075773116, 33.45012606073229], [-112.03736974088402, 33.45012606073229]]}, "properties": {"confidence": "high"}}, {"type": "Feature", "geometry": {"type": "LineString", "coordinates": [[-112.03736075773116, 33.45011856549513], [-112.03736075773116, 33.45011107025733], [-112.03735177457833, 33.45011107025733], [-112.03735177457833, 33.45011856549513], [-112.03736075773116, 33.45011856549513]]}, "properties": {"confidence": "high"}}, {"type": "Feature", "geometry": {"type": "LineString", "coordinates": [[-112.03654329082262, 33.45023099398447], [-112.03654329082262, 33.45010357501887], [-112.03653430766977, 33.45010357501887], [-112.03653430766977, 33.45023099398447], [-112.03654329082262, 33.45023099398447]]}, "properties": {"confidence": "high"}}, {"type": "Feature", "geometry": {"type": "LineString", "coordinates": [[-112.03755838709367, 33.45013355596879], [-112.03755838709367, 33.45010357501887], [-112.03754940394083, 33.45010357501887], [-112.03754940394083, 33.45013355596879], [-112.03755838709367, 33.45013355596879]]}, "properties": {"confidence": "high"}}, {"type": "Feature", "geometry": {"type": "LineString", "coordinates": [[-112.03735177457833, 33.45011107025733], [-112.03735177457833, 33.45010357501887], [-112.03734279142549, 33.45010357501887], [-112.03734279142549, 33.45011107025733], [-112.03735177457833, 33.45011107025733]]}, "properties": {"confidence": "high"}}, {"type": "Feature", "geometry": {"type": "LineString", "coordinates": [[-112.03734279142549, 33.45010357501887], [-112.03734279142549, 33.45009607977977], [-112.03733380827265, 33.45009607977977], [-112.03733380827265, 33.45010357501887], [-112.03734279142549, 33.45010357501887]]}, "properties": {"confidence": "high"}}, {"type": "Feature", "geometry": {"type": "LineString", "coordinates": [[-112.03786381429028, 33.45013355596879], [-112.03786381429028, 33.45008858454002], [-112.03785483113744, 33.45008858454002], [-112.03785483113744, 33.45013355596879], [-112.03786381429028, 33.45013355596879]]}, "properties": {"confidence": "high"}}, {"type": "Feature", "geometry": {"type": "LineString", "coordinates": [[-112.03733380827265, 33.45009607977977], [-112.03733380827265, 33.45007359405859], [-112.03732482511981, 33.45007359405859], [-112.03732482511981, 33.45009607977977], [-112.03733380827265, 33.45009607977977]]}, "properties": {"confidence": "high"}}, {"type": "Feature", "geometry": {"type": "LineString", "coordinates": [[-112.03655227397546, 33.45010357501887], [-112.03655227397546, 33.450043613087935], [-112.03654329082262, 33.450043613087935], [-112.03654329082262, 33.45010357501887], [-112.03655227397546, 33.45010357501887]]}, "properties": {"confidence": "high"}}, {"type": "Feature", "geometry": {"type": "LineString", "coordinates": [[-112.03787279744311, 33.45008858454002], [-112.03787279744311, 33.45003611784365], [-112.03786381429028, 33.45003611784365], [-112.03786381429028, 33.45008858454002], [-112.03787279744311, 33.45008858454002]]}, "properties": {"confidence": "high"}}, {"type": "Feature", "geometry": {"type": "LineString", "coordinates": [[-112.03788178059597, 33.45003611784365], [-112.03788178059597, 33.45000613686005], [-112.03787279744311, 33.45000613686005], [-112.03787279744311, 33.45003611784365], [-112.03788178059597, 33.45003611784365]]}, "properties": {"confidence": "high"}}, {"type": "Feature", "geometry": {"type": "LineString", "coordinates": [[-112.04208589612564, 33.45020850829826], [-112.04208589612564, 33.44999864161253], [-112.04207691297279, 33.44999864161253], [-112.04207691297279, 33.45020850829826], [-112.04208589612564, 33.45020850829826]]}, "properties": {"confidence": "high"}}, {"type": "Feature", "geometry": {"type": "LineString", "coordinates": [[-112.03732482511981, 33.45007359405859], [-112.03732482511981, 33.44999864161253], [-112.03731584196697, 33.44999864161253], [-112.03731584196697, 33.45007359405859], [-112.03732482511981, 33.45007359405859]]}, "properties": {"confidence": "high"}}, {"type": "Feature", "geometry": {"type": "LineString", "coordinates": [[-112.0378907637488, 33.45000613686005], [-112.0378907637488, 33.449976155866075], [-112.03788178059597, 33.449976155866075], [-112.03788178059597, 33.45000613686005], [-112.0378907637488, 33.45000613686005]]}, "properties": {"confidence": "high"}}, {"type": "Feature", "geometry": {"type": "LineString", "coordinates": [[-112.0365612571283, 33.450043613087935], [-112.0365612571283, 33.449946174861736], [-112.03655227397546, 33.449946174861736], [-112.03655227397546, 33.450043613087935], [-112.0365612571283, 33.450043613087935]]}, "properties": {"confidence": "high"}}, {"type": "Feature", "geometry": {"type": "LineString", "coordinates": [[-112.03789974690164, 33.449976155866075], [-112.03789974690164, 33.449946174861736], [-112.0378907637488, 33.449946174861736], [-112.0378907637488, 33.449976155866075], [-112.03789974690164, 33.449976155866075]]}, "properties": {"confidence": "high"}}, {"type": "Feature", "geometry": {"type": "LineString", "coordinates": [[-112.03733380827265, 33.44999864161253], [-112.03733380827265, 33.44993867960904], [-112.03732482511981, 33.44993867960904], [-112.03732482511981, 33.44999864161253], [-112.03733380827265, 33.44999864161253]]}, "properties": {"confidence": "high"}}, {"type": "Feature", "geometry": {"type": "LineString", "coordinates": [[-112.04095401886765, 33.449946174861736], [-112.04095401886765, 33.44993867960904], [-112.04084622103355, 33.44993867960904], [-112.04084622103355, 33.449946174861736], [-112.04095401886765, 33.449946174861736]]}, "properties": {"confidence": "high"}}, {"type": "Feature", "geometry": {"type": "LineString", "coordinates": [[-112.040989951479, 33.44993867960904], [-112.040989951479, 33.44993118435569], [-112.04095401886765, 33.44993118435569], [-112.04095401886765, 33.44993867960904], [-112.040989951479, 33.44993867960904]]}, "properties": {"confidence": "high"}}, {"type": "Feature", "geometry": {"type": "LineString", "coordinates": [[-112.04084622103355, 33.44993867960904], [-112.04084622103355, 33.44993118435569], [-112.0408102884222, 33.44993118435569], [-112.0408102884222, 33.44993867960904], [-112.04084622103355, 33.44993867960904]]}, "properties": {"confidence": "high"}}, {"type": "Feature", "geometry": {"type": "LineString", "coordinates": [[-112.03932806820339, 33.44993867960904], [-112.03932806820339, 33.44993118435569], [-112.03929213559202, 33.44993118435569], [-112.03929213559202, 33.44993867960904], [-112.03932806820339, 33.44993867960904]]}, "properties": {"confidence": "high"}}, {"type": "Feature", "geometry": {"type": "LineString", "coordinates": [[-112.03734279142549, 33.44993867960904], [-112.03734279142549, 33.44993118435569], [-112.03733380827265, 33.44993118435569], [-112.03733380827265, 33.44993867960904], [-112.03734279142549, 33.44993867960904]]}, "properties": {"confidence": "high"}}, {"type": "Feature", "geometry": {"type": "LineString", "coordinates": [[-112.03735177457833, 33.44993118435569], [-112.03735177457833, 33.44992368910169], [-112.03734279142549, 33.44992368910169], [-112.03734279142549, 33.44993118435569], [-112.03735177457833, 33.44993118435569]]}, "properties": {"confidence": "high"}}, {"type": "Feature", "geometry": {"type": "LineString", "coordinates": [[-112.03736075773116, 33.44992368910169], [-112.03736075773116, 33.449916193847045], [-112.03735177457833, 33.449916193847045], [-112.03735177457833, 33.44992368910169], [-112.03736075773116, 33.44992368910169]]}, "properties": {"confidence": "high"}}, {"type": "Feature", "geometry": {"type": "LineString", "coordinates": [[-112.03727092620275, 33.45016353690835], [-112.03727092620275, 33.45015604167443], [-112.03704634738172, 33.45015604167443], [-112.03704634738172, 33.449908698591756], [-112.03702838107604, 33.449908698591756], [-112.03702838107604, 33.449916193847045], [-112.03703736422888, 33.449916193847045], [-112.03703736422888, 33.45016353690835], [-112.03727092620275, 33.45016353690835]]}, "properties": {"confidence": "high"}}, {"type": "Feature", "geometry": {"type": "LineString", "coordinates": [[-112.03736974088402, 33.449916193847045], [-112.03736974088402, 33.449908698591756], [-112.03736075773116, 33.449908698591756], [-112.03736075773116, 33.449916193847045], [-112.03736974088402, 33.449916193847045]]}, "properties": {"confidence": "high"}}, {"type": "Feature", "geometry": {"type": "LineString", "coordinates": [[-112.03756737024652, 33.45010357501887], [-112.03756737024652, 33.449901203335806], [-112.03755838709367, 33.449901203335806], [-112.03755838709367, 33.45010357501887], [-112.03756737024652, 33.45010357501887]]}, "properties": {"confidence": "high"}}, {"type": "Feature", "geometry": {"type": "LineString", "coordinates": [[-112.03790873005448, 33.449946174861736], [-112.03790873005448, 33.449901203335806], [-112.03789974690164, 33.449901203335806], [-112.03789974690164, 33.449946174861736], [-112.03790873005448, 33.449946174861736]]}, "properties": {"confidence": "high"}}, {"type": "Feature", "geometry": {"type": "LineString", "coordinates": [[-112.03737872403686, 33.449908698591756], [-112.03737872403686, 33.449901203335806], [-112.03736974088402, 33.449901203335806], [-112.03736974088402, 33.449908698591756], [-112.03737872403686, 33.449908698591756]]}, "properties": {"confidence": "high"}}, {"type": "Feature", "geometry": {"type": "LineString", "coordinates": [[-112.03702838107604, 33.449908698591756], [-112.03702838107604, 33.449901203335806], [-112.0370193979232, 33.449901203335806], [-112.0370193979232, 33.449908698591756], [-112.03702838107604, 33.449908698591756]]}, "properties": {"confidence": "high"}}, {"type": "Feature", "geometry": {"type": "LineString", "coordinates": [[-112.03705533053457, 33.449908698591756], [-112.03705533053457, 33.44989370807922], [-112.03704634738172, 33.44989370807922], [-112.03704634738172, 33.449908698591756], [-112.03705533053457, 33.449908698591756]]}, "properties": {"confidence": "high"}}, {"type": "Feature", "geometry": {"type": "LineString", "coordinates": [[-112.0373877071897, 33.449901203335806], [-112.0373877071897, 33.44989370807922], [-112.03737872403686, 33.44989370807922], [-112.03737872403686, 33.449901203335806], [-112.0373877071897, 33.449901203335806]]}, "properties": {"confidence": "high"}}, {"type": "Feature", "geometry": {"type": "LineString", "coordinates": [[-112.0370193979232, 33.449901203335806], [-112.0370193979232, 33.44989370807922], [-112.03700143161751, 33.44989370807922], [-112.03700143161751, 33.449901203335806], [-112.0370193979232, 33.449901203335806]]}, "properties": {"confidence": "high"}}, {"type": "Feature", "geometry": {"type": "LineString", "coordinates": [[-112.03739669034253, 33.44989370807922], [-112.03739669034253, 33.44988621282198], [-112.0373877071897, 33.44988621282198], [-112.0373877071897, 33.44989370807922], [-112.03739669034253, 33.44989370807922]]}, "properties": {"confidence": "high"}}, {"type": "Feature", "geometry": {"type": "LineString", "coordinates": [[-112.03755838709367, 33.449901203335806], [-112.03755838709367, 33.449878717564104], [-112.03754940394083, 33.449878717564104], [-112.03754940394083, 33.449901203335806], [-112.03755838709367, 33.449901203335806]]}, "properties": {"confidence": "high"}}, {"type": "Feature", "geometry": {"type": "LineString", "coordinates": [[-112.03740567349537, 33.44988621282198], [-112.03740567349537, 33.449878717564104], [-112.03739669034253, 33.449878717564104], [-112.03739669034253, 33.44988621282198], [-112.03740567349537, 33.44988621282198]]}, "properties": {"confidence": "high"}}, {"type": "Feature", "geometry": {"type": "LineString", "coordinates": [[-112.03741465664821, 33.449878717564104], [-112.03741465664821, 33.44987122230557], [-112.03740567349537, 33.44987122230557], [-112.03740567349537, 33.449878717564104], [-112.03741465664821, 33.449878717564104]]}, "properties": {"confidence": "high"}}, {"type": "Feature", "geometry": {"type": "LineString", "coordinates": [[-112.03791771320732, 33.449901203335806], [-112.03791771320732, 33.449863727046385], [-112.03790873005448, 33.449863727046385], [-112.03790873005448, 33.449901203335806], [-112.03791771320732, 33.449901203335806]]}, "properties": {"confidence": "high"}}, {"type": "Feature", "geometry": {"type": "LineString", "coordinates": [[-112.03754940394083, 33.449878717564104], [-112.03754940394083, 33.449863727046385], [-112.03754042078799, 33.449863727046385], [-112.03754042078799, 33.449878717564104], [-112.03754940394083, 33.449878717564104]]}, "properties": {"confidence": "high"}}, {"type": "Feature", "geometry": {"type": "LineString", "coordinates": [[-112.03742363980106, 33.44987122230557], [-112.03742363980106, 33.449863727046385], [-112.03741465664821, 33.449863727046385], [-112.03741465664821, 33.44987122230557], [-112.03742363980106, 33.44987122230557]]}, "properties": {"confidence": "high"}}, {"type": "Feature", "geometry": {"type": "LineString", "coordinates": [[-112.03704634738172, 33.44989370807922], [-112.03704634738172, 33.44985623178656], [-112.03703736422888, 33.44985623178656], [-112.03703736422888, 33.44989370807922], [-112.03704634738172, 33.44989370807922]]}, "properties": {"confidence": "high"}}, {"type": "Feature", "geometry": {"type": "LineString", "coordinates": [[-112.03754042078799, 33.449863727046385], [-112.03754042078799, 33.44985623178656], [-112.03753143763515, 33.44985623178656], [-112.03753143763515, 33.449863727046385], [-112.03754042078799, 33.449863727046385]]}, "properties": {"confidence": "high"}}, {"type": "Feature", "geometry": {"type": "LineString", "coordinates": [[-112.0374326229539, 33.449863727046385], [-112.0374326229539, 33.44985623178656], [-112.03742363980106, 33.44985623178656], [-112.03742363980106, 33.449863727046385], [-112.0374326229539, 33.449863727046385]]}, "properties": {"confidence": "high"}}, {"type": "Feature", "geometry": {"type": "LineString", "coordinates": [[-112.03753143763515, 33.44985623178656], [-112.03753143763515, 33.44984873652608], [-112.03752245448231, 33.44984873652608], [-112.03752245448231, 33.44985623178656], [-112.03753143763515, 33.44985623178656]]}, "properties": {"confidence": "high"}}, {"type": "Feature", "geometry": {"type": "LineString", "coordinates": [[-112.03744160610674, 33.44985623178656], [-112.03744160610674, 33.44984873652608], [-112.0374326229539, 33.44984873652608], [-112.0374326229539, 33.44985623178656], [-112.03744160610674, 33.44985623178656]]}, "properties": {"confidence": "high"}}, {"type": "Feature", "geometry": {"type": "LineString", "coordinates": [[-112.03792669636016, 33.449863727046385], [-112.03792669636016, 33.449841241264956], [-112.03791771320732, 33.449841241264956], [-112.03791771320732, 33.449863727046385], [-112.03792669636016, 33.449863727046385]]}, "properties": {"confidence": "high"}}, {"type": "Feature", "geometry": {"type": "LineString", "coordinates": [[-112.03752245448231, 33.44984873652608], [-112.03752245448231, 33.449841241264956], [-112.03751347132946, 33.449841241264956], [-112.03751347132946, 33.44984873652608], [-112.03752245448231, 33.44984873652608]]}, "properties": {"confidence": "high"}}, {"type": "Feature", "geometry": {"type": "LineString", "coordinates": [[-112.03745058925958, 33.44984873652608], [-112.03745058925958, 33.449841241264956], [-112.03744160610674, 33.449841241264956], [-112.03744160610674, 33.44984873652608], [-112.03745058925958, 33.44984873652608]]}, "properties": {"confidence": "high"}}, {"type": "Feature", "geometry": {"type": "LineString", "coordinates": [[-112.04120554714719, 33.451385251379065], [-112.04120554714719, 33.45044086010795], [-112.03898670839543, 33.45044086010795], [-112.03898670839543, 33.449946174861736], [-112.03929213559202, 33.449946174861736], [-112.03929213559202, 33.44993867960904], [-112.03898670839543, 33.44993867960904], [-112.03898670839543, 33.44983374600319], [-112.03897772524257, 33.44983374600319], [-112.03897772524257, 33.45044835531725], [-112.03877111272723, 33.45044835531725], [-112.03877111272723, 33.45045585052591], [-112.03897772524257, 33.45045585052591], [-112.03897772524257, 33.45046334573392], [-112.03898670839543, 33.45046334573392], [-112.03898670839543, 33.45044835531725], [-112.04119656399435, 33.45044835531725], [-112.04119656399435, 33.451385251379065], [-112.04120554714719, 33.451385251379065]]}, "properties": {"confidence": "high"}}, {"type": "Feature", "geometry": {"type": "LineString", "coordinates": [[-112.03751347132946, 33.449841241264956], [-112.03751347132946, 33.44983374600319], [-112.03750448817662, 33.44983374600319], [-112.03750448817662, 33.449841241264956], [-112.03751347132946, 33.449841241264956]]}, "properties": {"confidence": "high"}}, {"type": "Feature", "geometry": {"type": "LineString", "coordinates": [[-112.03745957241242, 33.449841241264956], [-112.03745957241242, 33.44983374600319], [-112.03745058925958, 33.44983374600319], [-112.03745058925958, 33.449841241264956], [-112.03745957241242, 33.449841241264956]]}, "properties": {"confidence": "high"}}, {"type": "Feature", "geometry": {"type": "LineString", "coordinates": [[-112.0433884532876, 33.4502684701152], [-112.0433884532876, 33.44982625074077], [-112.04337947013477, 33.44982625074077], [-112.04337947013477, 33.4502684701152], [-112.0433884532876, 33.4502684701152]]}, "properties": {"confidence": "high"}}, {"type": "Feature", "geometry": {"type": "LineString", "coordinates": [[-112.03750448817662, 33.44983374600319], [-112.03750448817662, 33.44982625074077], [-112.03749550502378, 33.44982625074077], [-112.03749550502378, 33.44983374600319], [-112.03750448817662, 33.44983374600319]]}, "properties": {"confidence": "high"}}, {"type": "Feature", "geometry": {"type": "LineString", "coordinates": [[-112.03746855556527, 33.44983374600319], [-112.03746855556527, 33.44982625074077], [-112.03745957241242, 33.44982625074077], [-112.03745957241242, 33.44983374600319], [-112.03746855556527, 33.44983374600319]]}, "properties": {"confidence": "high"}}, {"type": "Feature", "geometry": {"type": "LineString", "coordinates": [[-112.04124147975855, 33.45044086010795], [-112.04124147975855, 33.450433364898], [-112.04121453030004, 33.450433364898], [-112.04121453030004, 33.449946174861736], [-112.04168165424778, 33.449946174861736], [-112.04168165424778, 33.44993867960904], [-112.04121453030004, 33.44993867960904], [-112.04121453030004, 33.44981126021399], [-112.04120554714719, 33.44981126021399], [-112.04120554714719, 33.44993867960904], [-112.040989951479, 33.44993867960904], [-112.040989951479, 33.449946174861736], [-112.04120554714719, 33.449946174861736], [-112.04120554714719, 33.45044086010795], [-112.04124147975855, 33.45044086010795]]}, "properties": {"confidence": "high"}}, {"type": "Feature", "geometry": {"type": "LineString", "coordinates": [[-112.03705533053457, 33.44985623178656], [-112.03705533053457, 33.44981126021399], [-112.03704634738172, 33.44981126021399], [-112.03704634738172, 33.44985623178656], [-112.03705533053457, 33.44985623178656]]}, "properties": {"confidence": "high"}}, {"type": "Feature", "geometry": {"type": "LineString", "coordinates": [[-112.03793567951301, 33.449841241264956], [-112.03793567951301, 33.44981126021399], [-112.03792669636016, 33.44981126021399], [-112.03792669636016, 33.449841241264956], [-112.03793567951301, 33.449841241264956]]}, "properties": {"confidence": "high"}}, {"type": "Feature", "geometry": {"type": "LineString", "coordinates": [[-112.03749550502378, 33.44982625074077], [-112.03749550502378, 33.44981875547771], [-112.03748652187095, 33.44981875547771], [-112.03748652187095, 33.44978877441896], [-112.03747753871811, 33.44978877441896], [-112.03747753871811, 33.44981875547771], [-112.03746855556527, 33.44981875547771], [-112.03746855556527, 33.44982625074077], [-112.03749550502378, 33.44982625074077]]}, "properties": {"confidence": "high"}}, {"type": "Feature", "geometry": {"type": "LineString", "coordinates": [[-112.03794466266585, 33.44981126021399], [-112.03794466266585, 33.44978127915265], [-112.03793567951301, 33.44978127915265], [-112.03793567951301, 33.44981126021399], [-112.03794466266585, 33.44981126021399]]}, "properties": {"confidence": "high"}}, {"type": "Feature", "geometry": {"type": "LineString", "coordinates": [[-112.03706431368741, 33.44981126021399], [-112.03706431368741, 33.44976628861809], [-112.03705533053457, 33.44976628861809], [-112.03705533053457, 33.44981126021399], [-112.03706431368741, 33.44981126021399]]}, "properties": {"confidence": "high"}}, {"type": "Feature", "geometry": {"type": "LineString", "coordinates": [[-112.03749550502378, 33.44978877441896], [-112.03749550502378, 33.449751298080955], [-112.03748652187095, 33.449751298080955], [-112.03748652187095, 33.44978877441896], [-112.03749550502378, 33.44978877441896]]}, "properties": {"confidence": "high"}}, {"type": "Feature", "geometry": {"type": "LineString", "coordinates": [[-112.03795364581869, 33.44978127915265], [-112.03795364581869, 33.449751298080955], [-112.03794466266585, 33.449751298080955], [-112.03794466266585, 33.44978127915265], [-112.03795364581869, 33.44978127915265]]}, "properties": {"confidence": "high"}}, {"type": "Feature", "geometry": {"type": "LineString", "coordinates": [[-112.04209487927848, 33.44999864161253], [-112.04209487927848, 33.44972131699889], [-112.04208589612564, 33.44972131699889], [-112.04208589612564, 33.44999864161253], [-112.04209487927848, 33.44999864161253]]}, "properties": {"confidence": "high"}}, {"type": "Feature", "geometry": {"type": "LineString", "coordinates": [[-112.03796262897153, 33.449751298080955], [-112.03796262897153, 33.449713821726746], [-112.03795364581869, 33.449713821726746], [-112.03795364581869, 33.449751298080955], [-112.03796262897153, 33.449751298080955]]}, "properties": {"confidence": "high"}}, {"type": "Feature", "geometry": {"type": "LineString", "coordinates": [[-112.04210386243132, 33.44972131699889], [-112.04210386243132, 33.44969883118054], [-112.0426248852961, 33.44969883118054], [-112.0426248852961, 33.44969133590646], [-112.04209487927848, 33.44969133590646], [-112.04209487927848, 33.44972131699889], [-112.04210386243132, 33.44972131699889]]}, "properties": {"confidence": "high"}}, {"type": "Feature", "geometry": {"type": "LineString", "coordinates": [[-112.03797161212437, 33.449713821726746], [-112.03797161212437, 33.449668850080336], [-112.03796262897153, 33.449668850080336], [-112.03796262897153, 33.449713821726746], [-112.03797161212437, 33.449713821726746]]}, "properties": {"confidence": "high"}}, {"type": "Feature", "geometry": {"type": "LineString", "coordinates": [[-112.03897772524257, 33.44983374600319], [-112.03897772524257, 33.44964636424839], [-112.03896874208974, 33.44964636424839], [-112.03896874208974, 33.44983374600319], [-112.03897772524257, 33.44983374600319]]}, "properties": {"confidence": "high"}}, {"type": "Feature", "geometry": {"type": "LineString", "coordinates": [[-112.04337947013477, 33.44982625074077], [-112.04337947013477, 33.44964636424839], [-112.04337048698193, 33.44964636424839], [-112.04337048698193, 33.44982625074077], [-112.04337947013477, 33.44982625074077]]}, "properties": {"confidence": "high"}}, {"type": "Feature", "geometry": {"type": "LineString", "coordinates": [[-112.03798059527722, 33.449668850080336], [-112.03798059527722, 33.449631373690515], [-112.03797161212437, 33.449631373690515], [-112.03797161212437, 33.449668850080336], [-112.03798059527722, 33.449668850080336]]}, "properties": {"confidence": "high"}}, {"type": "Feature", "geometry": {"type": "LineString", "coordinates": [[-112.03798957843006, 33.449631373690515], [-112.03798957843006, 33.44958640200135], [-112.03798059527722, 33.44958640200135], [-112.03798059527722, 33.449631373690515], [-112.03798957843006, 33.449631373690515]]}, "properties": {"confidence": "high"}}, {"type": "Feature", "geometry": {"type": "LineString", "coordinates": [[-112.0379985615829, 33.44958640200135], [-112.0379985615829, 33.4495489255759], [-112.03798957843006, 33.4495489255759], [-112.03798957843006, 33.44958640200135], [-112.0379985615829, 33.44958640200135]]}, "properties": {"confidence": "high"}}, {"type": "Feature", "geometry": {"type": "LineString", "coordinates": [[-112.03898670839543, 33.44964636424839], [-112.03898670839543, 33.449526439712855], [-112.03897772524257, 33.449526439712855], [-112.03897772524257, 33.44964636424839], [-112.03898670839543, 33.44964636424839]]}, "properties": {"confidence": "high"}}, {"type": "Feature", "geometry": {"type": "LineString", "coordinates": [[-112.03800754473573, 33.4495489255759], [-112.03800754473573, 33.449511449134256], [-112.0379985615829, 33.449511449134256], [-112.0379985615829, 33.4495489255759], [-112.03800754473573, 33.4495489255759]]}, "properties": {"confidence": "high"}}, {"type": "Feature", "geometry": {"type": "LineString", "coordinates": [[-112.04122351345288, 33.44981126021399], [-112.04122351345288, 33.44949645855306], [-112.04121453030004, 33.44949645855306], [-112.04121453030004, 33.44981126021399], [-112.04122351345288, 33.44981126021399]]}, "properties": {"confidence": "high"}}, {"type": "Feature", "geometry": {"type": "LineString", "coordinates": [[-112.03707329684025, 33.44976628861809], [-112.03707329684025, 33.44949645855306], [-112.03706431368741, 33.44949645855306], [-112.03706431368741, 33.44976628861809], [-112.03707329684025, 33.44976628861809]]}, "properties": {"confidence": "high"}}, {"type": "Feature", "geometry": {"type": "LineString", "coordinates": [[-112.03657024028114, 33.449946174861736], [-112.03657024028114, 33.449488963261494], [-112.0365612571283, 33.449488963261494], [-112.0365612571283, 33.449946174861736], [-112.03657024028114, 33.449946174861736]]}, "properties": {"confidence": "high"}}, {"type": "Feature", "geometry": {"type": "LineString", "coordinates": [[-112.0351868347436, 33.451385251379065], [-112.0351868347436, 33.451377756250736], [-112.03458496350324, 33.451377756250736], [-112.03458496350324, 33.4504258696874], [-112.03465682872597, 33.4504258696874], [-112.03465682872597, 33.45041837447614], [-112.03458496350324, 33.45041837447614], [-112.03458496350324, 33.44947397267641], [-112.0345759803504, 33.44947397267641], [-112.0345759803504, 33.450410879264254], [-112.03455801404472, 33.450410879264254], [-112.03455801404472, 33.45041837447614], [-112.0345759803504, 33.45041837447614], [-112.0345759803504, 33.451377756250736], [-112.03456699719756, 33.451377756250736], [-112.03456699719756, 33.451385251379065], [-112.0351868347436, 33.451385251379065]]}, "properties": {"confidence": "high"}}, {"type": "Feature", "geometry": {"type": "LineString", "coordinates": [[-112.03897772524257, 33.449526439712855], [-112.03897772524257, 33.4494664773829], [-112.03896874208974, 33.4494664773829], [-112.03896874208974, 33.449526439712855], [-112.03897772524257, 33.449526439712855]]}, "properties": {"confidence": "high"}}, {"type": "Feature", "geometry": {"type": "LineString", "coordinates": [[-112.03801652788857, 33.449511449134256], [-112.03801652788857, 33.4494664773829], [-112.03800754473573, 33.4494664773829], [-112.03800754473573, 33.449511449134256], [-112.03801652788857, 33.449511449134256]]}, "properties": {"confidence": "high"}}, {"type": "Feature", "geometry": {"type": "LineString", "coordinates": [[-112.03637261091863, 33.44947397267641], [-112.03637261091863, 33.4494664773829], [-112.03632769515443, 33.4494664773829], [-112.03632769515443, 33.44947397267641], [-112.03637261091863, 33.44947397267641]]}, "properties": {"confidence": "high"}}, {"type": "Feature", "geometry": {"type": "LineString", "coordinates": [[-112.0365612571283, 33.449488963261494], [-112.0365612571283, 33.44945898208874], [-112.03655227397546, 33.44945898208874], [-112.03655227397546, 33.44947397267641], [-112.03637261091863, 33.44947397267641], [-112.03637261091863, 33.44948146796928], [-112.03655227397546, 33.44948146796928], [-112.03655227397546, 33.449488963261494], [-112.0365612571283, 33.449488963261494]]}, "properties": {"confidence": "high"}}, {"type": "Feature", "geometry": {"type": "LineString", "coordinates": [[-112.03459394665609, 33.44947397267641], [-112.03459394665609, 33.44945898208874], [-112.03458496350324, 33.44945898208874], [-112.03458496350324, 33.44947397267641], [-112.03459394665609, 33.44947397267641]]}, "properties": {"confidence": "high"}}, {"type": "Feature", "geometry": {"type": "LineString", "coordinates": [[-112.04054079383694, 33.4494664773829], [-112.04054079383694, 33.44945898208874], [-112.04049587807275, 33.44945898208874], [-112.04049587807275, 33.4494664773829], [-112.04054079383694, 33.4494664773829]]}, "properties": {"confidence": "high"}}, {"type": "Feature", "geometry": {"type": "LineString", "coordinates": [[-112.03632769515443, 33.4494664773829], [-112.03632769515443, 33.44945898208874], [-112.03629176254307, 33.44945898208874], [-112.03629176254307, 33.4494664773829], [-112.03632769515443, 33.4494664773829]]}, "properties": {"confidence": "high"}}, {"type": "Feature", "geometry": {"type": "LineString", "coordinates": [[-112.0433884532876, 33.44964636424839], [-112.0433884532876, 33.44945148679393], [-112.04337947013477, 33.44945148679393], [-112.04337947013477, 33.44964636424839], [-112.0433884532876, 33.44964636424839]]}, "properties": {"confidence": "high"}}, {"type": "Feature", "geometry": {"type": "LineString", "coordinates": [[-112.03898670839543, 33.4494664773829], [-112.03898670839543, 33.44945148679393], [-112.038501618142, 33.44945148679393], [-112.038501618142, 33.44945898208874], [-112.03897772524257, 33.44945898208874], [-112.03897772524257, 33.4494664773829], [-112.03898670839543, 33.4494664773829]]}, "properties": {"confidence": "high"}}, {"type": "Feature", "geometry": {"type": "LineString", "coordinates": [[-112.04049587807275, 33.44945898208874], [-112.04049587807275, 33.44945148679393], [-112.03927416928634, 33.44945148679393], [-112.03927416928634, 33.44945898208874], [-112.04049587807275, 33.44945898208874]]}, "properties": {"confidence": "high"}}, {"type": "Feature", "geometry": {"type": "LineString", "coordinates": [[-112.0390226410068, 33.44945898208874], [-112.0390226410068, 33.44945148679393], [-112.0390046747011, 33.44945148679393], [-112.0390046747011, 33.44945898208874], [-112.0390226410068, 33.44945898208874]]}, "properties": {"confidence": "high"}}, {"type": "Feature", "geometry": {"type": "LineString", "coordinates": [[-112.03629176254307, 33.44945898208874], [-112.03629176254307, 33.44945148679393], [-112.03624684677887, 33.44945148679393], [-112.03624684677887, 33.44945898208874], [-112.03629176254307, 33.44945898208874]]}, "properties": {"confidence": "high"}}, {"type": "Feature", "geometry": {"type": "LineString", "coordinates": [[-112.03927416928634, 33.44945148679393], [-112.03927416928634, 33.449443991498484], [-112.0390226410068, 33.449443991498484], [-112.0390226410068, 33.44945148679393], [-112.03927416928634, 33.44945148679393]]}, "properties": {"confidence": "high"}}, {"type": "Feature", "geometry": {"type": "LineString", "coordinates": [[-112.038501618142, 33.44945148679393], [-112.038501618142, 33.449443991498484], [-112.03844771922496, 33.449443991498484], [-112.03844771922496, 33.44945148679393], [-112.038501618142, 33.44945148679393]]}, "properties": {"confidence": "high"}}, {"type": "Feature", "geometry": {"type": "LineString", "coordinates": [[-112.03624684677887, 33.44945148679393], [-112.03624684677887, 33.449443991498484], [-112.03618396470897, 33.449443991498484], [-112.03618396470897, 33.44945148679393], [-112.03624684677887, 33.44945148679393]]}, "properties": {"confidence": "high"}}, {"type": "Feature", "geometry": {"type": "LineString", "coordinates": [[-112.03708227999309, 33.44949645855306], [-112.03708227999309, 33.449436496202374], [-112.03707329684025, 33.449436496202374], [-112.03707329684025, 33.44949645855306], [-112.03708227999309, 33.44949645855306]]}, "properties": {"confidence": "high"}}, {"type": "Feature", "geometry": {"type": "LineString", "coordinates": [[-112.03618396470897, 33.449443991498484], [-112.03618396470897, 33.449436496202374], [-112.03604921741635, 33.449436496202374], [-112.03604921741635, 33.449443991498484], [-112.03618396470897, 33.449443991498484]]}, "properties": {"confidence": "high"}}, {"type": "Feature", "geometry": {"type": "LineString", "coordinates": [[-112.04337947013477, 33.44945148679393], [-112.04337947013477, 33.44942900090563], [-112.04337048698193, 33.44942900090563], [-112.04337048698193, 33.449443991498484], [-112.04243623908644, 33.449443991498484], [-112.04243623908644, 33.44945148679393], [-112.04337947013477, 33.44945148679393]]}, "properties": {"confidence": "high"}}, {"type": "Feature", "geometry": {"type": "LineString", "coordinates": [[-112.03604921741635, 33.449436496202374], [-112.03604921741635, 33.44942900090563], [-112.03520480104928, 33.44942900090563], [-112.03520480104928, 33.449436496202374], [-112.03604921741635, 33.449436496202374]]}, "properties": {"confidence": "high"}}, {"type": "Feature", "geometry": {"type": "LineString", "coordinates": [[-112.03802551104141, 33.4494664773829], [-112.03802551104141, 33.44941401031019], [-112.03801652788857, 33.44941401031019], [-112.03801652788857, 33.4494664773829], [-112.03802551104141, 33.4494664773829]]}, "properties": {"confidence": "high"}}, {"type": "Feature", "geometry": {"type": "LineString", "coordinates": [[-112.0390046747011, 33.44945148679393], [-112.0390046747011, 33.449443991498484], [-112.03899569154827, 33.449443991498484], [-112.03899569154827, 33.44941401031019], [-112.03898670839543, 33.44941401031019], [-112.03898670839543, 33.44945148679393], [-112.0390046747011, 33.44945148679393]]}, "properties": {"confidence": "high"}}, {"type": "Feature", "geometry": {"type": "LineString", "coordinates": [[-112.03657024028114, 33.44945898208874], [-112.03657024028114, 33.449376533810245], [-112.0365612571283, 33.449376533810245], [-112.0365612571283, 33.44945898208874], [-112.03657024028114, 33.44945898208874]]}, "properties": {"confidence": "high"}}, {"type": "Feature", "geometry": {"type": "LineString", "coordinates": [[-112.03750448817662, 33.449751298080955], [-112.03750448817662, 33.449369038508316], [-112.03749550502378, 33.449369038508316], [-112.03749550502378, 33.449751298080955], [-112.03750448817662, 33.449751298080955]]}, "properties": {"confidence": "high"}}, {"type": "Feature", "geometry": {"type": "LineString", "coordinates": [[-112.03803449419426, 33.44941401031019], [-112.03803449419426, 33.44933156198894], [-112.03802551104141, 33.44933156198894], [-112.03802551104141, 33.44941401031019], [-112.03803449419426, 33.44941401031019]]}, "properties": {"confidence": "high"}}, {"type": "Feature", "geometry": {"type": "LineString", "coordinates": [[-112.03898670839543, 33.44941401031019], [-112.03898670839543, 33.44931657137666], [-112.03897772524257, 33.44931657137666], [-112.03897772524257, 33.44941401031019], [-112.03898670839543, 33.44941401031019]]}, "properties": {"confidence": "high"}}, {"type": "Feature", "geometry": {"type": "LineString", "coordinates": [[-112.0380434773471, 33.44933156198894], [-112.0380434773471, 33.44927159952426], [-112.03803449419426, 33.44927159952426], [-112.03803449419426, 33.44933156198894], [-112.0380434773471, 33.44933156198894]]}, "properties": {"confidence": "high"}}, {"type": "Feature", "geometry": {"type": "LineString", "coordinates": [[-112.03709126314592, 33.449436496202374], [-112.03709126314592, 33.44926410421326], [-112.03708227999309, 33.44926410421326], [-112.03708227999309, 33.449436496202374], [-112.03709126314592, 33.449436496202374]]}, "properties": {"confidence": "high"}}, {"type": "Feature", "geometry": {"type": "LineString", "coordinates": [[-112.03805246049994, 33.44927159952426], [-112.03805246049994, 33.449196646385104], [-112.0380434773471, 33.449196646385104], [-112.0380434773471, 33.44927159952426], [-112.03805246049994, 33.44927159952426]]}, "properties": {"confidence": "high"}}, {"type": "Feature", "geometry": {"type": "LineString", "coordinates": [[-112.03897772524257, 33.44931657137666], [-112.03897772524257, 33.44917416043073], [-112.03896874208974, 33.44917416043073], [-112.03896874208974, 33.44931657137666], [-112.03897772524257, 33.44931657137666]]}, "properties": {"confidence": "high"}}, {"type": "Feature", "geometry": {"type": "LineString", "coordinates": [[-112.03710024629876, 33.44926410421326], [-112.03710024629876, 33.44909171188148], [-112.03709126314592, 33.44909171188148], [-112.03709126314592, 33.44926410421326], [-112.03710024629876, 33.44926410421326]]}, "properties": {"confidence": "high"}}, {"type": "Feature", "geometry": {"type": "LineString", "coordinates": [[-112.0365612571283, 33.449376533810245], [-112.0365612571283, 33.44900176792017], [-112.03655227397546, 33.44900176792017], [-112.03655227397546, 33.449376533810245], [-112.0365612571283, 33.449376533810245]]}, "properties": {"confidence": "high"}}, {"type": "Feature", "geometry": {"type": "LineString", "coordinates": [[-112.03898670839543, 33.44917416043073], [-112.03898670839543, 33.44895679590455], [-112.03897772524257, 33.44895679590455], [-112.03897772524257, 33.44917416043073], [-112.03898670839543, 33.44917416043073]]}, "properties": {"confidence": "high"}}, {"type": "Feature", "geometry": {"type": "LineString", "coordinates": [[-112.04121453030004, 33.44949645855306], [-112.04121453030004, 33.44945898208874], [-112.04243623908644, 33.44945898208874], [-112.04243623908644, 33.44945148679393], [-112.04121453030004, 33.44945148679393], [-112.04121453030004, 33.44892681454784], [-112.04120554714719, 33.44892681454784], [-112.04120554714719, 33.44945148679393], [-112.04054079383694, 33.44945148679393], [-112.04054079383694, 33.44945898208874], [-112.04120554714719, 33.44945898208874], [-112.04120554714719, 33.44949645855306], [-112.04121453030004, 33.44949645855306]]}, "properties": {"confidence": "high"}}, {"type": "Feature", "geometry": {"type": "LineString", "coordinates": [[-112.03899569154827, 33.44895679590455], [-112.03899569154827, 33.448919319207036], [-112.03898670839543, 33.448919319207036], [-112.03898670839543, 33.44895679590455], [-112.03899569154827, 33.44895679590455]]}, "properties": {"confidence": "high"}}, {"type": "Feature", "geometry": {"type": "LineString", "coordinates": [[-112.04308302609101, 33.448919319207036], [-112.04308302609101, 33.4489118238656], [-112.0413582607455, 33.4489118238656], [-112.0413582607455, 33.448919319207036], [-112.04308302609101, 33.448919319207036]]}, "properties": {"confidence": "high"}}, {"type": "Feature", "geometry": {"type": "LineString", "coordinates": [[-112.0433884532876, 33.44942900090563], [-112.0433884532876, 33.44888184249335], [-112.04337947013477, 33.44888184249335], [-112.04337947013477, 33.44890432852351], [-112.04308302609101, 33.44890432852351], [-112.04308302609101, 33.4489118238656], [-112.04337947013477, 33.4489118238656], [-112.04337947013477, 33.44942900090563], [-112.0433884532876, 33.44942900090563]]}, "properties": {"confidence": "high"}}, {"type": "Feature", "geometry": {"type": "LineString", "coordinates": [[-112.03655227397546, 33.44900176792017], [-112.03655227397546, 33.44886685180333], [-112.03654329082262, 33.44886685180333], [-112.03654329082262, 33.44900176792017], [-112.03655227397546, 33.44900176792017]]}, "properties": {"confidence": "high"}}, {"type": "Feature", "geometry": {"type": "LineString", "coordinates": [[-112.03709126314592, 33.44909171188148], [-112.03709126314592, 33.44882937506697], [-112.03708227999309, 33.44882937506697], [-112.03708227999309, 33.44909171188148], [-112.03709126314592, 33.44909171188148]]}, "properties": {"confidence": "high"}}, {"type": "Feature", "geometry": {"type": "LineString", "coordinates": [[-112.03898670839543, 33.448919319207036], [-112.03898670839543, 33.44878440296195], [-112.03897772524257, 33.44878440296195], [-112.03897772524257, 33.448919319207036], [-112.03898670839543, 33.448919319207036]]}, "properties": {"confidence": "high"}}, {"type": "Feature", "geometry": {"type": "LineString", "coordinates": [[-112.03654329082262, 33.44886685180333], [-112.03654329082262, 33.448769412255096], [-112.03653430766977, 33.448769412255096], [-112.03653430766977, 33.44886685180333], [-112.03654329082262, 33.44886685180333]]}, "properties": {"confidence": "high"}}, {"type": "Feature", "geometry": {"type": "LineString", "coordinates": [[-112.03806144365278, 33.449196646385104], [-112.03806144365278, 33.44874692618995], [-112.03805246049994, 33.44874692618995], [-112.03805246049994, 33.449196646385104], [-112.03806144365278, 33.449196646385104]]}, "properties": {"confidence": "high"}}, {"type": "Feature", "geometry": {"type": "LineString", "coordinates": [[-112.03897772524257, 33.44878440296195], [-112.03897772524257, 33.44870944940176], [-112.03896874208974, 33.44870944940176], [-112.03896874208974, 33.44878440296195], [-112.03897772524257, 33.44878440296195]]}, "properties": {"confidence": "high"}}, {"type": "Feature", "geometry": {"type": "LineString", "coordinates": [[-112.03458496350324, 33.44945898208874], [-112.03458496350324, 33.44942900090563], [-112.03520480104928, 33.44942900090563], [-112.03520480104928, 33.44942150560823], [-112.03459394665609, 33.44942150560823], [-112.03459394665609, 33.44867946795956], [-112.03458496350324, 33.44867946795956], [-112.03458496350324, 33.44942150560823], [-112.03455801404472, 33.44942150560823], [-112.03455801404472, 33.44942900090563], [-112.0345759803504, 33.44942900090563], [-112.0345759803504, 33.44945898208874], [-112.03458496350324, 33.44945898208874]]}, "properties": {"confidence": "high"}}, {"type": "Feature", "geometry": {"type": "LineString", "coordinates": [[-112.03653430766977, 33.448769412255096], [-112.03653430766977, 33.44863449577681], [-112.03652532451693, 33.44863449577681], [-112.03652532451693, 33.448769412255096], [-112.03653430766977, 33.448769412255096]]}, "properties": {"confidence": "high"}}, {"type": "Feature", "geometry": {"type": "LineString", "coordinates": [[-112.04337947013477, 33.44888184249335], [-112.04337947013477, 33.448612009676694], [-112.04337048698193, 33.448612009676694], [-112.04337048698193, 33.44888184249335], [-112.04337947013477, 33.44888184249335]]}, "properties": {"confidence": "high"}}, {"type": "Feature", "geometry": {"type": "LineString", "coordinates": [[-112.03652532451693, 33.44863449577681], [-112.03652532451693, 33.448589523570746], [-112.03651634136409, 33.448589523570746], [-112.03651634136409, 33.44863449577681], [-112.03652532451693, 33.44863449577681]]}, "properties": {"confidence": "high"}}, {"type": "Feature", "geometry": {"type": "LineString", "coordinates": [[-112.03710024629876, 33.44882937506697], [-112.03710024629876, 33.44881438436788], [-112.03736075773116, 33.44881438436788], [-112.03736075773116, 33.44880688901737], [-112.03710024629876, 33.44880688901737], [-112.03710024629876, 33.4485820282008], [-112.03709126314592, 33.4485820282008], [-112.03709126314592, 33.44882937506697], [-112.03710024629876, 33.44882937506697]]}, "properties": {"confidence": "high"}}, {"type": "Feature", "geometry": {"type": "LineString", "coordinates": [[-112.03807042680562, 33.44874692618995], [-112.03807042680562, 33.448574532830214], [-112.03806144365278, 33.448574532830214], [-112.03806144365278, 33.44874692618995], [-112.03807042680562, 33.44874692618995]]}, "properties": {"confidence": "high"}}, {"type": "Feature", "geometry": {"type": "LineString", "coordinates": [[-112.03807940995846, 33.448574532830214], [-112.03807940995846, 33.448552046714546], [-112.03807042680562, 33.448552046714546], [-112.03807042680562, 33.448574532830214], [-112.03807940995846, 33.448574532830214]]}, "properties": {"confidence": "high"}}, {"type": "Feature", "geometry": {"type": "LineString", "coordinates": [[-112.03807042680562, 33.448552046714546], [-112.03807042680562, 33.448537055967535], [-112.03806144365278, 33.448537055967535], [-112.03806144365278, 33.448552046714546], [-112.03807042680562, 33.448552046714546]]}, "properties": {"confidence": "high"}}, {"type": "Feature", "geometry": {"type": "LineString", "coordinates": [[-112.03651634136409, 33.448589523570746], [-112.03651634136409, 33.44852956059305], [-112.03650735821125, 33.44852956059305], [-112.03650735821125, 33.448589523570746], [-112.03651634136409, 33.448589523570746]]}, "properties": {"confidence": "high"}}, {"type": "Feature", "geometry": {"type": "LineString", "coordinates": [[-112.03650735821125, 33.44852956059305], [-112.03650735821125, 33.448492083710946], [-112.03649837505841, 33.448492083710946], [-112.03649837505841, 33.44852956059305], [-112.03650735821125, 33.44852956059305]]}, "properties": {"confidence": "high"}}, {"type": "Feature", "geometry": {"type": "LineString", "coordinates": [[-112.03807940995846, 33.448537055967535], [-112.03807940995846, 33.448484588332576], [-112.03807042680562, 33.448484588332576], [-112.03807042680562, 33.448537055967535], [-112.03807940995846, 33.448537055967535]]}, "properties": {"confidence": "high"}}, {"type": "Feature", "geometry": {"type": "LineString", "coordinates": [[-112.03745058925958, 33.448484588332576], [-112.03745058925958, 33.44847709295356], [-112.03741465664821, 33.44847709295356], [-112.03741465664821, 33.448484588332576], [-112.03745058925958, 33.448484588332576]]}, "properties": {"confidence": "high"}}, {"type": "Feature", "geometry": {"type": "LineString", "coordinates": [[-112.03741465664821, 33.44847709295356], [-112.03741465664821, 33.4484695975739], [-112.03713617891013, 33.4484695975739], [-112.03713617891013, 33.44847709295356], [-112.03741465664821, 33.44847709295356]]}, "properties": {"confidence": "high"}}, {"type": "Feature", "geometry": {"type": "LineString", "coordinates": [[-112.03649837505841, 33.448492083710946], [-112.03649837505841, 33.448462102193595], [-112.03648939190558, 33.448462102193595], [-112.03648939190558, 33.448492083710946], [-112.03649837505841, 33.448492083710946]]}, "properties": {"confidence": "high"}}, {"type": "Feature", "geometry": {"type": "LineString", "coordinates": [[-112.03898670839543, 33.44870944940176], [-112.03898670839543, 33.44843961604878], [-112.03897772524257, 33.44843961604878], [-112.03897772524257, 33.44870944940176], [-112.03898670839543, 33.44870944940176]]}, "properties": {"confidence": "high"}}, {"type": "Feature", "geometry": {"type": "LineString", "coordinates": [[-112.03808839311131, 33.448484588332576], [-112.03808839311131, 33.44843961604878], [-112.03807940995846, 33.44843961604878], [-112.03807940995846, 33.448484588332576], [-112.03808839311131, 33.448484588332576]]}, "properties": {"confidence": "high"}}, {"type": "Feature", "geometry": {"type": "LineString", "coordinates": [[-112.03648939190558, 33.448462102193595], [-112.03648939190558, 33.44843961604878], [-112.03648040875272, 33.44843961604878], [-112.03648040875272, 33.448462102193595], [-112.03648939190558, 33.448462102193595]]}, "properties": {"confidence": "high"}}, {"type": "Feature", "geometry": {"type": "LineString", "coordinates": [[-112.03749550502378, 33.449369038508316], [-112.03749550502378, 33.448432120665885], [-112.03748652187095, 33.448432120665885], [-112.03748652187095, 33.448484588332576], [-112.03745058925958, 33.448484588332576], [-112.03745058925958, 33.448492083710946], [-112.03748652187095, 33.448492083710946], [-112.03748652187095, 33.44881438436788], [-112.03736075773116, 33.44881438436788], [-112.03736075773116, 33.44882187971775], [-112.03748652187095, 33.44882187971775], [-112.03748652187095, 33.449369038508316], [-112.03749550502378, 33.449369038508316]]}, "properties": {"confidence": "high"}}, {"type": "Feature", "geometry": {"type": "LineString", "coordinates": [[-112.03809737626415, 33.44843961604878], [-112.03809737626415, 33.448424625282335], [-112.03808839311131, 33.448424625282335], [-112.03808839311131, 33.44843961604878], [-112.03809737626415, 33.44843961604878]]}, "properties": {"confidence": "high"}}, {"type": "Feature", "geometry": {"type": "LineString", "coordinates": [[-112.03648040875272, 33.44843961604878], [-112.03648040875272, 33.448424625282335], [-112.03647142559988, 33.448424625282335], [-112.03647142559988, 33.44843961604878], [-112.03648040875272, 33.44843961604878]]}, "properties": {"confidence": "high"}}, {"type": "Feature", "geometry": {"type": "LineString", "coordinates": [[-112.03647142559988, 33.448424625282335], [-112.03647142559988, 33.4484096345133], [-112.03646244244705, 33.4484096345133], [-112.03646244244705, 33.448424625282335], [-112.03647142559988, 33.448424625282335]]}, "properties": {"confidence": "high"}}, {"type": "Feature", "geometry": {"type": "LineString", "coordinates": [[-112.03897772524257, 33.44843961604878], [-112.03897772524257, 33.44840213912781], [-112.03896874208974, 33.44840213912781], [-112.03896874208974, 33.44843961604878], [-112.03897772524257, 33.44843961604878]]}, "properties": {"confidence": "high"}}, {"type": "Feature", "geometry": {"type": "LineString", "coordinates": [[-112.03810635941699, 33.448424625282335], [-112.03810635941699, 33.44840213912781], [-112.03809737626415, 33.44840213912781], [-112.03809737626415, 33.448424625282335], [-112.03810635941699, 33.448424625282335]]}, "properties": {"confidence": "high"}}, {"type": "Feature", "geometry": {"type": "LineString", "coordinates": [[-112.03646244244705, 33.4484096345133], [-112.03646244244705, 33.44839464374167], [-112.03645345929421, 33.44839464374167], [-112.03645345929421, 33.4484096345133], [-112.03646244244705, 33.4484096345133]]}, "properties": {"confidence": "high"}}, {"type": "Feature", "geometry": {"type": "LineString", "coordinates": [[-112.0386543317403, 33.44840213912781], [-112.0386543317403, 33.44839464374167], [-112.03851958444768, 33.44839464374167], [-112.03851958444768, 33.44840213912781], [-112.0386543317403, 33.44840213912781]]}, "properties": {"confidence": "high"}}, {"type": "Feature", "geometry": {"type": "LineString", "coordinates": [[-112.03896874208974, 33.44840213912781], [-112.03896874208974, 33.44838714835489], [-112.0389597589369, 33.44838714835489], [-112.0389597589369, 33.44840213912781], [-112.03896874208974, 33.44840213912781]]}, "properties": {"confidence": "high"}}, {"type": "Feature", "geometry": {"type": "LineString", "coordinates": [[-112.03811534256982, 33.44840213912781], [-112.03811534256982, 33.44838714835489], [-112.03810635941699, 33.44838714835489], [-112.03810635941699, 33.44840213912781], [-112.03811534256982, 33.44840213912781]]}, "properties": {"confidence": "high"}}, {"type": "Feature", "geometry": {"type": "LineString", "coordinates": [[-112.03851958444768, 33.44839464374167], [-112.03851958444768, 33.44838714835489], [-112.03849263498915, 33.44838714835489], [-112.03849263498915, 33.44839464374167], [-112.03851958444768, 33.44839464374167]]}, "properties": {"confidence": "high"}}, {"type": "Feature", "geometry": {"type": "LineString", "coordinates": [[-112.0413582607455, 33.44892681454784], [-112.0413582607455, 33.448919319207036], [-112.04122351345288, 33.448919319207036], [-112.04122351345288, 33.44837965296745], [-112.04121453030004, 33.44837965296745], [-112.04121453030004, 33.44892681454784], [-112.0413582607455, 33.44892681454784]]}, "properties": {"confidence": "high"}}, {"type": "Feature", "geometry": {"type": "LineString", "coordinates": [[-112.03886992740848, 33.44838714835489], [-112.03886992740848, 33.44837965296745], [-112.03886094425565, 33.44837965296745], [-112.03886094425565, 33.44838714835489], [-112.03886992740848, 33.44838714835489]]}, "properties": {"confidence": "high"}}, {"type": "Feature", "geometry": {"type": "LineString", "coordinates": [[-112.03849263498915, 33.44838714835489], [-112.03849263498915, 33.44837965296745], [-112.03847466868348, 33.44837965296745], [-112.03847466868348, 33.44838714835489], [-112.03849263498915, 33.44838714835489]]}, "properties": {"confidence": "high"}}, {"type": "Feature", "geometry": {"type": "LineString", "coordinates": [[-112.03645345929421, 33.44839464374167], [-112.03645345929421, 33.44837215757937], [-112.03644447614137, 33.44837215757937], [-112.03644447614137, 33.44839464374167], [-112.03645345929421, 33.44839464374167]]}, "properties": {"confidence": "high"}}, {"type": "Feature", "geometry": {"type": "LineString", "coordinates": [[-112.03812432572266, 33.44838714835489], [-112.03812432572266, 33.44837215757937], [-112.03811534256982, 33.44837215757937], [-112.03811534256982, 33.44838714835489], [-112.03812432572266, 33.44838714835489]]}, "properties": {"confidence": "high"}}, {"type": "Feature", "geometry": {"type": "LineString", "coordinates": [[-112.03887891056132, 33.44837965296745], [-112.03887891056132, 33.44837215757937], [-112.03886992740848, 33.44837215757937], [-112.03886992740848, 33.44837965296745], [-112.03887891056132, 33.44837965296745]]}, "properties": {"confidence": "high"}}, {"type": "Feature", "geometry": {"type": "LineString", "coordinates": [[-112.03847466868348, 33.44837965296745], [-112.03847466868348, 33.44837215757937], [-112.03846568553064, 33.44837215757937], [-112.03846568553064, 33.44837965296745], [-112.03847466868348, 33.44837965296745]]}, "properties": {"confidence": "high"}}, {"type": "Feature", "geometry": {"type": "LineString", "coordinates": [[-112.03888789371416, 33.44837215757937], [-112.03888789371416, 33.44836466219064], [-112.03887891056132, 33.44836466219064], [-112.03887891056132, 33.44837215757937], [-112.03888789371416, 33.44837215757937]]}, "properties": {"confidence": "high"}}, {"type": "Feature", "geometry": {"type": "LineString", "coordinates": [[-112.03846568553064, 33.44837215757937], [-112.03846568553064, 33.44836466219064], [-112.0384567023778, 33.44836466219064], [-112.0384567023778, 33.44837215757937], [-112.03846568553064, 33.44837215757937]]}, "properties": {"confidence": "high"}}, {"type": "Feature", "geometry": {"type": "LineString", "coordinates": [[-112.0389597589369, 33.44838714835489], [-112.0389597589369, 33.448357166801266], [-112.03895077578406, 33.448357166801266], [-112.03895077578406, 33.44838714835489], [-112.0389597589369, 33.44838714835489]]}, "properties": {"confidence": "high"}}, {"type": "Feature", "geometry": {"type": "LineString", "coordinates": [[-112.03813330887552, 33.44837215757937], [-112.03813330887552, 33.448357166801266], [-112.03812432572266, 33.448357166801266], [-112.03812432572266, 33.44837215757937], [-112.03813330887552, 33.44837215757937]]}, "properties": {"confidence": "high"}}, {"type": "Feature", "geometry": {"type": "LineString", "coordinates": [[-112.03644447614137, 33.44837215757937], [-112.03644447614137, 33.448357166801266], [-112.03643549298852, 33.448357166801266], [-112.03643549298852, 33.44837215757937], [-112.03644447614137, 33.44837215757937]]}, "properties": {"confidence": "high"}}, {"type": "Feature", "geometry": {"type": "LineString", "coordinates": [[-112.04167267109494, 33.44836466219064], [-112.04167267109494, 33.448357166801266], [-112.0412684292171, 33.448357166801266], [-112.0412684292171, 33.44836466219064], [-112.04167267109494, 33.44836466219064]]}, "properties": {"confidence": "high"}}, {"type": "Feature", "geometry": {"type": "LineString", "coordinates": [[-112.0410977493131, 33.44836466219064], [-112.0410977493131, 33.448357166801266], [-112.04090011995059, 33.448357166801266], [-112.04090011995059, 33.44836466219064], [-112.0410977493131, 33.44836466219064]]}, "properties": {"confidence": "high"}}, {"type": "Feature", "geometry": {"type": "LineString", "coordinates": [[-112.0393550176619, 33.44836466219064], [-112.0393550176619, 33.448357166801266], [-112.03919332091077, 33.448357166801266], [-112.03919332091077, 33.44836466219064], [-112.0393550176619, 33.44836466219064]]}, "properties": {"confidence": "high"}}, {"type": "Feature", "geometry": {"type": "LineString", "coordinates": [[-112.038896876867, 33.44836466219064], [-112.038896876867, 33.448357166801266], [-112.03888789371416, 33.448357166801266], [-112.03888789371416, 33.44836466219064], [-112.038896876867, 33.44836466219064]]}, "properties": {"confidence": "high"}}, {"type": "Feature", "geometry": {"type": "LineString", "coordinates": [[-112.0384567023778, 33.44836466219064], [-112.0384567023778, 33.448357166801266], [-112.03844771922496, 33.448357166801266], [-112.03844771922496, 33.44836466219064], [-112.0384567023778, 33.44836466219064]]}, "properties": {"confidence": "high"}}, {"type": "Feature", "geometry": {"type": "LineString", "coordinates": [[-112.04168165424778, 33.448357166801266], [-112.04168165424778, 33.44834967141124], [-112.04167267109494, 33.44834967141124], [-112.04167267109494, 33.448357166801266], [-112.04168165424778, 33.448357166801266]]}, "properties": {"confidence": "high"}}, {"type": "Feature", "geometry": {"type": "LineString", "coordinates": [[-112.0412684292171, 33.448357166801266], [-112.0412684292171, 33.44834967141124], [-112.0412504629114, 33.44834967141124], [-112.0412504629114, 33.448357166801266], [-112.0412684292171, 33.448357166801266]]}, "properties": {"confidence": "high"}}, {"type": "Feature", "geometry": {"type": "LineString", "coordinates": [[-112.04110673246595, 33.448357166801266], [-112.04110673246595, 33.44834967141124], [-112.0410977493131, 33.44834967141124], [-112.0410977493131, 33.448357166801266], [-112.04110673246595, 33.448357166801266]]}, "properties": {"confidence": "high"}}, {"type": "Feature", "geometry": {"type": "LineString", "coordinates": [[-112.04090011995059, 33.448357166801266], [-112.04090011995059, 33.44834967141124], [-112.04088215364492, 33.44834967141124], [-112.04088215364492, 33.448357166801266], [-112.04090011995059, 33.448357166801266]]}, "properties": {"confidence": "high"}}, {"type": "Feature", "geometry": {"type": "LineString", "coordinates": [[-112.03936400081476, 33.448357166801266], [-112.03936400081476, 33.44834967141124], [-112.0393550176619, 33.44834967141124], [-112.0393550176619, 33.448357166801266], [-112.03936400081476, 33.448357166801266]]}, "properties": {"confidence": "high"}}, {"type": "Feature", "geometry": {"type": "LineString", "coordinates": [[-112.03919332091077, 33.448357166801266], [-112.03919332091077, 33.44834967141124], [-112.03917535460509, 33.44834967141124], [-112.03917535460509, 33.448357166801266], [-112.03919332091077, 33.448357166801266]]}, "properties": {"confidence": "high"}}, {"type": "Feature", "geometry": {"type": "LineString", "coordinates": [[-112.03895077578406, 33.448357166801266], [-112.03895077578406, 33.44834967141124], [-112.0389417926312, 33.44834967141124], [-112.0389417926312, 33.448357166801266], [-112.03895077578406, 33.448357166801266]]}, "properties": {"confidence": "high"}}, {"type": "Feature", "geometry": {"type": "LineString", "coordinates": [[-112.03890586001985, 33.448357166801266], [-112.03890586001985, 33.44834967141124], [-112.038896876867, 33.44834967141124], [-112.038896876867, 33.448357166801266], [-112.03890586001985, 33.448357166801266]]}, "properties": {"confidence": "high"}}, {"type": "Feature", "geometry": {"type": "LineString", "coordinates": [[-112.03844771922496, 33.448357166801266], [-112.03844771922496, 33.44834967141124], [-112.03843873607211, 33.44834967141124], [-112.03843873607211, 33.448357166801266], [-112.03844771922496, 33.448357166801266]]}, "properties": {"confidence": "high"}}, {"type": "Feature", "geometry": {"type": "LineString", "coordinates": [[-112.03528564942485, 33.448357166801266], [-112.03528564942485, 33.44834967141124], [-112.03512395267371, 33.44834967141124], [-112.03512395267371, 33.448357166801266], [-112.03528564942485, 33.448357166801266]]}, "properties": {"confidence": "high"}}, {"type": "Feature", "geometry": {"type": "LineString", "coordinates": [[-112.03814229202835, 33.448357166801266], [-112.03814229202835, 33.44834217602057], [-112.03813330887552, 33.44834217602057], [-112.03813330887552, 33.448357166801266], [-112.03814229202835, 33.448357166801266]]}, "properties": {"confidence": "high"}}, {"type": "Feature", "geometry": {"type": "LineString", "coordinates": [[-112.03643549298852, 33.448357166801266], [-112.03643549298852, 33.44834217602057], [-112.03639057722432, 33.44834217602057], [-112.03639057722432, 33.44834967141124], [-112.03642650983568, 33.44834967141124], [-112.03642650983568, 33.448357166801266], [-112.03643549298852, 33.448357166801266]]}, "properties": {"confidence": "high"}}, {"type": "Feature", "geometry": {"type": "LineString", "coordinates": [[-112.04169063740062, 33.44834967141124], [-112.04169063740062, 33.44834217602057], [-112.04168165424778, 33.44834217602057], [-112.04168165424778, 33.44834967141124], [-112.04169063740062, 33.44834967141124]]}, "properties": {"confidence": "high"}}, {"type": "Feature", "geometry": {"type": "LineString", "coordinates": [[-112.0412504629114, 33.44834967141124], [-112.0412504629114, 33.44834217602057], [-112.04124147975855, 33.44834217602057], [-112.04124147975855, 33.44834967141124], [-112.0412504629114, 33.44834967141124]]}, "properties": {"confidence": "high"}}, {"type": "Feature", "geometry": {"type": "LineString", "coordinates": [[-112.04111571561879, 33.44834967141124], [-112.04111571561879, 33.44834217602057], [-112.04110673246595, 33.44834217602057], [-112.04110673246595, 33.44834967141124], [-112.04111571561879, 33.44834967141124]]}, "properties": {"confidence": "high"}}, {"type": "Feature", "geometry": {"type": "LineString", "coordinates": [[-112.04088215364492, 33.44834967141124], [-112.04088215364492, 33.44834217602057], [-112.04087317049208, 33.44834217602057], [-112.04087317049208, 33.44834967141124], [-112.04088215364492, 33.44834967141124]]}, "properties": {"confidence": "high"}}, {"type": "Feature", "geometry": {"type": "LineString", "coordinates": [[-112.0393729839676, 33.44834967141124], [-112.0393729839676, 33.44834217602057], [-112.03936400081476, 33.44834217602057], [-112.03936400081476, 33.44834967141124], [-112.0393729839676, 33.44834967141124]]}, "properties": {"confidence": "high"}}, {"type": "Feature", "geometry": {"type": "LineString", "coordinates": [[-112.03917535460509, 33.44834967141124], [-112.03917535460509, 33.44834217602057], [-112.03916637145225, 33.44834217602057], [-112.03916637145225, 33.44834967141124], [-112.03917535460509, 33.44834967141124]]}, "properties": {"confidence": "high"}}, {"type": "Feature", "geometry": {"type": "LineString", "coordinates": [[-112.0389417926312, 33.44834967141124], [-112.0389417926312, 33.44834217602057], [-112.03893280947837, 33.44834217602057], [-112.03893280947837, 33.44834967141124], [-112.0389417926312, 33.44834967141124]]}, "properties": {"confidence": "high"}}, {"type": "Feature", "geometry": {"type": "LineString", "coordinates": [[-112.03891484317269, 33.44834967141124], [-112.03891484317269, 33.44834217602057], [-112.03890586001985, 33.44834217602057], [-112.03890586001985, 33.44834967141124], [-112.03891484317269, 33.44834967141124]]}, "properties": {"confidence": "high"}}, {"type": "Feature", "geometry": {"type": "LineString", "coordinates": [[-112.03843873607211, 33.44834967141124], [-112.03843873607211, 33.44834217602057], [-112.03842975291927, 33.44834217602057], [-112.03842975291927, 33.44834967141124], [-112.03843873607211, 33.44834967141124]]}, "properties": {"confidence": "high"}}, {"type": "Feature", "geometry": {"type": "LineString", "coordinates": [[-112.03529463257769, 33.44834967141124], [-112.03529463257769, 33.44834217602057], [-112.03528564942485, 33.44834217602057], [-112.03528564942485, 33.44834967141124], [-112.03529463257769, 33.44834967141124]]}, "properties": {"confidence": "high"}}, {"type": "Feature", "geometry": {"type": "LineString", "coordinates": [[-112.03512395267371, 33.44834967141124], [-112.03512395267371, 33.44834217602057], [-112.03473767710153, 33.44834217602057], [-112.03473767710153, 33.44834967141124], [-112.03512395267371, 33.44834967141124]]}, "properties": {"confidence": "high"}}, {"type": "Feature", "geometry": {"type": "LineString", "coordinates": [[-112.04169962055346, 33.44834217602057], [-112.04169962055346, 33.44833468062925], [-112.04169063740062, 33.44833468062925], [-112.04169063740062, 33.44834217602057], [-112.04169962055346, 33.44834217602057]]}, "properties": {"confidence": "high"}}, {"type": "Feature", "geometry": {"type": "LineString", "coordinates": [[-112.04124147975855, 33.44834217602057], [-112.04124147975855, 33.44833468062925], [-112.04123249660572, 33.44833468062925], [-112.04123249660572, 33.44834217602057], [-112.04124147975855, 33.44834217602057]]}, "properties": {"confidence": "high"}}, {"type": "Feature", "geometry": {"type": "LineString", "coordinates": [[-112.04112469877163, 33.44834217602057], [-112.04112469877163, 33.44833468062925], [-112.04111571561879, 33.44833468062925], [-112.04111571561879, 33.44834217602057], [-112.04112469877163, 33.44834217602057]]}, "properties": {"confidence": "high"}}, {"type": "Feature", "geometry": {"type": "LineString", "coordinates": [[-112.04087317049208, 33.44834217602057], [-112.04087317049208, 33.44833468062925], [-112.04086418733924, 33.44833468062925], [-112.04086418733924, 33.44834217602057], [-112.04087317049208, 33.44834217602057]]}, "properties": {"confidence": "high"}}, {"type": "Feature", "geometry": {"type": "LineString", "coordinates": [[-112.03938196712043, 33.44834217602057], [-112.03938196712043, 33.44833468062925], [-112.0393729839676, 33.44833468062925], [-112.0393729839676, 33.44834217602057], [-112.03938196712043, 33.44834217602057]]}, "properties": {"confidence": "high"}}, {"type": "Feature", "geometry": {"type": "LineString", "coordinates": [[-112.03916637145225, 33.44834217602057], [-112.03916637145225, 33.44833468062925], [-112.0391573882994, 33.44833468062925], [-112.0391573882994, 33.44834217602057], [-112.03916637145225, 33.44834217602057]]}, "properties": {"confidence": "high"}}, {"type": "Feature", "geometry": {"type": "LineString", "coordinates": [[-112.03842975291927, 33.44834217602057], [-112.03842975291927, 33.44833468062925], [-112.03842076976643, 33.44833468062925], [-112.03842076976643, 33.44834217602057], [-112.03842975291927, 33.44834217602057]]}, "properties": {"confidence": "high"}}, {"type": "Feature", "geometry": {"type": "LineString", "coordinates": [[-112.03818720779256, 33.44834217602057], [-112.03818720779256, 33.44833468062925], [-112.03814229202835, 33.44833468062925], [-112.03814229202835, 33.44834217602057], [-112.03818720779256, 33.44834217602057]]}, "properties": {"confidence": "high"}}, {"type": "Feature", "geometry": {"type": "LineString", "coordinates": [[-112.03645345929421, 33.44834217602057], [-112.03645345929421, 33.44833468062925], [-112.03643549298852, 33.44833468062925], [-112.03643549298852, 33.44834217602057], [-112.03645345929421, 33.44834217602057]]}, "properties": {"confidence": "high"}}, {"type": "Feature", "geometry": {"type": "LineString", "coordinates": [[-112.03639057722432, 33.44834217602057], [-112.03639057722432, 33.44833468062925], [-112.0362558299317, 33.44833468062925], [-112.0362558299317, 33.44834217602057], [-112.03639057722432, 33.44834217602057]]}, "properties": {"confidence": "high"}}, {"type": "Feature", "geometry": {"type": "LineString", "coordinates": [[-112.03530361573053, 33.44834217602057], [-112.03530361573053, 33.44833468062925], [-112.03529463257769, 33.44833468062925], [-112.03529463257769, 33.44834217602057], [-112.03530361573053, 33.44834217602057]]}, "properties": {"confidence": "high"}}, {"type": "Feature", "geometry": {"type": "LineString", "coordinates": [[-112.03473767710153, 33.44834217602057], [-112.03473767710153, 33.44833468062925], [-112.03467479503165, 33.44833468062925], [-112.03467479503165, 33.44834217602057], [-112.03473767710153, 33.44834217602057]]}, "properties": {"confidence": "high"}}, {"type": "Feature", "geometry": {"type": "LineString", "coordinates": [[-112.03460292980893, 33.44867946795956], [-112.03460292980893, 33.44832718523728], [-112.03459394665609, 33.44832718523728], [-112.03459394665609, 33.44867946795956], [-112.03460292980893, 33.44867946795956]]}, "properties": {"confidence": "high"}}, {"type": "Feature", "geometry": {"type": "LineString", "coordinates": [[-112.0433884532876, 33.448612009676694], [-112.0433884532876, 33.44832718523728], [-112.04337947013477, 33.44832718523728], [-112.04337947013477, 33.448612009676694], [-112.0433884532876, 33.448612009676694]]}, "properties": {"confidence": "high"}}, {"type": "Feature", "geometry": {"type": "LineString", "coordinates": [[-112.0417086037063, 33.44833468062925], [-112.0417086037063, 33.44832718523728], [-112.04169962055346, 33.44832718523728], [-112.04169962055346, 33.44833468062925], [-112.0417086037063, 33.44833468062925]]}, "properties": {"confidence": "high"}}, {"type": "Feature", "geometry": {"type": "LineString", "coordinates": [[-112.04123249660572, 33.44833468062925], [-112.04123249660572, 33.44832718523728], [-112.04122351345288, 33.44832718523728], [-112.04122351345288, 33.44833468062925], [-112.04123249660572, 33.44833468062925]]}, "properties": {"confidence": "high"}}, {"type": "Feature", "geometry": {"type": "LineString", "coordinates": [[-112.04113368192446, 33.44833468062925], [-112.04113368192446, 33.44832718523728], [-112.04112469877163, 33.44832718523728], [-112.04112469877163, 33.44833468062925], [-112.04113368192446, 33.44833468062925]]}, "properties": {"confidence": "high"}}, {"type": "Feature", "geometry": {"type": "LineString", "coordinates": [[-112.04086418733924, 33.44833468062925], [-112.04086418733924, 33.44832718523728], [-112.0408552041864, 33.44832718523728], [-112.0408552041864, 33.44833468062925], [-112.04086418733924, 33.44833468062925]]}, "properties": {"confidence": "high"}}, {"type": "Feature", "geometry": {"type": "LineString", "coordinates": [[-112.03939095027327, 33.44833468062925], [-112.03939095027327, 33.44832718523728], [-112.03938196712043, 33.44832718523728], [-112.03938196712043, 33.44833468062925], [-112.03939095027327, 33.44833468062925]]}, "properties": {"confidence": "high"}}, {"type": "Feature", "geometry": {"type": "LineString", "coordinates": [[-112.0391573882994, 33.44833468062925], [-112.0391573882994, 33.44832718523728], [-112.03914840514656, 33.44832718523728], [-112.03914840514656, 33.44833468062925], [-112.0391573882994, 33.44833468062925]]}, "properties": {"confidence": "high"}}, {"type": "Feature", "geometry": {"type": "LineString", "coordinates": [[-112.03829500562665, 33.44833468062925], [-112.03829500562665, 33.44832718523728], [-112.03818720779256, 33.44832718523728], [-112.03818720779256, 33.44833468062925], [-112.03829500562665, 33.44833468062925]]}, "properties": {"confidence": "high"}}, {"type": "Feature", "geometry": {"type": "LineString", "coordinates": [[-112.03814229202835, 33.44833468062925], [-112.03814229202835, 33.44832718523728], [-112.03813330887552, 33.44832718523728], [-112.03813330887552, 33.44833468062925], [-112.03814229202835, 33.44833468062925]]}, "properties": {"confidence": "high"}}, {"type": "Feature", "geometry": {"type": "LineString", "coordinates": [[-112.03648040875272, 33.44833468062925], [-112.03648040875272, 33.44832718523728], [-112.03645345929421, 33.44832718523728], [-112.03645345929421, 33.44833468062925], [-112.03648040875272, 33.44833468062925]]}, "properties": {"confidence": "high"}}, {"type": "Feature", "geometry": {"type": "LineString", "coordinates": [[-112.0362558299317, 33.44833468062925], [-112.0362558299317, 33.44832718523728], [-112.03597735219363, 33.44832718523728], [-112.03597735219363, 33.44833468062925], [-112.0362558299317, 33.44833468062925]]}, "properties": {"confidence": "high"}}, {"type": "Feature", "geometry": {"type": "LineString", "coordinates": [[-112.0359504027351, 33.44833468062925], [-112.0359504027351, 33.44832718523728], [-112.0356000597743, 33.44832718523728], [-112.0356000597743, 33.44833468062925], [-112.0359504027351, 33.44833468062925]]}, "properties": {"confidence": "high"}}, {"type": "Feature", "geometry": {"type": "LineString", "coordinates": [[-112.03558209346862, 33.44833468062925], [-112.03558209346862, 33.44832718523728], [-112.03540243041178, 33.44832718523728], [-112.03540243041178, 33.44833468062925], [-112.03558209346862, 33.44833468062925]]}, "properties": {"confidence": "high"}}, {"type": "Feature", "geometry": {"type": "LineString", "coordinates": [[-112.03531259888338, 33.44833468062925], [-112.03531259888338, 33.44832718523728], [-112.03530361573053, 33.44832718523728], [-112.03530361573053, 33.44833468062925], [-112.03531259888338, 33.44833468062925]]}, "properties": {"confidence": "high"}}, {"type": "Feature", "geometry": {"type": "LineString", "coordinates": [[-112.03467479503165, 33.44833468062925], [-112.03467479503165, 33.44832718523728], [-112.03465682872597, 33.44832718523728], [-112.03465682872597, 33.44833468062925], [-112.03467479503165, 33.44833468062925]]}, "properties": {"confidence": "high"}}, {"type": "Feature", "geometry": {"type": "LineString", "coordinates": [[-112.03842076976643, 33.44833468062925], [-112.03842076976643, 33.44831968984467], [-112.03829500562665, 33.44831968984467], [-112.03829500562665, 33.44832718523728], [-112.03841178661358, 33.44832718523728], [-112.03841178661358, 33.44833468062925], [-112.03842076976643, 33.44833468062925]]}, "properties": {"confidence": "high"}}, {"type": "Feature", "geometry": {"type": "LineString", "coordinates": [[-112.04171758685914, 33.44832718523728], [-112.04171758685914, 33.44831968984467], [-112.0417086037063, 33.44831968984467], [-112.0417086037063, 33.44832718523728], [-112.04171758685914, 33.44832718523728]]}, "properties": {"confidence": "high"}}, {"type": "Feature", "geometry": {"type": "LineString", "coordinates": [[-112.0411426650773, 33.44832718523728], [-112.0411426650773, 33.44831968984467], [-112.04113368192446, 33.44831968984467], [-112.04113368192446, 33.44832718523728], [-112.0411426650773, 33.44832718523728]]}, "properties": {"confidence": "high"}}, {"type": "Feature", "geometry": {"type": "LineString", "coordinates": [[-112.0408552041864, 33.44832718523728], [-112.0408552041864, 33.44831968984467], [-112.04084622103355, 33.44831968984467], [-112.04084622103355, 33.44832718523728], [-112.0408552041864, 33.44832718523728]]}, "properties": {"confidence": "high"}}, {"type": "Feature", "geometry": {"type": "LineString", "coordinates": [[-112.03939993342611, 33.44832718523728], [-112.03939993342611, 33.44831968984467], [-112.03939095027327, 33.44831968984467], [-112.03939095027327, 33.44832718523728], [-112.03939993342611, 33.44832718523728]]}, "properties": {"confidence": "high"}}, {"type": "Feature", "geometry": {"type": "LineString", "coordinates": [[-112.03914840514656, 33.44832718523728], [-112.03914840514656, 33.44831968984467], [-112.03913942199372, 33.44831968984467], [-112.03913942199372, 33.44832718523728], [-112.03914840514656, 33.44832718523728]]}, "properties": {"confidence": "high"}}, {"type": "Feature", "geometry": {"type": "LineString", "coordinates": [[-112.03813330887552, 33.44832718523728], [-112.03813330887552, 33.44831968984467], [-112.03811534256982, 33.44831968984467], [-112.03811534256982, 33.44832718523728], [-112.03813330887552, 33.44832718523728]]}, "properties": {"confidence": "high"}}, {"type": "Feature", "geometry": {"type": "LineString", "coordinates": [[-112.03787279744311, 33.44832718523728], [-112.03787279744311, 33.44831968984467], [-112.03785483113744, 33.44831968984467], [-112.03785483113744, 33.44832718523728], [-112.03787279744311, 33.44832718523728]]}, "properties": {"confidence": "high"}}, {"type": "Feature", "geometry": {"type": "LineString", "coordinates": [[-112.03655227397546, 33.44832718523728], [-112.03655227397546, 33.44831968984467], [-112.03648040875272, 33.44831968984467], [-112.03648040875272, 33.44832718523728], [-112.03655227397546, 33.44832718523728]]}, "properties": {"confidence": "high"}}, {"type": "Feature", "geometry": {"type": "LineString", "coordinates": [[-112.03597735219363, 33.44832718523728], [-112.03597735219363, 33.44831968984467], [-112.0359504027351, 33.44831968984467], [-112.0359504027351, 33.44832718523728], [-112.03597735219363, 33.44832718523728]]}, "properties": {"confidence": "high"}}, {"type": "Feature", "geometry": {"type": "LineString", "coordinates": [[-112.0356000597743, 33.44832718523728], [-112.0356000597743, 33.44831968984467], [-112.03558209346862, 33.44831968984467], [-112.03558209346862, 33.44832718523728], [-112.0356000597743, 33.44832718523728]]}, "properties": {"confidence": "high"}}, {"type": "Feature", "geometry": {"type": "LineString", "coordinates": [[-112.03465682872597, 33.44832718523728], [-112.03465682872597, 33.44831968984467], [-112.03464784557313, 33.44831968984467], [-112.03464784557313, 33.44832718523728], [-112.03465682872597, 33.44832718523728]]}, "properties": {"confidence": "high"}}, {"type": "Feature", "geometry": {"type": "LineString", "coordinates": [[-112.03750448817662, 33.448432120665885], [-112.03750448817662, 33.448312194451404], [-112.03749550502378, 33.448312194451404], [-112.03749550502378, 33.448432120665885], [-112.03750448817662, 33.448432120665885]]}, "properties": {"confidence": "high"}}, {"type": "Feature", "geometry": {"type": "LineString", "coordinates": [[-112.04121453030004, 33.44837965296745], [-112.04121453030004, 33.44832718523728], [-112.04122351345288, 33.44832718523728], [-112.04122351345288, 33.44831968984467], [-112.04121453030004, 33.44831968984467], [-112.04121453030004, 33.448312194451404], [-112.04120554714719, 33.448312194451404], [-112.04120554714719, 33.44837965296745], [-112.04121453030004, 33.44837965296745]]}, "properties": {"confidence": "high"}}, {"type": "Feature", "geometry": {"type": "LineString", "coordinates": [[-112.03540243041178, 33.44832718523728], [-112.03540243041178, 33.44831968984467], [-112.03532158203622, 33.44831968984467], [-112.03532158203622, 33.448312194451404], [-112.03531259888338, 33.448312194451404], [-112.03531259888338, 33.44832718523728], [-112.03540243041178, 33.44832718523728]]}, "properties": {"confidence": "high"}}, {"type": "Feature", "geometry": {"type": "LineString", "coordinates": [[-112.03461191296176, 33.44832718523728], [-112.03461191296176, 33.448312194451404], [-112.03460292980893, 33.448312194451404], [-112.03460292980893, 33.44832718523728], [-112.03461191296176, 33.44832718523728]]}, "properties": {"confidence": "high"}}, {"type": "Feature", "geometry": {"type": "LineString", "coordinates": [[-112.04172657001199, 33.44831968984467], [-112.04172657001199, 33.448312194451404], [-112.04171758685914, 33.448312194451404], [-112.04171758685914, 33.44831968984467], [-112.04172657001199, 33.44831968984467]]}, "properties": {"confidence": "high"}}, {"type": "Feature", "geometry": {"type": "LineString", "coordinates": [[-112.04115164823014, 33.44831968984467], [-112.04115164823014, 33.448312194451404], [-112.0411426650773, 33.448312194451404], [-112.0411426650773, 33.44831968984467], [-112.04115164823014, 33.44831968984467]]}, "properties": {"confidence": "high"}}, {"type": "Feature", "geometry": {"type": "LineString", "coordinates": [[-112.04084622103355, 33.44831968984467], [-112.04084622103355, 33.448312194451404], [-112.04083723788071, 33.448312194451404], [-112.04083723788071, 33.44831968984467], [-112.04084622103355, 33.44831968984467]]}, "properties": {"confidence": "high"}}, {"type": "Feature", "geometry": {"type": "LineString", "coordinates": [[-112.04030723186308, 33.44831968984467], [-112.04030723186308, 33.448312194451404], [-112.04011858565342, 33.448312194451404], [-112.04011858565342, 33.44831968984467], [-112.04030723186308, 33.44831968984467]]}, "properties": {"confidence": "high"}}, {"type": "Feature", "geometry": {"type": "LineString", "coordinates": [[-112.04006468673636, 33.44831968984467], [-112.04006468673636, 33.448312194451404], [-112.03945383234316, 33.448312194451404], [-112.03945383234316, 33.44831968984467], [-112.04006468673636, 33.44831968984467]]}, "properties": {"confidence": "high"}}, {"type": "Feature", "geometry": {"type": "LineString", "coordinates": [[-112.03940891657895, 33.44831968984467], [-112.03940891657895, 33.448312194451404], [-112.03939993342611, 33.448312194451404], [-112.03939993342611, 33.44831968984467], [-112.03940891657895, 33.44831968984467]]}, "properties": {"confidence": "high"}}, {"type": "Feature", "geometry": {"type": "LineString", "coordinates": [[-112.03913942199372, 33.44831968984467], [-112.03913942199372, 33.448312194451404], [-112.03913043884089, 33.448312194451404], [-112.03913043884089, 33.44831968984467], [-112.03913942199372, 33.44831968984467]]}, "properties": {"confidence": "high"}}, {"type": "Feature", "geometry": {"type": "LineString", "coordinates": [[-112.03893280947837, 33.44834217602057], [-112.03893280947837, 33.44831968984467], [-112.0389597589369, 33.44831968984467], [-112.0389597589369, 33.448312194451404], [-112.03892382632553, 33.448312194451404], [-112.03892382632553, 33.44833468062925], [-112.03891484317269, 33.44833468062925], [-112.03891484317269, 33.44834217602057], [-112.03893280947837, 33.44834217602057]]}, "properties": {"confidence": "high"}}, {"type": "Feature", "geometry": {"type": "LineString", "coordinates": [[-112.03842975291927, 33.44831968984467], [-112.03842975291927, 33.448312194451404], [-112.03842076976643, 33.448312194451404], [-112.03842076976643, 33.44831968984467], [-112.03842975291927, 33.44831968984467]]}, "properties": {"confidence": "high"}}, {"type": "Feature", "geometry": {"type": "LineString", "coordinates": [[-112.03811534256982, 33.44831968984467], [-112.03811534256982, 33.448312194451404], [-112.03807940995846, 33.448312194451404], [-112.03807940995846, 33.44831968984467], [-112.03811534256982, 33.44831968984467]]}, "properties": {"confidence": "high"}}, {"type": "Feature", "geometry": {"type": "LineString", "coordinates": [[-112.03801652788857, 33.44831968984467], [-112.03801652788857, 33.448312194451404], [-112.03787279744311, 33.448312194451404], [-112.03787279744311, 33.44831968984467], [-112.03801652788857, 33.44831968984467]]}, "properties": {"confidence": "high"}}, {"type": "Feature", "geometry": {"type": "LineString", "coordinates": [[-112.03785483113744, 33.44831968984467], [-112.03785483113744, 33.448312194451404], [-112.03755838709367, 33.448312194451404], [-112.03755838709367, 33.44831968984467], [-112.03785483113744, 33.44831968984467]]}, "properties": {"confidence": "high"}}, {"type": "Feature", "geometry": {"type": "LineString", "coordinates": [[-112.03657922343398, 33.44831968984467], [-112.03657922343398, 33.448312194451404], [-112.03655227397546, 33.448312194451404], [-112.03655227397546, 33.44831968984467], [-112.03657922343398, 33.44831968984467]]}, "properties": {"confidence": "high"}}, {"type": "Feature", "geometry": {"type": "LineString", "coordinates": [[-112.03464784557313, 33.44831968984467], [-112.03464784557313, 33.448312194451404], [-112.03463886242028, 33.448312194451404], [-112.03463886242028, 33.44831968984467], [-112.03464784557313, 33.44831968984467]]}, "properties": {"confidence": "high"}}, {"type": "Feature", "geometry": {"type": "LineString", "coordinates": [[-112.04286743042282, 33.448312194451404], [-112.04286743042282, 33.448304699057495], [-112.04265183475464, 33.448304699057495], [-112.04265183475464, 33.448312194451404], [-112.04286743042282, 33.448312194451404]]}, "properties": {"confidence": "high"}}, {"type": "Feature", "geometry": {"type": "LineString", "coordinates": [[-112.04240928962793, 33.448312194451404], [-112.04240928962793, 33.448304699057495], [-112.04208589612564, 33.448304699057495], [-112.04208589612564, 33.448312194451404], [-112.04240928962793, 33.448312194451404]]}, "properties": {"confidence": "high"}}, {"type": "Feature", "geometry": {"type": "LineString", "coordinates": [[-112.04199606459723, 33.448312194451404], [-112.04199606459723, 33.448304699057495], [-112.0417535194705, 33.448304699057495], [-112.0417535194705, 33.448312194451404], [-112.04199606459723, 33.448312194451404]]}, "properties": {"confidence": "high"}}, {"type": "Feature", "geometry": {"type": "LineString", "coordinates": [[-112.04173555316483, 33.448312194451404], [-112.04173555316483, 33.448304699057495], [-112.04172657001199, 33.448304699057495], [-112.04172657001199, 33.448312194451404], [-112.04173555316483, 33.448312194451404]]}, "properties": {"confidence": "high"}}, {"type": "Feature", "geometry": {"type": "LineString", "coordinates": [[-112.04120554714719, 33.448312194451404], [-112.04120554714719, 33.448304699057495], [-112.04119656399435, 33.448304699057495], [-112.04119656399435, 33.448312194451404], [-112.04120554714719, 33.448312194451404]]}, "properties": {"confidence": "high"}}, {"type": "Feature", "geometry": {"type": "LineString", "coordinates": [[-112.041160631383, 33.448312194451404], [-112.041160631383, 33.448304699057495], [-112.04115164823014, 33.448304699057495], [-112.04115164823014, 33.448312194451404], [-112.041160631383, 33.448312194451404]]}, "properties": {"confidence": "high"}}, {"type": "Feature", "geometry": {"type": "LineString", "coordinates": [[-112.040594692754, 33.448312194451404], [-112.040594692754, 33.448304699057495], [-112.04030723186308, 33.448304699057495], [-112.04030723186308, 33.448312194451404], [-112.040594692754, 33.448312194451404]]}, "properties": {"confidence": "high"}}, {"type": "Feature", "geometry": {"type": "LineString", "coordinates": [[-112.04011858565342, 33.448312194451404], [-112.04011858565342, 33.448304699057495], [-112.04006468673636, 33.448304699057495], [-112.04006468673636, 33.448312194451404], [-112.04011858565342, 33.448312194451404]]}, "properties": {"confidence": "high"}}, {"type": "Feature", "geometry": {"type": "LineString", "coordinates": [[-112.03945383234316, 33.448312194451404], [-112.03945383234316, 33.448304699057495], [-112.03940891657895, 33.448304699057495], [-112.03940891657895, 33.448312194451404], [-112.03945383234316, 33.448312194451404]]}, "properties": {"confidence": "high"}}, {"type": "Feature", "geometry": {"type": "LineString", "coordinates": [[-112.03892382632553, 33.448312194451404], [-112.03892382632553, 33.448304699057495], [-112.03891484317269, 33.448304699057495], [-112.03891484317269, 33.448312194451404], [-112.03892382632553, 33.448312194451404]]}, "properties": {"confidence": "high"}}, {"type": "Feature", "geometry": {"type": "LineString", "coordinates": [[-112.03843873607211, 33.448312194451404], [-112.03843873607211, 33.448304699057495], [-112.03842975291927, 33.448304699057495], [-112.03842975291927, 33.448312194451404], [-112.03843873607211, 33.448312194451404]]}, "properties": {"confidence": "high"}}, {"type": "Feature", "geometry": {"type": "LineString", "coordinates": [[-112.03755838709367, 33.448312194451404], [-112.03755838709367, 33.448304699057495], [-112.03754042078799, 33.448304699057495], [-112.03754042078799, 33.448312194451404], [-112.03755838709367, 33.448312194451404]]}, "properties": {"confidence": "high"}}, {"type": "Feature", "geometry": {"type": "LineString", "coordinates": [[-112.03531259888338, 33.448312194451404], [-112.03531259888338, 33.448304699057495], [-112.03530361573053, 33.448304699057495], [-112.03530361573053, 33.448312194451404], [-112.03531259888338, 33.448312194451404]]}, "properties": {"confidence": "high"}}, {"type": "Feature", "geometry": {"type": "LineString", "coordinates": [[-112.03463886242028, 33.448312194451404], [-112.03463886242028, 33.448304699057495], [-112.03462987926744, 33.448304699057495], [-112.03462987926744, 33.448312194451404], [-112.03463886242028, 33.448312194451404]]}, "properties": {"confidence": "high"}}, {"type": "Feature", "geometry": {"type": "LineString", "coordinates": [[-112.0346208961146, 33.448312194451404], [-112.0346208961146, 33.448304699057495], [-112.03461191296176, 33.448304699057495], [-112.03461191296176, 33.448312194451404], [-112.0346208961146, 33.448312194451404]]}, "properties": {"confidence": "high"}}, {"type": "Feature", "geometry": {"type": "LineString", "coordinates": [[-112.03710922945162, 33.4485820282008], [-112.03710922945162, 33.4484695975739], [-112.03713617891013, 33.4484695975739], [-112.03713617891013, 33.448462102193595], [-112.03710922945162, 33.448462102193595], [-112.03710922945162, 33.44829720366293], [-112.03710024629876, 33.44829720366293], [-112.03710024629876, 33.448312194451404], [-112.03675888649082, 33.448312194451404], [-112.03675888649082, 33.44831968984467], [-112.03710024629876, 33.44831968984467], [-112.03710024629876, 33.4485820282008], [-112.03710922945162, 33.4485820282008]]}, "properties": {"confidence": "high"}}, {"type": "Feature", "geometry": {"type": "LineString", "coordinates": [[-112.04337947013477, 33.44832718523728], [-112.04337947013477, 33.44829720366293], [-112.04337048698193, 33.44829720366293], [-112.04337048698193, 33.448304699057495], [-112.04295726195124, 33.448304699057495], [-112.04295726195124, 33.448312194451404], [-112.04337048698193, 33.448312194451404], [-112.04337048698193, 33.44832718523728], [-112.04337947013477, 33.44832718523728]]}, "properties": {"confidence": "high"}}, {"type": "Feature", "geometry": {"type": "LineString", "coordinates": [[-112.04083723788071, 33.448312194451404], [-112.04083723788071, 33.44829720366293], [-112.040594692754, 33.44829720366293], [-112.040594692754, 33.448304699057495], [-112.04082825472787, 33.448304699057495], [-112.04082825472787, 33.448312194451404], [-112.04083723788071, 33.448312194451404]]}, "properties": {"confidence": "high"}}, {"type": "Feature", "geometry": {"type": "LineString", "coordinates": [[-112.03675888649082, 33.448312194451404], [-112.03675888649082, 33.448304699057495], [-112.0366061728925, 33.448304699057495], [-112.0366061728925, 33.44829720366293], [-112.03659718973967, 33.44829720366293], [-112.03659718973967, 33.448304699057495], [-112.03657922343398, 33.448304699057495], [-112.03657922343398, 33.448312194451404], [-112.03675888649082, 33.448312194451404]]}, "properties": {"confidence": "high"}}, {"type": "Feature", "geometry": {"type": "LineString", "coordinates": [[-112.04295726195124, 33.448304699057495], [-112.04295726195124, 33.44829720366293], [-112.04286743042282, 33.44829720366293], [-112.04286743042282, 33.448304699057495], [-112.04295726195124, 33.448304699057495]]}, "properties": {"confidence": "high"}}, {"type": "Feature", "geometry": {"type": "LineString", "coordinates": [[-112.04265183475464, 33.448304699057495], [-112.04265183475464, 33.44829720366293], [-112.04240928962793, 33.44829720366293], [-112.04240928962793, 33.448304699057495], [-112.04265183475464, 33.448304699057495]]}, "properties": {"confidence": "high"}}, {"type": "Feature", "geometry": {"type": "LineString", "coordinates": [[-112.04208589612564, 33.448304699057495], [-112.04208589612564, 33.44829720366293], [-112.04199606459723, 33.44829720366293], [-112.04199606459723, 33.448304699057495], [-112.04208589612564, 33.448304699057495]]}, "properties": {"confidence": "high"}}, {"type": "Feature", "geometry": {"type": "LineString", "coordinates": [[-112.0417535194705, 33.448304699057495], [-112.0417535194705, 33.44829720366293], [-112.04173555316483, 33.44829720366293], [-112.04173555316483, 33.448304699057495], [-112.0417535194705, 33.448304699057495]]}, "properties": {"confidence": "high"}}, {"type": "Feature", "geometry": {"type": "LineString", "coordinates": [[-112.04119656399435, 33.448304699057495], [-112.04119656399435, 33.44829720366293], [-112.041160631383, 33.44829720366293], [-112.041160631383, 33.448304699057495], [-112.04119656399435, 33.448304699057495]]}, "properties": {"confidence": "high"}}, {"type": "Feature", "geometry": {"type": "LineString", "coordinates": [[-112.03940891657895, 33.448304699057495], [-112.03940891657895, 33.44829720366293], [-112.03939993342611, 33.44829720366293], [-112.03939993342611, 33.448304699057495], [-112.03940891657895, 33.448304699057495]]}, "properties": {"confidence": "high"}}, {"type": "Feature", "geometry": {"type": "LineString", "coordinates": [[-112.03913942199372, 33.448304699057495], [-112.03913942199372, 33.44829720366293], [-112.03913043884089, 33.44829720366293], [-112.03913043884089, 33.448304699057495], [-112.03913942199372, 33.448304699057495]]}, "properties": {"confidence": "high"}}, {"type": "Feature", "geometry": {"type": "LineString", "coordinates": [[-112.03891484317269, 33.448304699057495], [-112.03891484317269, 33.44829720366293], [-112.03890586001985, 33.44829720366293], [-112.03890586001985, 33.448304699057495], [-112.03891484317269, 33.448304699057495]]}, "properties": {"confidence": "high"}}, {"type": "Feature", "geometry": {"type": "LineString", "coordinates": [[-112.03844771922496, 33.448304699057495], [-112.03844771922496, 33.44829720366293], [-112.03843873607211, 33.44829720366293], [-112.03843873607211, 33.448304699057495], [-112.03844771922496, 33.448304699057495]]}, "properties": {"confidence": "high"}}, {"type": "Feature", "geometry": {"type": "LineString", "coordinates": [[-112.03754042078799, 33.448304699057495], [-112.03754042078799, 33.44829720366293], [-112.03753143763515, 33.44829720366293], [-112.03753143763515, 33.448304699057495], [-112.03754042078799, 33.448304699057495]]}, "properties": {"confidence": "high"}}, {"type": "Feature", "geometry": {"type": "LineString", "coordinates": [[-112.03530361573053, 33.448304699057495], [-112.03530361573053, 33.44829720366293], [-112.03529463257769, 33.44829720366293], [-112.03529463257769, 33.448304699057495], [-112.03530361573053, 33.448304699057495]]}, "properties": {"confidence": "high"}}, {"type": "Feature", "geometry": {"type": "LineString", "coordinates": [[-112.04173555316483, 33.44829720366293], [-112.04173555316483, 33.44828970826772], [-112.04172657001199, 33.44828970826772], [-112.04172657001199, 33.44829720366293], [-112.04173555316483, 33.44829720366293]]}, "properties": {"confidence": "high"}}, {"type": "Feature", "geometry": {"type": "LineString", "coordinates": [[-112.04120554714719, 33.44829720366293], [-112.04120554714719, 33.44828970826772], [-112.04119656399435, 33.44828970826772], [-112.04119656399435, 33.44829720366293], [-112.04120554714719, 33.44829720366293]]}, "properties": {"confidence": "high"}}, {"type": "Feature", "geometry": {"type": "LineString", "coordinates": [[-112.041160631383, 33.44829720366293], [-112.041160631383, 33.44828970826772], [-112.04115164823014, 33.44828970826772], [-112.04115164823014, 33.44829720366293], [-112.041160631383, 33.44829720366293]]}, "properties": {"confidence": "high"}}, {"type": "Feature", "geometry": {"type": "LineString", "coordinates": [[-112.04084622103355, 33.44829720366293], [-112.04084622103355, 33.44828970826772], [-112.04083723788071, 33.44828970826772], [-112.04083723788071, 33.44829720366293], [-112.04084622103355, 33.44829720366293]]}, "properties": {"confidence": "high"}}, {"type": "Feature", "geometry": {"type": "LineString", "coordinates": [[-112.03914840514656, 33.44829720366293], [-112.03914840514656, 33.44828970826772], [-112.03913942199372, 33.44828970826772], [-112.03913942199372, 33.44829720366293], [-112.03914840514656, 33.44829720366293]]}, "properties": {"confidence": "high"}}, {"type": "Feature", "geometry": {"type": "LineString", "coordinates": [[-112.03890586001985, 33.44829720366293], [-112.03890586001985, 33.44828970826772], [-112.038896876867, 33.44828970826772], [-112.038896876867, 33.44829720366293], [-112.03890586001985, 33.44829720366293]]}, "properties": {"confidence": "high"}}, {"type": "Feature", "geometry": {"type": "LineString", "coordinates": [[-112.0384567023778, 33.44829720366293], [-112.0384567023778, 33.44828970826772], [-112.03844771922496, 33.44828970826772], [-112.03844771922496, 33.44829720366293], [-112.0384567023778, 33.44829720366293]]}, "properties": {"confidence": "high"}}, {"type": "Feature", "geometry": {"type": "LineString", "coordinates": [[-112.03659718973967, 33.44829720366293], [-112.03659718973967, 33.44828970826772], [-112.03658820658681, 33.44828970826772], [-112.03658820658681, 33.44829720366293], [-112.03659718973967, 33.44829720366293]]}, "properties": {"confidence": "high"}}, {"type": "Feature", "geometry": {"type": "LineString", "coordinates": [[-112.03939993342611, 33.44829720366293], [-112.03939993342611, 33.44828221287187], [-112.03939095027327, 33.44828221287187], [-112.03939095027327, 33.44829720366293], [-112.03939993342611, 33.44829720366293]]}, "properties": {"confidence": "high"}}, {"type": "Feature", "geometry": {"type": "LineString", "coordinates": [[-112.03529463257769, 33.44829720366293], [-112.03529463257769, 33.44828221287187], [-112.03528564942485, 33.44828221287187], [-112.03528564942485, 33.44829720366293], [-112.03529463257769, 33.44829720366293]]}, "properties": {"confidence": "high"}}, {"type": "Feature", "geometry": {"type": "LineString", "coordinates": [[-112.04172657001199, 33.44828970826772], [-112.04172657001199, 33.44828221287187], [-112.04171758685914, 33.44828221287187], [-112.04171758685914, 33.44828970826772], [-112.04172657001199, 33.44828970826772]]}, "properties": {"confidence": "high"}}, {"type": "Feature", "geometry": {"type": "LineString", "coordinates": [[-112.04121453030004, 33.44828970826772], [-112.04121453030004, 33.44828221287187], [-112.04120554714719, 33.44828221287187], [-112.04120554714719, 33.44828970826772], [-112.04121453030004, 33.44828970826772]]}, "properties": {"confidence": "high"}}, {"type": "Feature", "geometry": {"type": "LineString", "coordinates": [[-112.04115164823014, 33.44828970826772], [-112.04115164823014, 33.44828221287187], [-112.0411426650773, 33.44828221287187], [-112.0411426650773, 33.44828970826772], [-112.04115164823014, 33.44828970826772]]}, "properties": {"confidence": "high"}}, {"type": "Feature", "geometry": {"type": "LineString", "coordinates": [[-112.0408552041864, 33.44828970826772], [-112.0408552041864, 33.44828221287187], [-112.04084622103355, 33.44828221287187], [-112.04084622103355, 33.44828970826772], [-112.0408552041864, 33.44828970826772]]}, "properties": {"confidence": "high"}}, {"type": "Feature", "geometry": {"type": "LineString", "coordinates": [[-112.0391573882994, 33.44828970826772], [-112.0391573882994, 33.44828221287187], [-112.03914840514656, 33.44828221287187], [-112.03914840514656, 33.44828970826772], [-112.0391573882994, 33.44828970826772]]}, "properties": {"confidence": "high"}}, {"type": "Feature", "geometry": {"type": "LineString", "coordinates": [[-112.038896876867, 33.44828970826772], [-112.038896876867, 33.44828221287187], [-112.03888789371416, 33.44828221287187], [-112.03888789371416, 33.44828970826772], [-112.038896876867, 33.44828970826772]]}, "properties": {"confidence": "high"}}, {"type": "Feature", "geometry": {"type": "LineString", "coordinates": [[-112.03846568553064, 33.44828970826772], [-112.03846568553064, 33.44828221287187], [-112.0384567023778, 33.44828221287187], [-112.0384567023778, 33.44828970826772], [-112.03846568553064, 33.44828970826772]]}, "properties": {"confidence": "high"}}, {"type": "Feature", "geometry": {"type": "LineString", "coordinates": [[-112.03658820658681, 33.44828970826772], [-112.03658820658681, 33.44828221287187], [-112.03657922343398, 33.44828221287187], [-112.03657922343398, 33.44828970826772], [-112.03658820658681, 33.44828970826772]]}, "properties": {"confidence": "high"}}, {"type": "Feature", "geometry": {"type": "LineString", "coordinates": [[-112.03462987926744, 33.448304699057495], [-112.03462987926744, 33.44827471747537], [-112.03460292980893, 33.44827471747537], [-112.03460292980893, 33.44828221287187], [-112.0346208961146, 33.44828221287187], [-112.0346208961146, 33.448304699057495], [-112.03462987926744, 33.448304699057495]]}, "properties": {"confidence": "high"}}, {"type": "Feature", "geometry": {"type": "LineString", "coordinates": [[-112.04345133535749, 33.44828970826772], [-112.04345133535749, 33.44827471747537], [-112.04341540274613, 33.44827471747537], [-112.04341540274613, 33.44828221287187], [-112.04344235220465, 33.44828221287187], [-112.04344235220465, 33.44828970826772], [-112.04345133535749, 33.44828970826772]]}, "properties": {"confidence": "high"}}, {"type": "Feature", "geometry": {"type": "LineString", "coordinates": [[-112.04171758685914, 33.44828221287187], [-112.04171758685914, 33.44827471747537], [-112.0417086037063, 33.44827471747537], [-112.0417086037063, 33.44828221287187], [-112.04171758685914, 33.44828221287187]]}, "properties": {"confidence": "high"}}, {"type": "Feature", "geometry": {"type": "LineString", "coordinates": [[-112.0411426650773, 33.44828221287187], [-112.0411426650773, 33.44827471747537], [-112.04113368192446, 33.44827471747537], [-112.04113368192446, 33.44828221287187], [-112.0411426650773, 33.44828221287187]]}, "properties": {"confidence": "high"}}, {"type": "Feature", "geometry": {"type": "LineString", "coordinates": [[-112.04086418733924, 33.44828221287187], [-112.04086418733924, 33.44827471747537], [-112.0408552041864, 33.44827471747537], [-112.0408552041864, 33.44828221287187], [-112.04086418733924, 33.44828221287187]]}, "properties": {"confidence": "high"}}, {"type": "Feature", "geometry": {"type": "LineString", "coordinates": [[-112.03939095027327, 33.44828221287187], [-112.03939095027327, 33.44827471747537], [-112.03938196712043, 33.44827471747537], [-112.03938196712043, 33.44828221287187], [-112.03939095027327, 33.44828221287187]]}, "properties": {"confidence": "high"}}, {"type": "Feature", "geometry": {"type": "LineString", "coordinates": [[-112.03916637145225, 33.44828221287187], [-112.03916637145225, 33.44827471747537], [-112.0391573882994, 33.44827471747537], [-112.0391573882994, 33.44828221287187], [-112.03916637145225, 33.44828221287187]]}, "properties": {"confidence": "high"}}, {"type": "Feature", "geometry": {"type": "LineString", "coordinates": [[-112.03888789371416, 33.44828221287187], [-112.03888789371416, 33.44827471747537], [-112.03887891056132, 33.44827471747537], [-112.03887891056132, 33.44828221287187], [-112.03888789371416, 33.44828221287187]]}, "properties": {"confidence": "high"}}, {"type": "Feature", "geometry": {"type": "LineString", "coordinates": [[-112.03847466868348, 33.44828221287187], [-112.03847466868348, 33.44827471747537], [-112.03846568553064, 33.44827471747537], [-112.03846568553064, 33.44828221287187], [-112.03847466868348, 33.44828221287187]]}, "properties": {"confidence": "high"}}, {"type": "Feature", "geometry": {"type": "LineString", "coordinates": [[-112.03750448817662, 33.44828221287187], [-112.03750448817662, 33.44827471747537], [-112.03749550502378, 33.44827471747537], [-112.03749550502378, 33.44828221287187], [-112.03750448817662, 33.44828221287187]]}, "properties": {"confidence": "high"}}, {"type": "Feature", "geometry": {"type": "LineString", "coordinates": [[-112.03528564942485, 33.44828221287187], [-112.03528564942485, 33.44827471747537], [-112.03527666627201, 33.44827471747537], [-112.03527666627201, 33.44828221287187], [-112.03528564942485, 33.44828221287187]]}, "properties": {"confidence": "high"}}, {"type": "Feature", "geometry": {"type": "LineString", "coordinates": [[-112.03751347132946, 33.448312194451404], [-112.03751347132946, 33.44828970826772], [-112.03752245448231, 33.44828970826772], [-112.03752245448231, 33.44829720366293], [-112.03753143763515, 33.44829720366293], [-112.03753143763515, 33.44826722207822], [-112.03752245448231, 33.44826722207822], [-112.03752245448231, 33.44828221287187], [-112.03750448817662, 33.44828221287187], [-112.03750448817662, 33.448312194451404], [-112.03751347132946, 33.448312194451404]]}, "properties": {"confidence": "high"}}, {"type": "Feature", "geometry": {"type": "LineString", "coordinates": [[-112.04122351345288, 33.44828221287187], [-112.04122351345288, 33.44826722207822], [-112.04121453030004, 33.44826722207822], [-112.04121453030004, 33.44828221287187], [-112.04122351345288, 33.44828221287187]]}, "properties": {"confidence": "high"}}, {"type": "Feature", "geometry": {"type": "LineString", "coordinates": [[-112.04113368192446, 33.44827471747537], [-112.04113368192446, 33.44826722207822], [-112.04112469877163, 33.44826722207822], [-112.04112469877163, 33.44827471747537], [-112.04113368192446, 33.44827471747537]]}, "properties": {"confidence": "high"}}, {"type": "Feature", "geometry": {"type": "LineString", "coordinates": [[-112.04087317049208, 33.44827471747537], [-112.04087317049208, 33.44826722207822], [-112.04086418733924, 33.44826722207822], [-112.04086418733924, 33.44827471747537], [-112.04087317049208, 33.44827471747537]]}, "properties": {"confidence": "high"}}, {"type": "Feature", "geometry": {"type": "LineString", "coordinates": [[-112.03938196712043, 33.44827471747537], [-112.03938196712043, 33.44826722207822], [-112.0393729839676, 33.44826722207822], [-112.0393729839676, 33.44827471747537], [-112.03938196712043, 33.44827471747537]]}, "properties": {"confidence": "high"}}, {"type": "Feature", "geometry": {"type": "LineString", "coordinates": [[-112.03917535460509, 33.44827471747537], [-112.03917535460509, 33.44826722207822], [-112.03916637145225, 33.44826722207822], [-112.03916637145225, 33.44827471747537], [-112.03917535460509, 33.44827471747537]]}, "properties": {"confidence": "high"}}, {"type": "Feature", "geometry": {"type": "LineString", "coordinates": [[-112.03887891056132, 33.44827471747537], [-112.03887891056132, 33.44826722207822], [-112.03886992740848, 33.44826722207822], [-112.03886992740848, 33.44827471747537], [-112.03887891056132, 33.44827471747537]]}, "properties": {"confidence": "high"}}, {"type": "Feature", "geometry": {"type": "LineString", "coordinates": [[-112.03848365183632, 33.44827471747537], [-112.03848365183632, 33.44826722207822], [-112.03847466868348, 33.44826722207822], [-112.03847466868348, 33.44827471747537], [-112.03848365183632, 33.44827471747537]]}, "properties": {"confidence": "high"}}, {"type": "Feature", "geometry": {"type": "LineString", "coordinates": [[-112.03749550502378, 33.44827471747537], [-112.03749550502378, 33.44826722207822], [-112.03748652187095, 33.44826722207822], [-112.03748652187095, 33.44827471747537], [-112.03749550502378, 33.44827471747537]]}, "properties": {"confidence": "high"}}, {"type": "Feature", "geometry": {"type": "LineString", "coordinates": [[-112.03527666627201, 33.44827471747537], [-112.03527666627201, 33.44826722207822], [-112.03526768311917, 33.44826722207822], [-112.03526768311917, 33.44827471747537], [-112.03527666627201, 33.44827471747537]]}, "properties": {"confidence": "high"}}, {"type": "Feature", "geometry": {"type": "LineString", "coordinates": [[-112.03463886242028, 33.44827471747537], [-112.03463886242028, 33.44826722207822], [-112.03462987926744, 33.44826722207822], [-112.03462987926744, 33.44827471747537], [-112.03463886242028, 33.44827471747537]]}, "properties": {"confidence": "high"}}, {"type": "Feature", "geometry": {"type": "LineString", "coordinates": [[-112.0417086037063, 33.44827471747537], [-112.0417086037063, 33.44825972668042], [-112.04169962055346, 33.44825972668042], [-112.04169962055346, 33.44827471747537], [-112.0417086037063, 33.44827471747537]]}, "properties": {"confidence": "high"}}, {"type": "Feature", "geometry": {"type": "LineString", "coordinates": [[-112.04112469877163, 33.44826722207822], [-112.04112469877163, 33.44825972668042], [-112.04111571561879, 33.44825972668042], [-112.04111571561879, 33.44826722207822], [-112.04112469877163, 33.44826722207822]]}, "properties": {"confidence": "high"}}, {"type": "Feature", "geometry": {"type": "LineString", "coordinates": [[-112.04088215364492, 33.44826722207822], [-112.04088215364492, 33.44825972668042], [-112.04087317049208, 33.44825972668042], [-112.04087317049208, 33.44826722207822], [-112.04088215364492, 33.44826722207822]]}, "properties": {"confidence": "high"}}, {"type": "Feature", "geometry": {"type": "LineString", "coordinates": [[-112.0393729839676, 33.44826722207822], [-112.0393729839676, 33.44825972668042], [-112.03936400081476, 33.44825972668042], [-112.03936400081476, 33.44826722207822], [-112.0393729839676, 33.44826722207822]]}, "properties": {"confidence": "high"}}, {"type": "Feature", "geometry": {"type": "LineString", "coordinates": [[-112.03918433775793, 33.44826722207822], [-112.03918433775793, 33.44825972668042], [-112.03917535460509, 33.44825972668042], [-112.03917535460509, 33.44826722207822], [-112.03918433775793, 33.44826722207822]]}, "properties": {"confidence": "high"}}, {"type": "Feature", "geometry": {"type": "LineString", "coordinates": [[-112.03886992740848, 33.44826722207822], [-112.03886992740848, 33.44825972668042], [-112.03886094425565, 33.44825972668042], [-112.03886094425565, 33.44826722207822], [-112.03886992740848, 33.44826722207822]]}, "properties": {"confidence": "high"}}, {"type": "Feature", "geometry": {"type": "LineString", "coordinates": [[-112.03849263498915, 33.44826722207822], [-112.03849263498915, 33.44825972668042], [-112.03848365183632, 33.44825972668042], [-112.03848365183632, 33.44826722207822], [-112.03849263498915, 33.44826722207822]]}, "properties": {"confidence": "high"}}, {"type": "Feature", "geometry": {"type": "LineString", "coordinates": [[-112.03748652187095, 33.44826722207822], [-112.03748652187095, 33.44825972668042], [-112.03747753871811, 33.44825972668042], [-112.03747753871811, 33.44826722207822], [-112.03748652187095, 33.44826722207822]]}, "properties": {"confidence": "high"}}, {"type": "Feature", "geometry": {"type": "LineString", "coordinates": [[-112.03526768311917, 33.44826722207822], [-112.03526768311917, 33.44825972668042], [-112.03525869996632, 33.44825972668042], [-112.03525869996632, 33.44826722207822], [-112.03526768311917, 33.44826722207822]]}, "properties": {"confidence": "high"}}, {"type": "Feature", "geometry": {"type": "LineString", "coordinates": [[-112.03464784557313, 33.44826722207822], [-112.03464784557313, 33.44825972668042], [-112.03463886242028, 33.44825972668042], [-112.03463886242028, 33.44826722207822], [-112.03464784557313, 33.44826722207822]]}, "properties": {"confidence": "high"}}, {"type": "Feature", "geometry": {"type": "LineString", "coordinates": [[-112.03657922343398, 33.44828221287187], [-112.03657922343398, 33.44825223128198], [-112.03657024028114, 33.44825223128198], [-112.03657024028114, 33.44828221287187], [-112.03657922343398, 33.44828221287187]]}, "properties": {"confidence": "high"}}, {"type": "Feature", "geometry": {"type": "LineString", "coordinates": [[-112.04169962055346, 33.44825972668042], [-112.04169962055346, 33.44825223128198], [-112.04169063740062, 33.44825223128198], [-112.04169063740062, 33.44825972668042], [-112.04169962055346, 33.44825972668042]]}, "properties": {"confidence": "high"}}, {"type": "Feature", "geometry": {"type": "LineString", "coordinates": [[-112.04111571561879, 33.44825972668042], [-112.04111571561879, 33.44825223128198], [-112.04110673246595, 33.44825223128198], [-112.04110673246595, 33.44825972668042], [-112.04111571561879, 33.44825972668042]]}, "properties": {"confidence": "high"}}, {"type": "Feature", "geometry": {"type": "LineString", "coordinates": [[-112.04089113679775, 33.44825972668042], [-112.04089113679775, 33.44825223128198], [-112.04088215364492, 33.44825223128198], [-112.04088215364492, 33.44825972668042], [-112.04089113679775, 33.44825972668042]]}, "properties": {"confidence": "high"}}, {"type": "Feature", "geometry": {"type": "LineString", "coordinates": [[-112.03936400081476, 33.44825972668042], [-112.03936400081476, 33.44825223128198], [-112.0393550176619, 33.44825223128198], [-112.0393550176619, 33.44825972668042], [-112.03936400081476, 33.44825972668042]]}, "properties": {"confidence": "high"}}, {"type": "Feature", "geometry": {"type": "LineString", "coordinates": [[-112.03919332091077, 33.44825972668042], [-112.03919332091077, 33.44825223128198], [-112.03918433775793, 33.44825223128198], [-112.03918433775793, 33.44825972668042], [-112.03919332091077, 33.44825972668042]]}, "properties": {"confidence": "high"}}, {"type": "Feature", "geometry": {"type": "LineString", "coordinates": [[-112.03886094425565, 33.44825972668042], [-112.03886094425565, 33.44825223128198], [-112.03885196110281, 33.44825223128198], [-112.03885196110281, 33.44825972668042], [-112.03886094425565, 33.44825972668042]]}, "properties": {"confidence": "high"}}, {"type": "Feature", "geometry": {"type": "LineString", "coordinates": [[-112.038501618142, 33.44825972668042], [-112.038501618142, 33.44825223128198], [-112.03849263498915, 33.44825223128198], [-112.03849263498915, 33.44825972668042], [-112.038501618142, 33.44825972668042]]}, "properties": {"confidence": "high"}}, {"type": "Feature", "geometry": {"type": "LineString", "coordinates": [[-112.03747753871811, 33.44825972668042], [-112.03747753871811, 33.44825223128198], [-112.03746855556527, 33.44825223128198], [-112.03746855556527, 33.44825972668042], [-112.03747753871811, 33.44825972668042]]}, "properties": {"confidence": "high"}}, {"type": "Feature", "geometry": {"type": "LineString", "coordinates": [[-112.03525869996632, 33.44825972668042], [-112.03525869996632, 33.44825223128198], [-112.03524971681348, 33.44825223128198], [-112.03524971681348, 33.44825972668042], [-112.03525869996632, 33.44825972668042]]}, "properties": {"confidence": "high"}}, {"type": "Feature", "geometry": {"type": "LineString", "coordinates": [[-112.03465682872597, 33.44825972668042], [-112.03465682872597, 33.44825223128198], [-112.03464784557313, 33.44825223128198], [-112.03464784557313, 33.44825972668042], [-112.03465682872597, 33.44825972668042]]}, "properties": {"confidence": "high"}}, {"type": "Feature", "geometry": {"type": "LineString", "coordinates": [[-112.04123249660572, 33.44826722207822], [-112.04123249660572, 33.44824473588289], [-112.04122351345288, 33.44824473588289], [-112.04122351345288, 33.44826722207822], [-112.04123249660572, 33.44826722207822]]}, "properties": {"confidence": "high"}}, {"type": "Feature", "geometry": {"type": "LineString", "coordinates": [[-112.04169063740062, 33.44825223128198], [-112.04169063740062, 33.44824473588289], [-112.04168165424778, 33.44824473588289], [-112.04168165424778, 33.44825223128198], [-112.04169063740062, 33.44825223128198]]}, "properties": {"confidence": "high"}}, {"type": "Feature", "geometry": {"type": "LineString", "coordinates": [[-112.04110673246595, 33.44825223128198], [-112.04110673246595, 33.44824473588289], [-112.0410977493131, 33.44824473588289], [-112.0410977493131, 33.44825223128198], [-112.04110673246595, 33.44825223128198]]}, "properties": {"confidence": "high"}}, {"type": "Feature", "geometry": {"type": "LineString", "coordinates": [[-112.04090011995059, 33.44825223128198], [-112.04090011995059, 33.44824473588289], [-112.04089113679775, 33.44824473588289], [-112.04089113679775, 33.44825223128198], [-112.04090011995059, 33.44825223128198]]}, "properties": {"confidence": "high"}}, {"type": "Feature", "geometry": {"type": "LineString", "coordinates": [[-112.0393550176619, 33.44825223128198], [-112.0393550176619, 33.44824473588289], [-112.03934603450907, 33.44824473588289], [-112.03934603450907, 33.44825223128198], [-112.0393550176619, 33.44825223128198]]}, "properties": {"confidence": "high"}}, {"type": "Feature", "geometry": {"type": "LineString", "coordinates": [[-112.03920230406361, 33.44825223128198], [-112.03920230406361, 33.44824473588289], [-112.03919332091077, 33.44824473588289], [-112.03919332091077, 33.44825223128198], [-112.03920230406361, 33.44825223128198]]}, "properties": {"confidence": "high"}}, {"type": "Feature", "geometry": {"type": "LineString", "coordinates": [[-112.03885196110281, 33.44825223128198], [-112.03885196110281, 33.44824473588289], [-112.03884297794995, 33.44824473588289], [-112.03884297794995, 33.44825223128198], [-112.03885196110281, 33.44825223128198]]}, "properties": {"confidence": "high"}}, {"type": "Feature", "geometry": {"type": "LineString", "coordinates": [[-112.03851958444768, 33.44825223128198], [-112.03851958444768, 33.44824473588289], [-112.038501618142, 33.44824473588289], [-112.038501618142, 33.44825223128198], [-112.03851958444768, 33.44825223128198]]}, "properties": {"confidence": "high"}}, {"type": "Feature", "geometry": {"type": "LineString", "coordinates": [[-112.03746855556527, 33.44825223128198], [-112.03746855556527, 33.44824473588289], [-112.03745957241242, 33.44824473588289], [-112.03745957241242, 33.44825223128198], [-112.03746855556527, 33.44825223128198]]}, "properties": {"confidence": "high"}}, {"type": "Feature", "geometry": {"type": "LineString", "coordinates": [[-112.03524971681348, 33.44825223128198], [-112.03524971681348, 33.44824473588289], [-112.03524073366064, 33.44824473588289], [-112.03524073366064, 33.44825223128198], [-112.03524971681348, 33.44825223128198]]}, "properties": {"confidence": "high"}}, {"type": "Feature", "geometry": {"type": "LineString", "coordinates": [[-112.03466581187881, 33.44825223128198], [-112.03466581187881, 33.44824473588289], [-112.03465682872597, 33.44824473588289], [-112.03465682872597, 33.44825223128198], [-112.03466581187881, 33.44825223128198]]}, "properties": {"confidence": "high"}}, {"type": "Feature", "geometry": {"type": "LineString", "coordinates": [[-112.03886094425565, 33.44839464374167], [-112.03886094425565, 33.44838714835489], [-112.03866331489314, 33.44838714835489], [-112.03866331489314, 33.448237240483145], [-112.03851958444768, 33.448237240483145], [-112.03851958444768, 33.44824473588289], [-112.0386543317403, 33.44824473588289], [-112.0386543317403, 33.44839464374167], [-112.03886094425565, 33.44839464374167]]}, "properties": {"confidence": "high"}}, {"type": "Feature", "geometry": {"type": "LineString", "coordinates": [[-112.03754042078799, 33.44826722207822], [-112.03754042078799, 33.448237240483145], [-112.03753143763515, 33.448237240483145], [-112.03753143763515, 33.44826722207822], [-112.03754042078799, 33.44826722207822]]}, "properties": {"confidence": "high"}}, {"type": "Feature", "geometry": {"type": "LineString", "coordinates": [[-112.03657024028114, 33.44825223128198], [-112.03657024028114, 33.448237240483145], [-112.0365612571283, 33.448237240483145], [-112.0365612571283, 33.44825223128198], [-112.03657024028114, 33.44825223128198]]}, "properties": {"confidence": "high"}}, {"type": "Feature", "geometry": {"type": "LineString", "coordinates": [[-112.04168165424778, 33.44824473588289], [-112.04168165424778, 33.448237240483145], [-112.04166368794209, 33.448237240483145], [-112.04166368794209, 33.44824473588289], [-112.04168165424778, 33.44824473588289]]}, "properties": {"confidence": "high"}}, {"type": "Feature", "geometry": {"type": "LineString", "coordinates": [[-112.0410977493131, 33.44824473588289], [-112.0410977493131, 33.448237240483145], [-112.04107079985458, 33.448237240483145], [-112.04107079985458, 33.44824473588289], [-112.0410977493131, 33.44824473588289]]}, "properties": {"confidence": "high"}}, {"type": "Feature", "geometry": {"type": "LineString", "coordinates": [[-112.04092706940912, 33.44824473588289], [-112.04092706940912, 33.448237240483145], [-112.04090011995059, 33.448237240483145], [-112.04090011995059, 33.44824473588289], [-112.04092706940912, 33.44824473588289]]}, "properties": {"confidence": "high"}}, {"type": "Feature", "geometry": {"type": "LineString", "coordinates": [[-112.03934603450907, 33.44824473588289], [-112.03934603450907, 33.448237240483145], [-112.03932806820339, 33.448237240483145], [-112.03932806820339, 33.44824473588289], [-112.03934603450907, 33.44824473588289]]}, "properties": {"confidence": "high"}}, {"type": "Feature", "geometry": {"type": "LineString", "coordinates": [[-112.0392202703693, 33.44824473588289], [-112.0392202703693, 33.448237240483145], [-112.03920230406361, 33.448237240483145], [-112.03920230406361, 33.44824473588289], [-112.0392202703693, 33.44824473588289]]}, "properties": {"confidence": "high"}}, {"type": "Feature", "geometry": {"type": "LineString", "coordinates": [[-112.03884297794995, 33.44824473588289], [-112.03884297794995, 33.448237240483145], [-112.03881602849144, 33.448237240483145], [-112.03881602849144, 33.44824473588289], [-112.03884297794995, 33.44824473588289]]}, "properties": {"confidence": "high"}}, {"type": "Feature", "geometry": {"type": "LineString", "coordinates": [[-112.03745957241242, 33.44824473588289], [-112.03745957241242, 33.448237240483145], [-112.03745058925958, 33.448237240483145], [-112.03745058925958, 33.44824473588289], [-112.03745957241242, 33.44824473588289]]}, "properties": {"confidence": "high"}}, {"type": "Feature", "geometry": {"type": "LineString", "coordinates": [[-112.03524073366064, 33.44824473588289], [-112.03524073366064, 33.448237240483145], [-112.03521378420213, 33.448237240483145], [-112.03521378420213, 33.44824473588289], [-112.03524073366064, 33.44824473588289]]}, "properties": {"confidence": "high"}}, {"type": "Feature", "geometry": {"type": "LineString", "coordinates": [[-112.0351868347436, 33.44824473588289], [-112.0351868347436, 33.448237240483145], [-112.03515988528508, 33.448237240483145], [-112.03515988528508, 33.44824473588289], [-112.0351868347436, 33.44824473588289]]}, "properties": {"confidence": "high"}}, {"type": "Feature", "geometry": {"type": "LineString", "coordinates": [[-112.03467479503165, 33.44824473588289], [-112.03467479503165, 33.448237240483145], [-112.03466581187881, 33.448237240483145], [-112.03466581187881, 33.44824473588289], [-112.03467479503165, 33.44824473588289]]}, "properties": {"confidence": "high"}}, {"type": "Feature", "geometry": {"type": "LineString", "coordinates": [[-112.04166368794209, 33.448237240483145], [-112.04166368794209, 33.448229745082756], [-112.04157385641369, 33.448229745082756], [-112.04157385641369, 33.448237240483145], [-112.04166368794209, 33.448237240483145]]}, "properties": {"confidence": "high"}}, {"type": "Feature", "geometry": {"type": "LineString", "coordinates": [[-112.04107079985458, 33.448237240483145], [-112.04107079985458, 33.448229745082756], [-112.04092706940912, 33.448229745082756], [-112.04092706940912, 33.448237240483145], [-112.04107079985458, 33.448237240483145]]}, "properties": {"confidence": "high"}}, {"type": "Feature", "geometry": {"type": "LineString", "coordinates": [[-112.03932806820339, 33.448237240483145], [-112.03932806820339, 33.448229745082756], [-112.0392202703693, 33.448229745082756], [-112.0392202703693, 33.448237240483145], [-112.03932806820339, 33.448237240483145]]}, "properties": {"confidence": "high"}}, {"type": "Feature", "geometry": {"type": "LineString", "coordinates": [[-112.03881602849144, 33.448237240483145], [-112.03881602849144, 33.448229745082756], [-112.03866331489314, 33.448229745082756], [-112.03866331489314, 33.448237240483145], [-112.03881602849144, 33.448237240483145]]}, "properties": {"confidence": "high"}}, {"type": "Feature", "geometry": {"type": "LineString", "coordinates": [[-112.03745058925958, 33.448237240483145], [-112.03745058925958, 33.448229745082756], [-112.03744160610674, 33.448229745082756], [-112.03744160610674, 33.448237240483145], [-112.03745058925958, 33.448237240483145]]}, "properties": {"confidence": "high"}}, {"type": "Feature", "geometry": {"type": "LineString", "coordinates": [[-112.03521378420213, 33.448237240483145], [-112.03521378420213, 33.448229745082756], [-112.0351868347436, 33.448229745082756], [-112.0351868347436, 33.448237240483145], [-112.03521378420213, 33.448237240483145]]}, "properties": {"confidence": "high"}}, {"type": "Feature", "geometry": {"type": "LineString", "coordinates": [[-112.03515988528508, 33.448237240483145], [-112.03515988528508, 33.448229745082756], [-112.03506107060383, 33.448229745082756], [-112.03506107060383, 33.448237240483145], [-112.03515988528508, 33.448237240483145]]}, "properties": {"confidence": "high"}}, {"type": "Feature", "geometry": {"type": "LineString", "coordinates": [[-112.03468377818449, 33.448237240483145], [-112.03468377818449, 33.448229745082756], [-112.03467479503165, 33.448229745082756], [-112.03467479503165, 33.448237240483145], [-112.03468377818449, 33.448237240483145]]}, "properties": {"confidence": "high"}}, {"type": "Feature", "geometry": {"type": "LineString", "coordinates": [[-112.03754940394083, 33.448237240483145], [-112.03754940394083, 33.44822224968172], [-112.03754042078799, 33.44822224968172], [-112.03754042078799, 33.448237240483145], [-112.03754940394083, 33.448237240483145]]}, "properties": {"confidence": "high"}}, {"type": "Feature", "geometry": {"type": "LineString", "coordinates": [[-112.04157385641369, 33.448229745082756], [-112.04157385641369, 33.44822224968172], [-112.04133131128698, 33.44822224968172], [-112.04133131128698, 33.448229745082756], [-112.04157385641369, 33.448229745082756]]}, "properties": {"confidence": "high"}}, {"type": "Feature", "geometry": {"type": "LineString", "coordinates": [[-112.04124147975855, 33.44824473588289], [-112.04124147975855, 33.448229745082756], [-112.0412684292171, 33.448229745082756], [-112.0412684292171, 33.44822224968172], [-112.04123249660572, 33.44822224968172], [-112.04123249660572, 33.44824473588289], [-112.04124147975855, 33.44824473588289]]}, "properties": {"confidence": "high"}}, {"type": "Feature", "geometry": {"type": "LineString", "coordinates": [[-112.03506107060383, 33.448229745082756], [-112.03506107060383, 33.44822224968172], [-112.0349263233112, 33.44822224968172], [-112.0349263233112, 33.448229745082756], [-112.03506107060383, 33.448229745082756]]}, "properties": {"confidence": "high"}}, {"type": "Feature", "geometry": {"type": "LineString", "coordinates": [[-112.03469276133733, 33.448229745082756], [-112.03469276133733, 33.44822224968172], [-112.03468377818449, 33.44822224968172], [-112.03468377818449, 33.448229745082756], [-112.03469276133733, 33.448229745082756]]}, "properties": {"confidence": "high"}}, {"type": "Feature", "geometry": {"type": "LineString", "coordinates": [[-112.04133131128698, 33.44822224968172], [-112.04133131128698, 33.448214754280045], [-112.0412684292171, 33.448214754280045], [-112.0412684292171, 33.44822224968172], [-112.04133131128698, 33.44822224968172]]}, "properties": {"confidence": "high"}}, {"type": "Feature", "geometry": {"type": "LineString", "coordinates": [[-112.0349263233112, 33.44822224968172], [-112.0349263233112, 33.448214754280045], [-112.03484547493562, 33.448214754280045], [-112.03484547493562, 33.44822224968172], [-112.0349263233112, 33.44822224968172]]}, "properties": {"confidence": "high"}}, {"type": "Feature", "geometry": {"type": "LineString", "coordinates": [[-112.03470174449018, 33.44822224968172], [-112.03470174449018, 33.448214754280045], [-112.03469276133733, 33.448214754280045], [-112.03469276133733, 33.44822224968172], [-112.03470174449018, 33.44822224968172]]}, "properties": {"confidence": "high"}}, {"type": "Feature", "geometry": {"type": "LineString", "coordinates": [[-112.0433884532876, 33.44829720366293], [-112.0433884532876, 33.44828970826772], [-112.04341540274613, 33.44828970826772], [-112.04341540274613, 33.44828221287187], [-112.0433884532876, 33.44828221287187], [-112.0433884532876, 33.44820725887771], [-112.04337947013477, 33.44820725887771], [-112.04337947013477, 33.44829720366293], [-112.0433884532876, 33.44829720366293]]}, "properties": {"confidence": "high"}}, {"type": "Feature", "geometry": {"type": "LineString", "coordinates": [[-112.03484547493562, 33.448214754280045], [-112.03484547493562, 33.44820725887771], [-112.03476462656006, 33.44820725887771], [-112.03476462656006, 33.448214754280045], [-112.03484547493562, 33.448214754280045]]}, "properties": {"confidence": "high"}}, {"type": "Feature", "geometry": {"type": "LineString", "coordinates": [[-112.0347286939487, 33.448214754280045], [-112.0347286939487, 33.44820725887771], [-112.03470174449018, 33.44820725887771], [-112.03470174449018, 33.448214754280045], [-112.0347286939487, 33.448214754280045]]}, "properties": {"confidence": "high"}}, {"type": "Feature", "geometry": {"type": "LineString", "coordinates": [[-112.03913043884089, 33.448312194451404], [-112.03913043884089, 33.448304699057495], [-112.03898670839543, 33.448304699057495], [-112.03898670839543, 33.44819976347473], [-112.03897772524257, 33.44819976347473], [-112.03897772524257, 33.448304699057495], [-112.0389597589369, 33.448304699057495], [-112.0389597589369, 33.448312194451404], [-112.03913043884089, 33.448312194451404]]}, "properties": {"confidence": "high"}}, {"type": "Feature", "geometry": {"type": "LineString", "coordinates": [[-112.03476462656006, 33.44820725887771], [-112.03476462656006, 33.44819976347473], [-112.0347286939487, 33.44819976347473], [-112.0347286939487, 33.44820725887771], [-112.03476462656006, 33.44820725887771]]}, "properties": {"confidence": "high"}}, {"type": "Feature", "geometry": {"type": "LineString", "coordinates": [[-112.04123249660572, 33.44822224968172], [-112.04123249660572, 33.4481922680711], [-112.04122351345288, 33.4481922680711], [-112.04122351345288, 33.44822224968172], [-112.04123249660572, 33.44822224968172]]}, "properties": {"confidence": "high"}}, {"type": "Feature", "geometry": {"type": "LineString", "coordinates": [[-112.03755838709367, 33.44822224968172], [-112.03755838709367, 33.4481922680711], [-112.03754940394083, 33.4481922680711], [-112.03754940394083, 33.44822224968172], [-112.03755838709367, 33.44822224968172]]}, "properties": {"confidence": "high"}}, {"type": "Feature", "geometry": {"type": "LineString", "coordinates": [[-112.03711821260445, 33.44829720366293], [-112.03711821260445, 33.448169781856336], [-112.03710922945162, 33.448169781856336], [-112.03710922945162, 33.44829720366293], [-112.03711821260445, 33.44829720366293]]}, "properties": {"confidence": "high"}}, {"type": "Feature", "geometry": {"type": "LineString", "coordinates": [[-112.0365612571283, 33.448237240483145], [-112.0365612571283, 33.44811731399921], [-112.03655227397546, 33.44811731399921], [-112.03655227397546, 33.448237240483145], [-112.0365612571283, 33.448237240483145]]}, "properties": {"confidence": "high"}}, {"type": "Feature", "geometry": {"type": "LineString", "coordinates": [[-112.04339743644044, 33.44820725887771], [-112.04339743644044, 33.44807983693897], [-112.0433884532876, 33.44807983693897], [-112.0433884532876, 33.44820725887771], [-112.04339743644044, 33.44820725887771]]}, "properties": {"confidence": "high"}}, {"type": "Feature", "geometry": {"type": "LineString", "coordinates": [[-112.03897772524257, 33.44819976347473], [-112.03897772524257, 33.44806484611034], [-112.03896874208974, 33.44806484611034], [-112.03896874208974, 33.44819976347473], [-112.03897772524257, 33.44819976347473]]}, "properties": {"confidence": "high"}}, {"type": "Feature", "geometry": {"type": "LineString", "coordinates": [[-112.03898670839543, 33.44806484611034], [-112.03898670839543, 33.44805735069505], [-112.03897772524257, 33.44805735069505], [-112.03897772524257, 33.44806484611034], [-112.03898670839543, 33.44806484611034]]}, "properties": {"confidence": "high"}}, {"type": "Feature", "geometry": {"type": "LineString", "coordinates": [[-112.03807940995846, 33.448312194451404], [-112.03807940995846, 33.448304699057495], [-112.03807042680562, 33.448304699057495], [-112.03807042680562, 33.44804235986254], [-112.03806144365278, 33.44804235986254], [-112.03806144365278, 33.448304699057495], [-112.03801652788857, 33.448304699057495], [-112.03801652788857, 33.448312194451404], [-112.03807940995846, 33.448312194451404]]}, "properties": {"confidence": "high"}}, {"type": "Feature", "geometry": {"type": "LineString", "coordinates": [[-112.03899569154827, 33.44805735069505], [-112.03899569154827, 33.44804235986254], [-112.03898670839543, 33.44804235986254], [-112.03898670839543, 33.44805735069505], [-112.03899569154827, 33.44805735069505]]}, "properties": {"confidence": "high"}}, {"type": "Feature", "geometry": {"type": "LineString", "coordinates": [[-112.0390046747011, 33.44804235986254], [-112.0390046747011, 33.448027369027436], [-112.03899569154827, 33.448027369027436], [-112.03899569154827, 33.44804235986254], [-112.0390046747011, 33.44804235986254]]}, "properties": {"confidence": "high"}}, {"type": "Feature", "geometry": {"type": "LineString", "coordinates": [[-112.03901365785396, 33.448027369027436], [-112.03901365785396, 33.447952414813045], [-112.0390046747011, 33.447952414813045], [-112.0390046747011, 33.448027369027436], [-112.03901365785396, 33.448027369027436]]}, "properties": {"confidence": "high"}}, {"type": "Feature", "geometry": {"type": "LineString", "coordinates": [[-112.0433884532876, 33.44807983693897], [-112.0433884532876, 33.44791493768155], [-112.04337947013477, 33.44791493768155], [-112.04337947013477, 33.44807983693897], [-112.0433884532876, 33.44807983693897]]}, "properties": {"confidence": "high"}}, {"type": "Feature", "geometry": {"type": "LineString", "coordinates": [[-112.03714516206297, 33.448169781856336], [-112.03714516206297, 33.44816228645011], [-112.0371271957573, 33.44816228645011], [-112.0371271957573, 33.44786996510239], [-112.03711821260445, 33.44786996510239], [-112.03711821260445, 33.448169781856336], [-112.03714516206297, 33.448169781856336]]}, "properties": {"confidence": "high"}}, {"type": "Feature", "geometry": {"type": "LineString", "coordinates": [[-112.03720804413287, 33.447780019874116], [-112.03720804413287, 33.447772524434214], [-112.03719906098002, 33.447772524434214], [-112.03719906098002, 33.447780019874116], [-112.03720804413287, 33.447780019874116]]}, "properties": {"confidence": "high"}}, {"type": "Feature", "geometry": {"type": "LineString", "coordinates": [[-112.03713617891013, 33.44786996510239], [-112.03713617891013, 33.44776502899367], [-112.0371271957573, 33.44776502899367], [-112.0371271957573, 33.44786996510239], [-112.03713617891013, 33.44786996510239]]}, "properties": {"confidence": "high"}}, {"type": "Feature", "geometry": {"type": "LineString", "coordinates": [[-112.04115164823014, 33.447772524434214], [-112.04115164823014, 33.44776502899367], [-112.04108876616026, 33.44776502899367], [-112.04108876616026, 33.447772524434214], [-112.04115164823014, 33.447772524434214]]}, "properties": {"confidence": "high"}}, {"type": "Feature", "geometry": {"type": "LineString", "coordinates": [[-112.04103486724321, 33.447772524434214], [-112.04103486724321, 33.44776502899367], [-112.04098096832617, 33.44776502899367], [-112.04098096832617, 33.447772524434214], [-112.04103486724321, 33.447772524434214]]}, "properties": {"confidence": "high"}}, {"type": "Feature", "geometry": {"type": "LineString", "coordinates": [[-112.03719906098002, 33.447772524434214], [-112.03719906098002, 33.44776502899367], [-112.03719007782718, 33.44776502899367], [-112.03719007782718, 33.447772524434214], [-112.03719906098002, 33.447772524434214]]}, "properties": {"confidence": "high"}}, {"type": "Feature", "geometry": {"type": "LineString", "coordinates": [[-112.04122351345288, 33.4481922680711], [-112.04122351345288, 33.447757533552476], [-112.04115164823014, 33.447757533552476], [-112.04115164823014, 33.44776502899367], [-112.04121453030004, 33.44776502899367], [-112.04121453030004, 33.4481922680711], [-112.04122351345288, 33.4481922680711]]}, "properties": {"confidence": "high"}}, {"type": "Feature", "geometry": {"type": "LineString", "coordinates": [[-112.04108876616026, 33.44776502899367], [-112.04108876616026, 33.447757533552476], [-112.04103486724321, 33.447757533552476], [-112.04103486724321, 33.44776502899367], [-112.04108876616026, 33.44776502899367]]}, "properties": {"confidence": "high"}}, {"type": "Feature", "geometry": {"type": "LineString", "coordinates": [[-112.03719007782718, 33.44776502899367], [-112.03719007782718, 33.447757533552476], [-112.03718109467434, 33.447757533552476], [-112.03718109467434, 33.44776502899367], [-112.03719007782718, 33.44776502899367]]}, "properties": {"confidence": "high"}}, {"type": "Feature", "geometry": {"type": "LineString", "coordinates": [[-112.03714516206297, 33.44776502899367], [-112.03714516206297, 33.44775003811063], [-112.03713617891013, 33.44775003811063], [-112.03713617891013, 33.44776502899367], [-112.03714516206297, 33.44776502899367]]}, "properties": {"confidence": "high"}}, {"type": "Feature", "geometry": {"type": "LineString", "coordinates": [[-112.03718109467434, 33.447757533552476], [-112.03718109467434, 33.44775003811063], [-112.0371721115215, 33.44775003811063], [-112.0371721115215, 33.447757533552476], [-112.03718109467434, 33.447757533552476]]}, "properties": {"confidence": "high"}}, {"type": "Feature", "geometry": {"type": "LineString", "coordinates": [[-112.0371721115215, 33.44775003811063], [-112.0371721115215, 33.44774254266814], [-112.03716312836866, 33.44774254266814], [-112.03716312836866, 33.44775003811063], [-112.0371721115215, 33.44775003811063]]}, "properties": {"confidence": "high"}}, {"type": "Feature", "geometry": {"type": "LineString", "coordinates": [[-112.03715414521581, 33.44775003811063], [-112.03715414521581, 33.44774254266814], [-112.03714516206297, 33.44774254266814], [-112.03714516206297, 33.44775003811063], [-112.03715414521581, 33.44775003811063]]}, "properties": {"confidence": "high"}}, {"type": "Feature", "geometry": {"type": "LineString", "coordinates": [[-112.03655227397546, 33.44811731399921], [-112.03655227397546, 33.4477125608917], [-112.03654329082262, 33.4477125608917], [-112.03654329082262, 33.44811731399921], [-112.03655227397546, 33.44811731399921]]}, "properties": {"confidence": "high"}}, {"type": "Feature", "geometry": {"type": "LineString", "coordinates": [[-112.03716312836866, 33.44774254266814], [-112.03716312836866, 33.44753267001542], [-112.0371721115215, 33.44753267001542], [-112.0371721115215, 33.447525174554144], [-112.03715414521581, 33.447525174554144], [-112.03715414521581, 33.44774254266814], [-112.03716312836866, 33.44774254266814]]}, "properties": {"confidence": "high"}}, {"type": "Feature", "geometry": {"type": "LineString", "coordinates": [[-112.03718109467434, 33.447525174554144], [-112.03718109467434, 33.44751767909222], [-112.0371721115215, 33.44751767909222], [-112.0371721115215, 33.447525174554144], [-112.03718109467434, 33.447525174554144]]}, "properties": {"confidence": "high"}}, {"type": "Feature", "geometry": {"type": "LineString", "coordinates": [[-112.03715414521581, 33.447525174554144], [-112.03715414521581, 33.44751767909222], [-112.03714516206297, 33.44751767909222], [-112.03714516206297, 33.447525174554144], [-112.03715414521581, 33.447525174554144]]}, "properties": {"confidence": "high"}}, {"type": "Feature", "geometry": {"type": "LineString", "coordinates": [[-112.03807940995846, 33.44804235986254], [-112.03807940995846, 33.44751018362965], [-112.03807042680562, 33.44751018362965], [-112.03807042680562, 33.44804235986254], [-112.03807940995846, 33.44804235986254]]}, "properties": {"confidence": "high"}}, {"type": "Feature", "geometry": {"type": "LineString", "coordinates": [[-112.03719007782718, 33.44751767909222], [-112.03719007782718, 33.44751018362965], [-112.03718109467434, 33.44751018362965], [-112.03718109467434, 33.44751767909222], [-112.03719007782718, 33.44751767909222]]}, "properties": {"confidence": "high"}}, {"type": "Feature", "geometry": {"type": "LineString", "coordinates": [[-112.03714516206297, 33.44751767909222], [-112.03714516206297, 33.44751018362965], [-112.03713617891013, 33.44751018362965], [-112.03713617891013, 33.44751767909222], [-112.03714516206297, 33.44751767909222]]}, "properties": {"confidence": "high"}}, {"type": "Feature", "geometry": {"type": "LineString", "coordinates": [[-112.03719906098002, 33.44751018362965], [-112.03719906098002, 33.44750268816643], [-112.03719007782718, 33.44750268816643], [-112.03719007782718, 33.44751018362965], [-112.03719906098002, 33.44751018362965]]}, "properties": {"confidence": "high"}}, {"type": "Feature", "geometry": {"type": "LineString", "coordinates": [[-112.04123249660572, 33.447757533552476], [-112.04123249660572, 33.44749519270257], [-112.04122351345288, 33.44749519270257], [-112.04122351345288, 33.447757533552476], [-112.04123249660572, 33.447757533552476]]}, "properties": {"confidence": "high"}}, {"type": "Feature", "geometry": {"type": "LineString", "coordinates": [[-112.0372170272857, 33.44750268816643], [-112.0372170272857, 33.44749519270257], [-112.03719906098002, 33.44749519270257], [-112.03719906098002, 33.44750268816643], [-112.0372170272857, 33.44750268816643]]}, "properties": {"confidence": "high"}}, {"type": "Feature", "geometry": {"type": "LineString", "coordinates": [[-112.03722601043854, 33.44749519270257], [-112.03722601043854, 33.44748769723806], [-112.0372170272857, 33.44748769723806], [-112.0372170272857, 33.44749519270257], [-112.03722601043854, 33.44749519270257]]}, "properties": {"confidence": "high"}}, {"type": "Feature", "geometry": {"type": "LineString", "coordinates": [[-112.03724397674422, 33.44748769723806], [-112.03724397674422, 33.4474802017729], [-112.03722601043854, 33.4474802017729], [-112.03722601043854, 33.44748769723806], [-112.03724397674422, 33.44748769723806]]}, "properties": {"confidence": "high"}}, {"type": "Feature", "geometry": {"type": "LineString", "coordinates": [[-112.03725295989706, 33.4474802017729], [-112.03725295989706, 33.44747270630709], [-112.03724397674422, 33.44747270630709], [-112.03724397674422, 33.4474802017729], [-112.03725295989706, 33.4474802017729]]}, "properties": {"confidence": "high"}}, {"type": "Feature", "geometry": {"type": "LineString", "coordinates": [[-112.0390226410068, 33.447952414813045], [-112.0390226410068, 33.44746521084063], [-112.03901365785396, 33.44746521084063], [-112.03901365785396, 33.447952414813045], [-112.0390226410068, 33.447952414813045]]}, "properties": {"confidence": "high"}}, {"type": "Feature", "geometry": {"type": "LineString", "coordinates": [[-112.03726194304991, 33.44747270630709], [-112.03726194304991, 33.44746521084063], [-112.03725295989706, 33.44746521084063], [-112.03725295989706, 33.44747270630709], [-112.03726194304991, 33.44747270630709]]}, "properties": {"confidence": "high"}}, {"type": "Feature", "geometry": {"type": "LineString", "coordinates": [[-112.0372799093556, 33.44746521084063], [-112.0372799093556, 33.44745771537353], [-112.03726194304991, 33.44745771537353], [-112.03726194304991, 33.44746521084063], [-112.0372799093556, 33.44746521084063]]}, "properties": {"confidence": "high"}}, {"type": "Feature", "geometry": {"type": "LineString", "coordinates": [[-112.03728889250844, 33.44745771537353], [-112.03728889250844, 33.447450219905775], [-112.0372799093556, 33.447450219905775], [-112.0372799093556, 33.44745771537353], [-112.03728889250844, 33.44745771537353]]}, "properties": {"confidence": "high"}}, {"type": "Feature", "geometry": {"type": "LineString", "coordinates": [[-112.03729787566128, 33.447450219905775], [-112.03729787566128, 33.44744272443737], [-112.03728889250844, 33.44744272443737], [-112.03728889250844, 33.447450219905775], [-112.03729787566128, 33.447450219905775]]}, "properties": {"confidence": "high"}}, {"type": "Feature", "geometry": {"type": "LineString", "coordinates": [[-112.03730685881412, 33.44744272443737], [-112.03730685881412, 33.447435228968324], [-112.03729787566128, 33.447435228968324], [-112.03729787566128, 33.44744272443737], [-112.03730685881412, 33.44744272443737]]}, "properties": {"confidence": "high"}}, {"type": "Feature", "geometry": {"type": "LineString", "coordinates": [[-112.03731584196697, 33.447435228968324], [-112.03731584196697, 33.447427733498635], [-112.03730685881412, 33.447427733498635], [-112.03730685881412, 33.447435228968324], [-112.03731584196697, 33.447435228968324]]}, "properties": {"confidence": "high"}}, {"type": "Feature", "geometry": {"type": "LineString", "coordinates": [[-112.03732482511981, 33.447427733498635], [-112.03732482511981, 33.447420238028286], [-112.03731584196697, 33.447420238028286], [-112.03731584196697, 33.447427733498635], [-112.03732482511981, 33.447427733498635]]}, "properties": {"confidence": "high"}}, {"type": "Feature", "geometry": {"type": "LineString", "coordinates": [[-112.03735177457833, 33.447420238028286], [-112.03735177457833, 33.4474127425573], [-112.03732482511981, 33.4474127425573], [-112.03732482511981, 33.447420238028286], [-112.03735177457833, 33.447420238028286]]}, "properties": {"confidence": "high"}}, {"type": "Feature", "geometry": {"type": "LineString", "coordinates": [[-112.03654329082262, 33.4477125608917], [-112.03654329082262, 33.447405247085655], [-112.03653430766977, 33.447405247085655], [-112.03653430766977, 33.4477125608917], [-112.03654329082262, 33.4477125608917]]}, "properties": {"confidence": "high"}}, {"type": "Feature", "geometry": {"type": "LineString", "coordinates": [[-112.0373877071897, 33.4474127425573], [-112.0373877071897, 33.447405247085655], [-112.03735177457833, 33.447405247085655], [-112.03735177457833, 33.4474127425573], [-112.0373877071897, 33.4474127425573]]}, "properties": {"confidence": "high"}}, {"type": "Feature", "geometry": {"type": "LineString", "coordinates": [[-112.03739669034253, 33.447405247085655], [-112.03739669034253, 33.44739775161337], [-112.0373877071897, 33.44739775161337], [-112.0373877071897, 33.447405247085655], [-112.03739669034253, 33.447405247085655]]}, "properties": {"confidence": "high"}}, {"type": "Feature", "geometry": {"type": "LineString", "coordinates": [[-112.03655227397546, 33.447405247085655], [-112.03655227397546, 33.44739025614044], [-112.03654329082262, 33.44739025614044], [-112.03654329082262, 33.447405247085655], [-112.03655227397546, 33.447405247085655]]}, "properties": {"confidence": "high"}}, {"type": "Feature", "geometry": {"type": "LineString", "coordinates": [[-112.03740567349537, 33.44739775161337], [-112.03740567349537, 33.44739025614044], [-112.03739669034253, 33.44739025614044], [-112.03739669034253, 33.44739775161337], [-112.03740567349537, 33.44739775161337]]}, "properties": {"confidence": "high"}}, {"type": "Feature", "geometry": {"type": "LineString", "coordinates": [[-112.03901365785396, 33.44746521084063], [-112.03901365785396, 33.44738276066686], [-112.0390046747011, 33.44738276066686], [-112.0390046747011, 33.44746521084063], [-112.03901365785396, 33.44746521084063]]}, "properties": {"confidence": "high"}}, {"type": "Feature", "geometry": {"type": "LineString", "coordinates": [[-112.03741465664821, 33.44739025614044], [-112.03741465664821, 33.44738276066686], [-112.03740567349537, 33.44738276066686], [-112.03740567349537, 33.44739025614044], [-112.03741465664821, 33.44739025614044]]}, "properties": {"confidence": "high"}}, {"type": "Feature", "geometry": {"type": "LineString", "coordinates": [[-112.03742363980106, 33.44738276066686], [-112.03742363980106, 33.447375265192626], [-112.03741465664821, 33.447375265192626], [-112.03741465664821, 33.44738276066686], [-112.03742363980106, 33.44738276066686]]}, "properties": {"confidence": "high"}}, {"type": "Feature", "geometry": {"type": "LineString", "coordinates": [[-112.0390046747011, 33.44738276066686], [-112.0390046747011, 33.44736776971775], [-112.03899569154827, 33.44736776971775], [-112.03899569154827, 33.44738276066686], [-112.0390046747011, 33.44738276066686]]}, "properties": {"confidence": "high"}}, {"type": "Feature", "geometry": {"type": "LineString", "coordinates": [[-112.0374326229539, 33.447375265192626], [-112.0374326229539, 33.44736776971775], [-112.03742363980106, 33.44736776971775], [-112.03742363980106, 33.447375265192626], [-112.0374326229539, 33.447375265192626]]}, "properties": {"confidence": "high"}}, {"type": "Feature", "geometry": {"type": "LineString", "coordinates": [[-112.03744160610674, 33.44736776971775], [-112.03744160610674, 33.44736027424223], [-112.0374326229539, 33.44736027424223], [-112.0374326229539, 33.44736776971775], [-112.03744160610674, 33.44736776971775]]}, "properties": {"confidence": "high"}}, {"type": "Feature", "geometry": {"type": "LineString", "coordinates": [[-112.03629176254307, 33.44736776971775], [-112.03629176254307, 33.44736027424223], [-112.03626481308454, 33.44736027424223], [-112.03626481308454, 33.44736776971775], [-112.03629176254307, 33.44736776971775]]}, "properties": {"confidence": "high"}}, {"type": "Feature", "geometry": {"type": "LineString", "coordinates": [[-112.03899569154827, 33.44736776971775], [-112.03899569154827, 33.44735277876605], [-112.03898670839543, 33.44735277876605], [-112.03898670839543, 33.44736776971775], [-112.03899569154827, 33.44736776971775]]}, "properties": {"confidence": "high"}}, {"type": "Feature", "geometry": {"type": "LineString", "coordinates": [[-112.03745058925958, 33.44736027424223], [-112.03745058925958, 33.44735277876605], [-112.03744160610674, 33.44735277876605], [-112.03744160610674, 33.44736027424223], [-112.03745058925958, 33.44736027424223]]}, "properties": {"confidence": "high"}}, {"type": "Feature", "geometry": {"type": "LineString", "coordinates": [[-112.03639057722432, 33.44736027424223], [-112.03639057722432, 33.44735277876605], [-112.03629176254307, 33.44735277876605], [-112.03629176254307, 33.44736027424223], [-112.03639057722432, 33.44736027424223]]}, "properties": {"confidence": "high"}}, {"type": "Feature", "geometry": {"type": "LineString", "coordinates": [[-112.03626481308454, 33.44736027424223], [-112.03626481308454, 33.44735277876605], [-112.03592345327657, 33.44735277876605], [-112.03592345327657, 33.44736027424223], [-112.03626481308454, 33.44736027424223]]}, "properties": {"confidence": "high"}}, {"type": "Feature", "geometry": {"type": "LineString", "coordinates": [[-112.03884297794995, 33.44735277876605], [-112.03884297794995, 33.44734528328923], [-112.03870823065735, 33.44734528328923], [-112.03870823065735, 33.44735277876605], [-112.03884297794995, 33.44735277876605]]}, "properties": {"confidence": "high"}}, {"type": "Feature", "geometry": {"type": "LineString", "coordinates": [[-112.03745957241242, 33.44735277876605], [-112.03745957241242, 33.44734528328923], [-112.03745058925958, 33.44734528328923], [-112.03745058925958, 33.44735277876605], [-112.03745957241242, 33.44735277876605]]}, "properties": {"confidence": "high"}}, {"type": "Feature", "geometry": {"type": "LineString", "coordinates": [[-112.03639956037716, 33.44735277876605], [-112.03639956037716, 33.44734528328923], [-112.03639057722432, 33.44734528328923], [-112.03639057722432, 33.44735277876605], [-112.03639956037716, 33.44735277876605]]}, "properties": {"confidence": "high"}}, {"type": "Feature", "geometry": {"type": "LineString", "coordinates": [[-112.03592345327657, 33.44735277876605], [-112.03592345327657, 33.44734528328923], [-112.0357976891368, 33.44734528328923], [-112.0357976891368, 33.44735277876605], [-112.03592345327657, 33.44735277876605]]}, "properties": {"confidence": "high"}}, {"type": "Feature", "geometry": {"type": "LineString", "coordinates": [[-112.03756737024652, 33.4481922680711], [-112.03756737024652, 33.44733778781176], [-112.03755838709367, 33.44733778781176], [-112.03755838709367, 33.4481922680711], [-112.03756737024652, 33.4481922680711]]}, "properties": {"confidence": "high"}}, {"type": "Feature", "geometry": {"type": "LineString", "coordinates": [[-112.03807042680562, 33.44751018362965], [-112.03807042680562, 33.44733778781176], [-112.03806144365278, 33.44733778781176], [-112.03806144365278, 33.44751018362965], [-112.03807042680562, 33.44751018362965]]}, "properties": {"confidence": "high"}}, {"type": "Feature", "geometry": {"type": "LineString", "coordinates": [[-112.03885196110281, 33.44734528328923], [-112.03885196110281, 33.44733778781176], [-112.03884297794995, 33.44733778781176], [-112.03884297794995, 33.44734528328923], [-112.03885196110281, 33.44734528328923]]}, "properties": {"confidence": "high"}}, {"type": "Feature", "geometry": {"type": "LineString", "coordinates": [[-112.03870823065735, 33.44734528328923], [-112.03870823065735, 33.44733778781176], [-112.03869026435166, 33.44733778781176], [-112.03869026435166, 33.44734528328923], [-112.03870823065735, 33.44734528328923]]}, "properties": {"confidence": "high"}}, {"type": "Feature", "geometry": {"type": "LineString", "coordinates": [[-112.03746855556527, 33.44734528328923], [-112.03746855556527, 33.44733778781176], [-112.03745957241242, 33.44733778781176], [-112.03745957241242, 33.44734528328923], [-112.03746855556527, 33.44734528328923]]}, "properties": {"confidence": "high"}}, {"type": "Feature", "geometry": {"type": "LineString", "coordinates": [[-112.03640854353, 33.44734528328923], [-112.03640854353, 33.44733778781176], [-112.03639956037716, 33.44733778781176], [-112.03639956037716, 33.44734528328923], [-112.03640854353, 33.44734528328923]]}, "properties": {"confidence": "high"}}, {"type": "Feature", "geometry": {"type": "LineString", "coordinates": [[-112.0357976891368, 33.44734528328923], [-112.0357976891368, 33.44733778781176], [-112.03570785760839, 33.44733778781176], [-112.03570785760839, 33.44734528328923], [-112.0357976891368, 33.44734528328923]]}, "properties": {"confidence": "high"}}, {"type": "Feature", "geometry": {"type": "LineString", "coordinates": [[-112.04122351345288, 33.44749519270257], [-112.04122351345288, 33.44733778781176], [-112.04123249660572, 33.44733778781176], [-112.04123249660572, 33.447330292333646], [-112.04121453030004, 33.447330292333646], [-112.04121453030004, 33.44749519270257], [-112.04122351345288, 33.44749519270257]]}, "properties": {"confidence": "high"}}, {"type": "Feature", "geometry": {"type": "LineString", "coordinates": [[-112.03886094425565, 33.44733778781176], [-112.03886094425565, 33.447330292333646], [-112.03885196110281, 33.447330292333646], [-112.03885196110281, 33.44733778781176], [-112.03886094425565, 33.44733778781176]]}, "properties": {"confidence": "high"}}, {"type": "Feature", "geometry": {"type": "LineString", "coordinates": [[-112.03869026435166, 33.44733778781176], [-112.03869026435166, 33.447330292333646], [-112.03868128119882, 33.447330292333646], [-112.03868128119882, 33.44733778781176], [-112.03869026435166, 33.44733778781176]]}, "properties": {"confidence": "high"}}, {"type": "Feature", "geometry": {"type": "LineString", "coordinates": [[-112.03747753871811, 33.44733778781176], [-112.03747753871811, 33.447330292333646], [-112.03746855556527, 33.447330292333646], [-112.03746855556527, 33.44733778781176], [-112.03747753871811, 33.44733778781176]]}, "properties": {"confidence": "high"}}, {"type": "Feature", "geometry": {"type": "LineString", "coordinates": [[-112.03641752668284, 33.44733778781176], [-112.03641752668284, 33.447330292333646], [-112.03640854353, 33.447330292333646], [-112.03640854353, 33.44733778781176], [-112.03641752668284, 33.44733778781176]]}, "properties": {"confidence": "high"}}, {"type": "Feature", "geometry": {"type": "LineString", "coordinates": [[-112.03570785760839, 33.44733778781176], [-112.03570785760839, 33.447330292333646], [-112.03569887445555, 33.447330292333646], [-112.03569887445555, 33.44733778781176], [-112.03570785760839, 33.44733778781176]]}, "properties": {"confidence": "high"}}, {"type": "Feature", "geometry": {"type": "LineString", "coordinates": [[-112.04339743644044, 33.44791493768155], [-112.04339743644044, 33.44732279685488], [-112.0433884532876, 33.44732279685488], [-112.0433884532876, 33.44791493768155], [-112.04339743644044, 33.44791493768155]]}, "properties": {"confidence": "high"}}, {"type": "Feature", "geometry": {"type": "LineString", "coordinates": [[-112.03755838709367, 33.44733778781176], [-112.03755838709367, 33.44732279685488], [-112.03754940394083, 33.44732279685488], [-112.03754940394083, 33.44733778781176], [-112.03755838709367, 33.44733778781176]]}, "properties": {"confidence": "high"}}, {"type": "Feature", "geometry": {"type": "LineString", "coordinates": [[-112.0412504629114, 33.447330292333646], [-112.0412504629114, 33.44732279685488], [-112.04123249660572, 33.44732279685488], [-112.04123249660572, 33.447330292333646], [-112.0412504629114, 33.447330292333646]]}, "properties": {"confidence": "high"}}, {"type": "Feature", "geometry": {"type": "LineString", "coordinates": [[-112.04121453030004, 33.447330292333646], [-112.04121453030004, 33.44732279685488], [-112.04119656399435, 33.44732279685488], [-112.04119656399435, 33.447330292333646], [-112.04121453030004, 33.447330292333646]]}, "properties": {"confidence": "high"}}, {"type": "Feature", "geometry": {"type": "LineString", "coordinates": [[-112.03898670839543, 33.44735277876605], [-112.03898670839543, 33.447330292333646], [-112.03903162415963, 33.447330292333646], [-112.03903162415963, 33.44732279685488], [-112.03897772524257, 33.44732279685488], [-112.03897772524257, 33.44735277876605], [-112.03898670839543, 33.44735277876605]]}, "properties": {"confidence": "high"}}, {"type": "Feature", "geometry": {"type": "LineString", "coordinates": [[-112.03886992740848, 33.447330292333646], [-112.03886992740848, 33.44732279685488], [-112.03886094425565, 33.44732279685488], [-112.03886094425565, 33.447330292333646], [-112.03886992740848, 33.447330292333646]]}, "properties": {"confidence": "high"}}, {"type": "Feature", "geometry": {"type": "LineString", "coordinates": [[-112.03748652187095, 33.447330292333646], [-112.03748652187095, 33.44732279685488], [-112.03747753871811, 33.44732279685488], [-112.03747753871811, 33.447330292333646], [-112.03748652187095, 33.447330292333646]]}, "properties": {"confidence": "high"}}, {"type": "Feature", "geometry": {"type": "LineString", "coordinates": [[-112.03642650983568, 33.447330292333646], [-112.03642650983568, 33.44732279685488], [-112.03641752668284, 33.44732279685488], [-112.03641752668284, 33.447330292333646], [-112.03642650983568, 33.447330292333646]]}, "properties": {"confidence": "high"}}, {"type": "Feature", "geometry": {"type": "LineString", "coordinates": [[-112.03569887445555, 33.447330292333646], [-112.03569887445555, 33.44732279685488], [-112.03568989130271, 33.44732279685488], [-112.03568989130271, 33.447330292333646], [-112.03569887445555, 33.447330292333646]]}, "properties": {"confidence": "high"}}, {"type": "Feature", "geometry": {"type": "LineString", "coordinates": [[-112.03868128119882, 33.447330292333646], [-112.03868128119882, 33.44731530137547], [-112.03867229804598, 33.44731530137547], [-112.03867229804598, 33.447330292333646], [-112.03868128119882, 33.447330292333646]]}, "properties": {"confidence": "high"}}, {"type": "Feature", "geometry": {"type": "LineString", "coordinates": [[-112.0412684292171, 33.44732279685488], [-112.0412684292171, 33.44731530137547], [-112.0412504629114, 33.44731530137547], [-112.0412504629114, 33.44732279685488], [-112.0412684292171, 33.44732279685488]]}, "properties": {"confidence": "high"}}, {"type": "Feature", "geometry": {"type": "LineString", "coordinates": [[-112.04119656399435, 33.44732279685488], [-112.04119656399435, 33.44731530137547], [-112.041160631383, 33.44731530137547], [-112.041160631383, 33.44732279685488], [-112.04119656399435, 33.44732279685488]]}, "properties": {"confidence": "high"}}, {"type": "Feature", "geometry": {"type": "LineString", "coordinates": [[-112.03897772524257, 33.44732279685488], [-112.03897772524257, 33.44731530137547], [-112.03896874208974, 33.44731530137547], [-112.03896874208974, 33.44732279685488], [-112.03897772524257, 33.44732279685488]]}, "properties": {"confidence": "high"}}, {"type": "Feature", "geometry": {"type": "LineString", "coordinates": [[-112.03887891056132, 33.44732279685488], [-112.03887891056132, 33.44731530137547], [-112.03886992740848, 33.44731530137547], [-112.03886992740848, 33.44732279685488], [-112.03887891056132, 33.44732279685488]]}, "properties": {"confidence": "high"}}, {"type": "Feature", "geometry": {"type": "LineString", "coordinates": [[-112.03643549298852, 33.44732279685488], [-112.03643549298852, 33.44731530137547], [-112.03642650983568, 33.44731530137547], [-112.03642650983568, 33.44732279685488], [-112.03643549298852, 33.44732279685488]]}, "properties": {"confidence": "high"}}, {"type": "Feature", "geometry": {"type": "LineString", "coordinates": [[-112.04325370599499, 33.44731530137547], [-112.04325370599499, 33.44730780589541], [-112.04289437988133, 33.44730780589541], [-112.04289437988133, 33.44731530137547], [-112.04325370599499, 33.44731530137547]]}, "properties": {"confidence": "high"}}, {"type": "Feature", "geometry": {"type": "LineString", "coordinates": [[-112.04249912115634, 33.44731530137547], [-112.04249912115634, 33.44730780589541], [-112.04228352548813, 33.44730780589541], [-112.04228352548813, 33.44731530137547], [-112.04249912115634, 33.44731530137547]]}, "properties": {"confidence": "high"}}, {"type": "Feature", "geometry": {"type": "LineString", "coordinates": [[-112.04225657602962, 33.44731530137547], [-112.04225657602962, 33.44730780589541], [-112.04220267711257, 33.44730780589541], [-112.04220267711257, 33.44731530137547], [-112.04225657602962, 33.44731530137547]]}, "properties": {"confidence": "high"}}, {"type": "Feature", "geometry": {"type": "LineString", "coordinates": [[-112.04127741236994, 33.44731530137547], [-112.04127741236994, 33.44730780589541], [-112.0412684292171, 33.44730780589541], [-112.0412684292171, 33.44731530137547], [-112.04127741236994, 33.44731530137547]]}, "properties": {"confidence": "high"}}, {"type": "Feature", "geometry": {"type": "LineString", "coordinates": [[-112.041160631383, 33.44731530137547], [-112.041160631383, 33.44730780589541], [-112.04107079985458, 33.44730780589541], [-112.04107079985458, 33.44731530137547], [-112.041160631383, 33.44731530137547]]}, "properties": {"confidence": "high"}}, {"type": "Feature", "geometry": {"type": "LineString", "coordinates": [[-112.0408552041864, 33.44731530137547], [-112.0408552041864, 33.44730780589541], [-112.0408102884222, 33.44730780589541], [-112.0408102884222, 33.44731530137547], [-112.0408552041864, 33.44731530137547]]}, "properties": {"confidence": "high"}}, {"type": "Feature", "geometry": {"type": "LineString", "coordinates": [[-112.03896874208974, 33.44731530137547], [-112.03896874208974, 33.44730780589541], [-112.0389597589369, 33.44730780589541], [-112.0389597589369, 33.44731530137547], [-112.03896874208974, 33.44731530137547]]}, "properties": {"confidence": "high"}}, {"type": "Feature", "geometry": {"type": "LineString", "coordinates": [[-112.03888789371416, 33.44731530137547], [-112.03888789371416, 33.44730780589541], [-112.03887891056132, 33.44730780589541], [-112.03887891056132, 33.44731530137547], [-112.03888789371416, 33.44731530137547]]}, "properties": {"confidence": "high"}}, {"type": "Feature", "geometry": {"type": "LineString", "coordinates": [[-112.03867229804598, 33.44731530137547], [-112.03867229804598, 33.44730780589541], [-112.03866331489314, 33.44730780589541], [-112.03866331489314, 33.44731530137547], [-112.03867229804598, 33.44731530137547]]}, "properties": {"confidence": "high"}}, {"type": "Feature", "geometry": {"type": "LineString", "coordinates": [[-112.03748652187095, 33.44731530137547], [-112.03748652187095, 33.44730780589541], [-112.03747753871811, 33.44730780589541], [-112.03747753871811, 33.44731530137547], [-112.03748652187095, 33.44731530137547]]}, "properties": {"confidence": "high"}}, {"type": "Feature", "geometry": {"type": "LineString", "coordinates": [[-112.03644447614137, 33.44731530137547], [-112.03644447614137, 33.44730780589541], [-112.03643549298852, 33.44730780589541], [-112.03643549298852, 33.44731530137547], [-112.03644447614137, 33.44731530137547]]}, "properties": {"confidence": "high"}}, {"type": "Feature", "geometry": {"type": "LineString", "coordinates": [[-112.03806144365278, 33.44733778781176], [-112.03806144365278, 33.447300310414704], [-112.03805246049994, 33.447300310414704], [-112.03805246049994, 33.44733778781176], [-112.03806144365278, 33.44733778781176]]}, "properties": {"confidence": "high"}}, {"type": "Feature", "geometry": {"type": "LineString", "coordinates": [[-112.03754940394083, 33.44732279685488], [-112.03754940394083, 33.447300310414704], [-112.03754042078799, 33.447300310414704], [-112.03754042078799, 33.44731530137547], [-112.03748652187095, 33.44731530137547], [-112.03748652187095, 33.44732279685488], [-112.03754940394083, 33.44732279685488]]}, "properties": {"confidence": "high"}}, {"type": "Feature", "geometry": {"type": "LineString", "coordinates": [[-112.04326268914784, 33.44730780589541], [-112.04326268914784, 33.447300310414704], [-112.04325370599499, 33.447300310414704], [-112.04325370599499, 33.44730780589541], [-112.04326268914784, 33.44730780589541]]}, "properties": {"confidence": "high"}}, {"type": "Feature", "geometry": {"type": "LineString", "coordinates": [[-112.04289437988133, 33.44730780589541], [-112.04289437988133, 33.447300310414704], [-112.04249912115634, 33.447300310414704], [-112.04249912115634, 33.44730780589541], [-112.04289437988133, 33.44730780589541]]}, "properties": {"confidence": "high"}}, {"type": "Feature", "geometry": {"type": "LineString", "coordinates": [[-112.04228352548813, 33.44730780589541], [-112.04228352548813, 33.447300310414704], [-112.04225657602962, 33.447300310414704], [-112.04225657602962, 33.44730780589541], [-112.04228352548813, 33.44730780589541]]}, "properties": {"confidence": "high"}}, {"type": "Feature", "geometry": {"type": "LineString", "coordinates": [[-112.04220267711257, 33.44730780589541], [-112.04220267711257, 33.447300310414704], [-112.04177148577618, 33.447300310414704], [-112.04177148577618, 33.44730780589541], [-112.04220267711257, 33.44730780589541]]}, "properties": {"confidence": "high"}}, {"type": "Feature", "geometry": {"type": "LineString", "coordinates": [[-112.04134029443982, 33.44730780589541], [-112.04134029443982, 33.447300310414704], [-112.04132232813414, 33.447300310414704], [-112.04132232813414, 33.44730780589541], [-112.04134029443982, 33.44730780589541]]}, "properties": {"confidence": "high"}}, {"type": "Feature", "geometry": {"type": "LineString", "coordinates": [[-112.04128639552277, 33.44730780589541], [-112.04128639552277, 33.447300310414704], [-112.04127741236994, 33.447300310414704], [-112.04127741236994, 33.44730780589541], [-112.04128639552277, 33.44730780589541]]}, "properties": {"confidence": "high"}}, {"type": "Feature", "geometry": {"type": "LineString", "coordinates": [[-112.04107079985458, 33.44730780589541], [-112.04107079985458, 33.447300310414704], [-112.04105283354889, 33.447300310414704], [-112.04105283354889, 33.44730780589541], [-112.04107079985458, 33.44730780589541]]}, "properties": {"confidence": "high"}}, {"type": "Feature", "geometry": {"type": "LineString", "coordinates": [[-112.04088215364492, 33.44730780589541], [-112.04088215364492, 33.447300310414704], [-112.0408552041864, 33.447300310414704], [-112.0408552041864, 33.44730780589541], [-112.04088215364492, 33.44730780589541]]}, "properties": {"confidence": "high"}}, {"type": "Feature", "geometry": {"type": "LineString", "coordinates": [[-112.0389597589369, 33.44730780589541], [-112.0389597589369, 33.447300310414704], [-112.03895077578406, 33.447300310414704], [-112.03895077578406, 33.44730780589541], [-112.0389597589369, 33.44730780589541]]}, "properties": {"confidence": "high"}}, {"type": "Feature", "geometry": {"type": "LineString", "coordinates": [[-112.038896876867, 33.44730780589541], [-112.038896876867, 33.447300310414704], [-112.03888789371416, 33.447300310414704], [-112.03888789371416, 33.44730780589541], [-112.038896876867, 33.44730780589541]]}, "properties": {"confidence": "high"}}, {"type": "Feature", "geometry": {"type": "LineString", "coordinates": [[-112.03866331489314, 33.44730780589541], [-112.03866331489314, 33.447300310414704], [-112.0386543317403, 33.447300310414704], [-112.0386543317403, 33.44730780589541], [-112.03866331489314, 33.44730780589541]]}, "properties": {"confidence": "high"}}, {"type": "Feature", "geometry": {"type": "LineString", "coordinates": [[-112.03747753871811, 33.44730780589541], [-112.03747753871811, 33.447300310414704], [-112.03746855556527, 33.447300310414704], [-112.03746855556527, 33.44730780589541], [-112.03747753871811, 33.44730780589541]]}, "properties": {"confidence": "high"}}, {"type": "Feature", "geometry": {"type": "LineString", "coordinates": [[-112.03645345929421, 33.44730780589541], [-112.03645345929421, 33.447300310414704], [-112.03644447614137, 33.447300310414704], [-112.03644447614137, 33.44730780589541], [-112.03645345929421, 33.44730780589541]]}, "properties": {"confidence": "high"}}, {"type": "Feature", "geometry": {"type": "LineString", "coordinates": [[-112.03654329082262, 33.44739025614044], [-112.03654329082262, 33.447292814933355], [-112.03653430766977, 33.447292814933355], [-112.03653430766977, 33.44739025614044], [-112.03654329082262, 33.44739025614044]]}, "properties": {"confidence": "high"}}, {"type": "Feature", "geometry": {"type": "LineString", "coordinates": [[-112.04327167230068, 33.447300310414704], [-112.04327167230068, 33.447292814933355], [-112.04326268914784, 33.447292814933355], [-112.04326268914784, 33.447300310414704], [-112.04327167230068, 33.447300310414704]]}, "properties": {"confidence": "high"}}, {"type": "Feature", "geometry": {"type": "LineString", "coordinates": [[-112.04132232813414, 33.447300310414704], [-112.04132232813414, 33.447292814933355], [-112.04131334498129, 33.447292814933355], [-112.04131334498129, 33.447300310414704], [-112.04132232813414, 33.447300310414704]]}, "properties": {"confidence": "high"}}, {"type": "Feature", "geometry": {"type": "LineString", "coordinates": [[-112.04129537867561, 33.447300310414704], [-112.04129537867561, 33.447292814933355], [-112.04128639552277, 33.447292814933355], [-112.04128639552277, 33.447300310414704], [-112.04129537867561, 33.447300310414704]]}, "properties": {"confidence": "high"}}, {"type": "Feature", "geometry": {"type": "LineString", "coordinates": [[-112.04089113679775, 33.447300310414704], [-112.04089113679775, 33.447292814933355], [-112.04088215364492, 33.447292814933355], [-112.04088215364492, 33.447300310414704], [-112.04089113679775, 33.447300310414704]]}, "properties": {"confidence": "high"}}, {"type": "Feature", "geometry": {"type": "LineString", "coordinates": [[-112.03895077578406, 33.447300310414704], [-112.03895077578406, 33.447292814933355], [-112.0389417926312, 33.447292814933355], [-112.0389417926312, 33.447300310414704], [-112.03895077578406, 33.447300310414704]]}, "properties": {"confidence": "high"}}, {"type": "Feature", "geometry": {"type": "LineString", "coordinates": [[-112.03890586001985, 33.447300310414704], [-112.03890586001985, 33.447292814933355], [-112.038896876867, 33.447292814933355], [-112.038896876867, 33.447300310414704], [-112.03890586001985, 33.447300310414704]]}, "properties": {"confidence": "high"}}, {"type": "Feature", "geometry": {"type": "LineString", "coordinates": [[-112.0386543317403, 33.447300310414704], [-112.0386543317403, 33.447292814933355], [-112.03864534858747, 33.447292814933355], [-112.03864534858747, 33.447300310414704], [-112.0386543317403, 33.447300310414704]]}, "properties": {"confidence": "high"}}, {"type": "Feature", "geometry": {"type": "LineString", "coordinates": [[-112.03805246049994, 33.447300310414704], [-112.03805246049994, 33.447292814933355], [-112.0380434773471, 33.447292814933355], [-112.0380434773471, 33.447300310414704], [-112.03805246049994, 33.447300310414704]]}, "properties": {"confidence": "high"}}, {"type": "Feature", "geometry": {"type": "LineString", "coordinates": [[-112.03746855556527, 33.447300310414704], [-112.03746855556527, 33.447292814933355], [-112.03745957241242, 33.447292814933355], [-112.03745957241242, 33.447300310414704], [-112.03746855556527, 33.447300310414704]]}, "properties": {"confidence": "high"}}, {"type": "Feature", "geometry": {"type": "LineString", "coordinates": [[-112.03646244244705, 33.447300310414704], [-112.03646244244705, 33.447292814933355], [-112.03645345929421, 33.447292814933355], [-112.03645345929421, 33.447300310414704], [-112.03646244244705, 33.447300310414704]]}, "properties": {"confidence": "high"}}, {"type": "Feature", "geometry": {"type": "LineString", "coordinates": [[-112.04105283354889, 33.447300310414704], [-112.04105283354889, 33.44728531945135], [-112.04104385039605, 33.44728531945135], [-112.04104385039605, 33.447300310414704], [-112.04105283354889, 33.447300310414704]]}, "properties": {"confidence": "high"}}, {"type": "Feature", "geometry": {"type": "LineString", "coordinates": [[-112.04328065545351, 33.447292814933355], [-112.04328065545351, 33.44728531945135], [-112.04327167230068, 33.44728531945135], [-112.04327167230068, 33.447292814933355], [-112.04328065545351, 33.447292814933355]]}, "properties": {"confidence": "high"}}, {"type": "Feature", "geometry": {"type": "LineString", "coordinates": [[-112.04090011995059, 33.447292814933355], [-112.04090011995059, 33.44728531945135], [-112.04089113679775, 33.44728531945135], [-112.04089113679775, 33.447292814933355], [-112.04090011995059, 33.447292814933355]]}, "properties": {"confidence": "high"}}, {"type": "Feature", "geometry": {"type": "LineString", "coordinates": [[-112.0389417926312, 33.447292814933355], [-112.0389417926312, 33.44728531945135], [-112.03893280947837, 33.44728531945135], [-112.03893280947837, 33.447292814933355], [-112.0389417926312, 33.447292814933355]]}, "properties": {"confidence": "high"}}, {"type": "Feature", "geometry": {"type": "LineString", "coordinates": [[-112.03891484317269, 33.447292814933355], [-112.03891484317269, 33.44728531945135], [-112.03890586001985, 33.44728531945135], [-112.03890586001985, 33.447292814933355], [-112.03891484317269, 33.447292814933355]]}, "properties": {"confidence": "high"}}, {"type": "Feature", "geometry": {"type": "LineString", "coordinates": [[-112.03864534858747, 33.447292814933355], [-112.03864534858747, 33.44728531945135], [-112.03863636543461, 33.44728531945135], [-112.03863636543461, 33.447292814933355], [-112.03864534858747, 33.447292814933355]]}, "properties": {"confidence": "high"}}, {"type": "Feature", "geometry": {"type": "LineString", "coordinates": [[-112.0380434773471, 33.447292814933355], [-112.0380434773471, 33.44728531945135], [-112.03803449419426, 33.44728531945135], [-112.03803449419426, 33.447292814933355], [-112.0380434773471, 33.447292814933355]]}, "properties": {"confidence": "high"}}, {"type": "Feature", "geometry": {"type": "LineString", "coordinates": [[-112.03745957241242, 33.447292814933355], [-112.03745957241242, 33.44728531945135], [-112.03745058925958, 33.44728531945135], [-112.03745058925958, 33.447292814933355], [-112.03745957241242, 33.447292814933355]]}, "properties": {"confidence": "high"}}, {"type": "Feature", "geometry": {"type": "LineString", "coordinates": [[-112.03647142559988, 33.447292814933355], [-112.03647142559988, 33.44728531945135], [-112.03646244244705, 33.44728531945135], [-112.03646244244705, 33.447292814933355], [-112.03647142559988, 33.447292814933355]]}, "properties": {"confidence": "high"}}, {"type": "Feature", "geometry": {"type": "LineString", "coordinates": [[-112.04328963860635, 33.44728531945135], [-112.04328963860635, 33.447277823968705], [-112.04328065545351, 33.447277823968705], [-112.04328065545351, 33.44728531945135], [-112.04328963860635, 33.44728531945135]]}, "properties": {"confidence": "high"}}, {"type": "Feature", "geometry": {"type": "LineString", "coordinates": [[-112.04104385039605, 33.44728531945135], [-112.04104385039605, 33.447277823968705], [-112.04103486724321, 33.447277823968705], [-112.04103486724321, 33.44728531945135], [-112.04104385039605, 33.44728531945135]]}, "properties": {"confidence": "high"}}, {"type": "Feature", "geometry": {"type": "LineString", "coordinates": [[-112.04090910310344, 33.44728531945135], [-112.04090910310344, 33.447277823968705], [-112.04090011995059, 33.447277823968705], [-112.04090011995059, 33.44728531945135], [-112.04090910310344, 33.44728531945135]]}, "properties": {"confidence": "high"}}, {"type": "Feature", "geometry": {"type": "LineString", "coordinates": [[-112.03863636543461, 33.44728531945135], [-112.03863636543461, 33.447277823968705], [-112.03862738228177, 33.447277823968705], [-112.03862738228177, 33.44728531945135], [-112.03863636543461, 33.44728531945135]]}, "properties": {"confidence": "high"}}, {"type": "Feature", "geometry": {"type": "LineString", "coordinates": [[-112.03745058925958, 33.44728531945135], [-112.03745058925958, 33.447277823968705], [-112.03744160610674, 33.447277823968705], [-112.03744160610674, 33.44728531945135], [-112.03745058925958, 33.44728531945135]]}, "properties": {"confidence": "high"}}, {"type": "Feature", "geometry": {"type": "LineString", "coordinates": [[-112.03713617891013, 33.44751018362965], [-112.03713617891013, 33.44728531945135], [-112.03714516206297, 33.44728531945135], [-112.03714516206297, 33.447277823968705], [-112.03711821260445, 33.447277823968705], [-112.03711821260445, 33.44728531945135], [-112.0371271957573, 33.44728531945135], [-112.0371271957573, 33.44751018362965], [-112.03713617891013, 33.44751018362965]]}, "properties": {"confidence": "high"}}, {"type": "Feature", "geometry": {"type": "LineString", "coordinates": [[-112.03653430766977, 33.447292814933355], [-112.03653430766977, 33.44728531945135], [-112.03665108865671, 33.44728531945135], [-112.03665108865671, 33.447277823968705], [-112.03650735821125, 33.447277823968705], [-112.03650735821125, 33.44728531945135], [-112.03652532451693, 33.44728531945135], [-112.03652532451693, 33.447292814933355], [-112.03653430766977, 33.447292814933355]]}, "properties": {"confidence": "high"}}, {"type": "Feature", "geometry": {"type": "LineString", "coordinates": [[-112.03648040875272, 33.44728531945135], [-112.03648040875272, 33.447277823968705], [-112.03647142559988, 33.447277823968705], [-112.03647142559988, 33.44728531945135], [-112.03648040875272, 33.44728531945135]]}, "properties": {"confidence": "high"}}, {"type": "Feature", "geometry": {"type": "LineString", "coordinates": [[-112.03803449419426, 33.44728531945135], [-112.03803449419426, 33.4472703284854], [-112.03798059527722, 33.4472703284854], [-112.03798059527722, 33.447277823968705], [-112.03802551104141, 33.447277823968705], [-112.03802551104141, 33.44728531945135], [-112.03803449419426, 33.44728531945135]]}, "properties": {"confidence": "high"}}, {"type": "Feature", "geometry": {"type": "LineString", "coordinates": [[-112.04329862175919, 33.447277823968705], [-112.04329862175919, 33.4472703284854], [-112.04328963860635, 33.4472703284854], [-112.04328963860635, 33.447277823968705], [-112.04329862175919, 33.447277823968705]]}, "properties": {"confidence": "high"}}, {"type": "Feature", "geometry": {"type": "LineString", "coordinates": [[-112.04103486724321, 33.447277823968705], [-112.04103486724321, 33.4472703284854], [-112.04102588409037, 33.4472703284854], [-112.04102588409037, 33.447277823968705], [-112.04103486724321, 33.447277823968705]]}, "properties": {"confidence": "high"}}, {"type": "Feature", "geometry": {"type": "LineString", "coordinates": [[-112.04091808625628, 33.447277823968705], [-112.04091808625628, 33.4472703284854], [-112.04090910310344, 33.4472703284854], [-112.04090910310344, 33.447277823968705], [-112.04091808625628, 33.447277823968705]]}, "properties": {"confidence": "high"}}, {"type": "Feature", "geometry": {"type": "LineString", "coordinates": [[-112.03862738228177, 33.447277823968705], [-112.03862738228177, 33.4472703284854], [-112.03861839912894, 33.4472703284854], [-112.03861839912894, 33.447277823968705], [-112.03862738228177, 33.447277823968705]]}, "properties": {"confidence": "high"}}, {"type": "Feature", "geometry": {"type": "LineString", "coordinates": [[-112.03790873005448, 33.447277823968705], [-112.03790873005448, 33.4472703284854], [-112.03788178059597, 33.4472703284854], [-112.03788178059597, 33.447277823968705], [-112.03790873005448, 33.447277823968705]]}, "properties": {"confidence": "high"}}, {"type": "Feature", "geometry": {"type": "LineString", "coordinates": [[-112.03744160610674, 33.447277823968705], [-112.03744160610674, 33.4472703284854], [-112.0374326229539, 33.4472703284854], [-112.0374326229539, 33.447277823968705], [-112.03744160610674, 33.447277823968705]]}, "properties": {"confidence": "high"}}, {"type": "Feature", "geometry": {"type": "LineString", "coordinates": [[-112.03715414521581, 33.447277823968705], [-112.03715414521581, 33.4472703284854], [-112.03714516206297, 33.4472703284854], [-112.03714516206297, 33.447277823968705], [-112.03715414521581, 33.447277823968705]]}, "properties": {"confidence": "high"}}, {"type": "Feature", "geometry": {"type": "LineString", "coordinates": [[-112.03677685279649, 33.447277823968705], [-112.03677685279649, 33.4472703284854], [-112.03665108865671, 33.4472703284854], [-112.03665108865671, 33.447277823968705], [-112.03677685279649, 33.447277823968705]]}, "properties": {"confidence": "high"}}, {"type": "Feature", "geometry": {"type": "LineString", "coordinates": [[-112.03650735821125, 33.447277823968705], [-112.03650735821125, 33.4472703284854], [-112.03649837505841, 33.4472703284854], [-112.03649837505841, 33.44726283300145], [-112.03648939190558, 33.44726283300145], [-112.03648939190558, 33.4472703284854], [-112.03648040875272, 33.4472703284854], [-112.03648040875272, 33.447277823968705], [-112.03650735821125, 33.447277823968705]]}, "properties": {"confidence": "high"}}, {"type": "Feature", "geometry": {"type": "LineString", "coordinates": [[-112.04330760491203, 33.4472703284854], [-112.04330760491203, 33.44726283300145], [-112.04329862175919, 33.44726283300145], [-112.04329862175919, 33.4472703284854], [-112.04330760491203, 33.4472703284854]]}, "properties": {"confidence": "high"}}, {"type": "Feature", "geometry": {"type": "LineString", "coordinates": [[-112.04102588409037, 33.4472703284854], [-112.04102588409037, 33.44726283300145], [-112.04101690093754, 33.44726283300145], [-112.04101690093754, 33.4472703284854], [-112.04102588409037, 33.4472703284854]]}, "properties": {"confidence": "high"}}, {"type": "Feature", "geometry": {"type": "LineString", "coordinates": [[-112.04092706940912, 33.4472703284854], [-112.04092706940912, 33.44726283300145], [-112.04091808625628, 33.44726283300145], [-112.04091808625628, 33.4472703284854], [-112.04092706940912, 33.4472703284854]]}, "properties": {"confidence": "high"}}, {"type": "Feature", "geometry": {"type": "LineString", "coordinates": [[-112.03861839912894, 33.4472703284854], [-112.03861839912894, 33.44726283300145], [-112.0386094159761, 33.44726283300145], [-112.0386094159761, 33.4472703284854], [-112.03861839912894, 33.4472703284854]]}, "properties": {"confidence": "high"}}, {"type": "Feature", "geometry": {"type": "LineString", "coordinates": [[-112.03816025833403, 33.4472703284854], [-112.03816025833403, 33.44726283300145], [-112.03803449419426, 33.44726283300145], [-112.03803449419426, 33.4472703284854], [-112.03816025833403, 33.4472703284854]]}, "properties": {"confidence": "high"}}, {"type": "Feature", "geometry": {"type": "LineString", "coordinates": [[-112.03798059527722, 33.4472703284854], [-112.03798059527722, 33.44726283300145], [-112.03790873005448, 33.44726283300145], [-112.03790873005448, 33.4472703284854], [-112.03798059527722, 33.4472703284854]]}, "properties": {"confidence": "high"}}, {"type": "Feature", "geometry": {"type": "LineString", "coordinates": [[-112.03788178059597, 33.4472703284854], [-112.03788178059597, 33.44726283300145], [-112.03786381429028, 33.44726283300145], [-112.03786381429028, 33.4472703284854], [-112.03788178059597, 33.4472703284854]]}, "properties": {"confidence": "high"}}, {"type": "Feature", "geometry": {"type": "LineString", "coordinates": [[-112.0374326229539, 33.4472703284854], [-112.0374326229539, 33.44726283300145], [-112.03742363980106, 33.44726283300145], [-112.03742363980106, 33.4472703284854], [-112.0374326229539, 33.4472703284854]]}, "properties": {"confidence": "high"}}, {"type": "Feature", "geometry": {"type": "LineString", "coordinates": [[-112.03716312836866, 33.4472703284854], [-112.03716312836866, 33.44726283300145], [-112.03715414521581, 33.44726283300145], [-112.03715414521581, 33.4472703284854], [-112.03716312836866, 33.4472703284854]]}, "properties": {"confidence": "high"}}, {"type": "Feature", "geometry": {"type": "LineString", "coordinates": [[-112.03755838709367, 33.447300310414704], [-112.03755838709367, 33.447277823968705], [-112.03786381429028, 33.447277823968705], [-112.03786381429028, 33.4472703284854], [-112.03755838709367, 33.4472703284854], [-112.03755838709367, 33.447255337516864], [-112.03754940394083, 33.447255337516864], [-112.03754940394083, 33.447300310414704], [-112.03755838709367, 33.447300310414704]]}, "properties": {"confidence": "high"}}, {"type": "Feature", "geometry": {"type": "LineString", "coordinates": [[-112.04331658806488, 33.44726283300145], [-112.04331658806488, 33.447255337516864], [-112.04330760491203, 33.447255337516864], [-112.04330760491203, 33.44726283300145], [-112.04331658806488, 33.44726283300145]]}, "properties": {"confidence": "high"}}, {"type": "Feature", "geometry": {"type": "LineString", "coordinates": [[-112.04101690093754, 33.44726283300145], [-112.04101690093754, 33.447255337516864], [-112.0410079177847, 33.447255337516864], [-112.0410079177847, 33.44726283300145], [-112.04101690093754, 33.44726283300145]]}, "properties": {"confidence": "high"}}, {"type": "Feature", "geometry": {"type": "LineString", "coordinates": [[-112.04093605256196, 33.44726283300145], [-112.04093605256196, 33.447255337516864], [-112.04092706940912, 33.447255337516864], [-112.04092706940912, 33.44726283300145], [-112.04093605256196, 33.44726283300145]]}, "properties": {"confidence": "high"}}, {"type": "Feature", "geometry": {"type": "LineString", "coordinates": [[-112.0386094159761, 33.44726283300145], [-112.0386094159761, 33.447255337516864], [-112.03860043282326, 33.447255337516864], [-112.03860043282326, 33.44726283300145], [-112.0386094159761, 33.44726283300145]]}, "properties": {"confidence": "high"}}, {"type": "Feature", "geometry": {"type": "LineString", "coordinates": [[-112.0381961909454, 33.44726283300145], [-112.0381961909454, 33.447255337516864], [-112.03816025833403, 33.447255337516864], [-112.03816025833403, 33.44726283300145], [-112.0381961909454, 33.44726283300145]]}, "properties": {"confidence": "high"}}, {"type": "Feature", "geometry": {"type": "LineString", "coordinates": [[-112.03742363980106, 33.44726283300145], [-112.03742363980106, 33.447255337516864], [-112.03740567349537, 33.447255337516864], [-112.03740567349537, 33.44726283300145], [-112.03742363980106, 33.44726283300145]]}, "properties": {"confidence": "high"}}, {"type": "Feature", "geometry": {"type": "LineString", "coordinates": [[-112.0371721115215, 33.44726283300145], [-112.0371721115215, 33.447255337516864], [-112.03716312836866, 33.447255337516864], [-112.03716312836866, 33.44726283300145], [-112.0371721115215, 33.44726283300145]]}, "properties": {"confidence": "high"}}, {"type": "Feature", "geometry": {"type": "LineString", "coordinates": [[-112.03711821260445, 33.447277823968705], [-112.03711821260445, 33.44724784203163], [-112.03710922945162, 33.44724784203163], [-112.03710922945162, 33.44726283300145], [-112.03677685279649, 33.44726283300145], [-112.03677685279649, 33.4472703284854], [-112.03710922945162, 33.4472703284854], [-112.03710922945162, 33.447277823968705], [-112.03711821260445, 33.447277823968705]]}, "properties": {"confidence": "high"}}, {"type": "Feature", "geometry": {"type": "LineString", "coordinates": [[-112.04332557121772, 33.447255337516864], [-112.04332557121772, 33.44724784203163], [-112.04331658806488, 33.44724784203163], [-112.04331658806488, 33.447255337516864], [-112.04332557121772, 33.447255337516864]]}, "properties": {"confidence": "high"}}, {"type": "Feature", "geometry": {"type": "LineString", "coordinates": [[-112.0410079177847, 33.447255337516864], [-112.0410079177847, 33.44724784203163], [-112.04099893463184, 33.44724784203163], [-112.04099893463184, 33.447255337516864], [-112.0410079177847, 33.447255337516864]]}, "properties": {"confidence": "high"}}, {"type": "Feature", "geometry": {"type": "LineString", "coordinates": [[-112.0409450357148, 33.447255337516864], [-112.0409450357148, 33.44724784203163], [-112.04093605256196, 33.44724784203163], [-112.04093605256196, 33.447255337516864], [-112.0409450357148, 33.447255337516864]]}, "properties": {"confidence": "high"}}, {"type": "Feature", "geometry": {"type": "LineString", "coordinates": [[-112.03860043282326, 33.447255337516864], [-112.03860043282326, 33.44724784203163], [-112.0385914496704, 33.44724784203163], [-112.0385914496704, 33.447255337516864], [-112.03860043282326, 33.447255337516864]]}, "properties": {"confidence": "high"}}, {"type": "Feature", "geometry": {"type": "LineString", "coordinates": [[-112.03820517409824, 33.447255337516864], [-112.03820517409824, 33.44724784203163], [-112.0381961909454, 33.44724784203163], [-112.0381961909454, 33.447255337516864], [-112.03820517409824, 33.447255337516864]]}, "properties": {"confidence": "high"}}, {"type": "Feature", "geometry": {"type": "LineString", "coordinates": [[-112.03740567349537, 33.447255337516864], [-112.03740567349537, 33.44724784203163], [-112.03737872403686, 33.44724784203163], [-112.03737872403686, 33.447255337516864], [-112.03740567349537, 33.447255337516864]]}, "properties": {"confidence": "high"}}, {"type": "Feature", "geometry": {"type": "LineString", "coordinates": [[-112.03724397674422, 33.447255337516864], [-112.03724397674422, 33.44724784203163], [-112.0371721115215, 33.44724784203163], [-112.0371721115215, 33.447255337516864], [-112.03724397674422, 33.447255337516864]]}, "properties": {"confidence": "high"}}, {"type": "Feature", "geometry": {"type": "LineString", "coordinates": [[-112.03460292980893, 33.44827471747537], [-112.03460292980893, 33.44724034654573], [-112.03459394665609, 33.44724034654573], [-112.03459394665609, 33.44780250618993], [-112.03453106458619, 33.44780250618993], [-112.03453106458619, 33.44781000162724], [-112.03459394665609, 33.44781000162724], [-112.03459394665609, 33.44826722207822], [-112.03458496350324, 33.44826722207822], [-112.03458496350324, 33.44827471747537], [-112.03460292980893, 33.44827471747537]]}, "properties": {"confidence": "high"}}, {"type": "Feature", "geometry": {"type": "LineString", "coordinates": [[-112.04333455437056, 33.44724784203163], [-112.04333455437056, 33.44724034654573], [-112.04332557121772, 33.44724034654573], [-112.04332557121772, 33.44724784203163], [-112.04333455437056, 33.44724784203163]]}, "properties": {"confidence": "high"}}, {"type": "Feature", "geometry": {"type": "LineString", "coordinates": [[-112.04099893463184, 33.44724784203163], [-112.04099893463184, 33.44724034654573], [-112.040989951479, 33.44724034654573], [-112.040989951479, 33.44724784203163], [-112.04099893463184, 33.44724784203163]]}, "properties": {"confidence": "high"}}, {"type": "Feature", "geometry": {"type": "LineString", "coordinates": [[-112.04095401886765, 33.44724784203163], [-112.04095401886765, 33.44724034654573], [-112.0409450357148, 33.44724034654573], [-112.0409450357148, 33.44724784203163], [-112.04095401886765, 33.44724784203163]]}, "properties": {"confidence": "high"}}, {"type": "Feature", "geometry": {"type": "LineString", "coordinates": [[-112.0385914496704, 33.44724784203163], [-112.0385914496704, 33.44724034654573], [-112.03838483715505, 33.44724034654573], [-112.03838483715505, 33.44724784203163], [-112.0385914496704, 33.44724784203163]]}, "properties": {"confidence": "high"}}, {"type": "Feature", "geometry": {"type": "LineString", "coordinates": [[-112.03831297193233, 33.44724784203163], [-112.03831297193233, 33.44724034654573], [-112.03826805616812, 33.44724034654573], [-112.03826805616812, 33.44724784203163], [-112.03831297193233, 33.44724784203163]]}, "properties": {"confidence": "high"}}, {"type": "Feature", "geometry": {"type": "LineString", "coordinates": [[-112.03737872403686, 33.44724784203163], [-112.03737872403686, 33.44724034654573], [-112.03724397674422, 33.44724034654573], [-112.03724397674422, 33.44724784203163], [-112.03737872403686, 33.44724784203163]]}, "properties": {"confidence": "high"}}, {"type": "Feature", "geometry": {"type": "LineString", "coordinates": [[-112.0353844641061, 33.44724784203163], [-112.0353844641061, 33.44724034654573], [-112.03510598636802, 33.44724034654573], [-112.03510598636802, 33.44724784203163], [-112.0353844641061, 33.44724784203163]]}, "properties": {"confidence": "high"}}, {"type": "Feature", "geometry": {"type": "LineString", "coordinates": [[-112.03480055917143, 33.44724784203163], [-112.03480055917143, 33.44724034654573], [-112.0347736097129, 33.44724034654573], [-112.0347736097129, 33.44724784203163], [-112.03480055917143, 33.44724784203163]]}, "properties": {"confidence": "high"}}, {"type": "Feature", "geometry": {"type": "LineString", "coordinates": [[-112.040989951479, 33.44724034654573], [-112.040989951479, 33.447232851059205], [-112.04098096832617, 33.447232851059205], [-112.04098096832617, 33.44724034654573], [-112.040989951479, 33.44724034654573]]}, "properties": {"confidence": "high"}}, {"type": "Feature", "geometry": {"type": "LineString", "coordinates": [[-112.04096300202049, 33.44724034654573], [-112.04096300202049, 33.447232851059205], [-112.04095401886765, 33.447232851059205], [-112.04095401886765, 33.44724034654573], [-112.04096300202049, 33.44724034654573]]}, "properties": {"confidence": "high"}}, {"type": "Feature", "geometry": {"type": "LineString", "coordinates": [[-112.03860043282326, 33.44724034654573], [-112.03860043282326, 33.447232851059205], [-112.0385914496704, 33.447232851059205], [-112.0385914496704, 33.44724034654573], [-112.03860043282326, 33.44724034654573]]}, "properties": {"confidence": "high"}}, {"type": "Feature", "geometry": {"type": "LineString", "coordinates": [[-112.03838483715505, 33.44724034654573], [-112.03838483715505, 33.447232851059205], [-112.03831297193233, 33.447232851059205], [-112.03831297193233, 33.44724034654573], [-112.03838483715505, 33.44724034654573]]}, "properties": {"confidence": "high"}}, {"type": "Feature", "geometry": {"type": "LineString", "coordinates": [[-112.03547429563451, 33.44724034654573], [-112.03547429563451, 33.447232851059205], [-112.0353844641061, 33.447232851059205], [-112.0353844641061, 33.44724034654573], [-112.03547429563451, 33.44724034654573]]}, "properties": {"confidence": "high"}}, {"type": "Feature", "geometry": {"type": "LineString", "coordinates": [[-112.03510598636802, 33.44724034654573], [-112.03510598636802, 33.447232851059205], [-112.03480055917143, 33.447232851059205], [-112.03480055917143, 33.44724034654573], [-112.03510598636802, 33.44724034654573]]}, "properties": {"confidence": "high"}}, {"type": "Feature", "geometry": {"type": "LineString", "coordinates": [[-112.03568989130271, 33.44732279685488], [-112.03568989130271, 33.447225355572016], [-112.03547429563451, 33.447225355572016], [-112.03547429563451, 33.447232851059205], [-112.03568090814987, 33.447232851059205], [-112.03568090814987, 33.44731530137547], [-112.03567192499703, 33.44731530137547], [-112.03567192499703, 33.44732279685488], [-112.03568989130271, 33.44732279685488]]}, "properties": {"confidence": "high"}}, {"type": "Feature", "geometry": {"type": "LineString", "coordinates": [[-112.03648939190558, 33.44726283300145], [-112.03648939190558, 33.447225355572016], [-112.03647142559988, 33.447225355572016], [-112.03647142559988, 33.447232851059205], [-112.03648040875272, 33.447232851059205], [-112.03648040875272, 33.44726283300145], [-112.03648939190558, 33.44726283300145]]}, "properties": {"confidence": "high"}}, {"type": "Feature", "geometry": {"type": "LineString", "coordinates": [[-112.0371271957573, 33.44724784203163], [-112.0371271957573, 33.447225355572016], [-112.03711821260445, 33.447225355572016], [-112.03711821260445, 33.44724784203163], [-112.0371271957573, 33.44724784203163]]}, "properties": {"confidence": "high"}}, {"type": "Feature", "geometry": {"type": "LineString", "coordinates": [[-112.03821415725108, 33.44724784203163], [-112.03821415725108, 33.44724034654573], [-112.03826805616812, 33.44724034654573], [-112.03826805616812, 33.447232851059205], [-112.03821415725108, 33.447232851059205], [-112.03821415725108, 33.447225355572016], [-112.03820517409824, 33.447225355572016], [-112.03820517409824, 33.44724784203163], [-112.03821415725108, 33.44724784203163]]}, "properties": {"confidence": "high"}}, {"type": "Feature", "geometry": {"type": "LineString", "coordinates": [[-112.0347736097129, 33.44724034654573], [-112.0347736097129, 33.447232851059205], [-112.03461191296176, 33.447232851059205], [-112.03461191296176, 33.447225355572016], [-112.03460292980893, 33.447225355572016], [-112.03460292980893, 33.44724034654573], [-112.0347736097129, 33.44724034654573]]}, "properties": {"confidence": "high"}}, {"type": "Feature", "geometry": {"type": "LineString", "coordinates": [[-112.0386094159761, 33.447232851059205], [-112.0386094159761, 33.447225355572016], [-112.03860043282326, 33.447225355572016], [-112.03860043282326, 33.447232851059205], [-112.0386094159761, 33.447232851059205]]}, "properties": {"confidence": "high"}}, {"type": "Feature", "geometry": {"type": "LineString", "coordinates": [[-112.03456699719756, 33.447232851059205], [-112.03456699719756, 33.447225355572016], [-112.03452208143335, 33.447225355572016], [-112.03452208143335, 33.447232851059205], [-112.03456699719756, 33.447232851059205]]}, "properties": {"confidence": "high"}}, {"type": "Feature", "geometry": {"type": "LineString", "coordinates": [[-112.04333455437056, 33.447225355572016], [-112.04333455437056, 33.44721786008419], [-112.04332557121772, 33.44721786008419], [-112.04332557121772, 33.447225355572016], [-112.04333455437056, 33.447225355572016]]}, "properties": {"confidence": "high"}}, {"type": "Feature", "geometry": {"type": "LineString", "coordinates": [[-112.04098096832617, 33.447232851059205], [-112.04098096832617, 33.447225355572016], [-112.040989951479, 33.447225355572016], [-112.040989951479, 33.44721786008419], [-112.04096300202049, 33.44721786008419], [-112.04096300202049, 33.447232851059205], [-112.04098096832617, 33.447232851059205]]}, "properties": {"confidence": "high"}}, {"type": "Feature", "geometry": {"type": "LineString", "coordinates": [[-112.03861839912894, 33.447225355572016], [-112.03861839912894, 33.44721786008419], [-112.0386094159761, 33.44721786008419], [-112.0386094159761, 33.447225355572016], [-112.03861839912894, 33.447225355572016]]}, "properties": {"confidence": "high"}}, {"type": "Feature", "geometry": {"type": "LineString", "coordinates": [[-112.03647142559988, 33.447225355572016], [-112.03647142559988, 33.44721786008419], [-112.03646244244705, 33.44721786008419], [-112.03646244244705, 33.447225355572016], [-112.03647142559988, 33.447225355572016]]}, "properties": {"confidence": "high"}}, {"type": "Feature", "geometry": {"type": "LineString", "coordinates": [[-112.03571684076122, 33.447225355572016], [-112.03571684076122, 33.44721786008419], [-112.03568989130271, 33.44721786008419], [-112.03568989130271, 33.447225355572016], [-112.03571684076122, 33.447225355572016]]}, "properties": {"confidence": "high"}}, {"type": "Feature", "geometry": {"type": "LineString", "coordinates": [[-112.03820517409824, 33.447225355572016], [-112.03820517409824, 33.447210364595705], [-112.0381961909454, 33.447210364595705], [-112.0381961909454, 33.447225355572016], [-112.03820517409824, 33.447225355572016]]}, "properties": {"confidence": "high"}}, {"type": "Feature", "geometry": {"type": "LineString", "coordinates": [[-112.04332557121772, 33.44721786008419], [-112.04332557121772, 33.447210364595705], [-112.04331658806488, 33.447210364595705], [-112.04331658806488, 33.44721786008419], [-112.04332557121772, 33.44721786008419]]}, "properties": {"confidence": "high"}}, {"type": "Feature", "geometry": {"type": "LineString", "coordinates": [[-112.04099893463184, 33.44721786008419], [-112.04099893463184, 33.447210364595705], [-112.040989951479, 33.447210364595705], [-112.040989951479, 33.44721786008419], [-112.04099893463184, 33.44721786008419]]}, "properties": {"confidence": "high"}}, {"type": "Feature", "geometry": {"type": "LineString", "coordinates": [[-112.04096300202049, 33.44721786008419], [-112.04096300202049, 33.447210364595705], [-112.04095401886765, 33.447210364595705], [-112.04095401886765, 33.44721786008419], [-112.04096300202049, 33.44721786008419]]}, "properties": {"confidence": "high"}}, {"type": "Feature", "geometry": {"type": "LineString", "coordinates": [[-112.03862738228177, 33.44721786008419], [-112.03862738228177, 33.447210364595705], [-112.03861839912894, 33.447210364595705], [-112.03861839912894, 33.44721786008419], [-112.03862738228177, 33.44721786008419]]}, "properties": {"confidence": "high"}}, {"type": "Feature", "geometry": {"type": "LineString", "coordinates": [[-112.03646244244705, 33.44721786008419], [-112.03646244244705, 33.447210364595705], [-112.03645345929421, 33.447210364595705], [-112.03645345929421, 33.44721786008419], [-112.03646244244705, 33.44721786008419]]}, "properties": {"confidence": "high"}}, {"type": "Feature", "geometry": {"type": "LineString", "coordinates": [[-112.03590548697089, 33.44721786008419], [-112.03590548697089, 33.447210364595705], [-112.03571684076122, 33.447210364595705], [-112.03571684076122, 33.44721786008419], [-112.03590548697089, 33.44721786008419]]}, "properties": {"confidence": "high"}}, {"type": "Feature", "geometry": {"type": "LineString", "coordinates": [[-112.03649837505841, 33.447225355572016], [-112.03649837505841, 33.447202869106576], [-112.03648939190558, 33.447202869106576], [-112.03648939190558, 33.447225355572016], [-112.03649837505841, 33.447225355572016]]}, "properties": {"confidence": "high"}}, {"type": "Feature", "geometry": {"type": "LineString", "coordinates": [[-112.04331658806488, 33.447210364595705], [-112.04331658806488, 33.447202869106576], [-112.04330760491203, 33.447202869106576], [-112.04330760491203, 33.447210364595705], [-112.04331658806488, 33.447210364595705]]}, "properties": {"confidence": "high"}}, {"type": "Feature", "geometry": {"type": "LineString", "coordinates": [[-112.0410079177847, 33.447210364595705], [-112.0410079177847, 33.447202869106576], [-112.04099893463184, 33.447202869106576], [-112.04099893463184, 33.447210364595705], [-112.0410079177847, 33.447210364595705]]}, "properties": {"confidence": "high"}}, {"type": "Feature", "geometry": {"type": "LineString", "coordinates": [[-112.04095401886765, 33.447210364595705], [-112.04095401886765, 33.447202869106576], [-112.0409450357148, 33.447202869106576], [-112.0409450357148, 33.447210364595705], [-112.04095401886765, 33.447210364595705]]}, "properties": {"confidence": "high"}}, {"type": "Feature", "geometry": {"type": "LineString", "coordinates": [[-112.03863636543461, 33.447210364595705], [-112.03863636543461, 33.447202869106576], [-112.03862738228177, 33.447202869106576], [-112.03862738228177, 33.447210364595705], [-112.03863636543461, 33.447210364595705]]}, "properties": {"confidence": "high"}}, {"type": "Feature", "geometry": {"type": "LineString", "coordinates": [[-112.03645345929421, 33.447210364595705], [-112.03645345929421, 33.447202869106576], [-112.03644447614137, 33.447202869106576], [-112.03644447614137, 33.447210364595705], [-112.03645345929421, 33.447210364595705]]}, "properties": {"confidence": "high"}}, {"type": "Feature", "geometry": {"type": "LineString", "coordinates": [[-112.03629176254307, 33.447210364595705], [-112.03629176254307, 33.447202869106576], [-112.03624684677887, 33.447202869106576], [-112.03624684677887, 33.447210364595705], [-112.03629176254307, 33.447210364595705]]}, "properties": {"confidence": "high"}}, {"type": "Feature", "geometry": {"type": "LineString", "coordinates": [[-112.03622888047317, 33.447210364595705], [-112.03622888047317, 33.447202869106576], [-112.03590548697089, 33.447202869106576], [-112.03590548697089, 33.447210364595705], [-112.03622888047317, 33.447210364595705]]}, "properties": {"confidence": "high"}}, {"type": "Feature", "geometry": {"type": "LineString", "coordinates": [[-112.03893280947837, 33.44728531945135], [-112.03893280947837, 33.447210364595705], [-112.0389417926312, 33.447210364595705], [-112.0389417926312, 33.4471953736168], [-112.03893280947837, 33.4471953736168], [-112.03893280947837, 33.447202869106576], [-112.03891484317269, 33.447202869106576], [-112.03891484317269, 33.447210364595705], [-112.03892382632553, 33.447210364595705], [-112.03892382632553, 33.447277823968705], [-112.03891484317269, 33.447277823968705], [-112.03891484317269, 33.44728531945135], [-112.03893280947837, 33.44728531945135]]}, "properties": {"confidence": "high"}}, {"type": "Feature", "geometry": {"type": "LineString", "coordinates": [[-112.04330760491203, 33.447202869106576], [-112.04330760491203, 33.4471953736168], [-112.04329862175919, 33.4471953736168], [-112.04329862175919, 33.447202869106576], [-112.04330760491203, 33.447202869106576]]}, "properties": {"confidence": "high"}}, {"type": "Feature", "geometry": {"type": "LineString", "coordinates": [[-112.04101690093754, 33.447202869106576], [-112.04101690093754, 33.4471953736168], [-112.0410079177847, 33.4471953736168], [-112.0410079177847, 33.447202869106576], [-112.04101690093754, 33.447202869106576]]}, "properties": {"confidence": "high"}}, {"type": "Feature", "geometry": {"type": "LineString", "coordinates": [[-112.0409450357148, 33.447202869106576], [-112.0409450357148, 33.4471953736168], [-112.04093605256196, 33.4471953736168], [-112.04093605256196, 33.447202869106576], [-112.0409450357148, 33.447202869106576]]}, "properties": {"confidence": "high"}}, {"type": "Feature", "geometry": {"type": "LineString", "coordinates": [[-112.03891484317269, 33.447202869106576], [-112.03891484317269, 33.4471953736168], [-112.03888789371416, 33.4471953736168], [-112.03888789371416, 33.447202869106576], [-112.03891484317269, 33.447202869106576]]}, "properties": {"confidence": "high"}}, {"type": "Feature", "geometry": {"type": "LineString", "coordinates": [[-112.03866331489314, 33.447202869106576], [-112.03866331489314, 33.4471953736168], [-112.03863636543461, 33.4471953736168], [-112.03863636543461, 33.447202869106576], [-112.03866331489314, 33.447202869106576]]}, "properties": {"confidence": "high"}}, {"type": "Feature", "geometry": {"type": "LineString", "coordinates": [[-112.03644447614137, 33.447202869106576], [-112.03644447614137, 33.4471953736168], [-112.03643549298852, 33.4471953736168], [-112.03643549298852, 33.447202869106576], [-112.03644447614137, 33.447202869106576]]}, "properties": {"confidence": "high"}}, {"type": "Feature", "geometry": {"type": "LineString", "coordinates": [[-112.0363636277658, 33.447202869106576], [-112.0363636277658, 33.4471953736168], [-112.03629176254307, 33.4471953736168], [-112.03629176254307, 33.447202869106576], [-112.0363636277658, 33.447202869106576]]}, "properties": {"confidence": "high"}}, {"type": "Feature", "geometry": {"type": "LineString", "coordinates": [[-112.03624684677887, 33.447202869106576], [-112.03624684677887, 33.4471953736168], [-112.03622888047317, 33.4471953736168], [-112.03622888047317, 33.447202869106576], [-112.03624684677887, 33.447202869106576]]}, "properties": {"confidence": "high"}}, {"type": "Feature", "geometry": {"type": "LineString", "coordinates": [[-112.0381961909454, 33.447210364595705], [-112.0381961909454, 33.44718787812638], [-112.03818720779256, 33.44718787812638], [-112.03818720779256, 33.447210364595705], [-112.0381961909454, 33.447210364595705]]}, "properties": {"confidence": "high"}}, {"type": "Feature", "geometry": {"type": "LineString", "coordinates": [[-112.04329862175919, 33.4471953736168], [-112.04329862175919, 33.44718787812638], [-112.04328963860635, 33.44718787812638], [-112.04328963860635, 33.4471953736168], [-112.04329862175919, 33.4471953736168]]}, "properties": {"confidence": "high"}}, {"type": "Feature", "geometry": {"type": "LineString", "coordinates": [[-112.04102588409037, 33.4471953736168], [-112.04102588409037, 33.44718787812638], [-112.04101690093754, 33.44718787812638], [-112.04101690093754, 33.4471953736168], [-112.04102588409037, 33.4471953736168]]}, "properties": {"confidence": "high"}}, {"type": "Feature", "geometry": {"type": "LineString", "coordinates": [[-112.04093605256196, 33.4471953736168], [-112.04093605256196, 33.44718787812638], [-112.04092706940912, 33.44718787812638], [-112.04092706940912, 33.4471953736168], [-112.04093605256196, 33.4471953736168]]}, "properties": {"confidence": "high"}}, {"type": "Feature", "geometry": {"type": "LineString", "coordinates": [[-112.0389597589369, 33.4471953736168], [-112.0389597589369, 33.44718787812638], [-112.0389417926312, 33.44718787812638], [-112.0389417926312, 33.4471953736168], [-112.0389597589369, 33.4471953736168]]}, "properties": {"confidence": "high"}}, {"type": "Feature", "geometry": {"type": "LineString", "coordinates": [[-112.03888789371416, 33.4471953736168], [-112.03888789371416, 33.44718787812638], [-112.03866331489314, 33.44718787812638], [-112.03866331489314, 33.4471953736168], [-112.03888789371416, 33.4471953736168]]}, "properties": {"confidence": "high"}}, {"type": "Feature", "geometry": {"type": "LineString", "coordinates": [[-112.03643549298852, 33.4471953736168], [-112.03643549298852, 33.44718787812638], [-112.0363636277658, 33.44718787812638], [-112.0363636277658, 33.4471953736168], [-112.03643549298852, 33.4471953736168]]}, "properties": {"confidence": "high"}}, {"type": "Feature", "geometry": {"type": "LineString", "coordinates": [[-112.0408102884222, 33.44730780589541], [-112.0408102884222, 33.447300310414704], [-112.04076537265799, 33.447300310414704], [-112.04076537265799, 33.44718038263531], [-112.03999282151364, 33.44718038263531], [-112.03999282151364, 33.44718787812638], [-112.04075638950515, 33.44718787812638], [-112.04075638950515, 33.447300310414704], [-112.0407474063523, 33.447300310414704], [-112.0407474063523, 33.44730780589541], [-112.0408102884222, 33.44730780589541]]}, "properties": {"confidence": "high"}}, {"type": "Feature", "geometry": {"type": "LineString", "coordinates": [[-112.03650735821125, 33.447202869106576], [-112.03650735821125, 33.44718038263531], [-112.03649837505841, 33.44718038263531], [-112.03649837505841, 33.447202869106576], [-112.03650735821125, 33.447202869106576]]}, "properties": {"confidence": "high"}}, {"type": "Feature", "geometry": {"type": "LineString", "coordinates": [[-112.04328963860635, 33.44718787812638], [-112.04328963860635, 33.44718038263531], [-112.04328065545351, 33.44718038263531], [-112.04328065545351, 33.44718787812638], [-112.04328963860635, 33.44718787812638]]}, "properties": {"confidence": "high"}}, {"type": "Feature", "geometry": {"type": "LineString", "coordinates": [[-112.04131334498129, 33.447292814933355], [-112.04131334498129, 33.44728531945135], [-112.04130436182845, 33.44728531945135], [-112.04130436182845, 33.44718787812638], [-112.04132232813414, 33.44718787812638], [-112.04132232813414, 33.44718038263531], [-112.04127741236994, 33.44718038263531], [-112.04127741236994, 33.44718787812638], [-112.04129537867561, 33.44718787812638], [-112.04129537867561, 33.447292814933355], [-112.04131334498129, 33.447292814933355]]}, "properties": {"confidence": "high"}}, {"type": "Feature", "geometry": {"type": "LineString", "coordinates": [[-112.04105283354889, 33.44718787812638], [-112.04105283354889, 33.44718038263531], [-112.04102588409037, 33.44718038263531], [-112.04102588409037, 33.44718787812638], [-112.04105283354889, 33.44718787812638]]}, "properties": {"confidence": "high"}}, {"type": "Feature", "geometry": {"type": "LineString", "coordinates": [[-112.04092706940912, 33.44718787812638], [-112.04092706940912, 33.44718038263531], [-112.04090011995059, 33.44718038263531], [-112.04090011995059, 33.44718787812638], [-112.04092706940912, 33.44718787812638]]}, "properties": {"confidence": "high"}}, {"type": "Feature", "geometry": {"type": "LineString", "coordinates": [[-112.03929213559202, 33.44718787812638], [-112.03929213559202, 33.44718038263531], [-112.03904060731247, 33.44718038263531], [-112.03904060731247, 33.44718787812638], [-112.03929213559202, 33.44718787812638]]}, "properties": {"confidence": "high"}}, {"type": "Feature", "geometry": {"type": "LineString", "coordinates": [[-112.03897772524257, 33.44718787812638], [-112.03897772524257, 33.44718038263531], [-112.0389597589369, 33.44718038263531], [-112.0389597589369, 33.44718787812638], [-112.03897772524257, 33.44718787812638]]}, "properties": {"confidence": "high"}}, {"type": "Feature", "geometry": {"type": "LineString", "coordinates": [[-112.03818720779256, 33.44718787812638], [-112.03818720779256, 33.447172887143594], [-112.03817822463971, 33.447172887143594], [-112.03817822463971, 33.44718787812638], [-112.03818720779256, 33.44718787812638]]}, "properties": {"confidence": "high"}}, {"type": "Feature", "geometry": {"type": "LineString", "coordinates": [[-112.04328065545351, 33.44718038263531], [-112.04328065545351, 33.447172887143594], [-112.04267878421315, 33.447172887143594], [-112.04267878421315, 33.44718038263531], [-112.04328065545351, 33.44718038263531]]}, "properties": {"confidence": "high"}}, {"type": "Feature", "geometry": {"type": "LineString", "coordinates": [[-112.04254403692053, 33.44718038263531], [-112.04254403692053, 33.447172887143594], [-112.04247217169781, 33.447172887143594], [-112.04247217169781, 33.44718038263531], [-112.04254403692053, 33.44718038263531]]}, "properties": {"confidence": "high"}}, {"type": "Feature", "geometry": {"type": "LineString", "coordinates": [[-112.04177148577618, 33.44731530137547], [-112.04177148577618, 33.44730780589541], [-112.04154690695516, 33.44730780589541], [-112.04154690695516, 33.44718038263531], [-112.04245420539213, 33.44718038263531], [-112.04245420539213, 33.447172887143594], [-112.04132232813414, 33.447172887143594], [-112.04132232813414, 33.44718038263531], [-112.04153792380232, 33.44718038263531], [-112.04153792380232, 33.44730780589541], [-112.04134029443982, 33.44730780589541], [-112.04134029443982, 33.44731530137547], [-112.04177148577618, 33.44731530137547]]}, "properties": {"confidence": "high"}}, {"type": "Feature", "geometry": {"type": "LineString", "coordinates": [[-112.04127741236994, 33.44718038263531], [-112.04127741236994, 33.447172887143594], [-112.04122351345288, 33.447172887143594], [-112.04122351345288, 33.44718038263531], [-112.04127741236994, 33.44718038263531]]}, "properties": {"confidence": "high"}}, {"type": "Feature", "geometry": {"type": "LineString", "coordinates": [[-112.04121453030004, 33.44718038263531], [-112.04121453030004, 33.447172887143594], [-112.04105283354889, 33.447172887143594], [-112.04105283354889, 33.44718038263531], [-112.04121453030004, 33.44718038263531]]}, "properties": {"confidence": "high"}}, {"type": "Feature", "geometry": {"type": "LineString", "coordinates": [[-112.04090011995059, 33.44718038263531], [-112.04090011995059, 33.447172887143594], [-112.04076537265799, 33.447172887143594], [-112.04076537265799, 33.44718038263531], [-112.04090011995059, 33.44718038263531]]}, "properties": {"confidence": "high"}}, {"type": "Feature", "geometry": {"type": "LineString", "coordinates": [[-112.03999282151364, 33.44718038263531], [-112.03999282151364, 33.447172887143594], [-112.03929213559202, 33.447172887143594], [-112.03929213559202, 33.44718038263531], [-112.03999282151364, 33.44718038263531]]}, "properties": {"confidence": "high"}}, {"type": "Feature", "geometry": {"type": "LineString", "coordinates": [[-112.03904060731247, 33.44718038263531], [-112.03904060731247, 33.447172887143594], [-112.0390046747011, 33.447172887143594], [-112.0390046747011, 33.44716539165123], [-112.03899569154827, 33.44716539165123], [-112.03899569154827, 33.447172887143594], [-112.03897772524257, 33.447172887143594], [-112.03897772524257, 33.44718038263531], [-112.03904060731247, 33.44718038263531]]}, "properties": {"confidence": "high"}}, {"type": "Feature", "geometry": {"type": "LineString", "coordinates": [[-112.04267878421315, 33.447172887143594], [-112.04267878421315, 33.44716539165123], [-112.04254403692053, 33.44716539165123], [-112.04254403692053, 33.447172887143594], [-112.04267878421315, 33.447172887143594]]}, "properties": {"confidence": "high"}}, {"type": "Feature", "geometry": {"type": "LineString", "coordinates": [[-112.04247217169781, 33.447172887143594], [-112.04247217169781, 33.44716539165123], [-112.04245420539213, 33.44716539165123], [-112.04245420539213, 33.447172887143594], [-112.04247217169781, 33.447172887143594]]}, "properties": {"confidence": "high"}}, {"type": "Feature", "geometry": {"type": "LineString", "coordinates": [[-112.03651634136409, 33.44718038263531], [-112.03651634136409, 33.44715789615821], [-112.03650735821125, 33.44715789615821], [-112.03650735821125, 33.44718038263531], [-112.03651634136409, 33.44718038263531]]}, "properties": {"confidence": "high"}}, {"type": "Feature", "geometry": {"type": "LineString", "coordinates": [[-112.03817822463971, 33.447172887143594], [-112.03817822463971, 33.447150400664555], [-112.03816924148687, 33.447150400664555], [-112.03816924148687, 33.447172887143594], [-112.03817822463971, 33.447172887143594]]}, "properties": {"confidence": "high"}}, {"type": "Feature", "geometry": {"type": "LineString", "coordinates": [[-112.04122351345288, 33.447172887143594], [-112.04122351345288, 33.44714290517024], [-112.04121453030004, 33.44714290517024], [-112.04121453030004, 33.447172887143594], [-112.04122351345288, 33.447172887143594]]}, "properties": {"confidence": "high"}}, {"type": "Feature", "geometry": {"type": "LineString", "coordinates": [[-112.03652532451693, 33.44715789615821], [-112.03652532451693, 33.44713540967529], [-112.03651634136409, 33.44713540967529], [-112.03651634136409, 33.44715789615821], [-112.03652532451693, 33.44715789615821]]}, "properties": {"confidence": "high"}}, {"type": "Feature", "geometry": {"type": "LineString", "coordinates": [[-112.03816924148687, 33.447150400664555], [-112.03816924148687, 33.44713540967529], [-112.03816025833403, 33.44713540967529], [-112.03816025833403, 33.447150400664555], [-112.03816924148687, 33.447150400664555]]}, "properties": {"confidence": "high"}}, {"type": "Feature", "geometry": {"type": "LineString", "coordinates": [[-112.03754940394083, 33.447255337516864], [-112.03754940394083, 33.447120418683426], [-112.03754042078799, 33.447120418683426], [-112.03754042078799, 33.447255337516864], [-112.03754940394083, 33.447255337516864]]}, "properties": {"confidence": "high"}}, {"type": "Feature", "geometry": {"type": "LineString", "coordinates": [[-112.03816025833403, 33.44713540967529], [-112.03816025833403, 33.447120418683426], [-112.03815127518119, 33.447120418683426], [-112.03815127518119, 33.44713540967529], [-112.03816025833403, 33.44713540967529]]}, "properties": {"confidence": "high"}}, {"type": "Feature", "geometry": {"type": "LineString", "coordinates": [[-112.03899569154827, 33.44716539165123], [-112.03899569154827, 33.447097932190786], [-112.03898670839543, 33.447097932190786], [-112.03898670839543, 33.44716539165123], [-112.03899569154827, 33.44716539165123]]}, "properties": {"confidence": "high"}}, {"type": "Feature", "geometry": {"type": "LineString", "coordinates": [[-112.03653430766977, 33.44713540967529], [-112.03653430766977, 33.447097932190786], [-112.03652532451693, 33.447097932190786], [-112.03652532451693, 33.44713540967529], [-112.03653430766977, 33.44713540967529]]}, "properties": {"confidence": "high"}}, {"type": "Feature", "geometry": {"type": "LineString", "coordinates": [[-112.03815127518119, 33.447120418683426], [-112.03815127518119, 33.447097932190786], [-112.03814229202835, 33.447097932190786], [-112.03814229202835, 33.447120418683426], [-112.03815127518119, 33.447120418683426]]}, "properties": {"confidence": "high"}}, {"type": "Feature", "geometry": {"type": "LineString", "coordinates": [[-112.03814229202835, 33.447097932190786], [-112.03814229202835, 33.44706795019153], [-112.03813330887552, 33.44706795019153], [-112.03813330887552, 33.447097932190786], [-112.03814229202835, 33.447097932190786]]}, "properties": {"confidence": "high"}}, {"type": "Feature", "geometry": {"type": "LineString", "coordinates": [[-112.03813330887552, 33.44706795019153], [-112.03813330887552, 33.44703796818191], [-112.03812432572266, 33.44703796818191], [-112.03812432572266, 33.44706795019153], [-112.03813330887552, 33.44706795019153]]}, "properties": {"confidence": "high"}}, {"type": "Feature", "geometry": {"type": "LineString", "coordinates": [[-112.0433884532876, 33.44732279685488], [-112.0433884532876, 33.44724034654573], [-112.04340641959328, 33.44724034654573], [-112.04340641959328, 33.447232851059205], [-112.04339743644044, 33.447232851059205], [-112.04339743644044, 33.44703047267789], [-112.0433884532876, 33.44703047267789], [-112.0433884532876, 33.447232851059205], [-112.0433435375234, 33.447232851059205], [-112.0433435375234, 33.447225355572016], [-112.04333455437056, 33.447225355572016], [-112.04333455437056, 33.44724034654573], [-112.04337947013477, 33.44724034654573], [-112.04337947013477, 33.44732279685488], [-112.0433884532876, 33.44732279685488]]}, "properties": {"confidence": "high"}}, {"type": "Feature", "geometry": {"type": "LineString", "coordinates": [[-112.03654329082262, 33.447097932190786], [-112.03654329082262, 33.44701548166788], [-112.03653430766977, 33.44701548166788], [-112.03653430766977, 33.447097932190786], [-112.03654329082262, 33.447097932190786]]}, "properties": {"confidence": "high"}}, {"type": "Feature", "geometry": {"type": "LineString", "coordinates": [[-112.03711821260445, 33.447225355572016], [-112.03711821260445, 33.446978004131566], [-112.03710922945162, 33.446978004131566], [-112.03710922945162, 33.447225355572016], [-112.03711821260445, 33.447225355572016]]}, "properties": {"confidence": "high"}}, {"type": "Feature", "geometry": {"type": "LineString", "coordinates": [[-112.03812432572266, 33.44703796818191], [-112.03812432572266, 33.446978004131566], [-112.03811534256982, 33.446978004131566], [-112.03811534256982, 33.44703796818191], [-112.03812432572266, 33.44703796818191]]}, "properties": {"confidence": "high"}}, {"type": "Feature", "geometry": {"type": "LineString", "coordinates": [[-112.03754042078799, 33.447120418683426], [-112.03754042078799, 33.44696301311251], [-112.03753143763515, 33.44696301311251], [-112.03753143763515, 33.447120418683426], [-112.03754042078799, 33.447120418683426]]}, "properties": {"confidence": "high"}}, {"type": "Feature", "geometry": {"type": "LineString", "coordinates": [[-112.0371271957573, 33.446978004131566], [-112.0371271957573, 33.44685058038697], [-112.03711821260445, 33.44685058038697], [-112.03711821260445, 33.446978004131566], [-112.0371271957573, 33.446978004131566]]}, "properties": {"confidence": "high"}}, {"type": "Feature", "geometry": {"type": "LineString", "coordinates": [[-112.04123249660572, 33.44714290517024], [-112.04123249660572, 33.446775625155645], [-112.04122351345288, 33.446775625155645], [-112.04122351345288, 33.44714290517024], [-112.04123249660572, 33.44714290517024]]}, "properties": {"confidence": "high"}}, {"type": "Feature", "geometry": {"type": "LineString", "coordinates": [[-112.03898670839543, 33.447097932190786], [-112.03898670839543, 33.44670066985955], [-112.03897772524257, 33.44670066985955], [-112.03897772524257, 33.447097932190786], [-112.03898670839543, 33.447097932190786]]}, "properties": {"confidence": "high"}}, {"type": "Feature", "geometry": {"type": "LineString", "coordinates": [[-112.03711821260445, 33.44685058038697], [-112.03711821260445, 33.44669317432638], [-112.03710922945162, 33.44669317432638], [-112.03710922945162, 33.44685058038697], [-112.03711821260445, 33.44685058038697]]}, "properties": {"confidence": "high"}}, {"type": "Feature", "geometry": {"type": "LineString", "coordinates": [[-112.03655227397546, 33.44701548166788], [-112.03655227397546, 33.44667818325809], [-112.03654329082262, 33.44667818325809], [-112.03654329082262, 33.44701548166788], [-112.03655227397546, 33.44701548166788]]}, "properties": {"confidence": "high"}}, {"type": "Feature", "geometry": {"type": "LineString", "coordinates": [[-112.03710922945162, 33.44669317432638], [-112.03710922945162, 33.44667068772297], [-112.03710024629876, 33.44667068772297], [-112.03710024629876, 33.44669317432638], [-112.03710922945162, 33.44669317432638]]}, "properties": {"confidence": "high"}}, {"type": "Feature", "geometry": {"type": "LineString", "coordinates": [[-112.03710024629876, 33.44667068772297], [-112.03710024629876, 33.44666319218721], [-112.03709126314592, 33.44666319218721], [-112.03709126314592, 33.44667068772297], [-112.03710024629876, 33.44667068772297]]}, "properties": {"confidence": "high"}}, {"type": "Feature", "geometry": {"type": "LineString", "coordinates": [[-112.03899569154827, 33.44670066985955], [-112.03899569154827, 33.446648201113746], [-112.03898670839543, 33.446648201113746], [-112.03898670839543, 33.44670066985955], [-112.03899569154827, 33.44670066985955]]}, "properties": {"confidence": "high"}}, {"type": "Feature", "geometry": {"type": "LineString", "coordinates": [[-112.0433884532876, 33.44703047267789], [-112.0433884532876, 33.44658074125106], [-112.04337947013477, 33.44658074125106], [-112.04337947013477, 33.44703047267789], [-112.0433884532876, 33.44703047267789]]}, "properties": {"confidence": "high"}}, {"type": "Feature", "geometry": {"type": "LineString", "coordinates": [[-112.04122351345288, 33.446775625155645], [-112.04122351345288, 33.44648329913458], [-112.04121453030004, 33.44648329913458], [-112.04121453030004, 33.446775625155645], [-112.04122351345288, 33.446775625155645]]}, "properties": {"confidence": "high"}}, {"type": "Feature", "geometry": {"type": "LineString", "coordinates": [[-112.03753143763515, 33.44696301311251], [-112.03753143763515, 33.44638585690862], [-112.03752245448231, 33.44638585690862], [-112.03752245448231, 33.44696301311251], [-112.03753143763515, 33.44696301311251]]}, "properties": {"confidence": "high"}}, {"type": "Feature", "geometry": {"type": "LineString", "coordinates": [[-112.0365612571283, 33.44667818325809], [-112.0365612571283, 33.44637836134825], [-112.03655227397546, 33.44637836134825], [-112.03655227397546, 33.44667818325809], [-112.0365612571283, 33.44667818325809]]}, "properties": {"confidence": "high"}}, {"type": "Feature", "geometry": {"type": "LineString", "coordinates": [[-112.03811534256982, 33.446978004131566], [-112.03811534256982, 33.44634088353665], [-112.03810635941699, 33.44634088353665], [-112.03810635941699, 33.446978004131566], [-112.03811534256982, 33.446978004131566]]}, "properties": {"confidence": "high"}}, {"type": "Feature", "geometry": {"type": "LineString", "coordinates": [[-112.03898670839543, 33.446648201113746], [-112.03898670839543, 33.44632589240748], [-112.03897772524257, 33.44632589240748], [-112.03897772524257, 33.446648201113746], [-112.03898670839543, 33.446648201113746]]}, "properties": {"confidence": "high"}}, {"type": "Feature", "geometry": {"type": "LineString", "coordinates": [[-112.03878907903291, 33.44632589240748], [-112.03878907903291, 33.44631839684192], [-112.03836687084937, 33.44631839684192], [-112.03836687084937, 33.44632589240748], [-112.03878907903291, 33.44632589240748]]}, "properties": {"confidence": "high"}}, {"type": "Feature", "geometry": {"type": "LineString", "coordinates": [[-112.03754042078799, 33.44638585690862], [-112.03754042078799, 33.44630340570886], [-112.03753143763515, 33.44630340570886], [-112.03753143763515, 33.44638585690862], [-112.03754042078799, 33.44638585690862]]}, "properties": {"confidence": "high"}}, {"type": "Feature", "geometry": {"type": "LineString", "coordinates": [[-112.03897772524257, 33.44632589240748], [-112.03897772524257, 33.44630340570886], [-112.03896874208974, 33.44630340570886], [-112.03896874208974, 33.446310901275716], [-112.03878907903291, 33.446310901275716], [-112.03878907903291, 33.44631839684192], [-112.03896874208974, 33.44631839684192], [-112.03896874208974, 33.44632589240748], [-112.03897772524257, 33.44632589240748]]}, "properties": {"confidence": "high"}}, {"type": "Feature", "geometry": {"type": "LineString", "coordinates": [[-112.03460292980893, 33.447225355572016], [-112.03460292980893, 33.44624344115072], [-112.03459394665609, 33.44624344115072], [-112.03459394665609, 33.44721786008419], [-112.03456699719756, 33.44721786008419], [-112.03456699719756, 33.447225355572016], [-112.03460292980893, 33.447225355572016]]}, "properties": {"confidence": "high"}}, {"type": "Feature", "geometry": {"type": "LineString", "coordinates": [[-112.03709126314592, 33.44666319218721], [-112.03709126314592, 33.4462284500047], [-112.03708227999309, 33.4462284500047], [-112.03708227999309, 33.44666319218721], [-112.03709126314592, 33.44666319218721]]}, "properties": {"confidence": "high"}}, {"type": "Feature", "geometry": {"type": "LineString", "coordinates": [[-112.03812432572266, 33.44634088353665], [-112.03812432572266, 33.446310901275716], [-112.03813330887552, 33.446310901275716], [-112.03813330887552, 33.44630340570886], [-112.03812432572266, 33.44630340570886], [-112.03812432572266, 33.44620596328083], [-112.03811534256982, 33.44620596328083], [-112.03811534256982, 33.44634088353665], [-112.03812432572266, 33.44634088353665]]}, "properties": {"confidence": "high"}}, {"type": "Feature", "geometry": {"type": "LineString", "coordinates": [[-112.03898670839543, 33.44630340570886], [-112.03898670839543, 33.44618347655112], [-112.03897772524257, 33.44618347655112], [-112.03897772524257, 33.44630340570886], [-112.03898670839543, 33.44630340570886]]}, "properties": {"confidence": "high"}}, {"type": "Feature", "geometry": {"type": "LineString", "coordinates": [[-112.04339743644044, 33.44658074125106], [-112.04339743644044, 33.44617598097325], [-112.0433884532876, 33.44617598097325], [-112.0433884532876, 33.44658074125106], [-112.04339743644044, 33.44658074125106]]}, "properties": {"confidence": "high"}}, {"type": "Feature", "geometry": {"type": "LineString", "coordinates": [[-112.04316387446659, 33.44617598097325], [-112.04316387446659, 33.44616848539474], [-112.0428853967285, 33.44616848539474], [-112.0428853967285, 33.44617598097325], [-112.04316387446659, 33.44617598097325]]}, "properties": {"confidence": "high"}}, {"type": "Feature", "geometry": {"type": "LineString", "coordinates": [[-112.04272369997736, 33.44617598097325], [-112.04272369997736, 33.44616848539474], [-112.04240030647509, 33.44616848539474], [-112.04240030647509, 33.44617598097325], [-112.04272369997736, 33.44617598097325]]}, "properties": {"confidence": "high"}}, {"type": "Feature", "geometry": {"type": "LineString", "coordinates": [[-112.0433884532876, 33.44617598097325], [-112.0433884532876, 33.446160989815574], [-112.04316387446659, 33.446160989815574], [-112.04316387446659, 33.44616848539474], [-112.04337947013477, 33.44616848539474], [-112.04337947013477, 33.44617598097325], [-112.0433884532876, 33.44617598097325]]}, "properties": {"confidence": "high"}}, {"type": "Feature", "geometry": {"type": "LineString", "coordinates": [[-112.04193318252734, 33.44617598097325], [-112.04193318252734, 33.44616848539474], [-112.04167267109494, 33.44616848539474], [-112.04167267109494, 33.446160989815574], [-112.04166368794209, 33.446160989815574], [-112.04166368794209, 33.44616848539474], [-112.04125944606425, 33.44616848539474], [-112.04125944606425, 33.44617598097325], [-112.04193318252734, 33.44617598097325]]}, "properties": {"confidence": "high"}}, {"type": "Feature", "geometry": {"type": "LineString", "coordinates": [[-112.03899569154827, 33.44618347655112], [-112.03899569154827, 33.44617598097325], [-112.04115164823014, 33.44617598097325], [-112.04115164823014, 33.44616848539474], [-112.03899569154827, 33.44616848539474], [-112.03899569154827, 33.446160989815574], [-112.03898670839543, 33.446160989815574], [-112.03898670839543, 33.44618347655112], [-112.03899569154827, 33.44618347655112]]}, "properties": {"confidence": "high"}}, {"type": "Feature", "geometry": {"type": "LineString", "coordinates": [[-112.0428853967285, 33.44616848539474], [-112.0428853967285, 33.446160989815574], [-112.04286743042282, 33.446160989815574], [-112.04286743042282, 33.44616848539474], [-112.0428853967285, 33.44616848539474]]}, "properties": {"confidence": "high"}}, {"type": "Feature", "geometry": {"type": "LineString", "coordinates": [[-112.04274166628304, 33.44616848539474], [-112.04274166628304, 33.446160989815574], [-112.04272369997736, 33.446160989815574], [-112.04272369997736, 33.44616848539474], [-112.04274166628304, 33.44616848539474]]}, "properties": {"confidence": "high"}}, {"type": "Feature", "geometry": {"type": "LineString", "coordinates": [[-112.04240030647509, 33.44616848539474], [-112.04240030647509, 33.446160989815574], [-112.04238234016938, 33.446160989815574], [-112.04238234016938, 33.44616848539474], [-112.04240030647509, 33.44616848539474]]}, "properties": {"confidence": "high"}}, {"type": "Feature", "geometry": {"type": "LineString", "coordinates": [[-112.04195114883302, 33.44616848539474], [-112.04195114883302, 33.446160989815574], [-112.04193318252734, 33.446160989815574], [-112.04193318252734, 33.44616848539474], [-112.04195114883302, 33.44616848539474]]}, "properties": {"confidence": "high"}}, {"type": "Feature", "geometry": {"type": "LineString", "coordinates": [[-112.04123249660572, 33.44648329913458], [-112.04123249660572, 33.44616848539474], [-112.04125944606425, 33.44616848539474], [-112.04125944606425, 33.446160989815574], [-112.04121453030004, 33.446160989815574], [-112.04121453030004, 33.44616848539474], [-112.04122351345288, 33.44616848539474], [-112.04122351345288, 33.44648329913458], [-112.04123249660572, 33.44648329913458]]}, "properties": {"confidence": "high"}}, {"type": "Feature", "geometry": {"type": "LineString", "coordinates": [[-112.04116961453583, 33.44616848539474], [-112.04116961453583, 33.446160989815574], [-112.04115164823014, 33.446160989815574], [-112.04115164823014, 33.44616848539474], [-112.04116961453583, 33.44616848539474]]}, "properties": {"confidence": "high"}}, {"type": "Feature", "geometry": {"type": "LineString", "coordinates": [[-112.04286743042282, 33.446160989815574], [-112.04286743042282, 33.446153494235766], [-112.04274166628304, 33.446153494235766], [-112.04274166628304, 33.446160989815574], [-112.04286743042282, 33.446160989815574]]}, "properties": {"confidence": "high"}}, {"type": "Feature", "geometry": {"type": "LineString", "coordinates": [[-112.04238234016938, 33.446160989815574], [-112.04238234016938, 33.446153494235766], [-112.04195114883302, 33.446153494235766], [-112.04195114883302, 33.446160989815574], [-112.04238234016938, 33.446160989815574]]}, "properties": {"confidence": "high"}}, {"type": "Feature", "geometry": {"type": "LineString", "coordinates": [[-112.04121453030004, 33.446160989815574], [-112.04121453030004, 33.446153494235766], [-112.04116961453583, 33.446153494235766], [-112.04116961453583, 33.446160989815574], [-112.04121453030004, 33.446160989815574]]}, "properties": {"confidence": "high"}}, {"type": "Feature", "geometry": {"type": "LineString", "coordinates": [[-112.03657024028114, 33.44637836134825], [-112.03657024028114, 33.446160989815574], [-112.03657922343398, 33.446160989815574], [-112.03657922343398, 33.446153494235766], [-112.0365612571283, 33.446153494235766], [-112.0365612571283, 33.44637836134825], [-112.03657024028114, 33.44637836134825]]}, "properties": {"confidence": "high"}}, {"type": "Feature", "geometry": {"type": "LineString", "coordinates": [[-112.0365612571283, 33.446153494235766], [-112.0365612571283, 33.44614599865531], [-112.03655227397546, 33.44614599865531], [-112.03655227397546, 33.446153494235766], [-112.0365612571283, 33.446153494235766]]}, "properties": {"confidence": "high"}}, {"type": "Feature", "geometry": {"type": "LineString", "coordinates": [[-112.03655227397546, 33.44614599865531], [-112.03655227397546, 33.44613850307421], [-112.03654329082262, 33.44613850307421], [-112.03654329082262, 33.44614599865531], [-112.03655227397546, 33.44614599865531]]}, "properties": {"confidence": "high"}}, {"type": "Feature", "geometry": {"type": "LineString", "coordinates": [[-112.03654329082262, 33.44613850307421], [-112.03654329082262, 33.44613100749246], [-112.03653430766977, 33.44613100749246], [-112.03653430766977, 33.44613850307421], [-112.03654329082262, 33.44613850307421]]}, "properties": {"confidence": "high"}}, {"type": "Feature", "geometry": {"type": "LineString", "coordinates": [[-112.03653430766977, 33.44613100749246], [-112.03653430766977, 33.44612351191006], [-112.03652532451693, 33.44612351191006], [-112.03652532451693, 33.44613100749246], [-112.03653430766977, 33.44613100749246]]}, "properties": {"confidence": "high"}}, {"type": "Feature", "geometry": {"type": "LineString", "coordinates": [[-112.03652532451693, 33.44612351191006], [-112.03652532451693, 33.44611601632702], [-112.03651634136409, 33.44611601632702], [-112.03651634136409, 33.44612351191006], [-112.03652532451693, 33.44612351191006]]}, "properties": {"confidence": "high"}}, {"type": "Feature", "geometry": {"type": "LineString", "coordinates": [[-112.03651634136409, 33.44611601632702], [-112.03651634136409, 33.44610852074332], [-112.03650735821125, 33.44610852074332], [-112.03650735821125, 33.44611601632702], [-112.03651634136409, 33.44611601632702]]}, "properties": {"confidence": "high"}}, {"type": "Feature", "geometry": {"type": "LineString", "coordinates": [[-112.03650735821125, 33.44610852074332], [-112.03650735821125, 33.44610102515898], [-112.03649837505841, 33.44610102515898], [-112.03649837505841, 33.44610852074332], [-112.03650735821125, 33.44610852074332]]}, "properties": {"confidence": "high"}}, {"type": "Feature", "geometry": {"type": "LineString", "coordinates": [[-112.03649837505841, 33.44610102515898], [-112.03649837505841, 33.44609352957399], [-112.03648939190558, 33.44609352957399], [-112.03648939190558, 33.44610102515898], [-112.03649837505841, 33.44610102515898]]}, "properties": {"confidence": "high"}}, {"type": "Feature", "geometry": {"type": "LineString", "coordinates": [[-112.03648939190558, 33.44609352957399], [-112.03648939190558, 33.44608603398836], [-112.03648040875272, 33.44608603398836], [-112.03648040875272, 33.44609352957399], [-112.03648939190558, 33.44609352957399]]}, "properties": {"confidence": "high"}}]}